grad_step,env_steps,window_len,penalty_len,n_windows,unique_eps,critic,sv_01,sv_02,sv_03,sv_04,sv_05,sv_06,sv_07,sv_08,sv_09,sv_10,sv_11,sv_12,sv_13,sv_14,sv_15,sv_16,sv_17,pen_sv_01,pen_sv_02,pen_sv_03
0,10048,17,3,251,10,0,8.514538764953613,4.509583950042725,4.38642692565918,4.275768280029297,4.046211242675781,3.956099510192871,3.9188549518585205,3.8404552936553955,3.700396776199341,3.533254623413086,3.448671579360962,3.4070472717285156,3.2422046661376953,3.103423833847046,2.966888427734375,2.542130708694458,2.33335280418396,4.335708141326904,3.930556535720825,3.6003878116607666
0,10048,17,3,251,10,1,12.224997520446777,4.137818336486816,4.0747575759887695,3.748991012573242,3.649998188018799,3.4905998706817627,3.417133331298828,3.4016780853271484,3.336118459701538,3.1902623176574707,3.1296660900115967,3.003678560256958,2.828233242034912,2.7480268478393555,2.671863555908203,2.547605514526367,2.361015558242798,6.008124351501465,3.6097147464752197,3.1067323684692383
5000,15040,17,3,249,16,0,2158.928955078125,79.39120483398438,50.4568977355957,34.263893127441406,28.94759178161621,25.743562698364258,22.15622901916504,20.399585723876953,16.724151611328125,14.82673454284668,14.229144096374512,13.17192554473877,11.96467399597168,11.766982078552246,10.641422271728516,9.647185325622559,9.227944374084473,907.769287109375,20.565000534057617,13.341862678527832
5000,15040,17,3,249,16,1,2164.589111328125,77.51384735107422,51.133113861083984,33.77692794799805,29.710956573486328,25.664173126220703,21.95602035522461,20.83067512512207,17.866785049438477,16.08519744873047,13.43474292755127,13.255987167358398,12.672538757324219,12.344635009765625,10.737656593322754,10.319300651550293,9.50079345703125,909.5350341796875,20.370059967041016,14.797345161437988
10000,20032,17,3,250,21,0,1955.041748046875,77.9089126586914,49.63587188720703,32.86566162109375,26.25505828857422,24.90007209777832,21.478837966918945,16.713743209838867,15.274469375610352,14.373781204223633,13.356632232666016,11.963982582092285,11.292052268981934,10.659811019897461,10.410727500915527,9.420413970947266,8.98487377166748,819.2640380859375,19.746034622192383,11.906499862670898
10000,20032,17,3,250,21,1,1952.673095703125,77.4398193359375,50.021358489990234,32.61891555786133,26.389144897460938,25.421812057495117,21.975353240966797,17.01801872253418,15.88630485534668,14.80690860748291,12.883161544799805,12.58039379119873,11.82286548614502,11.522771835327148,10.762414932250977,10.69762134552002,9.44814682006836,818.80419921875,20.0958194732666,12.228812217712402
15000,25024,17,3,247,25,0,1544.58935546875,85.59244537353516,52.50843811035156,34.87749481201172,27.21976089477539,24.55533790588379,18.111892700195312,15.388664245605469,13.029497146606445,11.079885482788086,10.744407653808594,9.697137832641602,7.664797782897949,7.486515522003174,7.382126808166504,6.632594108581543,5.969298839569092,638.7326049804688,20.577009201049805,9.169194221496582
15000,25024,17,3,247,25,1,1547.13330078125,84.88618469238281,54.075008392333984,35.26226043701172,27.028608322143555,23.929716110229492,17.597898483276367,15.482619285583496,12.959610939025879,11.338349342346191,10.435552597045898,9.70264720916748,7.963088035583496,7.60599422454834,7.179047107696533,6.788309097290039,6.385058879852295,640.0485229492188,19.816381454467773,8.774935722351074
20000,30016,17,3,251,30,0,1472.538330078125,118.66763305664062,61.2392578125,40.23759841918945,29.429248809814453,25.313135147094727,21.316402435302734,17.481433868408203,15.896478652954102,13.680054664611816,12.576751708984375,11.632018089294434,10.947453498840332,10.120615005493164,9.336302757263184,8.908590316772461,8.696955680847168,618.5316772460938,22.793201446533203,11.588329315185547
20000,30016,17,3,251,30,1,1479.094970703125,120.43795013427734,60.961917877197266,40.597599029541016,29.515933990478516,25.813676834106445,21.310171127319336,19.04067039489746,15.439765930175781,13.556610107421875,11.975107192993164,11.047616958618164,9.990354537963867,9.421189308166504,9.072240829467773,8.321274757385254,8.055717468261719,622.133056640625,22.711349487304688,10.818869590759277
25000,35008,17,3,248,35,0,2615.177734375,202.0402374267578,89.92155456542969,57.481815338134766,42.239013671875,29.688934326171875,27.802162170410156,25.154550552368164,23.90560531616211,19.841224670410156,18.04944610595703,16.445388793945312,15.735379219055176,14.176308631896973,13.75393009185791,13.290578842163086,11.891539573669434,1087.6019287109375,29.115812301635742,18.96870231628418
25000,35008,17,3,248,35,1,2618.8984375,202.768310546875,89.39336395263672,56.56058120727539,40.249725341796875,30.140409469604492,27.27006721496582,24.82156753540039,23.481685638427734,20.269954681396484,17.320205688476562,16.292448043823242,15.76319408416748,14.220407485961914,12.765209197998047,12.69454574584961,12.426764488220215,1089.5623779296875,27.183046340942383,18.079898834228516
30000,40000,17,3,250,39,0,4021.147705078125,232.4075927734375,99.86939239501953,58.5483283996582,47.50803756713867,39.20460891723633,32.77126693725586,29.40650177001953,25.688732147216797,21.8572940826416,18.615943908691406,17.698665618896484,17.194610595703125,16.03940200805664,15.007306098937988,13.993825912475586,13.407865524291992,1700.5126953125,33.61067199707031,18.01142120361328
30000,40000,17,3,250,39,1,4022.6357421875,233.0751190185547,98.44837188720703,59.30128860473633,49.07692337036133,39.045475006103516,33.37150573730469,30.766143798828125,28.02347755432129,23.67365837097168,19.839345932006836,19.295618057250977,17.99355697631836,16.417991638183594,14.481095314025879,14.294235229492188,13.77692699432373,1703.654541015625,34.4773063659668,19.453115463256836
35000,44992,17,3,253,44,0,5745.150390625,254.56729125976562,113.92756652832031,74.7071762084961,50.770233154296875,45.799407958984375,40.5319709777832,35.3959846496582,30.970380783081055,29.00311851501465,22.874509811401367,21.76431655883789,20.957902908325195,19.968730926513672,18.753124237060547,17.68718910217285,17.200830459594727,2427.63818359375,39.84295654296875,22.458452224731445
35000,44992,17,3,253,44,1,5743.34912109375,253.80372619628906,114.0813217163086,72.14517974853516,52.90877151489258,45.60609436035156,39.0809440612793,34.175941467285156,29.18686294555664,25.13909149169922,23.230581283569336,22.740684509277344,22.097204208374023,19.267532348632812,18.045486450195312,17.372112274169922,16.21351432800293,2426.720458984375,40.54575729370117,20.111835479736328
40000,50048,17,3,254,50,0,6734.01416015625,246.98927307128906,104.33448028564453,82.21895599365234,59.924442291259766,51.33768081665039,44.203121185302734,37.86774444580078,32.96179962158203,31.431657791137695,24.39219856262207,22.55376625061035,22.271442413330078,21.00382423400879,20.1109561920166,18.601484298706055,17.91300392150879,2839.91064453125,49.838069915771484,22.560224533081055
40000,50048,17,3,254,50,1,6731.5185546875,241.73428344726562,105.0235366821289,81.26697540283203,60.063926696777344,46.95710372924805,40.857452392578125,33.66120147705078,30.281307220458984,26.049774169921875,23.85749053955078,22.295387268066406,21.790729522705078,20.565155029296875,20.021350860595703,18.494426727294922,17.746484756469727,2837.317138671875,47.69176483154297,24.086584091186523
45000,55040,17,3,252,55,0,7809.890625,292.5599365234375,125.21105194091797,85.28095245361328,70.85025024414062,56.619712829589844,42.08739471435547,39.48660659790039,36.590240478515625,32.2100830078125,30.205543518066406,26.693613052368164,25.768888473510742,24.075605392456055,22.565536499023438,20.153257369995117,19.316482543945312,3278.759521484375,52.76797103881836,28.89675521850586
45000,55040,17,3,252,55,1,7820.17431640625,292.9846496582031,126.90857696533203,85.80902099609375,70.0315933227539,57.319976806640625,39.71308135986328,37.69466781616211,35.0988883972168,31.02207374572754,29.65532684326172,26.418716430664062,25.7425594329834,22.252342224121094,21.529369354248047,21.19243621826172,20.127586364746094,3282.51904296875,51.025428771972656,25.529403686523438
50000,60032,17,3,256,59,0,8956.8671875,256.9786376953125,129.39675903320312,78.13407897949219,65.75814819335938,51.92300796508789,41.872310638427734,38.60704803466797,37.75018310546875,31.690122604370117,27.592557907104492,27.164506912231445,26.02172088623047,23.092679977416992,22.484983444213867,20.749897003173828,18.544858932495117,3768.158203125,64.28023529052734,26.890729904174805
50000,60032,17,3,256,59,1,8954.794921875,256.92724609375,129.1237030029297,75.23556518554688,68.07430267333984,52.14879608154297,41.78941345214844,41.100914001464844,37.291412353515625,29.690826416015625,26.394380569458008,25.158174514770508,24.379657745361328,21.650741577148438,21.348819732666016,19.25432586669922,19.20465660095215,3767.463623046875,66.31106567382812,25.68718147277832
55000,65024,17,3,248,65,0,9971.99609375,254.9326934814453,146.37435913085938,82.54652404785156,60.96054458618164,47.508392333984375,43.11337661743164,38.53878402709961,33.062618255615234,29.662662506103516,26.38013458251953,25.11600685119629,24.355649948120117,23.173402786254883,21.560388565063477,20.3190860748291,17.577024459838867,4202.00830078125,44.11018371582031,26.03449058532715
55000,65024,17,3,248,65,1,9978.8388671875,256.75518798828125,145.0489501953125,83.32931518554688,63.344757080078125,46.59281539916992,42.420379638671875,35.32246780395508,34.66119384765625,29.550352096557617,28.95039176940918,26.744386672973633,24.4150390625,24.023958206176758,22.936174392700195,21.27479362487793,19.81311798095703,4205.74560546875,42.88047790527344,28.58839225769043
60000,70016,17,3,252,68,0,10768.3369140625,287.2291564941406,138.3179168701172,83.66997528076172,65.82498931884766,55.38208770751953,48.81800842285156,42.787750244140625,40.61381912231445,36.542564392089844,32.954376220703125,27.495189666748047,26.49905014038086,23.864290237426758,22.665437698364258,21.729406356811523,20.909404754638672,4523.18701171875,48.2458381652832,28.79303550720215
60000,70016,17,3,252,68,1,10776.8056640625,290.1236572265625,137.08706665039062,83.71589660644531,67.77413940429688,57.27305603027344,45.83726119995117,41.388641357421875,39.50489807128906,34.74912643432617,28.949323654174805,26.771181106567383,25.595809936523438,24.135704040527344,22.195295333862305,21.98627471923828,21.35283660888672,4525.1611328125,50.02787399291992,25.342802047729492
65000,75008,17,3,254,74,0,11705.283203125,271.78460693359375,113.61708068847656,84.93135833740234,60.04350280761719,56.318946838378906,44.41727066040039,41.879390716552734,38.42749786376953,32.36284637451172,29.72991371154785,27.99772834777832,25.608287811279297,24.60482406616211,23.021770477294922,21.036527633666992,19.085500717163086,4927.74072265625,45.529014587402344,26.6508731842041
65000,75008,17,3,254,74,1,11718.0078125,272.2584533691406,112.43864440917969,85.56011962890625,61.75130844116211,54.707664489746094,46.49396514892578,44.96552658081055,40.731571197509766,33.68495559692383,30.656810760498047,29.136310577392578,27.977418899536133,23.5903377532959,21.90613555908203,20.526180267333984,19.516727447509766,4933.2412109375,48.3223991394043,26.367334365844727
70000,80000,17,3,255,76,0,12970.4130859375,313.11004638671875,137.75682067871094,93.28423309326172,61.49764633178711,54.34151840209961,50.79650115966797,41.68675231933594,36.69261932373047,33.60383605957031,28.245792388916016,27.62569808959961,25.216976165771484,23.984935760498047,22.271909713745117,21.410982131958008,18.265262603759766,5453.55224609375,52.04190444946289,31.962730407714844
70000,80000,17,3,255,76,1,12956.814453125,317.38018798828125,131.38108825683594,94.19288635253906,62.88101577758789,53.59141159057617,47.73835754394531,40.42201232910156,31.96025848388672,31.06907844543457,27.964176177978516,26.32464027404785,24.3162841796875,22.437519073486328,21.55634880065918,20.47010612487793,18.236413955688477,5447.279296875,51.65898513793945,29.00612449645996
75000,84992,17,3,255,84,0,12842.40234375,324.55389404296875,134.1211700439453,69.6910171508789,63.204750061035156,52.45009994506836,42.475494384765625,41.496517181396484,40.59248733520508,34.397823333740234,29.723590850830078,26.71966552734375,25.100181579589844,22.991012573242188,22.561555862426758,20.521883010864258,19.427730560302734,5398.265625,49.0697135925293,29.099201202392578
75000,84992,17,3,255,84,1,12862.2021484375,326.8340759277344,132.7471466064453,69.79666900634766,62.76278305053711,50.692317962646484,42.424095153808594,40.69572067260742,38.853111267089844,35.74934387207031,29.597383499145508,26.31627082824707,24.16488265991211,23.83104705810547,22.631118774414062,20.272123336791992,19.382814407348633,5408.21337890625,48.15043640136719,31.06379508972168
80000,90048,17,3,250,81,0,13377.681640625,300.9095764160156,139.2983856201172,109.3915023803711,58.92344284057617,51.359596252441406,41.12946319580078,39.02592849731445,34.34181594848633,32.99496078491211,28.909683227539062,26.722522735595703,25.343063354492188,23.595239639282227,21.97879981994629,20.732059478759766,18.755027770996094,5615.9921875,43.17423629760742,26.013885498046875
80000,90048,17,3,250,81,1,13377.83203125,299.3365173339844,136.4413604736328,105.78450012207031,60.277687072753906,51.400421142578125,42.44862365722656,37.203155517578125,33.894771575927734,27.615758895874023,26.78615951538086,25.795761108398438,23.8691349029541,21.34270477294922,20.66423797607422,20.23309326171875,18.410192489624023,5612.84765625,45.564292907714844,22.90148162841797
85000,95040,17,3,254,83,0,14721.4140625,405.43292236328125,170.33163452148438,97.5674057006836,75.49788665771484,63.8170051574707,52.91448211669922,45.12153244018555,43.54959487915039,38.927337646484375,34.89191436767578,29.5808048248291,28.57962989807129,27.37799835205078,24.940433502197266,22.600255966186523,20.549118041992188,6179.64990234375,61.639122009277344,34.72026062011719
85000,95040,17,3,254,83,1,14729.4853515625,396.93450927734375,165.82322692871094,98.81510162353516,74.85462951660156,59.32300567626953,53.402992248535156,47.339698791503906,44.144500732421875,37.70861053466797,33.79776382446289,30.208629608154297,26.53999137878418,24.881357192993164,23.011701583862305,20.909868240356445,20.28746795654297,6184.287109375,60.133140563964844,34.483734130859375
90000,100032,17,3,249,85,0,13978.7626953125,370.8582458496094,155.16517639160156,102.80988311767578,68.1882095336914,66.1078872680664,54.852264404296875,49.87261199951172,42.97034454345703,37.85147476196289,32.3271369934082,29.579710006713867,28.43315315246582,25.584592819213867,23.452856063842773,21.54817008972168,20.25484848022461,5871.30810546875,80.992431640625,34.30208206176758
90000,100032,17,3,249,85,1,13972.7373046875,369.34539794921875,152.8492889404297,105.17463684082031,72.96643829345703,61.112667083740234,58.33387756347656,47.002140045166016,44.10479736328125,34.07413864135742,31.649415969848633,26.59988021850586,24.983680725097656,24.763715744018555,23.64546012878418,21.124713897705078,18.936079025268555,5869.3798828125,85.12899017333984,30.49028205871582
95000,105024,17,3,250,92,0,14876.884765625,319.3810119628906,145.29058837890625,93.60679626464844,58.57433319091797,51.447425842285156,47.23212814331055,46.109615325927734,40.98733139038086,34.28565216064453,29.703859329223633,27.695724487304688,26.493915557861328,24.65328598022461,24.32881736755371,22.051692962646484,18.825294494628906,6262.99951171875,43.11800003051758,26.768218994140625
95000,105024,17,3,250,92,1,14890.685546875,317.84771728515625,145.96141052246094,91.53302764892578,57.863739013671875,52.3729362487793,45.20316696166992,40.933555603027344,38.08660125732422,34.596900939941406,28.525529861450195,27.716413497924805,24.304807662963867,23.522199630737305,21.06721305847168,19.927705764770508,19.564516067504883,6268.80322265625,44.12236785888672,26.88960838317871
100000,110016,17,3,247,91,0,14738.029296875,282.2980651855469,133.83262634277344,83.50487518310547,64.10233306884766,52.611175537109375,45.289894104003906,37.11594009399414,35.025474548339844,32.308719635009766,31.255096435546875,25.346832275390625,24.783105850219727,23.79117774963379,20.771583557128906,18.85673713684082,18.21124839782715,6193.4560546875,46.093406677246094,28.894166946411133
100000,110016,17,3,247,91,1,14732.498046875,279.0207214355469,133.06105041503906,84.26517486572266,62.16697692871094,49.04079055786133,45.4409065246582,38.42879104614258,36.518653869628906,34.75845718383789,29.57269287109375,24.63579750061035,24.03026580810547,22.164588928222656,21.15114402770996,19.94561195373535,19.56568717956543,6191.53369140625,46.300113677978516,29.736276626586914
105000,115008,17,3,252,99,0,15550.666015625,379.5945739746094,197.0301513671875,103.42569732666016,67.29718780517578,51.624481201171875,48.837196350097656,44.17406463623047,35.99604034423828,33.158050537109375,27.149063110351562,25.72723960876465,24.861980438232422,23.561777114868164,22.353771209716797,19.944875717163086,17.661035537719727,6529.201171875,55.412540435791016,27.243423461914062
105000,115008,17,3,252,99,1,15526.0634765625,372.8297424316406,200.33026123046875,99.11807250976562,67.29345703125,49.52073287963867,46.18215560913086,39.5772705078125,37.34132766723633,31.789491653442383,27.878501892089844,26.753158569335938,26.024744033813477,21.99746322631836,20.193849563598633,17.66429328918457,16.96928596496582,6519.95654296875,51.72601318359375,24.97684097290039
110000,120000,17,3,247,104,0,15431.1904296875,363.3370056152344,140.61000061035156,85.79130554199219,59.41349411010742,51.34941101074219,43.17082595825195,40.964595794677734,36.16658020019531,33.72409439086914,30.59943962097168,28.316238403320312,27.15814208984375,23.89857292175293,23.486513137817383,21.68865966796875,19.84778594970703,6503.16259765625,48.50434494018555,25.783428192138672
110000,120000,17,3,247,104,1,15430.76953125,367.3489990234375,139.34225463867188,86.4432144165039,58.34343719482422,50.3358039855957,45.26423263549805,42.228431701660156,41.29995346069336,35.526039123535156,29.53205680847168,27.292566299438477,25.604612350463867,24.416337966918945,22.44679832458496,20.90044403076172,20.27808952331543,6503.568359375,45.80648422241211,24.692686080932617
115000,124992,17,3,253,104,0,15997.4560546875,399.5609436035156,132.7887420654297,103.41754150390625,71.27091979980469,58.97632598876953,49.50743103027344,38.750022888183594,37.62799835205078,34.340057373046875,31.086088180541992,28.830612182617188,27.86311149597168,25.039216995239258,24.04370880126953,22.771183013916016,21.53110122680664,6735.24853515625,50.57963943481445,33.007240295410156
115000,124992,17,3,253,104,1,15999.6767578125,399.25732421875,135.57896423339844,99.726318359375,68.17293548583984,60.6019287109375,51.112327575683594,46.41946792602539,41.77431869506836,36.22514343261719,33.86742401123047,27.36551856994629,25.43114471435547,25.2729434967041,23.797826766967773,21.37565803527832,20.62897491455078,6735.341796875,48.299842834472656,36.933692932128906
120000,130048,17,3,252,109,0,16232.7255859375,279.41387939453125,137.8992156982422,84.35249328613281,66.31507873535156,53.877586364746094,46.45941162109375,45.28987503051758,36.27587127685547,32.96315383911133,29.366531372070312,26.822742462158203,25.853551864624023,24.393617630004883,22.45667839050293,21.38241958618164,19.72063636779785,6819.49462890625,51.369873046875,29.733779907226562
120000,130048,17,3,252,109,1,16235.9599609375,276.3979797363281,137.08729553222656,83.19712829589844,61.56692123413086,52.6273078918457,42.46672439575195,39.03632736206055,37.03655242919922,30.861778259277344,30.373079299926758,26.037628173828125,24.502744674682617,23.65822410583496,23.3952693939209,20.210304260253906,19.169647216796875,6821.9267578125,48.77839279174805,26.156408309936523
125000,135040,17,3,252,115,0,16429.5078125,383.2732849121094,136.10328674316406,79.17938232421875,60.319820404052734,55.51116180419922,41.45071029663086,40.20507049560547,30.380704879760742,29.68107032775879,25.128971099853516,23.797164916992188,22.318586349487305,22.026609420776367,20.79686737060547,18.724693298339844,18.535429000854492,6906.70166015625,53.716041564941406,23.940542221069336
125000,135040,17,3,252,115,1,16415.37890625,384.2207946777344,139.40225219726562,78.64114379882812,58.05426788330078,57.352928161621094,46.4787483215332,40.074615478515625,33.235679626464844,31.804336547851562,24.888412475585938,23.115463256835938,21.2071590423584,20.815078735351562,19.254249572753906,18.77957534790039,17.046300888061523,6900.0087890625,56.17226028442383,22.063447952270508
130000,140032,17,3,250,118,0,16453.2265625,239.19168090820312,125.2255630493164,80.08869934082031,69.63270568847656,59.02613067626953,43.87763214111328,37.49477767944336,34.72782897949219,33.296348571777344,28.70826530456543,25.148672103881836,23.67746353149414,22.880199432373047,22.374235153198242,20.744239807128906,18.692302703857422,6928.5283203125,44.04140090942383,23.039594650268555
130000,140032,17,3,250,118,1,16447.185546875,236.07220458984375,125.25387573242188,78.96344757080078,64.87541198730469,58.97259521484375,43.258758544921875,40.87107849121094,35.60307693481445,30.16295051574707,27.97626495361328,24.408662796020508,22.13478660583496,21.605701446533203,20.6849365234375,19.659074783325195,17.66908836364746,6926.20849609375,42.60515594482422,24.35772132873535
135000,145024,17,3,252,112,0,17406.021484375,339.8760070800781,133.1604461669922,86.11996459960938,62.741455078125,61.535152435302734,46.41510772705078,38.952178955078125,33.92270278930664,31.52579116821289,29.657373428344727,25.831687927246094,24.834169387817383,24.68631362915039,21.892553329467773,20.856908798217773,19.815885543823242,7330.404296875,48.724605560302734,24.90022850036621
135000,145024,17,3,252,112,1,17404.13671875,336.9591979980469,134.5845184326172,82.23849487304688,60.84969711303711,59.57673645019531,45.87799835205078,37.29319763183594,32.8689079284668,30.378990173339844,26.62397003173828,26.186954498291016,24.925453186035156,24.248268127441406,21.763376235961914,18.963783264160156,18.7462158203125,7330.06103515625,44.18238067626953,24.922489166259766
140000,150016,17,3,255,116,0,17620.400390625,273.7118835449219,114.592041015625,92.63751220703125,59.51576614379883,49.43403244018555,43.70870590209961,37.93154525756836,33.59440994262695,30.328128814697266,27.28350830078125,26.83062744140625,24.25494384765625,22.72542381286621,22.30113983154297,19.737825393676758,17.76063346862793,7405.4111328125,54.14104461669922,23.79922866821289
140000,150016,17,3,255,116,1,17601.85546875,279.046142578125,114.8062744140625,88.65647888183594,54.33150100708008,48.47916793823242,39.2627067565918,35.33183288574219,31.79519271850586,28.9636287689209,27.884159088134766,26.741153717041016,24.63085174560547,23.964740753173828,21.18443489074707,20.2557430267334,18.535005569458008,7398.6611328125,47.41584396362305,26.98456573486328
145000,155008,17,3,250,129,0,17464.0859375,256.69854736328125,123.52023315429688,88.18281555175781,56.775856018066406,51.435462951660156,47.27872848510742,39.8160514831543,36.557193756103516,30.372068405151367,27.32188606262207,25.995649337768555,22.98850440979004,21.55818748474121,21.263277053833008,19.27263069152832,17.330663681030273,7342.7001953125,48.442176818847656,23.206212997436523
145000,155008,17,3,250,129,1,17488.74609375,261.8703308105469,129.1485137939453,89.1318130493164,61.78478240966797,53.121307373046875,47.181114196777344,45.35640335083008,40.60732650756836,32.7337646484375,27.75689125061035,23.968673706054688,23.704172134399414,20.514780044555664,19.36977767944336,19.091459274291992,15.87045955657959,7356.509765625,52.7183837890625,24.306440353393555
150000,160000,17,3,248,127,0,17925.748046875,288.5769348144531,143.08624267578125,85.666015625,66.68344116210938,44.13054656982422,41.07936477661133,34.3209342956543,32.070289611816406,31.421024322509766,26.792688369750977,25.753963470458984,23.781341552734375,22.872333526611328,21.29486846923828,19.055370330810547,18.618675231933594,7522.02099609375,48.47209930419922,28.376789093017578
150000,160000,17,3,248,127,1,17915.361328125,290.60455322265625,142.47706604003906,85.04790496826172,62.893394470214844,45.37788391113281,41.54762649536133,36.06407165527344,34.49213409423828,31.133298873901367,26.366003036499023,25.361268997192383,23.608266830444336,22.427013397216797,19.903579711914062,18.98657989501953,16.61084747314453,7517.30908203125,48.76089859008789,26.83401870727539
155000,164992,17,3,250,129,0,17897.423828125,215.03936767578125,117.21656799316406,73.36839294433594,63.83457946777344,44.83331298828125,36.5908203125,35.64499282836914,27.429508209228516,26.081443786621094,24.894977569580078,22.9455623626709,21.910005569458008,20.691513061523438,19.691312789916992,17.63685417175293,16.606367111206055,7530.73486328125,41.39725112915039,21.94856071472168
155000,164992,17,3,250,129,1,17893.083984375,215.85220336914062,117.6136703491211,72.9131851196289,58.42107391357422,42.03008270263672,37.80891799926758,36.458499908447266,31.51885986328125,27.507455825805664,24.97907829284668,23.056198120117188,22.339080810546875,21.18167495727539,19.69597053527832,19.144119262695312,16.669979095458984,7528.18017578125,37.74594497680664,22.487977981567383
160000,170048,17,3,252,135,0,18303.841796875,321.48828125,119.8118667602539,81.81747436523438,57.4006462097168,52.69491958618164,43.08711242675781,40.645687103271484,36.40153884887695,30.12474250793457,25.685462951660156,25.147605895996094,22.16718864440918,21.436613082885742,20.147323608398438,19.49913787841797,17.947650909423828,7681.1884765625,48.093467712402344,26.807628631591797
160000,170048,17,3,252,135,1,18307.27734375,323.49951171875,121.6177978515625,86.12018585205078,59.42226791381836,51.624996185302734,42.277366638183594,39.10993194580078,35.30235290527344,32.72737121582031,27.466617584228516,24.087017059326172,21.760967254638672,20.903852462768555,20.13174057006836,19.273174285888672,17.96851921081543,7681.86865234375,47.495849609375,29.56781005859375
165000,175040,17,3,253,132,0,18722.23828125,367.6015930175781,122.03697967529297,85.41596221923828,59.905784606933594,43.741424560546875,38.08003616333008,36.51526641845703,33.95600891113281,28.001197814941406,27.110107421875,26.009639739990234,24.01398277282715,21.532081604003906,20.92519187927246,19.34783935546875,18.892717361450195,7869.21044921875,46.054927825927734,26.765697479248047
165000,175040,17,3,253,132,1,18716.666015625,376.9051208496094,124.06118774414062,86.0244140625,58.970977783203125,42.4744873046875,40.98618698120117,38.67029571533203,34.48110580444336,31.239688873291016,28.686107635498047,27.257261276245117,24.52935791015625,23.591184616088867,21.94533920288086,20.026620864868164,18.872753143310547,7867.82080078125,44.97608947753906,28.121843338012695
170000,180032,17,3,253,147,0,18779.0234375,390.540283203125,130.85122680664062,86.29890441894531,68.41381072998047,53.615447998046875,42.4275016784668,38.2344970703125,34.84708023071289,33.3834342956543,28.007373809814453,25.90262794494629,22.676830291748047,21.87012481689453,21.15961456298828,19.23394775390625,18.364168167114258,7905.26513671875,52.410865783691406,24.35500717163086
170000,180032,17,3,253,147,1,18757.146484375,389.819580078125,132.42300415039062,81.5123291015625,70.9798355102539,54.45920181274414,42.03589630126953,38.2691535949707,32.823062896728516,30.548301696777344,28.025419235229492,24.790477752685547,24.202016830444336,22.71247673034668,20.31836700439453,19.889041900634766,17.866666793823242,7895.74072265625,56.95756912231445,26.909616470336914
175000,185024,17,3,248,136,0,19012.583984375,217.96925354003906,122.21127319335938,75.9110107421875,52.863037109375,41.79237747192383,38.82725524902344,35.266902923583984,30.544126510620117,30.225067138671875,26.8746337890625,23.545061111450195,23.10862159729004,21.023130416870117,19.79066276550293,18.034618377685547,16.488311767578125,7991.64453125,38.15694046020508,25.316118240356445
175000,185024,17,3,248,136,1,19017.419921875,217.32896423339844,121.51840209960938,75.04843139648438,51.68486785888672,41.78141403198242,39.43414306640625,36.45712661743164,33.613121032714844,29.769468307495117,26.825618743896484,23.505420684814453,21.330875396728516,19.332794189453125,18.525062561035156,18.447118759155273,17.593868255615234,7994.3271484375,37.557987213134766,27.63481330871582
180000,190016,17,3,251,141,0,19157.51953125,289.9700927734375,128.82040405273438,89.02081298828125,54.65961837768555,43.22979736328125,39.75490951538086,34.405418395996094,29.75784683227539,27.933738708496094,27.358949661254883,22.22199249267578,21.749107360839844,18.71566390991211,17.820430755615234,16.63141632080078,15.997258186340332,8056.8115234375,52.53104782104492,26.55311393737793
180000,190016,17,3,251,141,1,19160.283203125,282.6431884765625,129.24853515625,92.94947052001953,53.53555679321289,44.898807525634766,39.957462310791016,34.96678924560547,31.238937377929688,29.548450469970703,25.43596649169922,22.910144805908203,21.549896240234375,19.49360466003418,18.703506469726562,17.29228973388672,16.124221801757812,8058.51708984375,52.79195785522461,31.278657913208008
185000,195008,17,3,249,142,0,19485.74609375,364.234619140625,149.99737548828125,93.77061462402344,78.37065124511719,62.74654769897461,47.65704345703125,43.69829559326172,35.047725677490234,33.97356414794922,30.2690486907959,28.574995040893555,26.305524826049805,23.284404754638672,22.712854385375977,21.21014976501465,18.27591896057129,8180.6064453125,56.62858963012695,27.421035766601562
185000,195008,17,3,249,142,1,19475.142578125,367.9337158203125,150.08078002929688,90.781494140625,72.8147201538086,63.7097282409668,43.02021408081055,42.44908905029297,39.99259567260742,36.647430419921875,33.36467361450195,29.532482147216797,28.40100860595703,25.402976989746094,22.0430908203125,20.505949020385742,19.72478485107422,8173.95751953125,55.86799240112305,30.435821533203125
190000,200000,17,3,252,132,0,19630.544921875,322.7125549316406,134.64614868164062,95.21824645996094,56.96049118041992,45.11772918701172,40.438114166259766,34.23076248168945,32.05278778076172,31.53824234008789,26.705453872680664,26.50710678100586,23.70096206665039,21.197084426879883,20.37968635559082,18.417285919189453,15.362332344055176,8241.2919921875,56.40129089355469,29.0866756439209
190000,200000,17,3,252,132,1,19653.794921875,322.16033935546875,136.6194610595703,98.95296478271484,60.84756088256836,45.16454315185547,41.7744140625,33.44709777832031,31.57664680480957,30.99939727783203,24.49830436706543,23.571147918701172,21.944995880126953,20.909793853759766,18.805402755737305,18.234020233154297,15.781113624572754,8252.1279296875,58.131622314453125,22.743541717529297
195000,204992,17,3,252,150,0,19787.44140625,346.7934265136719,117.10830688476562,83.33001708984375,61.05754089355469,45.141448974609375,38.19438552856445,32.02335739135742,31.023395538330078,29.27947998046875,23.363330841064453,21.4577693939209,20.847801208496094,20.313379287719727,19.069435119628906,18.770545959472656,17.076915740966797,8310.447265625,45.398353576660156,22.168249130249023
195000,204992,17,3,252,150,1,19783.859375,353.323486328125,118.28974151611328,84.2881088256836,60.90446853637695,44.82929611206055,39.397403717041016,34.182796478271484,32.99730682373047,28.55759048461914,25.87384033203125,22.857458114624023,21.678993225097656,21.437597274780273,19.462141036987305,18.866207122802734,17.40196418762207,8309.2646484375,48.40739059448242,22.277284622192383
200000,210048,17,3,251,148,0,19547.283203125,207.62901306152344,114.18035125732422,76.63864135742188,54.92109298706055,42.65003204345703,35.427955627441406,32.665367126464844,31.10346794128418,26.433042526245117,23.162342071533203,22.07404327392578,21.609424591064453,19.40877914428711,18.60418701171875,17.29017448425293,16.14109230041504,8220.2978515625,39.202266693115234,23.193395614624023
200000,210048,17,3,251,148,1,19558.958984375,209.7310333251953,110.99789428710938,74.56240844726562,57.545318603515625,46.77205276489258,43.23897171020508,40.556800842285156,30.815093994140625,27.021968841552734,23.910722732543945,22.089580535888672,20.06646156311035,19.767942428588867,18.377573013305664,16.79363441467285,16.025833129882812,8225.59765625,43.45677185058594,22.385478973388672
205000,215040,17,3,255,151,0,20385.166015625,271.8824768066406,104.06663513183594,83.846923828125,65.88369750976562,54.712158203125,42.16686248779297,34.944583892822266,32.36735534667969,29.272716522216797,26.509794235229492,22.791431427001953,20.856639862060547,18.634212493896484,17.97245979309082,17.183008193969727,13.94564151763916,8593.1572265625,50.30228042602539,22.764421463012695
205000,215040,17,3,255,151,1,20375.361328125,269.3023681640625,98.94367218017578,83.64151000976562,66.93915557861328,52.877254486083984,37.160400390625,36.53589630126953,32.46528244018555,31.2326717376709,29.667354583740234,22.296667098999023,20.931068420410156,19.72884750366211,18.94661521911621,17.03560447692871,15.821139335632324,8589.32421875,46.5845832824707,21.72064781188965
210000,220032,17,3,252,141,0,20044.880859375,328.093994140625,137.8338165283203,75.9925765991211,55.59846878051758,47.54080581665039,38.839263916015625,36.71928405761719,31.780296325683594,29.189422607421875,27.21630859375,22.451614379882812,21.919748306274414,21.168874740600586,19.189058303833008,18.28374481201172,17.752450942993164,8458.23828125,39.352684020996094,23.378156661987305
210000,220032,17,3,252,141,1,20053.248046875,327.4134826660156,138.38475036621094,76.00985717773438,57.10541915893555,46.53251266479492,43.171783447265625,41.06325149536133,34.33401870727539,31.177385330200195,26.78257179260254,24.681577682495117,22.190147399902344,21.54665756225586,21.141353607177734,18.274150848388672,17.499568939208984,8458.6748046875,40.949501037597656,23.255329132080078
215000,225024,17,3,253,149,0,20332.740234375,283.103271484375,110.5712661743164,77.1170883178711,55.27937698364258,52.62723159790039,47.05046844482422,44.03172302246094,35.361053466796875,28.37017059326172,25.28534507751465,23.410520553588867,22.04172706604004,20.927583694458008,18.72541618347168,17.857311248779297,15.349494934082031,8551.2626953125,49.43156433105469,31.491395950317383
215000,225024,17,3,253,149,1,20331.44921875,280.1746520996094,111.48808288574219,70.03323364257812,59.965579986572266,57.32276916503906,50.87761306762695,46.41008758544922,38.41025924682617,29.104890823364258,25.462738037109375,24.451595306396484,21.584489822387695,20.69456672668457,18.78098487854004,17.184295654296875,15.745561599731445,8550.8505859375,46.79704666137695,29.16767120361328
220000,230016,17,3,255,156,0,20475.34765625,330.6422424316406,126.22335815429688,75.72855377197266,65.12322998046875,45.8752555847168,44.38778305053711,37.089962005615234,34.222537994384766,31.549827575683594,25.991655349731445,25.589271545410156,22.27084732055664,21.698665618896484,20.598913192749023,18.971487045288086,17.67032814025879,8620.431640625,52.64391326904297,25.74307632446289
220000,230016,17,3,255,156,1,20465.1328125,333.81573486328125,125.81140899658203,78.34876251220703,68.3136978149414,63.07258605957031,60.4209098815918,52.29712677001953,38.19696807861328,32.18278503417969,26.093416213989258,24.601211547851562,24.3920955657959,21.233896255493164,19.738828659057617,17.648767471313477,16.570953369140625,8615.376953125,56.011512756347656,30.565690994262695
225000,235008,17,3,251,152,0,20862.078125,280.6029968261719,113.98967742919922,83.26727294921875,52.72784423828125,39.6104850769043,36.10927200317383,32.05873107910156,29.27387237548828,26.448890686035156,25.705799102783203,23.535009384155273,21.02639389038086,19.45107078552246,18.17241668701172,16.032207489013672,15.354400634765625,8769.8603515625,39.44768524169922,22.526084899902344
225000,235008,17,3,251,152,1,20864.869140625,278.1604919433594,113.43522644042969,83.94916534423828,52.83330535888672,40.37091064453125,34.76987075805664,33.65496826171875,29.35835838317871,26.853971481323242,25.936622619628906,25.18347930908203,21.191530227661133,19.04661750793457,18.341089248657227,16.85135269165039,15.59585952758789,8771.2646484375,40.307064056396484,25.437131881713867
230000,240000,17,3,250,161,0,21297.21875,272.631591796875,111.98583221435547,74.88736724853516,60.02363586425781,44.451141357421875,40.634918212890625,39.212127685546875,34.828765869140625,27.328567504882812,26.11916160583496,22.136375427246094,21.68731689453125,19.64824104309082,19.094741821289062,18.262176513671875,17.383066177368164,8976.0078125,43.451229095458984,23.640832901000977
230000,240000,17,3,250,161,1,21279.09765625,275.4041748046875,113.61212158203125,78.1453857421875,59.53312683105469,43.50072479248047,40.466915130615234,36.72749710083008,33.59989547729492,27.683847427368164,27.451229095458984,24.279220581054688,21.549480438232422,20.57659912109375,19.14992904663086,18.608074188232422,18.046634674072266,8967.044921875,40.923316955566406,25.340282440185547
235000,244992,17,3,254,157,0,21262.951171875,274.4950256347656,133.50596618652344,82.8289566040039,56.20568084716797,43.95742416381836,37.61503219604492,32.0352897644043,31.379318237304688,29.221500396728516,25.111433029174805,21.859987258911133,20.715988159179688,20.051931381225586,18.985994338989258,16.99247169494629,16.373300552368164,8954.0361328125,41.26735305786133,21.688581466674805
235000,244992,17,3,254,157,1,21267.650390625,276.94061279296875,131.6775360107422,83.29232788085938,57.508399963378906,44.60170364379883,39.28066635131836,36.43001174926758,35.331809997558594,29.238178253173828,24.094778060913086,22.32659912109375,22.010759353637695,20.0821533203125,18.825782775878906,16.846145629882812,14.827028274536133,8955.65625,40.65549850463867,23.41520118713379
240000,250048,17,3,249,157,0,21453.00390625,296.06549072265625,152.12533569335938,89.50360107421875,61.711734771728516,46.33274459838867,39.995323181152344,37.96449661254883,30.619783401489258,28.499267578125,25.902481079101562,24.03312110900879,21.45640754699707,20.108135223388672,17.019256591796875,15.597657203674316,15.013114929199219,9012.9453125,39.57365417480469,30.906696319580078
240000,250048,17,3,249,157,1,21455.005859375,291.74444580078125,150.16754150390625,86.83851623535156,62.319419860839844,45.46929931640625,38.74793243408203,35.68197250366211,32.53994369506836,28.849992752075195,25.262859344482422,24.132280349731445,21.99763298034668,21.8846492767334,18.857177734375,18.48503303527832,16.507736206054688,9015.3935546875,37.98412322998047,25.387948989868164
245000,255040,17,3,247,158,0,21240.189453125,352.7011413574219,136.3111114501953,92.63792419433594,67.267822265625,52.24813461303711,41.907222747802734,36.93486785888672,33.10744857788086,29.560489654541016,26.343080520629883,24.75048065185547,23.678815841674805,20.345911026000977,19.8328857421875,17.350906372070312,16.210853576660156,8939.1103515625,45.75834655761719,26.101028442382812
245000,255040,17,3,247,158,1,21230.443359375,357.1044006347656,136.28749084472656,92.056640625,64.46089935302734,54.226444244384766,42.00926208496094,39.810279846191406,35.620914459228516,30.031543731689453,25.488872528076172,24.430023193359375,22.83507537841797,21.426616668701172,18.76728630065918,18.347591400146484,17.21292495727539,8935.38671875,46.51310348510742,25.744970321655273
250000,260032,17,3,253,159,0,21533.513671875,386.62884521484375,151.81417846679688,82.79010772705078,54.000057220458984,48.32626724243164,40.83620834350586,34.27401351928711,33.346797943115234,28.497102737426758,23.064910888671875,22.71101188659668,21.505157470703125,19.90729522705078,18.411697387695312,17.77347183227539,16.583192825317383,9056.603515625,43.277278900146484,22.95106315612793
250000,260032,17,3,253,159,1,21525.142578125,389.1956481933594,150.44308471679688,81.89187622070312,51.42512512207031,48.03010940551758,43.96971893310547,38.2996711730957,34.52162170410156,27.38536262512207,23.48998260498047,22.125043869018555,20.498289108276367,19.641347885131836,18.161596298217773,17.545625686645508,15.843396186828613,9053.7392578125,41.61732482910156,22.566001892089844
255000,265024,17,3,253,157,0,21504.46875,253.7812957763672,108.170654296875,74.28312683105469,56.5693359375,43.16377258300781,40.28513717651367,33.03380584716797,30.4348087310791,28.348440170288086,24.16489601135254,21.4200439453125,20.06292724609375,18.418418884277344,18.275724411010742,16.707406997680664,15.941499710083008,9044.8623046875,42.7802619934082,21.215248107910156
255000,265024,17,3,253,157,1,21525.236328125,252.1409454345703,110.67337799072266,72.44031524658203,54.446102142333984,42.96957015991211,41.97553253173828,34.109588623046875,31.45208168029785,29.389402389526367,22.367145538330078,21.219955444335938,20.77264404296875,19.608245849609375,18.059223175048828,17.062278747558594,16.577421188354492,9053.11328125,41.07279586791992,23.458568572998047
260000,270016,17,3,253,162,0,22006.95703125,243.3064727783203,107.39997100830078,76.30702209472656,55.9624137878418,44.51885223388672,41.49717330932617,36.267242431640625,32.97028732299805,30.364086151123047,25.959444046020508,22.665771484375,22.02325439453125,20.595134735107422,18.58527946472168,17.74653434753418,16.570478439331055,9275.076171875,39.82069778442383,24.411165237426758
260000,270016,17,3,253,162,1,22021.75,242.72592163085938,110.1390151977539,74.90296936035156,55.872802734375,43.95109558105469,41.09403991699219,37.98436737060547,34.556732177734375,31.503700256347656,24.609018325805664,23.114885330200195,20.10863494873047,19.23579216003418,18.482240676879883,16.68733787536621,15.691882133483887,9280.5078125,40.80670166015625,23.974504470825195
265000,275008,17,3,252,159,0,21883.853515625,343.3277587890625,135.4312744140625,84.97643280029297,62.50006103515625,48.32672119140625,38.71180725097656,35.22626495361328,28.309526443481445,27.91196632385254,26.246633529663086,25.220388412475586,23.469783782958984,21.654193878173828,20.600305557250977,18.086660385131836,16.783933639526367,9204.4580078125,45.19651794433594,25.506879806518555
265000,275008,17,3,252,159,1,21904.90234375,341.3720703125,134.876953125,83.86820220947266,59.38993835449219,47.08533477783203,38.315120697021484,37.1103630065918,32.110870361328125,28.5430908203125,26.699172973632812,25.453693389892578,23.08802032470703,21.763275146484375,20.932636260986328,20.631328582763672,18.987773895263672,9212.8125,47.374080657958984,25.54469108581543
270000,280000,17,3,252,167,0,21968.505859375,333.83734130859375,123.50838470458984,83.55267333984375,56.28008270263672,46.19624328613281,36.136558532714844,33.520755767822266,27.97888946533203,27.29714584350586,24.577369689941406,23.060367584228516,20.680261611938477,20.292022705078125,19.629976272583008,18.63887596130371,17.107898712158203,9237.263671875,51.29167175292969,24.25615692138672
270000,280000,17,3,252,167,1,21978.173828125,334.4503479003906,125.18364715576172,85.94441986083984,55.07510757446289,49.71123123168945,41.00361251831055,34.69575881958008,29.868572235107422,29.37188720703125,28.354177474975586,24.90585708618164,24.150680541992188,20.66600227355957,20.421497344970703,19.798377990722656,18.214445114135742,9240.9794921875,60.02604675292969,24.476163864135742
275000,284992,17,3,245,156,0,21921.892578125,245.35911560058594,118.93756103515625,84.28486633300781,65.42816925048828,50.166046142578125,40.92512512207031,39.526832580566406,34.5333366394043,30.727455139160156,26.61495018005371,23.490854263305664,22.02396011352539,20.895952224731445,19.581344604492188,17.538307189941406,16.514087677001953,9217.2880859375,53.268741607666016,23.835716247558594
275000,284992,17,3,245,156,1,21913.9453125,247.9665069580078,118.41271209716797,83.57466888427734,63.37731170654297,40.485816955566406,40.14369583129883,36.191219329833984,31.587501525878906,29.44668960571289,24.16672706604004,22.942224502563477,20.604684829711914,19.737564086914062,18.337190628051758,17.642784118652344,15.345783233642578,9212.6982421875,51.88093566894531,22.862356185913086
280000,290048,17,3,249,173,0,22111.490234375,232.98623657226562,115.00005340576172,75.42430877685547,61.039459228515625,48.382591247558594,40.17783737182617,34.59276580810547,32.94705581665039,28.127933502197266,25.05042839050293,23.68449592590332,23.405733108520508,21.24363136291504,19.67243194580078,18.032245635986328,15.99497127532959,9326.1357421875,53.4669303894043,25.279190063476562
280000,290048,17,3,249,173,1,22086.88671875,233.54469299316406,113.26638793945312,76.22705078125,59.04205322265625,48.25352096557617,39.12150192260742,32.82435989379883,31.370447158813477,28.961889266967773,25.549911499023438,21.505258560180664,20.610591888427734,19.835582733154297,19.373994827270508,17.67913055419922,15.718238830566406,9316.6181640625,51.00536346435547,24.782926559448242
285000,295040,17,3,250,172,0,22438.32421875,271.17572021484375,150.6589813232422,91.70997619628906,61.11445617675781,52.02557373046875,50.23036575317383,47.57255172729492,36.05714797973633,30.402246475219727,26.688669204711914,24.011672973632812,22.328590393066406,19.63863754272461,17.63863182067871,17.298311233520508,16.73653221130371,9431.8642578125,52.495643615722656,21.89616584777832
285000,295040,17,3,250,172,1,22459.892578125,268.76495361328125,148.0257568359375,90.68140411376953,60.765560150146484,52.38795471191406,43.57612609863281,39.61442947387695,34.28348159790039,29.89946174621582,27.79233741760254,23.945533752441406,21.715017318725586,20.15869903564453,19.07505226135254,16.678234100341797,15.461864471435547,9441.037109375,50.48909378051758,22.062156677246094
290000,300032,17,3,251,179,0,22516.419921875,370.2029113769531,108.94346618652344,79.54576873779297,57.31455993652344,47.53244400024414,42.207130432128906,38.332672119140625,34.4228401184082,29.267730712890625,21.640220642089844,20.52460289001465,19.762771606445312,17.83736801147461,17.657913208007812,16.352869033813477,14.604178428649902,9476.5595703125,41.36421203613281,22.175918579101562
290000,300032,17,3,251,179,1,22508.662109375,362.47772216796875,111.33885955810547,80.20103454589844,54.96577453613281,47.50687789916992,42.78831100463867,36.81077194213867,34.58530044555664,30.572912216186523,24.29709243774414,23.144840240478516,20.839439392089844,19.105037689208984,17.576322555541992,16.708282470703125,14.912495613098145,9472.099609375,44.3975830078125,24.053770065307617
295000,305024,17,3,250,175,0,22936.794921875,263.0128173828125,97.62210845947266,69.77442932128906,51.396766662597656,42.5312385559082,34.13093948364258,33.081233978271484,30.507238388061523,27.985734939575195,23.502050399780273,20.87721824645996,20.27950668334961,18.783517837524414,17.65838623046875,17.082366943359375,14.138667106628418,9661.107421875,45.057518005371094,23.50462532043457
295000,305024,17,3,250,175,1,22945.09375,262.9906921386719,97.51663208007812,70.67082977294922,51.99892807006836,42.466583251953125,37.42245101928711,33.480140686035156,30.72791290283203,24.05482292175293,21.386842727661133,20.688047409057617,20.122716903686523,18.828603744506836,17.983139038085938,15.702483177185059,14.10689640045166,9663.88671875,42.37225341796875,20.537202835083008
300000,310016,17,3,251,171,0,23274.8203125,274.8958435058594,99.91299438476562,72.98910522460938,55.24032211303711,40.941078186035156,33.64932632446289,29.44890022277832,25.6343936920166,25.224123001098633,22.741472244262695,21.15056800842285,19.92896270751953,19.12380027770996,17.254108428955078,16.85448455810547,15.378989219665527,9807.572265625,38.57485580444336,21.63071632385254
300000,310016,17,3,251,171,1,23271.109375,273.68536376953125,101.40418243408203,72.23452758789062,55.17827224731445,41.505897521972656,35.86845016479492,31.906496047973633,30.98512840270996,25.93781280517578,24.096900939941406,21.457984924316406,19.86831283569336,18.540952682495117,17.390092849731445,15.319548606872559,13.837774276733398,9805.3330078125,38.08050537109375,21.469364166259766
305000,315008,17,3,253,182,0,23110.078125,332.2652587890625,137.70306396484375,71.13301086425781,53.07972717285156,43.19944381713867,36.161705017089844,34.759517669677734,31.937437057495117,27.334632873535156,23.15399169921875,22.19607925415039,20.947357177734375,20.062625885009766,18.449365615844727,18.00393295288086,16.891258239746094,9731.3779296875,37.32578659057617,20.603891372680664
305000,315008,17,3,253,182,1,23139.341796875,331.94580078125,137.90713500976562,73.8306884765625,56.12553405761719,50.89073181152344,43.792396545410156,39.10293197631836,33.160400390625,28.624120712280273,26.46103286743164,21.89179229736328,19.918701171875,19.66985321044922,18.781631469726562,17.789140701293945,17.11328887939453,9743.890625,40.071041107177734,23.19073486328125
310000,320000,17,3,253,170,0,23405.8125,353.8538818359375,114.88163757324219,72.27416229248047,55.820228576660156,49.7314567565918,42.001155853271484,39.62110900878906,33.28306579589844,28.374601364135742,25.07828712463379,20.73963737487793,19.388389587402344,18.698373794555664,17.462169647216797,15.776463508605957,15.008894920349121,9847.146484375,44.527671813964844,24.02866554260254
310000,320000,17,3,253,170,1,23416.990234375,355.743896484375,116.14952850341797,74.9287109375,52.661277770996094,44.59038543701172,37.32482147216797,31.525732040405273,28.735990524291992,26.086288452148438,21.504146575927734,20.500551223754883,19.809011459350586,18.30594825744629,16.95115852355957,16.40528106689453,15.293912887573242,9851.4208984375,42.836307525634766,21.01022720336914
315000,324992,17,3,252,178,0,23453.572265625,257.66888427734375,119.657470703125,76.72699737548828,51.862327575683594,42.044898986816406,35.559288024902344,33.96864700317383,30.690223693847656,28.040639877319336,24.89383888244629,23.576030731201172,22.388267517089844,19.389799118041992,18.277435302734375,16.95237159729004,15.642637252807617,9869.4912109375,41.31549072265625,26.724340438842773
315000,324992,17,3,252,178,1,23460.5546875,257.6429748535156,119.65895080566406,76.91716766357422,51.69453048706055,40.77946853637695,35.09333419799805,32.675079345703125,32.12635040283203,25.827165603637695,22.931795120239258,22.720458984375,22.324445724487305,18.716825485229492,17.792638778686523,17.188512802124023,16.934246063232422,9873.94921875,41.45743179321289,22.184553146362305
320000,330048,17,3,253,172,0,23620.951171875,274.46832275390625,122.20001220703125,75.81300354003906,56.58843231201172,40.09425735473633,37.68721008300781,33.77522277832031,31.54701042175293,28.051624298095703,24.393566131591797,23.442781448364258,21.507953643798828,20.562854766845703,19.728063583374023,17.29123878479004,15.449689865112305,9939.7646484375,34.91737365722656,22.73564338684082
320000,330048,17,3,253,172,1,23605.072265625,277.78753662109375,121.1176986694336,76.50138092041016,58.138763427734375,38.20907211303711,35.57440948486328,33.92103576660156,29.52849006652832,27.848812103271484,22.179534912109375,20.89224624633789,20.52985954284668,19.097148895263672,18.371366500854492,17.1530704498291,14.851045608520508,9932.0595703125,35.74142074584961,22.425317764282227
325000,335040,17,3,249,177,0,23734.939453125,330.6826477050781,165.24533081054688,85.27973175048828,60.38971710205078,47.95294189453125,40.664039611816406,34.96683120727539,30.620153427124023,27.898340225219727,23.89969253540039,22.417037963867188,21.48075294494629,20.185606002807617,17.560699462890625,17.14959144592285,14.993908882141113,9976.7529296875,41.6689567565918,22.91934585571289
325000,335040,17,3,249,177,1,23720.90234375,329.674560546875,161.24874877929688,89.15804290771484,63.37663269042969,47.926456451416016,46.265438079833984,42.001747131347656,37.54574203491211,30.35237693786621,24.237855911254883,23.23659896850586,22.102190017700195,19.101680755615234,17.568042755126953,16.688329696655273,16.067832946777344,9971.541015625,45.51896667480469,24.413679122924805
330000,340032,17,3,250,174,0,23650.173828125,268.3253173828125,118.32683563232422,72.63511657714844,52.28780746459961,40.90995407104492,35.54270553588867,31.837486267089844,30.332895278930664,24.957841873168945,22.41364288330078,21.096847534179688,19.32052230834961,17.684181213378906,17.402835845947266,16.137514114379883,14.460774421691895,9943.4892578125,42.02289962768555,20.18173599243164
330000,340032,17,3,250,174,1,23646.5546875,272.13818359375,118.38933563232422,70.00321960449219,53.04682159423828,44.07465362548828,37.293060302734375,33.00466537475586,30.319955825805664,28.1762752532959,23.166501998901367,21.293624877929688,19.60123634338379,18.719751358032227,18.2564640045166,17.57798957824707,16.050933837890625,9939.4716796875,45.687828063964844,22.150772094726562
335000,345024,17,3,253,177,0,23868.4921875,307.7846374511719,126.36302947998047,74.5802001953125,56.15176773071289,44.25245666503906,40.17437744140625,32.48110580444336,31.903690338134766,29.653249740600586,22.265560150146484,22.041126251220703,19.062599182128906,18.77309799194336,18.399076461791992,16.891300201416016,16.219934463500977,10037.5654296875,49.14507293701172,20.825664520263672
335000,345024,17,3,253,177,1,23845.8515625,308.0851135253906,125.8122329711914,75.80848693847656,59.15169143676758,44.88930892944336,41.25278854370117,31.93782615661621,31.757139205932617,28.293596267700195,22.401004791259766,22.105058670043945,21.672731399536133,19.90778160095215,18.501205444335938,15.9270658493042,14.86822509765625,10026.7041015625,46.855472564697266,21.927486419677734
340000,350016,17,3,255,186,0,24266.392578125,304.932861328125,145.4089813232422,82.32290649414062,58.42582321166992,46.98965835571289,44.412044525146484,39.607967376708984,34.38483810424805,29.557525634765625,23.867870330810547,21.074607849121094,20.12369155883789,19.449909210205078,18.156492233276367,17.71363639831543,16.80288314819336,10210.1005859375,55.36122512817383,22.95147132873535
340000,350016,17,3,255,186,1,24279.43359375,304.4654235839844,143.9155731201172,79.7848892211914,56.43258285522461,45.07709503173828,39.658599853515625,34.05963897705078,31.305007934570312,27.988475799560547,23.883058547973633,22.33576774597168,21.4637393951416,19.825363159179688,17.170333862304688,15.844786643981934,15.425485610961914,10215.6728515625,51.4989013671875,25.106348037719727
345000,355008,17,3,253,182,0,24466.5859375,263.55169677734375,106.66036987304688,83.79615020751953,57.69023895263672,48.333011627197266,45.32154846191406,39.78532028198242,32.97048568725586,27.67424201965332,25.10398292541504,23.147747039794922,21.839828491210938,19.932004928588867,17.508766174316406,15.953986167907715,14.78257942199707,10294.2822265625,44.10240936279297,24.355398178100586
345000,355008,17,3,253,182,1,24468.13671875,260.9643859863281,105.89743041992188,83.33087158203125,54.92366027832031,45.66999816894531,40.655757904052734,37.05067825317383,33.06121063232422,26.894893646240234,24.164602279663086,22.64830780029297,19.688928604125977,19.5488224029541,18.513744354248047,17.360248565673828,15.64260482788086,10294.2373046875,41.8712272644043,24.429798126220703
350000,360000,17,3,251,195,0,24805.8046875,246.4937744140625,121.55561828613281,80.80374908447266,50.36455154418945,39.29886245727539,37.24802017211914,34.09733200073242,28.286230087280273,25.431583404541016,22.639440536499023,20.97211265563965,19.764896392822266,17.597646713256836,17.235706329345703,15.578222274780273,15.349660873413086,10416.4267578125,46.91378402709961,23.296167373657227
350000,360000,17,3,251,195,1,24831.998046875,247.572509765625,119.72779083251953,81.69046783447266,50.744327545166016,39.89541244506836,36.752777099609375,32.23332595825195,30.179664611816406,28.39517593383789,22.191625595092773,20.53774070739746,18.609651565551758,17.68907356262207,16.75583839416504,15.94702434539795,14.405949592590332,10426.1923828125,45.33876419067383,23.527843475341797
355000,364992,17,3,251,175,0,24154.572265625,223.36334228515625,123.5105209350586,85.51171112060547,56.0322265625,40.86290740966797,32.672340393066406,28.673200607299805,27.412487030029297,23.063522338867188,22.50093650817871,20.91398048400879,20.235389709472656,19.49327850341797,18.377531051635742,16.191022872924805,15.23210334777832,10167.5634765625,41.59577941894531,22.671245574951172
355000,364992,17,3,251,175,1,24148.775390625,221.53277587890625,121.12468719482422,86.09385681152344,52.91990280151367,41.10984802246094,33.39544677734375,28.509592056274414,28.217758178710938,24.865636825561523,22.53925895690918,20.178125381469727,19.350069046020508,18.80045509338379,17.793838500976562,16.827316284179688,15.119617462158203,10164.470703125,41.84136962890625,20.964723587036133
360000,370048,17,3,252,187,0,24816.572265625,231.6516876220703,107.61125946044922,75.63533020019531,52.118064880371094,41.973052978515625,38.33985900878906,33.47919464111328,32.35375213623047,27.057302474975586,22.439809799194336,21.059162139892578,19.159832000732422,16.983278274536133,16.632450103759766,14.454617500305176,14.323110580444336,10445.958984375,42.85649108886719,19.964923858642578
360000,370048,17,3,252,187,1,24830.791015625,230.3295135498047,106.68276977539062,73.72894287109375,51.506195068359375,42.836673736572266,39.642433166503906,34.904457092285156,32.70908737182617,27.31435203552246,23.490768432617188,20.40961456298828,18.910537719726562,17.93572998046875,17.420631408691406,16.52495002746582,14.70972728729248,10452.5576171875,41.397396087646484,20.138418197631836
365000,375040,17,3,252,186,0,24633.38671875,421.6429138183594,124.23240661621094,76.34784698486328,67.247802734375,46.47199249267578,34.183319091796875,30.870624542236328,29.968894958496094,28.838109970092773,23.551532745361328,21.91322898864746,21.24819564819336,19.182510375976562,18.193689346313477,17.330934524536133,15.758219718933105,10365.0107421875,45.20710754394531,20.411617279052734
365000,375040,17,3,252,186,1,24632.671875,430.51141357421875,123.53887176513672,75.78104400634766,63.97506332397461,45.49931716918945,35.524070739746094,32.32854461669922,30.43970489501953,26.629657745361328,24.149826049804688,23.11574935913086,22.472410202026367,20.19114875793457,18.956193923950195,17.60221290588379,16.729768753051758,10366.1826171875,45.692020416259766,26.667945861816406
370000,380032,17,3,251,175,0,24718.107421875,436.9690856933594,131.43467712402344,82.05408477783203,58.28728103637695,44.714908599853516,39.992095947265625,32.623600006103516,29.817087173461914,28.290721893310547,26.38199234008789,23.836650848388672,23.090808868408203,20.767915725708008,19.484004974365234,18.401779174804688,17.546110153198242,10410.2373046875,37.73827362060547,20.459108352661133
370000,380032,17,3,251,175,1,24723.15234375,437.02923583984375,131.2212677001953,82.87337493896484,58.59543228149414,47.095985412597656,46.03751754760742,39.82487869262695,33.05261993408203,29.386581420898438,25.279541015625,25.054826736450195,23.533462524414062,22.244640350341797,20.53436279296875,19.135892868041992,17.357345581054688,10411.62890625,42.216033935546875,24.4530029296875
375000,385024,17,3,248,188,0,24999.697265625,279.3222961425781,121.63706970214844,76.07164764404297,52.37871551513672,45.94172286987305,35.72062683105469,31.406553268432617,28.30389976501465,25.948598861694336,23.456806182861328,21.32162857055664,19.79796600341797,19.05420684814453,17.92886734008789,17.58869743347168,16.403072357177734,10526.5869140625,37.80525207519531,19.46830177307129
375000,385024,17,3,248,188,1,24996.029296875,278.818359375,119.92281341552734,75.11963653564453,53.02226257324219,44.24037551879883,35.48423767089844,34.38280487060547,29.567129135131836,25.083393096923828,22.322935104370117,20.602983474731445,19.5113525390625,17.549833297729492,16.080575942993164,15.957271575927734,14.445723533630371,10527.2412109375,40.066810607910156,18.77885627746582
380000,390016,17,3,255,185,0,25761.404296875,273.2867736816406,106.89151763916016,81.59334564208984,58.08259201049805,41.858055114746094,38.25959014892578,33.08222961425781,27.22367286682129,24.35365104675293,22.85259437561035,21.67685317993164,19.421833038330078,18.974578857421875,17.68631362915039,16.594032287597656,15.45095443725586,10844.3037109375,40.55175018310547,19.885202407836914
380000,390016,17,3,255,185,1,25774.25,274.8973388671875,106.99272155761719,78.08636474609375,57.270721435546875,40.824493408203125,36.04114532470703,33.671058654785156,29.232009887695312,27.978614807128906,23.30843734741211,21.953147888183594,20.70147705078125,19.054094314575195,18.12755012512207,16.701108932495117,15.74464225769043,10849.9111328125,38.85367202758789,21.953571319580078
385000,395008,17,3,255,190,0,25476.0,256.59136962890625,115.48241424560547,76.46209716796875,57.630924224853516,45.94256591796875,40.56451416015625,36.426734924316406,33.478919982910156,32.87092971801758,26.57583236694336,22.30888557434082,20.59662628173828,19.638635635375977,18.797529220581055,17.531198501586914,15.064576148986816,10713.0078125,38.609031677246094,22.103839874267578
385000,395008,17,3,255,190,1,25476.51171875,256.1534729003906,115.5166244506836,78.18000793457031,60.173805236816406,50.87974166870117,38.706573486328125,36.8157958984375,32.59825897216797,29.81267547607422,28.519136428833008,24.122825622558594,20.35841941833496,19.08734703063965,18.58036994934082,17.583213806152344,17.182283401489258,10714.224609375,42.08219528198242,22.63876724243164
390000,400000,17,3,253,192,0,26022.509765625,261.9840087890625,124.93468475341797,88.07920837402344,54.498626708984375,45.430511474609375,44.11082077026367,38.49085998535156,35.43156433105469,33.26341247558594,23.544410705566406,22.50167465209961,20.855819702148438,18.959077835083008,17.984956741333008,17.59811782836914,15.99145221710205,10960.9462890625,44.61415481567383,22.732179641723633
390000,400000,17,3,253,192,1,26041.431640625,262.26580810546875,125.56389617919922,87.12677764892578,54.950870513916016,46.812679290771484,39.29774856567383,36.663055419921875,31.5303955078125,28.341489791870117,23.264753341674805,21.804176330566406,19.671228408813477,18.644319534301758,18.037038803100586,17.532499313354492,15.958115577697754,10969.0615234375,42.602081298828125,19.476051330566406
395000,404992,17,3,251,182,0,25878.14453125,217.64822387695312,107.17129516601562,71.59925842285156,55.22970962524414,42.60021209716797,36.29540252685547,31.57825469970703,26.55048370361328,25.805259704589844,24.631990432739258,22.626346588134766,19.908376693725586,19.47572135925293,18.541786193847656,17.7829647064209,17.025419235229492,10880.369140625,39.3754997253418,24.39145278930664
395000,404992,17,3,251,182,1,25866.40234375,218.406005859375,108.06298065185547,71.03118896484375,57.34890365600586,45.20006561279297,36.326576232910156,30.915285110473633,29.853836059570312,27.22876739501953,22.048240661621094,21.039226531982422,20.406681060791016,18.952674865722656,18.186767578125,16.528837203979492,16.387367248535156,10876.6630859375,38.964080810546875,22.522544860839844
400000,410048,17,3,252,197,0,26191.8125,334.8739929199219,223.4558868408203,79.35844421386719,58.84357452392578,39.99871063232422,38.75067138671875,32.14412307739258,31.646852493286133,26.933216094970703,24.981199264526367,23.072214126586914,21.830490112304688,20.045055389404297,19.30451202392578,18.192466735839844,15.536819458007812,11028.328125,41.97072219848633,21.608745574951172
400000,410048,17,3,252,197,1,26188.015625,336.8954772949219,232.13072204589844,86.73067474365234,55.28058624267578,39.261260986328125,36.85977554321289,30.844615936279297,30.04253387451172,26.685590744018555,24.916976928710938,22.24530792236328,21.523237228393555,19.824907302856445,18.766687393188477,18.059547424316406,17.46421241760254,11027.9345703125,39.73830032348633,22.543867111206055
405000,415040,17,3,253,179,0,26163.41015625,468.297607421875,132.26617431640625,86.15796661376953,76.22261810302734,50.25784683227539,40.22288131713867,38.19035720825195,36.9212532043457,30.37989616394043,27.829675674438477,26.414085388183594,24.189016342163086,21.36957550048828,18.91672134399414,18.020061492919922,17.18510627746582,10988.2509765625,50.411624908447266,26.854473114013672
405000,415040,17,3,253,179,1,26189.41796875,467.1742858886719,127.81787109375,82.9654312133789,71.55628967285156,57.107872009277344,44.82746887207031,40.205692291259766,34.342952728271484,31.58879280090332,30.935731887817383,25.755043029785156,22.037763595581055,21.128385543823242,19.275314331054688,18.071224212646484,17.29207992553711,10999.2412109375,50.3275032043457,26.20616912841797
410000,420032,17,3,251,186,0,26540.484375,273.0345764160156,113.93384552001953,78.19071960449219,54.7235221862793,46.95236587524414,39.161346435546875,35.174339294433594,33.27143096923828,28.140066146850586,22.72774314880371,21.76852798461914,21.47569465637207,19.983280181884766,18.97751808166504,16.70565414428711,16.478595733642578,11184.451171875,46.393699645996094,23.923171997070312
410000,420032,17,3,251,186,1,26543.328125,274.7750244140625,114.7261962890625,77.57744598388672,54.42680358886719,42.038360595703125,37.027862548828125,31.480506896972656,30.744205474853516,27.913875579833984,24.030054092407227,23.173995971679688,22.685077667236328,19.63319206237793,18.39463233947754,17.826574325561523,16.44593048095703,11184.861328125,42.665584564208984,22.866716384887695
415000,425024,17,3,251,185,0,26641.1484375,258.42724609375,138.75791931152344,81.39535522460938,70.87801361083984,46.12425994873047,41.91773986816406,38.096920013427734,35.881221771240234,31.171342849731445,27.896013259887695,22.56484603881836,22.282052993774414,21.1856689453125,18.990501403808594,18.317094802856445,15.443907737731934,11208.822265625,55.47021484375,30.218345642089844
415000,425024,17,3,251,185,1,26653.697265625,257.1567687988281,136.5529022216797,74.90149688720703,67.19051361083984,46.473690032958984,41.72893524169922,38.88350296020508,36.55149841308594,32.33064651489258,25.705080032348633,25.454374313354492,24.129423141479492,21.828018188476562,21.405515670776367,20.058494567871094,19.755245208740234,11214.88671875,54.407413482666016,28.15428352355957
420000,430016,17,3,254,186,0,26836.375,429.08673095703125,132.67074584960938,89.19902038574219,62.83072280883789,48.08415985107422,41.47855758666992,37.38780975341797,33.10911560058594,28.812030792236328,26.795509338378906,25.285465240478516,24.16656494140625,21.8834171295166,20.769332885742188,18.271839141845703,17.649322509765625,11270.5009765625,49.88120651245117,24.51349449157715
420000,430016,17,3,254,186,1,26838.69140625,438.63446044921875,133.2539520263672,86.17002868652344,59.91180419921875,47.213356018066406,42.77138137817383,39.68351745605469,34.67130661010742,27.395030975341797,26.407503128051758,24.775543212890625,22.632801055908203,22.30576515197754,21.10955238342285,19.62100601196289,18.24151611328125,11271.328125,43.74920654296875,25.05716323852539
425000,435008,17,3,252,184,0,27168.044921875,231.83599853515625,130.62571716308594,83.36334991455078,59.63283920288086,50.29072189331055,36.83692932128906,35.29597473144531,34.35202407836914,31.042085647583008,28.47420883178711,26.13067626953125,23.73661231994629,22.608806610107422,20.24526596069336,19.577913284301758,17.229124069213867,11428.3779296875,47.426422119140625,25.158519744873047
425000,435008,17,3,252,184,1,27161.984375,231.0645294189453,129.28663635253906,83.54653930664062,57.61735916137695,49.15835952758789,37.41486740112305,36.74001693725586,34.08224105834961,30.28223419189453,27.65066909790039,24.597314834594727,23.011152267456055,22.595081329345703,20.340532302856445,18.795196533203125,17.52729606628418,11424.546875,50.98421096801758,22.743240356445312
430000,440000,17,3,252,192,0,27030.99609375,263.1878356933594,126.54676055908203,85.01000213623047,62.66884994506836,49.278995513916016,37.1849365234375,34.28240966796875,29.323923110961914,24.254316329956055,22.938444137573242,20.097951889038086,19.388879776000977,18.435688018798828,16.869491577148438,15.789532661437988,15.548441886901855,11381.345703125,46.07146072387695,22.192461013793945
430000,440000,17,3,252,192,1,27025.04296875,264.73175048828125,125.01045227050781,82.49126434326172,63.105194091796875,48.94122314453125,39.707096099853516,34.284034729003906,30.680692672729492,27.0843505859375,25.50273323059082,22.34284210205078,21.117555618286133,20.334125518798828,18.54788589477539,17.59271812438965,16.551372528076172,11377.9912109375,44.78728103637695,22.62674331665039
435000,444992,17,3,252,191,0,27856.833984375,351.3656005859375,116.64936828613281,87.21356964111328,63.847816467285156,42.7147216796875,39.952903747558594,35.54313278198242,31.272457122802734,27.50937271118164,26.151119232177734,24.334001541137695,22.326221466064453,22.040361404418945,20.275192260742188,19.572324752807617,17.992992401123047,11725.3671875,41.083335876464844,22.257522583007812
435000,444992,17,3,252,191,1,27835.8671875,356.3818664550781,118.99532318115234,85.57779693603516,60.687862396240234,43.681400299072266,39.709510803222656,32.01047897338867,28.44355010986328,26.946016311645508,26.10257911682129,22.965330123901367,21.66738510131836,20.94108772277832,20.277912139892578,18.92147445678711,18.700475692749023,11715.580078125,40.81804275512695,22.12820816040039
440000,450048,17,3,250,192,0,27669.58984375,259.3460693359375,114.5675048828125,84.28694915771484,54.902984619140625,47.217342376708984,41.566829681396484,38.761940002441406,36.67230224609375,28.675662994384766,25.94870948791504,23.716495513916016,20.692705154418945,19.92772674560547,19.29493522644043,17.775339126586914,16.917295455932617,11638.8837890625,46.391258239746094,24.70171546936035
440000,450048,17,3,250,192,1,27665.251953125,257.7506103515625,113.11550903320312,85.05419921875,54.49795913696289,47.06253433227539,38.218414306640625,37.9632453918457,34.59886932373047,27.119827270507812,23.78081512451172,23.20453643798828,21.523855209350586,19.406204223632812,18.77182960510254,17.13160514831543,16.227994918823242,11636.6396484375,42.88555145263672,20.581539154052734
445000,455040,17,3,252,191,0,27853.080078125,311.4640197753906,127.23937225341797,92.74420928955078,71.78585815429688,56.2864875793457,50.12364959716797,45.113529205322266,40.01950454711914,32.79413604736328,28.991012573242188,26.484804153442383,26.451692581176758,24.96394157409668,22.542993545532227,20.918149948120117,20.536497116088867,11703.1162109375,42.64299011230469,29.35274314880371
445000,455040,17,3,252,191,1,27837.654296875,306.91943359375,127.31122589111328,92.48924255371094,70.39019775390625,52.41602325439453,43.567020416259766,39.98353958129883,35.061439514160156,29.692630767822266,28.31802749633789,26.644437789916992,24.746694564819336,23.65154266357422,21.816343307495117,20.4804630279541,19.755830764770508,11697.986328125,39.44881820678711,28.65662956237793
450000,460032,17,3,252,187,0,28132.29296875,410.99432373046875,135.26316833496094,94.410888671875,66.28851318359375,51.53010559082031,45.36274719238281,39.43824005126953,35.666656494140625,30.67034339904785,28.526304244995117,25.819067001342773,23.755956649780273,22.578073501586914,21.345443725585938,19.850082397460938,18.68443489074707,11835.3720703125,54.78324508666992,23.948015213012695
450000,460032,17,3,252,187,1,28138.4609375,411.6228332519531,137.98873901367188,95.08551788330078,63.80388259887695,52.24722671508789,46.79159164428711,45.06325149536133,36.3021354675293,33.484031677246094,27.758440017700195,26.69365692138672,23.26217269897461,22.598936080932617,21.4871826171875,20.028335571289062,18.73036766052246,11837.1875,58.54154586791992,22.59054946899414
455000,465024,17,3,253,193,0,28332.0234375,239.52622985839844,139.12393188476562,77.54206848144531,55.48202133178711,49.00300216674805,48.09719467163086,40.864532470703125,37.609657287597656,34.01065444946289,27.30363655090332,25.1519775390625,24.457386016845703,21.355762481689453,20.715436935424805,18.439191818237305,17.679899215698242,11897.7958984375,45.6679801940918,25.20467185974121
455000,465024,17,3,253,193,1,28322.765625,240.3110809326172,138.05970764160156,77.91696166992188,56.70143127441406,46.54642105102539,43.57985305786133,39.09276580810547,34.189048767089844,29.44243621826172,25.388530731201172,24.664199829101562,21.887487411499023,20.979110717773438,20.25010108947754,18.478418350219727,17.835376739501953,11892.294921875,45.13705825805664,24.593311309814453
460000,470016,17,3,255,206,0,28398.767578125,479.03228759765625,160.8054962158203,127.4079360961914,66.88550567626953,56.897125244140625,50.912410736083984,45.13392639160156,33.15098571777344,30.892803192138672,28.11894989013672,26.182287216186523,24.31248664855957,22.69384002685547,21.417871475219727,20.159706115722656,18.959104537963867,11929.041015625,45.165184020996094,24.163894653320312
460000,470016,17,3,255,206,1,28399.642578125,487.74932861328125,171.9517364501953,135.19479370117188,70.204833984375,58.34257125854492,45.29766845703125,41.75720977783203,36.22549819946289,29.80078125,27.747295379638672,26.70240592956543,24.34518051147461,23.13705062866211,21.938695907592773,20.755176544189453,19.964807510375977,11929.57421875,45.91902542114258,25.133663177490234
465000,475008,17,3,251,190,0,28703.9453125,299.456298828125,139.1378936767578,69.69448852539062,66.10075378417969,49.54084396362305,38.75611114501953,38.19153594970703,33.421512603759766,28.23567008972168,24.481416702270508,22.97960090637207,22.32001304626465,20.253820419311523,19.554597854614258,17.654516220092773,17.22641372680664,12074.16796875,42.892608642578125,24.49732780456543
465000,475008,17,3,251,190,1,28701.21484375,300.3792724609375,143.0262451171875,72.79786682128906,62.95830535888672,50.12300491333008,42.69446563720703,36.71146774291992,32.399658203125,27.47512435913086,26.995885848999023,26.402963638305664,22.10101318359375,21.785558700561523,21.166860580444336,17.963848114013672,16.679096221923828,12073.3134765625,46.02429962158203,24.93604278564453
470000,480000,17,3,246,195,0,28443.03125,298.50506591796875,154.79104614257812,91.62528991699219,63.48700714111328,52.40962219238281,49.09722137451172,40.21342086791992,33.38240051269531,31.51078224182129,25.998647689819336,22.739065170288086,21.848310470581055,20.27089500427246,18.852792739868164,18.075138092041016,16.715089797973633,11963.9560546875,49.315940856933594,25.69091033935547
470000,480000,17,3,246,195,1,28437.837890625,295.7334899902344,157.0745086669922,92.91542053222656,62.737205505371094,51.315486907958984,47.780189514160156,41.5334587097168,36.36168670654297,31.33704948425293,25.880939483642578,23.904054641723633,22.314332962036133,20.104509353637695,19.623294830322266,18.89484214782715,17.499963760375977,11960.865234375,50.188560485839844,25.31507110595703
475000,484992,17,3,249,192,0,28784.13671875,282.1407165527344,135.368408203125,81.84347534179688,59.720523834228516,48.57772445678711,39.260746002197266,34.69479751586914,32.897396087646484,28.847999572753906,26.779972076416016,25.420419692993164,22.955665588378906,22.390220642089844,20.240121841430664,19.086511611938477,17.403316497802734,12106.4873046875,44.946083068847656,27.952373504638672
475000,484992,17,3,249,192,1,28784.984375,280.111328125,133.64036560058594,83.32328033447266,58.90806198120117,50.49623107910156,40.49932861328125,36.324989318847656,31.47525405883789,30.19280433654785,26.74969482421875,25.05036735534668,21.135765075683594,20.774843215942383,20.44995880126953,19.647192001342773,17.69124984741211,12106.994140625,43.17115020751953,24.79722023010254
480000,490048,17,3,254,197,0,29655.267578125,285.82342529296875,143.06814575195312,84.1588363647461,60.86238098144531,52.853240966796875,44.491058349609375,39.29587936401367,33.84217834472656,29.871915817260742,28.12636375427246,24.98269271850586,24.01224136352539,21.886398315429688,20.921382904052734,19.711408615112305,18.6123104095459,12477.3720703125,43.010868072509766,23.871450424194336
480000,490048,17,3,254,197,1,29641.7421875,286.0634765625,141.93380737304688,80.92596435546875,60.801979064941406,52.81895446777344,45.08531188964844,36.99013900756836,33.70146942138672,28.11663246154785,26.1326904296875,24.52943992614746,23.290630340576172,21.466238021850586,20.86190414428711,19.407445907592773,16.357240676879883,12470.6806640625,41.89943313598633,24.556421279907227
485000,495040,17,3,254,189,0,30169.71875,445.20013427734375,148.10107421875,102.0705337524414,71.91962432861328,52.00802993774414,46.02916717529297,41.73527908325195,39.604530334472656,37.77110290527344,32.962547302246094,28.860010147094727,28.252933502197266,27.311182022094727,25.139278411865234,23.604026794433594,23.419437408447266,12670.830078125,54.99839782714844,26.92470359802246
485000,495040,17,3,254,189,1,30161.3359375,447.4179382324219,146.6590118408203,99.90101623535156,69.0295639038086,53.67645263671875,44.85175704956055,39.3751106262207,35.99579620361328,33.434993743896484,30.658893585205078,28.532508850097656,26.704830169677734,26.09628677368164,24.49443244934082,23.265058517456055,22.381839752197266,12665.8408203125,60.052249908447266,29.328462600708008
490000,500032,17,3,254,192,0,30435.7890625,269.9925537109375,137.7110595703125,81.93891906738281,62.2169189453125,51.65207290649414,41.406429290771484,36.16073989868164,33.89756774902344,29.045265197753906,26.396217346191406,25.347444534301758,24.284408569335938,22.7957763671875,21.659345626831055,19.814706802368164,18.208118438720703,12791.34765625,41.03392028808594,24.806026458740234
490000,500032,17,3,254,192,1,30422.193359375,269.72857666015625,136.708251953125,79.9012680053711,63.032814025878906,48.0301399230957,41.16729736328125,38.937744140625,36.45466995239258,31.613821029663086,28.520591735839844,26.805896759033203,24.835241317749023,24.10111427307129,21.778270721435547,20.12929916381836,19.62651252746582,12785.0703125,42.59847640991211,25.70684051513672
495000,505024,17,3,250,194,0,30032.23828125,256.0423889160156,155.6781005859375,90.64832305908203,69.81184387207031,57.93167495727539,46.036964416503906,43.29111862182617,40.20661163330078,33.30072784423828,29.911531448364258,27.943092346191406,26.57659339904785,24.586095809936523,23.82176971435547,23.400436401367188,20.55186653137207,12625.1162109375,56.26980209350586,30.00711441040039
495000,505024,17,3,250,194,1,30057.662109375,255.3284149169922,158.5993194580078,91.48116302490234,70.08562469482422,60.22835922241211,47.166046142578125,43.5657958984375,37.28270721435547,32.543479919433594,28.457664489746094,27.166086196899414,25.983386993408203,24.997568130493164,23.155807495117188,21.607831954956055,19.68952178955078,12634.525390625,56.656028747558594,29.231830596923828
500000,510016,17,3,248,194,0,30301.69921875,395.59405517578125,139.5902099609375,99.1153793334961,64.9532241821289,56.451881408691406,53.17572021484375,44.061771392822266,41.18704605102539,34.38266372680664,31.94536018371582,26.819759368896484,23.350360870361328,22.644575119018555,21.503637313842773,19.730459213256836,17.9014949798584,12743.5859375,61.46125411987305,23.96439552307129
500000,510016,17,3,248,194,1,30298.82421875,395.3025817871094,138.71212768554688,96.63499450683594,64.48552703857422,58.91122817993164,51.744346618652344,49.39097595214844,41.021461486816406,36.51475524902344,32.338741302490234,31.350481033325195,26.849058151245117,24.65845489501953,24.183120727539062,22.115617752075195,19.018821716308594,12742.822265625,65.53408813476562,30.657546997070312
505000,515008,17,3,250,195,0,30081.822265625,301.5586853027344,143.55508422851562,100.76205444335938,73.94976043701172,55.62784957885742,47.93684005737305,45.37920379638672,41.029815673828125,37.99585723876953,29.402002334594727,26.357364654541016,26.190765380859375,23.046592712402344,21.10149383544922,20.099321365356445,19.159751892089844,12656.4072265625,69.56836700439453,31.44122314453125
505000,515008,17,3,250,195,1,30101.751953125,302.1247863769531,143.53253173828125,102.41494750976562,71.76002502441406,49.156436920166016,46.68754196166992,40.58869934082031,36.43218231201172,33.247314453125,27.393095016479492,26.14658546447754,25.386213302612305,23.558746337890625,21.347980499267578,20.497791290283203,19.937000274658203,12664.1357421875,62.3304328918457,26.09588623046875
510000,520000,17,3,250,189,0,30948.8515625,280.22308349609375,120.8002700805664,93.24665069580078,68.8260498046875,48.41789245605469,42.791893005371094,41.16994857788086,34.58482360839844,31.18549346923828,28.854013442993164,24.935388565063477,23.90567970275879,22.311861038208008,21.94101333618164,21.913204193115234,19.96895408630371,13020.76171875,44.861576080322266,22.41489028930664
510000,520000,17,3,250,189,1,30924.875,281.3194274902344,119.21187591552734,94.20639038085938,67.70805358886719,48.82172775268555,42.45508575439453,41.602500915527344,34.365726470947266,30.91571807861328,27.3745174407959,24.062225341796875,23.63939666748047,21.818668365478516,21.0422306060791,20.102357864379883,18.63393783569336,13011.7783203125,47.53307342529297,22.284282684326172
515000,524992,17,3,251,205,0,31049.392578125,275.0476379394531,148.03363037109375,95.74571990966797,76.104736328125,54.54544448852539,41.63136291503906,39.370849609375,37.54244613647461,33.21709442138672,27.964275360107422,27.441316604614258,25.37790870666504,22.362913131713867,22.002283096313477,21.308303833007812,19.420122146606445,13058.9052734375,72.99849700927734,26.454940795898438
515000,524992,17,3,251,205,1,31020.83984375,275.189697265625,147.76025390625,93.78019714355469,73.46940612792969,56.41791915893555,45.5925407409668,41.60488510131836,38.617271423339844,34.272090911865234,30.575613021850586,27.244586944580078,25.114246368408203,23.63943099975586,22.6315860748291,20.275253295898438,19.855680465698242,13046.9296875,65.90630340576172,27.723857879638672
520000,530048,17,3,248,194,0,31210.169921875,282.8294677734375,143.5610809326172,90.1658706665039,71.26712799072266,53.99138259887695,45.453155517578125,40.30754089355469,39.82778549194336,31.52821159362793,30.77850914001465,28.43968391418457,25.96055030822754,24.680068969726562,23.593751907348633,21.75855827331543,21.17102813720703,13134.7333984375,51.371150970458984,29.247243881225586
520000,530048,17,3,248,194,1,31226.0078125,281.2801818847656,143.69015502929688,89.45162200927734,68.8199462890625,54.92642593383789,45.0003662109375,40.410621643066406,37.310768127441406,33.8968391418457,29.603580474853516,28.22484016418457,25.344223022460938,24.790679931640625,23.641918182373047,21.158655166625977,19.547775268554688,13140.8291015625,48.0301399230957,28.456356048583984
525000,535040,17,3,251,199,0,31595.8046875,287.0240478515625,133.30271911621094,97.21932983398438,64.47905731201172,55.15814208984375,41.800235748291016,35.739749908447266,34.70069122314453,31.761138916015625,27.050701141357422,25.408029556274414,24.043025970458984,22.594318389892578,21.914608001708984,20.498497009277344,18.865800857543945,13313.615234375,44.33242416381836,24.02279281616211
525000,535040,17,3,251,199,1,31588.505859375,285.9109802246094,132.484375,97.13301849365234,66.57332611083984,55.45972442626953,44.09436798095703,36.80866241455078,35.12677001953125,30.938108444213867,26.448848724365234,25.224159240722656,24.400651931762695,22.149866104125977,21.232913970947266,20.86113166809082,19.2561092376709,13312.2568359375,45.37262725830078,23.444826126098633
530000,540032,17,3,253,208,0,31841.34765625,254.4552459716797,131.24560546875,86.08494567871094,72.5441665649414,57.64405822753906,48.57133483886719,42.53338623046875,35.49665832519531,34.12199783325195,28.94881820678711,26.1883602142334,25.157445907592773,24.423419952392578,22.827898025512695,21.236967086791992,19.999134063720703,13412.6083984375,55.40282440185547,25.74932289123535
530000,540032,17,3,253,208,1,31817.439453125,258.5104064941406,131.7884979248047,86.43560028076172,72.2516098022461,57.315330505371094,49.13608169555664,40.866031646728516,34.647216796875,31.88615608215332,30.322553634643555,27.291622161865234,25.332937240600586,23.31955337524414,22.756731033325195,21.98590087890625,20.211942672729492,13401.84375,54.94990921020508,26.163284301757812
535000,545024,17,3,253,210,0,32230.46875,277.394775390625,146.33871459960938,102.00926971435547,74.92112731933594,62.53915786743164,54.90584182739258,47.260406494140625,38.067806243896484,37.620635986328125,31.9951229095459,31.01947593688965,28.273170471191406,25.770320892333984,24.471282958984375,22.466028213500977,20.77798080444336,13554.4501953125,56.29833984375,25.20172691345215
535000,545024,17,3,253,210,1,32213.279296875,274.01922607421875,146.69252014160156,101.15526580810547,73.87173461914062,59.961334228515625,51.32906723022461,45.8828125,39.96953582763672,39.419654846191406,32.39772415161133,28.46514892578125,26.50284194946289,24.731163024902344,23.385726928710938,21.75473403930664,20.910057067871094,13545.0556640625,58.6072883605957,26.947004318237305
540000,550016,17,3,250,208,0,32111.15234375,343.60601806640625,133.7198486328125,92.59341430664062,66.01487731933594,55.295623779296875,47.21705627441406,42.241546630859375,41.25197219848633,34.376190185546875,28.775856018066406,27.02716064453125,25.268157958984375,24.45612907409668,22.334320068359375,20.767908096313477,20.36838722229004,13506.142578125,49.58303451538086,31.18647003173828
540000,550016,17,3,250,208,1,32144.890625,343.0899963378906,136.97598266601562,88.59353637695312,65.63738250732422,57.68431854248047,49.71481704711914,40.066368103027344,38.72065734863281,34.75191879272461,29.7249698638916,26.915176391601562,25.76555824279785,24.93520736694336,22.194412231445312,21.227529525756836,20.806360244750977,13521.3037109375,49.33224105834961,29.099567413330078
545000,555008,17,3,253,200,0,32830.1875,269.3895568847656,145.88963317871094,97.64753723144531,70.86139678955078,53.0549430847168,47.89983367919922,38.48651123046875,36.045013427734375,34.509788513183594,31.073396682739258,28.052780151367188,25.86350440979004,25.01874351501465,23.37692642211914,21.39754295349121,19.23382568359375,13786.591796875,49.06782913208008,28.355722427368164
545000,555008,17,3,253,200,1,32824.875,267.9581298828125,149.19174194335938,98.58372497558594,69.93563842773438,54.727325439453125,46.707271575927734,38.272281646728516,36.321067810058594,33.915443420410156,32.374454498291016,29.80515480041504,26.849201202392578,24.13304901123047,22.81257438659668,21.95903968811035,20.206459045410156,13784.8681640625,44.94365692138672,28.227706909179688
550000,560000,17,3,253,209,0,32611.6015625,370.1803894042969,148.51947021484375,112.99539947509766,70.39749908447266,63.37731170654297,53.76179504394531,47.919490814208984,40.86369323730469,36.20778274536133,31.358428955078125,29.45360565185547,26.960676193237305,25.868629455566406,23.785310745239258,22.37245750427246,20.907655715942383,13711.376953125,55.56488037109375,32.74836349487305
550000,560000,17,3,253,209,1,32589.044921875,371.3835754394531,151.49217224121094,109.23365783691406,72.54210662841797,63.520538330078125,56.52027130126953,46.95024490356445,44.18076705932617,39.55271911621094,33.65911102294922,32.775184631347656,28.017683029174805,26.883602142333984,25.7263126373291,23.78455352783203,23.006502151489258,13703.1640625,58.59641647338867,32.52362823486328
555000,564992,17,3,249,197,0,32655.46484375,298.5104064941406,132.77481079101562,96.31421661376953,78.8114242553711,63.53707504272461,50.79803466796875,43.69116973876953,39.01790237426758,35.06498336791992,32.94300842285156,31.3530330657959,28.321853637695312,27.251850128173828,24.81555938720703,24.331398010253906,20.880117416381836,13732.69921875,47.791072845458984,29.727441787719727
555000,564992,17,3,249,197,1,32655.455078125,297.2241516113281,132.26364135742188,95.16285705566406,75.41292572021484,58.12106704711914,48.1490478515625,43.57374572753906,39.45848846435547,35.23042297363281,32.035152435302734,29.6127986907959,25.97403335571289,24.453636169433594,22.613122940063477,22.045869827270508,20.21988296508789,13731.96484375,47.57097625732422,27.575584411621094
560000,570048,17,3,249,204,0,33089.921875,339.1178894042969,144.50575256347656,96.04666900634766,83.12682342529297,63.87409210205078,53.51039123535156,41.8274040222168,37.54469299316406,32.181888580322266,30.887887954711914,27.12481117248535,26.719589233398438,26.157743453979492,24.03414535522461,22.468969345092773,20.71868896484375,13927.232421875,53.600006103515625,30.725614547729492
560000,570048,17,3,249,204,1,33097.15625,338.60791015625,145.9786834716797,97.51571655273438,86.42303466796875,67.48379516601562,53.125179290771484,43.245399475097656,38.304359436035156,34.18165588378906,32.4091911315918,27.40176010131836,27.362140655517578,24.35240364074707,23.30738067626953,22.73242950439453,20.535259246826172,13932.5205078125,50.84164047241211,32.67734146118164
565000,575040,17,3,253,200,0,33314.88671875,372.8753356933594,137.94041442871094,102.18452453613281,79.31040954589844,58.964412689208984,50.997344970703125,47.27875900268555,42.96476745605469,39.95838165283203,34.712074279785156,33.680660247802734,30.47391128540039,26.225664138793945,25.95672607421875,24.56134033203125,22.77860450744629,14013.470703125,51.411624908447266,27.558778762817383
565000,575040,17,3,253,200,1,33296.484375,373.2405700683594,138.88670349121094,99.1665267944336,79.97689056396484,58.2473258972168,53.36304473876953,48.5897331237793,43.92824935913086,40.28038024902344,34.85390090942383,33.097503662109375,31.313486099243164,27.129438400268555,26.0452880859375,25.30168914794922,21.440122604370117,14005.048828125,51.228126525878906,26.613473892211914
570000,580032,17,3,250,207,0,33494.91015625,456.16375732421875,172.6951904296875,111.08035278320312,84.30238342285156,64.55543518066406,50.808589935302734,44.100341796875,40.741920471191406,38.94626998901367,31.656301498413086,29.029741287231445,28.6601619720459,26.770851135253906,25.47370719909668,24.32909393310547,22.170997619628906,14097.28515625,52.665863037109375,30.7684268951416
570000,580032,17,3,250,207,1,33510.83984375,456.51483154296875,173.37071228027344,110.75960540771484,85.90271759033203,61.27827835083008,50.51124572753906,43.31640625,41.389373779296875,36.78460693359375,32.48912811279297,29.189659118652344,28.05563735961914,26.207761764526367,26.08226776123047,24.2842960357666,23.58294677734375,14104.0087890625,53.11448669433594,27.893238067626953
575000,585024,17,3,255,209,0,33673.59765625,367.7325744628906,157.2126922607422,92.47193908691406,80.11753845214844,70.2595443725586,68.25828552246094,63.05461502075195,54.833683013916016,48.605838775634766,33.46198654174805,31.266887664794922,27.079715728759766,24.995080947875977,24.79176139831543,23.075435638427734,21.641447067260742,14181.34375,66.10489654541016,38.12287902832031
575000,585024,17,3,255,209,1,33653.1015625,361.62347412109375,156.23484802246094,90.9651107788086,81.92623138427734,60.95058822631836,58.53306579589844,57.180118560791016,52.88809585571289,42.49463653564453,30.434978485107422,30.01569938659668,28.370128631591797,25.79783821105957,24.683439254760742,23.920495986938477,22.572242736816406,14170.9755859375,60.726165771484375,33.834285736083984
580000,590016,17,3,255,206,0,34907.55859375,306.2380065917969,146.56719970703125,101.7860336303711,74.56074523925781,64.36651611328125,53.18403244018555,46.57188034057617,42.082096099853516,38.738441467285156,31.90182876586914,29.640771865844727,26.298006057739258,25.219003677368164,23.929149627685547,23.513816833496094,20.422168731689453,14692.7255859375,57.475860595703125,27.071950912475586
580000,590016,17,3,255,206,1,34880.109375,307.83197021484375,151.36610412597656,107.47775268554688,74.12593841552734,67.65846252441406,55.51326370239258,45.75541305541992,39.845726013183594,38.481117248535156,33.55186462402344,31.809968948364258,25.65507698059082,24.925535202026367,24.744159698486328,23.40757179260254,23.030929565429688,14678.1962890625,62.28359603881836,29.227916717529297
585000,595008,17,3,253,209,0,34614.72265625,316.3299560546875,143.2298126220703,106.71149444580078,80.80982971191406,65.49337005615234,49.368595123291016,47.675453186035156,42.44987869262695,40.75051498413086,36.10472869873047,30.76041603088379,29.95964241027832,29.449848175048828,26.271154403686523,25.205080032348633,24.792633056640625,14550.6328125,53.27277755737305,30.45010757446289
585000,595008,17,3,253,209,1,34601.6484375,312.7925109863281,144.19781494140625,103.3191909790039,80.446533203125,64.32090759277344,49.560184478759766,46.85531997680664,41.85017776489258,35.8900260925293,34.661537170410156,29.157974243164062,27.792753219604492,27.338817596435547,26.816740036010742,25.48785400390625,23.36090087890625,14544.18359375,53.01176071166992,28.846548080444336
590000,600000,17,3,250,201,0,34707.15625,906.8900756835938,162.8308563232422,120.28132629394531,90.38909149169922,79.25836944580078,54.97024154663086,54.399288177490234,45.6408576965332,42.27241897583008,34.69379425048828,30.500656127929688,29.74768829345703,28.44648551940918,26.630489349365234,25.88054084777832,21.957983016967773,14595.765625,82.22000122070312,37.44989013671875
590000,600000,17,3,250,201,1,34703.0625,922.9085693359375,165.42205810546875,117.44581604003906,90.01240539550781,77.34561920166016,55.91501235961914,53.101070404052734,43.361671447753906,41.51042175292969,33.360450744628906,31.813201904296875,30.11283302307129,27.174184799194336,26.229387283325195,23.98278045654297,22.760759353637695,14592.4814453125,81.19066619873047,37.506038665771484
595000,604992,17,3,250,208,0,35346.12890625,305.7413635253906,166.2899627685547,107.48451232910156,85.82320404052734,64.63065338134766,56.25527572631836,52.345176696777344,48.80540084838867,40.303287506103516,33.240394592285156,32.0654296875,30.829856872558594,27.693309783935547,26.572097778320312,23.363779067993164,20.961835861206055,14864.2490234375,55.028564453125,27.59605598449707
595000,604992,17,3,250,208,1,35315.76171875,309.3441467285156,165.97369384765625,108.565673828125,83.39012145996094,61.28770065307617,52.199790954589844,45.09592819213867,42.58927536010742,37.44594955444336,36.745174407958984,32.11697769165039,30.636606216430664,26.72055435180664,25.331470489501953,23.874393463134766,22.7025146484375,14852.0625,53.4283561706543,30.444656372070312
600000,610048,17,3,251,211,0,35193.98828125,351.3466491699219,157.39447021484375,109.49909210205078,78.89092254638672,64.58961486816406,57.69641876220703,47.398826599121094,43.255001068115234,39.190338134765625,32.12260437011719,31.280006408691406,28.41737174987793,27.07533836364746,26.400318145751953,24.61903953552246,22.160139083862305,14809.5537109375,54.030731201171875,32.76493453979492
600000,610048,17,3,251,211,1,35210.33203125,353.4607849121094,153.9060516357422,107.4360122680664,78.09847259521484,65.54364013671875,55.67324447631836,51.57909393310547,51.163578033447266,40.497413635253906,34.38751983642578,32.662994384765625,30.765058517456055,27.832441329956055,27.16598129272461,26.303436279296875,21.90694808959961,14818.2978515625,57.6504020690918,34.59077072143555
605000,615040,17,3,251,201,0,35800.32421875,296.4273681640625,140.10133361816406,112.62940979003906,82.92758178710938,63.325645446777344,59.40871810913086,46.359432220458984,43.023380279541016,36.26184844970703,34.91257095336914,32.801048278808594,29.695863723754883,27.883472442626953,25.58877944946289,23.927865982055664,21.453617095947266,15071.3017578125,54.087196350097656,28.5137882232666
605000,615040,17,3,251,201,1,35822.609375,295.01678466796875,139.69802856445312,111.09673309326172,79.53892517089844,61.993873596191406,58.47810745239258,46.753662109375,42.94685745239258,38.476043701171875,37.982173919677734,35.657596588134766,30.659351348876953,29.14739990234375,27.928804397583008,25.61806869506836,24.90139389038086,15080.8466796875,55.6986083984375,31.933475494384766
610000,620032,17,3,250,203,0,35217.06640625,375.4364929199219,166.05917358398438,106.12698364257812,84.15644073486328,71.71981811523438,56.276405334472656,48.731712341308594,47.84630584716797,41.28501510620117,38.60478591918945,35.79668045043945,32.95087432861328,31.42519187927246,28.592313766479492,25.43171501159668,22.058429718017578,14818.2509765625,51.216007232666016,34.508453369140625
610000,620032,17,3,250,203,1,35212.22265625,373.9890441894531,165.19412231445312,103.68212127685547,84.85076141357422,68.36325073242188,53.387176513671875,49.39813995361328,47.9521598815918,39.65425109863281,38.309024810791016,36.66827392578125,32.98980712890625,29.2850341796875,28.49444580078125,26.868635177612305,23.838180541992188,14816.1923828125,51.609336853027344,36.36634826660156
615000,625024,17,3,253,209,0,35733.88671875,333.11724853515625,159.6910858154297,111.6093978881836,86.59876251220703,79.52149963378906,57.342803955078125,52.49437713623047,46.28651809692383,43.81442642211914,39.00402069091797,35.76496124267578,33.539833068847656,30.6690731048584,29.627941131591797,29.325517654418945,26.093402862548828,15031.30859375,61.336395263671875,37.30832290649414
615000,625024,17,3,253,209,1,35730.3515625,335.4092712402344,157.75405883789062,109.27532196044922,86.13920593261719,76.02362823486328,57.22575759887695,49.80800247192383,47.53463363647461,43.793678283691406,35.08928680419922,34.641685485839844,30.885377883911133,29.861406326293945,27.3417911529541,26.196266174316406,25.265487670898438,15032.0068359375,57.9651985168457,35.517967224121094
620000,630016,17,3,253,214,0,36824.90234375,307.1684265136719,158.2296905517578,114.44528198242188,92.3925552368164,75.92962646484375,65.27342224121094,50.16993713378906,46.701133728027344,40.004112243652344,36.48770523071289,35.10539245605469,31.25128173828125,30.418376922607422,27.873825073242188,27.216920852661133,21.756784439086914,15469.1181640625,62.94062805175781,33.9058723449707
620000,630016,17,3,253,214,1,36842.609375,309.7488708496094,159.6697540283203,110.34209442138672,90.07164001464844,71.85781860351562,62.36574172973633,46.74226760864258,45.93070983886719,41.904842376708984,36.480003356933594,33.58183288574219,32.5522346496582,28.422977447509766,26.665843963623047,25.099138259887695,23.713510513305664,15476.7060546875,60.522701263427734,35.343135833740234
625000,635008,17,3,248,206,0,36595.83984375,340.2823486328125,159.10855102539062,115.79827880859375,91.0693359375,71.71683502197266,60.324951171875,45.84320831298828,43.269439697265625,38.73054122924805,38.01717758178711,35.5069694519043,32.75899887084961,30.899085998535156,28.295021057128906,27.51547622680664,25.732385635375977,15376.0458984375,77.2650146484375,37.22538757324219
625000,635008,17,3,248,206,1,36582.07421875,335.8485107421875,159.7385711669922,112.33950805664062,87.51899719238281,67.0343246459961,56.1920280456543,44.95162582397461,42.09593200683594,40.52884292602539,34.84248733520508,33.43302917480469,32.14622497558594,28.451343536376953,27.657222747802734,26.77952003479004,25.252901077270508,15370.1689453125,72.06659698486328,32.94343185424805
630000,640000,17,3,250,213,0,36232.0390625,360.2840881347656,174.39073181152344,135.3946075439453,97.03610229492188,72.01117706298828,62.8454704284668,54.0715217590332,48.403541564941406,45.5538215637207,39.62449645996094,35.611209869384766,33.80629348754883,31.43065071105957,27.285354614257812,25.73716163635254,24.6397762298584,15253.7744140625,61.1810302734375,39.32046127319336
630000,640000,17,3,250,213,1,36227.34375,358.61090087890625,179.4593963623047,136.35809326171875,95.93501281738281,72.54224395751953,60.751853942871094,55.03607940673828,48.86285400390625,44.42794418334961,42.90275192260742,37.71649169921875,32.287105560302734,30.020490646362305,27.62397575378418,25.813251495361328,22.789663314819336,15253.0625,60.436466217041016,39.662113189697266
635000,644992,17,3,256,217,0,37159.6953125,397.840087890625,196.804443359375,125.54837036132812,101.08863830566406,78.07238006591797,63.81428146362305,53.903499603271484,49.648597717285156,44.772422790527344,40.88490676879883,36.878761291503906,36.6169319152832,32.817054748535156,29.32996368408203,28.282262802124023,26.756418228149414,15631.6884765625,59.62758255004883,36.0250129699707
635000,644992,17,3,256,217,1,37163.44921875,388.9517822265625,193.54367065429688,127.3467788696289,99.55184173583984,77.5561294555664,62.28792190551758,52.575016021728516,46.60055923461914,40.760135650634766,39.335357666015625,32.9957160949707,32.45587158203125,30.85774040222168,29.384258270263672,27.737728118896484,27.076324462890625,15632.7236328125,60.99795150756836,34.8817024230957
640000,650048,17,3,255,210,0,37913.09375,311.87286376953125,172.59759521484375,127.09949493408203,106.62749481201172,77.64656066894531,63.28380584716797,55.01010513305664,49.60014724731445,47.005584716796875,37.74604034423828,36.095603942871094,31.77423667907715,29.884641647338867,28.9155216217041,28.256013870239258,25.146581649780273,15947.302734375,65.65406799316406,35.5890998840332
640000,650048,17,3,255,210,1,37894.29296875,309.0027770996094,169.93394470214844,129.28643798828125,102.4242935180664,77.50516510009766,65.51680755615234,55.132537841796875,51.79991912841797,43.499481201171875,39.413482666015625,38.38445281982422,34.908782958984375,33.18213653564453,31.44923210144043,29.644990921020508,28.84474754333496,15941.466796875,66.92032623291016,39.15835952758789
645000,655040,17,3,251,199,0,37678.34765625,401.0580749511719,184.6549530029297,119.4869155883789,90.31365203857422,72.45873260498047,57.501129150390625,52.40910720825195,46.872886657714844,45.11383056640625,38.74300003051758,36.459957122802734,32.970726013183594,30.49375343322754,29.392303466796875,26.816343307495117,25.648569107055664,15857.2236328125,61.053768157958984,38.01143264770508
645000,655040,17,3,251,199,1,37663.9140625,406.9386291503906,183.5353240966797,114.96935272216797,88.35517883300781,69.5455093383789,56.25284194946289,52.23379135131836,44.07870101928711,42.24822235107422,38.34168243408203,34.602867126464844,32.080867767333984,29.651107788085938,28.8029727935791,25.61292266845703,23.404542922973633,15851.482421875,56.99534225463867,42.129356384277344
650000,660032,17,3,249,206,0,37616.80859375,394.4755859375,188.0812530517578,119.22483825683594,90.42984771728516,75.82447052001953,66.42593383789062,58.735294342041016,55.47062683105469,40.67470169067383,37.27839279174805,35.86455154418945,32.511024475097656,31.28415298461914,28.820894241333008,28.425811767578125,26.07674789428711,15820.1494140625,65.93714904785156,36.8739128112793
650000,660032,17,3,249,206,1,37602.36328125,394.7851867675781,185.87417602539062,118.38471984863281,89.0362319946289,72.16877746582031,66.08872985839844,51.326419830322266,49.44062423706055,40.53654861450195,36.45424270629883,33.72806167602539,30.852458953857422,30.139734268188477,27.91570281982422,26.12373924255371,23.96708106994629,15813.3388671875,63.31040954589844,32.632572174072266
655000,665024,17,3,251,203,0,38570.578125,381.2040710449219,172.69847106933594,119.24832153320312,94.67308044433594,74.25076293945312,66.45246124267578,57.04463195800781,53.30447006225586,52.023284912109375,39.85155487060547,35.20467758178711,33.32748031616211,32.63261032104492,29.626033782958984,27.41893768310547,26.8437442779541,16225.1796875,63.755733489990234,37.024131774902344
655000,665024,17,3,251,203,1,38549.21484375,386.4559020996094,172.48095703125,120.55840301513672,95.14060974121094,73.04574584960938,67.40719604492188,57.67948532104492,51.516944885253906,47.149600982666016,38.471160888671875,33.69375228881836,33.084320068359375,32.0765495300293,30.463146209716797,28.218441009521484,26.874828338623047,16215.966796875,64.93048858642578,32.93599319458008
660000,670016,17,3,248,196,0,38402.42578125,374.0620422363281,160.99339294433594,129.6903533935547,95.75526428222656,82.4684829711914,60.06275177001953,53.61571502685547,50.859718322753906,42.80296325683594,35.53175354003906,33.24525451660156,30.583677291870117,28.786540985107422,27.169818878173828,26.310583114624023,23.75177574157715,16155.3447265625,68.12816619873047,34.26362991333008
660000,670016,17,3,248,196,1,38405.578125,371.9190368652344,161.54537963867188,131.09629821777344,101.48922729492188,81.06888580322266,59.86962890625,54.5391960144043,49.70532989501953,44.82185363769531,36.2054557800293,34.054996490478516,32.868709564208984,31.357336044311523,30.647979736328125,28.547990798950195,25.448511123657227,16156.96484375,68.67205810546875,33.25735092163086
665000,675008,17,3,253,207,0,38632.6015625,396.3313903808594,176.17433166503906,137.60043334960938,93.8910140991211,79.92973327636719,67.76638793945312,62.35441970825195,57.98838806152344,52.28816604614258,39.75969696044922,36.948299407958984,35.755165100097656,32.13132858276367,30.466489791870117,29.412914276123047,26.100854873657227,16241.4951171875,67.94241333007812,46.60659408569336
665000,675008,17,3,253,207,1,38617.08203125,400.3227844238281,170.84954833984375,133.2977752685547,91.80875396728516,80.25747680664062,70.40592193603516,60.19511032104492,54.63852310180664,50.36353302001953,37.2435302734375,36.10896682739258,33.15822219848633,31.39442253112793,30.50345802307129,29.614904403686523,27.527311325073242,16235.892578125,70.3018798828125,39.43524169921875
670000,680000,17,3,254,222,0,38888.62109375,314.20892333984375,173.9912567138672,128.9758758544922,95.93135833740234,82.54534149169922,67.74211883544922,53.41653060913086,49.49262619018555,43.023502349853516,41.68838882446289,36.78919219970703,35.365055084228516,33.896827697753906,32.541748046875,29.214040756225586,28.05974006652832,16337.587890625,57.612186431884766,39.09230422973633
670000,680000,17,3,254,222,1,38921.02734375,317.54937744140625,175.43991088867188,127.44058227539062,95.95643615722656,81.84864807128906,63.99266815185547,53.63947296142578,50.00701904296875,41.27323913574219,38.616844177246094,37.397438049316406,36.529293060302734,33.30918884277344,31.8424129486084,28.735904693603516,26.479259490966797,16346.6103515625,60.73299026489258,37.153038024902344
675000,684992,17,3,248,209,0,38794.68359375,409.3894958496094,220.80995178222656,156.9218292236328,114.04801177978516,91.41812133789062,65.30391693115234,56.68364334106445,49.609134674072266,44.51408004760742,36.72068786621094,36.1906852722168,33.202056884765625,32.733795166015625,29.586044311523438,28.934417724609375,26.5048828125,16298.0615234375,88.6322250366211,37.145565032958984
675000,684992,17,3,248,209,1,38803.234375,409.59063720703125,223.43572998046875,155.53665161132812,120.8016586303711,91.06670379638672,69.94564819335938,65.48695373535156,50.17012405395508,46.021141052246094,37.325862884521484,34.29373550415039,32.298465728759766,30.279895782470703,27.881858825683594,27.54855728149414,27.299345016479492,16298.267578125,111.85408020019531,36.165706634521484
680000,690048,17,3,252,220,0,39038.4765625,410.986572265625,186.81715393066406,140.91574096679688,110.11138153076172,88.3377456665039,72.87574768066406,58.70522689819336,53.46284866333008,49.64176940917969,42.54798889160156,39.70075988769531,35.83305358886719,32.90378952026367,31.384157180786133,29.508787155151367,27.01366424560547,16401.521484375,74.69983673095703,39.566368103027344
680000,690048,17,3,252,220,1,39022.984375,409.27880859375,184.5164337158203,143.03485107421875,107.66941833496094,86.43372344970703,70.06072998046875,60.13604736328125,52.038089752197266,50.04582214355469,38.94728469848633,38.4307975769043,35.9354248046875,35.001068115234375,33.35683059692383,31.835166931152344,30.669525146484375,16397.0859375,76.13623809814453,40.46854782104492
685000,695040,17,3,249,202,0,38886.9453125,461.077392578125,212.55799865722656,141.904052734375,106.8749008178711,86.6263198852539,66.8411865234375,59.95322036743164,53.741966247558594,50.63379669189453,44.1550407409668,38.975833892822266,35.05645751953125,32.92665100097656,31.741531372070312,30.175312042236328,28.358449935913086,16345.435546875,73.18165588378906,39.74892807006836
685000,695040,17,3,249,202,1,38881.6015625,456.5068054199219,211.86911010742188,144.93994140625,109.64866638183594,88.89581298828125,69.2845458984375,59.54494094848633,53.964595794677734,49.97161865234375,46.78127670288086,41.67920684814453,38.62760925292969,34.55414581298828,31.851858139038086,30.710140228271484,29.2398681640625,16346.51953125,75.60457611083984,38.776573181152344
690000,700032,17,3,251,201,0,39527.2578125,408.6414794921875,198.32176208496094,124.94173431396484,98.08296966552734,77.59036254882812,68.60316467285156,60.07672882080078,51.521751403808594,44.90009307861328,39.35200500488281,36.45477294921875,33.19451904296875,32.85665512084961,31.466733932495117,29.659929275512695,28.246923446655273,16653.734375,72.03353118896484,38.76322555541992
690000,700032,17,3,251,201,1,39518.70703125,409.56170654296875,197.21897888183594,127.34539794921875,100.01039123535156,78.66358184814453,67.53572845458984,56.63076400756836,51.223472595214844,46.287445068359375,39.86257553100586,36.86989212036133,34.5732536315918,32.771663665771484,31.60735511779785,30.340576171875,26.94355583190918,16651.46875,72.37100982666016,38.69742965698242
695000,705024,17,3,251,210,0,39890.01171875,426.4877624511719,204.9547882080078,131.01011657714844,105.24298858642578,86.60682678222656,64.71733093261719,57.99443054199219,48.696571350097656,43.7835693359375,41.03837585449219,39.036949157714844,37.384178161621094,34.692012786865234,33.569759368896484,30.457077026367188,28.83179473876953,16766.01953125,65.11924743652344,39.61626052856445
695000,705024,17,3,251,210,1,39891.37109375,422.4141540527344,200.9348907470703,133.00619506835938,102.85161590576172,89.36585998535156,62.07490539550781,54.98405456542969,46.544063568115234,43.18925094604492,40.18829345703125,37.69264221191406,36.82568359375,34.88544845581055,34.23673629760742,32.63203811645508,29.72165298461914,16766.90234375,63.41384506225586,39.86882400512695
700000,710016,17,3,248,203,0,39672.1875,402.37530517578125,202.8437957763672,132.2351531982422,112.69702911376953,83.48412322998047,72.5155258178711,63.44117736816406,55.73264694213867,50.72806167602539,45.69725799560547,40.612422943115234,38.30359649658203,36.21037673950195,35.412967681884766,32.384334564208984,29.171504974365234,16694.06640625,64.87483215332031,41.641990661621094
700000,710016,17,3,248,203,1,39684.51953125,408.3454284667969,201.92803955078125,135.85093688964844,109.68909454345703,89.37165832519531,72.03711700439453,60.80073547363281,54.515174865722656,46.70374298095703,44.455108642578125,40.70481872558594,36.81925964355469,35.93279266357422,33.00706481933594,31.728435516357422,30.10022735595703,16699.59375,64.97371673583984,37.33216857910156
705000,715008,17,3,252,216,0,39801.75,386.6506652832031,190.2881317138672,136.99093627929688,112.85595703125,87.1866683959961,70.03589630126953,61.255977630615234,55.48479461669922,51.82085037231445,40.069679260253906,37.89116668701172,33.56513595581055,32.44862747192383,30.516359329223633,29.630592346191406,28.820472717285156,16734.375,70.84105682373047,38.749610900878906
705000,715008,17,3,252,216,1,39815.0703125,392.58758544921875,191.37892150878906,136.03436279296875,111.22637176513672,86.2315902709961,68.90203094482422,63.03636169433594,54.517173767089844,52.44135284423828,41.71109390258789,37.830474853515625,35.959815979003906,35.740970611572266,33.166839599609375,30.04020881652832,29.756746292114258,16743.515625,72.82746887207031,43.705596923828125
710000,720000,17,3,252,221,0,40718.33203125,417.23748779296875,192.6303253173828,152.72567749023438,118.7142105102539,94.37798309326172,73.09534454345703,68.40514373779297,59.06875228881836,50.07265090942383,44.87828063964844,41.85171127319336,40.8429069519043,37.72926330566406,36.94379425048828,33.95841979980469,32.20995330810547,17130.193359375,73.27830505371094,42.648040771484375
710000,720000,17,3,252,221,1,40724.99609375,414.956298828125,193.6540985107422,150.93511962890625,114.37932586669922,86.1520767211914,69.33910369873047,63.79859924316406,54.86774444580078,47.671085357666016,45.736454010009766,42.44723892211914,38.985511779785156,35.6801872253418,34.71432876586914,33.62998962402344,27.86159896850586,17133.58984375,71.41725158691406,42.31406021118164
715000,724992,17,3,254,211,0,41348.828125,429.808837890625,205.82106018066406,141.54998779296875,102.35333251953125,87.31768798828125,69.31103515625,58.58830261230469,55.21359634399414,44.06804275512695,42.481807708740234,39.83124542236328,35.477264404296875,35.1537971496582,32.92620086669922,29.337627410888672,28.83150863647461,17385.0859375,70.42813873291016,36.23145294189453
715000,724992,17,3,254,211,1,41328.12890625,429.67474365234375,205.8026123046875,139.8546905517578,107.98847198486328,93.90929412841797,71.8904800415039,62.74318313598633,59.524681091308594,49.396156311035156,42.21979522705078,39.968048095703125,37.17466735839844,35.79104232788086,33.7877082824707,32.93267059326172,29.23947525024414,17374.37890625,71.35731506347656,38.34868621826172
720000,730048,17,3,250,215,0,40790.3203125,426.2152099609375,193.4779510498047,130.3097381591797,101.26224517822266,80.1435317993164,65.19367980957031,56.812808990478516,49.6461296081543,44.419960021972656,42.74256896972656,38.36335754394531,35.28189468383789,33.22591781616211,32.70992660522461,30.79659080505371,29.093948364257812,17163.09375,66.44293975830078,34.2452507019043
720000,730048,17,3,250,215,1,40797.81640625,429.56201171875,191.30157470703125,131.3853302001953,98.60710144042969,79.32636260986328,61.623966217041016,56.960838317871094,48.463077545166016,44.83562088012695,43.927711486816406,40.39437484741211,36.48176193237305,34.27048110961914,33.09479522705078,29.750926971435547,29.269411087036133,17164.087890625,61.48936080932617,36.2489013671875
725000,735040,17,3,253,220,0,40844.6875,376.28875732421875,208.4062042236328,136.84031677246094,126.48954772949219,88.58289337158203,66.83832550048828,59.12531280517578,51.406768798828125,50.822998046875,38.799720764160156,38.03562927246094,34.7183837890625,31.946531295776367,31.09312629699707,29.5107364654541,28.21397590637207,17223.255859375,70.92906188964844,36.61505126953125
725000,735040,17,3,253,220,1,40802.37890625,378.6607360839844,208.68222045898438,134.43316650390625,123.90451049804688,90.26237487792969,69.6836929321289,54.66416931152344,52.886051177978516,49.44425964355469,44.38324737548828,42.901607513427734,40.93461990356445,33.772891998291016,33.62699890136719,31.890708923339844,29.939802169799805,17204.408203125,73.8797378540039,39.18922424316406
730000,740032,17,3,254,222,0,41455.08203125,467.51287841796875,216.88221740722656,154.61422729492188,113.28387451171875,106.49720764160156,81.25907135009766,71.50765991210938,57.96950912475586,51.26959991455078,45.33033752441406,39.90038299560547,38.39912033081055,36.04123306274414,34.23220443725586,33.10432052612305,32.245704650878906,17455.693359375,71.39383697509766,40.43107223510742
730000,740032,17,3,254,222,1,41460.61328125,472.54254150390625,214.8525390625,154.34202575683594,114.17823028564453,109.19232177734375,80.75558471679688,67.2706527709961,53.264076232910156,48.88156509399414,47.563053131103516,45.358028411865234,40.213096618652344,36.14900588989258,32.383792877197266,31.866775512695312,29.98925018310547,17455.806640625,75.33184051513672,37.25548553466797
735000,745024,17,3,254,208,0,42142.80078125,469.05487060546875,223.00965881347656,136.63331604003906,108.02061462402344,80.75016021728516,68.90044403076172,58.38782501220703,48.996524810791016,47.6936149597168,42.28358459472656,39.34832000732422,36.915931701660156,32.28921890258789,31.323402404785156,30.4547176361084,28.262985229492188,17735.984375,68.4794921875,37.41638946533203
735000,745024,17,3,254,208,1,42171.75390625,471.6844787597656,224.53260803222656,136.7488555908203,112.24908447265625,86.73668670654297,66.9942398071289,60.08475112915039,52.83942794799805,50.87238693237305,43.28136444091797,41.01665496826172,40.40100860595703,35.83858871459961,33.25916290283203,31.264284133911133,29.0354061126709,17748.94140625,69.80723571777344,38.666446685791016
740000,750016,17,3,248,214,0,41457.21484375,368.6982116699219,215.3114013671875,144.38299560546875,104.36105346679688,89.16842651367188,67.59492492675781,58.10003662109375,50.59347152709961,44.52302932739258,39.21067810058594,36.15280532836914,34.523075103759766,31.945716857910156,29.795913696289062,29.622800827026367,27.26028823852539,17442.29296875,70.50980377197266,37.14787673950195
740000,750016,17,3,248,214,1,41491.07421875,364.5644226074219,212.67822265625,140.0710906982422,103.87107849121094,88.7161636352539,69.4144515991211,50.43053436279297,48.7657470703125,46.244144439697266,40.550479888916016,35.882545471191406,34.97353744506836,34.08213424682617,33.575111389160156,29.108591079711914,27.638795852661133,17458.03515625,68.87364196777344,38.912086486816406
745000,755008,17,3,250,220,0,41945.796875,393.5550842285156,188.85980224609375,138.13909912109375,109.79025268554688,82.4715576171875,65.60315704345703,59.665409088134766,56.1654167175293,47.88921356201172,43.03821563720703,40.7997932434082,38.830448150634766,35.09721755981445,32.9471435546875,31.731359481811523,30.59764862060547,17658.1328125,66.80899810791016,38.486026763916016
745000,755008,17,3,250,220,1,41933.48828125,393.28436279296875,188.60162353515625,135.8157958984375,105.45416259765625,81.64698028564453,63.60897445678711,56.49995803833008,49.96949768066406,45.351009368896484,41.691097259521484,38.90110397338867,36.447975158691406,34.92704391479492,32.65970993041992,30.58186149597168,28.576297760009766,17654.345703125,63.472503662109375,37.932682037353516
750000,760000,17,3,247,216,0,41947.7265625,400.3910827636719,185.5347900390625,129.9638671875,108.376220703125,89.8124771118164,73.23159790039062,55.742313385009766,52.66680145263672,43.31699752807617,38.96103286743164,36.0177116394043,34.34730911254883,33.600868225097656,31.991430282592773,31.09377098083496,28.007450103759766,17644.140625,64.69142150878906,39.435550689697266
750000,760000,17,3,247,216,1,41964.41015625,406.1493835449219,184.98362731933594,131.35523986816406,105.70802307128906,85.8866958618164,70.92335510253906,57.44752883911133,54.525325775146484,40.7650260925293,40.694156646728516,36.035213470458984,33.79414367675781,32.75232696533203,30.959383010864258,30.737834930419922,28.133228302001953,17648.013671875,67.6968002319336,36.999839782714844
755000,764992,17,3,251,216,0,42169.81640625,382.260986328125,212.50685119628906,147.83514404296875,114.1803207397461,82.16838836669922,64.05572509765625,59.57646942138672,51.54301071166992,45.13930130004883,43.185203552246094,40.103477478027344,37.50543975830078,34.94395065307617,32.908172607421875,29.909650802612305,28.625423431396484,17735.046875,72.17652893066406,39.4830436706543
755000,764992,17,3,251,216,1,42162.76953125,373.7080078125,213.10145568847656,146.9315185546875,113.65839385986328,88.24734497070312,71.04598236083984,58.865028381347656,50.447933197021484,44.260780334472656,42.825279235839844,37.84141540527344,37.09642791748047,33.70447540283203,32.48530197143555,31.290342330932617,28.25095558166504,17728.9609375,79.81092071533203,38.00808334350586
760000,770048,17,3,254,216,0,42553.59375,365.6045227050781,209.48048400878906,153.61119079589844,127.23978424072266,97.64214324951172,73.93014526367188,67.4152603149414,61.37968444824219,49.15513229370117,45.88698959350586,43.57107925415039,40.6783447265625,39.570552825927734,37.4672737121582,32.44656753540039,29.012348175048828,17880.068359375,86.63377380371094,42.98088836669922
760000,770048,17,3,254,216,1,42566.453125,368.21044921875,206.42300415039062,156.1385498046875,127.32819366455078,101.48265075683594,82.09442901611328,67.42868041992188,62.92030715942383,53.502986907958984,45.27009582519531,43.77294158935547,39.67953872680664,39.454071044921875,36.910518646240234,32.943939208984375,29.836389541625977,17886.734375,87.2850112915039,42.524566650390625
765000,775040,17,3,256,224,0,43032.8515625,714.5665283203125,226.14620971679688,156.40411376953125,125.7727279663086,94.4208984375,80.17568969726562,70.60063171386719,61.12925338745117,53.9184684753418,51.86056900024414,45.41853332519531,39.40176773071289,38.186466217041016,36.726463317871094,34.093814849853516,32.71988296508789,18113.0,96.78532409667969,49.15452194213867
765000,775040,17,3,256,224,1,43039.5390625,709.4157104492188,221.36785888671875,153.88218688964844,121.41107940673828,86.19310760498047,78.50581359863281,65.72337341308594,59.346622467041016,51.72218322753906,47.522647857666016,44.24555587768555,40.199188232421875,38.379451751708984,35.583824157714844,33.31364059448242,31.387191772460938,18115.26953125,92.06024169921875,44.54130554199219
770000,780032,17,3,248,211,0,42125.97265625,410.8794860839844,187.40802001953125,134.15029907226562,118.83201599121094,88.06522369384766,80.22899627685547,60.64780807495117,55.411590576171875,50.2529411315918,46.735286712646484,41.505367279052734,38.58230209350586,37.33428955078125,34.51693344116211,32.870426177978516,28.40498924255371,17706.33203125,76.32109832763672,40.380271911621094
770000,780032,17,3,248,211,1,42126.8359375,410.3337707519531,187.10386657714844,133.86456298828125,120.21308135986328,91.21377563476562,72.76475524902344,61.35097122192383,57.27090072631836,46.297149658203125,44.42719650268555,41.6558837890625,38.87567138671875,38.26592254638672,35.51359558105469,32.057247161865234,29.847530364990234,17705.55859375,77.96420288085938,42.605438232421875
775000,785024,17,3,255,219,0,43527.9765625,462.4156799316406,223.13197326660156,184.17617797851562,141.2237091064453,101.52567291259766,96.38009643554688,70.10782623291016,65.70942687988281,54.8787956237793,49.117889404296875,48.00020980834961,42.3329963684082,38.68285369873047,37.32821273803711,35.294620513916016,31.211530685424805,18324.080078125,84.33435821533203,42.095394134521484
775000,785024,17,3,255,219,1,43516.30859375,469.90631103515625,219.61651611328125,192.79222106933594,136.556640625,106.13817596435547,91.87930297851562,74.33477783203125,67.95085906982422,57.8627815246582,52.68125534057617,48.38390350341797,45.56761169433594,40.63104248046875,37.29655838012695,34.03709411621094,30.852338790893555,18318.365234375,79.85820770263672,45.759376525878906
780000,790016,17,3,252,213,0,43667.3984375,372.4107360839844,194.5275115966797,144.17352294921875,107.92327880859375,100.42095184326172,85.19756317138672,68.60423278808594,59.987876892089844,57.0118293762207,44.25383758544922,42.609195709228516,40.78708267211914,38.35401153564453,36.26689529418945,33.5842170715332,29.501304626464844,18399.9140625,91.4269027709961,48.15184783935547
780000,790016,17,3,252,213,1,43649.140625,373.26458740234375,193.03707885742188,145.8096923828125,109.03257751464844,99.22065734863281,81.41691589355469,66.99229431152344,57.23163986206055,54.10903549194336,44.200721740722656,40.11222457885742,37.860870361328125,36.10153579711914,32.78619384765625,31.758708953857422,28.83819007873535,18390.560546875,87.0294189453125,47.35186004638672
785000,795008,17,3,250,223,0,43428.578125,636.0328369140625,238.927734375,182.74266052246094,125.21795654296875,89.83820343017578,81.40872192382812,67.98136901855469,58.95621871948242,50.30828094482422,45.33454513549805,44.154075622558594,40.24531555175781,37.076622009277344,34.64983367919922,33.05169677734375,28.267839431762695,18237.884765625,92.56316375732422,43.23330307006836
785000,795008,17,3,250,223,1,43444.5546875,628.9157104492188,244.57118225097656,180.27139282226562,129.4250946044922,93.45333862304688,82.75652313232422,66.50041961669922,57.13509750366211,49.159423828125,47.23004913330078,42.02275466918945,38.0440559387207,37.212371826171875,34.153236389160156,32.19345474243164,28.027719497680664,18243.87890625,92.91100311279297,41.717525482177734
790000,800000,17,3,254,227,0,43067.73828125,425.6039733886719,209.54974365234375,162.10586547851562,130.1229248046875,95.20612335205078,79.54249572753906,72.07420349121094,65.5450210571289,52.76713943481445,47.561607360839844,46.47800064086914,40.7935676574707,40.152706146240234,36.07337951660156,34.91011428833008,32.78276824951172,18144.51171875,73.7928237915039,42.082027435302734
790000,800000,17,3,254,227,1,43118.98828125,422.5879821777344,210.9833984375,163.35279846191406,130.06549072265625,94.98650360107422,79.83403015136719,68.85987854003906,60.872623443603516,52.518638610839844,45.37638854980469,44.850242614746094,41.27960205078125,39.07490539550781,37.46653366088867,34.600181579589844,33.5948600769043,18166.00390625,75.33908081054688,44.29193115234375
795000,804992,17,3,248,209,0,44207.3046875,387.6257629394531,211.11631774902344,146.32269287109375,119.76737976074219,98.39280700683594,77.17386627197266,59.17268371582031,57.625160217285156,54.82380676269531,45.75737380981445,42.202598571777344,38.899356842041016,36.50566101074219,36.35255813598633,34.043399810791016,28.939300537109375,18607.564453125,74.6063232421875,46.33722686767578
795000,804992,17,3,248,209,1,44217.03515625,389.6102294921875,208.77069091796875,143.99269104003906,120.6863784790039,94.30952453613281,74.91443634033203,58.95443344116211,55.721717834472656,49.89542007446289,43.5980224609375,40.66732406616211,38.94646453857422,37.293277740478516,33.68257141113281,31.578031539916992,28.219772338867188,18609.849609375,75.11925506591797,41.51997375488281
800000,810048,17,3,252,218,0,44540.20703125,407.0320129394531,200.19216918945312,154.68228149414062,130.42539978027344,86.00384521484375,78.85792541503906,70.21630859375,54.62349319458008,51.26348876953125,44.551944732666016,42.38105010986328,39.93095779418945,36.2751350402832,35.52886199951172,33.709999084472656,30.7639102935791,18727.2265625,84.2396240234375,42.28838348388672
800000,810048,17,3,252,218,1,44537.99609375,410.26129150390625,198.9134521484375,153.02207946777344,131.47457885742188,90.59165954589844,77.98490905761719,74.02034759521484,60.2271614074707,51.83378601074219,44.56184005737305,42.865116119384766,39.81221008300781,37.81460189819336,36.88222885131836,34.569374084472656,30.790746688842773,18729.3671875,86.84815979003906,42.44800567626953
805000,815040,17,3,256,230,0,45157.01171875,434.7213134765625,209.39845275878906,135.3690185546875,119.3516845703125,89.79135131835938,82.21893310546875,68.1756362915039,59.73265075683594,53.795345306396484,44.68235397338867,43.14995193481445,42.0456428527832,39.83961486816406,37.007568359375,35.77446746826172,31.8074951171875,19017.92578125,83.7897720336914,41.66996383666992
805000,815040,17,3,256,230,1,45222.36328125,426.0375671386719,203.2017364501953,138.14105224609375,118.54383087158203,85.43598937988281,82.49461364746094,65.56511688232422,59.968658447265625,49.72062683105469,45.94306564331055,41.25815200805664,40.65339660644531,39.964332580566406,35.8472900390625,32.610450744628906,30.4311466217041,19047.0546875,75.51679229736328,38.525081634521484
810000,820032,17,3,250,216,0,44186.55859375,402.08831787109375,202.14332580566406,154.02749633789062,126.03018188476562,99.12466430664062,77.97431182861328,66.2707290649414,59.737693786621094,56.919334411621094,46.81224822998047,41.64629364013672,39.18461990356445,36.91966247558594,36.10679626464844,32.63666915893555,30.768823623657227,18612.30078125,85.85431671142578,42.37092208862305
810000,820032,17,3,250,216,1,44182.51953125,401.6795349121094,202.63429260253906,152.23011779785156,126.07374572753906,98.44204711914062,82.69867706298828,65.68317413330078,60.03610610961914,52.79103469848633,48.354148864746094,42.77271270751953,40.246742248535156,38.81208419799805,34.923583984375,33.23255920410156,31.0742130279541,18610.716796875,85.11357879638672,45.99951171875
815000,825024,17,3,252,215,0,44711.55078125,441.7863464355469,213.82623291015625,160.19932556152344,124.19300079345703,94.04251861572266,79.54623413085938,62.3165283203125,53.423133850097656,51.60428237915039,47.82170104980469,40.80043411254883,38.84595489501953,36.74355697631836,34.45463180541992,33.6688346862793,30.722761154174805,18818.28125,80.24990844726562,38.25423049926758
815000,825024,17,3,252,215,1,44754.28515625,436.6860656738281,212.46156311035156,159.021484375,118.72239685058594,88.52387237548828,81.77437591552734,60.49028778076172,52.7299919128418,50.13193130493164,48.56361770629883,41.20769119262695,40.44626998901367,35.96701431274414,33.86428451538086,31.681028366088867,27.868688583374023,18834.333984375,79.13211059570312,38.65800857543945
820000,830016,17,3,254,221,0,44605.3828125,401.7348327636719,201.7413330078125,158.43038940429688,130.6315460205078,104.694091796875,80.9129638671875,65.77042388916016,56.81789779663086,50.3048210144043,42.94282150268555,41.00635528564453,37.94637680053711,36.744140625,35.919212341308594,32.781009674072266,31.715295791625977,18780.1875,88.01947784423828,43.733463287353516
820000,830016,17,3,254,221,1,44585.65625,401.541748046875,197.27386474609375,160.37396240234375,129.2289276123047,103.3021240234375,79.89534759521484,69.16048431396484,52.625892639160156,51.69778823852539,44.76242446899414,41.697357177734375,38.425437927246094,37.07811737060547,35.11192321777344,32.80857467651367,28.082454681396484,18769.8203125,88.58882141113281,42.46305465698242
825000,835008,17,3,249,211,0,45285.37890625,370.88671875,227.32691955566406,154.76876831054688,134.1315460205078,108.42711639404297,87.18855285644531,75.85836029052734,59.219669342041016,53.44783020019531,49.38064193725586,47.53461837768555,43.96669006347656,39.438941955566406,38.12510299682617,36.22869873046875,34.844356536865234,19043.17578125,85.55121612548828,42.37739181518555
825000,835008,17,3,249,211,1,45302.0390625,363.4792785644531,225.68756103515625,149.26400756835938,131.9164276123047,108.86425018310547,84.67286682128906,69.90499114990234,57.51383590698242,53.693111419677734,48.420143127441406,45.21004867553711,41.593379974365234,39.88343811035156,37.90098190307617,36.32927703857422,35.597999572753906,19052.6484375,83.15665435791016,43.4210090637207
830000,840000,17,3,250,222,0,44342.33203125,439.1854248046875,208.9407958984375,153.18907165527344,123.98593139648438,109.48368835449219,85.63441467285156,73.43409729003906,70.1137466430664,63.0945930480957,50.617130279541016,49.5346794128418,47.49110794067383,42.56763458251953,38.01919937133789,36.61647415161133,33.990478515625,18660.8359375,111.27494049072266,55.76528549194336
830000,840000,17,3,250,222,1,44366.87109375,435.1471862792969,207.9510498046875,152.30484008789062,126.0293197631836,108.17042541503906,81.9718246459961,72.44580078125,64.35539245605469,61.164466857910156,51.54364776611328,47.509769439697266,42.884544372558594,41.49543762207031,36.9314079284668,35.439605712890625,31.642629623413086,18673.208984375,110.46028900146484,53.227760314941406
835000,844992,17,3,251,216,0,45346.90625,462.37396240234375,234.71926879882812,146.32632446289062,117.66331481933594,86.27603149414062,81.28936004638672,75.53799438476562,61.842742919921875,54.3687744140625,49.55760192871094,46.91794204711914,42.02110290527344,38.05533218383789,36.62459182739258,35.43415832519531,34.05879211425781,19091.501953125,83.88125610351562,42.37881851196289
835000,844992,17,3,251,216,1,45323.8671875,462.91180419921875,226.3214569091797,144.82794189453125,111.47294616699219,86.4970703125,78.50654602050781,70.24110412597656,56.955772399902344,52.89698791503906,47.04990768432617,44.3385124206543,41.18702697753906,37.8080940246582,36.42623519897461,33.59047317504883,32.900413513183594,19083.81640625,82.32784271240234,44.649261474609375
840000,850048,17,3,255,226,0,45952.18359375,441.56231689453125,208.68788146972656,169.6184539794922,132.38311767578125,88.62584686279297,73.70923614501953,65.7008056640625,58.38798141479492,52.50366973876953,48.76460266113281,46.43198013305664,41.210365295410156,38.40677261352539,37.3446044921875,34.1376838684082,31.9321346282959,19354.09765625,83.79714965820312,45.493412017822266
840000,850048,17,3,255,226,1,45947.74609375,438.21844482421875,212.47430419921875,168.13540649414062,136.97531127929688,85.78428649902344,73.97401428222656,67.4410400390625,59.38956832885742,55.307552337646484,48.70827865600586,45.441383361816406,40.050575256347656,39.0396614074707,36.427101135253906,33.6910514831543,32.590354919433594,19351.97265625,88.28512573242188,48.00351333618164
845000,855040,17,3,252,221,0,45558.8515625,525.5077514648438,210.0692901611328,161.74749755859375,136.8845672607422,112.61195373535156,81.67423248291016,73.3810806274414,62.41387176513672,56.595890045166016,49.73799514770508,47.253170013427734,42.34580993652344,39.3846321105957,36.82661056518555,35.74127197265625,31.546960830688477,19176.021484375,100.3595199584961,41.28361892700195
845000,855040,17,3,252,221,1,45560.50390625,537.6795043945312,210.91798400878906,162.5946807861328,133.0458221435547,113.27165222167969,84.15331268310547,73.59123992919922,67.08785247802734,57.91155242919922,52.5366325378418,48.32016372680664,45.51567459106445,42.34712219238281,37.73550033569336,35.75776290893555,31.709440231323242,19179.15234375,103.37252807617188,46.627044677734375
850000,860032,17,3,252,218,0,44878.92578125,432.2469177246094,190.6979217529297,163.3876190185547,117.18051147460938,103.3765869140625,76.19683074951172,63.58489227294922,56.564491271972656,49.516204833984375,45.72425079345703,40.5827522277832,39.58430099487305,37.988189697265625,34.367000579833984,32.7225227355957,30.8880558013916,18883.794921875,81.62944030761719,45.29227828979492
850000,860032,17,3,252,218,1,44867.328125,431.7611389160156,190.81410217285156,166.19296264648438,121.11023712158203,103.17176818847656,79.01233673095703,61.616859436035156,58.80223083496094,53.884708404541016,46.17204284667969,44.26921463012695,40.023109436035156,36.782039642333984,35.25725173950195,32.803497314453125,30.6247615814209,18880.056640625,77.77701568603516,45.48805236816406
855000,865024,17,3,249,218,0,46211.90625,400.76611328125,216.9001007080078,157.58251953125,118.34622192382812,95.88888549804688,74.79997253417969,66.58538818359375,61.40266418457031,55.25091552734375,45.712440490722656,43.551918029785156,40.94305419921875,39.346771240234375,37.189453125,35.587886810302734,31.910491943359375,19442.513671875,74.52277374267578,43.66303634643555
855000,865024,17,3,249,218,1,46153.08203125,406.0617370605469,217.9591827392578,160.33575439453125,121.6471176147461,93.14522552490234,76.04486083984375,66.88217163085938,58.323184967041016,55.866363525390625,47.09666442871094,44.799110412597656,43.20465087890625,41.656349182128906,39.25624084472656,37.648197174072266,35.37812042236328,19416.388671875,75.58590698242188,43.3387451171875
860000,870016,17,3,250,221,0,46100.671875,455.486083984375,209.66969299316406,157.02447509765625,129.23858642578125,116.01439666748047,95.85365295410156,72.77735900878906,65.24768829345703,58.34793472290039,46.77448654174805,45.956424713134766,42.83547592163086,39.3652229309082,38.22977066040039,34.42198181152344,30.83777618408203,19407.076171875,87.87387084960938,48.46070861816406
860000,870016,17,3,250,221,1,46129.49609375,454.7525329589844,211.36520385742188,154.41952514648438,126.10545349121094,108.90596771240234,89.99203491210938,70.525390625,62.809730529785156,56.19455337524414,46.65882873535156,44.66007614135742,41.133296966552734,40.00320053100586,36.51430130004883,34.637428283691406,30.040678024291992,19419.498046875,88.24535369873047,44.09110641479492
865000,875008,17,3,252,221,0,46451.58203125,492.1432800292969,228.3207550048828,163.56080627441406,125.89005279541016,103.56724548339844,90.2020263671875,69.09906768798828,57.53662872314453,55.79934310913086,51.69586181640625,48.82069396972656,45.785865783691406,43.95944595336914,41.68354415893555,39.25436782836914,34.64601516723633,19517.697265625,96.19276428222656,46.585689544677734
865000,875008,17,3,252,221,1,46422.109375,487.9945068359375,226.77413940429688,162.25991821289062,123.88574981689453,100.34222412109375,86.13796997070312,67.6576156616211,59.926998138427734,56.836639404296875,52.907867431640625,51.115089416503906,49.036521911621094,43.5250244140625,39.6346549987793,38.945960998535156,35.59980010986328,19509.408203125,93.08390808105469,48.014915466308594
870000,880000,17,3,254,221,0,46401.421875,442.7049255371094,221.4575653076172,150.6056365966797,134.3498077392578,99.30479431152344,86.06153106689453,72.20849609375,68.38997650146484,61.80992889404297,54.5505485534668,47.39700698852539,45.250030517578125,41.99904251098633,38.85480499267578,36.74151611328125,35.34667205810547,19559.708984375,86.30238342285156,52.605377197265625
870000,880000,17,3,254,221,1,46381.5859375,442.1605529785156,222.98348999023438,152.43798828125,141.51800537109375,100.50703430175781,83.53994750976562,67.97804260253906,62.78977584838867,59.96431350708008,51.000518798828125,47.596099853515625,45.9400749206543,44.59812545776367,41.514163970947266,38.8990364074707,36.04102325439453,19554.7890625,82.90939331054688,53.82072067260742
875000,884992,17,3,254,221,0,46702.92578125,468.0552062988281,247.2333221435547,177.0824737548828,137.6809539794922,100.66131591796875,90.6068115234375,67.31546783447266,58.58638000488281,53.28730773925781,49.14956283569336,45.8772087097168,45.034820556640625,43.09856033325195,38.12419891357422,35.0491943359375,32.36918258666992,19668.419921875,85.56352233886719,46.29174041748047
875000,884992,17,3,254,221,1,46736.3984375,472.6902160644531,251.7815399169922,177.65567016601562,137.47410583496094,103.588623046875,82.56548309326172,70.6629867553711,61.820823669433594,54.24369430541992,51.976253509521484,46.612613677978516,42.088191986083984,41.42877960205078,38.24221420288086,35.66530227661133,33.320621490478516,19683.30078125,89.12733459472656,42.04644012451172
880000,890048,17,3,251,218,0,46393.33984375,605.0369873046875,263.11016845703125,197.72874450683594,129.9255828857422,99.83390808105469,94.23129272460938,75.50238800048828,66.36552429199219,56.16913986206055,52.8371696472168,44.00157928466797,42.30971145629883,40.7693977355957,36.90538024902344,35.35626983642578,33.473785400390625,19483.30859375,90.96729278564453,52.06929397583008
880000,890048,17,3,251,218,1,46351.609375,605.2064208984375,248.62057495117188,195.0482635498047,131.25767517089844,105.77666473388672,90.25550842285156,77.15367889404297,66.35871887207031,60.247676849365234,56.78971481323242,53.304264068603516,46.455623626708984,41.66196060180664,40.078529357910156,36.5927734375,34.50304412841797,19467.162109375,104.75650787353516,57.85224914550781
885000,895040,17,3,253,213,0,47147.171875,428.203369140625,239.98046875,164.19593811035156,125.97492218017578,108.70550537109375,83.04557037353516,71.10487365722656,63.49910354614258,55.160179138183594,51.249855041503906,46.25193786621094,43.253536224365234,40.25149154663086,37.553733825683594,35.325889587402344,33.44721984863281,19854.572265625,88.15196228027344,49.14213943481445
885000,895040,17,3,253,213,1,47125.71484375,427.8934020996094,241.80755615234375,162.8433380126953,124.95763397216797,108.70174407958984,78.41569519042969,74.20580291748047,64.53292846679688,54.246273040771484,48.08962631225586,46.8969841003418,42.612815856933594,40.08330154418945,37.71174621582031,36.550018310546875,32.882049560546875,19844.732421875,81.62818908691406,51.50604248046875
890000,900032,17,3,249,222,0,46103.796875,452.6710205078125,221.3668212890625,152.14315795898438,126.6918716430664,102.67760467529297,71.14576721191406,64.50959014892578,60.873233795166016,55.609954833984375,49.62824630737305,45.27363204956055,42.72956085205078,39.789058685302734,37.29922103881836,33.5537109375,31.845741271972656,19411.74609375,85.0031967163086,44.80878829956055
890000,900032,17,3,249,222,1,46093.26953125,454.943359375,224.35028076171875,150.0269775390625,124.7175521850586,101.62371826171875,73.4666976928711,64.12922668457031,61.934818267822266,52.36002731323242,48.64130401611328,41.26551055908203,40.25694274902344,36.03135299682617,35.22953414916992,32.893917083740234,31.9112491607666,19406.009765625,84.28975677490234,43.717105865478516
895000,905024,17,3,249,221,0,47115.59765625,583.5973510742188,311.0505065917969,169.67874145507812,121.25260925292969,109.48969268798828,91.1967544555664,74.3107681274414,66.12100219726562,58.984771728515625,53.567657470703125,48.78980255126953,47.27125549316406,46.22010040283203,42.83721923828125,39.262413024902344,37.5524787902832,19836.412109375,92.86395263671875,48.15458297729492
895000,905024,17,3,249,221,1,47121.94140625,570.0609741210938,302.7173156738281,170.12509155273438,122.14665222167969,109.91820526123047,96.31800842285156,70.33036041259766,57.98779296875,56.37485122680664,51.70875930786133,49.71375274658203,48.36820983886719,45.58929443359375,43.68428039550781,42.02858352661133,36.174259185791016,19836.5,82.9877700805664,45.6357307434082
900000,910016,17,3,249,207,0,46682.8984375,463.62744140625,192.4095458984375,165.40565490722656,119.40630340576172,100.88905334472656,84.76869201660156,69.1253433227539,67.0677261352539,58.228755950927734,50.63825225830078,48.55064010620117,46.301509857177734,42.66331100463867,40.03178405761719,37.83345031738281,36.59583282470703,19638.427734375,78.2420654296875,48.08126449584961
900000,910016,17,3,249,207,1,46689.2734375,464.2987060546875,189.87452697753906,163.5221710205078,117.069091796875,99.40483856201172,81.9147720336914,67.56485748291016,62.630088806152344,54.467529296875,49.73905563354492,47.86912155151367,44.93859100341797,40.78068923950195,40.04851150512695,36.164100646972656,33.9140739440918,19639.197265625,77.79509735107422,46.17744064331055
905000,915008,17,3,249,212,0,47089.53125,526.9447021484375,265.836669921875,180.17271423339844,128.87013244628906,122.68907928466797,90.12561798095703,71.80941772460938,70.3470458984375,61.620933532714844,56.390560150146484,48.2160530090332,45.60508728027344,41.65847396850586,41.28474426269531,40.75788116455078,35.06858825683594,19784.0,114.18880462646484,59.08198928833008
905000,915008,17,3,249,212,1,47080.1328125,535.4412231445312,264.63934326171875,179.56497192382812,126.3351821899414,124.6982192993164,87.68233489990234,71.77152252197266,67.9056396484375,66.99856567382812,56.71487045288086,50.464359283447266,49.4437255859375,43.96128463745117,42.74468994140625,41.50065231323242,36.74873352050781,19780.142578125,108.34029388427734,58.40827178955078
910000,920000,17,3,251,222,0,48068.14453125,459.17596435546875,220.916748046875,184.83665466308594,130.99835205078125,94.92410278320312,84.0396957397461,67.39892578125,61.7613639831543,58.93645477294922,52.41878890991211,48.46746063232422,46.432369232177734,44.355079650878906,41.13825988769531,38.714195251464844,35.25395584106445,20230.80859375,86.65699768066406,46.79652786254883
910000,920000,17,3,251,222,1,48074.69921875,459.62591552734375,217.49923706054688,183.99191284179688,130.66574096679688,97.20208740234375,84.58485412597656,69.49251556396484,63.064327239990234,56.40361785888672,52.30426788330078,49.464256286621094,43.60514450073242,41.71957015991211,38.518890380859375,37.23710632324219,35.317779541015625,20232.0078125,88.23853302001953,45.556549072265625
915000,924992,17,3,251,225,0,46803.81640625,484.13336181640625,259.4831848144531,166.37127685546875,113.09552001953125,99.06604766845703,85.55269622802734,67.94156646728516,63.92728042602539,57.23120880126953,50.619041442871094,45.90165710449219,42.365787506103516,40.182308197021484,39.44733810424805,38.41819381713867,33.553253173828125,19692.4140625,79.39131164550781,42.4782600402832
915000,924992,17,3,251,225,1,46797.4921875,484.37237548828125,254.45263671875,166.9832305908203,113.67169952392578,98.7242202758789,83.11626434326172,69.58908081054688,63.559654235839844,53.84516906738281,48.85741424560547,45.21664810180664,43.457305908203125,41.63076400756836,38.835384368896484,38.4503059387207,33.759864807128906,19687.548828125,78.83068084716797,37.68217086791992
920000,930048,17,3,249,220,0,46687.94140625,599.2372436523438,225.91908264160156,172.20318603515625,135.8118133544922,111.27721405029297,90.81507110595703,68.28069305419922,60.729225158691406,58.13337707519531,54.97891616821289,50.25594711303711,45.43235397338867,43.00465393066406,41.04464340209961,36.81581115722656,35.47885513305664,19639.73828125,91.10453796386719,47.74681091308594
920000,930048,17,3,249,220,1,46679.984375,592.8173828125,236.28785705566406,171.31935119628906,138.75759887695312,113.05911254882812,87.94217681884766,70.22721099853516,61.06063461303711,60.46955490112305,49.95479202270508,46.97099304199219,46.02539825439453,44.38330841064453,39.24753952026367,36.41786575317383,35.06376266479492,19635.708984375,96.86016082763672,47.88513946533203
925000,935040,17,3,251,220,0,47544.39453125,621.6597900390625,256.5147399902344,185.4867401123047,126.88587188720703,114.2789077758789,85.79006958007812,65.73868560791016,62.3124885559082,60.06493377685547,51.227073669433594,49.61186218261719,46.394657135009766,42.48120880126953,37.18327331542969,35.15790557861328,33.248748779296875,20004.712890625,101.91191101074219,49.488075256347656
925000,935040,17,3,251,220,1,47548.9375,620.9408569335938,264.8406677246094,179.2213592529297,127.72564697265625,118.03257751464844,83.53160858154297,70.2322998046875,66.787109375,62.92518615722656,50.34867858886719,48.65233612060547,45.612667083740234,41.00061798095703,37.14669418334961,35.517269134521484,35.029354095458984,20006.521484375,102.5500259399414,47.77794647216797
930000,940032,17,3,250,223,0,47463.34765625,489.9993591308594,231.78163146972656,172.86988830566406,140.68331909179688,111.64612579345703,93.09857177734375,72.08882904052734,64.35980987548828,56.583866119384766,53.30179214477539,48.96566390991211,46.788700103759766,44.96970748901367,42.52690505981445,40.654571533203125,37.502410888671875,19982.3125,97.97550964355469,44.46552276611328
930000,940032,17,3,250,223,1,47463.4609375,483.5371398925781,225.7229766845703,169.95608520507812,133.3759765625,112.48184967041016,94.35235595703125,74.21593475341797,64.57315826416016,55.81271743774414,51.842506408691406,47.54424285888672,45.371212005615234,44.36936950683594,42.46717834472656,40.67009353637695,33.84215545654297,19981.3671875,100.3175048828125,47.230308532714844
935000,945024,17,3,250,219,0,47859.5546875,799.040771484375,216.19265747070312,170.34280395507812,138.89208984375,104.52777862548828,84.673828125,69.66618347167969,58.85945129394531,57.323734283447266,55.250423431396484,49.35828399658203,46.12615966796875,43.13240051269531,38.91352844238281,37.64226150512695,36.26079559326172,20128.283203125,102.40445709228516,49.08769607543945
935000,945024,17,3,250,219,1,47872.68359375,801.1353759765625,216.68980407714844,167.03692626953125,134.1594696044922,106.39189910888672,81.69586181640625,70.82493591308594,64.49226379394531,55.16007614135742,53.7138671875,46.23855972290039,44.215457916259766,41.997005462646484,40.58311462402344,33.95536422729492,32.6797981262207,20131.501953125,98.01211547851562,49.366661071777344
940000,950016,17,3,254,225,0,48341.4375,528.3248291015625,232.74269104003906,165.41896057128906,133.16879272460938,107.00550079345703,96.39773559570312,70.96788024902344,69.13327026367188,61.53089904785156,53.22517776489258,48.505516052246094,47.45378875732422,45.04958724975586,42.88740921020508,40.55992126464844,36.403751373291016,20359.083984375,90.52096557617188,50.0019416809082
940000,950016,17,3,254,225,1,48348.40234375,534.1017456054688,243.07032775878906,166.8589324951172,133.9835662841797,104.594970703125,94.245849609375,66.77593231201172,62.24090576171875,58.667381286621094,53.411041259765625,50.37248229980469,48.803958892822266,44.99307632446289,43.382659912109375,39.38351821899414,36.47625732421875,20359.0,92.17230224609375,49.860233306884766
945000,955008,17,3,252,226,0,48826.6484375,502.52130126953125,193.2244415283203,160.4317626953125,128.03611755371094,111.52490997314453,87.809326171875,72.74036407470703,61.65744400024414,57.489620208740234,50.4080810546875,47.84100341796875,47.14971923828125,41.64112091064453,39.60831069946289,37.61050796508789,32.67530822753906,20566.076171875,83.64270782470703,45.3934326171875
945000,955008,17,3,252,226,1,48822.56640625,503.3913879394531,192.25111389160156,158.72286987304688,125.66310119628906,108.78775024414062,81.82731628417969,70.35807037353516,62.59905242919922,59.23352813720703,51.13018798828125,47.71287155151367,44.824520111083984,42.73932647705078,39.17575454711914,36.79363250732422,34.26567840576172,20563.544921875,78.86424255371094,46.72840118408203
950000,960000,17,3,253,228,0,48341.65625,486.2508544921875,225.74241638183594,168.292724609375,125.1150131225586,105.26683807373047,94.97293090820312,68.51339721679688,63.82971954345703,59.10777282714844,53.6226692199707,49.03459548950195,44.881717681884766,43.61881637573242,42.19282150268555,41.36994934082031,39.128204345703125,20352.10546875,85.64180755615234,49.1202507019043
950000,960000,17,3,253,228,1,48288.375,482.7545166015625,229.93783569335938,165.26756286621094,124.56449127197266,107.0205307006836,97.90104675292969,70.25559997558594,63.679222106933594,58.47791290283203,48.68840408325195,46.474586486816406,45.84137725830078,42.42930603027344,40.40083694458008,39.25473403930664,32.88914489746094,20331.322265625,84.83905029296875,46.75246047973633
955000,964992,17,3,253,224,0,49001.6875,530.7256469726562,229.88385009765625,170.1022186279297,133.97787475585938,115.49249267578125,102.73295593261719,78.49116516113281,72.8822250366211,57.81306838989258,51.072715759277344,49.41850280761719,47.07633972167969,41.702239990234375,40.57626724243164,39.18001174926758,36.48802185058594,20624.064453125,94.89643096923828,48.14929962158203
955000,964992,17,3,253,224,1,48978.2265625,545.7522583007812,226.54092407226562,165.93206787109375,129.82028198242188,110.56951141357422,101.14801025390625,75.43069458007812,64.56543731689453,60.854278564453125,53.183475494384766,50.663761138916016,47.697025299072266,46.06364059448242,42.42439651489258,36.61689376831055,35.12049102783203,20612.130859375,91.79124450683594,49.33860778808594
960000,970048,17,3,251,227,0,47941.43359375,504.56317138671875,259.9242858886719,192.58128356933594,146.18841552734375,109.2947769165039,95.35599517822266,78.38504791259766,67.0633316040039,61.16702651977539,52.823917388916016,49.669715881347656,45.3740234375,42.55409622192383,40.15576171875,37.713348388671875,33.40507125854492,20142.07421875,119.04436492919922,49.736576080322266
960000,970048,17,3,251,227,1,47963.640625,493.97015380859375,263.2262878417969,185.11996459960938,139.4698028564453,107.1849136352539,96.13289642333984,75.0238037109375,65.63941955566406,63.879146575927734,50.807308197021484,48.51210403442383,44.94293975830078,42.77710723876953,39.817230224609375,37.298744201660156,33.493465423583984,20150.79296875,118.90484619140625,48.55937194824219
965000,975040,17,3,253,219,0,48856.37890625,483.3413391113281,236.8122100830078,183.94805908203125,136.52828979492188,102.648681640625,81.02799987792969,74.45246124267578,72.5694351196289,63.052696228027344,53.36868667602539,52.60670471191406,50.640869140625,45.40163803100586,42.65380096435547,39.47029113769531,37.074317932128906,20540.0625,79.44615173339844,52.524234771728516
965000,975040,17,3,253,219,1,48818.1171875,482.8164367675781,235.6436767578125,178.10018920898438,135.538818359375,109.8198013305664,85.43134307861328,77.51725769042969,70.00782012939453,61.42903518676758,58.689239501953125,55.25764846801758,49.786521911621094,44.86474609375,44.27774429321289,39.449275970458984,36.741798400878906,20521.8203125,85.20612335205078,56.90135955810547
970000,980032,17,3,246,221,0,48926.2890625,437.22662353515625,221.7047576904297,176.74111938476562,144.8155059814453,115.68839263916016,108.1944580078125,82.31267547607422,65.40360260009766,55.21200942993164,52.885498046875,44.2066764831543,43.86131286621094,40.88212966918945,38.53515625,35.61224365234375,34.74037170410156,20567.271484375,118.96685028076172,52.16880416870117
970000,980032,17,3,246,221,1,48935.6796875,438.2823791503906,220.7666778564453,172.4776611328125,143.29966735839844,111.13819885253906,100.14933776855469,81.21298217773438,63.60626983642578,55.20566177368164,48.739768981933594,46.736568450927734,42.50652313232422,41.11036682128906,38.042442321777344,37.7606086730957,35.12852096557617,20574.7265625,115.24593353271484,53.18435287475586
975000,985024,17,3,251,224,0,48284.3359375,703.6007080078125,279.8722229003906,182.18405151367188,139.9375,107.57811737060547,90.29444122314453,73.34774780273438,65.89017486572266,59.62434768676758,54.611351013183594,52.041221618652344,45.73616027832031,42.45033645629883,40.48153305053711,37.516944885253906,36.04899597167969,20333.2109375,85.18896484375,53.1982307434082
975000,985024,17,3,251,224,1,48285.75,715.2067260742188,271.1164855957031,178.9700469970703,136.65553283691406,108.48224639892578,87.49652862548828,71.02208709716797,64.5302963256836,56.99581527709961,53.603240966796875,49.43418884277344,42.994747161865234,41.208900451660156,37.79753494262695,37.15068435668945,33.981807708740234,20335.65234375,90.1539306640625,46.41327667236328
980000,990016,17,3,253,219,0,49733.3046875,431.43402099609375,210.5269012451172,168.0043182373047,133.41246032714844,112.43531036376953,89.7504653930664,69.86461639404297,63.28776168823242,56.00209045410156,51.5869255065918,48.088294982910156,44.26252746582031,41.187381744384766,39.105308532714844,34.97822570800781,34.28548049926758,20941.28515625,83.29615020751953,48.89447784423828
980000,990016,17,3,253,219,1,49793.67578125,431.5364074707031,212.17274475097656,166.18019104003906,131.4984893798828,109.83080291748047,89.75657653808594,71.50764465332031,60.1173095703125,58.265899658203125,53.865379333496094,50.131046295166016,43.67294692993164,43.318721771240234,40.21617126464844,37.18848419189453,35.36220932006836,20967.14453125,83.30887603759766,47.46363067626953
985000,995008,17,3,254,218,0,50348.78125,444.8544616699219,219.44699096679688,180.34054565429688,149.38912963867188,110.93002319335938,84.60430908203125,69.8893814086914,56.660282135009766,54.73438262939453,50.903602600097656,49.22315216064453,45.59149169921875,42.623348236083984,41.20854187011719,36.99739074707031,34.76869201660156,21198.265625,92.30579376220703,45.94607162475586
985000,995008,17,3,254,218,1,50331.8671875,448.3367614746094,220.11155700683594,179.6981964111328,147.96607971191406,114.66024017333984,86.33322143554688,68.35865783691406,58.61507797241211,55.60834503173828,53.746551513671875,48.656036376953125,45.4106559753418,44.30552673339844,40.965877532958984,39.017513275146484,37.31443405151367,21192.62890625,86.8105239868164,48.9648551940918
990000,1000000,17,3,254,218,0,49579.140625,535.3963623046875,229.19700622558594,172.0927276611328,135.67373657226562,106.44863891601562,84.14188385009766,73.73521423339844,62.35310745239258,56.21745681762695,47.96882629394531,44.73969650268555,43.926422119140625,39.72552490234375,38.34323501586914,37.26475143432617,30.472169876098633,20865.443359375,92.69613647460938,51.02299118041992
990000,1000000,17,3,254,218,1,49568.7109375,537.6398315429688,228.9371795654297,171.61404418945312,137.91500854492188,109.29335021972656,84.3670654296875,74.5035171508789,58.80049133300781,57.81510543823242,50.766395568847656,46.036502838134766,43.484291076660156,41.931060791015625,37.895328521728516,37.35350036621094,35.93349838256836,20864.2109375,95.23182678222656,48.31808090209961
