grad_step,env_steps,window_len,penalty_len,n_windows,unique_eps,critic,sv_01,sv_02,sv_03,sv_04,sv_05,sv_06,sv_07,sv_08,sv_09,sv_10,sv_11,sv_12,sv_13,sv_14,sv_15,sv_16,sv_17,pen_sv_01,pen_sv_02,pen_sv_03
0,10001,17,3,255,10,0,15.800753593444824,5.159234523773193,4.756093978881836,4.72438907623291,4.68962287902832,4.564792156219482,4.472314834594727,4.071253299713135,3.9330997467041016,3.689542770385742,3.5145909786224365,3.411080837249756,3.314270496368408,3.1893975734710693,3.0022130012512207,2.7448043823242188,2.6880381107330322,7.6837239265441895,4.270182132720947,3.6688899993896484
0,10001,17,3,255,10,1,22.704626083374023,3.5972273349761963,3.451540470123291,3.2217514514923096,3.1700000762939453,3.0964303016662598,3.0319976806640625,2.950631856918335,2.838313102722168,2.7823359966278076,2.719181776046753,2.659029245376587,2.6147170066833496,2.5577917098999023,2.363797903060913,2.2149531841278076,2.0556368827819824,10.036394119262695,2.8394360542297363,2.769345760345459
5000,15001,17,3,252,15,0,2195.212646484375,70.1163101196289,43.38137435913086,34.662574768066406,28.384769439697266,25.62213134765625,22.812467575073242,18.667356491088867,17.32585334777832,15.584049224853516,14.197809219360352,12.929407119750977,12.648087501525879,11.585728645324707,11.146915435791016,10.362883567810059,9.303993225097656,925.8638305664062,22.503894805908203,11.46141242980957
5000,15001,17,3,252,15,1,2191.878662109375,69.04810333251953,41.45482635498047,34.557769775390625,27.834136962890625,25.80316734313965,23.826257705688477,18.973329544067383,17.7189998626709,15.47358226776123,14.992039680480957,14.2699613571167,12.89742374420166,11.822476387023926,11.432962417602539,10.996959686279297,10.004037857055664,924.9918212890625,23.15325355529785,12.17402458190918
10000,20001,17,3,252,20,0,2083.084228515625,84.04907989501953,52.59518051147461,36.36241912841797,29.69329833984375,22.0860652923584,20.981657028198242,17.52389144897461,16.7790584564209,16.28388786315918,14.181554794311523,12.99698543548584,12.73618221282959,11.158761978149414,10.212540626525879,9.894529342651367,9.36533260345459,876.728759765625,19.239648818969727,12.345026969909668
10000,20001,17,3,252,20,1,2076.69482421875,81.84797668457031,51.914085388183594,36.28974533081055,28.763879776000977,21.474149703979492,20.69375991821289,17.777725219726562,15.842710494995117,15.690653800964355,14.078133583068848,12.990462303161621,10.970560073852539,10.773180961608887,10.625566482543945,9.869274139404297,9.272496223449707,873.010986328125,19.12108612060547,12.109644889831543
15000,25001,17,3,255,25,0,1616.1866455078125,83.91241455078125,48.28975296020508,33.30553436279297,28.120830535888672,22.11146354675293,20.086864471435547,15.774565696716309,14.044476509094238,12.538252830505371,10.923234939575195,9.742183685302734,8.370903968811035,8.216133117675781,7.785025596618652,7.3923492431640625,6.762269020080566,676.2384033203125,17.726415634155273,8.7919340133667
15000,25001,17,3,255,25,1,1607.806396484375,83.48843383789062,48.10276412963867,33.30057144165039,26.826528549194336,22.28551483154297,19.752628326416016,15.957719802856445,14.415384292602539,12.536752700805664,11.572102546691895,10.174206733703613,9.085161209106445,8.186422348022461,8.029753684997559,7.622603893280029,6.801706314086914,672.6326904296875,17.790939331054688,9.129301071166992
20000,30001,17,3,249,30,0,1444.0279541015625,100.75033569335938,55.18122482299805,40.280513763427734,28.686519622802734,21.746828079223633,18.534311294555664,15.428472518920898,13.729818344116211,11.670379638671875,11.445462226867676,9.521153450012207,9.341477394104004,9.142492294311523,8.427921295166016,7.866424083709717,6.867973327636719,608.2435913085938,19.637514114379883,9.482918739318848
20000,30001,17,3,249,30,1,1447.7686767578125,100.99695587158203,54.64484786987305,40.62850570678711,28.40074348449707,22.137487411499023,19.093406677246094,15.09133529663086,13.915307998657227,12.44150447845459,11.103730201721191,10.733624458312988,9.506139755249023,9.092323303222656,8.35684585571289,7.6403889656066895,7.179995536804199,609.6876831054688,19.20534896850586,10.009588241577148
25000,35001,17,3,251,35,0,1559.9730224609375,135.51516723632812,72.68549346923828,45.822200775146484,33.0965461730957,25.186500549316406,21.41813087463379,18.836803436279297,15.596277236938477,13.136646270751953,12.98926830291748,11.289128303527832,10.570724487304688,10.161802291870117,9.535155296325684,9.354804992675781,8.770357131958008,652.8431396484375,21.70646858215332,12.207911491394043
25000,35001,17,3,251,35,1,1554.0372314453125,134.39642333984375,72.80255889892578,46.10346603393555,34.023590087890625,25.999704360961914,22.843313217163086,18.146860122680664,17.428382873535156,14.560345649719238,13.6226224899292,12.117620468139648,11.582205772399902,10.050104141235352,9.478414535522461,9.060565948486328,8.008122444152832,651.0455932617188,23.269031524658203,13.360623359680176
30000,40001,17,3,252,40,0,2229.777587890625,170.12734985351562,90.68982696533203,61.455345153808594,38.95168685913086,31.246013641357422,25.98868179321289,22.038761138916016,20.624250411987305,17.49323081970215,16.905214309692383,15.4014310836792,14.029975891113281,12.670169830322266,11.735132217407227,11.226799011230469,10.040629386901855,927.7957763671875,30.58679962158203,14.86320972442627
30000,40001,17,3,252,40,1,2229.6201171875,168.47979736328125,89.42231750488281,58.223106384277344,40.511138916015625,29.99158477783203,26.619619369506836,22.063213348388672,20.35352897644043,17.236549377441406,15.48733901977539,14.927931785583496,13.55948543548584,12.411158561706543,11.590489387512207,11.427706718444824,10.026053428649902,926.7030639648438,30.185699462890625,13.277933120727539
35000,45001,17,3,253,45,0,3367.698974609375,196.3723602294922,98.30815887451172,58.78963088989258,50.78905487060547,35.06631851196289,29.104238510131836,26.015796661376953,23.992372512817383,20.22534942626953,18.056568145751953,16.74647331237793,16.125944137573242,15.497336387634277,13.994012832641602,13.563443183898926,13.212044715881348,1421.795654296875,33.58776092529297,15.312769889831543
35000,45001,17,3,253,45,1,3345.779296875,196.50022888183594,97.89337921142578,58.540008544921875,49.77383804321289,35.42084884643555,29.05123519897461,26.28487205505371,22.724254608154297,20.213335037231445,19.054365158081055,18.27248191833496,17.14019775390625,16.85978126525879,15.09212875366211,13.709073066711426,12.445195198059082,1412.18896484375,32.92878723144531,17.414566040039062
40000,50001,17,3,254,50,0,4701.9716796875,225.99916076660156,111.7203598022461,62.813419342041016,52.180564880371094,42.127906799316406,32.6348762512207,27.41909408569336,26.014266967773438,24.799497604370117,21.96897315979004,20.667898178100586,19.32576560974121,17.121387481689453,16.617219924926758,15.153298377990723,14.963034629821777,1967.0115966796875,36.8994140625,20.5545597076416
40000,50001,17,3,254,50,1,4713.3701171875,226.38304138183594,112.60879516601562,63.60820770263672,52.77489471435547,43.30001449584961,34.9649543762207,28.7954044342041,26.636714935302734,24.107582092285156,21.749923706054688,19.880216598510742,19.21807861328125,17.340362548828125,16.26220703125,15.514942169189453,14.378358840942383,1971.60302734375,39.69807434082031,19.337692260742188
45000,55001,17,3,250,53,0,6063.5556640625,234.77574157714844,109.43415832519531,72.50194549560547,57.6421012878418,46.47966384887695,38.454158782958984,29.676815032958984,29.159814834594727,26.416885375976562,24.284082412719727,23.557048797607422,22.205501556396484,20.069108963012695,18.169858932495117,16.151527404785156,15.106375694274902,2549.140869140625,42.75609588623047,23.113216400146484
45000,55001,17,3,250,53,1,6073.99853515625,232.04806518554688,110.49909210205078,70.97247314453125,58.13771438598633,45.56330871582031,40.99985885620117,31.435270309448242,27.615415573120117,26.867631912231445,24.8587646484375,23.33028221130371,19.485715866088867,19.228668212890625,18.087308883666992,17.75290870666504,16.738357543945312,2554.981201171875,44.72468185424805,22.537633895874023
50000,60001,17,3,255,59,0,7320.5986328125,326.7762756347656,135.12474060058594,90.36026763916016,53.06247329711914,48.66583251953125,44.737548828125,32.728580474853516,30.228981018066406,27.85117530822754,27.070423126220703,26.207670211791992,23.398998260498047,21.63412857055664,20.93790054321289,19.765037536621094,18.6051082611084,3074.536376953125,42.371036529541016,26.392499923706055
50000,60001,17,3,255,59,1,7324.3515625,326.9010314941406,132.49681091308594,89.55889129638672,55.02470779418945,51.88262176513672,45.70293045043945,35.382789611816406,34.08689498901367,30.74321746826172,28.464065551757812,27.714323043823242,23.421232223510742,22.375267028808594,21.681184768676758,20.57145118713379,19.32740020751953,3077.48828125,43.83607864379883,27.247459411621094
55000,65001,17,3,254,64,0,8794.236328125,321.2655334472656,137.4298553466797,93.36840057373047,72.08150482177734,52.06911849975586,43.68293380737305,39.202415466308594,31.71562957763672,28.554058074951172,26.040212631225586,24.4091796875,22.16022491455078,21.524980545043945,21.081890106201172,19.434444427490234,18.491962432861328,3690.583251953125,46.94820785522461,24.838666915893555
55000,65001,17,3,254,64,1,8789.8818359375,323.14447021484375,138.51141357421875,92.9296646118164,74.40489959716797,52.704769134521484,44.89936065673828,38.014225006103516,32.785701751708984,31.3636531829834,27.72733497619629,25.93984031677246,23.63463592529297,22.963626861572266,21.913494110107422,20.639314651489258,19.03855323791504,3690.652099609375,52.183509826660156,26.212181091308594
60000,70001,17,3,251,70,0,9947.884765625,319.6229248046875,143.09498596191406,84.73973083496094,63.05923843383789,52.944923400878906,43.26340866088867,34.50847244262695,33.799495697021484,29.058780670166016,26.357511520385742,25.543371200561523,23.70982551574707,23.42705726623535,22.295318603515625,21.11577606201172,19.304832458496094,4189.76220703125,48.77444839477539,25.71143913269043
60000,70001,17,3,251,70,1,9937.408203125,317.08905029296875,144.8715362548828,84.69609832763672,62.74686050415039,56.444766998291016,43.25010299682617,38.480796813964844,34.167640686035156,32.34486770629883,28.6408748626709,26.24351692199707,25.79703712463379,23.618303298950195,22.096349716186523,21.626970291137695,19.999530792236328,4183.884765625,52.7636833190918,27.775955200195312
65000,75001,17,3,250,72,0,11516.7001953125,277.7958068847656,139.13026428222656,94.34225463867188,65.7210922241211,52.23093032836914,49.469539642333984,41.36170196533203,36.89384841918945,32.16181945800781,30.338476181030273,27.926897048950195,26.3808536529541,24.189388275146484,23.226184844970703,20.724761962890625,19.697052001953125,4858.3095703125,49.989051818847656,26.063438415527344
65000,75001,17,3,250,72,1,11508.7099609375,283.6406555175781,140.323486328125,96.40379333496094,70.26654052734375,51.45975112915039,49.30076217651367,40.1450080871582,36.603458404541016,30.815792083740234,29.653945922851562,27.418331146240234,27.068172454833984,24.38633918762207,22.88505744934082,21.401044845581055,20.55791473388672,4856.23681640625,52.43284606933594,25.41314125061035
70000,80001,17,3,251,78,0,13155.6533203125,332.48284912109375,167.69483947753906,96.30896759033203,71.278076171875,57.09857940673828,48.60550308227539,43.95610427856445,36.95685958862305,33.78838348388672,30.772029876708984,27.486040115356445,26.848222732543945,25.84392547607422,24.67160415649414,22.18752670288086,20.607831954956055,5541.1533203125,57.50544738769531,27.285064697265625
70000,80001,17,3,251,78,1,13169.8134765625,333.00152587890625,165.70510864257812,96.11048126220703,71.56492614746094,58.776912689208984,53.34002685546875,44.02112579345703,39.01015090942383,35.09836196899414,33.35170364379883,30.5511531829834,28.289148330688477,26.8917179107666,24.708492279052734,22.945016860961914,21.146860122680664,5545.900390625,53.348751068115234,32.035484313964844
75000,85001,17,3,248,85,0,14557.6376953125,358.9732360839844,181.41441345214844,117.4606704711914,75.79317474365234,68.98915100097656,57.8067512512207,43.19359588623047,40.73285675048828,36.10329055786133,33.615230560302734,32.657108306884766,28.310150146484375,27.744022369384766,26.203323364257812,23.428531646728516,22.4384822845459,6119.63037109375,55.91239929199219,31.436445236206055
75000,85001,17,3,248,85,1,14550.94921875,354.61175537109375,184.91690063476562,118.24495697021484,75.65728759765625,69.93921661376953,58.87779235839844,41.6472282409668,40.96138000488281,37.828311920166016,35.49406051635742,32.239139556884766,31.595264434814453,27.647418975830078,26.060890197753906,25.007972717285156,22.983318328857422,6116.453125,57.60384750366211,33.24860763549805
80000,90001,17,3,254,83,0,15527.88671875,440.35760498046875,177.7106475830078,107.65214538574219,78.36563873291016,63.93925094604492,58.5087890625,48.35506820678711,44.25672149658203,39.54911804199219,35.24448776245117,32.26255798339844,30.99627113342285,29.59162139892578,27.818038940429688,27.366819381713867,24.659788131713867,6509.65625,59.279747009277344,31.34797477722168
80000,90001,17,3,254,83,1,15548.8798828125,445.4781188964844,183.6951904296875,113.5994873046875,80.16712951660156,68.8692398071289,58.31645965576172,49.87134552001953,46.74547576904297,40.30224609375,35.61174774169922,34.364139556884766,32.1635627746582,31.32410430908203,30.67831802368164,26.350370407104492,25.83547592163086,6516.82568359375,62.67927551269531,36.06086349487305
85000,95001,17,3,253,90,0,17020.05078125,445.2046813964844,173.22328186035156,114.84423065185547,80.1838607788086,64.6411361694336,61.237586975097656,48.2015266418457,46.18756866455078,41.11297607421875,35.71142578125,30.904678344726562,30.163143157958984,26.88165855407715,26.441652297973633,24.116260528564453,23.301326751708984,7158.49560546875,71.71178436279297,28.39030647277832
85000,95001,17,3,253,90,1,17030.677734375,449.0382080078125,169.52085876464844,114.51779174804688,77.55127716064453,62.04026794433594,59.768470764160156,47.834503173828125,44.615440368652344,39.581825256347656,36.90456771850586,32.888710021972656,29.582849502563477,27.625070571899414,26.552080154418945,24.613170623779297,23.281965255737305,7160.5986328125,69.3386459350586,31.722444534301758
90000,100001,17,3,252,93,0,18022.490234375,371.5137023925781,174.75401306152344,102.86947631835938,79.97932434082031,63.76918029785156,51.827518463134766,44.031246185302734,35.79484939575195,34.15837860107422,32.10200881958008,30.512800216674805,28.998109817504883,27.561792373657227,26.18109893798828,24.842674255371094,21.66044044494629,7591.17724609375,77.04460906982422,31.56448745727539
90000,100001,17,3,252,93,1,17991.2578125,367.7278747558594,172.238525390625,101.08149719238281,76.25947570800781,66.27395629882812,57.49751663208008,45.34230041503906,37.81585693359375,34.3740234375,33.57063674926758,31.709556579589844,30.20326805114746,27.77108383178711,27.237167358398438,24.428274154663086,22.7846622467041,7578.1083984375,77.31942749023438,33.45868682861328
95000,105001,17,3,252,97,0,19113.779296875,388.7801208496094,186.1238555908203,107.63900756835938,80.55390930175781,66.17829132080078,60.54742431640625,46.857460021972656,37.89734649658203,34.9781379699707,33.89734649658203,30.036577224731445,29.788986206054688,26.879154205322266,25.875925064086914,24.133914947509766,21.726045608520508,8043.73876953125,64.92221069335938,29.22810173034668
95000,105001,17,3,252,97,1,19103.388671875,388.4310302734375,187.7188720703125,107.13462829589844,75.21185302734375,62.547306060791016,54.8248405456543,46.2620849609375,37.23537063598633,36.08653259277344,32.72592544555664,31.595901489257812,30.736892700195312,26.960447311401367,25.827754974365234,24.872671127319336,23.582448959350586,8042.60205078125,61.68374252319336,33.82716751098633
100000,110001,17,3,254,98,0,19623.359375,479.3512268066406,196.89244079589844,115.47772216796875,98.41114044189453,70.67459869384766,55.76705551147461,51.9341926574707,42.62062454223633,39.15326690673828,34.86811447143555,30.873821258544922,29.67566680908203,27.98529052734375,27.350059509277344,25.213891983032227,23.346904754638672,8235.681640625,70.77005767822266,31.637605667114258
100000,110001,17,3,254,98,1,19620.572265625,479.1241149902344,198.28749084472656,121.582275390625,99.46881103515625,67.17109680175781,57.48580551147461,51.16571807861328,42.57151794433594,39.21994400024414,35.406490325927734,31.0612735748291,30.139005661010742,28.414613723754883,27.37592124938965,27.07419204711914,23.848718643188477,8237.744140625,69.9500961303711,30.048805236816406
105000,115001,17,3,251,97,0,20374.037109375,338.9956359863281,162.90980529785156,102.11571502685547,85.91155242919922,72.20853424072266,59.03419494628906,43.46502685546875,41.13438034057617,38.557273864746094,34.468994140625,32.19921875,27.997928619384766,27.045381546020508,25.647306442260742,25.496292114257812,21.886493682861328,8575.5205078125,53.791259765625,29.012388229370117
105000,115001,17,3,251,97,1,20364.037109375,337.7034912109375,168.11863708496094,105.04424285888672,89.0611572265625,78.73897552490234,66.95446014404297,47.199275970458984,40.28839111328125,38.39130401611328,35.03399658203125,30.65579605102539,29.73036766052246,27.66696548461914,27.459402084350586,25.405508041381836,23.639307022094727,8570.392578125,53.97389221191406,29.156269073486328
110000,120001,17,3,254,107,0,21161.228515625,409.6277160644531,187.6049041748047,104.56717681884766,81.07171630859375,70.76235961914062,51.62461853027344,42.909934997558594,39.44610595703125,36.19297409057617,32.85355758666992,30.231966018676758,28.375911712646484,27.635719299316406,26.900850296020508,25.184810638427734,24.5096435546875,8864.8076171875,71.54934692382812,28.747100830078125
110000,120001,17,3,254,107,1,21163.4921875,408.73724365234375,186.67945861816406,104.8545913696289,81.399169921875,71.62139129638672,53.03398132324219,43.86176300048828,40.51919174194336,36.92321014404297,35.24028396606445,30.923046112060547,30.58406639099121,27.989181518554688,25.931596755981445,24.27442741394043,23.26824188232422,8863.3212890625,69.08940887451172,30.8268985748291
115000,125001,17,3,254,115,0,22260.072265625,409.134521484375,195.0764617919922,111.11534881591797,78.6797103881836,68.36121368408203,60.27015686035156,48.02626419067383,42.7510986328125,38.108673095703125,35.124664306640625,33.03043746948242,30.74677848815918,28.880828857421875,28.08649253845215,25.158275604248047,24.315114974975586,9376.5537109375,53.99679946899414,33.71736526489258
115000,125001,17,3,254,115,1,22271.638671875,411.890380859375,192.0855255126953,114.52154541015625,74.8250961303711,64.99227142333984,60.28103256225586,47.79469299316406,45.73130798339844,42.7783088684082,35.578739166259766,34.169578552246094,33.23567581176758,30.075021743774414,28.173677444458008,26.262189865112305,24.576236724853516,9382.76953125,56.793766021728516,35.3399772644043
120000,130001,17,3,251,107,0,22787.970703125,390.3491516113281,167.34368896484375,112.46371459960938,85.04032135009766,69.42848205566406,56.74161911010742,47.51267623901367,38.265541076660156,35.69437789916992,34.209991455078125,32.696449279785156,30.791690826416016,28.794612884521484,27.182140350341797,25.369144439697266,23.802927017211914,9577.296875,61.68891143798828,35.71190643310547
120000,130001,17,3,251,107,1,22821.900390625,391.2616271972656,173.379150390625,111.3134536743164,86.74744415283203,68.8565902709961,56.45187759399414,47.2245979309082,39.53597640991211,37.9091796875,32.91794204711914,31.742918014526367,30.699039459228516,30.14592170715332,28.123624801635742,27.085987091064453,24.10279083251953,9593.296875,57.60929870605469,33.754085540771484
125000,135001,17,3,249,114,0,22840.88671875,396.1476745605469,174.87001037597656,111.22344970703125,82.59175872802734,62.51420974731445,57.686134338378906,47.76585006713867,40.44641876220703,34.30934143066406,33.70624923706055,31.881685256958008,29.63817596435547,27.563152313232422,26.281085968017578,24.745519638061523,22.917850494384766,9587.5703125,63.568607330322266,31.781789779663086
125000,135001,17,3,249,114,1,22850.056640625,398.2393493652344,174.93736267089844,109.15019989013672,84.0394058227539,62.459285736083984,58.4034423828125,44.51215744018555,40.617977142333984,36.89031982421875,34.52899169921875,32.46455764770508,30.443452835083008,29.578506469726562,27.080774307250977,26.458093643188477,23.005952835083008,9591.2587890625,62.2741584777832,30.00949478149414
130000,140001,17,3,250,118,0,24236.642578125,487.9505615234375,163.1817626953125,123.55232238769531,82.93631744384766,71.92867279052734,54.085479736328125,47.865657806396484,44.035160064697266,40.98047637939453,37.020477294921875,34.047000885009766,33.7276611328125,31.315963745117188,30.723594665527344,27.149030685424805,26.470125198364258,10182.845703125,72.3861083984375,33.63944625854492
130000,140001,17,3,250,118,1,24219.87109375,484.35003662109375,166.45724487304688,121.25143432617188,83.36903381347656,73.52947235107422,52.99685287475586,50.82879638671875,46.32512664794922,41.8234977722168,40.20054244995117,36.64989471435547,35.614070892333984,33.64716339111328,30.639116287231445,27.72332000732422,25.27266502380371,10176.5078125,68.07933044433594,33.247642517089844
135000,145001,17,3,253,124,0,25016.3828125,490.4249572753906,176.42391967773438,126.38235473632812,83.76437377929688,65.89246368408203,57.552894592285156,51.80305099487305,41.67239761352539,35.64077377319336,33.70217514038086,32.72237777709961,31.275484085083008,29.64073944091797,28.000341415405273,27.71634292602539,25.209228515625,10508.4912109375,59.25614929199219,33.07158279418945
135000,145001,17,3,253,124,1,25020.67578125,498.3367919921875,175.47158813476562,122.55188751220703,80.87419891357422,68.75933837890625,56.038612365722656,48.21772003173828,41.994468688964844,38.64356994628906,35.80720138549805,33.9908561706543,32.02421188354492,31.14386558532715,28.3143367767334,26.184772491455078,25.32628631591797,10508.64453125,63.412174224853516,32.45473098754883
140000,150001,17,3,252,127,0,25491.970703125,329.809814453125,163.07925415039062,113.88062286376953,87.617431640625,72.92242431640625,65.09489440917969,46.895931243896484,45.308631896972656,38.02288055419922,37.35738754272461,33.662689208984375,32.84019088745117,31.17510223388672,28.76637077331543,26.733135223388672,26.29106330871582,10712.705078125,58.89670181274414,32.59534454345703
140000,150001,17,3,252,127,1,25496.341796875,327.9134216308594,165.72210693359375,113.31537628173828,86.67625427246094,72.24081420898438,64.99983215332031,50.198577880859375,47.14044189453125,38.6285400390625,38.37813186645508,35.66045379638672,32.027801513671875,30.00337028503418,28.7390193939209,28.343862533569336,26.747636795043945,10713.3818359375,58.596580505371094,32.88983917236328
145000,155001,17,3,251,124,0,26120.91796875,453.43414306640625,160.889892578125,95.52169799804688,87.941162109375,65.83512115478516,59.986724853515625,47.648345947265625,43.69770812988281,39.77898406982422,36.983604431152344,31.362699508666992,30.071409225463867,27.34095001220703,26.995590209960938,24.984989166259766,24.31949234008789,10980.4248046875,64.8929443359375,35.60590362548828
145000,155001,17,3,251,124,1,26145.158203125,451.2540283203125,163.29331970214844,95.16357421875,87.34942626953125,70.9290542602539,62.85137176513672,56.680824279785156,44.70670700073242,42.56704330444336,36.37326431274414,33.70000076293945,28.733612060546875,27.67948341369629,26.7387752532959,25.269800186157227,23.663463592529297,10991.244140625,65.59208679199219,35.387535095214844
150000,160001,17,3,251,133,0,27137.92578125,408.0398254394531,192.60791015625,110.42953491210938,80.08155822753906,68.2517318725586,51.95541000366211,47.960365295410156,44.83318328857422,37.967308044433594,34.77688980102539,31.40569305419922,30.33401107788086,28.46338653564453,27.103654861450195,23.750017166137695,23.504783630371094,11430.1220703125,59.31583786010742,28.94379997253418
150000,160001,17,3,251,133,1,27106.396484375,408.3849792480469,190.5081329345703,107.52381134033203,81.28308868408203,66.00077056884766,53.14019012451172,47.76358413696289,40.70088195800781,39.086334228515625,36.91355514526367,31.686429977416992,30.502408981323242,28.90492057800293,25.2513484954834,23.253868103027344,23.069347381591797,11415.3271484375,58.62263488769531,31.990768432617188
155000,165001,17,3,256,123,0,27605.2578125,350.585693359375,159.61802673339844,104.70040893554688,81.25982666015625,66.76847839355469,58.22186279296875,47.5949821472168,39.270423889160156,38.0476188659668,37.51896286010742,34.14302062988281,29.673810958862305,28.895864486694336,26.132099151611328,25.4013729095459,22.326229095458984,11637.6259765625,58.10419464111328,31.8272647857666
155000,165001,17,3,256,123,1,27581.951171875,350.7261962890625,157.84860229492188,107.83306121826172,79.82246398925781,67.40158081054688,58.703548431396484,47.67594909667969,41.25611114501953,37.63447189331055,34.28074645996094,32.877140045166016,30.394899368286133,29.221017837524414,28.356292724609375,26.367298126220703,26.167789459228516,11625.3330078125,60.666988372802734,31.322265625
160000,170001,17,3,253,134,0,26899.203125,590.4976196289062,190.257080078125,125.12320709228516,98.60247802734375,78.95492553710938,63.098052978515625,55.692134857177734,41.33880615234375,41.175636291503906,37.36813735961914,35.24732971191406,32.019649505615234,31.736255645751953,28.5952205657959,27.980627059936523,23.84789276123047,11320.521484375,69.29531860351562,38.082191467285156
160000,170001,17,3,253,134,1,26896.7421875,595.3668823242188,192.13906860351562,132.33770751953125,101.53251647949219,75.22547149658203,66.44075775146484,59.608619689941406,43.1336555480957,39.286556243896484,37.81404113769531,37.0064582824707,33.08940887451172,32.25979232788086,31.278179168701172,28.7947940826416,25.882225036621094,11319.060546875,67.23136901855469,34.481109619140625
165000,175001,17,3,255,138,0,27504.1875,504.2407531738281,178.2611541748047,111.10303497314453,86.08056640625,75.99280548095703,61.31733703613281,50.155677795410156,43.25429916381836,39.29426956176758,36.3204460144043,35.657257080078125,30.21758460998535,27.727413177490234,26.876842498779297,26.2230281829834,24.26926040649414,11556.4755859375,67.34259033203125,29.84859275817871
165000,175001,17,3,255,138,1,27495.16796875,501.65283203125,180.45362854003906,110.31759643554688,83.79415893554688,66.87114715576172,56.87232971191406,46.09632110595703,41.28633499145508,37.1766357421875,35.6425666809082,31.286922454833984,29.22903823852539,27.70195770263672,26.87489128112793,24.206987380981445,22.881118774414062,11553.703125,61.963260650634766,31.39557647705078
170000,180001,17,3,254,138,0,29127.904296875,550.18603515625,161.14724731445312,108.02893829345703,84.14010620117188,71.30609893798828,60.85381317138672,50.02317428588867,43.906124114990234,38.55930709838867,36.438236236572266,34.003963470458984,31.07748031616211,29.589298248291016,27.82979393005371,26.851085662841797,24.085010528564453,12264.94140625,85.71961212158203,33.57560348510742
170000,180001,17,3,254,138,1,29145.42578125,551.5336303710938,159.69862365722656,104.80332946777344,82.42633819580078,68.82804870605469,63.06658935546875,48.82856369018555,44.096317291259766,37.46641540527344,36.376808166503906,31.632986068725586,30.987213134765625,29.04864501953125,27.5233154296875,27.077674865722656,23.522022247314453,12271.0888671875,79.45001220703125,34.75252914428711
175000,185001,17,3,253,143,0,29007.212890625,434.6186828613281,219.38320922851562,113.38870239257812,87.1790771484375,68.71918487548828,56.558021545410156,44.39535140991211,41.3517951965332,37.512245178222656,33.422142028808594,31.662107467651367,30.349933624267578,28.517837524414062,27.34268569946289,25.12924575805664,23.398605346679688,12196.59765625,63.373661041259766,28.39054298400879
175000,185001,17,3,253,143,1,29006.65625,433.31671142578125,214.15321350097656,111.76165771484375,92.20062255859375,72.76488494873047,60.310508728027344,44.082881927490234,40.78960418701172,35.3281135559082,33.682228088378906,32.62329864501953,31.5308837890625,28.170692443847656,24.62232780456543,24.144224166870117,22.745004653930664,12197.7392578125,63.05856704711914,28.16155242919922
180000,190001,17,3,251,139,0,29316.509765625,536.82080078125,199.10011291503906,134.74427795410156,91.21180725097656,68.72322082519531,59.5494270324707,45.19242477416992,42.428436279296875,39.58721160888672,38.223594665527344,37.424983978271484,34.31037902832031,31.27013397216797,28.662405014038086,25.939069747924805,24.611236572265625,12334.09765625,69.58687591552734,34.85371017456055
180000,190001,17,3,251,139,1,29287.017578125,535.016845703125,201.17396545410156,140.0464630126953,89.98011016845703,71.04949951171875,60.802616119384766,45.18048858642578,44.09256362915039,42.72726821899414,40.77900314331055,35.847957611083984,33.2201042175293,30.092548370361328,29.445714950561523,27.831443786621094,27.14491844177246,12321.7705078125,80.13455963134766,35.47517013549805
185000,195001,17,3,252,143,0,29725.736328125,393.2119140625,172.59320068359375,114.1557846069336,85.4161376953125,74.2310791015625,62.79996871948242,49.14445114135742,45.60206985473633,42.085594177246094,38.11692428588867,36.17509460449219,31.771268844604492,31.509597778320312,29.35665512084961,27.472888946533203,26.114072799682617,12505.083984375,61.82206344604492,31.114107131958008
185000,195001,17,3,252,143,1,29704.150390625,394.2499694824219,177.42623901367188,115.68660736083984,88.76964569091797,76.4681396484375,62.33867645263672,46.299983978271484,43.05589294433594,38.596309661865234,36.299922943115234,32.035728454589844,31.018089294433594,29.800737380981445,29.367813110351562,27.782081604003906,25.546506881713867,12495.0546875,60.96067810058594,34.9266357421875
190000,200001,17,3,255,142,0,30431.71484375,373.9845886230469,175.96957397460938,111.05238342285156,97.0027084350586,70.49986267089844,58.37935256958008,49.76298904418945,44.42886734008789,41.35188293457031,37.97759246826172,35.83953094482422,32.12657928466797,30.621746063232422,27.315629959106445,25.69850730895996,23.987728118896484,12786.5283203125,67.51801300048828,33.67649459838867
190000,200001,17,3,255,142,1,30412.76171875,377.9400634765625,177.9371795654297,110.00569152832031,94.53681945800781,69.80409240722656,60.825958251953125,49.303524017333984,45.83151626586914,41.6862678527832,36.548194885253906,35.46104431152344,33.576175689697266,32.112003326416016,28.771772384643555,26.889509201049805,23.994041442871094,12776.412109375,64.04768371582031,35.294681549072266
195000,205001,17,3,250,153,0,30516.05078125,480.64593505859375,187.39181518554688,122.24980926513672,84.8106460571289,65.41714477539062,62.367061614990234,48.16845703125,47.0384635925293,44.58561325073242,41.989784240722656,37.05111312866211,35.445770263671875,32.08517837524414,29.66788101196289,28.414695739746094,26.073190689086914,12845.4521484375,61.6480827331543,34.77537155151367
195000,205001,17,3,250,153,1,30462.58203125,480.24951171875,197.15237426757812,120.06096649169922,86.83834838867188,70.1448974609375,61.32880783081055,49.363338470458984,45.20552444458008,42.063838958740234,40.852638244628906,37.01223373413086,31.796430587768555,30.19011116027832,28.645038604736328,26.944414138793945,24.93585777282715,12821.4189453125,64.17730712890625,31.870716094970703
200000,210001,17,3,254,153,0,30864.29296875,621.255615234375,220.19215393066406,138.5016326904297,91.42628479003906,80.76191711425781,67.21580505371094,52.70257568359375,47.277530670166016,43.724586486816406,39.7014045715332,37.112220764160156,34.408260345458984,34.03281021118164,29.908523559570312,28.601747512817383,27.82954216003418,12965.998046875,91.12525177001953,39.7976188659668
200000,210001,17,3,254,153,1,30863.490234375,621.0075073242188,219.53253173828125,139.82688903808594,94.65724182128906,82.77135467529297,68.41888427734375,56.206565856933594,48.83348083496094,42.7948112487793,41.17429733276367,38.586700439453125,37.855892181396484,33.55769729614258,32.324642181396484,30.485441207885742,26.369258880615234,12968.0244140625,91.12216186523438,38.15309524536133
205000,215001,17,3,250,150,0,31164.927734375,375.13067626953125,190.93289184570312,127.9452896118164,89.54637145996094,77.4641342163086,62.39552688598633,55.36492156982422,42.84885787963867,40.280242919921875,37.78214645385742,34.740028381347656,33.06389617919922,30.44468116760254,29.17355728149414,28.032737731933594,26.514482498168945,13113.828125,68.93699645996094,33.92107391357422
205000,215001,17,3,250,150,1,31175.03515625,375.0164794921875,181.7015380859375,129.4608612060547,88.65354919433594,79.69233703613281,65.06195831298828,50.51168441772461,41.68951416015625,40.89194107055664,38.651126861572266,35.151668548583984,32.99991226196289,32.45148468017578,28.671884536743164,27.204723358154297,26.66524314880371,13117.9560546875,70.99154663085938,33.88737106323242
210000,220001,17,3,252,154,0,31435.900390625,346.5861511230469,171.441650390625,118.80049896240234,78.36030578613281,72.35032653808594,60.71321105957031,49.998863220214844,43.983158111572266,41.915042877197266,37.000946044921875,32.92924499511719,32.45371627807617,29.52508544921875,27.176219940185547,26.919532775878906,25.12157440185547,13234.1982421875,60.047027587890625,35.552799224853516
210000,220001,17,3,252,154,1,31419.642578125,344.8078308105469,171.16880798339844,114.01982879638672,77.99769592285156,70.67913818359375,58.12873077392578,51.986297607421875,42.96128463745117,38.77777862548828,37.7475700378418,36.01675796508789,33.06901550292969,30.316694259643555,29.48114776611328,28.783836364746094,24.786619186401367,13228.4619140625,59.072776794433594,37.53515625
215000,225001,17,3,250,157,0,31391.779296875,375.9804382324219,157.2220001220703,118.07733917236328,82.56334686279297,73.12203979492188,62.84669876098633,51.42428970336914,45.46733093261719,37.91727066040039,33.737274169921875,31.68657112121582,30.35878562927246,29.59848976135254,26.87702751159668,26.156217575073242,23.87281036376953,13219.2578125,74.00038146972656,36.010581970214844
215000,225001,17,3,250,157,1,31389.3203125,374.2066345214844,153.13525390625,117.41069793701172,80.92676544189453,69.2947006225586,60.125484466552734,48.67760467529297,44.26225662231445,38.12851333618164,33.2846794128418,32.759395599365234,31.035316467285156,29.754701614379883,27.840118408203125,26.55267333984375,23.934221267700195,13220.1630859375,69.56825256347656,33.2569694519043
220000,230001,17,3,252,160,0,32375.478515625,398.1000671386719,180.62521362304688,115.8602294921875,90.66291809082031,79.07927703857422,63.309547424316406,56.94422149658203,48.56707763671875,46.493404388427734,44.447120666503906,41.60820770263672,40.103912353515625,36.48284912109375,34.24820327758789,31.398597717285156,27.300384521484375,13645.828125,61.49702835083008,43.11113739013672
220000,230001,17,3,252,160,1,32419.994140625,401.34698486328125,182.05226135253906,122.44100189208984,91.10747528076172,78.36753845214844,64.8531265258789,56.18265914916992,50.87623596191406,45.97093200683594,42.3405647277832,40.860572814941406,40.58597946166992,35.635108947753906,35.154876708984375,31.94727325439453,29.146316528320312,13663.0478515625,63.657928466796875,42.72701644897461
225000,235001,17,3,251,159,0,32330.68359375,520.9136962890625,232.5166015625,122.25577545166016,85.12036895751953,72.76618957519531,62.3431510925293,51.363014221191406,43.85186004638672,42.8536376953125,38.05911636352539,33.7210693359375,32.5024528503418,31.7491397857666,28.693096160888672,26.49689292907715,25.87933921813965,13596.8154296875,64.810546875,33.903255462646484
225000,235001,17,3,251,159,1,32318.353515625,520.3113403320312,226.01214599609375,127.31173706054688,87.3316879272461,75.13060760498047,68.96821594238281,50.57351303100586,46.30071258544922,43.941192626953125,39.56136703491211,39.086090087890625,37.254722595214844,31.085132598876953,30.268421173095703,27.957794189453125,26.826332092285156,13590.47265625,64.35590362548828,33.805091857910156
230000,240001,17,3,251,158,0,32268.44921875,440.23712158203125,221.87501525878906,114.71381378173828,93.06207275390625,79.02652740478516,68.20025634765625,49.5775032043457,45.71831512451172,37.823585510253906,34.9912223815918,34.652793884277344,31.905092239379883,30.284961700439453,28.861268997192383,27.062850952148438,23.946313858032227,13584.576171875,62.11082077026367,34.87095642089844
230000,240001,17,3,251,158,1,32274.0625,437.4910583496094,219.56130981445312,116.22638702392578,90.44259643554688,76.82713317871094,65.26625061035156,50.78205871582031,44.862972259521484,37.77250671386719,37.44690704345703,33.22185134887695,30.582429885864258,29.671703338623047,28.385080337524414,26.977455139160156,25.4240779876709,13585.84375,63.15964889526367,32.777122497558594
235000,245001,17,3,250,152,0,33013.16015625,529.2902221679688,224.18301391601562,125.74764251708984,88.21266174316406,81.59949493408203,63.27090835571289,53.18428421020508,43.16729736328125,40.78982925415039,37.23524856567383,34.99797058105469,34.000606536865234,31.827390670776367,29.739505767822266,28.667560577392578,28.03803825378418,13887.60546875,82.84654235839844,33.200618743896484
235000,245001,17,3,250,152,1,33017.5859375,532.0870361328125,224.1258544921875,122.44441223144531,90.18366241455078,81.47642517089844,64.80897521972656,53.51777648925781,49.647090911865234,43.13825988769531,38.260032653808594,35.96041488647461,32.994449615478516,31.86721420288086,29.885698318481445,28.101760864257812,27.755788803100586,13890.84765625,86.38934326171875,37.97577667236328
240000,250001,17,3,252,162,0,33180.7734375,500.57281494140625,183.75857543945312,121.79265594482422,92.8345718383789,73.30219268798828,63.543758392333984,54.04593276977539,50.478214263916016,43.785160064697266,40.39578628540039,39.17189025878906,34.1187629699707,32.05745315551758,30.930667877197266,29.138845443725586,26.223678588867188,13947.87109375,70.0364761352539,39.03828811645508
240000,250001,17,3,252,162,1,33175.8671875,509.4655456542969,182.95030212402344,120.2465591430664,89.19712829589844,73.82872009277344,62.2857780456543,58.07089614868164,50.12821960449219,42.847660064697266,41.36886978149414,37.54862976074219,34.832584381103516,32.418907165527344,31.3174991607666,29.23560905456543,27.653146743774414,13943.498046875,70.42366790771484,40.760292053222656
245000,255001,17,3,255,158,0,33471.86328125,441.08978271484375,185.5814971923828,129.87037658691406,88.11639404296875,83.63951873779297,69.72178649902344,55.590248107910156,48.95355987548828,43.36016845703125,41.63728332519531,38.43704605102539,33.354454040527344,31.822933197021484,30.297513961791992,28.1832332611084,26.978620529174805,14075.216796875,63.529380798339844,33.28434753417969
245000,255001,17,3,255,158,1,33478.4375,439.32611083984375,183.67459106445312,130.70127868652344,88.38396453857422,79.89155578613281,70.06475067138672,54.457183837890625,48.428199768066406,40.05109405517578,38.41609191894531,36.77421569824219,34.438804626464844,32.97414779663086,32.55705642700195,30.407310485839844,28.39443588256836,14076.7861328125,65.89791870117188,34.24740982055664
250000,260001,17,3,252,160,0,34446.77734375,482.599853515625,215.03359985351562,122.6636734008789,93.09947967529297,82.39105224609375,65.60352325439453,57.67107391357422,53.380435943603516,48.59910583496094,47.23438262939453,44.534202575683594,40.1921501159668,33.81284713745117,32.636070251464844,29.076801300048828,26.50870704650879,14489.6328125,71.4531021118164,36.902976989746094
250000,260001,17,3,252,160,1,34461.484375,486.50457763671875,215.92779541015625,123.4001235961914,98.21324157714844,84.18922424316406,64.70991516113281,58.99199676513672,50.74330520629883,45.89633560180664,45.29863357543945,42.787899017333984,39.013702392578125,34.27040481567383,33.02126693725586,32.57078170776367,26.83491325378418,14496.7998046875,72.19064331054688,40.13985061645508
255000,265001,17,3,253,170,0,34648.24609375,605.126953125,200.3073272705078,124.041259765625,89.2875747680664,86.26234436035156,76.72294616699219,62.63796615600586,53.380645751953125,45.39470672607422,41.126686096191406,40.17488098144531,35.50886154174805,34.97452926635742,32.556480407714844,30.35059928894043,29.121519088745117,14558.212890625,74.7198486328125,38.32853317260742
255000,265001,17,3,253,170,1,34675.8984375,610.2302856445312,202.61289978027344,125.32561492919922,88.90150451660156,85.3179702758789,73.87113952636719,61.40667724609375,50.38128662109375,42.96025848388672,41.62205505371094,40.551631927490234,39.9892463684082,34.98478317260742,33.71084976196289,31.271867752075195,28.484128952026367,14571.1533203125,70.93578338623047,42.87550735473633
260000,270001,17,3,253,160,0,34898.25,378.2203063964844,197.99363708496094,112.75524139404297,90.03651428222656,75.61070251464844,57.92523956298828,46.232826232910156,44.69908905029297,39.62541961669922,37.54634094238281,35.05573272705078,34.025150299072266,33.36277770996094,32.24778366088867,29.483509063720703,25.56308364868164,14697.232421875,62.636260986328125,36.04529571533203
260000,270001,17,3,253,160,1,34926.05078125,379.3257141113281,198.23594665527344,113.91098022460938,89.15350341796875,71.51615142822266,50.93396759033203,47.28040313720703,41.259891510009766,38.30442428588867,37.278438568115234,35.60322570800781,33.719058990478516,31.848979949951172,29.56575584411621,28.585285186767578,27.549020767211914,14709.4990234375,57.51691436767578,31.94809341430664
265000,275001,17,3,247,167,0,34789.56640625,338.90667724609375,171.3909912109375,125.37603759765625,92.94090270996094,78.3419189453125,63.90590286254883,55.7242546081543,46.399349212646484,40.67033767700195,39.58929443359375,37.39158248901367,34.90700149536133,32.31748580932617,31.19094467163086,29.71518898010254,27.163066864013672,14641.38671875,70.36568450927734,38.54081344604492
265000,275001,17,3,247,167,1,34784.55078125,339.8008728027344,171.7827911376953,126.3160629272461,91.90250396728516,78.88885498046875,61.20039749145508,53.59689712524414,44.18156051635742,40.162742614746094,36.85588455200195,35.968685150146484,34.950992584228516,33.21547317504883,29.878883361816406,29.50855255126953,26.93396759033203,14636.9111328125,69.59809112548828,34.6856575012207
270000,280001,17,3,254,151,0,35986.19921875,416.7180480957031,187.2475128173828,122.49713897705078,102.19528198242188,83.08403778076172,74.74649047851562,51.989864349365234,49.797035217285156,42.569461822509766,40.385467529296875,38.85943603515625,34.5275764465332,32.25811767578125,30.704675674438477,28.64699363708496,24.538005828857422,15133.8896484375,69.8440933227539,39.31909942626953
270000,280001,17,3,254,151,1,36025.15234375,419.38360595703125,182.81459045410156,122.96888732910156,98.9615249633789,73.87039947509766,69.53643798828125,57.178627014160156,48.0801887512207,44.15871810913086,39.82710647583008,36.18629837036133,35.14839553833008,33.211849212646484,31.297060012817383,28.8824462890625,26.039392471313477,15148.6943359375,71.17082977294922,35.818973541259766
275000,285001,17,3,249,165,0,35312.2109375,413.0917053222656,200.51039123535156,140.17318725585938,99.24083709716797,76.58454132080078,65.724853515625,54.32224655151367,43.98092269897461,40.89247512817383,38.478431701660156,36.77958679199219,36.3680419921875,34.15007400512695,31.732303619384766,29.88103485107422,27.563087463378906,14856.576171875,69.2796401977539,40.7869758605957
275000,285001,17,3,249,165,1,35316.83203125,416.5032958984375,202.88624572753906,139.884765625,100.35615539550781,75.94551849365234,68.43959045410156,53.22483444213867,47.21825408935547,40.3186149597168,39.6919059753418,38.04715347290039,32.929656982421875,32.265506744384766,30.04833984375,29.35993766784668,25.71933937072754,14857.5478515625,66.8152084350586,37.80291748046875
280000,290001,17,3,252,174,0,35829.703125,382.2651062011719,189.98126220703125,114.6332015991211,94.85067749023438,82.42876434326172,74.73101806640625,52.33000564575195,47.342830657958984,43.56690979003906,41.502525329589844,40.29164505004883,35.7917366027832,32.92897033691406,31.184988021850586,29.397193908691406,25.533918380737305,15071.8642578125,69.53086853027344,38.91172790527344
280000,290001,17,3,252,174,1,35847.67578125,377.80126953125,189.9866180419922,116.6572494506836,99.58843231201172,83.2229995727539,76.74693298339844,53.05391311645508,48.08250427246094,44.06819152832031,42.372802734375,38.65910720825195,36.48767852783203,32.92890167236328,31.567596435546875,28.825664520263672,26.912851333618164,15076.4541015625,69.23201751708984,41.82923889160156
285000,295001,17,3,248,164,0,36402.6328125,428.7469482421875,203.15455627441406,117.03746032714844,92.19356536865234,79.01868438720703,62.87929916381836,54.522071838378906,44.48516845703125,42.87074661254883,38.24677658081055,36.77847671508789,35.58232116699219,33.72593688964844,31.1886043548584,30.557315826416016,27.213659286499023,15309.203125,60.92709732055664,35.91795349121094
285000,295001,17,3,248,164,1,36404.94921875,427.5513610839844,205.4716339111328,117.53177642822266,96.78387451171875,81.51262664794922,63.592464447021484,49.5894889831543,45.810829162597656,44.69428634643555,39.759010314941406,39.37769317626953,34.84067916870117,32.44390106201172,31.030858993530273,28.756689071655273,27.46544647216797,15310.8525390625,65.08846282958984,32.948204040527344
290000,300001,17,3,251,171,0,36729.60546875,442.1570739746094,191.89483642578125,131.25131225585938,93.5416030883789,83.59649658203125,69.74507904052734,53.30692672729492,46.148006439208984,42.968955993652344,38.65754318237305,35.05436706542969,32.43901824951172,30.184831619262695,28.610952377319336,27.409648895263672,22.916318893432617,15439.3515625,62.63805389404297,34.86735916137695
290000,300001,17,3,251,171,1,36722.1796875,445.3804931640625,192.88238525390625,134.49598693847656,91.0550308227539,80.73287963867188,64.29276275634766,51.82630157470703,45.82061767578125,41.029788970947266,38.42948913574219,37.78532409667969,33.64040756225586,31.4847412109375,29.935190200805664,26.975543975830078,24.308862686157227,15436.779296875,62.23097229003906,39.16899490356445
295000,305001,17,3,253,171,0,37479.10546875,516.7618408203125,190.6944122314453,123.69493865966797,93.29145812988281,77.90309143066406,60.620582580566406,53.48600387573242,47.79108428955078,44.89331817626953,41.15056228637695,39.571189880371094,38.30219650268555,32.9439697265625,31.903587341308594,30.09796714782715,28.062501907348633,15789.7666015625,59.84749221801758,35.77433776855469
295000,305001,17,3,253,171,1,37523.3984375,517.0219116210938,196.26417541503906,124.95124816894531,90.23193359375,78.2181625366211,59.15773391723633,53.62672805786133,52.4290771484375,48.12852096557617,44.69445037841797,42.003135681152344,39.43545150756836,35.01871871948242,33.51266860961914,30.140827178955078,29.182836532592773,15809.2783203125,65.10104370117188,38.10877990722656
300000,310001,17,3,253,166,0,36831.79296875,368.7262878417969,189.3793487548828,122.79051971435547,93.9952392578125,74.25155639648438,63.538387298583984,52.7724723815918,48.96695327758789,43.980812072753906,40.93860626220703,36.331939697265625,33.77014923095703,32.32936096191406,30.732128143310547,29.245849609375,27.169591903686523,15480.17578125,70.89241790771484,38.547733306884766
300000,310001,17,3,253,166,1,36867.8359375,367.713134765625,188.0462188720703,117.86459350585938,93.15425109863281,74.64414978027344,62.91478729248047,54.337120056152344,48.246761322021484,44.253631591796875,42.60247039794922,37.24628448486328,33.742862701416016,32.6348876953125,32.31842803955078,29.438186645507812,27.566879272460938,15497.18359375,70.24563598632812,36.910770416259766
305000,315001,17,3,254,171,0,37718.53125,351.14935302734375,195.5956268310547,132.18690490722656,88.87224578857422,67.45338439941406,65.3313217163086,49.70548629760742,44.57674026489258,40.9485969543457,39.24456024169922,37.02474594116211,33.25572967529297,31.665557861328125,29.956483840942383,27.403400421142578,26.457462310791016,15876.556640625,61.12294387817383,32.18980026245117
305000,315001,17,3,254,171,1,37739.98828125,350.7219543457031,195.91339111328125,127.99004364013672,89.53350830078125,71.98419189453125,62.58495330810547,48.92934036254883,44.76722717285156,44.275177001953125,41.13043212890625,38.30691909790039,34.803218841552734,34.55034255981445,31.37770652770996,30.22321319580078,27.057952880859375,15886.0400390625,62.80375289916992,36.2244758605957
310000,320001,17,3,254,181,0,37796.89453125,469.24224853515625,214.80807495117188,131.5149688720703,106.824951171875,83.73773956298828,68.39404296875,64.1567153930664,51.3773078918457,48.565879821777344,43.86673355102539,40.10948181152344,36.063941955566406,32.51517868041992,31.149274826049805,28.276870727539062,26.974044799804688,15895.681640625,74.81546783447266,37.14580535888672
310000,320001,17,3,254,181,1,37764.19921875,463.49151611328125,221.8116455078125,126.23773193359375,103.01914978027344,80.91928100585938,64.35851287841797,59.68851852416992,51.58294677734375,50.06459426879883,47.80741882324219,40.81310272216797,37.91352844238281,33.37549591064453,31.851606369018555,29.092687606811523,28.185712814331055,15886.3642578125,71.13593292236328,38.267704010009766
315000,325001,17,3,253,178,0,37442.33203125,445.6555480957031,186.7692108154297,124.687744140625,89.69975280761719,67.95176696777344,67.25016784667969,54.13555908203125,48.289161682128906,43.696556091308594,38.692203521728516,37.9384880065918,36.66041946411133,34.43649673461914,32.647743225097656,31.179630279541016,27.94426918029785,15759.0244140625,68.35454559326172,36.547916412353516
315000,325001,17,3,253,178,1,37458.0703125,441.63916015625,190.07838439941406,121.39078521728516,90.39530181884766,71.29231262207031,66.00001525878906,55.44685363769531,49.93373489379883,46.27643585205078,44.95576858520508,41.23048782348633,36.1426887512207,34.924903869628906,33.19764709472656,31.623855590820312,30.117862701416016,15769.630859375,68.15825653076172,43.11982727050781
320000,330001,17,3,251,167,0,37903.94921875,407.6402587890625,158.8124237060547,119.04230499267578,82.65811920166016,68.13542938232422,57.24837875366211,51.000892639160156,44.31234359741211,43.78109359741211,41.30344009399414,38.095245361328125,34.933563232421875,33.63532257080078,31.212692260742188,27.634275436401367,26.458036422729492,15949.638671875,58.025169372558594,34.140586853027344
320000,330001,17,3,251,167,1,37941.4609375,405.4254455566406,156.40956115722656,119.50028991699219,88.9510269165039,67.15442657470703,58.8284912109375,49.034584045410156,41.82927703857422,40.551666259765625,37.41120529174805,36.31087112426758,33.806854248046875,32.36677932739258,29.9350643157959,26.807897567749023,26.571849822998047,15967.041015625,58.11419677734375,33.07908248901367
325000,335001,17,3,253,188,0,38604.0078125,642.3633422851562,211.91404724121094,135.682861328125,101.82396697998047,90.38847351074219,75.53166961669922,64.78582763671875,54.49269485473633,48.905677795410156,45.7631950378418,38.73466873168945,35.930667877197266,34.05488586425781,32.656158447265625,30.813884735107422,28.34268569946289,16228.326171875,89.08370208740234,40.824554443359375
325000,335001,17,3,253,188,1,38599.0546875,643.4137573242188,214.84152221679688,136.31190490722656,97.91612243652344,84.7932357788086,77.11894226074219,67.04460144042969,63.55864334106445,51.08073806762695,48.32486343383789,41.52750778198242,40.55644607543945,35.467105865478516,34.005096435546875,32.25104904174805,29.90017318725586,16225.70703125,87.44676971435547,45.62184143066406
330000,340001,17,3,254,188,0,39674.9765625,432.4181823730469,196.65264892578125,127.07286834716797,101.11441802978516,69.96075439453125,59.956512451171875,53.88939666748047,48.61322021484375,45.18214416503906,41.955596923828125,41.653987884521484,40.075538635253906,34.645713806152344,33.893436431884766,32.615753173828125,29.982778549194336,16679.716796875,65.52837371826172,39.55116271972656
330000,340001,17,3,254,188,1,39639.21875,432.71356201171875,197.44662475585938,127.22547912597656,102.4835205078125,73.91081237792969,67.69075775146484,60.1993522644043,50.337486267089844,46.17978286743164,43.00761413574219,40.35595703125,37.1610107421875,36.06211471557617,33.93257141113281,30.765642166137695,29.7139949798584,16668.431640625,65.63565063476562,38.18891525268555
335000,345001,17,3,251,173,0,39045.171875,400.75897216796875,168.65997314453125,110.44026184082031,84.7239990234375,71.6155776977539,62.0315055847168,43.950523376464844,42.60919952392578,40.998905181884766,38.41852569580078,36.202938079833984,34.82303237915039,32.58879470825195,30.715087890625,26.547161102294922,26.092132568359375,16448.765625,58.210567474365234,37.783443450927734
335000,345001,17,3,251,173,1,39061.6875,402.11199951171875,173.8473358154297,107.79916381835938,87.56376647949219,75.9095687866211,63.80379104614258,47.37013626098633,44.955745697021484,40.665008544921875,35.65508270263672,35.00794982910156,33.225006103515625,32.432655334472656,29.998981475830078,28.79532814025879,27.62883949279785,16457.76171875,56.98628234863281,37.599143981933594
340000,350001,17,3,254,185,0,39838.6171875,410.43756103515625,182.79278564453125,118.062255859375,98.80998992919922,90.6036376953125,68.01322937011719,60.664344787597656,52.35207748413086,45.2966194152832,44.61365509033203,36.36897277832031,36.06454849243164,30.8908748626709,27.9699764251709,26.409208297729492,25.20969581604004,16780.9140625,75.15383911132812,45.4050178527832
340000,350001,17,3,254,185,1,39855.21484375,411.26507568359375,183.38308715820312,117.6933364868164,99.13568115234375,88.87609100341797,68.5203857421875,58.23555374145508,50.812522888183594,44.95682907104492,38.665382385253906,34.824703216552734,33.36181640625,31.220401763916016,29.334972381591797,27.953760147094727,24.977317810058594,16790.0703125,75.47705078125,38.325965881347656
345000,355001,17,3,255,189,0,39953.6796875,444.2618408203125,188.6186981201172,117.54341125488281,88.96525573730469,79.77478790283203,66.60408020019531,52.629459381103516,50.09554672241211,41.741477966308594,39.85804748535156,38.07901382446289,35.81904983520508,31.938236236572266,30.99553871154785,28.302568435668945,27.45147132873535,16844.21484375,74.54000854492188,39.82748031616211
345000,355001,17,3,255,189,1,39900.69921875,442.6880798339844,187.06089782714844,116.04737091064453,90.9377212524414,81.77702331542969,63.53590774536133,53.0445556640625,44.53075408935547,41.89280319213867,38.62236022949219,36.86774444580078,34.520713806152344,33.16777038574219,30.384105682373047,28.634708404541016,27.507394790649414,16819.9375,71.20128631591797,40.28195571899414
350000,360001,17,3,252,176,0,40172.9921875,475.398193359375,222.53285217285156,143.5980987548828,101.08999633789062,97.66732788085938,80.10694122314453,57.825931549072266,54.44984817504883,48.069496154785156,46.638824462890625,44.33355712890625,40.83414077758789,38.4814567565918,34.1038932800293,33.15400695800781,31.87860870361328,16902.1484375,93.5404052734375,48.38761520385742
350000,360001,17,3,252,176,1,40159.53515625,476.3247375488281,227.55050659179688,143.4794158935547,101.0326156616211,93.62078857421875,77.85746765136719,56.7805061340332,52.79955291748047,48.82905197143555,45.033851623535156,38.882530212402344,38.07262420654297,37.625179290771484,34.32838821411133,33.909584045410156,30.778087615966797,16897.4375,90.62361907958984,42.3417854309082
355000,365001,17,3,251,188,0,39633.578125,438.8223571777344,200.4452362060547,130.2952423095703,104.34659576416016,80.34827423095703,68.1212387084961,52.37322235107422,45.58185958862305,44.30909729003906,43.066226959228516,39.07630920410156,36.33015441894531,32.30091094970703,31.729555130004883,30.426210403442383,25.695411682128906,16688.0703125,64.75328826904297,34.36714553833008
355000,365001,17,3,251,188,1,39607.046875,433.3794860839844,195.1168670654297,126.83419799804688,105.16545104980469,83.7175064086914,69.3472900390625,52.71652603149414,47.67097473144531,43.51007080078125,40.15937805175781,38.562015533447266,37.36701202392578,35.2520637512207,31.060115814208984,30.245197296142578,28.806529998779297,16673.5,70.06830596923828,36.41567611694336
360000,370001,17,3,249,176,0,40163.02734375,641.5855712890625,189.65809631347656,105.66534423828125,93.92204284667969,77.04334259033203,67.10265350341797,58.65357208251953,50.7978401184082,44.87632751464844,41.04606246948242,38.74526596069336,36.28335189819336,34.615291595458984,32.90998458862305,30.162853240966797,27.878162384033203,16907.384765625,74.09388732910156,39.15155029296875
360000,370001,17,3,249,176,1,40196.734375,636.93408203125,188.7235565185547,107.54985046386719,89.51223754882812,76.3496322631836,71.9935073852539,55.24938201904297,51.3707389831543,48.06352615356445,43.985076904296875,42.46908187866211,36.78489303588867,35.824195861816406,35.059696197509766,32.543636322021484,30.608598709106445,16921.6171875,74.07418060302734,42.03217697143555
365000,375001,17,3,251,194,0,40697.390625,471.21466064453125,202.32421875,121.8025131225586,99.28874969482422,84.51005554199219,72.68303680419922,52.631080627441406,46.78041458129883,44.990081787109375,40.31218338012695,38.34874725341797,34.81437301635742,34.20538330078125,32.36893844604492,30.047758102416992,28.599267959594727,17115.697265625,71.50605010986328,33.369972229003906
365000,375001,17,3,251,194,1,40632.62890625,465.5840148925781,200.31857299804688,126.42044830322266,95.03807067871094,79.71514892578125,69.70643615722656,58.45485305786133,47.4063606262207,47.17478561401367,45.44793701171875,38.2951545715332,37.6712760925293,35.35639572143555,33.6695556640625,28.945938110351562,28.390268325805664,17090.0078125,67.91548156738281,35.4224739074707
370000,380001,17,3,253,179,0,40966.3203125,498.00836181640625,188.6981201171875,132.726806640625,96.07220458984375,79.33738708496094,75.68484497070312,57.23482131958008,50.458778381347656,47.27587890625,43.34056854248047,41.2270393371582,39.728206634521484,33.39024353027344,32.34055709838867,30.883113861083984,29.041412353515625,17257.1640625,65.32623291015625,36.58448028564453
370000,380001,17,3,253,179,1,40968.8359375,497.5265808105469,192.4571990966797,135.33924865722656,100.90899658203125,85.57884216308594,75.04779052734375,57.599891662597656,50.61579513549805,48.758575439453125,43.95719528198242,42.87525939941406,42.05817413330078,36.34895324707031,34.32952117919922,32.36335372924805,30.333932876586914,17257.146484375,66.09451293945312,38.694034576416016
375000,385001,17,3,253,189,0,42071.01171875,454.1885681152344,198.0261688232422,105.77852630615234,84.21607208251953,74.09333801269531,60.229793548583984,52.19297409057617,48.529762268066406,44.83621597290039,39.63887023925781,37.601619720458984,36.761131286621094,33.97771072387695,30.443553924560547,30.047138214111328,28.36240005493164,17675.64453125,76.60047912597656,37.217437744140625
375000,385001,17,3,253,189,1,42036.5546875,453.8545837402344,197.3533477783203,103.30633544921875,86.35276794433594,73.2377700805664,59.9209098815918,53.80524826049805,49.95497512817383,45.17335891723633,40.91413116455078,38.963130950927734,36.35282897949219,30.08269500732422,30.040477752685547,27.29667854309082,25.741981506347656,17662.64453125,72.42512512207031,35.18781280517578
380000,390001,17,3,250,181,0,41630.33984375,543.9080810546875,157.50811767578125,125.82389068603516,99.8873519897461,85.8777084350586,77.14483642578125,53.76829147338867,46.98651123046875,45.49604797363281,40.07131576538086,38.36863327026367,37.28797912597656,34.664939880371094,33.754878997802734,30.521926879882812,28.229780197143555,17509.37109375,67.91165161132812,36.117652893066406
380000,390001,17,3,250,181,1,41629.62109375,546.6070556640625,159.25807189941406,126.7131118774414,99.27172088623047,82.19026947021484,77.11878204345703,50.78119659423828,46.441810607910156,45.3624382019043,41.41338348388672,40.382720947265625,38.86507034301758,36.20640563964844,34.00117492675781,30.84070587158203,29.313114166259766,17509.322265625,69.8708724975586,39.07435607910156
385000,395001,17,3,252,175,0,41857.26953125,481.23663330078125,192.64756774902344,130.39132690429688,88.052734375,86.15921020507812,69.03407287597656,54.16020584106445,51.61613845825195,47.87110137939453,43.33866882324219,41.95872116088867,36.276851654052734,35.620174407958984,32.950294494628906,32.208953857421875,25.86095428466797,17631.8515625,65.31634521484375,40.942100524902344
385000,395001,17,3,252,175,1,41861.40234375,483.2474365234375,190.23492431640625,131.0491180419922,85.96996307373047,85.60892486572266,67.30392456054688,55.28063201904297,49.982391357421875,44.3523063659668,43.76569366455078,40.03379821777344,37.174171447753906,35.43346405029297,32.7722282409668,31.563461303710938,27.353008270263672,17633.595703125,62.26374435424805,38.105072021484375
390000,400001,17,3,249,185,0,40933.37890625,603.4791259765625,222.29759216308594,137.7493896484375,120.08654022216797,89.2747802734375,78.06221771240234,60.65769958496094,56.9953498840332,51.82421112060547,50.9638671875,42.150394439697266,40.62506866455078,37.157127380371094,34.6403923034668,33.65524673461914,31.772703170776367,17227.830078125,97.84541320800781,38.37025451660156
390000,400001,17,3,249,185,1,40921.06640625,602.9960327148438,225.3427734375,141.92897033691406,120.00011444091797,92.41424560546875,80.49287414550781,57.439369201660156,55.14321517944336,50.6590576171875,46.0198860168457,41.66816329956055,40.332881927490234,39.06428909301758,35.56724548339844,35.236053466796875,32.24180603027344,17223.88671875,77.24092102050781,43.24497604370117
395000,405001,17,3,251,182,0,42163.8515625,591.4121704101562,176.70750427246094,134.7147216796875,98.14389038085938,80.00167846679688,65.10679626464844,55.66064453125,50.72861099243164,45.674407958984375,41.12006759643555,38.69350051879883,37.04825210571289,34.9371223449707,33.177818298339844,32.857540130615234,25.48683738708496,17764.46484375,74.51398468017578,36.447349548339844
395000,405001,17,3,251,182,1,42152.953125,583.4758911132812,175.1907196044922,129.38125610351562,97.24419403076172,81.27850341796875,68.43842315673828,58.24464416503906,51.24388885498047,43.859535217285156,42.466636657714844,38.750179290771484,35.71220016479492,34.00321578979492,31.846168518066406,31.039297103881836,27.138656616210938,17760.490234375,74.83528137207031,37.89692306518555
400000,410001,17,3,248,187,0,42690.27734375,444.86474609375,213.38609313964844,145.4174041748047,99.92317962646484,78.06932830810547,65.94268035888672,52.708030700683594,49.523292541503906,45.79152297973633,44.217342376708984,38.160343170166016,37.89120101928711,33.961021423339844,33.191978454589844,30.891944885253906,28.58258056640625,17957.625,76.3729248046875,38.81250762939453
400000,410001,17,3,248,187,1,42653.3203125,449.3695068359375,214.98623657226562,150.05026245117188,101.47965240478516,78.7245101928711,63.73085403442383,56.35761260986328,54.439876556396484,48.54201126098633,46.10726547241211,42.69343185424805,40.99356460571289,38.31036376953125,35.77061462402344,31.643108367919922,31.001691818237305,17939.49609375,77.48507690429688,43.739906311035156
405000,415001,17,3,251,187,0,43055.70703125,425.49273681640625,214.1136932373047,152.5232391357422,117.95516204833984,90.7503890991211,79.83106231689453,60.591426849365234,53.73186111450195,52.47557830810547,49.69868469238281,48.24723815917969,42.671539306640625,39.36763000488281,37.64579772949219,33.5697135925293,29.85539436340332,18125.5078125,83.74896240234375,50.7750244140625
405000,415001,17,3,251,187,1,43058.66796875,420.08416748046875,215.6331787109375,150.23391723632812,119.17002868652344,91.85344696044922,78.40487670898438,62.8521614074707,53.402164459228516,49.76959991455078,46.63010025024414,42.013954162597656,41.08435821533203,36.629112243652344,36.041290283203125,34.27983856201172,26.3037052154541,18128.029296875,82.23098754882812,48.600284576416016
410000,420001,17,3,252,193,0,43009.98046875,460.62353515625,214.94369506835938,142.38023376464844,104.90105438232422,83.35102844238281,75.41146850585938,53.3195915222168,50.85041046142578,48.587894439697266,45.96208572387695,43.050018310546875,38.72835159301758,38.096702575683594,34.00011444091797,31.777359008789062,25.057432174682617,18099.77734375,84.51878356933594,41.28291320800781
410000,420001,17,3,252,193,1,43013.14453125,460.20989990234375,206.81185913085938,142.79299926757812,104.39108276367188,81.73368835449219,74.60852813720703,56.817474365234375,54.148067474365234,47.52897262573242,46.31390380859375,41.96772003173828,37.21821594238281,36.62921905517578,35.77214813232422,33.82366180419922,29.097620010375977,18101.453125,85.60910034179688,39.90317916870117
415000,425001,17,3,252,192,0,43593.65234375,676.4338989257812,211.90966796875,122.75035858154297,100.24295043945312,79.77703857421875,62.664329528808594,59.24008560180664,49.95173645019531,48.3543586730957,42.98214340209961,39.747249603271484,36.266021728515625,35.04798889160156,31.56918716430664,30.442821502685547,28.8194522857666,18352.4453125,69.28776550292969,40.00362014770508
415000,425001,17,3,252,192,1,43578.61328125,675.9019165039062,215.32498168945312,122.3348617553711,104.63972473144531,77.188232421875,61.797664642333984,58.02665328979492,52.77272033691406,48.87824630737305,44.69144821166992,38.03154373168945,35.71677780151367,33.6419677734375,32.16362762451172,31.17805290222168,30.121076583862305,18344.3515625,66.52779388427734,35.663265228271484
420000,430001,17,3,251,190,0,43842.8828125,442.46759033203125,176.87921142578125,131.35220336914062,92.62677001953125,88.90924835205078,72.43470764160156,60.45397186279297,52.418846130371094,45.90843963623047,42.156585693359375,40.67058181762695,36.77815246582031,36.31645584106445,33.417423248291016,32.702423095703125,30.364530563354492,18446.232421875,65.18228149414062,38.36201477050781
420000,430001,17,3,251,190,1,43850.50390625,436.6656799316406,173.28860473632812,127.72081756591797,92.83977508544922,85.31626892089844,72.8495864868164,62.763328552246094,51.52117919921875,50.1745719909668,46.0466423034668,42.35726547241211,39.76443099975586,35.4442138671875,34.132835388183594,31.720247268676758,30.255250930786133,18448.568359375,64.5229721069336,43.91932678222656
425000,435001,17,3,252,194,0,44278.546875,433.1879577636719,177.6007080078125,119.97644805908203,92.4097671508789,77.13175964355469,67.57862091064453,60.20707321166992,51.16209030151367,46.409889221191406,42.67835998535156,42.589332580566406,39.55693054199219,33.00461196899414,31.44875717163086,29.34335708618164,27.445531845092773,18622.708984375,71.7657470703125,42.049591064453125
425000,435001,17,3,252,194,1,44284.82421875,431.8519592285156,176.34359741210938,123.2594985961914,91.13421630859375,73.02137756347656,69.51420593261719,60.22809982299805,49.23067092895508,45.895870208740234,44.769901275634766,41.88612365722656,40.10750961303711,34.339935302734375,33.16719436645508,29.59955596923828,29.004480361938477,18624.671875,73.6611099243164,43.75106430053711
430000,440001,17,3,253,191,0,43417.359375,461.176025390625,183.8886260986328,129.7393341064453,93.38358306884766,78.87748718261719,69.92381286621094,64.39924621582031,53.612125396728516,43.6280632019043,41.64627456665039,38.330718994140625,36.01789855957031,34.0815544128418,31.857730865478516,29.609498977661133,29.153038024902344,18272.68359375,80.88422393798828,39.03281784057617
430000,440001,17,3,253,191,1,43432.7890625,461.7361755371094,180.9732208251953,125.7740249633789,95.75682830810547,73.5242691040039,68.9945297241211,61.23725128173828,57.12369918823242,48.85355758666992,43.91415023803711,41.65406799316406,40.15732955932617,37.236541748046875,34.49467086791992,34.238216400146484,28.654386520385742,18283.25,80.23016357421875,41.80379867553711
435000,445001,17,3,249,199,0,43242.84765625,451.384521484375,195.96665954589844,130.02890014648438,100.34785461425781,80.89761352539062,65.26371002197266,57.30474090576172,49.11408233642578,43.78319549560547,41.397743225097656,39.47959518432617,36.21995162963867,35.4826545715332,33.592159271240234,32.047386169433594,29.971851348876953,18225.53515625,62.46059799194336,35.16007995605469
435000,445001,17,3,249,199,1,43210.5625,450.707763671875,199.0543975830078,133.4593963623047,96.6318359375,82.8958969116211,71.5463638305664,55.3376579284668,49.054935455322266,47.886940002441406,42.752681732177734,41.27826690673828,39.80000686645508,36.360145568847656,33.510372161865234,31.243425369262695,29.2160701751709,18209.134765625,62.548709869384766,39.619056701660156
440000,450001,17,3,252,195,0,43264.48046875,473.9649353027344,206.47528076171875,130.96307373046875,108.29122924804688,88.46857452392578,68.82905578613281,65.27998352050781,57.1770133972168,50.410667419433594,48.64106369018555,44.277095794677734,41.895484924316406,39.12455749511719,35.560359954833984,33.637874603271484,32.517337799072266,18189.6171875,82.5470962524414,49.30219650268555
440000,450001,17,3,252,195,1,43248.46875,475.0575866699219,211.91464233398438,133.0513916015625,107.85763549804688,88.3626937866211,73.14961242675781,65.55352783203125,56.5272216796875,51.98936462402344,50.23127365112305,46.13082504272461,45.10184860229492,43.700836181640625,39.911808013916016,35.27377700805664,29.252811431884766,18182.65234375,88.45642852783203,51.665767669677734
445000,455001,17,3,249,184,0,43810.4921875,439.08868408203125,197.57249450683594,138.25303649902344,96.53201293945312,79.32502746582031,69.1525650024414,58.04696273803711,49.828773498535156,47.33232879638672,43.55446243286133,42.066551208496094,40.09729766845703,36.805179595947266,33.683589935302734,32.1497917175293,30.76473617553711,18431.087890625,74.88240051269531,41.82370376586914
445000,455001,17,3,249,184,1,43790.4375,447.8966979980469,198.9158172607422,137.1892547607422,103.5594253540039,85.52616119384766,69.11173248291016,61.67133331298828,53.241943359375,47.82096481323242,46.34237289428711,42.51044464111328,41.54746627807617,39.0880241394043,37.79376983642578,34.3967399597168,32.7907600402832,18424.146484375,74.50483703613281,41.11872482299805
450000,460001,17,3,249,180,0,43560.171875,562.6142578125,262.1387023925781,121.24481201171875,87.38311004638672,71.34229278564453,62.28196716308594,57.533836364746094,51.809391021728516,45.89561462402344,45.0129280090332,42.12126159667969,39.21207046508789,35.772499084472656,32.746925354003906,30.38848876953125,26.854705810546875,18340.169921875,66.91984558105469,44.00745391845703
450000,460001,17,3,249,180,1,43574.94921875,563.6499633789062,254.43568420410156,123.8284683227539,90.75747680664062,75.7883529663086,60.17435836791992,52.33514404296875,50.15536880493164,45.62908935546875,44.5428466796875,41.8414421081543,40.5204963684082,35.29369354248047,34.46736526489258,33.15884780883789,27.66427993774414,18348.068359375,68.9911880493164,47.0002555847168
455000,465001,17,3,250,198,0,45040.78125,637.6741333007812,231.65887451171875,139.26760864257812,99.04102325439453,89.33695220947266,74.61481475830078,56.442726135253906,51.72112274169922,47.75822448730469,46.07377243041992,38.19320297241211,37.12967300415039,35.86368942260742,31.910600662231445,30.05674934387207,29.48192024230957,18932.248046875,74.68289184570312,40.362327575683594
455000,465001,17,3,250,198,1,45033.39453125,634.9185180664062,228.7412109375,140.8921356201172,99.2212905883789,87.79421997070312,73.23390197753906,58.41041564941406,52.587730407714844,49.969844818115234,45.285369873046875,40.312686920166016,37.53866195678711,35.13629913330078,32.66680908203125,31.58934783935547,29.09254264831543,18930.880859375,73.8766098022461,40.33610153198242
460000,470001,17,3,254,195,0,44987.83203125,443.5549621582031,200.91619873046875,137.36294555664062,100.38013458251953,87.96981811523438,80.02525329589844,61.72774124145508,57.43073272705078,49.39558792114258,47.64128494262695,44.823360443115234,42.78013229370117,40.24984359741211,38.58067321777344,34.838783264160156,32.46189880371094,18920.25390625,77.95167541503906,43.90632247924805
460000,470001,17,3,254,195,1,44979.234375,443.81085205078125,199.74371337890625,133.56927490234375,108.52286529541016,89.29268646240234,81.46504211425781,63.441123962402344,54.18442916870117,50.26532745361328,47.773685455322266,45.4217414855957,43.15021514892578,41.779380798339844,38.8189582824707,35.49061965942383,33.93771743774414,18919.087890625,80.95813751220703,42.85573959350586
465000,475001,17,3,254,196,0,44972.83203125,474.2522888183594,185.91851806640625,127.89574432373047,102.7670669555664,83.77835845947266,68.82858276367188,63.00201416015625,55.31732940673828,49.221519470214844,42.298553466796875,40.52873992919922,38.43788528442383,36.88834762573242,34.9537353515625,31.769371032714844,31.125701904296875,18955.431640625,77.6112060546875,38.437564849853516
465000,475001,17,3,254,196,1,44977.4375,473.7509460449219,182.7723846435547,125.91690063476562,102.53897857666016,87.95868682861328,72.82959747314453,59.688560485839844,52.971248626708984,45.11501693725586,42.49065399169922,41.93833541870117,40.161956787109375,37.53913879394531,35.78824234008789,33.15727233886719,31.768882751464844,18959.087890625,76.25660705566406,39.065608978271484
470000,480001,17,3,249,196,0,44929.12109375,523.712646484375,194.2401123046875,139.90609741210938,93.00465393066406,85.07649993896484,80.90737915039062,62.464744567871094,56.660491943359375,51.27424621582031,49.546871185302734,47.56846237182617,42.684600830078125,40.650081634521484,36.77722930908203,34.02079772949219,32.5477409362793,18891.564453125,76.91869354248047,49.92695236206055
470000,480001,17,3,249,196,1,44905.703125,522.990478515625,189.64385986328125,136.16612243652344,94.44793701171875,82.56623840332031,80.73381805419922,61.73702621459961,60.16288757324219,56.35603713989258,50.08982849121094,43.81454849243164,41.70096969604492,38.185977935791016,36.50089645385742,35.255924224853516,34.235843658447266,18884.228515625,76.75053405761719,46.18009567260742
475000,485001,17,3,252,198,0,45526.67578125,403.368896484375,206.70132446289062,132.2465362548828,110.46852111816406,94.22582244873047,76.60409545898438,56.14893341064453,51.433956146240234,49.63072967529297,48.1335334777832,43.1113166809082,41.2717399597168,40.062496185302734,36.77457046508789,32.61088562011719,30.938003540039062,19135.55859375,89.35755920410156,46.8003044128418
475000,485001,17,3,252,198,1,45535.26953125,411.6007385253906,205.86766052246094,139.34646606445312,107.79295349121094,91.64588928222656,76.68611907958984,60.042640686035156,55.861572265625,51.96080017089844,47.77858352661133,46.696834564208984,41.22845458984375,35.458099365234375,34.354339599609375,31.678638458251953,29.955293655395508,19139.5390625,89.0615234375,52.953914642333984
480000,490001,17,3,251,192,0,45473.61328125,478.1381530761719,180.1339111328125,135.26580810546875,104.68729400634766,94.01532745361328,81.82013702392578,58.036834716796875,52.41616439819336,47.8657112121582,43.926395416259766,40.1591911315918,38.89250946044922,36.03629684448242,33.618770599365234,31.4931583404541,28.446088790893555,19160.05859375,77.72679138183594,47.42523193359375
480000,490001,17,3,251,192,1,45477.48828125,476.6783142089844,177.55072021484375,134.26219177246094,106.24486541748047,95.50137329101562,83.66616821289062,63.07280731201172,56.27969741821289,50.28280258178711,46.92513656616211,45.506858825683594,43.15880584716797,38.575904846191406,35.2224235534668,33.918819427490234,29.22426986694336,19159.001953125,79.50431060791016,50.11312484741211
485000,495001,17,3,250,197,0,45474.90234375,507.6685791015625,215.3468780517578,135.60777282714844,97.94519805908203,87.20164489746094,71.14893341064453,57.7481575012207,54.658138275146484,49.79668045043945,46.71949768066406,43.79185104370117,42.44341278076172,37.642845153808594,36.51689910888672,32.08121109008789,28.65276527404785,19169.982421875,87.3664321899414,48.04979705810547
485000,495001,17,3,250,197,1,45470.8828125,511.54571533203125,214.58580017089844,134.86509704589844,94.2198486328125,82.76434326171875,66.14966583251953,53.904048919677734,51.614501953125,47.26351547241211,43.52969741821289,41.443878173828125,41.3698844909668,40.39420700073242,37.3826789855957,33.76737976074219,30.404617309570312,19168.2734375,77.44984436035156,46.04393005371094
490000,500001,17,3,254,196,0,46000.5,452.13690185546875,235.79776000976562,153.84210205078125,105.51885223388672,97.91593170166016,76.54409790039062,61.24651336669922,56.50680923461914,51.43798828125,47.46381759643555,44.44873809814453,41.97873306274414,39.03279495239258,35.89553451538086,33.13224792480469,30.886442184448242,19346.1015625,73.02571105957031,40.4686393737793
490000,500001,17,3,254,196,1,45989.875,454.1463317871094,231.4209747314453,151.43746948242188,108.37882995605469,91.30070495605469,72.38066101074219,59.579219818115234,54.32762145996094,51.71506881713867,43.65599060058594,41.756290435791016,40.03483200073242,39.01997756958008,35.08184814453125,33.502769470214844,31.936569213867188,19342.787109375,73.15780639648438,38.90422439575195
495000,505001,17,3,251,201,0,45784.87109375,431.05902099609375,202.2817840576172,130.3325958251953,100.33812713623047,78.09254455566406,68.30862426757812,60.410858154296875,53.12126159667969,49.27920913696289,46.88837432861328,43.468833923339844,38.80201721191406,37.23427963256836,33.475364685058594,32.567745208740234,29.721973419189453,19244.19140625,67.26708221435547,42.85455322265625
495000,505001,17,3,251,201,1,45760.94140625,433.4494323730469,205.52099609375,135.9176483154297,99.89130401611328,79.97925567626953,68.41957092285156,60.04563903808594,52.118370056152344,48.25763702392578,44.24299621582031,42.694889068603516,41.13432312011719,38.67670440673828,31.666152954101562,30.426054000854492,27.07965087890625,19233.62109375,69.15653228759766,43.66413879394531
500000,510001,17,3,253,194,0,46144.16796875,425.86163330078125,214.06027221679688,134.66944885253906,91.97461700439453,85.2769546508789,71.28273010253906,61.473785400390625,55.583229064941406,53.811851501464844,48.24182891845703,44.70208740234375,41.32051467895508,37.064247131347656,35.7851676940918,32.24592208862305,29.7897891998291,19415.994140625,79.17577362060547,44.4476318359375
500000,510001,17,3,253,194,1,46146.19140625,426.6515197753906,212.45022583007812,138.5718536376953,94.49352264404297,89.20344543457031,75.76656341552734,59.382225036621094,56.751991271972656,49.27788162231445,45.01237106323242,43.69773864746094,41.55887222290039,39.56083679199219,36.33634567260742,31.652433395385742,30.820972442626953,19416.5234375,83.52029418945312,43.32477569580078
505000,515001,17,3,254,202,0,45905.76171875,422.3725891113281,210.0784149169922,136.31544494628906,110.60021209716797,88.63430786132812,78.53555297851562,64.53844451904297,53.086936950683594,47.355831146240234,45.34531021118164,44.82452392578125,41.332881927490234,36.73142623901367,34.31765365600586,33.75419235229492,30.832324981689453,19300.62109375,73.11053466796875,36.479736328125
505000,515001,17,3,254,202,1,45868.07421875,421.6284484863281,209.5275115966797,135.12258911132812,112.99285888671875,93.57012939453125,74.5520248413086,68.23704528808594,56.835697174072266,51.612060546875,43.70946502685547,41.783355712890625,38.62306213378906,35.917213439941406,34.93894958496094,33.41544723510742,30.47356414794922,19285.845703125,71.27740478515625,37.60015869140625
510000,520001,17,3,247,196,0,46150.05859375,494.4063720703125,187.246337890625,132.11854553222656,91.01689910888672,84.34772491455078,70.1108627319336,56.252376556396484,53.1702766418457,52.82012176513672,44.07795715332031,42.08979797363281,40.386070251464844,35.682804107666016,32.60615539550781,30.733041763305664,27.380882263183594,19424.599609375,79.61910247802734,40.190765380859375
510000,520001,17,3,247,196,1,46169.0546875,488.4123840332031,180.005615234375,135.2687530517578,88.51993560791016,86.8289566040039,71.6319808959961,58.225791931152344,53.13806915283203,49.62664794921875,47.82879638671875,43.59559631347656,42.01705551147461,34.747161865234375,34.31000900268555,31.48438835144043,30.127164840698242,19433.193359375,76.32064819335938,46.47607421875
515000,525001,17,3,250,200,0,45891.5390625,617.5006713867188,246.4571990966797,176.3885040283203,117.63399505615234,102.14558410644531,97.5751724243164,71.9746322631836,65.59630584716797,53.20684051513672,49.039825439453125,45.40658187866211,42.501312255859375,41.12340545654297,36.53683853149414,35.795188903808594,33.25593185424805,19272.400390625,86.13853454589844,43.77867889404297
515000,525001,17,3,250,200,1,45894.08203125,614.7728881835938,247.78758239746094,174.5155792236328,115.00434112548828,88.33720397949219,83.80289459228516,66.69923400878906,58.8493766784668,55.13845443725586,51.56795883178711,46.5574836730957,44.303497314453125,41.39923095703125,38.01295471191406,35.74231719970703,34.25784683227539,19276.580078125,78.6858139038086,45.38273620605469
520000,530001,17,3,251,200,0,46812.46484375,465.7351989746094,208.857421875,134.41416931152344,104.5831298828125,88.64171600341797,73.40199279785156,61.687278747558594,52.560630798339844,48.25467300415039,44.76049041748047,43.9400749206543,42.31949996948242,40.3453369140625,35.840126037597656,32.125579833984375,31.52481460571289,19681.583984375,90.89036560058594,41.98804473876953
520000,530001,17,3,251,200,1,46799.13671875,466.1103820800781,215.2440185546875,133.89491271972656,106.05413818359375,88.4725570678711,74.44966125488281,66.5348129272461,58.09200668334961,45.07923889160156,44.793968200683594,41.190608978271484,38.358219146728516,37.42521286010742,35.012535095214844,33.63594055175781,31.847253799438477,19675.470703125,89.42355346679688,45.59290313720703
525000,535001,17,3,251,200,0,46156.50390625,533.3482055664062,215.4150848388672,138.38380432128906,113.44843292236328,85.13052368164062,66.89258575439453,57.80305480957031,48.30642318725586,46.947818756103516,45.78950119018555,43.76238250732422,42.3332405090332,40.050994873046875,36.43679428100586,33.110877990722656,30.62369155883789,19411.19921875,79.2919692993164,43.25192642211914
525000,535001,17,3,251,200,1,46147.171875,532.5017700195312,222.31011962890625,143.20587158203125,118.4763412475586,86.03030395507812,69.35169219970703,60.14289474487305,49.271080017089844,48.721073150634766,45.99519729614258,43.02375030517578,39.3483772277832,37.30080032348633,34.99979019165039,33.99510192871094,33.54037094116211,19404.48828125,83.41084289550781,39.5738410949707
530000,540001,17,3,253,203,0,46210.35546875,480.0970764160156,199.73533630371094,121.61125183105469,97.46954345703125,90.70092010498047,62.7879753112793,57.30727005004883,51.58451461791992,49.42523956298828,44.881431579589844,43.75835418701172,40.50770950317383,39.31153106689453,34.596275329589844,33.460269927978516,28.832277297973633,19468.552734375,69.12030029296875,30.936342239379883
530000,540001,17,3,253,203,1,46200.59375,478.5198669433594,197.1103973388672,123.48857116699219,99.70970916748047,90.45903778076172,64.12141418457031,55.52984619140625,49.69538879394531,46.87736511230469,44.32427215576172,42.118324279785156,38.48530197143555,34.750999450683594,33.48506546020508,30.059499740600586,28.20229721069336,19465.662109375,69.7922134399414,31.892478942871094
535000,545001,17,3,254,199,0,47124.55859375,463.74578857421875,214.22889709472656,144.41102600097656,96.16748809814453,87.53276062011719,70.80973815917969,65.59408569335938,50.137271881103516,46.43017578125,45.570518493652344,43.37922286987305,41.9080696105957,40.054962158203125,38.00973129272461,30.649097442626953,28.027734756469727,19818.896484375,91.73670196533203,43.84980010986328
535000,545001,17,3,254,199,1,47128.87109375,466.2845458984375,210.54649353027344,141.9584197998047,94.52857971191406,83.51814270019531,72.62586975097656,59.98603057861328,55.25340270996094,50.532814025878906,46.168853759765625,43.862892150878906,41.22464370727539,38.83807373046875,36.26777648925781,32.524635314941406,27.173656463623047,19825.00390625,88.12809753417969,46.71017074584961
540000,550001,17,3,249,195,0,46384.6484375,462.4697265625,209.86392211914062,135.4652099609375,94.10469818115234,92.73483276367188,73.49971771240234,58.550960540771484,49.511653900146484,46.45649719238281,44.98433303833008,40.723270416259766,38.176849365234375,35.47270202636719,33.755126953125,31.476354598999023,29.462976455688477,19521.580078125,71.9999771118164,46.024147033691406
540000,550001,17,3,249,195,1,46380.1875,464.57305908203125,206.26759338378906,136.59515380859375,97.20327758789062,92.72016906738281,74.69159698486328,57.51369857788086,49.011505126953125,47.518104553222656,45.99943542480469,43.908653259277344,39.97903823852539,39.57151794433594,36.186431884765625,30.45620346069336,29.68963050842285,19520.8125,72.79981994628906,44.47922134399414
545000,555001,17,3,254,212,0,48083.7109375,472.7610778808594,220.5897979736328,137.56832885742188,101.10928344726562,93.73403930664062,69.00167846679688,57.33816909790039,53.81138229370117,49.32865524291992,46.919273376464844,44.623085021972656,41.77986526489258,39.54220962524414,37.336368560791016,34.42129135131836,32.06563949584961,20240.037109375,73.6036148071289,40.473148345947266
545000,555001,17,3,254,212,1,48094.515625,472.5062561035156,218.03591918945312,135.31410217285156,99.42752838134766,96.53186798095703,66.88972473144531,59.516841888427734,52.47770309448242,50.66221618652344,47.997589111328125,42.900054931640625,41.799991607666016,38.84347915649414,36.727813720703125,34.865055084228516,32.715187072753906,20243.78125,73.93903350830078,38.375404357910156
550000,560001,17,3,254,196,0,47762.18359375,472.5658874511719,212.0845184326172,136.83106994628906,99.0943832397461,83.52531433105469,70.1208267211914,55.02978515625,48.514862060546875,46.227394104003906,41.277732849121094,39.997764587402344,37.92246627807617,35.853397369384766,34.857303619384766,30.704143524169922,29.975522994995117,20095.28515625,74.75220489501953,40.31252670288086
550000,560001,17,3,254,196,1,47784.4609375,471.2618103027344,211.0147247314453,131.1962432861328,98.25467681884766,79.55165100097656,72.71843719482422,59.109779357910156,51.604347229003906,47.944393157958984,45.5538215637207,43.3798942565918,41.55373001098633,37.891815185546875,35.485389709472656,31.40567398071289,29.207080841064453,20105.767578125,80.30413818359375,40.718421936035156
555000,565001,17,3,254,208,0,48018.296875,797.7357788085938,211.1518096923828,142.95199584960938,101.12626647949219,86.23843383789062,81.2060317993164,68.8486557006836,59.079891204833984,56.88017654418945,50.34029006958008,44.57026290893555,42.28389358520508,40.124183654785156,36.86027526855469,31.53734588623047,30.377458572387695,20233.646484375,75.29911804199219,41.81680679321289
555000,565001,17,3,254,208,1,48035.3203125,806.2393798828125,210.40452575683594,151.77626037597656,106.73104095458984,99.1171646118164,90.64404296875,77.81314849853516,63.24641418457031,57.510074615478516,56.40522384643555,45.420616149902344,44.178070068359375,42.376075744628906,36.69554138183594,34.15324401855469,27.659330368041992,20239.98046875,86.39788055419922,48.36418533325195
560000,570001,17,3,251,205,0,47768.86328125,491.48504638671875,209.15310668945312,132.73138427734375,111.2259521484375,103.57876586914062,85.29721069335938,65.11528015136719,57.38637924194336,53.202484130859375,50.289981842041016,49.809757232666016,43.43490982055664,41.527366638183594,39.321224212646484,31.658706665039062,30.778064727783203,20110.564453125,83.51506805419922,47.51151657104492
560000,570001,17,3,251,205,1,47780.10546875,488.5921936035156,207.38555908203125,129.59812927246094,106.94316101074219,95.39794158935547,82.28903198242188,62.901519775390625,57.281517028808594,51.86506271362305,50.85955810546875,48.00227737426758,44.76284408569336,39.82295227050781,35.09402847290039,34.29924011230469,32.13240432739258,20110.796875,80.82295989990234,43.59709930419922
565000,575001,17,3,252,209,0,47526.6015625,608.83935546875,221.16726684570312,171.4677734375,108.89159393310547,92.37763214111328,76.17642211914062,61.01667785644531,54.05847930908203,46.59402847290039,43.168880462646484,41.48819351196289,39.723968505859375,38.4199104309082,35.215675354003906,34.15168380737305,27.832508087158203,20008.755859375,95.66262817382812,42.98183059692383
565000,575001,17,3,252,209,1,47556.92578125,606.018310546875,217.52406311035156,169.66326904296875,108.82591247558594,92.70245361328125,77.08390045166016,60.791473388671875,53.653648376464844,49.9844970703125,48.02083206176758,43.127227783203125,42.211212158203125,39.52943420410156,38.56026077270508,33.70526885986328,28.9829158782959,20021.283203125,92.81548309326172,42.68745040893555
570000,580001,17,3,251,208,0,48696.515625,617.9828491210938,255.1730499267578,146.0596923828125,107.44955444335938,88.85340118408203,79.71057891845703,65.89664459228516,56.57122802734375,51.75558853149414,46.51033401489258,42.756404876708984,39.53386688232422,36.225643157958984,32.64142608642578,31.744760513305664,29.616573333740234,20472.2890625,124.7758560180664,43.02458190917969
570000,580001,17,3,251,208,1,48680.84765625,612.1577758789062,249.66168212890625,146.11459350585938,98.44892120361328,86.96636962890625,73.0161361694336,56.828975677490234,51.612030029296875,46.27019500732422,41.77756881713867,40.66239929199219,36.85139465332031,35.15500259399414,33.2309455871582,31.55453872680664,30.35057258605957,20468.474609375,128.79315185546875,48.61832809448242
575000,585001,17,3,252,194,0,48446.69140625,402.2676696777344,209.17715454101562,134.026611328125,98.97281646728516,89.76073455810547,76.62631225585938,64.17363739013672,50.82697677612305,48.51278305053711,46.58888626098633,43.57900619506836,41.593196868896484,39.231014251708984,37.08819580078125,36.18655014038086,34.2872200012207,20398.41796875,85.74878692626953,41.3143424987793
575000,585001,17,3,252,194,1,48510.55078125,401.2709045410156,205.8403778076172,132.59808349609375,97.93201446533203,89.13685607910156,78.12325286865234,61.11231994628906,51.382198333740234,47.857582092285156,43.24723815917969,41.16489791870117,39.85714340209961,38.178768157958984,37.03370666503906,35.1573600769043,30.955013275146484,20425.1015625,82.04730987548828,38.59950637817383
580000,590001,17,3,253,202,0,49236.94921875,436.9970703125,194.22164916992188,124.41104125976562,98.98206329345703,80.45039367675781,64.35326385498047,55.78464126586914,50.064476013183594,43.528953552246094,41.859378814697266,40.124046325683594,38.138267517089844,36.03074264526367,34.77505874633789,30.6290283203125,29.82155990600586,20755.484375,77.14629364013672,39.68391036987305
580000,590001,17,3,253,202,1,49240.47265625,436.3371276855469,197.1905975341797,125.04066467285156,99.58390808105469,81.57240295410156,65.65557861328125,57.25392532348633,47.5787353515625,44.59353256225586,41.65773391723633,39.84558868408203,37.18831253051758,35.752017974853516,33.40072250366211,32.100669860839844,29.03108024597168,20756.828125,75.60243225097656,37.56922149658203
585000,595001,17,3,255,212,0,49126.5234375,526.7900390625,221.9828643798828,155.46539306640625,115.25946044921875,103.96558380126953,83.68001556396484,58.60477066040039,54.875518798828125,51.111881256103516,47.841163635253906,42.688987731933594,42.050106048583984,38.88917922973633,36.7016487121582,33.024696350097656,29.03489875793457,20680.640625,75.54953002929688,45.65412139892578
585000,595001,17,3,255,212,1,49133.09375,527.4486083984375,222.17800903320312,154.57577514648438,115.1521224975586,101.74822998046875,81.11674499511719,64.37091064453125,52.19681167602539,51.483306884765625,46.65066146850586,45.409934997558594,40.9614372253418,36.59225082397461,36.493465423583984,32.56050491333008,30.239492416381836,20681.88671875,76.35868835449219,42.55061721801758
590000,600001,17,3,249,202,0,48447.2109375,580.74267578125,193.43800354003906,141.9547882080078,108.52328491210938,83.90790557861328,73.7358169555664,63.98890686035156,52.92618942260742,49.97176742553711,48.17400360107422,43.4625358581543,40.849308013916016,37.81251525878906,35.455589294433594,32.85918426513672,29.191377639770508,20400.57421875,76.62222290039062,44.76385498046875
590000,600001,17,3,249,202,1,48440.30078125,585.0215454101562,189.36195373535156,143.3679962158203,108.55056762695312,86.78524017333984,68.41815948486328,62.507686614990234,54.5749626159668,49.722721099853516,46.69767379760742,44.15359878540039,41.90117263793945,37.060935974121094,34.116661071777344,30.543188095092773,29.770986557006836,20397.279296875,70.52684020996094,34.978172302246094
595000,605001,17,3,252,202,0,48531.6484375,477.0534973144531,226.32994079589844,157.83612060546875,99.68494415283203,92.57356262207031,74.99300384521484,59.20846176147461,54.471134185791016,47.59563446044922,45.53562927246094,41.92704391479492,38.25777816772461,37.51087188720703,32.350589752197266,30.063018798828125,27.793869018554688,20395.826171875,71.38795471191406,41.112850189208984
595000,605001,17,3,252,202,1,48574.515625,477.26202392578125,225.6779022216797,158.34927368164062,102.0081558227539,95.48921966552734,77.17170715332031,62.306419372558594,54.20559310913086,49.78507995605469,44.60789108276367,42.99356460571289,42.63056945800781,38.074134826660156,36.329647064208984,35.66355895996094,31.93008804321289,20411.572265625,71.57927703857422,46.03450012207031
600000,610001,17,3,252,214,0,48961.6328125,481.59356689453125,202.96456909179688,140.1580810546875,100.3031005859375,82.48197937011719,70.77496337890625,62.93038558959961,53.02672576904297,46.64031219482422,43.72932052612305,40.28575897216797,39.53618621826172,37.59272384643555,36.627986907958984,33.31292724609375,30.918964385986328,20595.662109375,80.50357818603516,40.49091720581055
600000,610001,17,3,252,214,1,48953.671875,483.5534362792969,205.65371704101562,147.5547332763672,105.48744201660156,85.5529556274414,72.7206802368164,60.51813507080078,53.060237884521484,48.706844329833984,45.32841491699219,44.73023986816406,41.58626174926758,39.57917022705078,37.3777961730957,35.754817962646484,32.392494201660156,20593.171875,76.54476928710938,42.56916046142578
605000,615001,17,3,251,203,0,48578.87109375,432.9436950683594,210.64068603515625,129.29959106445312,100.31372833251953,85.07528686523438,64.50703430175781,56.7559814453125,55.21723175048828,50.21388626098633,44.20975875854492,42.97286605834961,41.056739807128906,36.30072784423828,33.06399154663086,32.208560943603516,30.25887107849121,20439.619140625,65.4069595336914,33.70913314819336
605000,615001,17,3,251,203,1,48579.6796875,428.17840576171875,206.1676483154297,125.0133056640625,100.63644409179688,89.73756408691406,66.3733901977539,59.018978118896484,54.597816467285156,48.37333297729492,47.31413269042969,45.20067596435547,44.315494537353516,38.961727142333984,37.00496292114258,33.43975067138672,29.391780853271484,20443.25,62.37129211425781,39.33699035644531
610000,620001,17,3,254,218,0,49296.30078125,686.56396484375,257.0422668457031,161.60064697265625,119.19680786132812,102.54460144042969,86.73310852050781,67.1875228881836,56.56573486328125,53.95949935913086,48.1546745300293,45.9897575378418,42.489498138427734,39.55509567260742,36.80731964111328,34.543704986572266,31.643665313720703,20753.97265625,94.15623474121094,43.57668685913086
610000,620001,17,3,254,218,1,49342.76171875,698.885986328125,251.26768493652344,161.17471313476562,117.81707763671875,107.46643829345703,86.59827423095703,71.77521514892578,61.0205078125,59.12523651123047,53.20245361328125,50.29164123535156,46.832115173339844,40.442317962646484,39.07671356201172,35.590518951416016,33.69712448120117,20777.419921875,96.22367095947266,55.4685173034668
615000,625001,17,3,252,208,0,49630.01953125,465.9874267578125,197.07188415527344,134.6375732421875,121.65819549560547,92.79637908935547,83.95478057861328,61.953365325927734,56.73067855834961,52.02741622924805,46.10976791381836,44.7017936706543,36.37235641479492,35.92853546142578,32.78555679321289,31.085084915161133,29.583675384521484,20869.287109375,73.81629180908203,40.77086639404297
615000,625001,17,3,252,208,1,49656.91796875,461.9016418457031,191.68658447265625,134.7289581298828,120.5970687866211,90.92327117919922,89.24842834472656,66.36077880859375,52.44915771484375,50.57677459716797,46.20263671875,43.936973571777344,40.054969787597656,35.52522277832031,33.2711067199707,31.62335777282715,27.144859313964844,20880.220703125,75.52804565429688,40.956546783447266
620000,630001,17,3,252,205,0,49283.13671875,494.0238342285156,218.7811737060547,149.24636840820312,97.12348175048828,85.35472106933594,75.02854919433594,61.59256362915039,58.506038665771484,55.99673843383789,49.36592483520508,41.03702926635742,38.65312194824219,36.50303649902344,32.69474792480469,31.660661697387695,29.48517417907715,20742.953125,70.14169311523438,43.33872985839844
620000,630001,17,3,252,205,1,49269.62890625,493.27508544921875,217.23593139648438,151.062255859375,96.1393814086914,86.58619689941406,75.54986572265625,61.47380828857422,56.42324447631836,53.81861877441406,49.30054473876953,45.05228042602539,42.00567626953125,40.93181610107422,37.794219970703125,36.26185989379883,31.463590621948242,20739.837890625,68.31847381591797,42.53534698486328
625000,635001,17,3,251,213,0,49966.98828125,510.50750732421875,209.7877960205078,140.27345275878906,102.59734344482422,90.91300201416016,76.27293395996094,63.97689437866211,51.67117691040039,46.16202163696289,45.810638427734375,44.021392822265625,41.71931457519531,39.533573150634766,32.6280403137207,32.45796585083008,30.59710121154785,21029.75390625,64.00190734863281,39.43603515625
625000,635001,17,3,251,213,1,50002.12109375,508.4570617675781,215.12351989746094,144.09169006347656,102.61393737792969,91.22808074951172,77.96158599853516,60.457366943359375,56.33866500854492,45.46857833862305,43.07658386230469,40.91575622558594,37.453670501708984,35.196144104003906,34.204978942871094,31.351099014282227,28.8173828125,21045.466796875,70.20113372802734,36.57183837890625
630000,640001,17,3,255,217,0,50132.0859375,581.2109985351562,212.46742248535156,137.75498962402344,114.37755584716797,89.81503295898438,67.46624755859375,64.26174926757812,53.06571960449219,45.018035888671875,42.8238525390625,41.420711517333984,37.991371154785156,36.31211853027344,32.528812408447266,29.908506393432617,29.045841217041016,21107.2265625,71.60667419433594,39.58030700683594
630000,640001,17,3,255,217,1,50090.4375,583.0319213867188,211.71627807617188,132.39633178710938,108.4200210571289,89.90018463134766,70.8822250366211,62.57041549682617,51.759456634521484,45.43611145019531,42.079994201660156,39.03054428100586,37.96767807006836,33.273162841796875,30.692401885986328,29.138879776000977,28.817089080810547,21090.837890625,90.09490203857422,35.06769561767578
635000,645001,17,3,248,201,0,50032.23828125,461.0673828125,245.23959350585938,134.32684326171875,98.82315826416016,90.3464584350586,76.36377716064453,65.14175415039062,59.04119110107422,52.87839126586914,49.303749084472656,45.155181884765625,41.7502555847168,39.28355026245117,36.993743896484375,35.4100456237793,28.785995483398438,21051.6796875,70.3619155883789,41.2869758605957
635000,645001,17,3,248,201,1,50031.8203125,469.19879150390625,230.08319091796875,138.07968139648438,106.04396057128906,91.48804473876953,81.27806091308594,67.47455596923828,55.88127899169922,50.84150695800781,48.60414505004883,46.397396087646484,41.47270584106445,38.78267288208008,37.46638870239258,35.556453704833984,30.76457977294922,21050.404296875,73.38848876953125,43.76118469238281
640000,650001,17,3,253,201,0,50393.4921875,515.8911743164062,224.78431701660156,136.49209594726562,102.04905700683594,88.50861358642578,71.3262710571289,61.489810943603516,59.48130798339844,53.181480407714844,51.61019515991211,50.61027145385742,44.37451171875,40.40473556518555,38.31008529663086,32.82277297973633,30.21816635131836,21220.029296875,76.18698120117188,47.36662673950195
640000,650001,17,3,253,201,1,50374.39453125,524.9376220703125,227.41598510742188,131.9535369873047,103.50750732421875,95.7612533569336,78.1063003540039,66.10346984863281,60.347537994384766,54.030330657958984,51.51350784301758,47.07048797607422,44.357601165771484,40.652679443359375,37.923343658447266,34.9705696105957,32.164546966552734,21213.892578125,73.97357177734375,43.41120910644531
645000,655001,17,3,254,215,0,49886.03515625,453.4721374511719,192.9403839111328,125.68389129638672,85.41633605957031,82.9135513305664,73.51750946044922,62.25282669067383,48.03232955932617,46.54373550415039,42.62416458129883,40.47465133666992,38.848716735839844,36.962303161621094,33.71732711791992,31.311616897583008,29.36046600341797,20991.892578125,72.44708251953125,41.23191452026367
645000,655001,17,3,254,215,1,49899.6953125,453.3568420410156,195.55784606933594,128.6127166748047,96.52293395996094,86.80391693115234,73.83000946044922,59.19650650024414,51.849884033203125,47.34579086303711,44.57748031616211,42.395755767822266,40.25401306152344,38.1277961730957,34.62460708618164,32.84764099121094,31.911645889282227,21001.705078125,79.16075134277344,41.06504440307617
650000,660001,17,3,254,218,0,50645.09765625,468.73468017578125,209.29733276367188,136.36224365234375,105.54449462890625,95.23538208007812,82.02994537353516,66.92537689208984,59.19359588623047,53.523311614990234,49.9168815612793,46.269264221191406,44.90782165527344,44.41755676269531,38.964778900146484,35.348228454589844,34.01197814941406,21307.728515625,76.80706787109375,47.33534240722656
650000,660001,17,3,254,218,1,50629.58984375,471.5491943359375,213.0442352294922,129.85791015625,101.95382690429688,87.22942352294922,76.84832000732422,69.53581237792969,53.22817611694336,52.89264678955078,47.535850524902344,46.035160064697266,43.47321701049805,41.29420852661133,39.21748733520508,33.5628662109375,32.3442268371582,21303.099609375,79.23236846923828,46.23492431640625
655000,665001,17,3,251,211,0,50544.55859375,788.095947265625,234.0089874267578,156.59982299804688,115.20763397216797,90.52690887451172,79.99111938476562,72.96266174316406,58.615211486816406,54.959808349609375,49.4598503112793,48.864253997802734,44.98944091796875,43.18989181518555,42.039833068847656,40.17207336425781,39.011436462402344,21266.9453125,147.5199432373047,49.769229888916016
655000,665001,17,3,251,211,1,50548.7734375,776.2659301757812,230.64149475097656,136.1776123046875,110.37256622314453,84.32804870605469,74.59745788574219,70.85136413574219,56.68937683105469,52.03070068359375,49.55834197998047,43.4608039855957,40.84193801879883,40.27906799316406,37.53623962402344,36.76473617553711,35.08152389526367,21268.490234375,102.38826751708984,50.341796875
660000,670001,17,3,251,214,0,50528.65234375,618.8465576171875,215.53121948242188,135.26385498046875,109.69522094726562,96.39038848876953,85.43470001220703,72.79967498779297,60.23544692993164,58.063026428222656,56.32969665527344,49.2888069152832,46.70283126831055,42.953399658203125,39.52158737182617,34.63249969482422,33.09186553955078,21259.353515625,82.30632019042969,50.15303421020508
660000,670001,17,3,251,214,1,50539.5625,625.2922973632812,209.58888244628906,127.4034423828125,101.10126495361328,93.08234405517578,76.42450714111328,61.075679779052734,57.41121292114258,50.56318664550781,48.62437438964844,48.02014923095703,44.123077392578125,40.004905700683594,34.383384704589844,32.80230712890625,31.934904098510742,21267.5625,71.7137222290039,42.07598876953125
665000,675001,17,3,253,212,0,50811.8671875,493.6556396484375,175.83523559570312,127.90078735351562,104.71585845947266,89.76056671142578,71.93074798583984,53.818809509277344,51.367733001708984,48.44732666015625,47.68956756591797,42.917415618896484,38.72462463378906,35.387969970703125,32.65327072143555,31.13970375061035,30.660425186157227,21422.6796875,81.246337890625,47.24929428100586
665000,675001,17,3,253,212,1,50822.26953125,493.9853210449219,177.3979034423828,127.02583312988281,108.1904525756836,90.52095794677734,73.60055541992188,59.75359344482422,51.1630744934082,47.508480072021484,43.932411193847656,42.47089767456055,38.58793640136719,35.784061431884766,32.06902313232422,31.748746871948242,30.71306800842285,21425.853515625,85.27208709716797,48.8610954284668
670000,680001,17,3,248,215,0,50860.69921875,435.29345703125,199.2386016845703,127.32398986816406,94.25788116455078,83.22331237792969,65.47579193115234,61.920799255371094,57.60301971435547,49.32691192626953,46.67521286010742,42.83900833129883,38.757625579833984,36.61840057373047,35.190006256103516,34.79621124267578,28.245996475219727,21396.01953125,73.87124633789062,40.67427062988281
670000,680001,17,3,248,215,1,50854.984375,435.7016296386719,199.6249237060547,125.97273254394531,96.60002136230469,87.11450958251953,68.77420806884766,61.650028228759766,54.54256057739258,51.160404205322266,46.50252914428711,43.83802032470703,39.353641510009766,37.65718460083008,36.22077941894531,31.788787841796875,27.497913360595703,21390.681640625,75.14530181884766,42.27852249145508
675000,685001,17,3,251,201,0,50078.5234375,450.0724792480469,217.89480590820312,122.28136444091797,103.87791442871094,86.28911590576172,71.57014465332031,60.51994323730469,50.36111068725586,47.996063232421875,43.03323745727539,41.3330078125,37.89552307128906,35.08941650390625,33.46220016479492,30.270429611206055,28.350662231445312,21123.048828125,83.59803771972656,39.17242431640625
675000,685001,17,3,251,201,1,50079.546875,453.0057373046875,222.5126190185547,121.54426574707031,97.1554183959961,90.11764526367188,70.43492126464844,54.72582244873047,50.61246109008789,48.84226989746094,42.784854888916016,40.17699432373047,36.00517654418945,34.56132125854492,34.1893196105957,33.347862243652344,29.71166229248047,21123.74609375,81.13182830810547,44.63686752319336
680000,690001,17,3,248,209,0,50089.8203125,444.8968200683594,193.39248657226562,130.46337890625,108.21277618408203,89.34077453613281,73.37906646728516,68.57120513916016,57.928871154785156,55.73851013183594,46.83314514160156,45.779300689697266,42.63493347167969,39.79607391357422,36.60573196411133,35.42058181762695,33.10798263549805,21093.89453125,75.94346618652344,42.77631378173828
680000,690001,17,3,248,209,1,50076.359375,442.60223388671875,187.8037567138672,130.26400756835938,107.4966049194336,91.50914764404297,76.85308837890625,66.54120635986328,62.69970703125,53.5975227355957,52.35953140258789,49.17194366455078,38.84830093383789,38.48626708984375,37.84770965576172,35.10928726196289,34.3602180480957,21086.85546875,78.82780456542969,46.201725006103516
685000,695001,17,3,253,218,0,51147.83984375,521.37060546875,244.9832000732422,146.63719177246094,141.67410278320312,116.8468246459961,100.81096649169922,82.2099609375,63.867942810058594,58.022254943847656,55.39958953857422,48.10138702392578,43.2326774597168,40.28990173339844,35.34191131591797,33.28980255126953,32.85708236694336,21536.76171875,86.16411590576172,40.855865478515625
685000,695001,17,3,253,218,1,51119.80078125,517.9817504882812,243.4704132080078,147.37709045410156,139.2740478515625,115.2425308227539,101.29935455322266,80.66142272949219,61.031673431396484,55.778316497802734,52.314083099365234,46.46523666381836,44.354888916015625,40.85560989379883,38.01282501220703,37.43503952026367,36.66274642944336,21525.484375,86.1268081665039,38.33462142944336
690000,700001,17,3,252,213,0,51677.58203125,726.416259765625,240.9658660888672,139.4085235595703,111.99305725097656,94.12248992919922,77.74339294433594,60.54056930541992,54.8260383605957,54.42213439941406,49.494232177734375,44.039432525634766,40.148704528808594,37.25075149536133,35.087188720703125,33.06394577026367,29.13416862487793,21729.736328125,71.08432006835938,39.668312072753906
690000,700001,17,3,252,213,1,51738.1640625,745.15966796875,237.8062286376953,134.0323486328125,110.89337921142578,93.78335571289062,80.76471710205078,60.70012664794922,58.42296600341797,56.20939254760742,52.14877700805664,47.009254455566406,42.8670768737793,36.469970703125,34.761539459228516,31.595924377441406,29.969953536987305,21754.474609375,71.01161193847656,40.944419860839844
695000,705001,17,3,252,216,0,50840.8984375,530.52294921875,172.26431274414062,141.98690795898438,109.59352111816406,88.28862762451172,71.30413055419922,67.05701446533203,50.92479705810547,49.39946365356445,43.958946228027344,41.106136322021484,38.6014404296875,35.716949462890625,35.26909637451172,33.219764709472656,28.267684936523438,21394.86328125,89.02568054199219,39.58129119873047
695000,705001,17,3,252,216,1,50853.140625,530.9039306640625,170.73143005371094,145.5558624267578,111.26031494140625,96.34919738769531,73.8627700805664,62.967220306396484,50.879188537597656,47.340431213378906,43.03450393676758,41.01266098022461,38.56291961669922,35.03306579589844,34.233673095703125,31.342187881469727,30.137340545654297,21402.4296875,86.9246597290039,41.490318298339844
700000,710001,17,3,256,216,0,51398.75390625,535.8716430664062,260.92681884765625,145.5784454345703,113.48836517333984,89.2094955444336,77.5556869506836,69.35965728759766,58.90431213378906,57.509368896484375,53.162601470947266,46.80841827392578,43.91834259033203,41.40271759033203,37.8986930847168,34.8785285949707,32.36096954345703,21598.58984375,88.8135757446289,56.976722717285156
700000,710001,17,3,256,216,1,51402.34765625,538.7335815429688,268.0171203613281,151.43678283691406,112.51299285888672,89.3066177368164,77.12486267089844,63.592769622802734,60.149017333984375,54.590511322021484,51.52474594116211,49.17898941040039,44.17900848388672,39.815799713134766,34.8992919921875,33.217159271240234,31.248178482055664,21601.134765625,90.1883773803711,52.36476516723633
705000,715001,17,3,254,220,0,51086.890625,525.298583984375,267.6927490234375,165.1354522705078,124.35457611083984,86.02059936523438,77.78626251220703,65.72710418701172,56.56495666503906,49.422767639160156,48.63860321044922,41.83159255981445,38.11665344238281,37.87421417236328,35.66804885864258,31.704330444335938,30.266155242919922,21519.93359375,74.0619125366211,41.03665542602539
705000,715001,17,3,254,220,1,51049.734375,512.255126953125,243.13296508789062,155.326904296875,128.18910217285156,87.08302307128906,78.1938247680664,64.33393096923828,57.46038818359375,49.08827209472656,45.9293327331543,45.38642501831055,38.985530853271484,37.34729766845703,35.973628997802734,34.56825256347656,29.017229080200195,21502.7109375,74.76319122314453,48.56832504272461
710000,720001,17,3,252,206,0,51752.19921875,455.292236328125,231.4564208984375,138.65081787109375,107.15845489501953,86.29264068603516,77.99596405029297,59.6921272277832,52.54095458984375,48.544612884521484,45.235801696777344,42.53218460083008,38.73704147338867,36.64600372314453,34.65602111816406,32.023921966552734,29.88764762878418,21776.373046875,77.4254379272461,42.19614791870117
710000,720001,17,3,252,206,1,51761.796875,459.5220947265625,226.83538818359375,134.56057739257812,104.5661849975586,87.67076873779297,76.7238540649414,61.40510559082031,57.57242965698242,51.58700180053711,49.48653793334961,45.83443069458008,42.58797073364258,37.864376068115234,35.63140106201172,33.180458068847656,29.083208084106445,21777.859375,76.76174926757812,49.03884506225586
715000,725001,17,3,255,213,0,52473.11328125,471.718505859375,235.18582153320312,148.423095703125,105.123779296875,93.24870300292969,80.44896697998047,68.4904556274414,59.51202392578125,54.12385559082031,48.97544860839844,45.693172454833984,39.9697151184082,38.258644104003906,36.68372344970703,34.98686981201172,33.58464050292969,22070.095703125,78.13676452636719,54.27385330200195
715000,725001,17,3,255,213,1,52464.3046875,469.6455993652344,235.81961059570312,139.12171936035156,102.37572479248047,95.52951049804688,86.0297622680664,69.2139663696289,59.82661437988281,54.11196517944336,49.867645263671875,44.960079193115234,42.99679183959961,40.649471282958984,36.43538284301758,33.61781311035156,31.61151885986328,22065.8203125,92.1616439819336,47.599422454833984
720000,730001,17,3,251,219,0,51312.828125,484.13348388671875,188.16966247558594,132.13778686523438,102.95474243164062,94.27789306640625,80.75544738769531,65.77429962158203,59.98046112060547,48.33998107910156,47.13057327270508,46.621246337890625,43.09806823730469,37.455684661865234,35.2418327331543,33.137821197509766,28.91613006591797,21556.7109375,83.74503326416016,49.60799026489258
720000,730001,17,3,251,219,1,51313.55078125,481.3439025878906,190.4250946044922,128.26614379882812,103.13941192626953,93.0320816040039,80.56130981445312,63.304443359375,55.82020568847656,47.52475357055664,46.360992431640625,43.1356201171875,40.113121032714844,39.40904235839844,35.0210075378418,34.38551712036133,32.14771270751953,21558.806640625,82.96920776367188,51.16028594970703
725000,735001,17,3,251,212,0,51573.0234375,495.7330627441406,196.3194580078125,153.060546875,99.89173126220703,93.63670349121094,77.06697082519531,73.34237670898438,58.719146728515625,54.358341217041016,50.68875503540039,47.76066589355469,42.67185974121094,37.85939025878906,35.54655456542969,33.65028762817383,32.03641128540039,21706.73828125,79.59912872314453,41.179168701171875
725000,735001,17,3,251,212,1,51590.9140625,489.8452453613281,195.77090454101562,155.5326690673828,113.3648910522461,104.78819274902344,77.60106658935547,69.79833984375,57.613277435302734,53.908851623535156,50.776737213134766,47.73566436767578,42.27408981323242,39.48180389404297,37.51434326171875,37.204463958740234,33.067291259765625,21713.228515625,74.0367660522461,48.834571838378906
730000,740001,17,3,251,212,0,52166.35546875,495.37603759765625,257.369873046875,159.82322692871094,107.20628356933594,100.67945861816406,82.24468994140625,62.459716796875,57.267555236816406,53.54245376586914,44.98567581176758,41.92574691772461,39.11637496948242,37.03288269042969,35.58881759643555,32.318729400634766,29.62274742126465,21977.962890625,78.77400207519531,38.25559997558594
730000,740001,17,3,251,212,1,52164.33984375,493.89849853515625,251.3345489501953,155.11795043945312,100.37571716308594,92.41273498535156,78.77120971679688,62.56641387939453,57.416839599609375,47.80900192260742,46.177024841308594,45.4561653137207,41.30414581298828,40.03140640258789,35.12482833862305,34.664642333984375,33.306888580322266,21975.65625,71.74717712402344,39.82890701293945
735000,745001,17,3,254,221,0,51845.6171875,454.2574768066406,193.980224609375,141.01039123535156,103.08815002441406,83.04804229736328,67.82198333740234,61.17582321166992,57.95256805419922,52.79945373535156,49.23366928100586,45.140777587890625,39.37036895751953,38.6289176940918,36.44419860839844,34.8727912902832,32.535865783691406,21819.259765625,81.20092010498047,45.52632522583008
735000,745001,17,3,254,221,1,51833.92578125,457.08624267578125,184.73092651367188,142.53843688964844,104.22410583496094,87.23764038085938,68.22966003417969,63.99387741088867,53.57938766479492,51.70917510986328,48.02570724487305,42.90921401977539,41.27186584472656,38.34176254272461,34.324378967285156,32.52311325073242,30.858434677124023,21816.126953125,82.10991668701172,46.04206848144531
740000,750001,17,3,253,219,0,51730.41796875,493.3162841796875,213.30770874023438,139.50833129882812,101.97110748291016,80.07124328613281,73.75081634521484,58.38255310058594,49.57704162597656,44.673973083496094,43.657073974609375,42.07009506225586,38.792694091796875,36.783103942871094,36.101314544677734,31.835683822631836,29.57577133178711,21749.92578125,65.93928527832031,41.14081573486328
740000,750001,17,3,253,219,1,51690.0625,492.8549499511719,210.55465698242188,136.9075927734375,104.65190124511719,75.4891128540039,70.70002746582031,55.152652740478516,47.59755325317383,45.5921745300293,42.81662368774414,40.474430084228516,39.58335494995117,38.616294860839844,36.6802864074707,32.559173583984375,31.02191162109375,21734.76171875,68.49131774902344,41.50397872924805
745000,755001,17,3,250,212,0,52656.34765625,532.0913696289062,234.25148010253906,145.7373809814453,101.73081970214844,88.9020004272461,76.79065704345703,71.34076690673828,60.28318786621094,52.43877029418945,49.828060150146484,47.08953857421875,40.597896575927734,37.93257522583008,34.7170524597168,33.103816986083984,31.313945770263672,22141.55859375,86.27738189697266,43.338077545166016
745000,755001,17,3,250,212,1,52680.94140625,538.3821411132812,238.621337890625,147.8269805908203,101.53489685058594,86.61388397216797,76.84630584716797,65.84382629394531,57.87470626831055,51.14181137084961,49.24955368041992,45.86933517456055,42.98333740234375,37.89274215698242,36.18684005737305,35.296348571777344,32.42347717285156,22151.86328125,83.26396179199219,46.671722412109375
750000,760001,17,3,252,215,0,51496.546875,585.3912963867188,225.6198272705078,135.65797424316406,108.81124114990234,87.08881378173828,65.20541381835938,57.488487243652344,53.26994323730469,49.14021301269531,45.60338592529297,42.511478424072266,41.823089599609375,39.73270797729492,34.309574127197266,32.845733642578125,31.632286071777344,21661.228515625,104.74874877929688,43.74143981933594
750000,760001,17,3,252,215,1,51524.921875,596.6336669921875,227.57896423339844,131.50921630859375,107.38922882080078,84.78748321533203,65.06831359863281,59.004180908203125,54.50519561767578,49.23832702636719,46.314605712890625,43.08961486816406,41.70218276977539,39.94376754760742,34.71123123168945,34.45100021362305,32.097904205322266,21672.33203125,88.52098846435547,43.26594161987305
755000,765001,17,3,251,213,0,52025.5234375,501.49237060546875,225.59689331054688,155.4747314453125,123.25324249267578,84.8608627319336,74.64818572998047,66.35565948486328,58.37519836425781,54.36225509643555,46.95207595825195,45.89641571044922,43.26064682006836,40.63117599487305,38.11104965209961,33.4262580871582,29.81467628479004,21897.826171875,71.38300323486328,36.72822952270508
755000,765001,17,3,251,213,1,52031.46484375,495.39495849609375,219.32647705078125,146.61277770996094,111.7955322265625,93.52902221679688,81.50437927246094,67.6463851928711,61.32406997680664,53.029544830322266,50.457305908203125,47.77448654174805,45.810401916503906,39.013641357421875,37.73073959350586,33.695430755615234,31.79050636291504,21900.6015625,75.26161193847656,41.445491790771484
760000,770001,17,3,252,220,0,53095.4140625,427.2450866699219,218.875244140625,140.34613037109375,109.10809326171875,90.66619873046875,75.27891540527344,61.92600631713867,56.66566848754883,46.48410415649414,43.570350646972656,42.95863342285156,39.259944915771484,33.09181594848633,31.7282772064209,30.52724838256836,28.29965591430664,22347.494140625,62.123348236083984,33.06879425048828
760000,770001,17,3,252,220,1,53098.1328125,434.9497985839844,215.70819091796875,144.86148071289062,111.71839141845703,89.3923568725586,83.9129867553711,65.55457305908203,57.13349151611328,50.924346923828125,44.637298583984375,42.36772155761719,38.206199645996094,35.67286682128906,33.337989807128906,32.458045959472656,27.50371551513672,22348.07421875,66.08226013183594,32.0161247253418
765000,775001,17,3,253,215,0,53109.37109375,522.8186645507812,205.64976501464844,137.2029266357422,109.85466766357422,93.68759155273438,77.2324447631836,56.457828521728516,51.04193115234375,48.47453689575195,45.798397064208984,43.326351165771484,40.05665588378906,38.081485748291016,34.832767486572266,32.88307571411133,29.5633544921875,22368.712890625,72.970947265625,43.280242919921875
765000,775001,17,3,253,215,1,53104.2109375,522.5685424804688,198.80624389648438,133.46885681152344,109.66681671142578,95.25074768066406,74.98825073242188,57.79639434814453,54.17902755737305,50.89775085449219,48.85816955566406,48.42439651489258,39.03793716430664,37.62837600708008,36.841041564941406,32.585052490234375,30.16303062438965,22365.916015625,70.9050064086914,40.03544616699219
770000,780001,17,3,251,206,0,51940.67578125,523.6168212890625,233.1918487548828,151.25750732421875,120.7269515991211,107.6156234741211,90.70378112792969,69.30828857421875,62.70151901245117,57.53488540649414,52.93319320678711,47.94785690307617,45.842010498046875,40.493446350097656,39.61394500732422,37.46678924560547,33.663936614990234,21850.046875,83.77625274658203,48.801849365234375
770000,780001,17,3,251,206,1,51966.9375,516.9207153320312,225.7528076171875,146.19924926757812,118.3473129272461,92.36583709716797,75.03105163574219,60.320858001708984,57.50508499145508,52.11598587036133,50.75833511352539,47.15268325805664,43.75010299682617,39.30470275878906,37.3838005065918,34.3954963684082,31.204437255859375,21864.138671875,74.55060577392578,45.697906494140625
775000,785001,17,3,252,212,0,52858.1171875,410.1470642089844,198.44081115722656,123.5959243774414,108.57604217529297,99.88594055175781,75.05824279785156,64.3490219116211,53.14593505859375,49.009132385253906,45.84915542602539,42.45937728881836,39.473079681396484,37.65088653564453,36.48351287841797,29.704374313354492,28.715595245361328,22260.51171875,74.8028564453125,38.47020721435547
775000,785001,17,3,252,212,1,52847.0234375,413.69158935546875,199.05288696289062,122.3183822631836,106.98904418945312,88.02745056152344,73.3304672241211,60.38676452636719,52.31309509277344,48.73526382446289,47.14214324951172,42.65816116333008,39.090415954589844,35.999935150146484,35.152950286865234,32.694950103759766,28.502227783203125,22254.7578125,73.35865020751953,37.0395622253418
780000,790001,17,3,254,218,0,53646.671875,457.4989318847656,210.67245483398438,143.7266082763672,93.32864379882812,89.5540771484375,77.09698486328125,59.42323684692383,53.48008728027344,50.970619201660156,43.62456130981445,42.23213577270508,38.6756477355957,37.69282913208008,35.35811996459961,32.25175094604492,30.48353385925293,22593.78515625,86.03115844726562,47.14064025878906
780000,790001,17,3,254,218,1,53646.50390625,462.13623046875,205.12969970703125,142.12210083007812,92.19337463378906,89.37155151367188,77.08885192871094,57.596073150634766,56.2611198425293,51.0080680847168,45.319618225097656,43.39631271362305,39.510066986083984,35.99870681762695,33.83763885498047,32.09223556518555,30.284624099731445,22592.84375,89.52362823486328,47.523353576660156
785000,795001,17,3,250,213,0,53066.7734375,454.8835144042969,194.68930053710938,140.6663055419922,107.89405059814453,93.22335052490234,72.99260711669922,62.145835876464844,56.584712982177734,53.56649398803711,47.496036529541016,46.655616760253906,40.42409896850586,35.676448822021484,34.618003845214844,31.721494674682617,29.406625747680664,22336.7890625,92.16864013671875,54.20185852050781
785000,795001,17,3,250,213,1,53093.15234375,457.65740966796875,198.5035400390625,140.1622772216797,105.52754974365234,90.2372817993164,76.40569305419922,63.56321334838867,57.453670501708984,49.72711181640625,47.59724044799805,43.56850814819336,39.13591766357422,35.57640838623047,32.455806732177734,31.59870147705078,28.68059539794922,22344.16796875,93.29155731201172,50.46649932861328
790000,800001,17,3,254,217,0,53039.67578125,611.5532836914062,186.653076171875,135.3513641357422,102.16849517822266,91.17547607421875,74.82087707519531,60.8006477355957,57.8054313659668,51.72754669189453,50.39031982421875,46.93654251098633,41.21833419799805,37.823143005371094,36.42652893066406,33.16069030761719,32.227535247802734,22322.869140625,70.1219711303711,39.753170013427734
790000,800001,17,3,254,217,1,53034.16796875,619.6275634765625,185.7311553955078,134.30184936523438,110.82380676269531,91.4095458984375,72.08587646484375,62.21103286743164,57.24580383300781,53.12145233154297,51.87974548339844,48.31312561035156,45.16284942626953,41.298851013183594,38.64580535888672,36.77079391479492,32.518165588378906,22320.765625,75.61335754394531,40.13466262817383
795000,805001,17,3,255,214,0,53745.11328125,481.81634521484375,232.51014709472656,192.07748413085938,97.05506134033203,81.33934020996094,72.28438568115234,67.6079330444336,58.84706497192383,50.661922454833984,45.60158157348633,44.031410217285156,40.56654739379883,37.61103820800781,34.35145568847656,32.30009460449219,30.576221466064453,22628.7578125,106.7141342163086,40.723567962646484
795000,805001,17,3,255,214,1,53777.07421875,477.1817626953125,220.8343048095703,190.18931579589844,94.00685119628906,82.35636901855469,74.0416030883789,70.95420837402344,54.13873291015625,49.77585220336914,42.90156555175781,40.55021667480469,38.955387115478516,36.631282806396484,35.96291732788086,34.51496124267578,29.41722869873047,22640.70703125,94.61839294433594,57.02505874633789
800000,810001,17,3,250,214,0,53191.7421875,461.116943359375,217.9549102783203,149.85980224609375,98.28468322753906,72.24388122558594,68.65830993652344,57.44609451293945,52.6357307434082,47.87036895751953,43.55332946777344,42.212703704833984,38.731544494628906,36.9526481628418,34.977230072021484,32.26790237426758,30.862197875976562,22378.619140625,75.01395416259766,46.08439636230469
800000,810001,17,3,250,214,1,53209.0,465.822265625,224.33526611328125,148.67816162109375,102.69923400878906,76.3773422241211,71.3248519897461,60.043785095214844,58.41769790649414,51.420169830322266,43.2230224609375,42.643428802490234,39.5227165222168,37.21070861816406,36.03584289550781,33.690460205078125,29.528202056884766,22383.49609375,76.61775970458984,43.721778869628906
805000,815001,17,3,254,216,0,54344.8203125,436.343017578125,177.95462036132812,117.81051635742188,88.1229248046875,83.54438018798828,68.8575210571289,54.094390869140625,48.163028717041016,46.846405029296875,43.35737609863281,41.06498336791992,36.55265426635742,34.18084716796875,32.061363220214844,31.856279373168945,29.326473236083984,22885.041015625,77.79267883300781,41.48584747314453
805000,815001,17,3,254,216,1,54339.16796875,432.4120178222656,181.03692626953125,118.13691711425781,91.95072937011719,84.49371337890625,67.22978210449219,54.4024772644043,49.805931091308594,44.991912841796875,42.781436920166016,38.97540283203125,37.413082122802734,33.331478118896484,30.81340217590332,29.440237045288086,26.41619300842285,22881.30078125,83.88639068603516,42.99026870727539
810000,820001,17,3,253,220,0,52912.8828125,1687.4541015625,201.40695190429688,157.677734375,135.84141540527344,85.55287170410156,75.02235412597656,61.293861389160156,60.425540924072266,50.094482421875,46.416385650634766,43.178951263427734,41.45693588256836,38.68940353393555,37.61594009399414,33.636714935302734,29.458982467651367,22278.11328125,77.15575408935547,42.18439865112305
810000,820001,17,3,253,220,1,52912.23828125,1721.9696044921875,204.21859741210938,152.24234008789062,128.43202209472656,85.17535400390625,68.78654479980469,62.04652786254883,61.668373107910156,53.5933837890625,48.502750396728516,44.9034423828125,41.547054290771484,39.06116485595703,33.48678207397461,32.22346115112305,29.79215431213379,22277.474609375,76.59078216552734,48.82421112060547
815000,825001,17,3,254,216,0,54001.4765625,745.8995971679688,410.575439453125,153.05126953125,119.79022216796875,88.18960571289062,82.16887664794922,71.31929016113281,58.02590560913086,54.50495529174805,52.45587158203125,44.364036560058594,38.870670318603516,35.9122428894043,35.311668395996094,32.81768798828125,31.491313934326172,22731.935546875,76.19452667236328,57.53807830810547
815000,825001,17,3,254,216,1,54029.5859375,745.5045776367188,387.7054443359375,143.3278045654297,108.08429718017578,86.57028198242188,75.54370880126953,67.16922760009766,56.8654670715332,54.2266845703125,50.37530517578125,41.03532791137695,36.326053619384766,35.30595779418945,33.50890350341797,31.394283294677734,29.54404067993164,22744.806640625,81.39119720458984,42.14951705932617
820000,830001,17,3,251,226,0,52654.5703125,493.27618408203125,214.50181579589844,136.64283752441406,90.98993682861328,82.8538818359375,69.63066101074219,59.02846908569336,58.38690948486328,52.17464828491211,45.79335403442383,43.60667037963867,40.0700569152832,38.71543884277344,34.9936637878418,33.99386215209961,30.988222122192383,22150.349609375,77.79552459716797,37.18950653076172
820000,830001,17,3,251,226,1,52681.30859375,490.79315185546875,214.26809692382812,140.4352264404297,89.13880157470703,85.04097747802734,73.23287963867188,60.028480529785156,58.20881652832031,51.98989486694336,46.777137756347656,45.328369140625,38.863529205322266,37.22214126586914,34.438655853271484,32.721004486083984,31.432218551635742,22163.888671875,72.28744506835938,35.45372009277344
825000,835001,17,3,252,215,0,53829.43359375,825.7556762695312,194.73446655273438,124.22269439697266,104.53284454345703,100.7775650024414,76.1451644897461,64.96273040771484,53.05626678466797,48.853424072265625,45.76311111450195,42.10868453979492,40.10736083984375,34.38909912109375,31.983192443847656,30.408939361572266,28.653854370117188,22672.166015625,78.6247787475586,42.809017181396484
825000,835001,17,3,252,215,1,53844.83984375,821.4266357421875,203.93649291992188,129.36680603027344,99.9951400756836,88.61812591552734,78.96271514892578,66.43608856201172,59.21034240722656,45.4254264831543,44.14260482788086,39.51955032348633,37.845428466796875,36.500732421875,31.600894927978516,29.68866539001465,28.116840362548828,22677.33984375,81.44297790527344,37.65970230102539
830000,840001,17,3,255,224,0,53824.0078125,422.5523376464844,198.68423461914062,135.6060333251953,101.2054214477539,94.8694076538086,87.33696746826172,66.13324737548828,53.884700775146484,50.34092712402344,46.76328659057617,44.32967758178711,40.852508544921875,39.008689880371094,37.268829345703125,33.07616424560547,30.216371536254883,22666.83984375,85.51836395263672,50.62086868286133
830000,840001,17,3,255,224,1,53846.49609375,420.4031677246094,198.78518676757812,131.45828247070312,97.57677459716797,93.15143585205078,80.90430450439453,65.70696258544922,54.842918395996094,50.57332992553711,44.22243118286133,43.117149353027344,39.18343734741211,35.7244873046875,34.26432418823242,32.80106735229492,28.18931007385254,22675.68359375,85.8173828125,52.342185974121094
835000,845001,17,3,248,224,0,53480.4140625,521.8541259765625,192.11463928222656,126.80747985839844,95.68920135498047,89.48197937011719,73.72234344482422,57.57503890991211,50.5443000793457,46.766143798828125,41.647987365722656,39.883724212646484,38.13565444946289,36.854007720947266,33.27879333496094,30.374319076538086,28.386781692504883,22545.794921875,82.86683654785156,42.21059799194336
835000,845001,17,3,248,224,1,53454.37890625,518.1627197265625,192.63888549804688,129.2727508544922,92.11516571044922,88.61802673339844,69.57135772705078,58.293766021728516,49.35859680175781,46.59894943237305,45.5313606262207,40.678096771240234,40.20719909667969,35.285194396972656,34.682987213134766,30.650671005249023,29.565597534179688,22535.048828125,78.51007843017578,39.75758743286133
840000,850001,17,3,250,213,0,53820.84765625,446.3763732910156,259.7091369628906,140.24464416503906,115.35018157958984,88.27729034423828,64.33030700683594,58.1290397644043,52.0623779296875,50.597206115722656,47.35890197753906,41.87028884887695,39.908851623535156,36.194908142089844,33.491580963134766,33.332176208496094,29.25428009033203,22648.986328125,66.1320571899414,37.15214538574219
840000,850001,17,3,250,213,1,53808.5546875,448.16851806640625,256.9128723144531,138.8688507080078,104.62388610839844,86.93904113769531,64.82946014404297,60.15337371826172,52.88431167602539,48.901119232177734,47.28186798095703,45.342002868652344,39.337162017822266,37.72212219238281,37.26572799682617,33.52840042114258,28.922319412231445,22643.234375,66.59789276123047,39.25231170654297
845000,855001,17,3,249,207,0,54287.2890625,498.23358154296875,183.79063415527344,132.7150421142578,107.10177612304688,83.5032958984375,69.69325256347656,56.68307876586914,50.17219543457031,44.57699203491211,42.396175384521484,37.206356048583984,36.19342803955078,35.283836364746094,34.23729705810547,31.18442726135254,28.663537979125977,22865.53515625,87.38321685791016,45.151729583740234
845000,855001,17,3,249,207,1,54327.515625,497.9535827636719,182.1276092529297,136.4002685546875,107.01427459716797,86.39083099365234,70.23872375488281,59.64059829711914,51.54956817626953,46.87189483642578,42.500572204589844,39.8531608581543,38.10306930541992,35.94189453125,33.225608825683594,31.314247131347656,27.36835289001465,22882.41015625,91.90076446533203,45.50779342651367
850000,860001,17,3,248,218,0,53862.92578125,481.54815673828125,190.2108612060547,138.6214599609375,116.7177734375,102.42980194091797,84.6208267211914,63.958168029785156,53.19196701049805,51.71474075317383,49.5622673034668,48.91371154785156,44.230712890625,37.62637710571289,36.54625701904297,32.59788131713867,29.626728057861328,22713.34765625,84.60104370117188,41.50942611694336
850000,860001,17,3,248,218,1,53866.9296875,478.2087097167969,185.69253540039062,134.67864990234375,111.98887634277344,93.74457550048828,79.53411102294922,61.7490348815918,55.924720764160156,52.904335021972656,50.92572021484375,46.2557487487793,43.68131637573242,39.716800689697266,38.009090423583984,36.63349151611328,30.14482307434082,22720.587890625,76.07530975341797,40.352474212646484
855000,865001,17,3,249,226,0,53741.1953125,522.096435546875,208.805419921875,139.17620849609375,120.31022644042969,101.3532485961914,82.0302734375,66.20197296142578,60.61766815185547,54.86119079589844,49.1645622253418,48.94968795776367,42.311607360839844,37.985595703125,36.64165496826172,34.77945327758789,30.406444549560547,22624.404296875,87.39871215820312,50.827049255371094
855000,865001,17,3,249,226,1,53747.91796875,519.5374145507812,206.75840759277344,140.81983947753906,114.05745697021484,90.1767807006836,79.31754302978516,69.13101196289062,64.75128936767578,59.60984420776367,51.40869140625,50.575313568115234,45.66078186035156,40.768287658691406,38.064231872558594,33.93838882446289,31.768239974975586,22626.8984375,83.55927276611328,54.77586364746094
860000,870001,17,3,254,221,0,55229.36328125,677.1644287109375,207.2192840576172,129.81126403808594,108.94402313232422,98.10639953613281,78.58981323242188,65.59856414794922,60.18818283081055,51.44562911987305,50.118892669677734,45.4942626953125,41.15123748779297,37.18262481689453,34.661495208740234,33.91584777832031,29.93802261352539,23234.83203125,86.91914367675781,45.998741149902344
860000,870001,17,3,254,221,1,55223.8671875,689.1849975585938,211.84815979003906,131.38771057128906,105.89749145507812,104.78175354003906,75.00274658203125,63.00423812866211,55.351165771484375,52.366668701171875,44.940208435058594,41.02330780029297,39.16306686401367,37.4522705078125,33.21674346923828,31.777559280395508,28.603702545166016,23232.974609375,84.20870208740234,44.86677932739258
865000,875001,17,3,254,221,0,54920.953125,450.81781005859375,204.09237670898438,136.81532287597656,109.32242584228516,82.74241638183594,64.92181396484375,59.85100555419922,53.1009635925293,51.88347244262695,44.50749969482422,39.985572814941406,39.1285514831543,37.651329040527344,35.20109939575195,33.83711242675781,28.786434173583984,23131.126953125,81.53214263916016,46.31733703613281
865000,875001,17,3,254,221,1,54924.59375,452.2573547363281,200.93350219726562,135.91603088378906,104.576171875,80.97972869873047,65.3121337890625,58.98442840576172,54.16253662109375,47.69334030151367,45.93443298339844,41.66482162475586,38.76631546020508,35.67229461669922,32.51408386230469,28.9200496673584,26.276611328125,23130.85546875,77.54263305664062,44.49128341674805
870000,880001,17,3,250,217,0,54007.1484375,479.87530517578125,258.2068786621094,166.37042236328125,108.19253540039062,79.72819519042969,72.94461059570312,59.443397521972656,58.291202545166016,47.78679656982422,45.26664352416992,43.04216003417969,41.88029098510742,39.643611907958984,36.6241455078125,34.937286376953125,31.842613220214844,22722.146484375,95.21761322021484,41.92636489868164
870000,880001,17,3,250,217,1,53999.39453125,476.8953552246094,253.4178466796875,160.629150390625,107.15695190429688,85.04196166992188,76.1594009399414,63.64126968383789,57.57893753051758,52.69200134277344,48.93763732910156,45.92060852050781,41.46137619018555,36.94488525390625,35.67280197143555,33.606536865234375,32.75972366333008,22719.70703125,79.47879791259766,48.657108306884766
875000,885001,17,3,253,216,0,55075.62890625,452.4089050292969,197.01536560058594,140.8723907470703,104.45774841308594,96.40950775146484,81.51920318603516,59.327545166015625,53.66626739501953,51.28825378417969,44.14171600341797,41.84081268310547,40.90580368041992,36.86716842651367,33.74871063232422,32.73496627807617,31.500185012817383,23182.810546875,81.55204010009766,38.818946838378906
875000,885001,17,3,253,216,1,55044.55859375,450.7266845703125,196.833251953125,138.82684326171875,102.8708724975586,94.39481353759766,78.88894653320312,64.00333404541016,53.096099853515625,48.10943603515625,46.78492736816406,39.63443374633789,38.27653884887695,34.991416931152344,32.24150466918945,31.46100425720215,28.565540313720703,23174.19140625,78.4379653930664,37.50126647949219
880000,890001,17,3,252,224,0,55015.71875,505.7107849121094,182.0078887939453,136.81153869628906,96.45181274414062,83.72215270996094,72.14391326904297,57.08192825317383,51.13172912597656,44.95785140991211,41.94727325439453,40.32053756713867,38.2194709777832,37.1231803894043,33.11463928222656,30.361066818237305,28.809162139892578,23170.5390625,74.91410827636719,37.83821487426758
880000,890001,17,3,252,224,1,55038.8671875,506.0199890136719,185.05519104003906,138.17735290527344,94.38762664794922,86.6973876953125,72.94425964355469,56.421077728271484,53.411659240722656,47.45326614379883,43.44184494018555,41.86980056762695,38.513431549072266,35.4275016784668,33.411651611328125,32.829193115234375,28.27281379699707,23181.021484375,74.77526092529297,43.502708435058594
885000,895001,17,3,252,221,0,54690.29296875,499.3104248046875,192.55929565429688,122.89884948730469,101.2613525390625,82.62293243408203,66.47062683105469,58.315040588378906,48.58795928955078,44.10637664794922,42.861141204833984,41.31681823730469,38.75838851928711,36.32073211669922,35.30264663696289,31.56203842163086,28.967151641845703,23022.931640625,66.05752563476562,40.78953170776367
885000,895001,17,3,252,221,1,54688.828125,498.43463134765625,193.40682983398438,123.54304504394531,104.99273681640625,87.13245391845703,72.89395904541016,56.52157974243164,54.045494079589844,45.43613052368164,42.847862243652344,41.30758285522461,39.317325592041016,36.8636589050293,33.16843795776367,31.99232292175293,29.0870304107666,23023.390625,68.82056427001953,41.969459533691406
890000,900001,17,3,247,221,0,53958.5078125,686.708984375,347.8241271972656,176.69581604003906,124.2795639038086,118.24303436279297,98.13426208496094,89.6207504272461,85.57333374023438,72.7330093383789,59.83659362792969,55.0482292175293,53.81427001953125,50.38661193847656,41.5596923828125,38.77676773071289,35.80648422241211,22692.373046875,100.84013366699219,60.612770080566406
890000,900001,17,3,247,221,1,53929.29296875,672.7081298828125,341.11224365234375,177.9099884033203,128.42764282226562,119.24079132080078,99.83663177490234,88.0417709350586,84.63065338134766,71.05422973632812,60.06583786010742,53.84855270385742,53.56694793701172,45.72146987915039,44.1467399597168,42.179718017578125,35.5626335144043,22678.537109375,100.86094665527344,59.903690338134766
895000,905001,17,3,250,211,0,54653.57421875,520.960693359375,294.5726318359375,153.6263885498047,116.01061248779297,94.33589935302734,80.94764709472656,67.09884643554688,59.21865463256836,56.04826736450195,50.58282470703125,49.65161895751953,40.17660140991211,39.804534912109375,37.37266540527344,34.050479888916016,31.299667358398438,22991.384765625,73.99068450927734,39.2235221862793
895000,905001,17,3,250,211,1,54657.75390625,522.526123046875,298.303955078125,152.7866668701172,117.40149688720703,102.76265716552734,81.76985168457031,69.65211486816406,60.75110626220703,55.68202209472656,51.517276763916016,48.90214157104492,43.063209533691406,40.22034454345703,35.93962097167969,34.43071746826172,30.939237594604492,22995.0546875,80.41565704345703,37.514034271240234
900000,910001,17,3,251,228,0,54595.859375,566.0728759765625,227.16903686523438,129.9197235107422,110.63886260986328,86.45814514160156,74.18051147460938,63.22568130493164,57.06618118286133,52.67112350463867,49.938140869140625,47.40938949584961,43.401023864746094,41.346702575683594,37.819114685058594,36.91231918334961,33.19608688354492,22988.87109375,81.17858123779297,44.97734451293945
900000,910001,17,3,251,228,1,54602.20703125,566.4232177734375,228.42538452148438,132.46343994140625,108.96068572998047,88.17980194091797,74.04487609863281,60.14715576171875,57.014286041259766,49.65099334716797,48.27830123901367,44.20280456542969,41.95750045776367,39.80028533935547,37.86485290527344,34.901092529296875,33.80939865112305,22992.74609375,79.87269592285156,41.51509094238281
905000,915001,17,3,253,217,0,55113.06640625,510.457275390625,205.35997009277344,145.10177612304688,112.27108764648438,92.71448516845703,71.8458023071289,60.67829895019531,55.89033889770508,51.693153381347656,46.84733963012695,45.67228698730469,44.60028076171875,39.16189193725586,36.58015441894531,33.65882110595703,31.28268814086914,23154.001953125,79.71841430664062,44.327816009521484
905000,915001,17,3,253,217,1,55108.0546875,505.2129211425781,199.3438262939453,144.50889587402344,113.84192657470703,95.08898162841797,78.09442901611328,65.90662384033203,59.46243667602539,54.91088104248047,51.79109573364258,46.81122589111328,46.30020523071289,42.395851135253906,39.60820007324219,36.61497116088867,35.14122772216797,23151.568359375,78.1151351928711,48.77834701538086
910000,920001,17,3,251,223,0,54986.6484375,482.81195068359375,214.25335693359375,140.20526123046875,108.2487564086914,98.51551055908203,80.44367218017578,62.313987731933594,57.34358215332031,49.90138244628906,44.85649871826172,43.61568832397461,39.99150085449219,38.69661331176758,36.755924224853516,35.82792663574219,32.03373718261719,23150.326171875,80.09790802001953,44.44194030761719
910000,920001,17,3,251,223,1,54980.75390625,482.6122131347656,213.48072814941406,141.9948272705078,110.56652069091797,101.6267318725586,83.77243041992188,65.3266372680664,55.7215690612793,47.920867919921875,44.85407257080078,40.14691162109375,38.38438034057617,37.606239318847656,34.38969421386719,33.558719635009766,31.0107421875,23146.689453125,80.13691711425781,45.19368362426758
915000,925001,17,3,251,217,0,54972.89453125,486.2277526855469,217.5565643310547,140.86367797851562,110.18098449707031,92.96668243408203,91.56017303466797,64.8203125,62.806766510009766,54.89049530029297,50.419769287109375,48.28234100341797,44.266204833984375,43.093650817871094,37.03524398803711,32.37215042114258,31.513057708740234,23114.060546875,93.18323516845703,49.79997253417969
915000,925001,17,3,251,217,1,54909.28515625,486.7124328613281,223.84158325195312,151.29534912109375,114.90048217773438,97.9772720336914,90.39503479003906,67.75118255615234,62.01937484741211,52.12356948852539,49.5987663269043,45.38520812988281,43.81402587890625,40.534019470214844,35.84694290161133,32.588077545166016,29.807384490966797,23090.09375,90.23074340820312,48.47669982910156
920000,930001,17,3,253,224,0,55280.15234375,522.7394409179688,445.8597412109375,177.49203491210938,110.24712371826172,98.76012420654297,89.85429382324219,63.06672668457031,56.429725646972656,54.06836700439453,51.26842498779297,49.393150329589844,43.092918395996094,40.67232894897461,39.55257797241211,33.89025115966797,33.130165100097656,23265.8828125,77.21180725097656,44.508575439453125
920000,930001,17,3,253,224,1,55265.015625,515.1652221679688,422.60546875,185.2009735107422,114.29959869384766,92.13529968261719,86.36417388916016,64.87430572509766,56.152549743652344,51.56924819946289,47.79035949707031,44.8609733581543,43.191768646240234,39.47752380371094,35.65068817138672,33.63521194458008,30.71436309814453,23257.740234375,79.00231170654297,42.43718719482422
925000,935001,17,3,253,225,0,54485.4140625,750.35693359375,228.5429229736328,152.2273712158203,122.74590301513672,92.86003112792969,85.92472076416016,73.08280944824219,53.07365417480469,50.30500411987305,47.131168365478516,42.55472183227539,39.2469596862793,38.41309356689453,37.163841247558594,34.9736442565918,29.905418395996094,22913.939453125,104.4249267578125,46.61758041381836
925000,935001,17,3,253,225,1,54504.5234375,752.3054809570312,233.16664123535156,156.09823608398438,118.91356658935547,89.89444732666016,83.37024688720703,66.33507537841797,50.48731994628906,49.364566802978516,46.530818939208984,43.56451416015625,40.96773147583008,38.14760971069336,36.83049011230469,36.008426666259766,30.20194435119629,22923.4453125,90.1587142944336,41.39103317260742
930000,940001,17,3,249,221,0,54712.30859375,467.6873474121094,224.1444091796875,138.94639587402344,91.81465911865234,76.00830841064453,62.37939453125,51.27808380126953,44.47414779663086,42.17521286010742,40.31477737426758,39.31515121459961,37.79238510131836,34.971160888671875,34.34516143798828,30.479515075683594,28.609905242919922,23004.55078125,73.55284118652344,37.396087646484375
930000,940001,17,3,249,221,1,54703.69921875,464.3892822265625,220.5824432373047,134.81866455078125,90.70780944824219,79.65840148925781,64.65973663330078,52.30613327026367,48.76789093017578,43.329345703125,39.26423645019531,37.92295455932617,37.3015022277832,32.75343704223633,29.75632095336914,29.56479835510254,27.47171401977539,23002.748046875,74.63388061523438,42.66220474243164
935000,945001,17,3,253,227,0,55575.7578125,466.9339904785156,199.8600311279297,143.73696899414062,105.14481353759766,84.1077651977539,70.80139923095703,57.0178337097168,55.805240631103516,46.01776123046875,45.048099517822266,40.30503463745117,37.87416458129883,35.51003646850586,33.534767150878906,30.77350425720215,29.482948303222656,23420.529296875,66.46240234375,35.76777267456055
935000,945001,17,3,253,227,1,55601.42578125,462.1582336425781,202.26486206054688,141.29640197753906,101.12106323242188,81.70182037353516,73.50396728515625,58.42729949951172,52.89387130737305,46.08246994018555,43.64436340332031,42.30446243286133,39.25288391113281,35.48351287841797,33.001075744628906,30.581789016723633,27.924514770507812,23431.0625,67.5514907836914,33.17015075683594
940000,950001,17,3,252,219,0,54300.33203125,512.0739135742188,211.80584716796875,143.40286254882812,102.430908203125,88.98784637451172,79.51990509033203,63.86711883544922,56.31804275512695,50.13227844238281,46.929359436035156,42.259239196777344,39.918941497802734,38.2523193359375,36.38723373413086,34.642845153808594,32.54585647583008,22867.548828125,81.60628509521484,35.98195266723633
940000,950001,17,3,252,219,1,54289.44921875,518.9043579101562,208.20230102539062,143.21986389160156,100.17809295654297,91.43197631835938,78.80414581298828,65.19044494628906,56.22599411010742,51.61101531982422,47.725860595703125,46.18829345703125,42.365787506103516,39.71086502075195,35.53017044067383,32.42210006713867,30.292137145996094,22866.693359375,79.70175170898438,42.18721389770508
945000,955001,17,3,249,222,0,55390.16796875,470.09100341796875,181.1555633544922,135.0948944091797,104.33131408691406,89.99974060058594,71.91786193847656,59.59515380859375,54.61091613769531,48.06550216674805,42.883052825927734,42.0290412902832,38.06339645385742,33.917938232421875,33.63221740722656,28.158405303955078,24.7867431640625,23335.9921875,65.21829223632812,38.909305572509766
945000,955001,17,3,249,222,1,55387.62109375,468.76446533203125,183.63755798339844,129.8034210205078,100.4705810546875,81.97511291503906,66.04728698730469,52.98011779785156,50.110015869140625,46.026611328125,41.39398193359375,38.97608184814453,37.34458541870117,34.6455192565918,33.37295150756836,29.96858024597168,27.491361618041992,23332.916015625,65.85003662109375,37.08479690551758
950000,960001,17,3,252,225,0,55273.53125,517.4004516601562,224.86634826660156,128.7509765625,106.43833923339844,87.4705581665039,72.78121948242188,59.48814010620117,56.64016342163086,50.627357482910156,47.49339294433594,45.13721466064453,40.3787841796875,38.7926025390625,33.657352447509766,31.008169174194336,30.64124298095703,23275.578125,75.287841796875,41.98090362548828
950000,960001,17,3,252,225,1,55281.23046875,516.0742797851562,217.84756469726562,131.754638671875,113.70852661132812,87.24977111816406,77.23102569580078,61.41508483886719,50.90211486816406,46.86603927612305,44.39677429199219,41.895015716552734,39.80327224731445,39.29889678955078,35.41786575317383,33.059207916259766,32.232994079589844,23280.701171875,77.22721862792969,39.94508743286133
955000,965001,17,3,254,227,0,56789.71875,474.68060302734375,192.52183532714844,128.98585510253906,88.0501937866211,85.66876983642578,73.00110626220703,61.96449279785156,59.02119064331055,55.673160552978516,50.20487976074219,47.34441375732422,45.17810821533203,39.24122619628906,37.32503890991211,34.73630142211914,33.65069580078125,23889.71875,80.75928497314453,39.391117095947266
955000,965001,17,3,254,227,1,56799.203125,477.6477355957031,194.43336486816406,137.13894653320312,85.07495880126953,78.69711303710938,71.16165924072266,59.23741912841797,56.117923736572266,53.57802963256836,49.552330017089844,45.73667526245117,42.33363342285156,40.43396759033203,37.92902755737305,34.661285400390625,32.72142791748047,23892.59375,75.66031646728516,37.93303298950195
960000,970001,17,3,251,223,0,55266.6015625,418.1642150878906,226.49407958984375,137.8935546875,92.05377197265625,84.79735565185547,70.12117767333984,64.00677490234375,53.226200103759766,50.43791198730469,45.522056579589844,42.35249328613281,41.37207794189453,34.97396469116211,34.3365592956543,30.034526824951172,28.288593292236328,23249.77734375,89.33403778076172,48.464481353759766
960000,970001,17,3,251,223,1,55256.08203125,416.90863037109375,226.03799438476562,138.65907287597656,94.83934783935547,76.76445007324219,69.26763916015625,60.78071594238281,50.930419921875,47.648643493652344,43.759151458740234,40.859130859375,35.84756851196289,34.1514892578125,33.35420608520508,31.717092514038086,25.57122802734375,23245.205078125,87.22766876220703,47.26387405395508
965000,975001,17,3,252,218,0,55877.53125,518.84814453125,186.77430725097656,140.06704711914062,103.79521179199219,93.97349548339844,69.77367401123047,56.171871185302734,53.2785530090332,48.419921875,44.725894927978516,41.70388412475586,37.06825637817383,34.071754455566406,32.038230895996094,31.215452194213867,28.770814895629883,23540.357421875,73.0750961303711,40.07460403442383
965000,975001,17,3,252,218,1,55878.9140625,518.392578125,185.75645446777344,142.6786346435547,98.73823547363281,94.1206283569336,71.3868408203125,61.725624084472656,52.21931076049805,49.93223190307617,47.74933624267578,43.756935119628906,41.36862564086914,37.47749710083008,34.299320220947266,31.281923294067383,29.727888107299805,23540.689453125,74.96737670898438,39.65699005126953
970000,980001,17,3,250,222,0,55420.8515625,533.5897216796875,218.93727111816406,138.3068084716797,90.20293426513672,86.45117950439453,71.89850616455078,56.699092864990234,54.533912658691406,45.37596893310547,43.950008392333984,40.6368408203125,39.155303955078125,36.75185775756836,35.8530387878418,32.254798889160156,30.3194522857666,23352.791015625,65.50144958496094,38.583248138427734
970000,980001,17,3,250,222,1,55446.15625,535.8173217773438,220.23312377929688,141.08250427246094,89.07137298583984,86.61087036132812,71.31678771972656,56.53004837036133,54.07198715209961,46.36404800415039,40.227325439453125,37.384361267089844,36.78611373901367,33.9543342590332,32.00495147705078,30.525577545166016,28.39883804321289,23362.625,64.49292755126953,31.573610305786133
975000,985001,17,3,251,215,0,55249.34375,501.4955139160156,220.41200256347656,135.70411682128906,102.97628021240234,86.0761947631836,80.000244140625,65.93513488769531,54.02080154418945,49.98308563232422,44.76387023925781,43.77395248413086,41.31792068481445,39.81550979614258,34.321815490722656,32.59504318237305,30.483856201171875,23282.333984375,84.12361907958984,44.78163528442383
975000,985001,17,3,251,215,1,55245.40234375,503.6398620605469,223.11099243164062,135.52259826660156,102.15544891357422,90.3581314086914,83.1574478149414,59.84345626831055,56.08656692504883,52.24913024902344,49.94704055786133,47.13372802734375,42.39173126220703,41.65035629272461,37.08140182495117,34.81422424316406,28.926776885986328,23278.748046875,85.31291961669922,44.708839416503906
980000,990001,17,3,252,214,0,56082.125,528.2574462890625,230.52719116210938,166.52932739257812,143.85638427734375,97.01411437988281,76.01759338378906,63.276123046875,54.12253189086914,51.32856369018555,46.68600082397461,44.98704528808594,43.51931381225586,41.902469635009766,38.782562255859375,31.203262329101562,30.45802879333496,23607.033203125,87.86249542236328,39.65591049194336
980000,990001,17,3,252,214,1,56069.62890625,531.9085693359375,224.64122009277344,159.53164672851562,152.7690887451172,93.74372863769531,74.40658569335938,62.41729736328125,52.98863220214844,48.30390548706055,45.16181182861328,43.95512008666992,39.96105194091797,38.55887222290039,36.89878463745117,30.679325103759766,26.455429077148438,23602.767578125,99.28952026367188,34.38155746459961
985000,995001,17,3,253,222,0,55494.421875,457.6558837890625,260.4150390625,154.0691680908203,109.77031707763672,96.54073333740234,80.8409423828125,64.46356964111328,59.06346893310547,49.64430236816406,48.228797912597656,42.585323333740234,40.9153938293457,38.965396881103516,36.5316047668457,33.0742301940918,32.123966217041016,23346.330078125,104.76593780517578,58.724708557128906
985000,995001,17,3,253,222,1,55500.07421875,454.0962829589844,251.09405517578125,153.59791564941406,102.7464370727539,91.38871002197266,79.79695892333984,69.0945053100586,57.60690689086914,56.25281524658203,49.20199966430664,45.48393630981445,44.10034942626953,40.4899787902832,33.23147964477539,32.66831970214844,31.404531478881836,23349.197265625,106.19261932373047,59.84988784790039
