grad_step,env_steps,window_len,penalty_len,n_windows,unique_eps,critic,sv_01,sv_02,sv_03,sv_04,sv_05,sv_06,sv_07,sv_08,sv_09,sv_10,sv_11,sv_12,sv_13,sv_14,sv_15,sv_16,sv_17,pen_sv_01,pen_sv_02,pen_sv_03,pen_sv_04,pen_sv_05,pen_sv_06,pen_sv_07,pen_sv_08,pen_sv_09
0,10001,17,9,253,10,0,8.307334899902344,1.2660142183303833,0.8713797926902771,0.7195242047309875,0.6257635951042175,0.577112078666687,0.5242094397544861,0.5111970901489258,0.48671650886535645,0.46989238262176514,0.4635449945926666,0.4503888189792633,0.4398900270462036,0.4239625632762909,0.4105740487575531,0.39857447147369385,0.35262924432754517,6.091892719268799,0.8819538354873657,0.6520527601242065,0.539936363697052,0.48956504464149475,0.4766186475753784,0.4522850811481476,0.4346562623977661,0.38948607444763184
0,10001,17,9,253,10,1,4.680164337158203,1.8408724069595337,1.157233715057373,0.8289239406585693,0.6788521409034729,0.5686030983924866,0.4926312267780304,0.4499233663082123,0.4290100932121277,0.4086853563785553,0.3895946741104126,0.3661775290966034,0.3566640317440033,0.3421000838279724,0.32351091504096985,0.3104177713394165,0.3030955195426941,3.620748996734619,1.1130870580673218,0.7198746800422668,0.5130201578140259,0.42987167835235596,0.39401155710220337,0.36637553572654724,0.35895225405693054,0.3282642066478729
5000,15001,17,9,250,15,0,624.8341674804688,66.86009979248047,39.743709564208984,26.536705017089844,17.733675003051758,13.404912948608398,10.681753158569336,10.304681777954102,8.778128623962402,7.242990016937256,6.541332244873047,6.248385429382324,5.788859844207764,5.570274829864502,5.161968231201172,4.523928642272949,3.965519905090332,456.6440124511719,40.317081451416016,19.16211700439453,12.382195472717285,9.392005920410156,7.204165935516357,6.06063985824585,5.849109649658203,5.44835090637207
5000,15001,17,9,250,15,1,623.2866821289062,66.8228759765625,39.6372184753418,26.505441665649414,17.50780487060547,13.163955688476562,10.703801155090332,10.32933235168457,8.818025588989258,7.459694862365723,6.798789024353027,6.308393955230713,5.743710517883301,5.597433090209961,5.230053901672363,4.533918857574463,4.266178607940674,455.6501770019531,40.26937484741211,19.108505249023438,12.394732475280762,9.339871406555176,7.359121799468994,6.022416591644287,5.766507625579834,5.452630519866943
10000,20001,17,9,251,20,0,1074.4385986328125,77.432861328125,31.63068389892578,18.34149932861328,10.407876968383789,7.770491123199463,5.821538925170898,4.931940078735352,4.587435245513916,4.467733383178711,4.0433502197265625,3.910844326019287,3.7570297718048096,3.404313325881958,3.033947229385376,2.9043359756469727,2.3987338542938232,777.200927734375,36.2966423034668,12.547801971435547,6.853193759918213,4.626214504241943,4.020745277404785,3.6866908073425293,3.5823285579681396,2.7733752727508545
10000,20001,17,9,251,20,1,1077.1885986328125,77.22954559326172,31.45453643798828,18.461990356445312,10.49348258972168,7.472970008850098,5.672724723815918,4.88962459564209,4.801313400268555,4.426429748535156,4.15533447265625,3.988614559173584,3.3851706981658936,3.21317720413208,3.0194382667541504,2.9629180431365967,2.3731188774108887,779.1701049804688,35.99376678466797,12.539861679077148,6.759554386138916,4.637598514556885,4.0717597007751465,3.8903512954711914,3.5578956604003906,2.6430959701538086
15000,25001,17,9,252,25,0,1143.992919921875,74.07779693603516,22.91964340209961,9.684563636779785,5.365008354187012,3.1807236671447754,2.3438806533813477,1.4545255899429321,1.087536334991455,0.9967784285545349,0.930501401424408,0.8222160935401917,0.7834499478340149,0.7271013855934143,0.609775722026825,0.5956716537475586,0.49280306696891785,832.8941040039062,31.291282653808594,7.842147350311279,3.003009557723999,1.4286930561065674,0.944887638092041,0.8482653498649597,0.7365885376930237,0.6124011278152466
15000,25001,17,9,252,25,1,1143.342041015625,75.0572280883789,22.959545135498047,9.611266136169434,5.55136251449585,3.5663692951202393,2.6013877391815186,1.9192792177200317,1.4461405277252197,1.1587128639221191,0.9670559167861938,0.9147084355354309,0.9003041982650757,0.8280490636825562,0.7710977792739868,0.6733008027076721,0.5953536033630371,832.2030029296875,31.494674682617188,7.933713912963867,3.207195997238159,1.74451744556427,1.0762656927108765,0.9264780879020691,0.7951422333717346,0.6918557286262512
20000,30001,17,9,252,30,0,1410.966796875,67.73162078857422,22.491491317749023,9.764841079711914,5.561906814575195,3.147536039352417,1.9083490371704102,1.3218871355056763,1.091992974281311,0.8581526875495911,0.7476840615272522,0.6925781965255737,0.6048619747161865,0.5487319827079773,0.5176920294761658,0.4678824543952942,0.4374101459980011,1025.2833251953125,28.24498176574707,7.524962425231934,2.612582206726074,1.299229383468628,0.7433268427848816,0.6684737205505371,0.6004201173782349,0.5043972730636597
20000,30001,17,9,252,30,1,1414.193115234375,67.78499603271484,22.626590728759766,9.624678611755371,5.512489318847656,3.1620898246765137,1.9320080280303955,1.391180157661438,1.0984493494033813,0.8175072073936462,0.709710419178009,0.6713186502456665,0.6423826217651367,0.547490119934082,0.5147922039031982,0.457735151052475,0.4012179672718048,1027.5062255859375,28.386159896850586,7.4773335456848145,2.7870450019836426,1.2290197610855103,0.7666848301887512,0.6705704927444458,0.6281676292419434,0.5246981978416443
25000,35001,17,9,253,35,0,1669.7857666015625,55.248321533203125,27.59286117553711,9.386571884155273,4.640020370483398,3.123013973236084,2.003537178039551,1.2796252965927124,0.9392403960227966,0.7936292290687561,0.7146028876304626,0.6183948516845703,0.6086260080337524,0.5199852585792542,0.49854499101638794,0.4485655426979065,0.3818599283695221,1214.099609375,30.415693283081055,6.836918830871582,2.762584924697876,1.2756032943725586,0.8370012044906616,0.5709057450294495,0.5216888785362244,0.4651995003223419
25000,35001,17,9,253,35,1,1668.22509765625,55.55964660644531,27.227705001831055,9.109209060668945,4.639429092407227,3.1684279441833496,2.0026073455810547,1.3474622964859009,0.902970016002655,0.7566660642623901,0.6694292426109314,0.5916748642921448,0.5026812553405762,0.4539318084716797,0.4348306357860565,0.4070022702217102,0.3873571753501892,1212.8289794921875,30.219619750976562,7.079319953918457,2.860985279083252,1.2358201742172241,0.8063721656799316,0.5184178352355957,0.46264001727104187,0.4103289544582367
30000,40001,17,9,255,40,0,2011.7708740234375,75.06375122070312,23.59996223449707,8.345242500305176,4.7315473556518555,2.8403921127319336,2.0235562324523926,1.539350152015686,1.252476453781128,1.1271036863327026,0.8031856417655945,0.7472602128982544,0.5832748413085938,0.5768364071846008,0.47527554631233215,0.44717901945114136,0.4022977352142334,1468.805419921875,30.62251853942871,7.373329162597656,2.4915361404418945,1.4520421028137207,0.9730197787284851,0.8255175352096558,0.5272520780563354,0.43265435099601746
30000,40001,17,9,255,40,1,2010.17138671875,75.14569854736328,23.502126693725586,8.413006782531738,4.589198589324951,2.6687777042388916,1.9040287733078003,1.4355725049972534,1.2224808931350708,1.0650038719177246,0.8978444933891296,0.7429786920547485,0.5673408508300781,0.548948347568512,0.48866695165634155,0.41342368721961975,0.38181954622268677,1467.6492919921875,30.789806365966797,7.3087158203125,2.294908046722412,1.3638553619384766,0.9919189214706421,0.8371622562408447,0.5170718431472778,0.4894704818725586
35000,45001,17,9,251,45,0,2015.359130859375,99.16082000732422,27.37139320373535,10.60250186920166,4.74526834487915,3.1366848945617676,2.1546683311462402,1.485701322555542,1.0569008588790894,1.0060621500015259,0.8823216557502747,0.8513420224189758,0.7461840510368347,0.6306812763214111,0.5972570180892944,0.535493791103363,0.5225532650947571,1459.2376708984375,38.12187194824219,9.32752799987793,2.7880890369415283,1.405418872833252,0.9324312806129456,0.7650001645088196,0.6133522391319275,0.5712964534759521
35000,45001,17,9,251,45,1,2014.651123046875,98.7258529663086,27.5673885345459,10.68734073638916,4.759782314300537,3.092061758041382,2.1090493202209473,1.44194757938385,1.0269092321395874,0.9068453907966614,0.8657129406929016,0.8062668442726135,0.6871967315673828,0.6235268115997314,0.5559659004211426,0.5457262992858887,0.47236180305480957,1458.7874755859375,38.345970153808594,9.268386840820312,2.580190658569336,1.2211463451385498,0.8729876279830933,0.719831109046936,0.5861438512802124,0.5271414518356323
40000,50001,17,9,251,50,0,2289.391357421875,83.74995422363281,35.27845001220703,12.287445068359375,5.764500617980957,3.7870779037475586,2.1501784324645996,1.8642936944961548,1.5212031602859497,1.359663486480713,1.1533392667770386,1.0299376249313354,0.9318968653678894,0.8610258102416992,0.8054429888725281,0.7270793318748474,0.6049937605857849,1670.598876953125,32.65059280395508,9.53415298461914,2.7014474868774414,1.8052937984466553,1.3081146478652954,1.025200605392456,0.7823675274848938,0.7101565599441528
40000,50001,17,9,251,50,1,2289.659912109375,83.83328247070312,35.25901412963867,12.396600723266602,5.625760078430176,3.857365131378174,2.2629621028900146,1.8571370840072632,1.4948627948760986,1.4119935035705566,1.218917727470398,1.0391974449157715,0.8967477083206177,0.8203160762786865,0.7498244643211365,0.6791880130767822,0.5401005148887634,1670.737060546875,32.70913314819336,9.547904968261719,2.585989236831665,1.9193637371063232,1.4141204357147217,0.8942384123802185,0.8182851672172546,0.640357494354248
45000,55001,17,9,253,55,0,2401.826171875,121.15748596191406,54.662879943847656,15.292319297790527,7.620906352996826,4.788832664489746,2.6310782432556152,1.78256094455719,1.2156827449798584,1.1618974208831787,0.9305383563041687,0.857062041759491,0.7521327137947083,0.6510169506072998,0.6027002334594727,0.5638207793235779,0.47987985610961914,1740.2335205078125,61.64150619506836,14.031553268432617,3.9221572875976562,1.8298346996307373,1.0728613138198853,0.9253909587860107,0.8001616597175598,0.6131700277328491
45000,55001,17,9,253,55,1,2399.525390625,121.3216552734375,54.52637481689453,15.489729881286621,7.542794704437256,4.7199249267578125,2.5268325805664062,1.9055017232894897,1.307795524597168,1.2058916091918945,0.9802458882331848,0.8308517932891846,0.813075840473175,0.6551060080528259,0.6433266401290894,0.5802001357078552,0.5098046660423279,1738.76708984375,61.7288703918457,14.031322479248047,3.9328458309173584,1.8298488855361938,1.136385202407837,0.9661877751350403,0.8533391356468201,0.6006619334220886
50000,60001,17,9,248,60,0,2447.3251953125,107.72057342529297,47.71854019165039,19.583295822143555,10.156074523925781,5.0525431632995605,2.721757411956787,1.8263932466506958,1.1555744409561157,0.866703987121582,0.8391234278678894,0.7924506068229675,0.6883234977722168,0.6511886715888977,0.5806758403778076,0.5513943433761597,0.49175167083740234,1782.2047119140625,45.94135284423828,17.578723907470703,4.585283279418945,1.7922563552856445,0.846888542175293,0.7079208493232727,0.6330999732017517,0.6071977019309998
50000,60001,17,9,248,60,1,2448.263427734375,107.77992248535156,47.39389419555664,19.378925323486328,9.970243453979492,5.012997627258301,2.9337427616119385,1.7797635793685913,1.1557776927947998,0.9344905018806458,0.8053371906280518,0.6759134531021118,0.6395364999771118,0.601187527179718,0.551295280456543,0.48287370800971985,0.3927803635597229,1783.1134033203125,45.92625045776367,17.17061996459961,4.5914435386657715,1.7739360332489014,0.9193777441978455,0.6637773513793945,0.5661830902099609,0.5374106764793396
55000,65001,17,9,249,64,0,2525.7021484375,122.37254333496094,61.555233001708984,23.667604446411133,12.875639915466309,5.25333833694458,3.244290590286255,1.979016661643982,1.5682704448699951,1.2270793914794922,1.1251100301742554,0.9020666480064392,0.7565168142318726,0.6688693761825562,0.6020131707191467,0.5734859108924866,0.5040892958641052,1833.1328125,57.566917419433594,20.140640258789062,5.261568069458008,2.310645580291748,1.1421494483947754,0.9695224761962891,0.6788436770439148,0.6232455372810364
55000,65001,17,9,249,64,1,2526.575439453125,122.08549499511719,62.05499267578125,24.141897201538086,13.029457092285156,5.401020050048828,3.2078332901000977,1.968335509300232,1.5335429906845093,1.207718014717102,1.0800882577896118,0.8797337412834167,0.6921209692955017,0.6173934936523438,0.5756489634513855,0.5127378702163696,0.4975653290748596,1833.8167724609375,57.93709182739258,20.280847549438477,5.331274032592773,2.3378639221191406,1.0488252639770508,1.0302789211273193,0.7204598188400269,0.5740772485733032
60000,70001,17,9,255,68,0,2722.114990234375,172.26470947265625,74.84654998779297,30.16697120666504,16.518556594848633,6.469046592712402,3.8084206581115723,2.3538100719451904,1.509277105331421,1.078142762184143,1.0068144798278809,0.8979020714759827,0.7823997139930725,0.7458348870277405,0.678647518157959,0.6022037863731384,0.5789901614189148,1984.575439453125,83.50369262695312,23.134695053100586,7.380366325378418,2.657432794570923,1.20600426197052,0.8425630331039429,0.6913138031959534,0.6514226198196411
60000,70001,17,9,255,68,1,2718.34033203125,172.2891845703125,74.91064453125,29.678937911987305,16.454233169555664,6.514303207397461,3.6419224739074707,2.370931386947632,1.4907361268997192,1.1465550661087036,0.9405690431594849,0.7928818464279175,0.7025658488273621,0.6784002184867859,0.6011564135551453,0.5671495795249939,0.5207542777061462,1981.7896728515625,83.26449584960938,23.08625602722168,7.367353439331055,2.5353102684020996,1.3221521377563477,0.810929000377655,0.6840203404426575,0.5843973755836487
65000,75001,17,9,250,75,0,2839.708984375,194.064453125,81.99629211425781,31.1675968170166,15.86070442199707,6.766050815582275,3.807746171951294,2.512174129486084,1.7155556678771973,1.311740756034851,1.1781646013259888,1.0654693841934204,0.9036676287651062,0.8734123706817627,0.755577802658081,0.710890531539917,0.6444754004478455,2073.12841796875,89.29621124267578,23.4737548828125,6.6605658531188965,2.6930434703826904,1.2484859228134155,1.0662208795547485,0.8740975260734558,0.808465301990509
65000,75001,17,9,250,75,1,2834.880859375,194.47506713867188,81.57666015625,30.827783584594727,15.790766716003418,6.647759914398193,3.6224350929260254,2.451371192932129,1.654900312423706,1.25991690158844,1.034983515739441,0.7870603799819946,0.7639421820640564,0.721487283706665,0.6987631916999817,0.6329354643821716,0.5415505170822144,2069.540771484375,88.96210479736328,23.23439598083496,6.436722755432129,2.6671342849731445,1.1686636209487915,0.7607529163360596,0.7259049415588379,0.6937589049339294
70000,80001,17,9,253,77,0,2878.863525390625,179.79713439941406,95.98040008544922,35.06461715698242,17.337316513061523,7.905655860900879,3.4377689361572266,2.245264768600464,1.3577709197998047,1.1847094297409058,0.8956676721572876,0.8576593995094299,0.7644814252853394,0.6981739401817322,0.6624236702919006,0.5984113216400146,0.5529993772506714,2102.458984375,91.28668212890625,25.358285903930664,7.0860724449157715,2.4963536262512207,1.1613566875457764,0.8651939630508423,0.7437320947647095,0.6407524943351746
70000,80001,17,9,253,77,1,2877.24609375,180.73133850097656,95.96308898925781,35.24226760864258,17.630029678344727,7.8301615715026855,3.5571093559265137,2.310978412628174,1.2977869510650635,1.2801562547683716,0.8571192622184753,0.829349160194397,0.7946505546569824,0.6736969947814941,0.6309022903442383,0.5410259366035461,0.5297234058380127,2101.274169921875,91.51417541503906,25.472740173339844,7.017423152923584,2.6094212532043457,1.1974194049835205,0.8162351250648499,0.6631810069084167,0.6574670076370239
75000,85001,17,9,254,80,0,2950.20361328125,186.394775390625,83.32848358154297,32.57263946533203,17.213529586791992,6.910750389099121,3.6708574295043945,2.3752660751342773,1.5019296407699585,1.119200348854065,0.9414148330688477,0.8547810912132263,0.8026131987571716,0.7190607786178589,0.6610793471336365,0.6305202841758728,0.5851244926452637,2153.6220703125,91.75303649902344,23.55722999572754,6.922262668609619,2.5413084030151367,1.2040009498596191,0.8976615071296692,0.8070538640022278,0.608887255191803
75000,85001,17,9,254,80,1,2951.726806640625,186.12838745117188,83.39775848388672,32.255615234375,17.278202056884766,6.8488383293151855,3.7633543014526367,2.3889760971069336,1.6666325330734253,1.1810004711151123,1.1244248151779175,0.9227126836776733,0.8968186378479004,0.8169324994087219,0.7346326112747192,0.7271832227706909,0.6147041320800781,2154.517333984375,91.77857971191406,23.649566650390625,6.808210849761963,2.581453800201416,1.1679439544677734,0.9990700483322144,0.8335129022598267,0.7186673283576965
80000,90001,17,9,249,86,0,2986.39697265625,218.40658569335938,88.84611511230469,35.1279411315918,16.70860481262207,7.5771002769470215,3.586496114730835,2.012111186981201,1.552424669265747,1.0899834632873535,0.8723042011260986,0.7532505393028259,0.7236652374267578,0.6575944423675537,0.6045265793800354,0.5434275269508362,0.5007752180099487,2180.3623046875,98.71148681640625,27.219282150268555,7.273402690887451,2.3633434772491455,1.230471134185791,0.7584630846977234,0.6210535168647766,0.560798168182373
80000,90001,17,9,249,86,1,2986.163330078125,218.47511291503906,88.88410949707031,35.073577880859375,16.731998443603516,7.611235618591309,3.702460289001465,2.013084650039673,1.4037209749221802,1.208359956741333,0.8717139363288879,0.7049219608306885,0.6626352667808533,0.5880606770515442,0.5804439783096313,0.524549663066864,0.46807798743247986,2180.213134765625,98.7561264038086,27.21297836303711,7.306276321411133,2.3432397842407227,1.1984347105026245,0.7442047595977783,0.6017851829528809,0.5692002177238464
85000,95001,17,9,255,90,0,3134.109130859375,167.84434509277344,94.90249633789062,35.41717529296875,17.4703426361084,6.684793472290039,4.0217671394348145,2.1752822399139404,1.6308770179748535,1.1822069883346558,1.0996692180633545,1.0093424320220947,0.8742703199386597,0.8214347958564758,0.7418383955955505,0.6543819308280945,0.573055624961853,2284.15380859375,89.40619659423828,29.253660202026367,6.966233730316162,2.423258066177368,1.0954766273498535,1.0512044429779053,0.8280381560325623,0.710540235042572
85000,95001,17,9,255,90,1,3135.5498046875,166.9467010498047,94.32784271240234,35.40233612060547,17.34687614440918,6.71206521987915,3.9263529777526855,2.1663198471069336,1.4944225549697876,1.060241460800171,1.0344736576080322,0.9367903470993042,0.7888598442077637,0.6888673901557922,0.6401749849319458,0.62188720703125,0.4899830222129822,2285.201416015625,88.71798706054688,29.134342193603516,6.874908924102783,2.3848838806152344,1.0559896230697632,0.9363157749176025,0.7199556231498718,0.6588003039360046
90000,100001,17,9,249,92,0,3200.30078125,185.04705810546875,80.53009796142578,31.601970672607422,14.666383743286133,5.469003200531006,3.784095048904419,2.1346890926361084,1.2607194185256958,1.1267646551132202,1.0638066530227661,0.9241488575935364,0.794650137424469,0.7531481981277466,0.7044913172721863,0.6045763492584229,0.5448905229568481,2327.435791015625,94.8702163696289,24.537023544311523,5.838891506195068,2.04978084564209,1.0869897603988647,0.9655939936637878,0.8118472099304199,0.6947980523109436
90000,100001,17,9,249,92,1,3199.07861328125,185.41000366210938,80.44216918945312,31.793432235717773,14.859445571899414,5.7968597412109375,3.762213706970215,2.040095090866089,1.380305528640747,1.1193886995315552,1.0598169565200806,0.8839966058731079,0.7890045046806335,0.7012017965316772,0.6887555718421936,0.6148143410682678,0.5224658250808716,2326.65625,94.99281311035156,24.620290756225586,5.987220287322998,2.0662827491760254,1.0967659950256348,0.8885147571563721,0.7782948613166809,0.6866266131401062
95000,105001,17,9,249,94,0,3335.055419921875,172.0686798095703,78.99359893798828,29.232519149780273,14.123624801635742,7.793339252471924,5.020912170410156,2.7303242683410645,1.9676058292388916,1.5931658744812012,1.2451719045639038,1.149987816810608,1.0986648797988892,1.026573657989502,0.9065916538238525,0.8552504181861877,0.783626139163971,2434.449951171875,88.67438507080078,25.5250186920166,7.031793594360352,2.6116929054260254,1.5609575510025024,1.1313903331756592,1.068488597869873,0.9370692372322083
95000,105001,17,9,249,94,1,3330.98388671875,171.19512939453125,78.66100311279297,29.10790252685547,13.894643783569336,7.530781269073486,4.87432336807251,2.6528537273406982,1.9204273223876953,1.4409185647964478,1.186234951019287,1.1107444763183594,1.0528122186660767,0.9022340774536133,0.8615480065345764,0.8442826867103577,0.7623615860939026,2431.36962890625,88.20549774169922,25.406343460083008,6.8130364418029785,2.575453042984009,1.3752785921096802,1.0944554805755615,0.9740039110183716,0.8784931302070618
100000,110001,17,9,251,98,0,3382.25537109375,168.102783203125,77.99205780029297,35.59030532836914,13.271012306213379,6.41266393661499,3.182807683944702,2.2351391315460205,1.4841653108596802,0.9557726979255676,0.9027698636054993,0.7904765605926514,0.7738070487976074,0.7005273103713989,0.6157726645469666,0.5232080221176147,0.49228551983833313,2462.200439453125,83.64655303955078,23.961345672607422,5.958488941192627,2.189000368118286,0.960306704044342,0.8662935495376587,0.6709632277488708,0.6237400770187378
100000,110001,17,9,251,98,1,3381.69921875,168.31976318359375,77.82381439208984,35.54071044921875,13.201797485351562,6.405363082885742,3.1894025802612305,2.203392505645752,1.4850856065750122,0.9568310379981995,0.8899598717689514,0.7983332276344299,0.7877222299575806,0.6779835820198059,0.6387896537780762,0.5486962199211121,0.4991679787635803,2461.899169921875,83.57815551757812,24.024904251098633,5.834476470947266,2.2473859786987305,0.9818830490112305,0.850416898727417,0.6511209011077881,0.5727067589759827
105000,115001,17,9,251,101,0,3423.994873046875,174.63150024414062,82.14111328125,27.846385955810547,16.136756896972656,6.1256561279296875,4.000328540802002,1.996204137802124,1.5871981382369995,1.0374181270599365,0.7568814158439636,0.6823612451553345,0.6376662254333496,0.5515598058700562,0.5240810513496399,0.4579746425151825,0.4221189022064209,2496.279296875,100.98371887207031,23.93410301208496,6.032530307769775,2.2194347381591797,1.0468730926513672,0.6906420588493347,0.6254810094833374,0.5496723651885986
105000,115001,17,9,251,101,1,3424.65966796875,173.908203125,81.3471450805664,27.293659210205078,16.206724166870117,6.001806259155273,3.9255757331848145,2.0290350914001465,1.5617595911026,0.9814532399177551,0.8072270154953003,0.7046186923980713,0.6461862325668335,0.6120805740356445,0.5686953663825989,0.488661527633667,0.4692888557910919,2496.781005859375,100.30545806884766,23.478105545043945,5.9300947189331055,2.2681474685668945,1.003937005996704,0.7152684330940247,0.6226111054420471,0.5998163223266602
110000,120001,17,9,251,107,0,3589.313232421875,185.40078735351562,79.7718734741211,34.65494155883789,16.07984733581543,7.434848308563232,3.3820228576660156,2.0206315517425537,1.3974579572677612,1.1895021200180054,1.0764679908752441,0.9285000562667847,0.6948297619819641,0.6097056269645691,0.5788757801055908,0.5307494401931763,0.5012403726577759,2611.873291015625,79.61578369140625,25.544696807861328,7.389139652252197,2.412480592727661,1.188707947731018,0.8776853680610657,0.6891980767250061,0.5861656069755554
110000,120001,17,9,251,107,1,3586.257568359375,184.51007080078125,79.08121490478516,34.47376251220703,16.07254409790039,7.4474287033081055,3.248213052749634,2.0918986797332764,1.4194804430007935,1.0779746770858765,0.9489144682884216,0.8684902191162109,0.7265278100967407,0.594197690486908,0.5820375084877014,0.5343877077102661,0.519238293170929,2609.554931640625,79.06732940673828,25.44695472717285,7.269570827484131,2.426147937774658,1.134475827217102,0.8224067091941833,0.6652992963790894,0.5869869589805603
115000,125001,17,9,254,113,0,3635.6572265625,206.13873291015625,86.69539642333984,32.25859069824219,15.79512882232666,6.376479625701904,3.4762532711029053,2.1361684799194336,1.5505850315093994,1.0765429735183716,0.826599657535553,0.6652846336364746,0.6313961744308472,0.5275847315788269,0.5021036267280579,0.48395201563835144,0.46775346994400024,2648.322509765625,94.75282287597656,27.401866912841797,6.7790679931640625,2.344696283340454,1.2676233053207397,0.7301374673843384,0.5167597532272339,0.48581185936927795
115000,125001,17,9,254,113,1,3632.626953125,206.42648315429688,86.33262634277344,32.102596282958984,15.676572799682617,6.30560827255249,3.3409199714660645,2.099688768386841,1.488349199295044,1.125279426574707,0.8025211691856384,0.7443395256996155,0.6982035040855408,0.6304035782814026,0.5480309128761292,0.5261435508728027,0.4766944646835327,2646.21044921875,95.04541015625,27.237083435058594,6.481185436248779,2.2867231369018555,1.2256152629852295,0.7154357433319092,0.6124793291091919,0.5843222737312317
120000,130001,17,9,252,108,0,3667.59326171875,171.5597686767578,84.43305969238281,30.504310607910156,14.505880355834961,6.966860771179199,3.839179754257202,2.2703328132629395,1.556196928024292,1.1638466119766235,0.9030970335006714,0.6992586851119995,0.647911548614502,0.6285256147384644,0.6028837561607361,0.5405617952346802,0.4772062599658966,2659.831787109375,88.60857391357422,24.028018951416016,6.553407192230225,2.4617908000946045,1.2894275188446045,0.7056592106819153,0.6389877796173096,0.6002873778343201
120000,130001,17,9,252,108,1,3666.619873046875,171.12977600097656,84.9289321899414,30.75945281982422,14.392339706420898,6.843324184417725,3.7701849937438965,2.27803373336792,1.4362083673477173,1.0107855796813965,0.8745883703231812,0.7433926463127136,0.7069674134254456,0.5916491150856018,0.5416885614395142,0.4948829710483551,0.4676338732242584,2659.08837890625,88.57064819335938,24.2607421875,6.53582239151001,2.3233752250671387,1.2182488441467285,0.7223941683769226,0.6299106478691101,0.5489789843559265
125000,135001,17,9,256,109,0,3826.7939453125,176.5841827392578,78.76419067382812,31.418214797973633,13.473146438598633,6.819817543029785,3.4493610858917236,2.0957038402557373,1.4599090814590454,0.8877873420715332,0.8024067282676697,0.6995667219161987,0.6260388493537903,0.5271544456481934,0.495858758687973,0.43614229559898376,0.42306414246559143,2789.751708984375,90.83615112304688,25.163463592529297,6.32626485824585,2.0772600173950195,0.9360122084617615,0.7222425937652588,0.5464545488357544,0.5029603838920593
125000,135001,17,9,256,109,1,3825.675048828125,176.5503692626953,78.51229858398438,31.43681526184082,13.362728118896484,6.738273620605469,3.4003102779388428,2.1384811401367188,1.4741816520690918,0.9701120853424072,0.8495975136756897,0.7405880689620972,0.6182632446289062,0.5185792446136475,0.5041317939758301,0.4685959815979004,0.45774269104003906,2788.82568359375,90.61638641357422,25.106184005737305,6.349056720733643,1.9849516153335571,1.0734672546386719,0.7095547914505005,0.5804304480552673,0.5300465822219849
130000,140001,17,9,252,122,0,3828.644775390625,195.03900146484375,83.58045196533203,32.31161117553711,17.263891220092773,8.02278995513916,3.749506950378418,2.1741416454315186,1.524247169494629,1.19209623336792,1.1323603391647339,0.8379094004631042,0.7888454794883728,0.738529622554779,0.6618672609329224,0.6143101453781128,0.5824728012084961,2790.77001953125,93.71044921875,25.34539794921875,7.387465953826904,2.458444595336914,1.1902769804000854,1.0339601039886475,0.6900767087936401,0.6146052479743958
130000,140001,17,9,252,122,1,3825.84326171875,194.98280334472656,83.79938507080078,32.477657318115234,17.556840896606445,7.994218349456787,3.6839599609375,2.204429864883423,1.439906358718872,1.1106178760528564,1.0466456413269043,0.8598145246505737,0.7529128789901733,0.697105884552002,0.6713307499885559,0.6152285933494568,0.5603457689285278,2788.44287109375,94.16881561279297,25.35951042175293,7.334178447723389,2.4269559383392334,1.121880292892456,0.9168221950531006,0.6701803207397461,0.6115921139717102
135000,145001,17,9,255,120,0,3900.97998046875,209.60220336914062,83.73500061035156,33.4324951171875,16.12409210205078,7.245493412017822,4.095457553863525,2.4650001525878906,1.5769939422607422,1.1789153814315796,1.014658808708191,0.8486377596855164,0.7816007137298584,0.7291718125343323,0.6811949610710144,0.5777704119682312,0.5279789566993713,2833.06298828125,99.55321502685547,26.809045791625977,7.5870184898376465,2.6519734859466553,1.2071616649627686,0.9824148416519165,0.7204223275184631,0.6231412291526794
135000,145001,17,9,255,120,1,3899.871826171875,209.63418579101562,83.65081787109375,33.67144775390625,15.889427185058594,7.045838832855225,3.8535146713256836,2.4062252044677734,1.5076749324798584,1.143483281135559,1.0341111421585083,0.8220268487930298,0.7834740281105042,0.6995629668235779,0.6434297561645508,0.6065713763237,0.5615586042404175,2832.532958984375,99.52782440185547,26.815025329589844,7.413693904876709,2.489882230758667,1.1627312898635864,0.9464271664619446,0.7005102634429932,0.630442202091217
140000,150001,17,9,253,118,0,4014.956298828125,203.5444793701172,86.31101989746094,32.63406753540039,17.326698303222656,7.074354648590088,3.9943268299102783,2.1176717281341553,1.4433917999267578,1.1139034032821655,0.9278069138526917,0.8189436197280884,0.7752704620361328,0.747157096862793,0.669441819190979,0.5789997577667236,0.5692193508148193,2919.52001953125,88.23785400390625,27.713531494140625,6.991244316101074,2.365065813064575,1.3021166324615479,0.8495807647705078,0.7465831637382507,0.6119187474250793
140000,150001,17,9,253,118,1,4011.994873046875,203.32904052734375,86.12764739990234,32.5427131652832,17.400163650512695,7.0255446434021,4.017192363739014,2.2586097717285156,1.4457098245620728,1.0939408540725708,0.955454409122467,0.8881919980049133,0.8245217800140381,0.7010940909385681,0.6300053000450134,0.5808233618736267,0.5546104907989502,2917.41455078125,87.86165618896484,27.799440383911133,7.026268005371094,2.317152261734009,1.3166613578796387,0.9070718884468079,0.7585003972053528,0.6238935589790344
145000,155001,17,9,255,128,0,4115.91552734375,200.74362182617188,92.50834655761719,33.505531311035156,16.185205459594727,6.7037882804870605,3.6332223415374756,2.1011905670166016,1.2563765048980713,0.9754696488380432,0.8019962906837463,0.7576375007629395,0.6558648943901062,0.5976986289024353,0.5205961465835571,0.5080532431602478,0.44362542033195496,2982.996826171875,97.27055358886719,26.561126708984375,6.4682207107543945,2.1992599964141846,0.9684607982635498,0.6549416780471802,0.6434704661369324,0.506966233253479
145000,155001,17,9,255,128,1,4118.97802734375,200.53453063964844,92.81088256835938,33.746498107910156,16.385957717895508,6.799893856048584,3.7586143016815186,2.260232448577881,1.4119750261306763,1.0454108715057373,0.8336436748504639,0.7641077637672424,0.6448295712471008,0.6271365284919739,0.5541569590568542,0.5458642244338989,0.45925331115722656,2985.1396484375,97.2105712890625,26.49600601196289,6.801673412322998,2.300407886505127,1.0747226476669312,0.7157792448997498,0.6462775468826294,0.5052758455276489
150000,160001,17,9,253,125,0,4166.08251953125,196.7413787841797,76.20925903320312,29.111812591552734,15.205150604248047,7.6232008934021,4.0824456214904785,2.215404987335205,1.5403956174850464,1.2727067470550537,1.1828490495681763,0.8749307990074158,0.8629590272903442,0.704166054725647,0.6889699101448059,0.5774464011192322,0.5503078699111938,3035.180419921875,88.9018783569336,22.962865829467773,7.015635967254639,2.402005434036255,1.1711387634277344,1.0715848207473755,0.8228712677955627,0.641302764415741
150000,160001,17,9,253,125,1,4168.2275390625,197.5806427001953,76.35310363769531,28.988967895507812,15.191496849060059,7.542257308959961,4.01924991607666,2.228501558303833,1.5049145221710205,1.2659369707107544,1.15116548538208,0.8685342669487,0.8020755052566528,0.6550765037536621,0.6391851305961609,0.6119844317436218,0.5813508033752441,3036.83984375,89.22396850585938,22.908672332763672,6.8642988204956055,2.4396727085113525,1.1261762380599976,1.0736929178237915,0.7791401147842407,0.6232693195343018
155000,165001,17,9,255,134,0,4352.55517578125,180.94503784179688,69.77837371826172,31.503339767456055,15.562971115112305,7.238363265991211,3.7314412593841553,2.1472373008728027,1.2768629789352417,0.9139900207519531,0.8143330812454224,0.6527332663536072,0.6395778059959412,0.5673602223396301,0.5130845904350281,0.4820466637611389,0.4362465441226959,3160.388427734375,76.1929931640625,25.630992889404297,6.255436420440674,2.4400947093963623,0.9453638792037964,0.7413767576217651,0.5374754071235657,0.5011287331581116
155000,165001,17,9,255,134,1,4353.80810546875,180.90721130371094,69.97144317626953,31.202341079711914,15.61465835571289,7.233611583709717,3.706294298171997,2.182563543319702,1.2812222242355347,1.0028891563415527,0.9379544854164124,0.7562146782875061,0.682415246963501,0.6371889114379883,0.5112453103065491,0.4891641438007355,0.47352832555770874,3161.055908203125,76.13424682617188,25.514938354492188,6.306091785430908,2.3835957050323486,0.9943625926971436,0.8131435513496399,0.6324813961982727,0.5810425877571106
160000,170001,17,9,250,131,0,4352.76318359375,200.84039306640625,82.62540435791016,25.443166732788086,14.877469062805176,6.058644771575928,3.5202012062072754,2.0227854251861572,1.4341968297958374,1.0968718528747559,0.9704931378364563,0.7277284264564514,0.6447933316230774,0.6139718294143677,0.5319960713386536,0.5080874562263489,0.4986412525177002,3160.354248046875,93.70681762695312,23.487285614013672,6.0061774253845215,2.139069080352783,1.1380552053451538,0.7350350618362427,0.6032915115356445,0.5401858687400818
160000,170001,17,9,250,131,1,4353.83154296875,200.95701599121094,82.3951644897461,25.438058853149414,14.904463768005371,5.919312000274658,3.5443623065948486,1.9925050735473633,1.343754529953003,1.1365587711334229,0.911697506904602,0.715718686580658,0.643401026725769,0.5771143436431885,0.5401784181594849,0.5123902559280396,0.49643808603286743,3161.1494140625,93.63700103759766,23.434232711791992,5.951241493225098,2.1889822483062744,1.1645536422729492,0.7751747965812683,0.5933185815811157,0.5400775671005249
165000,175001,17,9,254,135,0,4478.455078125,214.77780151367188,87.57158660888672,30.93694496154785,15.982795715332031,7.497635841369629,3.9517056941986084,2.046764373779297,1.1745935678482056,0.9832914471626282,0.851770281791687,0.7782856225967407,0.6668700575828552,0.5930428504943848,0.571740448474884,0.5220164060592651,0.44940832257270813,3260.516845703125,103.60623931884766,25.400930404663086,7.566798686981201,2.216444730758667,1.0423415899276733,0.7847949266433716,0.6565462350845337,0.5147920846939087
165000,175001,17,9,254,135,1,4476.61865234375,214.11700439453125,86.92391967773438,30.77801513671875,15.727982521057129,7.3212571144104,3.718548059463501,2.065014123916626,1.339583158493042,1.0495057106018066,0.8508238792419434,0.7706038355827332,0.6884745359420776,0.5889157652854919,0.5518584251403809,0.5132898688316345,0.4650460183620453,3259.216552734375,103.23030090332031,25.15700340270996,7.205271244049072,2.2589375972747803,1.0262885093688965,0.7304096221923828,0.6528236269950867,0.5523772239685059
170000,180001,17,9,253,135,0,4553.32470703125,217.1410369873047,93.51126861572266,30.70269203186035,17.339570999145508,7.41787052154541,3.8425257205963135,2.4019227027893066,1.6406605243682861,1.3352727890014648,0.9660001397132874,0.8875080943107605,0.8628047704696655,0.7452499270439148,0.6806172132492065,0.6337814331054688,0.5917873978614807,3321.917724609375,97.59917449951172,27.39421844482422,7.418860912322998,2.705057382583618,1.2967582941055298,0.8616013526916504,0.794486403465271,0.7109198570251465
170000,180001,17,9,253,135,1,4556.75634765625,217.80026245117188,93.91487884521484,30.748279571533203,17.031896591186523,7.251254558563232,4.006041049957275,2.362708806991577,1.6984306573867798,1.2484707832336426,1.0193967819213867,0.8730759620666504,0.8100499510765076,0.7299165725708008,0.6676254868507385,0.6343242526054382,0.5653430223464966,3324.4658203125,98.112548828125,27.259798049926758,7.3863725662231445,2.6721482276916504,1.3211082220077515,0.9085875749588013,0.745493471622467,0.674866795539856
175000,185001,17,9,254,140,0,4750.41845703125,229.7019500732422,91.74852752685547,32.93915557861328,16.5074405670166,7.158230304718018,4.464399814605713,2.479381799697876,1.503413200378418,1.2666133642196655,0.9953323006629944,0.8599971532821655,0.7611563801765442,0.7094767093658447,0.6267014145851135,0.6113397479057312,0.5258592367172241,3460.779541015625,100.31451416015625,26.77593421936035,7.318309783935547,2.926697015762329,1.3001065254211426,0.8949263691902161,0.7142682671546936,0.5979700088500977
175000,185001,17,9,254,140,1,4747.29931640625,229.40328979492188,91.27005767822266,32.834651947021484,16.325944900512695,6.985226154327393,4.2779669761657715,2.61724853515625,1.4688788652420044,1.2377368211746216,0.9909313917160034,0.8218608498573303,0.7031118273735046,0.6632406711578369,0.6220237612724304,0.5468735098838806,0.5106787085533142,3458.52294921875,99.74220275878906,26.65709686279297,7.2384538650512695,2.8175039291381836,1.2096028327941895,0.8621264100074768,0.6639909744262695,0.60692298412323
180000,190001,17,9,255,138,0,4796.037109375,228.75091552734375,104.74140930175781,38.71052932739258,19.510379791259766,8.647337913513184,4.5796284675598145,2.8106894493103027,2.0293352603912354,1.5125036239624023,1.4509016275405884,1.2038565874099731,1.098651647567749,1.0066863298416138,0.9459061622619629,0.8872096538543701,0.8553540110588074,3501.86083984375,110.10027313232422,33.49901580810547,7.898460865020752,2.9427170753479004,1.5341112613677979,1.3804707527160645,1.0236057043075562,0.8840963840484619
180000,190001,17,9,255,138,1,4793.64453125,227.22315979003906,103.83650970458984,38.77933120727539,19.361753463745117,8.806938171386719,4.4752607345581055,2.611663341522217,1.944457769393921,1.3620719909667969,1.3501111268997192,1.118964433670044,0.9659902453422546,0.9348850250244141,0.8778461813926697,0.839501142501831,0.7732849717140198,3500.03662109375,109.40868377685547,33.33146286010742,8.033085823059082,2.7725400924682617,1.4664262533187866,1.243773102760315,0.9610907435417175,0.8560631275177002
185000,195001,17,9,251,146,0,4856.404296875,215.11859130859375,91.69335174560547,34.86793518066406,16.217309951782227,7.0027594566345215,3.5751535892486572,2.000641107559204,1.472186803817749,1.1237033605575562,0.9211134910583496,0.7095943689346313,0.6829588413238525,0.6332657337188721,0.6093730926513672,0.5780682563781738,0.5019846558570862,3541.139892578125,101.25493621826172,29.29648208618164,6.986457347869873,2.4203507900238037,1.1591752767562866,0.9170168042182922,0.6273536086082458,0.57143235206604
185000,195001,17,9,251,146,1,4856.49169921875,215.06565856933594,91.84142303466797,34.82366943359375,16.25237464904785,7.1909942626953125,3.4602949619293213,2.0072238445281982,1.4723875522613525,1.0676347017288208,0.8718182444572449,0.7044347524642944,0.6712709665298462,0.6254321336746216,0.5780607461929321,0.561156153678894,0.5256202220916748,3541.265380859375,101.33385467529297,29.29707145690918,6.983417987823486,2.4557559490203857,1.1379996538162231,0.7851701974868774,0.6370313763618469,0.5723963379859924
190000,200001,17,9,253,141,0,4980.5380859375,222.04185485839844,98.26647186279297,36.47157669067383,18.128284454345703,7.20125150680542,3.766937017440796,2.389460325241089,1.66453218460083,1.189819097518921,0.9919738173484802,0.8255590796470642,0.7628751397132874,0.6985721588134766,0.6866593360900879,0.6383792757987976,0.5879166126251221,3635.3193359375,104.99761199951172,30.155609130859375,7.180051803588867,2.2134740352630615,1.2477788925170898,0.8144281506538391,0.7221049666404724,0.6290481686592102
190000,200001,17,9,253,141,1,4978.2255859375,221.95404052734375,98.21121978759766,36.33201599121094,18.21108627319336,7.215622901916504,3.786151647567749,2.32021164894104,1.7450190782546997,1.1500966548919678,1.005932092666626,0.8804525136947632,0.8043273091316223,0.7442755699157715,0.7326650023460388,0.6807770133018494,0.6123111844062805,3633.51416015625,105.0796127319336,30.004398345947266,7.179615020751953,2.3561859130859375,1.2202057838439941,0.865437388420105,0.761489987373352,0.7182735800743103
195000,205001,17,9,253,153,0,5062.6240234375,249.46499633789062,94.38333129882812,36.435157775878906,18.002857208251953,7.653465747833252,3.8750650882720947,2.0926170349121094,1.602154016494751,1.1650636196136475,0.9881004095077515,0.8703569173812866,0.8114778995513916,0.6940293312072754,0.655563473701477,0.5965010523796082,0.555609941482544,3697.47119140625,109.01643371582031,27.33008575439453,7.805845737457275,2.4403634071350098,1.1084457635879517,0.9072625041007996,0.7227197289466858,0.6735614538192749
195000,205001,17,9,253,153,1,5060.203125,249.45506286621094,94.6167221069336,35.864585876464844,17.695802688598633,7.599543571472168,3.8602044582366943,2.2445859909057617,1.476699948310852,1.144075632095337,0.9794966578483582,0.815882682800293,0.7018081545829773,0.6578014492988586,0.6220023036003113,0.5892035961151123,0.5158867835998535,3695.524658203125,109.01861572265625,27.282123565673828,7.616826057434082,2.521744966506958,1.0929821729660034,0.7983070015907288,0.6380677819252014,0.606356680393219
200000,210001,17,9,252,140,0,5260.09326171875,222.03099060058594,99.06686401367188,31.062255859375,16.730018615722656,7.878569602966309,4.664493560791016,2.480893850326538,1.7573002576828003,1.2929952144622803,1.0032508373260498,0.9618188738822937,0.805029034614563,0.6837881803512573,0.6546721458435059,0.6448451280593872,0.5404224395751953,3836.42236328125,105.03385162353516,26.594697952270508,7.984381675720215,2.6311228275299072,1.4075983762741089,0.9183661341667175,0.8108174800872803,0.6722811460494995
200000,210001,17,9,252,140,1,5257.55712890625,221.4910888671875,98.71142578125,30.935775756835938,16.325809478759766,7.722116947174072,4.359671115875244,2.415682792663574,1.6345294713974,1.163111686706543,0.9091522097587585,0.8175658583641052,0.7554320096969604,0.6756412982940674,0.6191436648368835,0.5809630155563354,0.5175971388816833,3834.65771484375,104.30229187011719,26.280683517456055,7.878215789794922,2.5131402015686035,1.2306632995605469,0.8918981552124023,0.675098717212677,0.6359029412269592
205000,215001,17,9,252,156,0,5400.88037109375,234.21401977539062,88.1225814819336,37.94513702392578,16.331491470336914,7.650243759155273,4.060698986053467,2.3473496437072754,1.7027608156204224,1.2610304355621338,1.1583995819091797,1.026625156402588,0.9165521264076233,0.820225179195404,0.7852823734283447,0.7184116244316101,0.6943203210830688,3921.53076171875,106.43639373779297,28.25497055053711,7.540738582611084,2.861558675765991,1.2660434246063232,1.0399268865585327,0.9598053693771362,0.8046236038208008
205000,215001,17,9,252,156,1,5404.4072265625,233.676025390625,88.1603775024414,37.64236068725586,15.975790023803711,7.443678379058838,3.961902618408203,2.5136897563934326,1.5496635437011719,1.2626549005508423,1.036326289176941,0.9470077753067017,0.9243180155754089,0.8254954814910889,0.7379359602928162,0.7075688242912292,0.6647735238075256,3924.3291015625,106.02801513671875,27.996076583862305,7.326159477233887,2.8175806999206543,1.216415524482727,0.9849996566772461,0.9009867310523987,0.7745128273963928
210000,220001,17,9,249,152,0,5437.833984375,226.0999755859375,91.96101379394531,33.80934524536133,16.497161865234375,8.001565933227539,4.427870273590088,2.6042075157165527,2.349900722503662,1.6421527862548828,1.587100625038147,1.361092209815979,1.2702505588531494,1.1447237730026245,1.0785069465637207,1.0437889099121094,0.89190673828125,3954.631591796875,102.8694076538086,27.50452995300293,7.676661491394043,3.0377471446990967,1.6232712268829346,1.4119712114334106,1.1561450958251953,1.0684787034988403
210000,220001,17,9,249,152,1,5436.4365234375,226.2587890625,91.95484924316406,34.06715774536133,16.435813903808594,7.704386234283447,4.435534477233887,2.444894313812256,2.0977847576141357,1.5542768239974976,1.4914603233337402,1.2340049743652344,1.1899725198745728,1.0515124797821045,1.0262908935546875,0.9555191397666931,0.7770134806632996,3953.723388671875,102.44247436523438,27.51778793334961,7.649699687957764,2.890429973602295,1.4633841514587402,1.4026732444763184,1.096750020980835,1.0012012720108032
215000,225001,17,9,256,155,0,5632.48681640625,233.81349182128906,101.49976348876953,35.96845245361328,18.385175704956055,7.398550510406494,3.970494508743286,2.239086627960205,1.5458076000213623,1.1767336130142212,1.0749132633209229,0.9501950740814209,0.8275348544120789,0.7955963611602783,0.7511561512947083,0.690951406955719,0.6625168323516846,4103.22412109375,106.31559753417969,28.58331298828125,7.076976776123047,2.456286668777466,1.2033041715621948,0.9001920223236084,0.823520302772522,0.6874351501464844
215000,225001,17,9,256,155,1,5629.72998046875,234.7314453125,101.65138244628906,35.97711944580078,18.107864379882812,7.323794841766357,3.9017293453216553,2.178028106689453,1.497928261756897,1.198093295097351,0.9967666864395142,0.9143672585487366,0.8621925711631775,0.7998327612876892,0.7286646962165833,0.690004289150238,0.6301871538162231,4100.82763671875,106.95765686035156,28.499120712280273,7.141265869140625,2.3931565284729004,1.2191953659057617,0.8964853882789612,0.8199729323387146,0.723220705986023
220000,230001,17,9,248,154,0,5650.49462890625,217.58929443359375,87.94254302978516,37.44956588745117,18.610750198364258,6.986955642700195,4.218404293060303,2.664830446243286,1.9661327600479126,1.5811277627944946,1.3452297449111938,1.2068160772323608,1.0049256086349487,0.9327706694602966,0.9061935544013977,0.779574453830719,0.7645045518875122,4127.64990234375,93.98107147216797,29.96753692626953,6.804047584533691,2.8428192138671875,1.348986268043518,1.3219503164291382,1.0044878721237183,0.7932825684547424
220000,230001,17,9,248,154,1,5653.17724609375,217.25668334960938,87.57636260986328,37.387718200683594,18.35576820373535,7.215417385101318,4.17125129699707,2.760362148284912,1.8653963804244995,1.3703937530517578,1.3243944644927979,1.135743260383606,0.9777241945266724,0.9463051557540894,0.8607550263404846,0.7342508435249329,0.67579585313797,4129.8603515625,93.35274505615234,29.900344848632812,6.620365619659424,3.00960636138916,1.2852853536605835,1.1259568929672241,0.9801722764968872,0.7470862865447998
225000,235001,17,9,255,161,0,5912.74755859375,227.1792755126953,104.6993637084961,38.54328918457031,18.65755844116211,7.662628650665283,4.734889030456543,3.041252851486206,2.0264785289764404,1.4670252799987793,1.26910400390625,1.1224017143249512,1.0507783889770508,1.0452295541763306,1.0100339651107788,0.7982903718948364,0.7600514888763428,4305.0654296875,104.63070678710938,32.355167388916016,7.309178829193115,2.9868762493133545,1.5076689720153809,1.2045305967330933,1.0014740228652954,0.9687737822532654
225000,235001,17,9,255,161,1,5917.900390625,225.85523986816406,104.7264633178711,38.257530212402344,18.059528350830078,7.388453960418701,4.286308288574219,2.824713706970215,1.933796763420105,1.5631115436553955,1.2786929607391357,1.1487400531768799,1.0900343656539917,1.0315742492675781,0.9454905390739441,0.8638325929641724,0.7584348917007446,4308.6044921875,104.4237289428711,32.16046142578125,7.06003999710083,2.694192409515381,1.48794686794281,1.1095104217529297,1.0237423181533813,0.9898034334182739
230000,240001,17,9,253,149,0,5914.421875,232.16436767578125,112.40254211425781,34.712059020996094,17.718013763427734,6.839726448059082,3.196835517883301,2.1708240509033203,1.543614387512207,1.1900198459625244,1.0293664932250977,0.8748828172683716,0.7999518513679504,0.7223063111305237,0.7022651433944702,0.6266283988952637,0.6058801412582397,4315.0166015625,115.46524047851562,30.24193572998047,6.9108967781066895,2.4297235012054443,1.1766523122787476,0.8531647324562073,0.7198049426078796,0.7034806609153748
230000,240001,17,9,253,149,1,5914.8818359375,231.46571350097656,112.33271789550781,35.24323272705078,18.145559310913086,7.0001606941223145,3.380413770675659,2.0531272888183594,1.5352751016616821,1.175294280052185,1.0903050899505615,0.8452660441398621,0.7968519330024719,0.7050110697746277,0.6268945336341858,0.6159752011299133,0.5704044103622437,4315.07421875,115.3095474243164,30.303709030151367,6.975657939910889,2.4021389484405518,1.1706513166427612,0.9788236618041992,0.736342191696167,0.642768383026123
235000,245001,17,9,253,161,0,6181.134765625,213.5795135498047,93.84223175048828,35.57008361816406,16.65637969970703,7.861390113830566,3.993692636489868,2.5887606143951416,1.737428903579712,1.265854001045227,1.1725964546203613,1.0680034160614014,0.9030771851539612,0.8051021099090576,0.8037071824073792,0.7036147713661194,0.6255226135253906,4499.05029296875,103.93476104736328,27.068958282470703,7.618638515472412,2.536299467086792,1.3491389751434326,1.0144654512405396,0.8618288636207581,0.793347954750061
235000,245001,17,9,253,161,1,6179.6435546875,213.60787963867188,93.25431060791016,35.082496643066406,16.45579719543457,7.996784210205078,3.689866542816162,2.667445659637451,1.750195860862732,1.3403213024139404,1.253814697265625,1.1540254354476929,0.9884239435195923,0.8781195878982544,0.7796909809112549,0.7168290019035339,0.6355395913124084,4497.89599609375,103.96981811523438,26.94573211669922,7.5543646812438965,2.6189355850219727,1.3552274703979492,1.1067910194396973,0.895880401134491,0.7095897793769836
240000,250001,17,9,248,152,0,6150.43701171875,211.6652069091797,96.80598449707031,34.83995056152344,17.697479248046875,7.775925159454346,3.912753105163574,2.3926048278808594,1.8289238214492798,1.4622693061828613,1.0469084978103638,0.94423508644104,0.8432644605636597,0.7548742890357971,0.7439162135124207,0.6438987255096436,0.6101811528205872,4466.634765625,100.31877136230469,29.302194595336914,6.990307331085205,2.4758412837982178,1.2642582654953003,0.8921404480934143,0.7937684059143066,0.6324430108070374
240000,250001,17,9,248,152,1,6151.99658203125,211.32534790039062,96.66744995117188,34.488216400146484,17.774757385253906,7.660950183868408,3.699856758117676,2.3967607021331787,1.7052175998687744,1.3336585760116577,1.128846526145935,1.0757057666778564,0.9022781252861023,0.7931565642356873,0.7161035537719727,0.6660640239715576,0.6310860514640808,4467.9736328125,100.44349670410156,29.41794204711914,6.773704528808594,2.3389360904693604,1.3313593864440918,0.9731783270835876,0.8305408358573914,0.6982458829879761
245000,255001,17,9,253,154,0,6403.01513671875,225.98190307617188,104.40272521972656,31.40557289123535,17.285137176513672,7.371535778045654,3.9163169860839844,2.1859097480773926,1.6261281967163086,1.1568008661270142,1.0498032569885254,0.9606823921203613,0.8177568316459656,0.7885798215866089,0.7373414635658264,0.6223211884498596,0.5786507725715637,4642.359375,108.10003662109375,29.96493148803711,7.257009029388428,2.648102045059204,1.2707765102386475,0.9943572878837585,0.8042696118354797,0.6690553426742554
245000,255001,17,9,253,154,1,6407.0712890625,225.92381286621094,104.20748901367188,31.383813858032227,17.026052474975586,7.301209926605225,3.8461029529571533,2.212907314300537,1.5446078777313232,1.2508467435836792,1.1044120788574219,0.9294135570526123,0.8721567392349243,0.7389026284217834,0.6672577857971191,0.6308557391166687,0.5411355495452881,4645.5146484375,107.82671356201172,29.829111099243164,7.017458438873291,2.5078179836273193,1.219277024269104,0.9262413382530212,0.7362223863601685,0.6745902895927429
250000,260001,17,9,249,157,0,6404.83935546875,238.0532989501953,92.44437408447266,34.979881286621094,17.337522506713867,8.084281921386719,3.952523708343506,2.40144944190979,1.4541099071502686,1.1142553091049194,0.9728510975837708,0.8609790802001953,0.7723474502563477,0.7023826241493225,0.6577196717262268,0.6167330145835876,0.5818123817443848,4658.3193359375,103.04595184326172,28.54818344116211,7.875767707824707,2.6195993423461914,1.2173116207122803,0.9756821990013123,0.7195029258728027,0.6669551134109497
250000,260001,17,9,249,157,1,6403.9794921875,237.3460693359375,91.72859191894531,34.38796615600586,17.43359375,8.08803939819336,4.004004001617432,2.383661985397339,1.6667819023132324,1.2241476774215698,1.0306252241134644,0.9571079611778259,0.8588067293167114,0.8291799426078796,0.7047019004821777,0.6440146565437317,0.5701219439506531,4657.923828125,102.42975616455078,28.21851348876953,7.914278984069824,2.5126683712005615,1.403032660484314,0.9783134460449219,0.8207012414932251,0.7029208540916443
255000,265001,17,9,251,153,0,6636.4912109375,241.05445861816406,98.4250259399414,35.382808685302734,16.694787979125977,7.221516132354736,4.2920427322387695,2.515960216522217,1.7814061641693115,1.2969309091567993,1.127483606338501,0.9726960062980652,0.8131236433982849,0.7409992218017578,0.7266616225242615,0.6862307190895081,0.6366500854492188,4828.80419921875,112.87435150146484,27.04498863220215,6.694281101226807,2.6685352325439453,1.3147424459457397,1.0019371509552002,0.8094501495361328,0.7306675910949707
255000,265001,17,9,251,153,1,6640.03515625,240.23313903808594,98.32459259033203,35.07271957397461,16.406166076660156,7.276636600494385,4.493436813354492,2.436408519744873,1.8109663724899292,1.3898898363113403,1.3129791021347046,1.0143475532531738,0.8770084977149963,0.8344773054122925,0.806297242641449,0.7406703233718872,0.6576332449913025,4831.64404296875,112.17857360839844,26.707542419433594,6.453535079956055,2.6073687076568604,1.3281910419464111,1.1072829961776733,0.9504392147064209,0.765977680683136
260000,270001,17,9,252,166,0,6652.8017578125,231.92596435546875,97.63002014160156,37.559715270996094,17.580942153930664,8.019147872924805,4.3672075271606445,2.3673741817474365,1.5745494365692139,1.2262418270111084,0.9455375075340271,0.8721258044242859,0.8647646307945251,0.6958743333816528,0.6819667220115662,0.5967331528663635,0.5542714595794678,4857.99072265625,103.63200378417969,30.351621627807617,7.645069599151611,3.0075085163116455,1.1142617464065552,0.914838969707489,0.6914628148078918,0.6205962300300598
260000,270001,17,9,252,166,1,6652.35986328125,231.37808227539062,97.3443832397461,37.210609436035156,16.997509002685547,8.016448974609375,4.2765655517578125,2.354349136352539,1.6171025037765503,1.1778987646102905,0.9705917835235596,0.9080185890197754,0.8266469836235046,0.775119423866272,0.7238172888755798,0.6642121076583862,0.619027316570282,4857.70654296875,103.11939239501953,30.231225967407227,7.658221244812012,2.919614553451538,1.1215271949768066,0.9473969340324402,0.751039445400238,0.706800103187561
265000,275001,17,9,251,179,0,6805.7744140625,219.76559448242188,95.7107925415039,35.414634704589844,16.10329818725586,7.948549747467041,4.296919345855713,2.444382429122925,1.733204960823059,1.4919997453689575,1.1384793519973755,1.0440436601638794,0.8933300971984863,0.8090326189994812,0.7677609920501709,0.6850734949111938,0.6311554312705994,4959.06640625,104.83699035644531,27.441879272460938,7.025944709777832,2.6112570762634277,1.3604692220687866,0.9182838201522827,0.8204598426818848,0.7007496953010559
265000,275001,17,9,251,179,1,6803.9560546875,220.42514038085938,95.78388214111328,35.31228256225586,16.202342987060547,7.868622779846191,4.154338836669922,2.362273693084717,1.7092958688735962,1.4607185125350952,1.0472389459609985,0.9759883880615234,0.8809515237808228,0.8650727272033691,0.7560302019119263,0.6674087047576904,0.6184858679771423,4957.52880859375,105.0107421875,27.115509033203125,6.887165069580078,2.70436954498291,1.334601879119873,0.9629889726638794,0.8965148329734802,0.7951186299324036
270000,280001,17,9,254,174,0,7010.20849609375,229.30087280273438,83.1476821899414,35.16535186767578,17.710596084594727,7.4467339515686035,3.746661901473999,2.138205051422119,1.5063482522964478,1.2211287021636963,1.1527262926101685,0.9953474998474121,0.9596097469329834,0.8559393286705017,0.8240609765052795,0.7862368226051331,0.7380173802375793,5089.84228515625,101.59103393554688,26.612695693969727,7.153646469116211,2.4635555744171143,1.1840362548828125,1.0980061292648315,0.8834887146949768,0.777881383895874
270000,280001,17,9,254,174,1,7010.609375,228.9944305419922,82.80767059326172,35.258018493652344,17.836225509643555,7.267880916595459,3.6510965824127197,2.024376392364502,1.618346929550171,1.3757010698318481,1.0992120504379272,0.9747766256332397,0.8836756944656372,0.8467264175415039,0.7944527268409729,0.7770968079566956,0.6653205752372742,5090.13818359375,101.38922882080078,26.616453170776367,7.0302653312683105,2.4363558292388916,1.2341516017913818,1.1420047283172607,0.85593181848526,0.6961883306503296
275000,285001,17,9,251,172,0,7012.36083984375,228.0013885498047,94.33744812011719,34.555511474609375,16.263986587524414,7.13534688949585,3.530160427093506,2.3055343627929688,1.675153136253357,1.218644618988037,1.1622766256332397,0.9984397292137146,0.9688234329223633,0.8987700939178467,0.8447210788726807,0.8201600313186646,0.7521237730979919,5100.73681640625,103.06543731689453,28.98306655883789,7.195465564727783,2.5955066680908203,1.1397805213928223,1.120374321937561,0.9059038162231445,0.8336396813392639
275000,285001,17,9,251,172,1,7012.05908203125,228.66604614257812,94.9768295288086,34.878536224365234,16.37645149230957,7.311829566955566,3.4844272136688232,2.3131330013275146,1.790193796157837,1.3742074966430664,1.2614777088165283,1.0491695404052734,1.0159947872161865,0.9198423624038696,0.8669615983963013,0.8136535286903381,0.787830650806427,5100.783203125,103.27034759521484,29.18454933166504,7.278343677520752,2.6726481914520264,1.2548798322677612,1.198868989944458,0.9416993856430054,0.8795428276062012
280000,290001,17,9,253,176,0,7152.1083984375,216.13619995117188,95.15583801269531,35.911067962646484,15.889665603637695,7.535256385803223,4.110857963562012,2.492013692855835,1.6949771642684937,1.2663817405700684,1.0990853309631348,0.9978815913200378,0.913169264793396,0.8356032967567444,0.7798311710357666,0.7361523509025574,0.674947202205658,5199.04833984375,98.69649505615234,30.25621795654297,7.401463508605957,2.384755849838257,1.3313995599746704,0.9700499773025513,0.8435778021812439,0.7143298387527466
280000,290001,17,9,253,176,1,7155.43359375,215.5391387939453,94.50375366210938,36.18842697143555,16.014265060424805,7.460236072540283,4.0256781578063965,2.2242937088012695,1.530161738395691,1.1719229221343994,1.1065046787261963,0.9803455471992493,0.8698207139968872,0.8228787183761597,0.7130956053733826,0.6658346652984619,0.5964056253433228,5201.2353515625,97.99635314941406,30.62615966796875,7.281031608581543,2.1976375579833984,1.1782909631729126,1.026623249053955,0.75461345911026,0.6490072011947632
285000,295001,17,9,249,164,0,7299.27392578125,207.58448791503906,89.66577911376953,37.18655776977539,15.96767520904541,7.088006019592285,3.72113037109375,2.1848995685577393,1.6874492168426514,1.2572375535964966,1.149992823600769,0.9529363512992859,0.894951581954956,0.7460228204727173,0.6656048893928528,0.6452570557594299,0.5952482223510742,5302.85791015625,104.38395690917969,26.951351165771484,7.032039642333984,2.289386749267578,1.1607420444488525,1.043582797050476,0.7436186075210571,0.6927191019058228
285000,295001,17,9,249,164,1,7299.98291015625,207.42135620117188,89.44021606445312,37.06319046020508,16.030838012695312,7.042712688446045,3.82914400100708,2.1752548217773438,1.6593400239944458,1.1586856842041016,1.0359418392181396,0.8271026611328125,0.811572253704071,0.7816524505615234,0.7345345616340637,0.6298060417175293,0.5786056518554688,5303.31201171875,104.40824127197266,26.788890838623047,7.149223804473877,2.3680996894836426,1.0982156991958618,0.8909255266189575,0.741741955280304,0.6166580319404602
290000,300001,17,9,252,173,0,7385.16064453125,226.3577880859375,98.7236099243164,32.608970642089844,17.323091506958008,7.870798587799072,4.037465572357178,2.7015256881713867,1.769879698753357,1.3670334815979004,1.0717185735702515,0.9748629927635193,0.8523344993591309,0.7582526206970215,0.7341023087501526,0.6929003596305847,0.6226003170013428,5381.9150390625,105.21244812011719,27.533828735351562,7.171737194061279,2.8395440578460693,1.3779255151748657,0.9677454829216003,0.8255695104598999,0.7476962208747864
290000,300001,17,9,252,173,1,7387.23828125,227.22140502929688,99.09575653076172,32.68701934814453,17.063405990600586,7.842660427093506,3.9653522968292236,2.683452606201172,1.774297833442688,1.275570273399353,1.0626758337020874,0.9095728993415833,0.8539385795593262,0.7800784707069397,0.6932097673416138,0.6574943661689758,0.6007080674171448,5383.37451171875,105.6811294555664,27.44792938232422,7.202084541320801,2.836219310760498,1.3207690715789795,0.967137336730957,0.8572613000869751,0.7682663798332214
295000,305001,17,9,249,168,0,7442.2177734375,225.77792358398438,98.74505615234375,34.88971710205078,19.50966453552246,8.31003189086914,5.2150702476501465,3.5541694164276123,2.8445963859558105,2.5754806995391846,2.19490909576416,2.077523708343506,2.042788028717041,1.8406896591186523,1.805245280265808,1.641318678855896,1.5037481784820557,5416.87646484375,106.7233657836914,29.274747848510742,8.625493049621582,3.2898802757263184,2.411172866821289,2.192110061645508,1.785469889640808,1.5654144287109375
295000,305001,17,9,249,168,1,7445.60693359375,225.5962677001953,99.18836212158203,34.99355697631836,19.595598220825195,8.729192733764648,5.198519229888916,3.6832435131073,3.073939323425293,2.818197011947632,2.490845203399658,2.284557819366455,2.211444616317749,2.0833616256713867,1.9500457048416138,1.9041908979415894,1.6758525371551514,5419.26171875,106.79666900634766,29.523649215698242,8.644144058227539,3.413046360015869,2.7372567653656006,2.4074223041534424,2.0150206089019775,1.6959177255630493
300000,310001,17,9,251,165,0,7459.93603515625,220.81105041503906,96.7353286743164,39.356693267822266,19.61977195739746,8.595901489257812,4.649771690368652,2.852231502532959,1.9764564037322998,1.5093019008636475,1.314012885093689,1.11436927318573,1.0204626321792603,0.8772939443588257,0.8454470038414001,0.7992157340049744,0.7103686928749084,5409.3115234375,102.9328842163086,31.389930725097656,8.046065330505371,2.986746311187744,1.4326285123825073,1.1043951511383057,0.955146074295044,0.7368903756141663
300000,310001,17,9,251,165,1,7460.10498046875,221.1058349609375,95.8897476196289,38.85127639770508,19.529020309448242,8.648828506469727,4.675378799438477,2.8001692295074463,1.8968135118484497,1.3979092836380005,1.1242990493774414,1.0316029787063599,0.9425835609436035,0.8393018841743469,0.7521841526031494,0.7208758592605591,0.6803333759307861,5409.494140625,102.58165740966797,31.187543869018555,8.219959259033203,2.7994003295898438,1.4418492317199707,0.9838348031044006,0.8279473781585693,0.771914005279541
305000,315001,17,9,249,179,0,7640.71826171875,215.68402099609375,97.81561279296875,32.57365417480469,16.525915145874023,9.297880172729492,5.864752769470215,4.555627346038818,3.9678244590759277,3.169121742248535,3.0331177711486816,2.724675416946411,2.6791229248046875,2.49456787109375,2.33522891998291,2.298577308654785,2.1427409648895264,5556.41064453125,113.8677978515625,27.07314682006836,8.842962265014648,4.416427135467529,3.4570956230163574,3.001474142074585,2.404479503631592,2.388505697250366
305000,315001,17,9,249,179,1,7643.38427734375,215.6176300048828,97.69134521484375,32.457679748535156,16.80759620666504,9.122807502746582,5.864249229431152,4.416336536407471,3.9673619270324707,3.196315288543701,2.95866322517395,2.7385952472686768,2.6495392322540283,2.5463547706604004,2.4884932041168213,2.271435260772705,2.1533875465393066,5558.5595703125,114.20946502685547,27.553354263305664,8.782801628112793,4.374250888824463,3.4819772243499756,2.92340087890625,2.636887311935425,2.317899227142334
310000,320001,17,9,253,180,0,7851.9775390625,240.0598602294922,91.04570007324219,34.49740982055664,20.666959762573242,9.623818397521973,5.164168357849121,3.2455904483795166,2.5873351097106934,2.034104585647583,1.599711298942566,1.5765037536621094,1.4367141723632812,1.2874565124511719,1.1846284866333008,1.1103813648223877,1.0814158916473389,5724.18505859375,105.56449890136719,26.959352493286133,8.611194610595703,3.363111734390259,1.9828187227249146,1.5033386945724487,1.2951654195785522,1.2036901712417603
310000,320001,17,9,253,180,1,7855.587890625,240.66957092285156,91.48816680908203,34.32448959350586,20.167041778564453,9.528294563293457,4.968292713165283,3.271876811981201,2.4676709175109863,2.1257925033569336,1.647318959236145,1.5279555320739746,1.4637577533721924,1.2831395864486694,1.2411234378814697,1.1184371709823608,1.06976318359375,5726.65234375,105.78449249267578,26.875974655151367,8.410687446594238,3.3836824893951416,1.952735424041748,1.4836429357528687,1.322535753250122,1.1994671821594238
315000,325001,17,9,253,165,0,7969.7587890625,235.2424774169922,96.87513732910156,34.91075897216797,21.887996673583984,10.50908374786377,6.99283504486084,4.278360366821289,3.6556408405303955,3.5232152938842773,2.880248546600342,2.452549934387207,2.145206928253174,1.9759598970413208,1.837038278579712,1.709593415260315,1.6014550924301147,5801.7900390625,106.09523010253906,28.51299476623535,9.503559112548828,4.403254985809326,3.0875015258789062,2.8141696453094482,2.171008825302124,1.788551688194275
315000,325001,17,9,253,165,1,7965.11279296875,233.91595458984375,96.9048843383789,35.24567794799805,22.04201889038086,10.502747535705566,6.956501483917236,4.442199230194092,3.611731767654419,3.3549838066101074,2.9085116386413574,2.3329343795776367,2.114981174468994,1.9694757461547852,1.8453983068466187,1.6751272678375244,1.5935816764831543,5797.61376953125,105.32447814941406,28.84197235107422,9.367568969726562,4.3259077072143555,3.0490880012512207,2.7275378704071045,2.0866827964782715,1.7469871044158936
320000,330001,17,9,252,180,0,8015.5283203125,228.8958282470703,103.0147705078125,32.36431884765625,16.164758682250977,7.741794586181641,4.2876691818237305,2.309912919998169,1.916786789894104,1.2689719200134277,1.0844202041625977,0.9897404313087463,0.8732600212097168,0.8576602339744568,0.7878491878509521,0.7618626356124878,0.7088269591331482,5847.68310546875,108.73345184326172,25.457929611206055,7.1203789710998535,2.703004837036133,1.2775802612304688,1.0093410015106201,0.9554793834686279,0.7229558229446411
320000,330001,17,9,252,180,1,8018.365234375,230.7578582763672,103.1917724609375,32.79103088378906,16.32716941833496,7.5312581062316895,4.43741512298584,2.3037056922912598,1.6811844110488892,1.220574140548706,1.0127589702606201,0.9426792860031128,0.8335614800453186,0.787397027015686,0.7263795137405396,0.7163508534431458,0.6333752870559692,5850.56982421875,109.2802963256836,26.0147762298584,6.968247890472412,2.5460219383239746,1.2437796592712402,0.8992001414299011,0.8394232988357544,0.7485796809196472
325000,335001,17,9,255,182,0,8240.6845703125,214.9988250732422,91.96527099609375,33.315948486328125,17.0667781829834,7.351251602172852,3.977379083633423,2.417527198791504,1.7643417119979858,1.4415806531906128,1.1753308773040771,0.8873716592788696,0.8470084071159363,0.8356142640113831,0.7067533135414124,0.6826843023300171,0.5758570432662964,6001.9287109375,103.88065338134766,24.667631149291992,7.0499396324157715,2.496781587600708,1.486649513244629,0.9324890375137329,0.7883187532424927,0.733785092830658
325000,335001,17,9,255,182,1,8241.98046875,214.87725830078125,91.8258056640625,33.074771881103516,16.791046142578125,7.5671539306640625,4.160338401794434,2.4022622108459473,1.6964492797851562,1.3780388832092285,1.076195240020752,0.875229001045227,0.8401816487312317,0.7632108926773071,0.7100841403007507,0.645901083946228,0.62164705991745,6002.9111328125,104.01773071289062,24.149858474731445,7.1661176681518555,2.4378414154052734,1.3092464208602905,0.9347665309906006,0.778994619846344,0.6444557309150696
330000,340001,17,9,250,181,0,8117.4521484375,228.7300567626953,98.3062973022461,38.58800506591797,16.99104118347168,7.9812846183776855,3.977299928665161,2.2748782634735107,1.799323320388794,1.4848276376724243,1.3595906496047974,1.1879836320877075,1.0609303712844849,1.0009657144546509,0.9079163074493408,0.888842761516571,0.7130109667778015,5910.12451171875,113.29112243652344,29.229595184326172,7.1916728019714355,2.4864954948425293,1.3542615175247192,1.227372169494629,1.0065765380859375,0.848405659198761
330000,340001,17,9,250,181,1,8115.35595703125,228.2763214111328,98.18107604980469,38.634063720703125,16.679866790771484,8.126477241516113,4.096057891845703,2.387984037399292,1.79351806640625,1.3455041646957397,1.2673546075820923,1.1328456401824951,0.979797899723053,0.9036746025085449,0.8193343281745911,0.7335915565490723,0.7107385993003845,5908.4609375,113.0908432006836,29.114280700683594,7.396749973297119,2.542217969894409,1.2703393697738647,1.1793394088745117,0.8819403052330017,0.8035472631454468
335000,345001,17,9,252,178,0,8191.78466796875,219.5023956298828,92.68978118896484,35.25142288208008,17.944494247436523,8.162958145141602,5.569625377655029,4.414248943328857,4.053676128387451,3.379329204559326,3.209458351135254,2.9488117694854736,2.7397003173828125,2.589358329772949,2.5382840633392334,2.3655285835266113,1.9807707071304321,5948.552734375,102.26104736328125,26.57123374938965,7.976870059967041,4.411681175231934,3.7416632175445557,3.228602170944214,2.6846399307250977,2.4960410594940186
335000,345001,17,9,252,178,1,8191.0908203125,217.4084930419922,92.21947479248047,35.619140625,17.576263427734375,8.113285064697266,5.723110675811768,4.860009670257568,3.8811488151550293,3.4913716316223145,3.273063898086548,2.9875898361206055,2.8786978721618652,2.557648181915283,2.4267051219940186,2.339050769805908,2.1293840408325195,5947.9794921875,101.08985900878906,26.53164291381836,8.029995918273926,4.546382427215576,3.7299275398254395,3.3370394706726074,2.781435489654541,2.5292983055114746
340000,350001,17,9,256,178,0,8420.544921875,220.52200317382812,93.43252563476562,34.641475677490234,19.15081214904785,8.873011589050293,5.0950422286987305,4.253246307373047,3.3384311199188232,2.9442968368530273,2.637249231338501,2.545138120651245,2.4208028316497803,2.177976131439209,2.151909351348877,2.014407157897949,1.9156297445297241,6119.205078125,104.53988647460938,29.036758422851562,7.717489719390869,3.9301700592041016,3.252256155014038,2.498569965362549,2.2950732707977295,2.2119884490966797
340000,350001,17,9,256,178,1,8421.6435546875,220.4171905517578,93.18773651123047,34.75341796875,19.27466583251953,9.423104286193848,5.21944522857666,4.384885787963867,3.44661808013916,3.0910775661468506,2.641948938369751,2.6076958179473877,2.412581443786621,2.289510488510132,2.1816463470458984,2.0972177982330322,1.8890727758407593,6119.87060546875,104.01192474365234,28.877941131591797,7.854717254638672,4.00480842590332,3.370556116104126,2.627708673477173,2.3398733139038086,2.2644896507263184
345000,355001,17,9,251,188,0,8419.6982421875,224.3417510986328,99.3277359008789,35.59550476074219,17.54245376586914,8.579154968261719,4.559183120727539,3.04801869392395,1.848381757736206,1.5178543329238892,1.131958246231079,1.0097390413284302,0.9117968082427979,0.8703489303588867,0.7549760937690735,0.7383979558944702,0.6909260749816895,6140.3984375,106.50777435302734,27.878324508666992,7.516636848449707,2.992089033126831,1.482993721961975,1.0913172960281372,0.9295867681503296,0.7630689740180969
345000,355001,17,9,251,188,1,8420.962890625,224.54002380371094,99.5230484008789,35.54810333251953,17.563554763793945,8.728824615478516,4.42794942855835,3.099034309387207,1.8846720457077026,1.317834734916687,1.0300569534301758,0.9192553758621216,0.8734967112541199,0.8359885811805725,0.7272037863731384,0.6967214941978455,0.651348888874054,6141.087890625,106.80533599853516,27.93642234802246,7.807651042938232,3.09306263923645,1.4026259183883667,0.9550240635871887,0.8398817777633667,0.7404055595397949
350000,360001,17,9,253,184,0,8527.310546875,214.3589324951172,99.09941864013672,34.5770378112793,17.410675048828125,7.415075302124023,4.018561840057373,2.427445650100708,1.842666745185852,1.669970989227295,1.4307923316955566,1.3028699159622192,1.2356659173965454,1.1667985916137695,1.0644714832305908,0.9723187685012817,0.8875843286514282,6190.91357421875,107.92327880859375,30.20493507385254,7.592315196990967,2.5971288681030273,1.4865498542785645,1.3753710985183716,1.2222198247909546,0.9772965312004089
350000,360001,17,9,253,184,1,8526.478515625,213.94387817382812,99.36982727050781,34.84500503540039,17.82634925842285,7.577552318572998,4.154841423034668,2.4505906105041504,1.9317526817321777,1.7335143089294434,1.5243090391159058,1.3786062002182007,1.2837574481964111,1.2474942207336426,1.098075032234192,0.9672061800956726,0.8401086926460266,6190.0966796875,108.27657318115234,30.763158798217773,7.672528266906738,2.850151538848877,1.649179220199585,1.493618369102478,1.2649028301239014,1.102091908454895
355000,365001,17,9,255,191,0,8549.24609375,248.86581420898438,101.05785369873047,37.642364501953125,18.067672729492188,8.287253379821777,4.6601409912109375,2.5242109298706055,1.7760239839553833,1.414084553718567,1.1720086336135864,1.0015558004379272,0.9104756116867065,0.8557786345481873,0.7548538446426392,0.6920022964477539,0.6366093754768372,6210.6240234375,115.94023132324219,31.528663635253906,8.531698226928711,2.859391450881958,1.496557593345642,1.0567225217819214,0.8737252354621887,0.6941874623298645
355000,365001,17,9,255,191,1,8551.7900390625,248.10984802246094,100.86131286621094,37.93686294555664,18.18199348449707,8.132559776306152,4.876100540161133,2.621493339538574,1.648701548576355,1.4421242475509644,1.1850366592407227,1.1121118068695068,0.9385936260223389,0.8181391358375549,0.8055630922317505,0.7559506297111511,0.7284750938415527,6212.48876953125,115.13854217529297,31.469369888305664,8.665692329406738,2.7407383918762207,1.494889497756958,1.0857921838760376,0.8568428754806519,0.7767528891563416
360000,370001,17,9,253,184,0,8466.8017578125,243.31674194335938,95.58366394042969,36.208038330078125,18.94478988647461,9.821975708007812,6.696650981903076,6.03011417388916,4.823619365692139,4.605912685394287,4.113161563873291,3.7774453163146973,3.490173816680908,3.344555377960205,2.9343090057373047,2.7476911544799805,2.573079824447632,6160.115234375,110.61184692382812,30.054950714111328,9.905567169189453,5.328132629394531,4.499831199645996,4.207690715789795,3.6701109409332275,2.950185537338257
360000,370001,17,9,253,184,1,8469.9541015625,242.88818359375,94.91792297363281,35.77162170410156,18.463102340698242,9.920197486877441,6.6272196769714355,5.599453926086426,5.032806873321533,4.540329456329346,4.075080871582031,3.7591662406921387,3.532829761505127,3.2647385597229004,2.9767327308654785,2.874237537384033,2.5098953247070312,6162.462890625,110.17053985595703,29.479854583740234,9.834598541259766,5.3012824058532715,4.528773307800293,4.211933612823486,3.6060280799865723,3.0163331031799316
365000,375001,17,9,253,178,0,8674.255859375,216.1710662841797,94.24015045166016,34.99951934814453,20.645030975341797,10.147804260253906,7.100025177001953,5.264411926269531,4.171419620513916,3.3874127864837646,3.24099063873291,2.99470853805542,2.827615261077881,2.5713982582092285,2.265143871307373,2.108142852783203,1.8915280103683472,6324.9169921875,98.43080139160156,29.15154457092285,8.319412231445312,5.5276947021484375,3.7902796268463135,2.9382150173187256,2.514721155166626,2.2008676528930664
365000,375001,17,9,253,178,1,8669.744140625,215.6788330078125,94.26863098144531,34.71629333496094,19.84914207458496,9.076135635375977,7.634931564331055,4.928912162780762,4.185961723327637,3.683318614959717,3.3643360137939453,3.213677406311035,2.91072416305542,2.6320929527282715,2.427677631378174,2.304215431213379,2.0788466930389404,6321.47021484375,98.86078643798828,28.487668991088867,8.02033805847168,5.926163196563721,3.9277255535125732,3.031154155731201,2.6851847171783447,2.4613289833068848
370000,380001,17,9,251,193,0,8753.4140625,235.49839782714844,98.86685943603516,39.22276306152344,19.994659423828125,9.692655563354492,5.891594409942627,4.402393817901611,4.140931129455566,3.5172340869903564,3.1415011882781982,2.9316909313201904,2.8891847133636475,2.636425495147705,2.476186990737915,2.2335615158081055,2.2179179191589355,6371.84130859375,110.41226959228516,28.39636993408203,8.991109848022461,4.4682793617248535,3.5521724224090576,3.2131354808807373,2.65820050239563,2.4549524784088135
370000,380001,17,9,251,193,1,8751.64453125,235.7234344482422,99.23170471191406,39.9199104309082,20.01228904724121,9.66081714630127,5.7414774894714355,4.425847053527832,4.037278652191162,3.5317394733428955,3.147810459136963,2.9971325397491455,2.909013271331787,2.7217631340026855,2.6731228828430176,2.4868602752685547,2.2589831352233887,6370.77783203125,110.6031494140625,28.431245803833008,9.077041625976562,4.38205099105835,3.5566070079803467,2.939976215362549,2.7141213417053223,2.629033327102661
375000,385001,17,9,254,175,0,8912.9384765625,224.20809936523438,90.56291961669922,33.89268493652344,17.28504180908203,8.569295883178711,8.1083984375,6.123065948486328,5.484262943267822,4.252960205078125,4.0048370361328125,3.7968835830688477,3.7041051387786865,3.627100706100464,3.4399030208587646,3.2688915729522705,3.033066749572754,6488.44873046875,100.58502197265625,26.99974250793457,7.609280109405518,6.680689334869385,4.464765548706055,3.991978168487549,3.7041373252868652,3.478459596633911
375000,385001,17,9,254,175,1,8909.84375,222.57395935058594,88.9487533569336,33.854312896728516,17.64651107788086,8.517489433288574,8.010143280029297,6.001240253448486,5.5351948738098145,4.4355034828186035,4.049654006958008,3.875016450881958,3.7691874504089355,3.5624642372131348,3.468365430831909,3.3986425399780273,3.1445114612579346,6486.3056640625,99.12467193603516,27.0803165435791,7.532564163208008,6.7142415046691895,4.644655227661133,4.133991718292236,3.654071807861328,3.598156690597534
380000,390001,17,9,253,191,0,8901.505859375,219.25344848632812,99.31026458740234,37.901798248291016,20.447338104248047,10.950462341308594,6.498653411865234,4.520024299621582,3.8311214447021484,2.8240647315979004,2.6938772201538086,2.2438809871673584,2.161426305770874,2.072370767593384,1.9695316553115845,1.799536943435669,1.4624240398406982,6468.0869140625,104.38838958740234,28.846088409423828,8.63683795928955,4.279565334320068,2.6251070499420166,2.280761957168579,2.02689528465271,1.6355869770050049
380000,390001,17,9,253,191,1,8905.1455078125,217.96322631835938,98.24046325683594,37.83822250366211,19.973037719726562,10.371041297912598,6.202457904815674,4.434630870819092,3.959268093109131,2.8375985622406006,2.5444912910461426,2.1719794273376465,2.1241137981414795,1.9465084075927734,1.7568169832229614,1.7407102584838867,1.4142738580703735,6470.515625,103.55635833740234,28.59926414489746,8.61272144317627,4.443093776702881,2.6219441890716553,2.1123554706573486,1.9373759031295776,1.565699577331543
385000,395001,17,9,252,183,0,9023.3994140625,233.7753143310547,96.77539825439453,38.954219818115234,18.035736083984375,9.172101020812988,5.889843940734863,4.360948085784912,3.7420451641082764,3.395630121231079,2.8806874752044678,2.6727263927459717,2.6196861267089844,2.420304536819458,2.328589916229248,2.171731948852539,2.112367868423462,6569.18310546875,105.9424819946289,31.08905601501465,7.751221179962158,4.423208713531494,3.1554114818573,2.8227691650390625,2.3192622661590576,2.1932806968688965
385000,395001,17,9,252,183,1,9020.3017578125,233.92991638183594,95.7726821899414,38.572689056396484,18.069547653198242,9.037787437438965,5.714846134185791,4.330821514129639,3.975839853286743,3.507429838180542,2.9107306003570557,2.8113834857940674,2.6401755809783936,2.5821101665496826,2.4698915481567383,2.331735372543335,2.2296628952026367,6566.775390625,105.25330352783203,30.952913284301758,7.6388349533081055,4.457096576690674,3.420048236846924,2.764887809753418,2.4483015537261963,2.316511631011963
390000,400001,17,9,252,191,0,9053.0380859375,211.29290771484375,93.79610443115234,37.26453399658203,20.30028533935547,9.89769458770752,6.077343940734863,4.288573741912842,4.202486038208008,3.3049211502075195,2.9127814769744873,2.5146408081054688,2.378399133682251,2.2666819095611572,2.151334047317505,1.9463026523590088,1.911299228668213,6584.65283203125,95.69347381591797,30.746543884277344,8.819480895996094,4.354700565338135,3.2320990562438965,2.62973690032959,2.309788942337036,2.128077745437622
390000,400001,17,9,252,191,1,9056.2060546875,213.6450958251953,94.12083435058594,37.760704040527344,20.190507888793945,10.276266098022461,5.850915431976318,4.629965782165527,4.457467555999756,3.2040538787841797,2.9087507724761963,2.631080389022827,2.5308234691619873,2.3759336471557617,2.288886070251465,2.0221641063690186,2.006589412689209,6586.5986328125,96.68779754638672,30.833026885986328,8.617240905761719,4.382778167724609,3.509559392929077,2.740384101867676,2.4600138664245605,2.259784698486328
395000,405001,17,9,251,183,0,9046.6865234375,227.76458740234375,102.88128662109375,39.03141403198242,20.287845611572266,10.049127578735352,6.04595947265625,4.4980926513671875,3.886094808578491,3.5012083053588867,3.0312862396240234,2.6329421997070312,2.528789758682251,2.395005941390991,2.3276872634887695,2.1775989532470703,2.073204755783081,6591.3291015625,111.42631530761719,30.316007614135742,9.421335220336914,4.338890075683594,2.9914190769195557,2.8062634468078613,2.5029795169830322,2.2124717235565186
395000,405001,17,9,251,183,1,9046.8349609375,226.11053466796875,102.97526550292969,38.68792724609375,20.626821517944336,10.471388816833496,6.353547096252441,4.472797870635986,3.9437079429626465,3.5516576766967773,3.080838203430176,2.695466995239258,2.4774065017700195,2.3359534740448,2.2973573207855225,2.0694143772125244,1.9910962581634521,6591.43896484375,110.730224609375,30.296228408813477,9.412589073181152,4.393570423126221,3.033546209335327,2.9036898612976074,2.4785542488098145,2.1103532314300537
400000,410001,17,9,252,194,0,9142.5947265625,236.47108459472656,97.38720703125,40.66640090942383,20.81841468811035,9.262556076049805,5.892087459564209,3.4301514625549316,2.7564730644226074,2.3262839317321777,2.2596566677093506,1.8447294235229492,1.7209309339523315,1.534997582435608,1.5215907096862793,1.4572008848190308,1.3383570909500122,6653.46630859375,106.99949645996094,31.538890838623047,8.414816856384277,3.559483528137207,2.172879695892334,2.0481181144714355,1.6600457429885864,1.5105364322662354
400000,410001,17,9,252,194,1,9145.5390625,236.0179901123047,97.78936767578125,40.83499526977539,21.853736877441406,9.636606216430664,6.077677249908447,3.730067491531372,2.937937021255493,2.6143929958343506,2.3318095207214355,1.9682081937789917,1.903460144996643,1.6588561534881592,1.5942941904067993,1.5065948963165283,1.4208589792251587,6655.62939453125,106.89551544189453,31.960845947265625,9.095357894897461,3.7666454315185547,2.357239246368408,2.2372679710388184,1.901079773902893,1.6829386949539185
405000,415001,17,9,255,184,0,9291.3984375,231.84889221191406,108.6138916015625,39.06296920776367,18.965999603271484,9.137617111206055,6.16811466217041,3.6172642707824707,2.259593963623047,1.8333269357681274,1.5342754125595093,1.3748867511749268,1.1487210988998413,1.1104767322540283,1.0614838600158691,1.0111149549484253,0.9457139372825623,6757.90869140625,111.67688751220703,31.585430145263672,8.629508972167969,3.5442638397216797,1.7643564939498901,1.4233677387237549,1.1386040449142456,1.0956131219863892
405000,415001,17,9,255,184,1,9289.681640625,231.27099609375,107.08074188232422,38.632545471191406,18.250534057617188,9.182708740234375,6.226803779602051,3.734154462814331,2.384498119354248,2.056203603744507,1.5859640836715698,1.378098964691162,1.2593966722488403,1.1912130117416382,1.136824607849121,1.0506840944290161,0.9329445958137512,6756.90380859375,110.90492248535156,31.14174461364746,8.132344245910645,3.665332555770874,2.1223199367523193,1.4298932552337646,1.2526270151138306,1.182159423828125
410000,420001,17,9,248,187,0,9181.271484375,237.0939178466797,103.03011322021484,36.94154739379883,18.50646209716797,9.727312088012695,5.544116497039795,3.8929193019866943,3.178645610809326,2.5893828868865967,2.4061107635498047,2.2878592014312744,2.0165812969207764,1.9163142442703247,1.8256038427352905,1.5749173164367676,1.4850478172302246,6675.41650390625,105.90064239501953,30.4753475189209,9.623303413391113,3.5823519229888916,2.628998041152954,2.125247001647949,2.0848536491394043,1.6223690509796143
410000,420001,17,9,248,187,1,9180.94140625,236.46839904785156,102.66751098632812,36.26829147338867,18.306406021118164,9.467897415161133,5.724035739898682,4.094692707061768,3.1607861518859863,2.6545352935791016,2.5668745040893555,2.318707227706909,2.0335419178009033,1.8833494186401367,1.742104411125183,1.6271870136260986,1.4634602069854736,6675.47119140625,105.4661636352539,29.991910934448242,9.866806983947754,3.545502185821533,2.764171600341797,2.3410990238189697,2.078855514526367,1.5435529947280884
415000,425001,17,9,250,194,0,9356.0185546875,228.5738983154297,108.80062866210938,37.868003845214844,18.524211883544922,7.754393577575684,4.207746982574463,3.0167484283447266,1.8719091415405273,1.673426628112793,1.645232915878296,1.2341465950012207,1.170193076133728,1.090071439743042,1.0215704441070557,0.9042962789535522,0.82289719581604,6801.7587890625,115.7997817993164,30.44457244873047,8.12126636505127,2.888498544692993,1.5892425775527954,1.490843653678894,1.0823994874954224,0.9252861142158508
415000,425001,17,9,250,194,1,9355.0791015625,229.105224609375,109.31340026855469,37.57400894165039,18.45675277709961,8.278244972229004,4.449141979217529,3.058825969696045,2.128847360610962,1.7887133359909058,1.674383282661438,1.3677492141723633,1.2963008880615234,1.2123713493347168,1.081375002861023,0.9786902070045471,0.8812788128852844,6801.0146484375,115.69654083251953,30.210861206054688,8.513296127319336,3.2270658016204834,1.7227972745895386,1.5364803075790405,1.0421226024627686,0.9865698218345642
420000,430001,17,9,252,193,0,9528.236328125,241.0879364013672,99.98484802246094,38.31982421875,18.26117706298828,8.252047538757324,4.612886428833008,2.836028814315796,1.915431022644043,1.4344220161437988,1.213568091392517,0.9799755215644836,0.9485797882080078,0.882066547870636,0.7980203628540039,0.789405345916748,0.7593827843666077,6938.16162109375,108.748046875,31.080720901489258,7.759006023406982,2.9661550521850586,1.5267283916473389,1.0323209762573242,0.9432982802391052,0.8014057278633118
420000,430001,17,9,252,193,1,9528.9013671875,239.92333984375,99.80255889892578,38.38134002685547,17.97842788696289,8.041489601135254,4.593045234680176,2.8006231784820557,1.9936858415603638,1.4663270711898804,1.216577410697937,1.063564419746399,0.9543431997299194,0.9372149705886841,0.928753137588501,0.7981492280960083,0.7533832788467407,6938.84033203125,108.06673431396484,31.032394409179688,7.440240383148193,2.878199815750122,1.4834575653076172,1.0919785499572754,0.9623405933380127,0.8736964464187622
425000,435001,17,9,255,188,0,9642.626953125,230.86312866210938,111.34085845947266,41.822052001953125,19.592287063598633,11.070137977600098,8.046415328979492,5.078693866729736,4.822542190551758,4.2049150466918945,4.012080192565918,3.736276626586914,3.597987651824951,3.2176125049591064,2.9678268432617188,2.8674564361572266,2.7209339141845703,7014.90185546875,116.74732208251953,32.802860260009766,10.738458633422852,5.333246231079102,4.000412940979004,3.911360263824463,3.205564022064209,2.9085235595703125
425000,435001,17,9,255,188,1,9642.3388671875,232.99307250976562,112.29015350341797,42.1085319519043,19.855239868164062,11.080619812011719,7.478997707366943,4.882445812225342,4.573310852050781,4.324641227722168,3.8884949684143066,3.6091105937957764,3.406621217727661,3.3055849075317383,2.911649227142334,2.7356395721435547,2.523338556289673,7014.97119140625,118.03234100341797,32.423851013183594,10.77503776550293,4.922277450561523,3.928828001022339,3.8421523571014404,3.008270025253296,2.763881206512451
430000,440001,17,9,250,193,0,9588.19921875,239.7877655029297,106.42314147949219,38.366554260253906,21.804588317871094,9.779332160949707,6.412450790405273,4.864441871643066,4.136162757873535,3.680274248123169,2.879413366317749,2.666442394256592,2.4011998176574707,2.2151262760162354,2.0397255420684814,1.8238883018493652,1.6591079235076904,6981.10888671875,115.80575561523438,30.75221061706543,9.539619445800781,4.832305431365967,2.9292502403259277,2.824152946472168,2.4623794555664062,1.73158597946167
430000,440001,17,9,250,193,1,9585.244140625,240.4153289794922,107.54414367675781,38.53523254394531,22.156003952026367,9.754949569702148,6.432733058929443,4.415945529937744,4.323470115661621,3.8026163578033447,2.9415879249572754,2.5348687171936035,2.3898234367370605,2.139646053314209,1.8928173780441284,1.8031336069107056,1.6456407308578491,6979.24462890625,116.32533264160156,30.32404899597168,9.386567115783691,4.6345906257629395,3.2001001834869385,2.8589417934417725,2.243394374847412,1.779852032661438
435000,445001,17,9,252,197,0,9615.7373046875,246.16729736328125,104.47955322265625,35.53123474121094,18.819011688232422,9.390578269958496,6.089816093444824,4.522370338439941,3.8080992698669434,3.356532335281372,2.948246717453003,2.7957639694213867,2.700112819671631,2.533996105194092,2.346845865249634,2.127786159515381,1.9373266696929932,6993.666015625,113.8464126586914,29.30931282043457,8.520587921142578,4.539424419403076,3.3409340381622314,2.7801856994628906,2.434659004211426,2.345315456390381
435000,445001,17,9,252,197,1,9619.6484375,245.28173828125,103.73401641845703,35.63700485229492,18.845720291137695,8.995811462402344,6.20111608505249,4.6767497062683105,4.096580982208252,3.481546401977539,3.114870548248291,2.717618703842163,2.6134033203125,2.4068024158477783,2.228436231613159,2.1001100540161133,1.872941255569458,6996.65283203125,113.66696166992188,29.579090118408203,8.684067726135254,4.4763407707214355,3.387259006500244,3.012885093688965,2.3854174613952637,2.070665121078491
440000,450001,17,9,250,184,0,9662.158203125,217.42832946777344,96.91259002685547,37.16648483276367,18.699817657470703,9.763123512268066,5.33225679397583,3.577098846435547,3.044259786605835,2.374267101287842,2.0513110160827637,1.7957271337509155,1.5324265956878662,1.4746493101119995,1.4078503847122192,1.2832276821136475,1.0687165260314941,7016.8271484375,103.53936004638672,29.375688552856445,8.863483428955078,3.904287576675415,2.105266809463501,1.9433197975158691,1.5080218315124512,1.3860054016113281
440000,450001,17,9,250,184,1,9660.9716796875,217.9766387939453,96.80597686767578,36.856998443603516,18.30535888671875,9.935332298278809,5.260936737060547,3.2190184593200684,2.6974246501922607,1.8814113140106201,1.836822748184204,1.5603049993515015,1.3877962827682495,1.3246687650680542,1.1597059965133667,1.067265272140503,0.9724042415618896,7015.96484375,103.1440658569336,29.003013610839844,9.022292137145996,3.5657460689544678,2.0042967796325684,1.6083120107650757,1.4296374320983887,1.1543513536453247
445000,455001,17,9,252,187,0,9773.35546875,248.17398071289062,107.7385025024414,41.033058166503906,21.563907623291016,11.831645965576172,8.024983406066895,5.9060516357421875,5.27500057220459,4.954587936401367,4.100825309753418,3.897714138031006,3.74613094329834,3.5817060470581055,3.116126298904419,3.0777077674865723,2.8015031814575195,7109.46923828125,111.09761810302734,31.743833541870117,10.454383850097656,5.445958137512207,4.412162780761719,3.959967851638794,3.4251506328582764,2.965955972671509
445000,455001,17,9,252,187,1,9772.5830078125,247.8534698486328,107.69469451904297,40.24803924560547,21.185007095336914,11.45511245727539,7.657637596130371,6.042022705078125,5.225532054901123,5.038797378540039,4.340021133422852,4.056885242462158,3.794771909713745,3.5217432975769043,3.321509838104248,3.2283618450164795,2.9771788120269775,7108.99951171875,110.92957305908203,31.596601486206055,10.340438842773438,5.297435760498047,4.510766506195068,3.9669196605682373,3.4851441383361816,3.178002119064331
450000,460001,17,9,250,194,0,9726.265625,248.53431701660156,102.46854400634766,40.584800720214844,21.279983520507812,11.527994155883789,6.833160877227783,6.137339115142822,4.601318359375,4.30500602722168,3.9029510021209717,3.5359115600585938,3.385329484939575,3.1650431156158447,3.089683771133423,2.9278197288513184,2.614210367202759,7086.68310546875,111.18389892578125,31.727781295776367,10.238704681396484,5.584891319274902,4.3130412101745605,3.859262704849243,3.16457200050354,3.054659128189087
450000,460001,17,9,250,194,1,9722.7900390625,249.31253051757812,102.56471252441406,40.04532241821289,21.48980712890625,11.43411922454834,6.987061023712158,6.0068488121032715,4.557746887207031,4.210356712341309,4.088873863220215,3.678116798400879,3.3583834171295166,3.192544937133789,3.087246894836426,3.043220043182373,2.560776710510254,7084.06396484375,112.01494598388672,32.17900085449219,10.398990631103516,5.68848991394043,4.431172847747803,3.7722489833831787,3.1890063285827637,3.1231045722961426
455000,465001,17,9,254,192,0,9819.037109375,237.8811798095703,99.3687973022461,43.02131271362305,21.205720901489258,11.325018882751465,6.701939105987549,4.5828680992126465,4.119217395782471,3.6048176288604736,3.402200937271118,3.2307369709014893,3.020148515701294,2.9605729579925537,2.811615467071533,2.5485198497772217,2.3694827556610107,7145.2724609375,108.00567626953125,33.952449798583984,9.914687156677246,4.750845432281494,3.7823870182037354,3.1505086421966553,2.9235599040985107,2.6713099479675293
455000,465001,17,9,254,192,1,9819.0048828125,238.23419189453125,100.09123229980469,43.3410530090332,21.65707778930664,11.16065502166748,6.5291595458984375,4.712359428405762,4.1765666007995605,3.869203805923462,3.609971284866333,3.403519868850708,3.209437131881714,3.138516426086426,2.985600233078003,2.7571442127227783,2.4463770389556885,7145.36328125,108.40132904052734,33.82914733886719,9.790685653686523,4.702248573303223,3.9234657287597656,3.40057373046875,3.127197504043579,2.8179192543029785
460000,470001,17,9,252,193,0,10010.2373046875,204.4670867919922,99.50895690917969,33.27604675292969,19.579179763793945,10.668931007385254,7.138792991638184,4.717197895050049,3.8335366249084473,2.7961151599884033,2.6252737045288086,2.317124843597412,2.2765138149261475,2.0079946517944336,1.7066220045089722,1.6745914220809937,1.4549552202224731,7284.52880859375,103.17327117919922,27.559906005859375,9.264718055725098,4.547732353210449,2.8004791736602783,2.4229044914245605,2.031132459640503,1.541014313697815
460000,470001,17,9,252,193,1,10002.6806640625,205.1627960205078,100.82481384277344,33.20297622680664,18.994918823242188,10.539907455444336,6.770231246948242,4.747833251953125,3.9300577640533447,3.1362287998199463,2.9683971405029297,2.4307079315185547,2.263735294342041,2.002195119857788,1.8825730085372925,1.7113291025161743,1.645525336265564,7278.83154296875,104.27841186523438,27.37131690979004,9.096573829650879,4.638859272003174,2.966682195663452,2.6046974658966064,2.143710136413574,1.74125075340271
465000,475001,17,9,254,195,0,9960.0537109375,248.77142333984375,118.09361267089844,41.197044372558594,22.125343322753906,10.777222633361816,6.350300312042236,4.6369147300720215,3.621986150741577,2.924663543701172,2.7503421306610107,2.6413381099700928,2.3607571125030518,2.14129900932312,2.056396007537842,1.8535139560699463,1.8046340942382812,7258.5869140625,125.5301742553711,34.67148971557617,10.470444679260254,4.42586612701416,2.8168301582336426,2.605464458465576,2.2149603366851807,1.9766494035720825
465000,475001,17,9,254,195,1,9962.10546875,249.05819702148438,118.07050323486328,41.563194274902344,22.466373443603516,11.647562980651855,6.298822402954102,4.845462799072266,3.5424180030822754,3.0926802158355713,2.979219913482666,2.518368721008301,2.2888801097869873,2.166966438293457,1.9267781972885132,1.8482226133346558,1.6834487915039062,7259.7353515625,126.09519958496094,34.51665496826172,11.224197387695312,4.373440742492676,3.05721116065979,2.5739309787750244,2.1941261291503906,1.8884150981903076
470000,480001,17,9,255,197,0,10055.3935546875,236.35848999023438,103.8142318725586,40.62234115600586,18.070192337036133,8.517998695373535,5.278549671173096,3.27449107170105,2.3312289714813232,1.8235641717910767,1.5331600904464722,1.3751612901687622,1.2242443561553955,1.1253324747085571,1.0258917808532715,0.9603956937789917,0.8870831727981567,7309.8505859375,111.37252044677734,30.772794723510742,8.630413055419922,3.580493688583374,1.6832412481307983,1.3977816104888916,1.2627809047698975,0.9528889656066895
470000,480001,17,9,255,197,1,10048.615234375,236.64646911621094,104.32549285888672,40.88799285888672,18.29916763305664,8.631307601928711,5.258520603179932,3.442610263824463,2.163097858428955,1.743093490600586,1.5471956729888916,1.4482558965682983,1.342437505722046,1.1528642177581787,1.1110517978668213,1.0518828630447388,0.8749805688858032,7304.6220703125,111.82984161376953,31.03539276123047,8.54570484161377,3.8138229846954346,1.7319196462631226,1.435118317604065,1.2658257484436035,1.1833150386810303
475000,485001,17,9,249,201,0,9975.78125,256.16778564453125,101.76834869384766,39.52494430541992,21.265602111816406,11.457837104797363,6.17822790145874,4.630536079406738,4.395412445068359,3.790181875228882,3.0025649070739746,2.530364990234375,2.217606782913208,2.101816415786743,1.935731291770935,1.81090247631073,1.731860876083374,7263.87060546875,119.07144165039062,30.645647048950195,10.43372917175293,4.649933338165283,3.3219175338745117,2.963111400604248,1.959549069404602,1.7633094787597656
475000,485001,17,9,249,201,1,9974.63671875,256.5064697265625,101.18123626708984,39.210914611816406,21.053762435913086,11.095674514770508,5.869711399078369,4.949411869049072,3.6870007514953613,3.2870001792907715,3.2200584411621094,2.4583899974823,2.078897714614868,2.0260894298553467,1.943202257156372,1.9018690586090088,1.7502301931381226,7262.84326171875,119.2315444946289,30.195932388305664,9.9828462600708,4.591736793518066,3.215503692626953,2.772411346435547,2.019976854324341,1.925004005432129
480000,490001,17,9,252,212,0,10174.505859375,228.63278198242188,96.7350845336914,37.400535583496094,18.710041046142578,9.775491714477539,6.1402506828308105,4.732104778289795,4.407295227050781,3.509796619415283,3.411022424697876,3.186488628387451,2.9975602626800537,2.8083364963531494,2.762382984161377,2.6980979442596436,2.2626800537109375,7399.8232421875,102.35044860839844,30.121368408203125,8.5762939453125,4.735786437988281,3.9547460079193115,3.261791467666626,2.986384868621826,2.6369552612304688
480000,490001,17,9,252,212,1,10172.5400390625,230.068115234375,96.82686614990234,37.399471282958984,18.05295753479004,9.468518257141113,6.072188377380371,4.69500732421875,4.2668657302856445,3.694655418395996,3.3499038219451904,3.303738832473755,3.0885956287384033,2.928405523300171,2.7656445503234863,2.7393202781677246,2.2733209133148193,7398.18017578125,102.426513671875,30.180561065673828,8.305887222290039,4.822904109954834,4.146393299102783,3.180434226989746,3.0104830265045166,2.722865104675293
485000,495001,17,9,247,193,0,10062.9345703125,203.07945251464844,104.21351623535156,32.44462966918945,15.504220962524414,8.370317459106445,5.156593322753906,3.1698362827301025,2.4009456634521484,1.9123327732086182,1.3843914270401,1.2508227825164795,1.0999411344528198,1.074399709701538,0.9658759832382202,0.8723273277282715,0.8332971930503845,7312.40234375,107.67200469970703,27.508678436279297,7.941063404083252,3.5284907817840576,2.3558640480041504,1.3044068813323975,1.0679758787155151,0.9904295206069946
485000,495001,17,9,247,193,1,10053.46484375,203.42771911621094,104.42657470703125,32.51350021362305,15.899629592895508,8.1433687210083,5.152164459228516,3.0806827545166016,2.283381938934326,1.7324002981185913,1.430098295211792,1.2832515239715576,1.153159499168396,1.1262753009796143,1.0184082984924316,0.9014416337013245,0.7947617173194885,7305.3896484375,107.82693481445312,27.677452087402344,8.05223560333252,3.4782907962799072,2.159789800643921,1.2865771055221558,1.0236456394195557,0.9858800172805786
490000,500001,17,9,248,193,0,10304.2060546875,241.78036499023438,102.33562469482422,40.41115188598633,20.327817916870117,11.052998542785645,6.545516490936279,5.442123889923096,4.27869987487793,3.684195041656494,3.178256034851074,2.9997291564941406,2.9066145420074463,2.7640557289123535,2.6067256927490234,2.527045249938965,2.3572208881378174,7501.8974609375,110.23147583007812,31.99026870727539,9.983813285827637,5.386525630950928,3.2686002254486084,2.955690860748291,2.934730291366577,2.8468337059020996
490000,500001,17,9,248,193,1,10301.5966796875,241.94642639160156,102.73921966552734,40.220985412597656,20.09372901916504,10.8414945602417,6.405343532562256,5.313873767852783,4.367388725280762,4.007714748382568,3.348987102508545,3.078932046890259,3.0114660263061523,2.793924331665039,2.7475552558898926,2.5643444061279297,2.3861706256866455,7499.6923828125,110.86589813232422,31.64321517944336,9.750678062438965,5.202859878540039,3.5063059329986572,3.195573568344116,2.9748966693878174,2.922712564468384
495000,505001,17,9,252,191,0,10337.2041015625,251.7781219482422,108.81549835205078,39.859169006347656,21.568828582763672,10.359341621398926,7.094972610473633,5.0605902671813965,4.672739505767822,3.857194423675537,3.4646878242492676,3.1487834453582764,2.763847827911377,2.56736159324646,2.4832048416137695,2.3287694454193115,2.0238776206970215,7520.13671875,115.12222290039062,35.16245651245117,9.726277351379395,5.104013919830322,3.4761593341827393,3.3323733806610107,2.6079933643341064,2.2297897338867188
495000,505001,17,9,252,191,1,10339.3173828125,252.14028930664062,108.60896301269531,38.92391586303711,21.10800552368164,10.06285285949707,7.1622395515441895,4.89522647857666,4.2566752433776855,3.5604968070983887,3.2912051677703857,2.8872177600860596,2.6049039363861084,2.5189502239227295,2.3302106857299805,2.1319868564605713,1.9281954765319824,7521.77783203125,114.35194396972656,34.96302032470703,9.832200050354004,4.826287746429443,3.299628257751465,3.0307044982910156,2.3132567405700684,2.206688165664673
500000,510001,17,9,253,201,0,10400.5009765625,240.466552734375,101.48355102539062,37.56104278564453,17.123252868652344,9.897673606872559,6.1463303565979,4.117746353149414,3.006373882293701,2.721827745437622,2.5140557289123535,2.1305408477783203,2.0136842727661133,1.8606394529342651,1.6446833610534668,1.5719971656799316,1.443595051765442,7565.98388671875,116.27420806884766,28.65941047668457,8.590198516845703,4.140509605407715,2.4958224296569824,2.2512316703796387,1.8141510486602783,1.7314797639846802
500000,510001,17,9,253,201,1,10396.9189453125,241.25021362304688,101.44438171386719,36.92647933959961,17.868799209594727,10.088313102722168,6.441348075866699,4.031278133392334,3.2250893115997314,2.912386417388916,2.338310718536377,2.258140802383423,1.8719899654388428,1.7951580286026,1.7377926111221313,1.4534342288970947,1.405594825744629,7563.673828125,116.55912780761719,28.546663284301758,8.7362642288208,4.287193775177002,2.3434062004089355,2.2149717807769775,1.842147707939148,1.5557267665863037
505000,515001,17,9,251,195,0,10482.216796875,224.90159606933594,111.58065795898438,36.22652816772461,18.432924270629883,8.158377647399902,5.021368503570557,3.2800025939941406,2.418907403945923,1.804636001586914,1.590820550918579,1.3647363185882568,1.256413221359253,1.1483858823776245,1.1032497882843018,1.006117343902588,0.9118634462356567,7624.7978515625,116.77461242675781,31.085500717163086,8.228069305419922,3.3652050495147705,1.8475326299667358,1.2905093431472778,1.2000313997268677,1.1386916637420654
505000,515001,17,9,251,195,1,10488.9765625,223.99444580078125,111.40531158447266,36.306697845458984,18.654237747192383,8.107487678527832,4.922562599182129,3.343695640563965,2.307434558868408,1.876002311706543,1.6739705801010132,1.4960829019546509,1.2683483362197876,1.1740490198135376,0.9801804423332214,0.9681817293167114,0.8766048550605774,7629.58349609375,116.67377471923828,31.2687931060791,8.305354118347168,3.418220281600952,1.91403329372406,1.36274254322052,1.1226142644882202,1.0778963565826416
510000,520001,17,9,251,201,0,10594.978515625,226.47299194335938,103.70769500732422,35.19239044189453,18.284400939941406,8.517144203186035,4.036490440368652,2.8025577068328857,1.9429694414138794,1.6315479278564453,1.3250106573104858,1.2630715370178223,1.1161746978759766,1.001089334487915,0.9070257544517517,0.8340391516685486,0.7930357456207275,7694.07373046875,110.68025970458984,31.978696823120117,7.99222469329834,2.823251724243164,1.4526481628417969,1.2296876907348633,0.9942193031311035,0.8552668690681458
510000,520001,17,9,251,201,1,10593.4990234375,224.9264373779297,102.88338470458984,34.76780700683594,17.96565055847168,8.281332969665527,3.9877588748931885,2.8793344497680664,2.0992400646209717,1.50910484790802,1.4480156898498535,1.315836787223816,1.1139070987701416,1.01259446144104,0.8947184681892395,0.8662557005882263,0.7718188762664795,7693.04736328125,109.92628479003906,31.535980224609375,7.395202159881592,2.696636915206909,1.5517423152923584,1.2202763557434082,0.9610645771026611,0.8471130728721619
515000,525001,17,9,255,198,0,10764.0263671875,242.15133666992188,112.15605926513672,38.544193267822266,16.927324295043945,9.343608856201172,5.684357643127441,4.2459001541137695,3.3498079776763916,2.993541717529297,2.819767475128174,2.312192916870117,2.2821104526519775,2.112868070602417,1.9561433792114258,1.9246739149093628,1.8214141130447388,7818.58935546875,117.15992736816406,31.428503036499023,8.448987007141113,3.9540514945983887,2.7292869091033936,2.608330488204956,2.0843427181243896,2.00408673286438
515000,525001,17,9,255,198,1,10767.2626953125,241.35888671875,111.91986083984375,38.784549713134766,17.4125919342041,9.524261474609375,5.9068989753723145,4.525225639343262,3.5474934577941895,3.2099380493164062,3.029705762863159,2.5118846893310547,2.4039862155914307,2.294133424758911,2.147350549697876,2.0745291709899902,1.918479084968567,7820.970703125,116.5174560546875,31.745553970336914,8.855852127075195,4.251858711242676,2.957061290740967,2.8607687950134277,2.2347757816314697,2.094574213027954
520000,530001,17,9,253,196,0,10899.189453125,239.3614044189453,101.71380615234375,35.33319091796875,17.00800323486328,8.0497407913208,4.4696149826049805,3.5197763442993164,2.3215248584747314,1.6839213371276855,1.5279974937438965,1.2832099199295044,1.1614092588424683,1.0656766891479492,0.9449434876441956,0.8661711812019348,0.8168378472328186,7933.8828125,116.36251831054688,27.325302124023438,7.66974401473999,3.6088714599609375,1.7904149293899536,1.1939821243286133,1.009308099746704,0.9391648173332214
520000,530001,17,9,253,196,1,10899.7470703125,240.01171875,101.50669860839844,35.15326690673828,17.318069458007812,7.614831447601318,4.248408317565918,3.3032970428466797,2.0861964225769043,1.745591640472412,1.5758367776870728,1.3564462661743164,1.204420566558838,0.9938936233520508,0.9134589433670044,0.9020623564720154,0.8660425543785095,7934.14404296875,116.68121337890625,27.514122009277344,7.431726932525635,3.2456259727478027,1.689479112625122,1.3611035346984863,1.0748107433319092,0.8938385248184204
525000,535001,17,9,248,201,0,10762.2978515625,216.10426330566406,106.06185150146484,39.21059036254883,17.80520248413086,11.86951732635498,6.964938163757324,5.651463031768799,5.404609680175781,4.52642297744751,4.083047866821289,3.839625597000122,3.5879955291748047,3.4544708728790283,3.285672664642334,3.170245885848999,2.9482290744781494,7825.96875,115.9467544555664,30.168109893798828,9.949517250061035,5.902129173278809,4.393855094909668,3.8694028854370117,3.6594245433807373,3.242903709411621
525000,535001,17,9,248,201,1,10762.3916015625,215.13327026367188,106.34192657470703,40.22964859008789,18.035751342773438,12.132925987243652,6.864578723907471,6.024916172027588,5.5433783531188965,4.587222576141357,4.334287643432617,3.8895201683044434,3.723022699356079,3.5230746269226074,3.363564968109131,3.150092840194702,2.9832279682159424,7826.0322265625,115.75077056884766,30.898916244506836,10.06594181060791,6.147820472717285,4.70749568939209,3.868332624435425,3.661095142364502,3.44545841217041
530000,540001,17,9,254,205,0,11069.0498046875,232.585693359375,104.39202880859375,39.85486602783203,20.125595092773438,10.810538291931152,6.780585765838623,5.44037389755249,5.142992973327637,4.262081146240234,3.924888849258423,3.782498598098755,3.376253843307495,3.1295855045318604,3.0728771686553955,2.8583409786224365,2.619450330734253,8051.04638671875,107.44983673095703,34.05219650268555,9.46326732635498,5.243133544921875,4.300162315368652,3.8390109539031982,3.2787024974823,2.823451280593872
530000,540001,17,9,254,205,1,11067.3984375,232.4312744140625,105.064208984375,39.99588394165039,20.327861785888672,11.116182327270508,6.809935569763184,5.587386131286621,5.215972900390625,4.187743186950684,3.969200849533081,3.777102470397949,3.423320770263672,3.1841864585876465,3.1073288917541504,2.9408137798309326,2.5776824951171875,8049.91259765625,107.97108459472656,34.17679977416992,9.600067138671875,5.484405040740967,4.5850324630737305,3.6287505626678467,3.3896851539611816,2.6601908206939697
535000,545001,17,9,250,197,0,10972.224609375,234.60641479492188,103.193603515625,36.612300872802734,18.36607551574707,10.441953659057617,7.445507526397705,6.020995616912842,4.2979736328125,4.044220924377441,3.9122097492218018,3.7224202156066895,3.505610704421997,3.359746217727661,3.2962279319763184,3.0954625606536865,2.8480184078216553,7987.61767578125,112.16441345214844,29.906478881835938,8.475017547607422,5.765353202819824,4.301899433135986,3.791985034942627,3.647142171859741,3.188319206237793
535000,545001,17,9,250,197,1,10971.60546875,233.6808319091797,102.765625,36.17416763305664,17.7215633392334,9.719109535217285,7.252758026123047,6.049348831176758,4.323927402496338,4.241419792175293,3.9742751121520996,3.650158166885376,3.505952835083008,3.3317503929138184,3.2522025108337402,3.0263848304748535,2.9136602878570557,7987.0029296875,111.9300537109375,30.007740020751953,8.194097518920898,5.682180881500244,4.208539009094238,3.87811279296875,3.5420827865600586,3.223984479904175
540000,550001,17,9,252,199,0,11006.1806640625,227.0311279296875,101.224365234375,35.86498260498047,22.03649139404297,10.442988395690918,7.6703314781188965,5.430625915527344,4.296108722686768,3.571951150894165,3.367666721343994,2.9242892265319824,2.5029942989349365,2.372403383255005,2.3139383792877197,2.1781954765319824,2.057631731033325,7994.666015625,104.76063537597656,31.153867721557617,10.275654792785645,5.5557050704956055,3.4896297454833984,3.14076566696167,2.5605716705322266,2.321688413619995
540000,550001,17,9,252,199,1,11003.9951171875,226.2601776123047,100.90787506103516,35.932411193847656,21.6396484375,11.019036293029785,7.772482395172119,5.548650741577148,4.259461402893066,3.6771740913391113,3.2574691772460938,2.9535374641418457,2.6541707515716553,2.5668270587921143,2.389085292816162,2.1436874866485596,2.0875775814056396,7993.2958984375,104.32243347167969,31.195138931274414,10.457653045654297,5.573205947875977,3.6239840984344482,3.2110846042633057,2.7174339294433594,2.474219799041748
545000,555001,17,9,255,210,0,11069.2041015625,247.81448364257812,117.53704833984375,42.7559928894043,21.830411911010742,12.53117561340332,7.307280540466309,5.646000862121582,3.9648830890655518,3.4570906162261963,3.2592947483062744,2.936285972595215,2.6628262996673584,2.615265130996704,2.451270818710327,2.198408842086792,1.9634400606155396,8042.72607421875,127.1062240600586,33.95875930786133,10.939644813537598,5.965450286865234,3.445483684539795,3.0950098037719727,2.5464751720428467,2.2793524265289307
545000,555001,17,9,255,210,1,11068.6376953125,248.06695556640625,116.83235931396484,42.717716217041016,22.260286331176758,12.451969146728516,7.445185661315918,5.974007606506348,4.060814380645752,3.9241507053375244,3.4973950386047363,2.748891830444336,2.636197566986084,2.44785213470459,2.3726987838745117,2.15800404548645,1.899903655052185,8042.21533203125,127.54792022705078,33.9925537109375,10.926717758178711,5.933471202850342,3.4794750213623047,2.9565508365631104,2.5093657970428467,2.1942107677459717
550000,560001,17,9,250,199,0,11160.87890625,248.28964233398438,110.83545684814453,39.69327926635742,20.87783432006836,10.558672904968262,7.678645610809326,5.598783493041992,4.2831854820251465,4.141863822937012,3.631288528442383,3.469489574432373,3.2638704776763916,3.1992502212524414,3.0092785358428955,2.8136916160583496,2.710524082183838,8151.11279296875,119.29472351074219,29.14254379272461,10.208200454711914,5.223364353179932,3.909963607788086,3.317002296447754,3.142765998840332,2.8523716926574707
550000,560001,17,9,250,199,1,11160.380859375,247.87356567382812,110.11375427246094,38.53785705566406,20.374835968017578,10.75078010559082,7.632523059844971,5.45332670211792,4.800407409667969,4.436519145965576,3.7237584590911865,3.552058458328247,3.5363757610321045,3.2190022468566895,3.1109519004821777,2.952686309814453,2.7342066764831543,8150.85009765625,118.83724975585938,28.95645523071289,10.175378799438477,5.41880464553833,4.235055923461914,3.4733147621154785,3.0484511852264404,2.9697885513305664
555000,565001,17,9,253,200,0,11219.78125,241.84654235839844,109.96446990966797,40.36444091796875,22.353885650634766,11.928956031799316,8.138909339904785,5.156815528869629,4.575972080230713,3.5225865840911865,3.285719156265259,2.945554256439209,2.9021472930908203,2.446950912475586,2.2077107429504395,1.9223012924194336,1.795578122138977,8170.1650390625,116.06773376464844,33.537818908691406,10.668506622314453,4.647885799407959,3.4621784687042236,3.075129985809326,2.5257439613342285,2.3388752937316895
555000,565001,17,9,253,200,1,11220.109375,242.2770233154297,110.94195556640625,40.79854202270508,22.226377487182617,11.757617950439453,7.97095251083374,5.346732139587402,4.7511749267578125,3.5035336017608643,3.240481376647949,2.579277276992798,2.572869300842285,2.3050036430358887,2.097992420196533,1.862799882888794,1.7337089776992798,8170.36767578125,116.86447143554688,34.05063247680664,10.726700782775879,4.881556510925293,3.6435470581054688,2.7514214515686035,2.363217830657959,2.0631051063537598
560000,570001,17,9,251,203,0,11270.966796875,283.3517761230469,115.73405456542969,40.394290924072266,23.170324325561523,10.674034118652344,6.922451019287109,5.023987770080566,4.340069770812988,4.132893085479736,3.5562050342559814,3.412990093231201,2.9073028564453125,2.636045455932617,2.5165042877197266,2.376100540161133,2.2364585399627686,8221.5546875,129.98333740234375,35.53600311279297,9.21774959564209,5.4012770652771,3.864503860473633,3.3401918411254883,2.864504814147949,2.616530179977417
560000,570001,17,9,251,203,1,11264.4892578125,284.83343505859375,116.91860961914062,41.08666229248047,23.656511306762695,10.54690933227539,6.90549898147583,5.165061950683594,4.57675313949585,4.0943284034729,3.584054946899414,3.3513641357421875,2.996063470840454,2.750229597091675,2.6400890350341797,2.490877151489258,2.261927366256714,8217.17578125,131.00257873535156,35.76181411743164,9.02457332611084,5.406517028808594,3.8581418991088867,3.615989923477173,2.8674256801605225,2.7053329944610596
565000,575001,17,9,252,206,0,11289.2041015625,253.98538208007812,100.32625579833984,41.787906646728516,21.307437896728516,10.60489273071289,7.337956428527832,5.333825588226318,4.85059928894043,4.366583347320557,4.059009075164795,3.5681135654449463,3.197042465209961,3.0835437774658203,2.7045249938964844,2.496586561203003,2.352634906768799,8216.564453125,121.01914978027344,32.220638275146484,9.854849815368652,5.164410591125488,3.918020725250244,3.758512258529663,3.1345317363739014,2.7948501110076904
565000,575001,17,9,252,206,1,11288.6796875,254.68270874023438,99.99803924560547,41.42269515991211,21.403169631958008,11.021955490112305,7.820603370666504,5.098896503448486,4.711297035217285,4.150960445404053,3.2690348625183105,3.1380302906036377,2.768490791320801,2.685530185699463,2.34218430519104,2.121788263320923,1.8135044574737549,8216.2158203125,121.48429107666016,32.354331970214844,9.900128364562988,4.995929718017578,3.7243592739105225,3.2120985984802246,2.578845977783203,2.2750308513641357
570000,580001,17,9,250,200,0,11290.8984375,241.04598999023438,110.8232421875,37.86966323852539,18.837818145751953,10.504207611083984,6.297464847564697,5.583232402801514,4.219319820404053,3.5605320930480957,3.2769360542297363,3.020965337753296,2.936525583267212,2.440901756286621,2.2415952682495117,2.1918203830718994,1.8020317554473877,8221.9951171875,119.93305206298828,29.07213592529297,9.477555274963379,5.086084842681885,3.7336502075195312,3.1259572505950928,2.6633286476135254,2.379181385040283
570000,580001,17,9,250,200,1,11291.748046875,243.40145874023438,112.02560424804688,37.93913269042969,19.60525894165039,11.244315147399902,6.274104118347168,5.224929332733154,4.4690632820129395,3.983407735824585,3.339942455291748,2.877741575241089,2.593381404876709,2.503817081451416,2.4890522956848145,2.0390548706054688,1.8814949989318848,8222.359375,121.38484191894531,29.45501136779785,9.897521018981934,5.041641712188721,3.819363832473755,3.234257221221924,2.6154046058654785,2.4038474559783936
575000,585001,17,9,252,209,0,11496.783203125,228.46401977539062,96.1016616821289,38.24820327758789,17.742647171020508,9.464600563049316,5.727884769439697,4.304871082305908,3.520596981048584,2.7607779502868652,2.733319044113159,2.372340679168701,2.080244541168213,1.9843586683273315,1.8424968719482422,1.5571407079696655,1.4712896347045898,8367.4169921875,104.97468566894531,30.850156784057617,8.070516586303711,4.142683506011963,2.9184932708740234,2.26039719581604,2.0297205448150635,1.8463225364685059
575000,585001,17,9,252,209,1,11494.6455078125,230.60850524902344,96.29315185546875,38.864742279052734,18.10609245300293,9.334355354309082,6.0201191902160645,4.396174907684326,3.519413948059082,2.9373791217803955,2.9142909049987793,2.4377028942108154,2.089599847793579,1.9670565128326416,1.829392910003662,1.7152637243270874,1.475145936012268,8365.7470703125,105.63187408447266,31.303014755249023,8.03380012512207,4.336082458496094,2.911004066467285,2.2865538597106934,2.091326951980591,1.947980523109436
580000,590001,17,9,251,201,0,11400.349609375,248.3853759765625,111.19495391845703,40.76163864135742,19.958724975585938,11.353325843811035,6.5528564453125,4.615576267242432,3.6569983959198,3.1218297481536865,2.8745784759521484,2.5991718769073486,2.428847074508667,2.083800792694092,1.931565284729004,1.9126780033111572,1.7758407592773438,8288.8359375,117.38475036621094,33.79757308959961,10.178787231445312,4.214659690856934,3.167450428009033,2.6004202365875244,2.4274284839630127,1.9470230340957642
580000,590001,17,9,251,201,1,11399.865234375,247.03663635253906,111.26141357421875,39.57380676269531,19.493003845214844,11.136975288391113,6.7215471267700195,4.818403244018555,3.5926051139831543,3.3202450275421143,3.2484993934631348,2.9173004627227783,2.629753589630127,2.203949451446533,2.067030668258667,1.944279670715332,1.8622432947158813,8288.1796875,117.44401550292969,33.187068939208984,9.98776626586914,4.2342658042907715,3.41662335395813,2.727670192718506,2.568342685699463,1.9715372323989868
585000,595001,17,9,249,206,0,11486.033203125,230.3103790283203,112.15580749511719,35.5526008605957,18.299333572387695,8.450510025024414,6.016003608703613,4.42844295501709,3.2518763542175293,2.9751954078674316,2.478891134262085,2.250408172607422,1.989830732345581,1.8251118659973145,1.7284810543060303,1.5008536577224731,1.4753804206848145,8346.2880859375,112.05683135986328,30.23365020751953,7.788835048675537,4.443294048309326,2.9359796047210693,2.217115879058838,1.895521640777588,1.5277774333953857
585000,595001,17,9,249,206,1,11484.77734375,231.73109436035156,112.93037414550781,36.222896575927734,18.424007415771484,8.857756614685059,5.858455657958984,4.483563423156738,3.1032683849334717,2.8270270824432373,2.6596102714538574,2.2621307373046875,1.9712762832641602,1.880876898765564,1.7411503791809082,1.5871301889419556,1.4937266111373901,8345.6669921875,112.54232788085938,30.356773376464844,7.851469039916992,4.487489700317383,2.860658884048462,2.384686231613159,1.7617639303207397,1.55074143409729
590000,600001,17,9,254,214,0,11649.3603515625,250.85287475585938,105.38501739501953,39.69572448730469,18.31435203552246,10.089337348937988,6.683162689208984,5.375701427459717,5.1953325271606445,4.627936363220215,4.095722675323486,3.8951475620269775,3.6756021976470947,3.5977394580841064,3.342878580093384,3.2536377906799316,3.067295551300049,8473.673828125,127.23621368408203,31.33683967590332,9.142254829406738,5.373598098754883,4.297695159912109,4.004485130310059,3.579610586166382,3.4427402019500732
590000,600001,17,9,254,214,1,11644.525390625,251.4419403076172,106.27029418945312,40.30750274658203,19.081340789794922,10.271172523498535,6.606253147125244,5.250293254852295,5.085650444030762,4.429673194885254,3.8262014389038086,3.5340418815612793,3.440467119216919,3.3527543544769287,3.112976312637329,3.036320209503174,2.922628879547119,8470.0263671875,127.63641357421875,32.458194732666016,9.507782936096191,5.207573890686035,4.062497615814209,3.836383104324341,3.391367197036743,3.0400352478027344
595000,605001,17,9,253,201,0,11669.2314453125,263.1577453613281,105.39515686035156,41.15129852294922,22.032018661499023,11.863536834716797,7.109327793121338,5.3011088371276855,4.60590124130249,3.985585927963257,3.635392427444458,3.4883358478546143,3.006852626800537,2.949206829071045,2.7540805339813232,2.635097026824951,2.473301649093628,8501.4052734375,112.52056884765625,34.88276290893555,10.128512382507324,5.359675407409668,3.707353353500366,3.504870653152466,2.773730516433716,2.7053048610687256
595000,605001,17,9,253,201,1,11673.904296875,261.687255859375,104.74749755859375,41.037994384765625,21.897092819213867,11.868078231811523,7.003475189208984,5.33505392074585,4.607513904571533,3.919196605682373,3.4649150371551514,3.3780176639556885,2.9152114391326904,2.824117660522461,2.6469202041625977,2.5325472354888916,2.419001579284668,8504.51171875,111.91350555419922,34.284751892089844,10.071171760559082,5.524993419647217,3.671811103820801,3.4357664585113525,2.689063787460327,2.5739994049072266
600000,610001,17,9,254,205,0,11786.2373046875,229.06385803222656,106.58109283447266,36.6253776550293,18.981664657592773,10.214567184448242,6.4634599685668945,5.0762038230896,4.341657638549805,3.7420709133148193,3.349975109100342,2.7353837490081787,2.5809876918792725,2.4386398792266846,2.393198013305664,2.1247599124908447,2.0107147693634033,8581.6142578125,116.49870300292969,26.31046485900879,8.837930679321289,5.139433860778809,3.397937536239624,2.9989898204803467,2.4939064979553223,2.2697062492370605
600000,610001,17,9,254,205,1,11788.1669921875,227.89932250976562,106.13088989257812,36.2933464050293,18.751094818115234,10.267932891845703,6.253282070159912,4.918811321258545,4.104955196380615,4.047130107879639,3.075108289718628,2.7719438076019287,2.5557637214660645,2.4558587074279785,2.3800666332244873,2.143453359603882,1.9265081882476807,8583.080078125,116.0130386352539,25.986268997192383,8.631077766418457,4.827492713928223,2.893476724624634,2.672903299331665,2.5229225158691406,2.1748554706573486
605000,615001,17,9,252,204,0,11801.5166015625,263.8616638183594,102.65225982666016,40.22844696044922,22.160614013671875,11.160114288330078,7.683175086975098,5.997413635253906,4.817887306213379,3.721304178237915,3.288365602493286,3.100557327270508,2.850130081176758,2.78049373626709,2.486589193344116,2.3373489379882812,2.1080706119537354,8611.044921875,114.17353820800781,31.65972900390625,10.266684532165527,5.9537858963012695,3.246826171875,2.9886085987091064,2.5789220333099365,2.5523900985717773
605000,615001,17,9,252,204,1,11806.595703125,263.7032165527344,103.06443786621094,39.885765075683594,22.125295639038086,11.03681468963623,6.935818672180176,6.028632640838623,5.123217582702637,4.048907279968262,3.361910104751587,3.160419464111328,2.9105851650238037,2.8536744117736816,2.5560302734375,2.3549399375915527,2.28603196144104,8614.408203125,114.2593994140625,31.329652786254883,9.792051315307617,5.876823425292969,3.526750087738037,3.1555964946746826,2.8296709060668945,2.5283334255218506
610000,620001,17,9,250,205,0,11780.1728515625,257.6083679199219,98.50028228759766,35.0256233215332,18.87989044189453,9.427755355834961,5.643717288970947,3.9634106159210205,2.9854485988616943,2.687587261199951,2.1239864826202393,1.9489058256149292,1.8119122982025146,1.5362727642059326,1.3907558917999268,1.3172352313995361,1.1246386766433716,8582.35546875,111.29930877685547,27.956392288208008,8.095166206359863,3.6694600582122803,2.493274450302124,1.7293453216552734,1.53170645236969,1.3847168684005737
610000,620001,17,9,250,205,1,11778.9775390625,257.2159729003906,98.39846801757812,34.95867156982422,18.66437339782715,9.534624099731445,5.646969318389893,4.054318428039551,3.2939162254333496,2.4118196964263916,2.1349830627441406,1.9946038722991943,1.6578630208969116,1.5676583051681519,1.4070193767547607,1.3458610773086548,1.119398593902588,8581.5703125,111.2686767578125,27.73560333251953,8.213425636291504,4.084776878356934,2.480865240097046,1.7762413024902344,1.5318068265914917,1.3489573001861572
615000,625001,17,9,250,215,0,11807.8134765625,231.35003662109375,110.04814147949219,35.96345901489258,18.33299446105957,9.830795288085938,6.336740016937256,4.977075576782227,4.28817892074585,3.7423601150512695,3.227841377258301,2.858787775039673,2.424903154373169,2.3663365840911865,2.1667213439941406,2.094345808029175,1.9916507005691528,8592.265625,116.54238891601562,31.711267471313477,7.827552795410156,4.551458358764648,4.031083583831787,3.135862112045288,2.210543394088745,2.1605031490325928
615000,625001,17,9,250,215,1,11809.123046875,231.54930114746094,110.4695816040039,36.32924270629883,19.5533504486084,9.704944610595703,6.068631172180176,5.1325836181640625,4.46876335144043,3.773771286010742,3.3147544860839844,3.02731990814209,2.646787643432617,2.4075751304626465,2.2388699054718018,2.078413963317871,1.8708982467651367,8593.2431640625,117.04297637939453,32.106109619140625,7.828999996185303,4.803069114685059,4.176531791687012,3.324542760848999,2.229461669921875,1.9872997999191284
620000,630001,17,9,250,212,0,11862.068359375,254.11880493164062,118.97581481933594,38.20017623901367,23.087678909301758,10.945043563842773,6.798000812530518,4.92518424987793,4.042055130004883,3.6122121810913086,3.089111328125,2.760448932647705,2.6656429767608643,2.581773042678833,2.3598992824554443,2.27925705909729,1.9462324380874634,8642.9541015625,125.0697021484375,32.361934661865234,10.25355052947998,4.898906707763672,3.347679376602173,2.804147720336914,2.5537378787994385,2.3517775535583496
620000,630001,17,9,250,212,1,11858.046875,255.0985870361328,119.76477813720703,39.03053283691406,23.89958953857422,11.073394775390625,7.064901828765869,4.959770202636719,4.004398345947266,3.6544251441955566,2.905225992202759,2.703019857406616,2.593102216720581,2.329012155532837,2.188211441040039,1.9912350177764893,1.8791658878326416,8640.1240234375,125.7161865234375,32.73601531982422,10.466594696044922,4.868763446807861,3.4138433933258057,2.6592307090759277,2.4281883239746094,2.2894949913024902
625000,635001,17,9,253,208,0,12007.9521484375,240.8211669921875,96.15168762207031,35.399940490722656,20.226036071777344,10.814866065979004,7.431567668914795,5.8800482749938965,5.435781002044678,4.5064239501953125,3.988137722015381,3.768688917160034,3.2443127632141113,3.0046610832214355,2.8607735633850098,2.642136335372925,2.5892601013183594,8737.3037109375,107.27780151367188,26.77805519104004,10.362800598144531,5.550084114074707,4.228546142578125,4.137363433837891,3.3960909843444824,2.8801703453063965
625000,635001,17,9,253,208,1,12006.1728515625,239.98426818847656,95.54888153076172,35.17919158935547,19.860694885253906,10.849823951721191,7.477818489074707,5.933345317840576,5.548359394073486,4.629921913146973,4.07747220993042,3.503002643585205,3.1825239658355713,2.869593381881714,2.6943185329437256,2.6054728031158447,2.501518726348877,8736.18359375,106.89531707763672,26.619457244873047,10.509594917297363,5.419294357299805,4.465048789978027,4.0147857666015625,3.1791493892669678,2.8867194652557373
630000,640001,17,9,252,210,0,12142.919921875,252.8961181640625,103.1559829711914,39.79901885986328,21.17737579345703,12.080056190490723,8.93775749206543,7.441637992858887,5.7878265380859375,5.166004180908203,4.863555431365967,4.37685489654541,4.170623302459717,3.7180161476135254,3.457442283630371,3.3534696102142334,3.2358407974243164,8841.619140625,113.71464538574219,33.729129791259766,11.199759483337402,7.041659355163574,5.423416614532471,4.601863861083984,3.6990737915039062,3.3899052143096924
630000,640001,17,9,252,210,1,12143.3671875,252.8191375732422,103.0434341430664,40.10938262939453,20.61307716369629,11.337570190429688,8.824443817138672,7.178167343139648,5.521337032318115,4.955219745635986,4.889376640319824,4.393362045288086,4.239355564117432,4.002585411071777,3.6730010509490967,3.3626930713653564,3.323235273361206,8841.88671875,113.95214080810547,33.36799240112305,10.651192665100098,6.943032741546631,5.364797592163086,4.653956890106201,3.849518060684204,3.461296558380127
635000,645001,17,9,248,202,0,12018.8828125,249.11154174804688,109.31626892089844,37.395904541015625,19.629310607910156,9.966793060302734,6.274510383605957,4.776825428009033,4.308581352233887,4.022147178649902,3.362751007080078,3.058995246887207,2.7974634170532227,2.429201602935791,2.342695713043213,2.2255446910858154,1.8273181915283203,8764.1845703125,114.58733367919922,30.763912200927734,9.109562873840332,4.696390151977539,3.7125322818756104,3.219850540161133,2.5395145416259766,2.146090507507324
635000,645001,17,9,248,202,1,12018.1552734375,247.37892150878906,109.24108123779297,37.070228576660156,19.815982818603516,10.409065246582031,6.4281744956970215,5.130392074584961,4.536736965179443,4.3944010734558105,3.3313539028167725,3.158581256866455,2.901353120803833,2.6594302654266357,2.497960090637207,2.3040456771850586,2.0806291103363037,8763.7109375,113.82595825195312,30.120262145996094,8.855534553527832,4.961674213409424,3.800999164581299,3.240661382675171,2.682795763015747,2.5135598182678223
640000,650001,17,9,251,211,0,12217.7177734375,218.97732543945312,110.55477905273438,38.14482879638672,21.665924072265625,11.933629035949707,7.679782867431641,5.741133213043213,5.146301746368408,4.9598846435546875,4.499386310577393,4.164124965667725,3.7236008644104004,3.6407084465026855,3.4701993465423584,3.297154426574707,3.156414747238159,8890.7470703125,113.81114959716797,31.883543014526367,9.85782241821289,5.683492183685303,4.470641613006592,3.8850202560424805,3.6820719242095947,3.22027850151062
640000,650001,17,9,251,211,1,12220.9775390625,220.26210021972656,110.97163391113281,38.78556442260742,21.96134376525879,12.020837783813477,8.239141464233398,5.750063896179199,5.220242977142334,4.959007263183594,4.493880271911621,4.202697277069092,3.783505916595459,3.6694321632385254,3.4745614528656006,3.329822063446045,2.829637050628662,8893.0439453125,114.15438079833984,32.8206901550293,9.945269584655762,5.821528434753418,4.164638042449951,4.079892158508301,3.8483901023864746,2.9289634227752686
645000,655001,17,9,254,207,0,12239.3115234375,231.79893493652344,99.1063232421875,34.653709411621094,17.859542846679688,10.178232192993164,8.75776481628418,7.181093215942383,6.599948406219482,6.067161560058594,5.737844944000244,5.306996822357178,5.122146129608154,4.854888916015625,4.6434760093688965,4.357328414916992,4.157411575317383,8904.2451171875,108.47000122070312,29.455177307128906,9.643990516662598,7.356365203857422,6.070927619934082,5.703822135925293,5.168779373168945,4.689525604248047
645000,655001,17,9,254,207,1,12236.357421875,231.1953887939453,99.09391021728516,34.451393127441406,17.262805938720703,9.785664558410645,8.75707721710205,7.316005229949951,6.714225769042969,5.8485918045043945,5.462344169616699,5.3669114112854,4.800384998321533,4.660264015197754,4.584472179412842,4.295697212219238,4.194899082183838,8902.0205078125,108.67060852050781,29.251388549804688,9.30967903137207,7.6212077140808105,5.836165428161621,5.425570011138916,5.281213760375977,4.443788528442383
650000,660001,17,9,253,217,0,12287.7578125,243.550048828125,106.83277130126953,36.84150314331055,21.03744888305664,13.772231101989746,6.812108039855957,5.781665325164795,4.611367225646973,4.073188781738281,3.584883213043213,3.3766610622406006,3.064552068710327,2.9018290042877197,2.7679378986358643,2.6039111614227295,2.5163798332214355,8942.240234375,111.13858032226562,32.11848068237305,11.300745010375977,5.162126064300537,3.8506557941436768,3.391927719116211,3.075284242630005,2.7068586349487305
650000,660001,17,9,253,217,1,12288.1875,242.71583557128906,106.92735290527344,35.896175384521484,20.808921813964844,13.165022850036621,6.371608257293701,5.309671878814697,4.5566182136535645,4.184319972991943,3.681288003921509,3.379324197769165,3.030463695526123,2.956333875656128,2.755648612976074,2.5634312629699707,2.318049430847168,8942.8095703125,111.43778991699219,31.675201416015625,10.500993728637695,5.094194412231445,3.9456892013549805,3.593477487564087,3.053126335144043,2.6309077739715576
655000,665001,17,9,250,207,0,12182.609375,217.0281524658203,117.06851959228516,38.09588623046875,20.586990356445312,10.738969802856445,8.026813507080078,6.1154327392578125,4.838906764984131,4.576021194458008,4.362657070159912,4.224064350128174,3.979754686355591,3.785081624984741,3.7156269550323486,3.3113718032836914,2.947391986846924,8843.787109375,114.19302368164062,33.09284591674805,10.388337135314941,6.163732528686523,4.412540435791016,4.202059268951416,4.034005165100098,3.115757465362549
655000,665001,17,9,250,207,1,12182.8349609375,220.2766571044922,117.57839965820312,38.59440231323242,20.725967407226562,10.616802215576172,7.618556976318359,5.798933506011963,4.781441688537598,4.4884033203125,4.466691017150879,4.167022228240967,3.9528756141662598,3.590589761734009,3.4878196716308594,3.179202079772949,2.9020798206329346,8843.9375,114.90241241455078,34.02091598510742,10.60938549041748,5.647529602050781,4.237856388092041,4.185789108276367,4.129757404327393,3.070699453353882
660000,670001,17,9,251,212,0,12423.28515625,259.2905578613281,98.28648376464844,33.812442779541016,17.081300735473633,9.111265182495117,6.177961826324463,5.60369873046875,5.063375949859619,4.57850980758667,3.998002290725708,3.853534698486328,3.4296083450317383,3.2249655723571777,3.0748865604400635,2.908661127090454,2.6842451095581055,9045.9716796875,115.26519775390625,26.094282150268555,8.01074504852295,4.681865692138672,4.6203484535217285,3.928525447845459,3.3636772632598877,2.9473423957824707
660000,670001,17,9,251,212,1,12427.3037109375,259.3265075683594,98.04779052734375,34.12337112426758,17.533124923706055,9.567267417907715,6.22617244720459,5.529050350189209,5.208475112915039,4.425538539886475,4.20271110534668,3.925758123397827,3.6094987392425537,3.2757675647735596,3.131134510040283,3.0951311588287354,2.8603458404541016,9049.052734375,115.16474914550781,26.163591384887695,8.303961753845215,4.81587553024292,4.540781021118164,3.960991859436035,3.683354616165161,3.0071377754211426
665000,675001,17,9,253,205,0,12485.0712890625,244.87506103515625,114.46358489990234,37.91825485229492,18.89452362060547,10.820760726928711,6.082956790924072,4.86037015914917,3.5312352180480957,3.073387622833252,2.848799467086792,2.571474075317383,2.5262625217437744,2.1899609565734863,2.1300978660583496,1.8782907724380493,1.8304557800292969,9084.203125,126.66735076904297,32.26327133178711,9.39564323425293,4.832912921905518,3.0774402618408203,2.6577541828155518,2.4929492473602295,2.143209218978882
665000,675001,17,9,253,205,1,12488.4130859375,245.5812225341797,115.383544921875,37.8494873046875,18.814456939697266,10.706427574157715,6.083609104156494,4.76459264755249,3.440614938735962,2.8653202056884766,2.7810044288635254,2.4524967670440674,2.194507122039795,2.1568973064422607,2.022965431213379,1.9159475564956665,1.8247202634811401,9086.712890625,127.31251525878906,32.19977951049805,9.317947387695312,4.708933353424072,2.864800453186035,2.4693338871002197,2.228487491607666,2.179076910018921
670000,680001,17,9,250,210,0,12464.767578125,240.13018798828125,101.6366958618164,39.777957916259766,20.934492111206055,10.711946487426758,7.244821548461914,5.820087909698486,4.28367280960083,3.29868483543396,2.9764273166656494,2.8566038608551025,2.8039541244506836,2.464245319366455,2.3243191242218018,2.0360188484191895,1.9435887336730957,9061.609375,110.19522857666016,32.23380661010742,9.438286781311035,5.592949867248535,3.1397433280944824,2.9396612644195557,2.364490509033203,2.1433095932006836
670000,680001,17,9,250,210,1,12467.01171875,240.37294006347656,101.41985321044922,39.51945877075195,20.370553970336914,10.637581825256348,7.130214691162109,5.853702545166016,4.245012283325195,3.0116124153137207,2.8507938385009766,2.6324305534362793,2.499025583267212,2.410072088241577,2.099425792694092,1.956328272819519,1.885002613067627,9063.1826171875,110.5241470336914,32.18311309814453,9.323811531066895,5.598687171936035,3.1999928951263428,2.5169966220855713,2.3721766471862793,2.0173308849334717
675000,685001,17,9,255,212,0,12617.583984375,242.8029022216797,119.15923309326172,36.50210952758789,19.456233978271484,10.3670072555542,8.43655014038086,5.976476192474365,4.447678565979004,3.6873209476470947,3.15313982963562,3.0499653816223145,2.5160555839538574,2.286092758178711,2.062819004058838,1.8885498046875,1.5419402122497559,9168.1298828125,123.89714813232422,33.943729400634766,9.266958236694336,5.406946182250977,3.5838987827301025,2.8605027198791504,2.3506293296813965,1.9496535062789917
675000,685001,17,9,255,212,1,12616.119140625,242.48941040039062,118.68112182617188,36.28125,19.9429874420166,10.383393287658691,8.336575508117676,5.980381011962891,4.495980262756348,3.8975236415863037,3.6288459300994873,3.245375394821167,2.636261224746704,2.5065910816192627,2.241126298904419,2.060760259628296,1.9054224491119385,9166.923828125,123.67999267578125,33.8327751159668,9.081402778625488,5.826107025146484,3.844834804534912,3.1648526191711426,2.581688404083252,2.218966484069824
680000,690001,17,9,251,222,0,12689.740234375,257.0475158691406,104.48995971679688,38.639801025390625,22.0497989654541,9.796046257019043,7.039967060089111,4.732211112976074,4.071332931518555,3.382941722869873,3.05600905418396,3.01892352104187,2.722881317138672,2.359144449234009,2.227410078048706,2.181302070617676,1.974915862083435,9230.724609375,115.06320190429688,34.613914489746094,9.13117790222168,4.84743595123291,3.206286668777466,2.9419264793395996,2.225476026535034,2.066124200820923
680000,690001,17,9,251,222,1,12691.3408203125,258.7696533203125,105.59148406982422,38.68526077270508,21.794084548950195,9.57496166229248,7.186416149139404,4.617095470428467,3.720116376876831,3.588550090789795,3.1667771339416504,3.0167346000671387,2.7208123207092285,2.4585225582122803,2.2381134033203125,2.1153111457824707,1.9880398511886597,9231.765625,115.98526763916016,34.81374740600586,9.07498550415039,4.622252464294434,3.231663703918457,2.91589617729187,2.4041218757629395,2.1766586303710938
685000,695001,17,9,252,222,0,12682.4951171875,245.15785217285156,106.86847686767578,39.90434265136719,20.260639190673828,10.085619926452637,6.3743062019348145,4.9350762367248535,3.9476938247680664,3.3649799823760986,3.0247623920440674,2.9127767086029053,2.7063682079315186,2.1041488647460938,2.067106008529663,1.8016759157180786,1.7365343570709229,9234.5673828125,116.35282135009766,31.926483154296875,9.739728927612305,4.9796462059021,3.099457263946533,2.9053564071655273,2.2813639640808105,1.8854843378067017
685000,695001,17,9,252,222,1,12679.16015625,247.3419647216797,107.71607971191406,39.40902328491211,19.64360809326172,9.850531578063965,6.348435878753662,5.0324273109436035,3.9206759929656982,3.4096803665161133,3.074981212615967,2.856870651245117,2.5779387950897217,2.1724774837493896,2.0834360122680664,1.9394711256027222,1.8203474283218384,9232.3349609375,117.31230926513672,31.848224639892578,9.675209999084473,5.008687973022461,3.324779748916626,2.763394355773926,2.367502212524414,2.039402723312378
690000,700001,17,9,253,209,0,12915.7158203125,234.17434692382812,109.58638000488281,36.52450180053711,20.13105583190918,10.500567436218262,6.975926399230957,4.800536155700684,3.5858542919158936,3.045435667037964,2.70971941947937,2.456040859222412,2.153228521347046,2.0508861541748047,1.8554764986038208,1.7248790264129639,1.5017927885055542,9408.625,115.68331146240234,31.28635597229004,9.190103530883789,5.103221893310547,2.981640100479126,2.4651496410369873,2.0940866470336914,1.7930485010147095
690000,700001,17,9,253,209,1,12916.068359375,235.38983154296875,109.90037536621094,36.469871520996094,19.989360809326172,10.48546028137207,7.074869632720947,4.809011459350586,3.4328651428222656,2.8922524452209473,2.4422762393951416,2.2083499431610107,1.9190490245819092,1.848183512687683,1.6429228782653809,1.5563979148864746,1.4564265012741089,9409.048828125,115.92179107666016,31.205875396728516,9.229754447937012,5.084374904632568,2.7799932956695557,2.3027889728546143,1.8661761283874512,1.6857061386108398
695000,705001,17,9,251,209,0,12988.1396484375,231.33531188964844,114.86410522460938,36.28601837158203,19.228477478027344,10.516429901123047,6.047740936279297,5.0377583503723145,3.8866045475006104,3.2800886631011963,2.9748780727386475,2.3431026935577393,2.2277708053588867,1.9635143280029297,1.878719687461853,1.6468076705932617,1.5056289434432983,9458.44921875,121.51216125488281,29.62363052368164,10.776680946350098,4.427584171295166,3.0554375648498535,2.9182679653167725,2.087855100631714,1.7924634218215942
695000,705001,17,9,251,209,1,12988.8583984375,231.51239013671875,115.06946563720703,36.639556884765625,19.0849666595459,10.073431968688965,5.626821517944336,4.6838297843933105,3.502225875854492,2.9390761852264404,2.8343052864074707,2.293410539627075,2.2148678302764893,1.9233571290969849,1.6960963010787964,1.5197988748550415,1.4088276624679565,9458.5244140625,121.92449188232422,29.704410552978516,10.48251724243164,4.226428031921387,2.78576922416687,2.5972578525543213,1.9432629346847534,1.6838037967681885
700000,710001,17,9,254,207,0,13120.8525390625,242.94900512695312,109.58194732666016,36.02234649658203,20.552549362182617,10.683256149291992,6.947691440582275,4.974997043609619,4.416242599487305,3.379924774169922,2.879493236541748,2.290405750274658,2.0410637855529785,1.9230984449386597,1.780505895614624,1.6113898754119873,1.5280874967575073,9532.369140625,115.35272979736328,29.68674659729004,9.305756568908691,5.1005425453186035,3.81667423248291,2.388169527053833,2.0611863136291504,1.7767753601074219
700000,710001,17,9,254,207,1,13128.0234375,243.45474243164062,109.4052505493164,35.86595916748047,20.92875099182129,10.61489200592041,7.30802059173584,5.217822074890137,4.436005115509033,3.2649009227752686,2.8481264114379883,2.499314308166504,2.4862098693847656,2.225816011428833,2.0137953758239746,1.792047142982483,1.585235595703125,9537.484375,115.26187896728516,30.107460021972656,9.518406867980957,5.347466468811035,3.3944339752197266,2.5833616256713867,2.157388210296631,1.8454997539520264
705000,715001,17,9,252,212,0,13157.6064453125,238.49066162109375,105.45309448242188,34.801910400390625,19.515705108642578,10.758813858032227,7.540599346160889,6.408718109130859,6.124517917633057,4.746962547302246,4.384517192840576,4.008852005004883,3.5645947456359863,3.4942872524261475,3.3605153560638428,3.0586752891540527,2.902209520339966,9571.412109375,108.9761962890625,30.97576141357422,10.117281913757324,6.027585983276367,5.1224045753479,4.099140644073486,3.782785415649414,3.135650634765625
705000,715001,17,9,252,212,1,13156.1171875,239.47409057617188,105.67329406738281,35.566917419433594,19.770509719848633,10.883184432983398,7.741104602813721,6.27351188659668,5.942080497741699,4.527566909790039,4.249117374420166,3.874629020690918,3.5854127407073975,3.165156126022339,3.081512689590454,2.898531198501587,2.6996521949768066,9570.3447265625,109.0511474609375,31.32769012451172,10.23674201965332,5.757993698120117,4.714176177978516,3.949219226837158,3.3430867195129395,2.8564822673797607
710000,720001,17,9,248,202,0,13187.373046875,221.70504760742188,99.98596954345703,35.74984359741211,20.636463165283203,9.827160835266113,6.837639808654785,4.727224826812744,4.170243263244629,3.8009727001190186,3.4808053970336914,3.084246873855591,2.6748549938201904,2.500878095626831,2.3383188247680664,2.21173095703125,2.1241250038146973,9583.287109375,105.04177856445312,29.698511123657227,10.20409107208252,4.561227321624756,3.4153003692626953,3.274474620819092,2.5924763679504395,2.348130226135254
710000,720001,17,9,248,202,1,13192.1767578125,221.6707305908203,100.29613494873047,35.11799240112305,20.707740783691406,9.72281551361084,6.559878826141357,4.979635715484619,4.2711181640625,3.6281871795654297,3.1486217975616455,2.951127290725708,2.6929850578308105,2.4417126178741455,2.204996109008789,2.082308053970337,1.9566617012023926,9586.5498046875,104.89215850830078,29.475147247314453,10.076752662658691,4.754701137542725,3.408620834350586,2.8413963317871094,2.446929693222046,2.1741526126861572
715000,725001,17,9,252,216,0,13339.4560546875,227.4374237060547,100.30685424804688,37.34515380859375,24.14466094970703,11.609708786010742,7.309360504150391,5.598127365112305,4.4190897941589355,4.176906108856201,3.905613422393799,3.7756271362304688,3.2779929637908936,3.1945104598999023,3.0593581199645996,2.785719633102417,2.631673574447632,9694.9970703125,110.66706848144531,33.895355224609375,11.008883476257324,5.046445846557617,4.120588302612305,3.7443981170654297,3.3527259826660156,2.843636989593506
715000,725001,17,9,252,216,1,13339.3564453125,227.57167053222656,99.7887954711914,36.63701629638672,23.072303771972656,11.227421760559082,7.316804885864258,5.368672847747803,4.559412002563477,4.1143269538879395,4.0118794441223145,3.6697146892547607,3.239332914352417,3.1557841300964355,3.037029266357422,2.8493258953094482,2.6816368103027344,9694.5419921875,110.29273223876953,33.392513275146484,10.786809921264648,4.973301887512207,4.171019077301025,3.4753785133361816,3.2631967067718506,3.0381765365600586
720000,730001,17,9,254,218,0,13566.6728515625,245.96971130371094,108.40591430664062,34.84662628173828,19.1682186126709,9.40178394317627,5.748149394989014,5.025012016296387,4.596914768218994,3.935824394226074,3.5514674186706543,2.9554107189178467,2.8454604148864746,2.5433247089385986,2.4649922847747803,2.38132643699646,2.1602306365966797,9875.3017578125,114.80625915527344,30.000099182128906,8.97792911529541,4.859823703765869,3.9997551441192627,3.6353671550750732,2.494767665863037,2.4582409858703613
720000,730001,17,9,254,218,1,13561.66015625,246.18040466308594,108.49786376953125,35.31126022338867,19.30362319946289,9.91272258758545,6.46932315826416,5.197589874267578,4.650314807891846,3.936772108078003,3.466987133026123,2.724273204803467,2.508089065551758,2.4695866107940674,2.331735134124756,2.16947865486145,2.0353901386260986,9871.7236328125,114.34355163574219,30.47722816467285,9.307110786437988,4.966984748840332,4.072272300720215,3.516810894012451,2.6090214252471924,2.3078136444091797
725000,735001,17,9,252,210,0,13521.966796875,248.4313201904297,109.9432144165039,36.563232421875,21.06636619567871,10.442255973815918,6.592094898223877,4.564698219299316,3.9057271480560303,3.653683662414551,3.4443306922912598,2.9377968311309814,2.7458739280700684,2.6083106994628906,2.341400146484375,2.283052444458008,2.1271233558654785,9850.9091796875,121.60319519042969,29.364980697631836,10.196873664855957,4.984074115753174,3.146247386932373,2.876570701599121,2.719212532043457,2.3031365871429443
725000,735001,17,9,252,210,1,13520.12890625,248.26234436035156,110.36737060546875,36.251590728759766,20.590442657470703,10.68369197845459,6.203411102294922,4.3889851570129395,3.795881986618042,3.575636148452759,3.3951549530029297,2.8220748901367188,2.545753002166748,2.442819356918335,2.398298501968384,2.1496076583862305,2.0670316219329834,9849.7822265625,121.53982543945312,29.09494400024414,10.3842191696167,4.499626636505127,3.1180195808410645,2.8082380294799805,2.457273006439209,2.3406894207000732
730000,740001,17,9,252,213,0,13613.857421875,242.5975799560547,108.30623626708984,34.34684371948242,20.63892364501953,10.5073823928833,8.833958625793457,7.751445293426514,6.696247577667236,6.108774185180664,5.618192195892334,5.2799601554870605,5.0851006507873535,4.795431137084961,4.632307052612305,4.155559539794922,4.070526599884033,9922.7470703125,119.96650695800781,28.848573684692383,9.810700416564941,7.848934173583984,6.328007221221924,5.368001461029053,5.233710765838623,4.264749050140381
730000,740001,17,9,252,213,1,13613.90625,240.84259033203125,107.72578430175781,34.40556335449219,20.763883590698242,10.723387718200684,8.73897647857666,7.6777215003967285,6.694149971008301,5.965047836303711,5.507186412811279,5.149599075317383,5.082584381103516,4.789048671722412,4.530648708343506,4.121018409729004,3.9004526138305664,9922.779296875,118.75955200195312,28.964876174926758,9.85422420501709,7.678689002990723,6.104700565338135,5.311877250671387,5.125131607055664,4.017966270446777
735000,745001,17,9,252,212,0,13732.150390625,233.3223876953125,109.30705261230469,38.98490524291992,19.7696590423584,10.69721794128418,6.374176979064941,5.3317766189575195,4.647857666015625,3.8311095237731934,3.6467015743255615,3.4173452854156494,3.2592272758483887,3.177854537963867,3.067610025405884,2.8337440490722656,2.7217421531677246,9989.876953125,113.6187973022461,32.07163619995117,9.579838752746582,5.122972011566162,3.508115291595459,3.322866201400757,3.202342987060547,2.8687071800231934
735000,745001,17,9,252,212,1,13730.396484375,232.68927001953125,109.32758331298828,39.11951446533203,19.431968688964844,10.319761276245117,6.544862270355225,5.352555751800537,4.370477676391602,3.4657294750213623,3.250748634338379,3.106292247772217,3.047192096710205,2.825887680053711,2.7559304237365723,2.6644513607025146,2.2964119911193848,9988.318359375,113.29247283935547,32.0816764831543,9.4984712600708,4.832064151763916,3.1887431144714355,3.082343578338623,2.853048324584961,2.7912964820861816
740000,750001,17,9,250,213,0,13802.25390625,225.84825134277344,95.96200561523438,35.118797302246094,18.671363830566406,11.592021942138672,6.741544723510742,5.736076831817627,5.312672138214111,4.871723651885986,4.511728286743164,4.177791118621826,3.9650166034698486,3.8656044006347656,3.614387035369873,3.3313827514648438,3.065884590148926,10034.74609375,103.47198486328125,28.630584716796875,10.876269340515137,5.90325927734375,4.835195064544678,4.411323547363281,4.042341232299805,3.775923728942871
740000,750001,17,9,250,213,1,13799.625,226.37368774414062,97.123291015625,35.615753173828125,19.06319808959961,11.173474311828613,6.623616695404053,5.235511779785156,4.898688316345215,4.53071928024292,4.205480575561523,3.8622777462005615,3.73765230178833,3.364537477493286,3.1546688079833984,2.997894048690796,2.7869153022766113,10032.7958984375,104.97320556640625,28.80304527282715,10.531006813049316,5.862142562866211,4.488861560821533,3.992429733276367,3.6001007556915283,3.378298282623291
745000,755001,17,9,250,216,0,13778.408203125,250.4302978515625,100.41736602783203,40.48887252807617,19.37960433959961,11.186881065368652,7.402833938598633,5.149281024932861,4.108997344970703,3.8124325275421143,3.46073579788208,3.0320816040039062,2.8885700702667236,2.7566745281219482,2.509409189224243,2.3656768798828125,2.231580972671509,10017.4931640625,122.42066192626953,31.239810943603516,10.410426139831543,5.126864910125732,3.6416516304016113,3.5446012020111084,2.9724645614624023,2.441192865371704
745000,755001,17,9,250,216,1,13777.634765625,249.508544921875,101.0431137084961,40.77564239501953,19.488128662109375,11.493993759155273,7.468294143676758,4.819456577301025,4.066641807556152,3.494248628616333,3.4146504402160645,2.9392800331115723,2.671795606613159,2.4215824604034424,2.2471251487731934,2.2208738327026367,2.0489284992218018,10017.265625,122.65560913085938,30.88564682006836,10.386653900146484,5.007457733154297,3.463996648788452,3.1543848514556885,2.7698683738708496,2.2900733947753906
750000,760001,17,9,255,215,0,14153.671875,269.2265625,114.94426727294922,36.56427001953125,21.22509765625,10.992236137390137,7.225647926330566,5.85680627822876,5.255881309509277,4.526575088500977,4.149555683135986,3.81475567817688,3.5339088439941406,3.3750176429748535,3.102949380874634,3.033167839050293,2.708878755569458,10304.74609375,127.8515853881836,33.056175231933594,9.81295394897461,5.906749725341797,4.5149383544921875,3.754473924636841,3.412005662918091,3.1745197772979736
750000,760001,17,9,255,215,1,14153.9580078125,268.3222351074219,114.30474090576172,36.80295181274414,21.36927604675293,11.103189468383789,7.086958408355713,5.799210071563721,5.171446323394775,4.550701141357422,4.03590726852417,3.853548288345337,3.7732410430908203,3.3886830806732178,3.264540433883667,2.9438838958740234,2.6561832427978516,10304.87890625,126.89620971679688,33.41286849975586,10.216226577758789,5.909960746765137,4.563484191894531,3.961164951324463,3.6159889698028564,2.9167044162750244
755000,765001,17,9,251,213,0,14065.134765625,227.0735321044922,103.3591537475586,35.75698471069336,17.207000732421875,9.860445022583008,7.481842517852783,6.361690998077393,5.792827606201172,5.008482456207275,4.645449161529541,4.218976974487305,3.9397342205047607,3.8626444339752197,3.5016672611236572,3.4140522480010986,3.1141321659088135,10224.875,105.89733123779297,32.67083740234375,9.162301063537598,6.022832870483398,4.8255934715271,4.592397212982178,4.330446720123291,3.563763380050659
755000,765001,17,9,251,213,1,14069.12890625,227.58045959472656,103.86505126953125,35.993431091308594,17.537837982177734,10.342551231384277,7.496058464050293,6.157238483428955,5.517809867858887,5.022474765777588,4.57575798034668,4.13377571105957,3.9815313816070557,3.856997013092041,3.439235210418701,3.315131664276123,3.072725772857666,10227.5009765625,106.71928405761719,32.58195877075195,8.962289810180664,5.87614107131958,5.019443035125732,4.487441539764404,3.944249391555786,3.581930160522461
760000,770001,17,9,254,215,0,14250.380859375,234.33241271972656,105.01900482177734,37.30052947998047,17.428150177001953,9.856600761413574,6.511178493499756,5.604180812835693,5.141504287719727,4.124292373657227,3.268422842025757,2.8235504627227783,2.766512393951416,2.5576562881469727,2.401855945587158,2.1793761253356934,1.9903465509414673,10374.2939453125,105.22286224365234,31.509450912475586,8.27882194519043,4.964857578277588,3.8276431560516357,3.0891175270080566,2.6147031784057617,2.067821502685547
760000,770001,17,9,254,215,1,14249.1884765625,234.75668334960938,104.66087341308594,36.75360870361328,17.404008865356445,9.596397399902344,6.530050754547119,5.129693031311035,4.895817756652832,3.9371085166931152,3.1377696990966797,2.8510212898254395,2.5570244789123535,2.331556797027588,2.0834081172943115,1.9406368732452393,1.809584617614746,10373.333984375,105.45360565185547,31.30876350402832,8.302331924438477,4.712759017944336,3.6500155925750732,3.029970407485962,2.494481325149536,1.9495066404342651
765000,775001,17,9,252,222,0,14257.9697265625,224.03463745117188,103.46280670166016,35.911373138427734,18.67418670654297,12.0491361618042,7.764986991882324,6.483156204223633,5.6351423263549805,5.1006269454956055,4.832005500793457,4.742405891418457,4.286855697631836,4.136953353881836,4.055343151092529,3.6019487380981445,3.474116086959839,10366.8115234375,107.6788101196289,31.879409790039062,9.865598678588867,7.05499267578125,5.846175193786621,4.615204811096191,4.111611366271973,3.8917036056518555
765000,775001,17,9,252,222,1,14253.7216796875,223.4807891845703,103.03721618652344,36.319664001464844,18.252962112426758,11.551024436950684,7.1779398918151855,6.192762851715088,5.661709308624268,4.891381740570068,4.703374862670898,4.327136039733887,4.192323684692383,4.103910446166992,3.819514513015747,3.570249557495117,3.2636566162109375,10363.9638671875,107.53111267089844,31.447725296020508,9.69585132598877,6.5590081214904785,5.306829929351807,4.3531413078308105,3.9636993408203125,3.7357537746429443
770000,780001,17,9,252,213,0,14321.3955078125,218.7755889892578,98.5540542602539,33.47500228881836,19.452301025390625,8.755606651306152,6.483765602111816,5.030280113220215,4.6488800048828125,4.306262969970703,4.110757350921631,4.050346374511719,3.510999917984009,3.452498435974121,3.2636399269104004,3.0195512771606445,2.8545913696289062,10404.3828125,104.27978515625,30.67485809326172,7.980439186096191,5.1929192543029785,4.031088829040527,3.756915330886841,3.581733226776123,3.4155986309051514
770000,780001,17,9,252,213,1,14325.4443359375,219.4207763671875,97.86128997802734,33.2495002746582,19.024015426635742,8.92209243774414,6.88405704498291,5.099282264709473,4.7368950843811035,4.241423606872559,4.168922424316406,3.802806854248047,3.706338882446289,3.5038344860076904,3.2607662677764893,2.9149303436279297,2.7428369522094727,10407.5224609375,104.32889556884766,30.646461486816406,8.246247291564941,5.254112243652344,4.104577541351318,3.788566827774048,3.527634620666504,3.3268871307373047
775000,785001,17,9,252,217,0,14315.1259765625,259.0228576660156,103.84693908691406,39.52781295776367,19.777374267578125,9.634044647216797,7.172791004180908,5.87562370300293,5.030229091644287,4.534918785095215,4.185368061065674,3.784221887588501,3.3018972873687744,3.1738240718841553,2.8865997791290283,2.6599934101104736,2.463736057281494,10419.8916015625,117.73316192626953,33.863582611083984,10.111573219299316,5.374058246612549,4.64145565032959,4.320152759552002,3.06821346282959,2.5421626567840576
775000,785001,17,9,252,217,1,14318.2001953125,258.9826354980469,104.29328918457031,40.30160903930664,20.235523223876953,9.264766693115234,6.789201259613037,5.559378623962402,4.863504409790039,4.528762340545654,4.148292541503906,3.9732279777526855,3.330986499786377,3.0766730308532715,2.9345924854278564,2.7377307415008545,2.597273826599121,10422.3125,117.63994598388672,34.15705490112305,9.987041473388672,5.179454803466797,4.258463382720947,4.163323879241943,3.0568206310272217,2.6961708068847656
780000,790001,17,9,253,217,0,14433.6787109375,233.38442993164062,100.2464370727539,36.04615783691406,18.658037185668945,11.642731666564941,6.998339653015137,6.0710368156433105,5.856691837310791,5.085522174835205,4.960622787475586,4.640454292297363,4.527519702911377,4.274103164672852,3.9677677154541016,3.814767599105835,3.5271012783050537,10495.8076171875,106.2802734375,28.860122680664062,9.480812072753906,6.055915832519531,5.304108619689941,4.900752544403076,4.553050518035889,4.141917705535889
780000,790001,17,9,253,217,1,14433.20703125,233.9232940673828,100.72651672363281,35.524253845214844,18.753862380981445,11.628768920898438,6.979859352111816,6.0741448402404785,5.607710361480713,5.3207879066467285,4.857757091522217,4.664124011993408,4.355271816253662,4.103269100189209,3.9717485904693604,3.6378262042999268,3.5122246742248535,10495.55859375,106.61153411865234,29.329801559448242,9.7504301071167,5.7939252853393555,5.190656661987305,4.631191730499268,4.265783309936523,4.135777473449707
785000,795001,17,9,251,213,0,14421.62890625,251.71133422851562,109.65252685546875,38.83698654174805,19.315908432006836,11.921061515808105,7.788374900817871,5.577407360076904,4.785259246826172,4.715872764587402,4.180670261383057,3.5587122440338135,3.3348262310028076,2.9860265254974365,2.745839834213257,2.4963152408599854,2.464329719543457,10490.923828125,114.4102783203125,33.72117233276367,11.057535171508789,5.436070442199707,4.142605781555176,3.922431230545044,3.030963182449341,2.906355619430542
785000,795001,17,9,251,213,1,14417.0185546875,252.646240234375,109.51295471191406,38.88715744018555,19.29885482788086,11.394495010375977,8.024941444396973,5.696220874786377,4.796886444091797,4.582859039306641,4.065606594085693,3.6474056243896484,3.0497207641601562,2.9044620990753174,2.6277153491973877,2.406533718109131,2.2396316528320312,10487.66796875,114.70533752441406,33.689876556396484,10.912725448608398,5.67791223526001,3.9800610542297363,3.7817540168762207,3.0589890480041504,2.7914631366729736
790000,800001,17,9,252,211,0,14382.5517578125,237.04100036621094,106.59820556640625,36.52634811401367,21.848127365112305,11.717905044555664,7.082451343536377,6.566730499267578,5.194226264953613,4.690277576446533,4.565834999084473,4.002084732055664,3.8322319984436035,3.5861825942993164,3.4089324474334717,2.908520460128784,2.802483320236206,10471.0009765625,120.35860443115234,30.06070327758789,10.977335929870605,5.619455814361572,4.501218318939209,4.38541316986084,3.6824331283569336,3.4456787109375
790000,800001,17,9,252,211,1,14387.2080078125,235.25579833984375,105.53192138671875,36.03235626220703,21.275283813476562,11.226662635803223,7.097836017608643,6.742028713226318,5.232747554779053,4.634159088134766,4.437250137329102,3.7815113067626953,3.6388165950775146,3.352695941925049,3.2716989517211914,2.971829414367676,2.7770609855651855,10474.0830078125,119.042236328125,29.766218185424805,10.369301795959473,5.619984149932861,4.5981364250183105,4.4328107833862305,3.487569570541382,3.3717257976531982
795000,805001,17,9,254,209,0,14663.8291015625,247.12820434570312,101.96830749511719,34.5499153137207,20.231369018554688,10.361614227294922,6.66630220413208,5.029270648956299,4.273898601531982,3.736459732055664,3.539508104324341,2.997584819793701,2.8468151092529297,2.736125946044922,2.634434700012207,2.3073501586914062,2.140162944793701,10688.00390625,113.41373443603516,28.952421188354492,8.942864418029785,5.502785682678223,3.4986352920532227,3.1253066062927246,2.8164613246917725,2.624983072280884
795000,805001,17,9,254,209,1,14669.427734375,247.40682983398438,102.0014877319336,33.57520294189453,19.723712921142578,9.96489143371582,6.770873069763184,5.041613578796387,4.315917015075684,3.844916343688965,3.7614307403564453,3.359790086746216,3.0711510181427,2.8877294063568115,2.7557880878448486,2.6146318912506104,2.2573082447052,10691.9990234375,113.00871276855469,28.742069244384766,8.826035499572754,5.674836158752441,3.609265089035034,3.358675479888916,2.960364818572998,2.7120895385742188
800000,810001,17,9,252,211,0,14589.7705078125,245.63002014160156,108.93495178222656,43.12635040283203,21.750843048095703,13.563654899597168,8.193565368652344,5.618956565856934,5.2566375732421875,4.649381160736084,4.289644718170166,4.237042427062988,3.845261573791504,3.5188231468200684,3.3165125846862793,3.038058280944824,2.789066791534424,10604.19921875,121.65151977539062,33.830631256103516,12.320161819458008,5.8704609870910645,4.529423713684082,4.030003547668457,3.4415478706359863,3.1343023777008057
800000,810001,17,9,252,211,1,14585.5498046875,245.3357696533203,109.66446685791016,42.891441345214844,21.684179306030273,12.797411918640137,8.277594566345215,5.373970031738281,4.776042461395264,4.257328987121582,4.225661277770996,3.9313666820526123,3.709332227706909,3.5565598011016846,3.204094886779785,2.981987714767456,2.910022020339966,10601.0556640625,122.22859954833984,33.088829040527344,11.623870849609375,5.800992012023926,4.39383602142334,4.105604648590088,3.311835289001465,3.1134533882141113
805000,815001,17,9,252,218,0,14732.17578125,231.27613830566406,112.39098358154297,34.09281539916992,19.19579315185547,9.962575912475586,6.552913188934326,5.057394504547119,4.641899108886719,3.437927722930908,3.241133213043213,2.686992883682251,2.5318777561187744,2.322312831878662,2.229094982147217,1.9717791080474854,1.9060839414596558,10716.7080078125,113.77960968017578,29.762449264526367,8.932594299316406,4.345905303955078,3.6765928268432617,2.809427499771118,2.5459702014923096,2.1523027420043945
805000,815001,17,9,252,218,1,14749.6357421875,232.4164276123047,112.88703155517578,34.01858901977539,18.896480560302734,10.206605911254883,6.604187488555908,5.0788984298706055,4.591036319732666,3.7118403911590576,3.367800712585449,2.9112565517425537,2.828407049179077,2.6720290184020996,2.4128754138946533,2.0686912536621094,1.9572073221206665,10729.447265625,114.33988952636719,30.291532516479492,8.944629669189453,4.505045413970947,3.880751371383667,3.1166651248931885,2.5032310485839844,2.24859619140625
810000,820001,17,9,253,222,0,14870.091796875,228.55845642089844,100.17255401611328,38.19011306762695,19.325090408325195,9.960017204284668,7.8891825675964355,5.397280693054199,4.784021854400635,3.846811056137085,3.353928804397583,2.621756076812744,2.4251489639282227,2.2730438709259033,2.1416401863098145,2.1083145141601562,1.9236862659454346,10821.017578125,102.39280700683594,32.183189392089844,9.423148155212402,4.725513935089111,3.672335386276245,3.304062604904175,2.328352928161621,2.1973700523376465
810000,820001,17,9,253,222,1,14858.412109375,228.11798095703125,99.56098175048828,37.354637145996094,19.20632553100586,9.84535026550293,7.7336015701293945,5.434693336486816,4.649930477142334,3.6900386810302734,3.0526931285858154,2.754622459411621,2.4567480087280273,2.3372790813446045,2.158961772918701,2.0806987285614014,1.9978302717208862,10812.91015625,101.7097396850586,31.906600952148438,9.259129524230957,4.791225910186768,3.9037137031555176,3.1262223720550537,2.407068967819214,2.0791358947753906
815000,825001,17,9,253,215,0,15008.705078125,228.1234130859375,101.66986846923828,37.94770812988281,18.900070190429688,11.379617691040039,6.81877326965332,5.115476608276367,4.015952110290527,3.5612857341766357,2.6524085998535156,2.356667995452881,2.2685093879699707,2.0598132610321045,1.9152941703796387,1.6793054342269897,1.5966579914093018,10919.4462890625,106.93230438232422,30.99446678161621,9.567716598510742,5.094604969024658,3.380498170852661,2.3433477878570557,2.2061870098114014,1.9037586450576782
815000,825001,17,9,253,215,1,15006.791015625,229.31155395507812,102.39756774902344,38.2898063659668,19.252086639404297,11.421136856079102,6.996785640716553,5.2394514083862305,4.1071553230285645,3.666518449783325,2.741088390350342,2.5089919567108154,2.2201004028320312,2.114262104034424,1.950650691986084,1.6989407539367676,1.585934042930603,10918.265625,107.41094207763672,30.993532180786133,9.873984336853027,5.423849582672119,3.5282936096191406,2.4742729663848877,2.1394636631011963,1.8259719610214233
820000,830001,17,9,251,220,0,14991.34375,250.258056640625,103.9644775390625,39.38113784790039,19.816011428833008,9.96957015991211,7.27223539352417,5.616480350494385,4.822249889373779,4.580290794372559,3.627009153366089,3.27203631401062,3.061737060546875,2.711484432220459,2.6254420280456543,2.5458078384399414,2.2133514881134033,10910.3369140625,112.4993896484375,31.65676498413086,9.34787368774414,5.359210968017578,4.014415264129639,3.439833879470825,2.697768449783325,2.6216800212860107
820000,830001,17,9,251,220,1,14991.6123046875,250.859619140625,104.84229278564453,39.91381072998047,20.325252532958984,10.06229305267334,7.325316429138184,5.834405422210693,4.879674434661865,4.522343158721924,3.449347734451294,3.2787058353424072,3.053281545639038,2.7875816822052,2.566565752029419,2.51528000831604,2.215437889099121,10910.66796875,113.49514770507812,31.961835861206055,9.445014953613281,5.420177459716797,4.192306041717529,3.358604669570923,2.605740785598755,2.481508731842041
825000,835001,17,9,251,214,0,15026.7392578125,261.2309875488281,108.01690673828125,37.02005386352539,19.206401824951172,11.659002304077148,7.820571422576904,4.814831733703613,4.086499214172363,3.3430678844451904,3.0367796421051025,2.4594218730926514,2.425471782684326,2.164365291595459,2.0871286392211914,1.9058902263641357,1.7336515188217163,10937.8857421875,125.23790740966797,29.103145599365234,9.767183303833008,4.4013214111328125,2.855280876159668,2.5786211490631104,2.1921401023864746,1.978373646736145
825000,835001,17,9,251,214,1,15033.6875,260.93560791015625,108.07139587402344,37.32595443725586,19.43292808532715,11.534387588500977,7.9378767013549805,5.392805576324463,4.122191905975342,3.583618640899658,2.985790491104126,2.6997480392456055,2.64756178855896,2.1927874088287354,2.1038081645965576,1.9796819686889648,1.7232906818389893,10942.8896484375,125.14934539794922,28.888145446777344,10.052702903747559,4.580808639526367,3.1757819652557373,2.8237476348876953,2.449608325958252,2.087197780609131
830000,840001,17,9,256,224,0,15383.171875,237.74624633789062,107.48094940185547,34.04115676879883,19.270816802978516,10.764880180358887,7.265589714050293,4.954708576202393,3.777447462081909,3.61334228515625,3.381915807723999,3.193572521209717,2.846235513687134,2.550915479660034,2.4364585876464844,2.0932247638702393,1.9367058277130127,11214.4033203125,110.74418640136719,29.497848510742188,9.940939903259277,4.524713039398193,3.298668146133423,3.0996851921081543,2.5269558429718018,2.2871813774108887
830000,840001,17,9,256,224,1,15396.2841796875,238.40469360351562,107.18352508544922,34.352516174316406,19.78495979309082,10.884589195251465,7.1407060623168945,4.7665839195251465,4.268614292144775,3.6698310375213623,3.3626859188079834,2.880814790725708,2.755403995513916,2.6583590507507324,2.5340888500213623,2.1848185062408447,1.950714111328125,11223.453125,110.6135482788086,30.004026412963867,9.696544647216797,4.904921531677246,3.394227981567383,2.9262139797210693,2.644096851348877,2.272066593170166
835000,845001,17,9,253,221,0,15268.5439453125,234.620361328125,109.01724243164062,36.3051872253418,19.311973571777344,10.506315231323242,6.443125247955322,4.980365753173828,3.7723042964935303,3.5070111751556396,3.2097058296203613,2.927065134048462,2.8763010501861572,2.7077157497406006,2.5237460136413574,2.4315245151519775,2.2016637325286865,11125.912109375,110.1353530883789,33.30790328979492,8.914144515991211,4.977661609649658,3.226684093475342,3.1143407821655273,2.7974483966827393,2.4342455863952637
835000,845001,17,9,253,221,1,15268.0830078125,234.98680114746094,109.06005096435547,37.02701187133789,19.541616439819336,10.789937973022461,6.4223713874816895,4.579229354858398,4.137317180633545,3.6895010471343994,3.2112746238708496,3.0147531032562256,2.986032485961914,2.7492306232452393,2.5989744663238525,2.3824150562286377,2.2650809288024902,11125.4208984375,109.98040008544922,33.50740432739258,8.805168151855469,5.131933689117432,3.318372964859009,3.0046303272247314,2.748257875442505,2.608985185623169
840000,850001,17,9,250,215,0,15341.09375,235.1481170654297,107.60090637207031,38.546321868896484,21.03282928466797,11.194342613220215,7.102260112762451,5.142995834350586,4.745270729064941,4.371037483215332,4.077611446380615,3.5183372497558594,3.401475429534912,3.388428211212158,3.063302755355835,2.7238590717315674,2.5290586948394775,11158.48046875,109.01773834228516,31.728832244873047,9.810798645019531,4.899150848388672,4.188445568084717,3.9175455570220947,3.313427686691284,2.9482786655426025
840000,850001,17,9,250,215,1,15345.23828125,236.13352966308594,107.49018859863281,38.69560623168945,20.81455421447754,11.046235084533691,6.988513946533203,4.86678409576416,4.684171676635742,4.2953643798828125,4.058340549468994,3.7976691722869873,3.6451056003570557,3.2842490673065186,2.9233651161193848,2.7754178047180176,2.5518381595611572,11161.279296875,109.29989624023438,31.305850982666016,9.645829200744629,4.985376358032227,4.037242412567139,3.812412738800049,3.227673292160034,3.0020196437835693
845000,855001,17,9,253,222,0,15509.2666015625,258.2633972167969,111.27864837646484,35.82377624511719,19.84223175048828,10.852564811706543,7.767531394958496,5.045406818389893,4.014609336853027,3.480865240097046,3.1522674560546875,2.9238522052764893,2.7218947410583496,2.3942782878875732,2.317507266998291,2.2300662994384766,2.1321616172790527,11292.9072265625,115.93876647949219,31.439733505249023,10.16866683959961,5.078176021575928,3.317897319793701,3.1097240447998047,2.402360439300537,2.3410379886627197
845000,855001,17,9,253,222,1,15507.548828125,256.8773193359375,110.30738830566406,36.23558044433594,19.896873474121094,11.275707244873047,7.433228969573975,4.868173122406006,4.093928337097168,3.3503689765930176,3.172714948654175,3.0403687953948975,2.7916717529296875,2.503420352935791,2.375107526779175,2.2423946857452393,2.1115705966949463,11291.6015625,115.30767059326172,31.3421573638916,10.426250457763672,4.847604274749756,3.360227108001709,3.119870901107788,2.469406843185425,2.4233291149139404
850000,860001,17,9,252,218,0,15494.482421875,256.584228515625,115.08272552490234,38.1841926574707,21.006298065185547,11.799461364746094,8.426020622253418,5.183338642120361,4.418245315551758,3.915217399597168,3.6945886611938477,3.3571617603302,2.993659019470215,2.7454819679260254,2.2854905128479004,2.272897481918335,2.1602160930633545,11270.8427734375,119.35391235351562,31.369434356689453,10.410551071166992,5.784651279449463,3.7501611709594727,3.164175510406494,2.7987141609191895,2.5728650093078613
850000,860001,17,9,252,218,1,15489.7255859375,254.12823486328125,114.11769104003906,37.164119720458984,20.815086364746094,11.293663024902344,7.711147308349609,5.245856285095215,4.542441368103027,4.009110450744629,3.7324423789978027,3.249429941177368,2.972273826599121,2.7538774013519287,2.585317850112915,2.372652530670166,2.1775972843170166,11267.5458984375,118.63655090332031,31.093334197998047,9.439043045043945,6.032796859741211,3.5870413780212402,3.5267930030822754,2.832172155380249,2.3379576206207275
855000,865001,17,9,252,219,0,15701.01171875,219.5544891357422,113.69540405273438,38.24678421020508,19.52681541442871,10.598550796508789,7.198512077331543,5.60604190826416,4.803447723388672,4.385245323181152,4.028548717498779,3.834805488586426,3.703497886657715,3.366225242614746,3.2101728916168213,3.0584869384765625,2.740293025970459,11411.708984375,120.68506622314453,32.31093978881836,9.193238258361816,5.34654426574707,4.221663475036621,4.12263822555542,3.778592348098755,2.9155194759368896
855000,865001,17,9,252,219,1,15712.138671875,218.66810607910156,113.00425720214844,38.2882080078125,19.209556579589844,11.015189170837402,7.263784885406494,5.494876861572266,4.649871826171875,4.555018901824951,3.9202988147735596,3.831486463546753,3.693936824798584,3.3893840312957764,3.033689498901367,2.96573805809021,2.660095453262329,11419.3671875,120.10826110839844,32.293914794921875,9.424959182739258,5.493349075317383,4.408355236053467,4.144057750701904,3.6952617168426514,2.8795671463012695
860000,870001,17,9,254,219,0,15865.8955078125,227.38424682617188,100.85155487060547,37.57111358642578,18.533565521240234,10.300753593444824,6.314276218414307,5.124160289764404,3.9254415035247803,3.384359359741211,3.058556079864502,2.815134286880493,2.5462026596069336,2.374011754989624,2.1819941997528076,2.112481117248535,2.0053486824035645,11544.6357421875,103.86712646484375,30.497879028320312,9.042068481445312,5.1391191482543945,3.282520294189453,2.908916711807251,2.5111353397369385,2.24328351020813
860000,870001,17,9,254,219,1,15860.556640625,224.88555908203125,99.60077667236328,36.823421478271484,18.26605987548828,9.957322120666504,5.890308856964111,4.671308517456055,3.935947895050049,3.287233829498291,3.1211161613464355,2.802647352218628,2.599069833755493,2.490527629852295,2.3824424743652344,2.2993016242980957,2.214571475982666,11540.8076171875,102.82196044921875,30.29962921142578,8.948366165161133,4.860586166381836,3.4246485233306885,2.9719882011413574,2.5923550128936768,2.3087944984436035
865000,875001,17,9,249,215,0,15753.9833984375,255.52919006347656,110.89322662353516,38.4159049987793,20.02609634399414,10.752273559570312,7.897073268890381,5.952754974365234,5.383448600769043,4.714760780334473,3.9106528759002686,3.4291272163391113,3.029971122741699,2.8968400955200195,2.479740619659424,2.407374382019043,2.058886766433716,11444.6396484375,117.6561050415039,34.27143859863281,10.586653709411621,5.6319427490234375,4.274302959442139,3.8549861907958984,2.9184882640838623,2.710477590560913
865000,875001,17,9,249,215,1,15748.62890625,254.93212890625,109.79844665527344,38.15739059448242,19.811336517333984,10.619891166687012,7.682713508605957,5.697023391723633,5.3865180015563965,4.488310813903809,3.8771822452545166,3.1196789741516113,2.960649251937866,2.7269341945648193,2.5493979454040527,2.2789201736450195,2.182588577270508,11440.8310546875,117.27164459228516,34.075626373291016,10.121819496154785,5.586065292358398,4.220632076263428,3.5938243865966797,2.981696605682373,2.5169641971588135
870000,880001,17,9,254,221,0,16090.9736328125,255.19699096679688,111.25651550292969,40.493858337402344,19.421218872070312,11.446316719055176,7.972233772277832,5.73570442199707,4.886404514312744,4.112651348114014,3.6328585147857666,3.4794700145721436,3.145350217819214,2.9428205490112305,2.7308969497680664,2.5475239753723145,2.4730589389801025,11712.361328125,122.37664794921875,33.49251937866211,10.106376647949219,5.551629066467285,3.9190866947174072,3.501300573348999,2.836290121078491,2.656574010848999
870000,880001,17,9,254,221,1,16086.7578125,254.4789581298828,111.01009368896484,40.79784393310547,19.568355560302734,11.031279563903809,7.731698989868164,5.695392608642578,4.664626598358154,3.965228319168091,3.675325632095337,3.18414568901062,3.0558996200561523,2.8247532844543457,2.8049657344818115,2.3497140407562256,2.1572048664093018,11709.1591796875,121.6588363647461,33.706661224365234,9.871013641357422,5.233574390411377,3.556584119796753,3.445694923400879,2.703026056289673,2.2518422603607178
875000,885001,17,9,253,216,0,16152.8115234375,235.00340270996094,110.15538787841797,38.005523681640625,19.74099349975586,10.08252239227295,6.859237194061279,5.407406330108643,4.0076985359191895,3.641016721725464,3.5595543384552,3.022432327270508,2.8830137252807617,2.6638429164886475,2.5558104515075684,2.3256888389587402,2.3121085166931152,11743.318359375,109.8351821899414,33.058292388916016,8.289791107177734,4.786337375640869,3.8056297302246094,3.080939292907715,2.583897590637207,2.555002212524414
875000,885001,17,9,253,216,1,16151.6259765625,233.7605743408203,110.28520202636719,38.68924331665039,20.316936492919922,9.969383239746094,6.856088638305664,5.3511128425598145,3.8559508323669434,3.6590843200683594,3.3182573318481445,2.8389461040496826,2.6471376419067383,2.5430054664611816,2.3692147731781006,2.294656991958618,2.097580909729004,11742.6708984375,109.62236785888672,33.412933349609375,8.590476036071777,4.817556858062744,3.5048627853393555,2.7232108116149902,2.462933301925659,2.2662124633789062
880000,890001,17,9,255,222,0,16288.8046875,214.89329528808594,102.62701416015625,35.04787063598633,20.7656307220459,10.685190200805664,7.313358783721924,5.590054988861084,4.752037525177002,4.536498546600342,3.9939823150634766,3.3570845127105713,3.1379926204681396,2.8418660163879395,2.7703442573547363,2.605271100997925,2.3012728691101074,11855.94140625,102.12574768066406,30.58432960510254,9.43291187286377,5.612513542175293,4.159367084503174,3.936180830001831,2.9552154541015625,2.682100772857666
880000,890001,17,9,255,222,1,16284.1611328125,214.1918487548828,102.4023666381836,35.61378860473633,21.05316925048828,10.922765731811523,7.177580833435059,5.50504207611084,4.585158824920654,3.961747407913208,3.914569139480591,3.4558682441711426,3.052255392074585,2.918938398361206,2.7742764949798584,2.5044708251953125,2.373394727706909,11852.7333984375,102.2076644897461,30.789995193481445,9.187284469604492,5.582340240478516,3.864562511444092,3.5222437381744385,3.077728509902954,2.5476465225219727
885000,895001,17,9,252,225,0,16283.0048828125,247.8359832763672,108.16466522216797,37.99971008300781,21.172504425048828,10.065736770629883,7.682219505310059,6.393923759460449,6.026528358459473,5.614799976348877,5.104057788848877,4.649445056915283,4.371328353881836,4.07180118560791,3.9161946773529053,3.7368087768554688,3.4721667766571045,11838.95703125,116.50505065917969,33.92216491699219,9.883270263671875,6.058345794677734,5.42196798324585,4.413393974304199,4.124258041381836,4.026932239532471
885000,895001,17,9,252,225,1,16293.3134765625,246.7010040283203,108.60223388671875,38.223411560058594,21.141948699951172,10.559203147888184,7.226663112640381,6.321738243103027,5.7595438957214355,5.59865140914917,5.072939395904541,4.551895618438721,4.429629802703857,4.056538105010986,3.959127426147461,3.5229461193084717,3.3343498706817627,11846.4033203125,116.33175659179688,34.13211441040039,10.361430168151855,5.8704938888549805,5.408425807952881,4.362799644470215,3.970864772796631,3.7230937480926514
890000,900001,17,9,252,228,0,16388.1328125,233.78665161132812,105.19774627685547,35.9985237121582,17.20596694946289,9.696488380432129,6.946755409240723,5.6343255043029785,4.4663920402526855,4.0017523765563965,3.3451716899871826,3.30816650390625,3.185398817062378,3.0534305572509766,2.819871187210083,2.7658863067626953,2.583200693130493,11924.9462890625,113.30314636230469,30.147172927856445,9.303295135498047,5.383678913116455,3.7223987579345703,3.2554264068603516,3.104677677154541,2.712601900100708
890000,900001,17,9,252,228,1,16392.43359375,234.17477416992188,105.70628356933594,36.680484771728516,17.28450584411621,9.530721664428711,6.569733142852783,5.246569633483887,4.5484185218811035,4.040858268737793,3.932772397994995,3.504615306854248,3.2725961208343506,3.1526453495025635,3.058065176010132,2.920673131942749,2.8244171142578125,11928.20703125,113.39269256591797,30.200056076049805,9.342399597167969,5.36243200302124,3.9415934085845947,3.7239208221435547,3.1248514652252197,2.953010320663452
895000,905001,17,9,252,226,0,16371.916015625,237.30902099609375,105.07679748535156,40.68185043334961,20.803735733032227,11.256373405456543,7.571226119995117,6.17592716217041,4.625022888183594,4.108187675476074,3.8082170486450195,3.5686166286468506,3.3729028701782227,3.158414125442505,2.9229931831359863,2.844007730484009,2.764479637145996,11919.2900390625,108.94618225097656,34.87322998046875,9.322882652282715,5.995361328125,4.008697509765625,3.5373117923736572,3.2574877738952637,2.86063814163208
895000,905001,17,9,252,226,1,16364.453125,236.9605255126953,104.9407730102539,40.69178009033203,21.033226013183594,11.60850715637207,7.989245891571045,6.168887138366699,4.917714595794678,4.17100715637207,3.7393932342529297,3.4047203063964844,3.3260138034820557,2.9166929721832275,2.738067150115967,2.6367716789245605,2.6155481338500977,11914.0810546875,108.90365600585938,34.91648864746094,9.465129852294922,5.821184158325195,4.321708679199219,3.62284517288208,2.820417642593384,2.780728816986084
900000,910001,17,9,245,214,0,16309.1328125,227.75962829589844,98.92388916015625,36.190467834472656,20.702816009521484,9.717203140258789,7.4669599533081055,5.261078357696533,5.005597114562988,4.675488471984863,3.746682643890381,3.4640467166900635,3.0752811431884766,2.958632707595825,2.6815364360809326,2.5795977115631104,2.4801692962646484,11874.740234375,101.3813705444336,31.94388198852539,7.895473003387451,5.033062934875488,3.926470994949341,3.662545680999756,2.959264039993286,2.6645631790161133
900000,910001,17,9,245,214,1,16315.1435546875,230.18858337402344,99.68276977539062,36.453678131103516,21.331878662109375,10.256562232971191,7.564314842224121,6.640558242797852,5.1590800285339355,4.172251224517822,3.5538570880889893,3.357327938079834,3.1692800521850586,3.0806965827941895,2.914898633956909,2.7340831756591797,2.562803030014038,11879.201171875,102.04308319091797,31.89786720275879,7.932988166809082,5.6738200187683105,4.375301361083984,3.499868631362915,3.276038408279419,2.8128137588500977
905000,915001,17,9,248,220,0,16517.310546875,243.12525939941406,117.63155364990234,42.38106918334961,22.04336929321289,11.336697578430176,8.693743705749512,7.218541145324707,6.584593296051025,6.028536796569824,5.733889579772949,5.598567485809326,5.152670383453369,4.9946675300598145,4.835932731628418,4.66275691986084,4.207730770111084,12031.5771484375,121.2043685913086,36.409481048583984,10.286529541015625,6.869331359863281,5.9467902183532715,5.587268352508545,5.06680965423584,4.863342761993408
905000,915001,17,9,248,220,1,16514.0859375,243.52769470214844,117.33573150634766,42.90648651123047,22.17595672607422,11.902506828308105,8.795053482055664,7.147439002990723,6.2773542404174805,6.019263744354248,5.496463775634766,5.268733978271484,5.040683746337891,4.967893600463867,4.519716739654541,4.372520923614502,4.140214443206787,12029.41796875,121.34793090820312,37.02207565307617,10.61661434173584,6.911568641662598,5.766094207763672,5.3555006980896,4.81563663482666,4.562506675720215
910000,920001,17,9,255,219,0,16813.048828125,242.7402801513672,103.4198989868164,36.093177795410156,25.07526969909668,11.940549850463867,7.5079522132873535,5.186988830566406,4.885492324829102,4.699431419372559,3.9227182865142822,3.857119083404541,3.6500062942504883,3.0858170986175537,2.99688458442688,2.8476202487945557,2.582496404647827,12219.3779296875,109.61479949951172,33.53300857543945,11.321121215820312,5.6937971115112305,4.330080986022949,4.103414535522461,3.2215890884399414,2.883725643157959
910000,920001,17,9,255,219,1,16818.162109375,242.69265747070312,103.92805480957031,36.780189514160156,23.76415252685547,11.804327964782715,7.573975563049316,5.4890828132629395,4.924615859985352,4.518739700317383,4.039085865020752,3.997114658355713,3.788914442062378,3.1161251068115234,2.9571502208709717,2.828171730041504,2.4595327377319336,12222.8056640625,110.38863372802734,33.287532806396484,11.252345085144043,5.939650535583496,4.404644012451172,4.158407688140869,3.2081477642059326,2.7169430255889893
915000,925001,17,9,250,220,0,16861.58984375,258.6504821777344,105.16789245605469,33.58207321166992,19.36336326599121,10.665730476379395,7.382388591766357,6.431460380554199,5.42804479598999,4.899774551391602,4.711275577545166,4.34860372543335,4.174971103668213,3.8926899433135986,3.727954149246216,3.48564076423645,3.2166836261749268,12279.609375,119.19197845458984,27.684186935424805,10.29296875,6.385108470916748,5.126774787902832,4.248571872711182,4.125539302825928,3.724229574203491
915000,925001,17,9,250,220,1,16862.103515625,259.0640563964844,105.01581573486328,33.934814453125,20.378149032592773,10.66353702545166,7.472557544708252,6.326200485229492,5.549528121948242,4.771650314331055,4.550596714019775,4.382794380187988,4.1005096435546875,3.675605297088623,3.6632769107818604,3.3199243545532227,3.254389762878418,12279.8544921875,119.48672485351562,27.945884704589844,10.366592407226562,6.0795369148254395,4.769417762756348,4.379266262054443,3.9589850902557373,3.6588833332061768
920000,930001,17,9,249,220,0,16825.15234375,226.96214294433594,112.01463317871094,41.31315612792969,22.04164695739746,11.049272537231445,6.8425116539001465,6.004499912261963,4.922763347625732,4.6128315925598145,4.550266265869141,3.816110849380493,3.41103196144104,3.3652374744415283,3.1689226627349854,2.946408987045288,2.6043899059295654,12222.0849609375,115.63243103027344,32.56058120727539,10.039770126342773,5.696707248687744,4.506019115447998,4.075477600097656,3.288116216659546,3.044651746749878
920000,930001,17,9,249,220,1,16819.41796875,226.9482879638672,112.38957977294922,39.73809814453125,21.699697494506836,11.268697738647461,6.885756015777588,5.651214599609375,5.385138511657715,4.409542083740234,4.008589267730713,3.628171443939209,3.419421434402466,3.2026782035827637,2.9851276874542236,2.9021122455596924,2.688229560852051,12217.9150390625,115.56353759765625,32.32271957397461,10.00137996673584,5.532817363739014,4.133991718292236,3.5729820728302,3.4467432498931885,2.8208701610565186
925000,935001,17,9,252,226,0,17091.99609375,228.19439697265625,106.27741241455078,37.196170806884766,20.72993278503418,10.099886894226074,7.51746129989624,6.1595282554626465,5.3842082023620605,4.6841254234313965,4.50062370300293,3.930338144302368,3.8170604705810547,3.7002384662628174,3.367250919342041,3.237942695617676,2.9223875999450684,12441.9228515625,107.00973510742188,31.721738815307617,9.420025825500488,5.719110012054443,4.317295074462891,4.001710891723633,3.710543155670166,3.374516487121582
925000,935001,17,9,252,226,1,17098.349609375,228.73919677734375,106.69486999511719,37.16334533691406,20.657501220703125,10.676549911499023,7.6092071533203125,6.036046981811523,5.24810791015625,4.814556121826172,4.333547115325928,4.036498546600342,3.9883933067321777,3.5844380855560303,3.1171584129333496,2.993258476257324,2.8238632678985596,12446.7802734375,107.22312927246094,32.19991683959961,9.73633861541748,5.285809516906738,4.81297492980957,4.078221321105957,3.611356258392334,3.273603677749634
930000,940001,17,9,253,226,0,17205.9765625,235.9303436279297,106.45484924316406,35.29069137573242,20.268198013305664,11.557291984558105,8.25321102142334,7.18712854385376,6.217878818511963,5.289569854736328,4.885536193847656,4.352113723754883,4.3326544761657715,3.940706491470337,3.5256669521331787,3.421574831008911,3.3236243724823,12501.744140625,105.59477996826172,33.41935729980469,10.42053508758545,7.039487361907959,5.6952643394470215,4.688492298126221,4.000185489654541,3.54510235786438
930000,940001,17,9,253,226,1,17205.03125,235.76048278808594,106.12794494628906,35.47418212890625,20.32623863220215,11.085884094238281,8.751433372497559,6.913859844207764,6.197917938232422,5.1155290603637695,4.772102355957031,4.315924167633057,4.227710247039795,3.77177357673645,3.5792524814605713,3.31416392326355,3.1372909545898438,12501.3779296875,105.91941833496094,32.86936950683594,10.49998950958252,7.27198600769043,5.502391338348389,4.6195549964904785,3.876037359237671,3.5118637084960938
935000,945001,17,9,252,217,0,17105.287109375,255.52261352539062,100.81591033935547,39.53409194946289,18.952281951904297,10.23951530456543,7.129021644592285,5.461530685424805,4.86109733581543,4.060895919799805,3.793985366821289,3.1102583408355713,2.833108425140381,2.676671028137207,2.415926456451416,2.2542314529418945,2.053070068359375,12442.115234375,120.46000671386719,31.313018798828125,9.148073196411133,4.835295677185059,4.040230751037598,3.436124324798584,2.7189760208129883,2.482259750366211
935000,945001,17,9,252,217,1,17106.33984375,257.7552795410156,101.77713775634766,38.8735237121582,19.5743350982666,9.946676254272461,7.453122138977051,5.5491251945495605,4.950924873352051,4.102137565612793,3.9536097049713135,3.2002668380737305,2.8470239639282227,2.7245242595672607,2.3782129287719727,2.321165084838867,2.0919485092163086,12443.375,122.13005828857422,31.252899169921875,8.625886917114258,5.235973834991455,3.9157421588897705,3.629594087600708,2.631258010864258,2.407841205596924
940000,950001,17,9,254,222,0,17443.5234375,257.3135986328125,117.38253021240234,35.66775894165039,20.33572769165039,10.73890209197998,7.264382839202881,6.886485576629639,6.336432456970215,5.512728214263916,5.1910810470581055,4.533227920532227,4.394418239593506,4.140958786010742,4.056528568267822,3.805624485015869,3.6487627029418945,12715.5771484375,123.69629669189453,30.902769088745117,9.621994018554688,6.753469944000244,5.657661437988281,4.592573165893555,4.3532538414001465,4.085558891296387
940000,950001,17,9,254,222,1,17444.7421875,257.3595886230469,117.7499771118164,36.50693130493164,20.56122589111328,11.14495849609375,7.253159523010254,6.9157891273498535,6.561426639556885,5.517712116241455,5.218262195587158,4.855101585388184,4.517633438110352,4.203975200653076,4.011861801147461,3.869028091430664,3.5989274978637695,12716.1923828125,124.13441467285156,30.997570037841797,10.003056526184082,6.778711795806885,5.624422073364258,4.793204307556152,4.4375762939453125,3.985105514526367
945000,955001,17,9,251,222,0,17486.111328125,237.51443481445312,110.53789520263672,40.981346130371094,20.794885635375977,10.64846420288086,6.752194881439209,5.345180511474609,4.6570940017700195,3.950953960418701,3.3196864128112793,2.8875465393066406,2.6954169273376465,2.6620848178863525,2.491173267364502,2.1522445678710938,1.951934576034546,12725.60546875,112.90859985351562,33.55370330810547,9.826994895935059,4.971453666687012,3.6045234203338623,3.3958842754364014,2.630204200744629,2.5810372829437256
945000,955001,17,9,251,222,1,17487.08984375,238.2693328857422,110.49018859863281,41.60943603515625,21.051908493041992,10.46764087677002,6.635569095611572,5.189500331878662,4.29101037979126,3.78538179397583,3.2493836879730225,2.816021203994751,2.542055606842041,2.3602254390716553,2.2450718879699707,2.0396199226379395,1.994437336921692,12726.109375,112.70048522949219,33.472591400146484,9.499309539794922,4.999897003173828,3.5322952270507812,3.3078830242156982,2.4509735107421875,2.270202398300171
950000,960001,17,9,250,226,0,17532.02734375,219.2093048095703,103.18013763427734,35.783103942871094,19.289804458618164,10.922390937805176,6.929861545562744,5.540187358856201,4.748972415924072,4.570528984069824,4.0591511726379395,3.749910354614258,3.584012269973755,3.343390941619873,3.236635684967041,3.118300676345825,2.890796422958374,12767.234375,109.69129943847656,31.44612693786621,8.09140396118164,5.521552085876465,4.291346549987793,3.7890524864196777,3.215181350708008,3.093069553375244
950000,960001,17,9,250,226,1,17534.896484375,219.37245178222656,103.6174545288086,35.152767181396484,19.07648277282715,10.927502632141113,6.8613810539245605,5.445716857910156,4.756073474884033,4.3598198890686035,4.143349647521973,3.7436323165893555,3.4478650093078613,3.346590757369995,3.2445895671844482,2.935084104537964,2.7361719608306885,12769.142578125,109.9211654663086,31.17961311340332,8.465368270874023,5.643037796020508,4.077832221984863,3.8026206493377686,3.1294798851013184,2.9832043647766113
955000,965001,17,9,252,217,0,17743.287109375,245.1378173828125,115.36002349853516,38.79755783081055,19.971925735473633,11.52153205871582,7.456677436828613,5.779211044311523,4.9614715576171875,3.5998246669769287,3.4596104621887207,3.255063533782959,2.8787646293640137,2.759650707244873,2.540092706680298,2.4161877632141113,2.322509765625,12918.7080078125,116.84600067138672,32.716590881347656,10.26873779296875,5.8346076011657715,3.680410385131836,3.3076257705688477,2.8357627391815186,2.5209903717041016
955000,965001,17,9,252,217,1,17748.958984375,247.00584411621094,116.49987030029297,38.63829803466797,20.32933807373047,11.26862907409668,7.4373884201049805,5.6892781257629395,4.679062843322754,3.5205657482147217,3.375842571258545,3.1286370754241943,2.782750129699707,2.5696873664855957,2.4744997024536133,2.314499616622925,2.1920087337493896,12923.2373046875,118.20677947998047,32.855804443359375,10.187636375427246,5.693930625915527,3.663165807723999,3.0261402130126953,2.7253048419952393,2.2694246768951416
960000,970001,17,9,250,217,0,17661.029296875,251.25225830078125,110.6060562133789,37.073753356933594,21.684539794921875,11.840744972229004,7.761919021606445,7.023904323577881,5.308590412139893,4.769325256347656,4.414802551269531,3.9930546283721924,3.715688705444336,3.408141851425171,3.0554752349853516,2.806447744369507,2.624809503555298,12848.4267578125,116.71167755126953,33.69957733154297,9.81758975982666,6.38278865814209,5.007401943206787,4.227602481842041,3.0391428470611572,2.9165966510772705
960000,970001,17,9,250,217,1,17656.90234375,249.36224365234375,109.40406036376953,36.34286880493164,20.686614990234375,11.223092079162598,7.321377277374268,6.814725399017334,5.305370807647705,4.596181869506836,4.123202800750732,3.716341495513916,3.5323548316955566,3.2758917808532715,2.930008888244629,2.5856199264526367,2.485539436340332,12845.546875,116.02120971679688,32.74501037597656,9.346266746520996,6.201406002044678,4.889822959899902,3.6123011112213135,2.9351754188537598,2.596163034439087
965000,975001,17,9,249,216,0,17841.876953125,225.53221130371094,110.60236358642578,38.12964630126953,19.639204025268555,9.577425003051758,6.816122531890869,6.386704444885254,5.2967939376831055,5.024552345275879,4.74051570892334,4.55483341217041,4.352308750152588,4.014166355133057,3.782132625579834,3.563253402709961,3.353210687637329,12981.5283203125,118.24380493164062,31.36231231689453,8.780158042907715,5.849570274353027,5.087912559509277,4.22157621383667,3.9408600330352783,3.7487478256225586
965000,975001,17,9,249,216,1,17845.525390625,224.8199920654297,109.78256225585938,37.78335189819336,20.00461769104004,9.43973159790039,7.491051197052002,6.649869918823242,5.792556285858154,5.267089366912842,5.204742431640625,4.609117031097412,4.451625347137451,4.130679130554199,3.9967470169067383,3.767393112182617,3.553816556930542,12983.9580078125,117.57159423828125,31.34735107421875,8.676432609558105,6.346932411193848,5.2012810707092285,4.570998191833496,4.064472198486328,3.9596073627471924
970000,980001,17,9,253,226,0,18069.8203125,243.33460998535156,99.5077896118164,36.264583587646484,19.750974655151367,10.07958984375,7.340404033660889,5.641390800476074,4.702731609344482,4.445767402648926,4.110517978668213,3.967163324356079,3.7354228496551514,3.3380613327026367,3.2213528156280518,3.1630170345306396,2.7397119998931885,13142.17578125,114.05844116210938,33.50872802734375,9.408595085144043,5.250814437866211,4.166890621185303,3.8891685009002686,3.8207507133483887,3.0996196269989014
970000,980001,17,9,253,226,1,18073.16015625,242.32864379882812,99.6336441040039,35.443687438964844,19.63064193725586,10.330492973327637,7.498810768127441,5.2975358963012695,4.461613655090332,3.9035592079162598,3.724062919616699,3.6607930660247803,3.515815496444702,3.153052568435669,3.0734639167785645,2.8553152084350586,2.4236011505126953,13144.3056640625,113.56666564941406,33.52207946777344,9.571322441101074,5.182332992553711,3.8788208961486816,3.7995619773864746,3.3735570907592773,2.7336082458496094
975000,985001,17,9,250,220,0,17962.1484375,229.5780792236328,98.39326477050781,39.193946838378906,19.939130783081055,10.846047401428223,7.126250743865967,4.9903435707092285,4.199255466461182,3.9197490215301514,3.611865997314453,3.169924736022949,2.9668571949005127,2.694335460662842,2.4417290687561035,2.333163261413574,2.1737165451049805,13063.044921875,105.6821517944336,31.05649757385254,8.462109565734863,5.424524784088135,3.8400707244873047,3.365422010421753,3.1718413829803467,2.461909055709839
975000,985001,17,9,250,220,1,17961.83203125,229.2701416015625,98.39239501953125,38.735321044921875,20.554645538330078,11.488584518432617,7.6033034324646,5.316100597381592,4.705408573150635,4.066534042358398,3.6222081184387207,3.258140802383423,2.7147860527038574,2.6202361583709717,2.4320762157440186,2.158644199371338,2.0688726902008057,13063.28515625,104.73517608642578,30.706146240234375,8.774148941040039,5.559154033660889,4.056560516357422,3.451611042022705,3.1841039657592773,2.396524429321289
980000,990001,17,9,252,229,0,18200.689453125,245.8380889892578,102.0202865600586,42.596885681152344,21.908727645874023,13.417573928833008,8.632017135620117,7.157744884490967,6.457327365875244,5.471522808074951,5.116767883300781,4.781047821044922,4.14013147354126,4.0639448165893555,3.9448187351226807,3.593879461288452,3.1270689964294434,13241.705078125,113.64067840576172,35.32464599609375,11.693113327026367,6.825758457183838,5.666407585144043,4.613551616668701,4.19411039352417,4.042740821838379
980000,990001,17,9,252,229,1,18196.96484375,245.58103942871094,102.06012725830078,42.41278076171875,22.12208366394043,13.351593971252441,8.776544570922852,8.074609756469727,6.702905654907227,5.735367298126221,5.239843368530273,5.05295991897583,4.58247184753418,4.357577800750732,4.258881568908691,3.906081438064575,3.645803928375244,13239.2783203125,113.11672973632812,35.17645263671875,11.293569564819336,7.331751823425293,6.137084007263184,4.975973129272461,4.54770040512085,4.113190650939941
985000,995001,17,9,253,216,0,18435.966796875,212.56370544433594,100.77339935302734,36.28959274291992,25.316314697265625,13.098894119262695,8.43945026397705,6.789997577667236,5.288806438446045,4.816836833953857,4.708593845367432,4.174203872680664,4.129761219024658,3.913079261779785,3.695403575897217,3.196505069732666,2.7810580730438232,13403.771484375,104.6383056640625,32.39424133300781,11.462974548339844,6.141090393066406,4.841903209686279,4.210864543914795,3.631945848464966,2.9407541751861572
985000,995001,17,9,253,216,1,18434.9375,211.6337890625,100.88572692871094,36.85408020019531,26.054338455200195,12.964184761047363,8.136388778686523,6.534518718719482,5.032833576202393,4.711545467376709,4.4726409912109375,4.224283218383789,4.104937553405762,3.944092035293579,3.6897687911987305,3.235154867172241,3.048552989959717,13402.7939453125,104.43195343017578,33.05699920654297,11.266070365905762,6.063183784484863,4.696866989135742,3.976151466369629,3.7216689586639404,3.2822694778442383
