grad_step,env_steps,window_len,penalty_len,n_windows,unique_eps,critic,sv_01,sv_02,sv_03,sv_04,sv_05,sv_06,sv_07,sv_08,sv_09,sv_10,sv_11,sv_12,sv_13,sv_14,sv_15,sv_16,sv_17,pen_sv_01,pen_sv_02,pen_sv_03
0,10001,17,3,254,10,0,12.556435585021973,5.430215358734131,5.143730163574219,5.039096355438232,4.7715020179748535,4.514626502990723,4.466307163238525,4.271354675292969,4.1802144050598145,4.02772855758667,3.779576301574707,3.617760181427002,3.567638397216797,3.323997735977173,2.8684794902801514,2.3290698528289795,2.2296676635742188,6.177127361297607,4.265633583068848,4.239710807800293
0,10001,17,3,254,10,1,4.701322555541992,4.549227714538574,4.447469711303711,4.317978858947754,4.081690788269043,4.009312152862549,3.9776132106781006,3.7340688705444336,3.6739606857299805,3.5839293003082275,3.495912790298462,3.2978341579437256,2.9408414363861084,2.592381477355957,2.516505479812622,2.092583656311035,1.9494061470031738,3.945704698562622,3.7389349937438965,2.9342377185821533
5000,15001,17,3,252,15,0,271.9024963378906,67.71134185791016,42.1817512512207,32.33456802368164,25.6071834564209,21.584028244018555,18.606664657592773,15.839327812194824,13.700504302978516,13.185933113098145,11.528780937194824,10.324151039123535,9.914794921875,9.553040504455566,9.143863677978516,8.271097183227539,8.195874214172363,119.38623809814453,17.56260108947754,10.269525527954102
5000,15001,17,3,252,15,1,274.2165222167969,68.49091339111328,41.477134704589844,32.57297897338867,26.02434539794922,22.09330177307129,18.800121307373047,14.892845153808594,13.897570610046387,12.807894706726074,11.889681816101074,10.675971984863281,9.969047546386719,9.354696273803711,8.324851036071777,7.906861782073975,7.3884992599487305,120.11724853515625,17.34950828552246,10.622786521911621
10000,20001,17,3,254,20,0,586.6698608398438,93.54973602294922,48.50038528442383,38.08235168457031,27.204055786132812,24.58026695251465,21.220605850219727,17.877111434936523,16.886503219604492,14.12356185913086,13.891131401062012,13.23680591583252,12.560376167297363,11.416897773742676,10.50544261932373,10.093235969543457,8.931639671325684,252.136962890625,20.408863067626953,12.626167297363281
10000,20001,17,3,254,20,1,582.1442260742188,92.70487976074219,49.20261001586914,38.48507308959961,28.265077590942383,25.216691970825195,20.53496742248535,17.939449310302734,16.436620712280273,14.294504165649414,13.612161636352539,13.007115364074707,12.578672409057617,11.545330047607422,10.770088195800781,9.818480491638184,8.992408752441406,250.9654083251953,20.212299346923828,12.150582313537598
15000,25001,17,3,253,25,0,1075.9296875,106.36689758300781,54.555477142333984,34.9663200378418,29.675901412963867,23.63690757751465,20.21322250366211,17.926559448242188,16.490528106689453,15.796464920043945,15.155725479125977,14.784187316894531,13.302667617797852,12.03195858001709,11.577485084533691,11.490829467773438,10.704538345336914,455.97381591796875,19.525480270385742,12.60319709777832
15000,25001,17,3,253,25,1,1064.080322265625,105.28764343261719,55.982696533203125,35.71067810058594,29.377979278564453,25.914066314697266,22.10049057006836,19.3205509185791,16.34241485595703,15.184968948364258,15.00246810913086,13.84571361541748,12.911468505859375,12.190802574157715,11.252263069152832,10.685216903686523,10.07856273651123,451.760009765625,19.853124618530273,11.801061630249023
20000,30001,17,3,247,30,0,1715.5826416015625,112.89063262939453,64.92739868164062,43.188209533691406,32.8321647644043,31.379894256591797,28.31233787536621,22.901655197143555,22.628543853759766,18.523130416870117,17.222280502319336,16.54998779296875,16.103530883789062,14.076064109802246,13.41098403930664,12.639652252197266,12.021002769470215,718.0752563476562,26.973440170288086,15.344383239746094
20000,30001,17,3,247,30,1,1724.872802734375,114.05450439453125,66.26791381835938,44.239036560058594,32.696075439453125,31.317869186401367,29.499771118164062,22.52297592163086,22.42739486694336,18.30745506286621,17.42139434814453,16.6180362701416,16.356430053710938,14.70663070678711,14.150691986083984,13.431222915649414,12.263147354125977,722.3847045898438,26.56977653503418,14.965161323547363
25000,35001,17,3,251,35,0,2577.99462890625,135.86900329589844,86.56575775146484,61.08916091918945,42.617713928222656,36.609619140625,31.107494354248047,30.396432876586914,26.895774841308594,24.708927154541016,21.629045486450195,20.670007705688477,19.7557373046875,17.44729995727539,17.054567337036133,15.954276084899902,15.859724998474121,1069.6839599609375,34.121437072753906,20.264060974121094
25000,35001,17,3,251,35,1,2583.65380859375,137.49627685546875,87.53060150146484,59.791378021240234,40.475975036621094,38.7452278137207,30.677881240844727,29.47795295715332,26.65169906616211,24.158510208129883,22.474584579467773,21.770282745361328,19.510927200317383,17.921737670898438,17.142179489135742,16.822265625,16.22846221923828,1070.761962890625,33.53744125366211,20.333961486816406
30000,40001,17,3,253,40,0,3143.832275390625,155.54519653320312,84.97119903564453,50.030120849609375,43.933536529541016,38.55376052856445,34.01160430908203,31.208547592163086,28.89896583557129,25.90059471130371,23.17396354675293,21.834022521972656,20.86278533935547,20.099851608276367,18.887033462524414,18.332521438598633,17.591630935668945,1310.3621826171875,37.5164909362793,22.143108367919922
30000,40001,17,3,253,40,1,3139.692138671875,155.02174377441406,83.66281127929688,51.18323516845703,45.73493957519531,37.47547149658203,34.597774505615234,30.59534454345703,28.92888641357422,28.46059226989746,23.560495376586914,22.637624740600586,20.642959594726562,20.377573013305664,19.907808303833008,17.860931396484375,17.161792755126953,1308.5433349609375,37.84964370727539,21.68183708190918
35000,45001,17,3,249,45,0,3615.69189453125,186.42889404296875,94.7154769897461,66.8333969116211,46.07195281982422,35.94795227050781,34.21908187866211,31.903663635253906,28.530988693237305,26.138389587402344,24.732093811035156,23.37710189819336,22.438758850097656,21.58292579650879,21.143781661987305,19.663347244262695,17.531625747680664,1529.49609375,34.873130798339844,25.024869918823242
35000,45001,17,3,249,45,1,3598.8125,185.6514434814453,93.36799621582031,67.86925506591797,46.822471618652344,36.71678924560547,35.40335464477539,32.245445251464844,28.276016235351562,27.414703369140625,25.469215393066406,24.49639129638672,23.157094955444336,22.165740966796875,21.140363693237305,18.596500396728516,17.152080535888672,1522.6424560546875,35.36522674560547,25.210323333740234
40000,50001,17,3,252,49,0,4923.0947265625,234.02105712890625,100.61434936523438,74.53077697753906,56.383331298828125,46.99128723144531,40.94718933105469,39.68117141723633,33.47313690185547,32.44467544555664,29.89821434020996,28.111373901367188,26.8692684173584,25.227128982543945,23.384048461914062,22.785797119140625,20.85858154296875,2073.331298828125,46.192378997802734,25.64031219482422
40000,50001,17,3,252,49,1,4891.4111328125,234.12124633789062,101.62256622314453,75.92290496826172,56.196861267089844,48.07624816894531,43.13014221191406,37.26430130004883,35.7122917175293,32.799102783203125,31.367826461791992,28.095355987548828,25.928726196289062,24.409212112426758,22.606050491333008,22.48557472229004,20.303247451782227,2060.400390625,46.067405700683594,24.480003356933594
45000,55001,17,3,252,55,0,5684.04248046875,245.83912658691406,114.57030487060547,78.4046401977539,60.41939163208008,53.39397430419922,44.002315521240234,43.83066177368164,38.064064025878906,34.65251922607422,33.75102615356445,30.305341720581055,28.830493927001953,27.22309684753418,25.532838821411133,24.09363555908203,22.751758575439453,2384.216064453125,45.262916564941406,25.769948959350586
45000,55001,17,3,252,55,1,5697.5634765625,251.6229248046875,111.91693115234375,76.11456298828125,59.73491287231445,52.414249420166016,46.14309310913086,42.53303909301758,39.565555572509766,37.13117218017578,32.342369079589844,29.000730514526367,28.564788818359375,25.803115844726562,24.93807029724121,23.89593505859375,22.92400550842285,2390.999267578125,44.59812927246094,29.25349235534668
50000,60001,17,3,253,60,0,6460.412109375,301.4705810546875,133.8421173095703,77.14582061767578,57.05645751953125,53.120670318603516,48.89773178100586,43.28166961669922,37.335121154785156,34.357147216796875,31.594648361206055,30.022640228271484,28.83732795715332,26.90454864501953,25.881847381591797,25.590255737304688,20.912233352661133,2715.58984375,45.22553634643555,30.83517837524414
50000,60001,17,3,253,60,1,6471.59130859375,303.35186767578125,131.20098876953125,76.5563735961914,57.04875946044922,50.74501037597656,47.42172622680664,43.36531448364258,36.231040954589844,31.239730834960938,30.792104721069336,28.045820236206055,27.1220703125,26.66950035095215,25.544557571411133,23.887832641601562,21.955965042114258,2718.00634765625,44.26639175415039,28.527362823486328
55000,65001,17,3,250,64,0,7967.642578125,282.108642578125,146.86277770996094,92.52838897705078,68.5169677734375,56.71165084838867,50.46747589111328,45.60971450805664,41.9971923828125,40.81012725830078,37.75307083129883,35.89548873901367,33.6811637878418,29.50093650817871,29.159446716308594,26.306596755981445,24.665786743164062,3343.248779296875,61.29557800292969,39.71187210083008
55000,65001,17,3,250,64,1,7952.4267578125,280.5572814941406,145.1402130126953,90.71088409423828,65.09402465820312,56.37571716308594,48.12472915649414,42.973636627197266,41.34807205200195,40.58375930786133,38.76288986206055,34.65663146972656,32.99728012084961,30.003503799438477,29.00076675415039,25.51653480529785,24.92527198791504,3334.685791015625,56.904449462890625,35.80924987792969
60000,70001,17,3,256,68,0,8681.8046875,294.22918701171875,147.81565856933594,88.94276428222656,68.51947021484375,60.519287109375,52.829689025878906,48.76211929321289,46.36775207519531,42.40848922729492,38.11214828491211,37.8548698425293,32.94026565551758,31.542024612426758,29.120180130004883,27.70241928100586,27.307472229003906,3650.06591796875,54.368282318115234,31.302213668823242
60000,70001,17,3,256,68,1,8702.078125,297.36029052734375,151.0394287109375,90.26151275634766,69.3236083984375,56.93446731567383,51.97178268432617,47.94083786010742,43.637725830078125,39.078861236572266,37.35376739501953,35.55392837524414,33.64583969116211,31.893146514892578,30.79621124267578,28.80352020263672,26.700611114501953,3655.83203125,53.632259368896484,32.45059585571289
65000,75001,17,3,251,74,0,9828.716796875,322.58209228515625,155.3536834716797,96.31855010986328,71.7801513671875,61.963172912597656,55.303165435791016,53.972537994384766,50.77091598510742,47.358482360839844,43.954673767089844,38.68089294433594,36.00878143310547,33.388694763183594,32.549522399902344,28.501760482788086,27.436140060424805,4121.7939453125,53.34584426879883,40.44782638549805
65000,75001,17,3,251,74,1,9841.3876953125,323.13916015625,150.93263244628906,97.15913391113281,72.34488677978516,63.46943664550781,56.94395065307617,53.08401870727539,49.481040954589844,47.758697509765625,43.129249572753906,37.70384216308594,36.005714416503906,34.30754852294922,32.187721252441406,30.314462661743164,26.608646392822266,4128.13330078125,52.79386901855469,37.56856155395508
70000,80001,17,3,252,74,0,10630.306640625,347.62799072265625,142.60890197753906,103.36865997314453,81.7302017211914,61.02500915527344,54.7214469909668,48.508914947509766,46.58738708496094,42.63299560546875,38.306617736816406,37.08643341064453,35.06494140625,31.605253219604492,30.701148986816406,30.50857162475586,27.981386184692383,4449.296875,60.65498733520508,32.24809265136719
70000,80001,17,3,252,74,1,10658.7578125,344.4789123535156,138.41818237304688,100.19805145263672,78.62395477294922,57.06745529174805,55.075809478759766,49.61006164550781,45.557247161865234,42.502838134765625,38.424381256103516,36.7967529296875,36.244056701660156,33.99645233154297,32.3272590637207,29.911569595336914,29.757205963134766,4461.53076171875,60.90795135498047,34.638790130615234
75000,85001,17,3,252,81,0,11969.2197265625,393.2384338378906,206.3269805908203,121.25975036621094,91.9788818359375,74.31936645507812,67.5255355834961,63.40937042236328,54.08850860595703,50.850257873535156,49.18900680541992,45.046714782714844,42.637577056884766,38.432159423828125,36.7647590637207,33.754276275634766,33.586673736572266,5017.50244140625,73.2327651977539,41.9007453918457
75000,85001,17,3,252,81,1,12010.7880859375,394.349365234375,213.40518188476562,122.49872589111328,97.81005096435547,77.2466049194336,64.36478424072266,62.074440002441406,54.504695892333984,50.40328598022461,47.252593994140625,44.67421340942383,43.43510818481445,40.611385345458984,38.91134262084961,37.537193298339844,36.572940826416016,5037.56494140625,74.2952651977539,41.099876403808594
80000,90001,17,3,254,87,0,13427.21484375,332.6366271972656,183.8411102294922,111.25711822509766,90.89563751220703,70.95819854736328,67.57764434814453,60.24641418457031,54.776493072509766,53.43711471557617,48.424896240234375,43.75353240966797,42.27568435668945,39.2674446105957,36.695068359375,33.635921478271484,31.881940841674805,5653.9609375,75.75300598144531,47.84711837768555
80000,90001,17,3,254,87,1,13431.8369140625,334.0679931640625,183.92945861816406,114.2851333618164,93.47000885009766,75.680908203125,68.00947570800781,56.56419372558594,52.913124084472656,44.300048828125,43.375,41.27102279663086,39.0684814453125,37.95372772216797,35.674774169921875,32.618072509765625,32.34233093261719,5658.2109375,72.22969818115234,48.04859161376953
85000,95001,17,3,253,86,0,14123.609375,299.0954284667969,185.97764587402344,113.50763702392578,83.69068908691406,80.09635162353516,72.40843963623047,62.719547271728516,52.56671142578125,50.17464828491211,48.79460906982422,43.634620666503906,41.9546012878418,39.15524673461914,38.28976821899414,36.106563568115234,33.133148193359375,5953.60107421875,68.77084350585938,41.400054931640625
85000,95001,17,3,253,86,1,14145.3134765625,300.1832580566406,189.25827026367188,124.04595184326172,84.13206481933594,78.72091674804688,69.13160705566406,62.51469039916992,51.69893264770508,48.528404235839844,47.34272003173828,47.048606872558594,43.244590759277344,40.89927291870117,39.193519592285156,34.8510856628418,31.480430603027344,5963.119140625,71.3090591430664,43.06081008911133
90000,100001,17,3,251,96,0,14751.189453125,416.45318603515625,191.4634552001953,124.72083282470703,92.89657592773438,82.12623596191406,69.2087631225586,59.73922348022461,56.422603607177734,53.127708435058594,51.0764045715332,46.517391204833984,45.24677658081055,42.23968505859375,38.562522888183594,37.986595153808594,35.532806396484375,6182.15087890625,74.0413818359375,52.06250762939453
90000,100001,17,3,251,96,1,14772.75,416.3199462890625,191.02120971679688,124.36576080322266,92.94770812988281,80.09473419189453,67.64763641357422,57.584503173828125,57.001705169677734,55.072479248046875,53.206512451171875,50.03013610839844,47.75991439819336,43.68181228637695,41.598880767822266,38.27552795410156,36.936710357666016,6193.12060546875,69.8254165649414,52.92723846435547
95000,105001,17,3,253,94,0,15539.8994140625,452.58636474609375,217.44149780273438,127.89517974853516,113.35153198242188,84.883056640625,72.2889404296875,67.10173034667969,59.10637664794922,55.40148162841797,53.234893798828125,50.33547592163086,46.07033920288086,44.52991485595703,39.33008575439453,38.4201774597168,35.3443489074707,6520.06689453125,83.12699890136719,54.253929138183594
95000,105001,17,3,253,94,1,15537.099609375,451.77667236328125,217.84263610839844,131.30039978027344,104.01974487304688,87.44499969482422,68.91401672363281,62.643714904785156,55.737091064453125,53.86391830444336,50.5729866027832,49.991058349609375,49.123558044433594,45.050167083740234,40.175968170166016,37.84515380859375,36.70072937011719,6521.10791015625,84.41875457763672,50.42254638671875
100000,110001,17,3,252,97,0,16990.02734375,436.27734375,193.3309326171875,125.66323852539062,100.8466796875,80.20397186279297,70.9344711303711,66.59236145019531,64.73420715332031,57.53908920288086,56.79575729370117,53.22091293334961,46.5441780090332,43.88954162597656,43.403717041015625,40.26565933227539,37.81953048706055,7197.779296875,68.3386001586914,45.97608184814453
100000,110001,17,3,252,97,1,16978.80078125,435.87744140625,194.271484375,126.31987762451172,105.62458038330078,78.48268127441406,70.63533782958984,69.56330108642578,65.36463928222656,58.1557502746582,55.691436767578125,52.07496643066406,45.2738037109375,41.023406982421875,38.12370300292969,36.32649612426758,34.97121810913086,7192.36376953125,69.91529846191406,40.60927963256836
105000,115001,17,3,249,102,0,17720.5,425.1658020019531,185.94046020507812,125.03245544433594,94.839111328125,80.11023712158203,69.76087951660156,59.31195831298828,53.91114044189453,50.771949768066406,44.75942611694336,42.55710983276367,41.74810791015625,39.47783279418945,37.904510498046875,35.45226287841797,33.01399612426758,7445.279296875,66.88390350341797,46.754215240478516
105000,115001,17,3,249,102,1,17727.935546875,422.6255798339844,192.428955078125,126.43018341064453,94.68025207519531,82.40795135498047,68.13679504394531,60.09321594238281,54.53788757324219,48.90922927856445,46.23343276977539,44.74488830566406,42.29553985595703,38.503517150878906,37.179656982421875,32.6818962097168,31.27181053161621,7447.48193359375,67.19048309326172,41.514305114746094
110000,120001,17,3,252,107,0,18586.9765625,425.7743835449219,211.16217041015625,141.01731872558594,105.60930633544922,88.56197357177734,71.9184341430664,69.54020690917969,60.84039306640625,54.92136001586914,50.582088470458984,49.053001403808594,44.696044921875,42.85679244995117,41.407127380371094,37.72397994995117,35.68790054321289,7836.6083984375,74.90486145019531,49.21874237060547
110000,120001,17,3,252,107,1,18566.9296875,428.6737365722656,217.60845947265625,141.56932067871094,102.14628601074219,82.63622283935547,81.23673248291016,72.6942138671875,64.15665435791016,60.00768280029297,58.144386291503906,51.59514617919922,49.74033737182617,46.266563415527344,44.254764556884766,41.34585952758789,37.28892517089844,7826.27783203125,77.22876739501953,51.2276725769043
115000,125001,17,3,252,105,0,19221.435546875,479.2494201660156,229.43511962890625,123.67462158203125,102.68827056884766,77.02809143066406,70.38569641113281,60.97652816772461,57.14931869506836,53.200199127197266,51.255069732666016,48.744056701660156,47.671146392822266,43.7431526184082,39.65360641479492,38.02418518066406,35.81915283203125,8076.1162109375,74.2692642211914,49.38916015625
115000,125001,17,3,252,105,1,19205.06640625,487.2119140625,225.5418701171875,129.75088500976562,101.09204864501953,83.36813354492188,71.4900894165039,60.98741912841797,59.045841217041016,53.205108642578125,52.34546661376953,46.74068069458008,45.50099563598633,43.206851959228516,41.96303176879883,40.145721435546875,33.060298919677734,8069.00537109375,73.10733795166016,48.208168029785156
120000,130001,17,3,253,109,0,19449.0390625,421.9598388671875,225.33847045898438,139.2574462890625,103.26030731201172,88.89769744873047,73.28059387207031,69.86019897460938,63.1251220703125,59.9226188659668,54.28120040893555,49.01746368408203,46.31926727294922,44.68952560424805,44.28142166137695,40.270294189453125,37.74590301513672,8182.07763671875,74.22277069091797,47.95087814331055
120000,130001,17,3,253,109,1,19426.310546875,421.00006103515625,226.04931640625,140.79977416992188,105.00341033935547,94.66421508789062,76.8451156616211,74.48792266845703,67.83113861083984,63.32301712036133,57.69841766357422,48.538028717041016,47.55978775024414,44.690399169921875,43.994598388671875,41.32375717163086,38.372772216796875,8174.30908203125,79.4473876953125,47.49214172363281
125000,135001,17,3,253,124,0,20674.853515625,513.6886596679688,235.63421630859375,144.4153594970703,121.27650451660156,98.2774658203125,86.1285400390625,74.94804382324219,65.86785888671875,62.61143493652344,55.87601089477539,52.38505935668945,50.108299255371094,47.08854293823242,41.31498336791992,40.583560943603516,40.17757797241211,8673.5322265625,97.1039047241211,51.548179626464844
125000,135001,17,3,253,124,1,20633.037109375,518.4575805664062,244.84835815429688,145.0148162841797,119.00811004638672,101.52191162109375,85.40287780761719,81.2046127319336,69.60771179199219,64.93167877197266,55.54477310180664,51.658287048339844,49.432125091552734,47.94945526123047,46.56705856323242,39.34956359863281,35.930572509765625,8657.2734375,101.55223083496094,48.89816665649414
130000,140001,17,3,255,113,0,21387.0,498.2723693847656,247.43849182128906,170.28038024902344,110.99829864501953,93.92308807373047,87.81046295166016,71.67298889160156,69.56814575195312,65.8103256225586,61.404541015625,56.6708869934082,53.00786209106445,50.74760437011719,46.60488510131836,44.381229400634766,40.443992614746094,9000.595703125,102.36800384521484,56.41788864135742
130000,140001,17,3,255,113,1,21424.1875,498.4273376464844,253.79298400878906,170.91383361816406,111.5634536743164,99.9942626953125,90.51622009277344,74.23665618896484,72.19495391845703,64.51300048828125,62.561614990234375,54.188072204589844,51.95041275024414,50.271453857421875,45.356937408447266,43.492103576660156,39.41162109375,9014.0537109375,110.85205841064453,55.027862548828125
135000,145001,17,3,249,117,0,21163.40234375,508.16998291015625,238.88182067871094,143.3394012451172,115.58719635009766,101.6236801147461,84.1335220336914,66.62525177001953,61.63056945800781,57.5352783203125,53.30675506591797,48.536582946777344,47.22660827636719,43.48734664916992,42.476497650146484,40.73109817504883,36.75509262084961,8874.12109375,70.53015899658203,43.62343215942383
135000,145001,17,3,249,117,1,21119.4375,511.867431640625,241.51852416992188,143.62646484375,115.69884490966797,100.95086669921875,84.85211944580078,72.89131164550781,62.03028869628906,55.86811065673828,54.13055419921875,52.46186447143555,49.965110778808594,46.652381896972656,42.351593017578125,40.515132904052734,39.7867546081543,8859.9326171875,72.20088958740234,48.413368225097656
140000,150001,17,3,251,119,0,22962.21484375,549.9467163085938,225.0618896484375,165.49342346191406,110.34942626953125,104.93685913085938,94.12763214111328,81.97664642333984,69.39615631103516,67.5334243774414,58.72174072265625,52.66197204589844,46.36532974243164,44.896934509277344,42.97617721557617,42.78018569946289,39.799434661865234,9659.38671875,119.34846496582031,68.1727066040039
140000,150001,17,3,251,119,1,22950.166015625,549.1871337890625,224.63230895996094,157.4118194580078,107.17985534667969,94.33372497558594,91.35342407226562,79.250732421875,71.32170867919922,68.66544342041016,57.4796028137207,55.63429260253906,51.04200744628906,45.13909912109375,44.448020935058594,42.28546142578125,38.23041534423828,9655.64453125,104.84220886230469,65.93368530273438
145000,155001,17,3,251,122,0,23666.505859375,444.52239990234375,207.46107482910156,150.84124755859375,107.67987060546875,87.57173919677734,82.4874267578125,70.75708770751953,63.92668533325195,60.21256637573242,57.68798828125,55.766212463378906,53.46520233154297,48.153656005859375,46.253116607666016,44.902217864990234,44.52478790283203,9988.404296875,78.09727478027344,50.3984260559082
145000,155001,17,3,251,122,1,23684.154296875,446.4278564453125,215.4038543701172,147.779541015625,110.55451965332031,82.21183013916016,80.80159759521484,70.28019714355469,63.68634796142578,58.591346740722656,56.5946044921875,54.362979888916016,51.25834274291992,46.3086051940918,43.416629791259766,40.97598648071289,40.29533386230469,9998.9267578125,73.85028839111328,46.739410400390625
150000,160001,17,3,252,122,0,23705.27734375,694.432373046875,269.0967712402344,175.0087432861328,135.21627807617188,113.26007080078125,85.52662658691406,75.43404388427734,71.77562713623047,69.25302124023438,61.027130126953125,58.21907424926758,53.92161178588867,50.49425506591797,49.886070251464844,45.61033630371094,42.56258773803711,9946.0205078125,97.93640899658203,51.586647033691406
150000,160001,17,3,252,122,1,23668.8203125,702.0499267578125,265.8920593261719,167.92239379882812,130.15599060058594,111.0494155883789,82.99406433105469,82.39143371582031,73.55924224853516,68.66273498535156,66.74617004394531,59.31459426879883,56.32512283325195,53.65400695800781,50.8813591003418,45.615718841552734,44.4708137512207,9932.0048828125,95.6010513305664,50.74156188964844
155000,165001,17,3,248,137,0,24392.17578125,452.2215576171875,288.3121337890625,150.65187072753906,122.52082061767578,95.35011291503906,88.79008483886719,79.17782592773438,61.98560333251953,60.58750534057617,58.944915771484375,53.91555404663086,50.13621520996094,48.80632781982422,46.19514083862305,44.04227066040039,40.57212448120117,10270.0634765625,96.77883911132812,58.1148681640625
155000,165001,17,3,248,137,1,24345.5,449.65252685546875,287.5421142578125,153.2753143310547,122.32426452636719,97.30201721191406,94.27991485595703,71.77324676513672,66.80563354492188,55.419925689697266,54.839630126953125,51.709415435791016,50.55290985107422,45.97120666503906,45.46966552734375,44.557865142822266,38.29005432128906,10247.6171875,96.53006744384766,54.33388137817383
160000,170001,17,3,254,131,0,25182.744140625,482.41455078125,288.63067626953125,152.3290252685547,99.90470886230469,88.54280090332031,87.3184814453125,76.631591796875,68.68328857421875,61.6934700012207,58.03914260864258,56.655906677246094,55.9719123840332,50.535945892333984,48.038700103759766,43.982784271240234,42.55124282836914,10614.3056640625,83.55406188964844,50.931434631347656
160000,170001,17,3,254,131,1,25210.72265625,478.5623474121094,274.6334228515625,146.784423828125,98.55890655517578,87.18140411376953,77.25881958007812,75.01658630371094,63.73216247558594,57.942691802978516,54.139373779296875,50.602638244628906,47.23387908935547,45.77439498901367,44.181278228759766,41.221824645996094,37.791465759277344,10624.83984375,80.98340606689453,50.762081146240234
165000,175001,17,3,252,137,0,25994.6875,513.4961547851562,245.74826049804688,140.54531860351562,119.37386322021484,97.68755340576172,89.04434204101562,79.2853775024414,70.49971008300781,62.56483459472656,58.072532653808594,54.9016227722168,51.214752197265625,50.71680450439453,46.175636291503906,45.07752990722656,41.528507232666016,10935.361328125,92.35765838623047,47.400211334228516
165000,175001,17,3,252,137,1,25961.96484375,515.1621704101562,245.93641662597656,154.67739868164062,111.02098846435547,97.8386459350586,88.50341033935547,76.77212524414062,75.09976959228516,66.49828338623047,62.11518859863281,58.72356414794922,58.2336540222168,50.875431060791016,48.52539825439453,46.351924896240234,40.368553161621094,10921.11328125,93.49542236328125,49.47509002685547
170000,180001,17,3,252,126,0,26303.037109375,490.7882080078125,249.4211883544922,153.58978271484375,119.97889709472656,104.00674438476562,88.4553451538086,76.01923370361328,73.77151489257812,65.88280487060547,61.44218444824219,57.95631408691406,56.35026931762695,48.97063064575195,48.529212951660156,46.388397216796875,42.722774505615234,11070.5390625,84.64207458496094,49.34690475463867
170000,180001,17,3,252,126,1,26301.6796875,493.773681640625,249.90835571289062,144.68048095703125,126.32056427001953,103.37992095947266,85.9249267578125,75.41411590576172,70.41764831542969,67.13428497314453,61.10789108276367,58.75608444213867,57.2028923034668,52.051361083984375,48.3678092956543,44.51552200317383,41.08512878417969,11070.083984375,87.68853759765625,52.87036895751953
175000,185001,17,3,251,132,0,27244.587890625,572.1021728515625,266.6768798828125,170.79800415039062,126.32369995117188,104.2840805053711,97.6759262084961,75.3204574584961,74.39204406738281,66.15394592285156,62.44700622558594,56.85112762451172,53.73301696777344,47.002201080322266,45.7741813659668,44.45604705810547,41.12752151489258,11459.787109375,79.84894561767578,59.14540100097656
175000,185001,17,3,251,132,1,27267.818359375,570.4970092773438,266.711181640625,168.56036376953125,116.84716796875,95.32510375976562,88.29508209228516,75.50904083251953,66.77057647705078,62.1312370300293,59.500938415527344,58.519561767578125,53.49357986450195,48.979827880859375,45.42487335205078,44.10078048706055,42.19657516479492,11466.3935546875,73.56246948242188,51.467411041259766
180000,190001,17,3,251,141,0,27082.83984375,519.8455200195312,249.91969299316406,169.58558654785156,120.82795715332031,97.68115234375,81.51094055175781,73.2841567993164,68.82305145263672,66.93743896484375,63.25470733642578,56.91386795043945,54.01408004760742,50.816322326660156,47.944801330566406,46.26679611206055,41.98300552368164,11376.083984375,88.22856140136719,53.8687744140625
180000,190001,17,3,251,141,1,27091.037109375,533.9683837890625,256.5455322265625,175.2948455810547,126.0333023071289,100.65512084960938,85.6357192993164,81.5184097290039,74.57196044921875,67.98119354248047,59.59278869628906,53.239952087402344,52.02934265136719,50.498355865478516,47.34953308105469,44.78778839111328,40.113616943359375,11380.126953125,91.53394317626953,51.23979187011719
185000,195001,17,3,251,146,0,27373.646484375,542.8234252929688,260.4469299316406,161.24024963378906,127.80188751220703,98.31687927246094,85.26971435546875,77.93741607666016,70.52058410644531,67.70819854736328,60.31071472167969,58.17833709716797,54.82956314086914,53.94005584716797,51.99855041503906,45.54917526245117,41.5247688293457,11478.6279296875,86.47113800048828,51.88949203491211
185000,195001,17,3,251,146,1,27358.890625,542.0189819335938,264.4187316894531,169.88685607910156,135.17544555664062,88.1886978149414,84.02706909179688,79.99893951416016,68.44207763671875,64.4121322631836,57.389156341552734,54.74433135986328,51.837127685546875,49.4050407409668,48.186012268066406,46.02349853515625,44.107749938964844,11469.76953125,81.75206756591797,50.373138427734375
190000,200001,17,3,253,141,0,28160.16796875,595.119140625,292.7876281738281,148.69094848632812,128.51722717285156,104.04812622070312,84.37919616699219,72.18997192382812,65.93070220947266,64.2479019165039,63.02677917480469,60.083396911621094,54.05960464477539,51.43783950805664,50.50799560546875,46.51261901855469,44.63570022583008,11818.97265625,77.1005630493164,62.241310119628906
190000,200001,17,3,253,141,1,28148.734375,592.9851684570312,284.9361877441406,143.2773895263672,124.852783203125,103.82774353027344,84.18611145019531,74.75658416748047,71.91104888916016,69.52698516845703,61.92672348022461,57.94605255126953,54.91584396362305,51.2590217590332,50.699527740478516,46.04246139526367,43.980186462402344,11816.6376953125,78.68392944335938,68.10585021972656
195000,205001,17,3,253,149,0,28634.451171875,562.3414916992188,247.75025939941406,165.29257202148438,111.3251724243164,92.32199096679688,72.75775909423828,69.61461639404297,63.72791290283203,59.16586685180664,55.882389068603516,52.34772872924805,51.05632781982422,46.392024993896484,42.766719818115234,40.51328659057617,36.53865432739258,12021.6181640625,97.87298583984375,55.07072067260742
195000,205001,17,3,253,149,1,28597.2109375,574.00244140625,252.05438232421875,167.04286193847656,111.25070190429688,91.29364776611328,77.71906280517578,67.80034637451172,65.00703430175781,62.58390808105469,55.222557067871094,54.246978759765625,51.57896423339844,48.57146453857422,47.217262268066406,44.422767639160156,39.95188903808594,12002.552734375,108.14083099365234,61.384544372558594
200000,210001,17,3,256,146,0,29548.900390625,538.7039184570312,229.78530883789062,149.1525421142578,111.69581604003906,99.03296661376953,87.95366668701172,75.4614486694336,68.44660186767578,64.00237274169922,59.317935943603516,53.8355712890625,51.58156967163086,48.318885803222656,47.8468017578125,44.17222213745117,40.212032318115234,12440.3134765625,77.14591979980469,54.14875411987305
200000,210001,17,3,256,146,1,29551.26953125,537.2584228515625,231.79074096679688,146.2615509033203,110.64903259277344,99.45022583007812,88.55618286132812,73.31672668457031,64.61402893066406,58.88784408569336,53.680145263671875,53.00473403930664,51.114707946777344,47.26691436767578,42.29448699951172,38.472347259521484,36.53921127319336,12448.30859375,76.26350402832031,49.89421844482422
205000,215001,17,3,255,141,0,29599.56640625,552.6368408203125,261.4007873535156,166.3955078125,124.89433288574219,96.49059295654297,88.90855407714844,77.70288848876953,72.7113265991211,66.18550872802734,62.127784729003906,60.71560287475586,55.3995475769043,53.69758224487305,47.335506439208984,44.69301223754883,43.070350646972656,12453.755859375,83.9231185913086,51.649845123291016
205000,215001,17,3,255,141,1,29632.544921875,553.1734619140625,260.939208984375,170.79534912109375,128.4138641357422,101.04021453857422,86.29600524902344,74.17437744140625,69.49430847167969,67.90126037597656,56.890228271484375,54.667076110839844,50.50583267211914,49.908790588378906,47.23027801513672,43.49087142944336,38.77439498901367,12466.490234375,84.116455078125,54.59877014160156
210000,220001,17,3,250,150,0,29436.8671875,640.6997680664062,261.6673278808594,203.17868041992188,138.0413055419922,111.38359069824219,98.49578094482422,79.89781188964844,74.87091827392578,72.34827423095703,61.99006271362305,59.562198638916016,58.58858871459961,54.3070182800293,50.01201629638672,47.15357208251953,44.45951461791992,12376.5888671875,96.89647674560547,56.6895637512207
210000,220001,17,3,250,150,1,29355.173828125,631.1675415039062,266.07440185546875,206.2407684326172,147.783203125,108.30496978759766,94.9131851196289,76.24781036376953,71.77360534667969,65.4134292602539,60.13909912109375,56.87223815917969,53.109832763671875,52.43674850463867,49.013389587402344,45.344791412353516,43.617801666259766,12339.0732421875,98.08228302001953,56.48759078979492
215000,225001,17,3,254,156,0,30053.234375,564.4525146484375,243.82888793945312,171.5380859375,120.92184448242188,89.24919891357422,85.7503433227539,74.755859375,63.63860321044922,57.476524353027344,56.14370346069336,53.957244873046875,49.36466979980469,45.80146408081055,43.63764953613281,39.70193099975586,36.974185943603516,12659.1533203125,97.77297973632812,53.53545379638672
215000,225001,17,3,254,156,1,30046.916015625,565.8684692382812,242.26173400878906,165.8359832763672,125.2552261352539,91.26956939697266,80.91571807861328,74.08467102050781,66.09627532958984,60.63777542114258,54.76715850830078,50.451595306396484,45.95293426513672,44.271095275878906,42.65634536743164,40.22853469848633,37.33049392700195,12659.994140625,97.42713165283203,54.86520004272461
220000,230001,17,3,249,149,0,29321.748046875,515.55615234375,219.31813049316406,160.54257202148438,109.83718872070312,97.01441955566406,86.1844711303711,74.64993286132812,64.58541107177734,61.420040130615234,56.268333435058594,54.28983688354492,50.959144592285156,50.04734420776367,47.39136505126953,44.352176666259766,40.96156311035156,12373.9775390625,94.86708068847656,57.29084014892578
220000,230001,17,3,249,149,1,29340.068359375,528.503662109375,215.6410369873047,162.44432067871094,111.54835510253906,100.88678741455078,80.67218017578125,68.6389389038086,61.03857421875,58.06087112426758,52.71220779418945,49.946407318115234,48.72453308105469,47.622276306152344,44.8964958190918,43.33793258666992,40.279563903808594,12378.9296875,96.91104125976562,53.250484466552734
225000,235001,17,3,247,149,0,30663.296875,483.429931640625,237.24488830566406,154.90977478027344,118.26811218261719,97.93920135498047,83.8258285522461,74.39013671875,69.40571594238281,62.393131256103516,59.28700637817383,53.50824737548828,51.31700134277344,47.65510559082031,45.688899993896484,44.763118743896484,42.24808883666992,12899.271484375,81.85780334472656,47.27336883544922
225000,235001,17,3,247,149,1,30654.64453125,480.5156555175781,230.873291015625,157.5798797607422,114.66371154785156,92.61015319824219,86.77821350097656,71.57746124267578,68.01212310791016,62.127471923828125,59.712589263916016,56.89141845703125,55.771575927734375,50.17202377319336,48.958702087402344,40.5545768737793,39.73966979980469,12888.0751953125,80.8690185546875,46.807411193847656
230000,240001,17,3,251,145,0,31899.578125,542.6836547851562,250.69326782226562,156.79617309570312,121.62910461425781,99.93128967285156,83.52579498291016,72.76514434814453,69.1278076171875,62.083072662353516,58.501338958740234,56.3611946105957,52.89982986450195,46.37488555908203,44.25260543823242,40.68656539916992,37.579681396484375,13411.9794921875,85.80767822265625,45.41470718383789
230000,240001,17,3,251,145,1,31873.107421875,539.809814453125,250.68348693847656,147.17237854003906,111.70100402832031,97.97238159179688,86.03266143798828,81.12500762939453,79.13584899902344,69.15933227539062,64.10066223144531,61.99650192260742,60.801025390625,54.22716522216797,49.85781478881836,46.629676818847656,41.69561004638672,13403.3818359375,87.26287078857422,53.671077728271484
235000,245001,17,3,255,160,0,31978.47265625,569.6906127929688,234.9510040283203,176.9193572998047,121.36621856689453,85.71532440185547,81.1719741821289,79.06769561767578,75.44432830810547,68.09007263183594,60.817344665527344,55.94760513305664,51.329532623291016,48.415889739990234,44.744102478027344,41.97532653808594,40.30915069580078,13457.193359375,92.3205337524414,48.277164459228516
235000,245001,17,3,255,160,1,31970.00390625,575.7706298828125,236.36111450195312,172.95858764648438,121.97014617919922,90.42855834960938,84.65313720703125,80.28359985351562,74.55001831054688,69.02252197265625,64.44654083251953,62.818992614746094,59.80615997314453,54.76449966430664,49.93243408203125,44.42402267456055,43.77238082885742,13453.8505859375,91.53520202636719,58.28355407714844
240000,250001,17,3,253,151,0,31768.8359375,519.4937133789062,238.12400817871094,172.91859436035156,123.12855529785156,93.9813232421875,84.7042236328125,76.82327270507812,66.77195739746094,64.6535415649414,63.77320861816406,60.589439392089844,54.288631439208984,52.04928970336914,47.49655532836914,46.33833694458008,42.849159240722656,13368.7841796875,89.9394760131836,59.18172836303711
240000,250001,17,3,253,151,1,31805.4296875,514.0316772460938,239.76962280273438,160.95924377441406,120.09014129638672,92.04634857177734,88.50736999511719,76.5604476928711,70.25199890136719,67.67902374267578,62.41551971435547,59.62698745727539,55.495018005371094,50.69571304321289,47.63957595825195,47.08134841918945,43.642822265625,13382.9619140625,93.38602447509766,59.418277740478516
245000,255001,17,3,250,162,0,31121.45703125,520.8857421875,256.951171875,144.2039794921875,124.53960418701172,95.09475708007812,91.45828247070312,85.84717559814453,67.9463882446289,63.8149299621582,61.763580322265625,56.92573547363281,51.169376373291016,48.698814392089844,47.14823913574219,43.96588897705078,40.7042350769043,13113.7216796875,90.7695541381836,53.16228103637695
245000,255001,17,3,250,162,1,31126.4453125,523.4389038085938,266.8363037109375,144.0642852783203,126.50723266601562,95.38195037841797,91.14601135253906,80.99027252197266,67.3722152709961,64.72041320800781,56.86443328857422,55.299983978271484,52.773040771484375,48.88130569458008,46.612300872802734,45.59730529785156,43.2358512878418,13119.396484375,89.04998016357422,50.33932876586914
250000,260001,17,3,251,155,0,32031.142578125,671.4447631835938,229.48251342773438,163.34585571289062,110.15937805175781,101.65879821777344,87.5404052734375,79.8635025024414,73.65843200683594,69.24354553222656,62.413814544677734,54.782535552978516,50.42652130126953,48.16848373413086,42.40805435180664,40.783878326416016,38.99029541015625,13504.9873046875,85.89989471435547,62.1834831237793
250000,260001,17,3,251,155,1,32046.373046875,669.1087036132812,230.83555603027344,158.9495086669922,113.64850616455078,105.11986541748047,88.79570770263672,81.75983428955078,77.46297454833984,66.10546112060547,64.06348419189453,61.250823974609375,53.631248474121094,49.269710540771484,46.797996520996094,43.96726608276367,39.56138229370117,13509.3134765625,93.67115783691406,59.09690475463867
255000,265001,17,3,254,157,0,32517.869140625,603.7181396484375,250.48397827148438,184.57838439941406,116.44086456298828,94.41332244873047,91.24116516113281,74.93792724609375,70.27674102783203,65.25835418701172,62.87776565551758,55.0576171875,54.036991119384766,52.72428894042969,44.66318893432617,39.82570266723633,38.42068862915039,13719.58203125,101.54312133789062,61.6629638671875
255000,265001,17,3,254,157,1,32506.236328125,603.3382568359375,242.7395782470703,183.6229248046875,115.31712341308594,100.21437072753906,97.14204406738281,82.14214324951172,78.27303314208984,72.31694030761719,67.95542907714844,59.203636169433594,54.444087982177734,53.12698745727539,49.00840377807617,44.639400482177734,40.761898040771484,13713.46875,102.11029052734375,56.927547454833984
260000,270001,17,3,254,163,0,33354.31640625,471.2570495605469,239.11805725097656,156.60890197753906,122.77529907226562,102.50546264648438,75.75556182861328,71.69242095947266,69.38933563232422,67.43090057373047,59.44321823120117,55.72548294067383,49.750274658203125,47.52880096435547,43.56129455566406,41.426002502441406,38.48761749267578,14060.466796875,103.5291519165039,53.56330490112305
260000,270001,17,3,254,163,1,33317.97265625,470.51373291015625,243.09280395507812,158.28192138671875,117.92018127441406,97.73993682861328,83.2734603881836,71.31767272949219,63.831146240234375,60.056575775146484,57.877113342285156,52.41230392456055,49.69046401977539,45.82451629638672,42.88433074951172,37.91044235229492,34.805152893066406,14048.21484375,99.49925231933594,54.83381652832031
265000,275001,17,3,252,167,0,33008.01171875,524.3096313476562,247.3416290283203,153.96343994140625,114.40161895751953,108.24491882324219,83.40027618408203,78.46025848388672,71.3411865234375,70.57678985595703,63.58468246459961,61.414878845214844,53.611602783203125,52.72119140625,46.26590347290039,45.53770446777344,44.6428337097168,13899.2109375,104.44264221191406,58.21504211425781
265000,275001,17,3,252,167,1,33024.96484375,512.753662109375,235.24856567382812,144.43605041503906,109.24236297607422,107.90625762939453,77.56420135498047,72.31724548339844,66.83392333984375,61.607730865478516,57.36787796020508,54.70903396606445,52.31228256225586,50.614280700683594,47.30195617675781,45.636470794677734,42.80289077758789,13904.5107421875,88.41243743896484,49.832096099853516
270000,280001,17,3,254,167,0,33015.2421875,796.873779296875,296.5380859375,174.87432861328125,127.71221160888672,102.43211364746094,85.2365951538086,75.74970245361328,70.54159545898438,63.44321060180664,57.41529846191406,52.64118957519531,50.81667709350586,48.18317413330078,45.652183532714844,42.534976959228516,40.87207794189453,13882.3828125,73.68404388427734,47.41400909423828
270000,280001,17,3,254,167,1,33062.8828125,801.3040771484375,297.4236145019531,175.25091552734375,125.74407196044922,108.61832427978516,85.16654968261719,77.10529327392578,69.33808135986328,64.05487060546875,60.22166442871094,53.52686309814453,48.96791076660156,47.95597457885742,45.1565055847168,39.24167251586914,36.04145050048828,13901.2587890625,83.5782241821289,50.28993606567383
275000,285001,17,3,254,162,0,33542.06640625,664.7919311523438,252.24891662597656,143.82046508789062,120.49853515625,90.84944915771484,81.97434997558594,71.47614288330078,67.8667984008789,66.16799926757812,60.33479309082031,56.76325225830078,53.709232330322266,49.62343215942383,47.46381378173828,42.951168060302734,38.81303024291992,14115.1083984375,86.11323547363281,63.2415657043457
275000,285001,17,3,254,162,1,33567.79296875,666.1234130859375,261.6126403808594,148.75462341308594,125.92121887207031,95.9065170288086,79.30329132080078,77.0125961303711,70.78777313232422,65.93585968017578,62.73591613769531,56.796329498291016,52.40970230102539,49.50324249267578,47.162437438964844,43.66254425048828,41.537723541259766,14125.1103515625,87.45924377441406,56.232627868652344
280000,290001,17,3,253,181,0,34268.3828125,438.2690124511719,223.6927490234375,150.38754272460938,113.9202880859375,96.05506896972656,83.59066009521484,78.0724868774414,70.51756286621094,61.576351165771484,57.55942916870117,55.73601531982422,54.38840103149414,50.486549377441406,49.249794006347656,44.49595642089844,41.31318283081055,14408.328125,78.5274887084961,53.280235290527344
280000,290001,17,3,253,181,1,34315.98046875,432.2893981933594,218.71351623535156,151.17929077148438,116.72959899902344,87.86788940429688,79.24162292480469,75.65681457519531,64.1354751586914,63.012245178222656,60.18826675415039,53.779815673828125,50.80522537231445,48.05710983276367,46.208717346191406,41.48485565185547,39.88755416870117,14427.716796875,74.13070678710938,53.09843063354492
285000,295001,17,3,248,167,0,33370.37890625,612.4583740234375,240.14259338378906,154.79493713378906,131.88743591308594,108.90786743164062,92.54448699951172,78.74615478515625,74.75750732421875,66.28856658935547,59.72211456298828,55.010196685791016,52.511234283447266,48.798194885253906,45.621124267578125,44.815399169921875,40.05701446533203,14042.6005859375,81.90380096435547,50.1348762512207
285000,295001,17,3,248,167,1,33351.15625,609.9992065429688,240.80685424804688,157.49049377441406,133.3361053466797,103.43048858642578,92.46582794189453,73.1044921875,67.95823669433594,63.738895416259766,58.960506439208984,55.71448516845703,53.5649299621582,50.27477264404297,47.76457214355469,45.00801467895508,41.96453094482422,14037.2666015625,86.48159790039062,49.59319305419922
290000,300001,17,3,252,172,0,34034.7578125,572.3894653320312,315.8927001953125,172.30130004882812,134.88336181640625,118.74392700195312,104.01786041259766,77.32747650146484,75.19011688232422,68.68924713134766,64.91719818115234,61.0958366394043,55.41239547729492,53.24871063232422,49.2073974609375,43.87696075439453,38.6523323059082,14362.853515625,85.21276092529297,49.08177947998047
290000,300001,17,3,252,172,1,34022.3828125,563.083984375,308.3552551269531,174.73939514160156,119.88499450683594,111.82611846923828,104.47342681884766,80.90630340576172,77.36510467529297,66.02465057373047,64.27942657470703,61.464141845703125,58.44312286376953,52.27046203613281,46.22127914428711,44.19255447387695,41.44212341308594,14350.259765625,81.5657730102539,50.97862243652344
295000,305001,17,3,251,169,0,33685.9609375,659.92333984375,246.1599884033203,187.95713806152344,119.72010803222656,100.53536224365234,93.28741455078125,84.53047943115234,79.60099029541016,71.44600677490234,65.97624969482422,61.42247772216797,56.99834060668945,50.13263702392578,45.80720138549805,42.51763916015625,37.37556838989258,14165.07421875,93.9005126953125,64.23350524902344
295000,305001,17,3,251,169,1,33707.4765625,653.8993530273438,243.577392578125,179.0706024169922,121.08805847167969,102.56080627441406,92.78560638427734,82.14876556396484,71.67293548583984,60.289608001708984,56.85173034667969,53.59381866455078,49.51530075073242,47.77052307128906,43.50815963745117,40.34269714355469,37.63084411621094,14170.93359375,89.2605972290039,54.847068786621094
300000,310001,17,3,253,174,0,34189.703125,672.5829467773438,255.85556030273438,162.04933166503906,117.15715789794922,107.25255584716797,91.4760971069336,85.92025756835938,74.5845947265625,67.51795959472656,61.644195556640625,55.02472686767578,53.3854866027832,49.46833801269531,48.57504653930664,45.73212814331055,39.96814727783203,14419.291015625,85.5811767578125,55.08211898803711
300000,310001,17,3,253,174,1,34228.203125,660.9736938476562,257.3235168457031,158.3253631591797,118.75821685791016,109.50173950195312,87.89878845214844,84.86776733398438,71.84082794189453,67.96439361572266,65.65599060058594,60.461883544921875,57.493343353271484,52.649715423583984,50.34366226196289,46.766048431396484,42.76511764526367,14437.076171875,97.29918670654297,52.93986892700195
305000,315001,17,3,251,171,0,34885.88671875,474.1891784667969,223.73313903808594,155.34567260742188,115.63525390625,98.89166259765625,84.92290496826172,71.17573547363281,67.90361785888672,62.87444305419922,61.43318176269531,59.29840850830078,49.812007904052734,46.860511779785156,45.27885818481445,41.134769439697266,39.910362243652344,14697.3046875,74.40552520751953,49.461448669433594
305000,315001,17,3,251,171,1,34853.16015625,473.8122863769531,220.74761962890625,162.9041290283203,117.26302337646484,103.35320281982422,87.79998016357422,71.72977447509766,62.57147979736328,60.867977142333984,56.73024368286133,54.359100341796875,51.103206634521484,48.83060073852539,46.13047409057617,44.75245666503906,40.14311218261719,14684.62890625,72.37899780273438,48.55574035644531
310000,320001,17,3,252,169,0,35209.38671875,632.6177368164062,286.1847229003906,206.84219360351562,136.28729248046875,124.3842544555664,102.736572265625,98.14253997802734,74.0144271850586,71.14459228515625,65.95445251464844,60.84077835083008,57.74018859863281,55.11148452758789,50.22471618652344,48.03633117675781,46.73871612548828,14805.337890625,116.69782257080078,56.85601043701172
310000,320001,17,3,252,169,1,35192.390625,629.2513427734375,276.9022216796875,206.39781188964844,126.32746124267578,114.46780395507812,105.68055725097656,93.93672943115234,79.73802185058594,71.49800872802734,70.2815933227539,65.78849792480469,62.40161895751953,55.02304458618164,53.768306732177734,49.299530029296875,46.342647552490234,14794.8505859375,111.70333099365234,66.00849914550781
315000,325001,17,3,251,168,0,35616.41015625,533.0144653320312,238.3575897216797,172.85604858398438,127.70280456542969,106.79010772705078,88.41409301757812,72.06480407714844,65.01543426513672,62.090171813964844,56.9661865234375,53.80167770385742,50.321990966796875,47.597835540771484,44.52193832397461,43.783103942871094,37.66181945800781,14970.8212890625,121.00862884521484,62.78447341918945
315000,325001,17,3,251,168,1,35602.796875,539.1017456054688,250.33206176757812,177.30905151367188,132.02687072753906,115.40205383300781,81.29228210449219,73.22698211669922,68.9357681274414,63.65334701538086,59.09636688232422,55.16092300415039,50.440486907958984,48.93017578125,48.10078048706055,47.38392639160156,43.55992889404297,14963.021484375,118.3182601928711,61.07189178466797
320000,330001,17,3,255,170,0,35433.6015625,691.7191772460938,262.4119873046875,160.6642608642578,132.469482421875,109.01311492919922,96.2343978881836,82.94542694091797,78.19383239746094,72.04469299316406,67.71035766601562,65.74539947509766,61.98544692993164,56.406185150146484,52.85262680053711,48.352684020996094,45.404109954833984,14906.8583984375,91.8984146118164,60.79115676879883
320000,330001,17,3,255,170,1,35474.03515625,678.6671142578125,253.4029541015625,156.87586975097656,140.82334899902344,110.9450454711914,101.51225280761719,85.00250244140625,77.83179473876953,74.32755279541016,69.08543395996094,66.48043060302734,65.22010803222656,62.32079315185547,54.85408020019531,52.81536865234375,49.96580123901367,14921.560546875,101.16094207763672,58.05339431762695
325000,335001,17,3,253,175,0,36137.9921875,808.5419921875,298.2688903808594,181.27964782714844,134.8534393310547,114.84062957763672,95.91189575195312,80.91654205322266,74.2184066772461,72.65431213378906,68.0550308227539,64.61032104492188,57.63772201538086,54.90653610229492,49.83828353881836,47.530799865722656,44.5412712097168,15182.9296875,100.06160736083984,57.938480377197266
325000,335001,17,3,253,175,1,36162.2265625,796.0851440429688,301.89361572265625,167.42408752441406,139.8531951904297,99.78046417236328,95.41779327392578,77.01052856445312,73.5724105834961,66.98748016357422,62.469032287597656,60.76776885986328,55.8154182434082,51.79684066772461,48.97496795654297,47.78215789794922,42.5546875,15190.4912109375,89.09654235839844,56.27299880981445
330000,340001,17,3,252,186,0,35899.69921875,549.28857421875,289.88226318359375,190.6217498779297,115.78921508789062,99.81534576416016,83.89630126953125,77.71926879882812,74.30758666992188,64.84272766113281,59.44942855834961,56.32920455932617,52.06053924560547,50.362709045410156,48.19074630737305,43.98020553588867,41.981544494628906,15110.55078125,86.59111022949219,46.21775817871094
330000,340001,17,3,252,186,1,35880.25390625,541.9066772460938,289.124267578125,180.23899841308594,121.09871673583984,95.85124969482422,88.34907531738281,80.67615509033203,75.9058609008789,64.11507415771484,58.033966064453125,55.31219482421875,50.011497497558594,45.10032653808594,44.045074462890625,43.48914337158203,40.209922790527344,15099.203125,93.902587890625,49.37173843383789
335000,345001,17,3,253,176,0,36248.53125,644.577392578125,272.9878845214844,161.42550659179688,124.80482482910156,98.27134704589844,88.51705932617188,80.669189453125,74.11918640136719,66.32331085205078,64.17977905273438,57.276737213134766,51.871341705322266,50.03367233276367,47.959930419921875,46.87684631347656,41.63370132446289,15233.6923828125,90.58622741699219,61.59743881225586
335000,345001,17,3,253,176,1,36282.078125,646.1790161132812,276.142578125,158.1436004638672,117.85624694824219,102.75607299804688,86.90200805664062,74.69778442382812,72.19623565673828,64.33454895019531,58.03877639770508,56.717529296875,53.67672348022461,50.02154541015625,48.56647872924805,45.36738967895508,43.4354133605957,15250.77734375,83.4078369140625,56.18986511230469
340000,350001,17,3,254,187,0,36528.48828125,494.7801208496094,259.8478698730469,167.0552215576172,112.599853515625,97.40865325927734,83.08416748046875,72.63166046142578,70.35694885253906,62.391014099121094,61.01618576049805,55.00889587402344,51.49993133544922,46.90701675415039,46.025028228759766,42.90001678466797,40.83460235595703,15331.5625,84.32080841064453,56.00476837158203
340000,350001,17,3,254,187,1,36499.984375,497.8086853027344,258.6730651855469,165.77691650390625,117.07290649414062,97.18400573730469,82.29232788085938,73.6331558227539,71.7594985961914,67.00737762451172,61.75863265991211,58.13831329345703,56.38020706176758,51.19090270996094,47.6004524230957,46.45137405395508,42.493385314941406,15317.9267578125,80.17231750488281,61.38462448120117
345000,355001,17,3,251,182,0,36332.140625,792.857666015625,286.5953674316406,201.97232055664062,131.31533813476562,119.23870849609375,101.04736328125,92.70072937011719,85.49665832519531,79.12250518798828,71.99903106689453,67.75898742675781,62.23317337036133,59.71091842651367,55.957096099853516,51.844879150390625,49.36970520019531,15278.5517578125,97.74056243896484,62.705020904541016
345000,355001,17,3,251,182,1,36353.64453125,792.7108764648438,294.4715270996094,198.96249389648438,130.02549743652344,116.92408752441406,98.19781494140625,91.66645050048828,79.7803726196289,72.89350128173828,64.76998901367188,59.841766357421875,56.12544631958008,51.82218933105469,47.12748336791992,45.216190338134766,39.95043182373047,15286.5263671875,96.27002716064453,54.54460144042969
350000,360001,17,3,252,175,0,36561.3515625,590.9876708984375,264.8688049316406,192.59742736816406,145.0569305419922,104.06729888916016,97.00420379638672,81.8552474975586,77.13760375976562,70.26220703125,64.85015869140625,59.44050598144531,58.02064895629883,52.76559829711914,51.456058502197266,48.90739440917969,45.10185623168945,15385.150390625,89.24590301513672,57.25766372680664
350000,360001,17,3,252,175,1,36586.4453125,585.4136962890625,267.0097961425781,182.34478759765625,152.72203063964844,105.4639892578125,98.78874206542969,89.50232696533203,81.79167175292969,72.55493927001953,63.71897888183594,57.72732925415039,53.99126052856445,52.12019348144531,50.6147346496582,49.179649353027344,44.81394577026367,15396.078125,88.78667449951172,53.85514831542969
355000,365001,17,3,252,176,0,36359.03515625,554.6200561523438,286.3321838378906,167.21275329589844,115.51062774658203,87.44913482666016,81.02715301513672,74.90957641601562,69.92481231689453,62.3807487487793,57.102291107177734,54.33972930908203,50.84789276123047,49.700401306152344,48.833744049072266,41.285743713378906,38.00322723388672,15306.6494140625,78.68631744384766,48.77004623413086
355000,365001,17,3,252,176,1,36396.2890625,558.7077026367188,297.59197998046875,167.3119659423828,123.74760437011719,92.51100158691406,85.39105224609375,83.39421081542969,74.25101470947266,70.82196044921875,59.1705436706543,56.80222702026367,53.945011138916016,49.28862380981445,47.128326416015625,40.313934326171875,36.903587341308594,15323.6064453125,74.68329620361328,45.50449752807617
360000,370001,17,3,252,176,0,37134.9921875,630.5792236328125,304.712890625,168.8172607421875,138.89894104003906,119.82569122314453,93.46459197998047,88.62886810302734,82.09623718261719,66.59568786621094,64.04247283935547,57.45787811279297,53.90717697143555,49.87917709350586,48.0443229675293,44.84641647338867,42.19282913208008,15612.404296875,86.035888671875,56.46765899658203
360000,370001,17,3,252,176,1,37139.2265625,631.5730590820312,304.2744445800781,172.3230438232422,137.78431701660156,123.83905029296875,102.2194595336914,81.5162582397461,74.7472152709961,67.0520248413086,61.589134216308594,58.02429962158203,55.8453369140625,49.04499053955078,47.22883605957031,46.32986831665039,42.747196197509766,15611.298828125,82.873779296875,59.30168914794922
365000,375001,17,3,253,182,0,37503.8359375,497.8594665527344,281.7924499511719,162.72137451171875,123.49581146240234,103.70914459228516,82.87547302246094,76.58409118652344,70.70301818847656,66.27922821044922,64.02018737792969,60.50990295410156,58.53571319580078,53.30620574951172,51.35429000854492,45.7962646484375,41.5319709777832,15762.7724609375,87.88970184326172,59.71852493286133
365000,375001,17,3,253,182,1,37471.27734375,501.6248779296875,289.2551574707031,172.95819091796875,127.30455780029297,112.02533721923828,89.72437286376953,83.3785629272461,72.57459259033203,65.4013900756836,64.32317352294922,61.599063873291016,60.86154556274414,55.00975036621094,52.036277770996094,47.460750579833984,46.17420196533203,15755.041015625,93.16482543945312,63.658111572265625
370000,380001,17,3,249,189,0,37337.21484375,515.0557250976562,239.41806030273438,163.12440490722656,112.92754364013672,99.73821258544922,85.99746704101562,74.24250793457031,69.00798797607422,61.937705993652344,59.44548797607422,56.9766960144043,54.371742248535156,46.654212951660156,44.405609130859375,42.03832244873047,38.91698455810547,15739.7958984375,93.35887145996094,54.448116302490234
370000,380001,17,3,249,189,1,37337.83203125,528.4462280273438,236.6212158203125,165.64537048339844,111.05718994140625,104.150146484375,90.4953842163086,77.17294311523438,69.8177490234375,66.30702209472656,61.76005935668945,54.80024337768555,52.55025863647461,49.235008239746094,47.82630920410156,45.0386962890625,42.960533142089844,15738.03515625,92.6245346069336,57.763145446777344
375000,385001,17,3,252,181,0,37604.078125,524.5436401367188,288.82867431640625,179.36959838867188,134.214599609375,102.78872680664062,91.13127899169922,79.36149597167969,74.45873260498047,65.31547546386719,62.37104415893555,60.27840042114258,57.32822036743164,56.347171783447266,46.511940002441406,43.69938278198242,41.79118347167969,15807.5244140625,94.22150421142578,72.18617248535156
375000,385001,17,3,252,181,1,37547.859375,523.0165405273438,287.9195861816406,186.1335906982422,135.39218139648438,105.74398803710938,91.0838623046875,85.01321411132812,72.943115234375,66.5468521118164,62.51715850830078,56.168907165527344,54.94399642944336,53.36069869995117,47.4413948059082,45.56782150268555,42.34767532348633,15786.5419921875,102.57939147949219,66.54939270019531
380000,390001,17,3,247,183,0,37425.1640625,454.22296142578125,275.7134094238281,175.83009338378906,122.79188537597656,103.3311538696289,90.91332244873047,81.38391876220703,67.5858383178711,64.18431091308594,61.61719512939453,57.6001091003418,50.39141082763672,48.95989990234375,47.20066452026367,43.526145935058594,40.233951568603516,15771.939453125,112.52505493164062,64.66485595703125
380000,390001,17,3,247,183,1,37415.4453125,461.24542236328125,266.34783935546875,175.26925659179688,123.72096252441406,107.14644622802734,94.69890594482422,75.89811706542969,71.0916976928711,70.1891098022461,62.81510925292969,58.431880950927734,55.05579376220703,52.55887222290039,50.559722900390625,45.88418197631836,45.431480407714844,15768.53515625,111.79057312011719,60.40736389160156
385000,395001,17,3,250,200,0,38380.24609375,453.7980651855469,245.6822967529297,151.32501220703125,113.01593780517578,92.25909423828125,84.8511734008789,71.71089172363281,66.05493927001953,63.77484130859375,59.797855377197266,56.70259094238281,55.61198043823242,49.546363830566406,46.9863166809082,43.644744873046875,42.94832992553711,16174.900390625,86.019287109375,56.390262603759766
385000,395001,17,3,250,200,1,38398.47265625,456.220703125,249.15650939941406,154.9884796142578,109.14324951171875,98.81492614746094,90.6803970336914,72.59053802490234,60.76041793823242,59.9681396484375,53.47649002075195,52.63855743408203,50.22869110107422,49.117427825927734,46.9422492980957,44.66195297241211,44.0662727355957,16179.94921875,84.23649597167969,57.68315505981445
390000,400001,17,3,251,192,0,38284.0625,570.3253173828125,328.436279296875,184.62538146972656,122.2454605102539,105.13340759277344,96.38285064697266,84.80879974365234,82.94693756103516,71.39750671386719,64.08206939697266,61.929718017578125,59.25580596923828,55.643653869628906,51.83369064331055,46.9069938659668,44.85098648071289,16044.087890625,92.04545593261719,58.310203552246094
390000,400001,17,3,251,192,1,38341.43359375,566.8362426757812,328.41241455078125,178.55059814453125,112.07571411132812,98.27275085449219,89.77983093261719,79.39410400390625,70.62421417236328,67.86853790283203,64.21692657470703,55.14701843261719,52.75566482543945,50.653873443603516,48.79486083984375,45.797908782958984,43.29518127441406,16070.25390625,87.0160140991211,55.61051559448242
395000,405001,17,3,252,187,0,37827.46484375,516.5945434570312,281.1624450683594,180.3478546142578,144.5457000732422,105.58222961425781,96.56820678710938,85.45298767089844,76.90918731689453,69.8249282836914,62.56806564331055,57.34642028808594,54.628143310546875,50.993194580078125,46.72517776489258,45.30554962158203,41.90995788574219,15945.2275390625,92.16122436523438,54.801090240478516
395000,405001,17,3,252,187,1,37808.90234375,530.6767578125,274.7548828125,169.82371520996094,141.60267639160156,111.29298400878906,93.2150650024414,80.8414306640625,74.80432891845703,68.95177459716797,66.92020416259766,61.95484924316406,56.71894454956055,52.56007385253906,49.259944915771484,44.8317985534668,40.24825668334961,15943.943359375,86.5483627319336,51.340946197509766
400000,410001,17,3,252,191,0,38535.109375,652.8590698242188,299.07147216796875,165.7064666748047,115.49662780761719,110.23445892333984,84.81852722167969,78.80268859863281,74.06895446777344,67.83665466308594,64.24980926513672,60.945960998535156,59.45599365234375,57.665855407714844,50.235557556152344,46.50707244873047,43.39561080932617,16211.796875,97.61235046386719,57.36670684814453
400000,410001,17,3,252,191,1,38506.09765625,660.8759155273438,292.6910705566406,172.52284240722656,121.39070892333984,114.47943115234375,94.07926940917969,84.25828552246094,72.92524719238281,71.70469665527344,63.87001037597656,61.767051696777344,57.21165466308594,55.68996047973633,50.90052032470703,48.30031967163086,41.78413391113281,16202.23046875,101.49201965332031,54.33447265625
405000,415001,17,3,250,180,0,37971.4140625,537.5281372070312,291.27593994140625,200.1449737548828,128.23126220703125,96.32455444335938,95.86547088623047,81.3330307006836,74.72679138183594,67.3257827758789,64.5766830444336,59.4901123046875,52.00004959106445,50.238525390625,46.07015609741211,43.580013275146484,40.94524383544922,15970.966796875,85.68549346923828,48.83222579956055
405000,415001,17,3,250,180,1,37995.94921875,550.1963500976562,294.3738708496094,197.36314392089844,129.2631072998047,105.1948471069336,95.37095642089844,82.09049224853516,77.89966583251953,64.0516128540039,61.402713775634766,57.24615478515625,55.227386474609375,50.56858825683594,46.58578872680664,46.08797836303711,40.50187683105469,15984.0732421875,103.19767761230469,50.77042770385742
410000,420001,17,3,253,193,0,38774.44140625,749.1881103515625,326.8248291015625,199.3114471435547,139.33811950683594,107.0786361694336,100.7342529296875,83.57609558105469,71.36502838134766,66.12722778320312,64.54378509521484,59.32541275024414,55.89986038208008,54.522281646728516,52.866905212402344,47.23881530761719,46.7042236328125,16296.2060546875,85.99317169189453,66.0127182006836
410000,420001,17,3,253,193,1,38820.65234375,743.5062255859375,330.4266052246094,199.91580200195312,132.16537475585938,111.01374053955078,90.93120574951172,73.61882781982422,67.02852630615234,64.33442687988281,61.600460052490234,59.379520416259766,56.13557434082031,55.06917190551758,49.89816665649414,48.48808288574219,46.68944549560547,16316.2568359375,89.93206787109375,58.451847076416016
415000,425001,17,3,251,190,0,38778.44140625,532.1026000976562,269.8234558105469,181.7346649169922,118.6008529663086,112.37129974365234,85.81455993652344,79.33218383789062,78.99751281738281,68.62612915039062,67.18846893310547,62.861549377441406,60.7540397644043,58.22756576538086,51.976078033447266,51.39906311035156,46.210044860839844,16340.29296875,96.38127899169922,63.55765151977539
415000,425001,17,3,251,190,1,38750.03515625,537.72021484375,255.65476989746094,176.51437377929688,114.78026580810547,107.20220947265625,89.20528411865234,86.61829376220703,72.66155242919922,71.04116821289062,65.02196502685547,60.24391555786133,59.24156188964844,54.61439895629883,53.86964797973633,48.74772644042969,45.80791091918945,16332.69140625,90.5821762084961,65.94589233398438
420000,430001,17,3,249,182,0,38287.13671875,687.3735961914062,233.90464782714844,165.99180603027344,113.27098846435547,103.49189758300781,97.9831771850586,80.20880126953125,71.02837371826172,67.0194320678711,62.346168518066406,55.96720504760742,48.50891876220703,46.66168212890625,45.469791412353516,44.35909652709961,42.52322006225586,16128.6533203125,95.1968002319336,48.34507751464844
420000,430001,17,3,249,182,1,38271.74609375,679.510009765625,237.37522888183594,168.16485595703125,116.93244171142578,105.50102233886719,94.05097961425781,85.8453598022461,77.508056640625,67.97235870361328,56.262874603271484,54.85089874267578,51.10640335083008,47.45549011230469,44.88437271118164,42.96824645996094,39.39351272583008,16120.1884765625,104.1193618774414,51.57698440551758
425000,435001,17,3,253,188,0,38654.3671875,758.8643798828125,336.0612487792969,179.43968200683594,148.34359741210938,106.31163787841797,94.60034942626953,77.45114135742188,69.57588958740234,64.21057891845703,58.85945510864258,55.83408737182617,52.39456558227539,51.27959442138672,48.85552215576172,45.02444076538086,41.6850471496582,16272.2734375,127.86273193359375,49.9305419921875
425000,435001,17,3,253,188,1,38705.13671875,770.5447387695312,348.8995361328125,176.38807678222656,152.2421112060547,110.0562973022461,93.39675903320312,77.72245788574219,66.10437774658203,65.46527862548828,60.67985153198242,57.83866882324219,54.89462661743164,51.61383819580078,50.60276794433594,45.35881805419922,44.740413665771484,16294.052734375,126.04264831542969,59.19881820678711
430000,440001,17,3,254,193,0,39166.41015625,574.5883178710938,227.78810119628906,140.493408203125,133.30368041992188,104.66366577148438,78.8897705078125,76.38565063476562,68.70575714111328,63.65971374511719,61.53385925292969,58.329444885253906,54.185150146484375,53.619972229003906,46.95082092285156,45.32866287231445,41.917484283447266,16510.830078125,85.63320922851562,58.411521911621094
430000,440001,17,3,254,193,1,39149.7421875,573.3759155273438,225.3964385986328,139.66067504882812,127.32939147949219,109.24703216552734,82.53166198730469,76.6530990600586,64.71516418457031,61.869197845458984,56.32413864135742,52.6912956237793,51.61628341674805,49.760169982910156,47.5329704284668,43.681671142578125,39.44660949707031,16501.439453125,93.5371322631836,48.79418182373047
435000,445001,17,3,255,186,0,39684.4140625,763.85400390625,285.353271484375,198.23080444335938,148.86767578125,119.0311279296875,91.31755828857422,82.48043060302734,77.81068420410156,70.41742706298828,67.28491973876953,61.52302932739258,54.99498748779297,54.80387496948242,50.380794525146484,46.77185821533203,42.66049575805664,16713.880859375,101.08319854736328,57.69449234008789
435000,445001,17,3,255,186,1,39678.6328125,769.7763061523438,293.5690002441406,199.99183654785156,149.38893127441406,121.25506591796875,98.17029571533203,89.30065155029297,83.00395202636719,74.27958679199219,68.14569854736328,61.892913818359375,58.607078552246094,53.6263313293457,50.69319534301758,48.33051681518555,43.633705139160156,16712.169921875,102.20062255859375,54.3532600402832
440000,450001,17,3,253,196,0,39401.0625,525.951904296875,267.5869445800781,172.20782470703125,118.58525848388672,104.75399017333984,87.92369079589844,81.07624053955078,76.65728759765625,73.63838195800781,68.38990783691406,62.419803619384766,53.685829162597656,51.1046028137207,50.256675720214844,45.454654693603516,41.23102569580078,16574.087890625,93.4148941040039,62.92735290527344
440000,450001,17,3,253,196,1,39399.30859375,531.73388671875,264.9311828613281,167.11578369140625,119.50726318359375,100.12411499023438,82.68671417236328,79.9098129272461,76.23020935058594,68.28262329101562,62.09255599975586,57.25065994262695,54.73820495605469,49.89381408691406,47.58905792236328,44.9720344543457,40.83760070800781,16570.62890625,87.80048370361328,68.57646179199219
445000,455001,17,3,254,183,0,39443.015625,661.0018920898438,340.4868469238281,193.16226196289062,144.4659423828125,118.03333282470703,97.46638488769531,93.21572875976562,84.93567657470703,78.11483764648438,70.27503967285156,66.36434936523438,59.03152084350586,57.86729431152344,54.537498474121094,49.178470611572266,46.63724136352539,16610.673828125,116.52589416503906,85.8856430053711
445000,455001,17,3,254,183,1,39366.9921875,661.31787109375,327.16387939453125,191.42689514160156,141.5817413330078,124.7908935546875,114.2903060913086,99.9128646850586,79.69490051269531,70.51548767089844,66.9865951538086,64.3689956665039,57.52979278564453,55.26051712036133,54.10003662109375,50.939239501953125,46.84812545776367,16579.4921875,110.86725616455078,102.579833984375
450000,460001,17,3,254,193,0,40009.43359375,749.8914794921875,285.0263366699219,194.8700714111328,138.5851593017578,123.78363800048828,98.32147979736328,89.76419830322266,78.44618225097656,73.461669921875,62.93952560424805,59.186492919921875,55.9571647644043,54.36581039428711,53.7200927734375,50.52509689331055,43.94785690307617,16887.69140625,96.96971893310547,59.79572677612305
450000,460001,17,3,254,193,1,40006.8203125,740.9230346679688,276.9548645019531,197.43153381347656,141.8988800048828,140.0882568359375,98.6695785522461,87.20365905761719,75.75933837890625,73.78936004638672,67.46006774902344,63.64216995239258,60.933372497558594,55.1428337097168,53.886390686035156,51.300819396972656,46.77446746826172,16884.5,97.889404296875,61.013648986816406
455000,465001,17,3,251,189,0,39901.22265625,571.7005615234375,323.292236328125,168.64437866210938,127.97953796386719,99.87643432617188,94.1032485961914,81.77192687988281,78.13636779785156,72.35711669921875,63.36630630493164,59.76279830932617,57.79873275756836,52.70570755004883,47.54784393310547,44.81885528564453,42.77760314941406,16766.533203125,102.94820404052734,49.12553024291992
455000,465001,17,3,251,189,1,39883.05078125,576.2745361328125,326.1106262207031,170.0454559326172,132.13621520996094,103.78121185302734,96.15570831298828,80.59963989257812,73.73059844970703,69.07404327392578,62.43085479736328,57.374176025390625,54.6588134765625,50.45043182373047,46.56976318359375,45.04050064086914,40.38092041015625,16758.349609375,100.98197174072266,51.485816955566406
460000,470001,17,3,247,202,0,39311.19140625,785.0230712890625,265.9365539550781,191.04331970214844,141.6654815673828,101.1504135131836,89.22518157958984,78.76498413085938,77.86152648925781,73.2852783203125,67.58760070800781,63.14380645751953,57.941505432128906,55.12771987915039,51.74440002441406,49.899513244628906,44.596458435058594,16542.048828125,103.95672607421875,68.35780334472656
460000,470001,17,3,247,202,1,39315.38671875,772.623291015625,274.42083740234375,193.27735900878906,142.92868041992188,102.9540786743164,90.13072967529297,82.5208511352539,76.52645874023438,73.81551361083984,65.90898895263672,63.67691421508789,58.3275260925293,55.49552536010742,51.36369705200195,46.12507629394531,39.902347564697266,16546.58203125,109.20692443847656,70.7488784790039
465000,475001,17,3,251,192,0,39801.4375,696.0382690429688,314.3009033203125,205.2996063232422,121.40996551513672,115.04029846191406,103.23030090332031,76.73094177246094,70.83505249023438,67.95923614501953,61.4728889465332,59.22477340698242,56.7922248840332,52.4817008972168,48.92609405517578,48.298606872558594,43.530433654785156,16735.763671875,99.86068725585938,57.39794158935547
465000,475001,17,3,251,192,1,39811.73046875,697.5744018554688,307.93634033203125,208.32508850097656,129.5001678466797,118.79898834228516,107.43254089355469,85.2021255493164,83.5959243774414,74.94622039794922,67.38378143310547,65.24061584472656,58.03422927856445,56.45148468017578,53.04368591308594,47.55192565917969,42.7054328918457,16738.69921875,107.90843200683594,56.68466567993164
470000,480001,17,3,252,200,0,40399.97265625,655.249267578125,313.8607482910156,212.12367248535156,156.60321044921875,120.98133087158203,94.56481170654297,87.85476684570312,85.23480224609375,76.67428588867188,69.70321655273438,62.38397979736328,60.696136474609375,57.865081787109375,55.76933670043945,51.790794372558594,50.306556701660156,17006.828125,105.65613555908203,61.72480010986328
470000,480001,17,3,252,200,1,40346.37109375,653.1213989257812,303.32611083984375,190.82781982421875,145.2901153564453,115.98303985595703,95.65961456298828,86.04374694824219,85.11676025390625,68.17145538330078,64.14291381835938,61.8611946105957,59.79290008544922,56.060203552246094,55.5478515625,48.09186935424805,45.08280944824219,16985.888671875,98.34610748291016,60.96864318847656
475000,485001,17,3,253,196,0,40302.296875,819.6139526367188,348.857421875,195.78968811035156,168.34149169921875,145.1179962158203,112.89693450927734,96.7840347290039,89.25214385986328,83.34272766113281,78.7136001586914,65.76435852050781,59.096561431884766,53.594520568847656,53.17521667480469,48.418128967285156,45.02069854736328,16938.20703125,115.32898712158203,54.62358093261719
475000,485001,17,3,253,196,1,40288.0546875,835.6723022460938,344.5061340332031,188.5811767578125,147.80877685546875,125.7953872680664,104.97147369384766,97.79947662353516,82.26068878173828,80.59461212158203,73.04022979736328,65.85387420654297,62.865211486816406,56.22079849243164,51.85563278198242,49.62641525268555,46.222442626953125,16929.509765625,105.02725982666016,58.49913024902344
480000,490001,17,3,253,203,0,40393.76953125,498.55792236328125,266.248046875,148.75823974609375,122.58062744140625,101.44212341308594,82.26095581054688,74.03311920166016,71.6658706665039,67.3282470703125,64.92021942138672,61.19468307495117,56.58715057373047,52.418575286865234,48.46138000488281,46.36094665527344,41.458641052246094,17036.205078125,110.33019256591797,61.088443756103516
480000,490001,17,3,253,203,1,40409.94140625,499.9303283691406,258.6430358886719,151.96713256835938,131.03582763671875,106.54450225830078,84.7967529296875,78.05601501464844,70.94598388671875,69.1400375366211,64.84956359863281,58.46547317504883,52.59107971191406,52.52549362182617,48.64264678955078,46.67258071899414,43.80258560180664,17042.13671875,103.09503936767578,64.7027587890625
485000,495001,17,3,251,201,0,41081.9296875,846.968017578125,345.129638671875,181.11277770996094,129.10397338867188,109.88232421875,98.57709503173828,83.44084930419922,74.76182556152344,72.17543029785156,67.11759185791016,61.91978073120117,56.019256591796875,53.63383865356445,50.2993049621582,46.467689514160156,45.23903274536133,17288.390625,121.44541931152344,56.6525993347168
485000,495001,17,3,251,201,1,41074.55859375,836.6603393554688,343.1585388183594,173.7162628173828,125.90290069580078,112.24526977539062,104.0071029663086,87.38323974609375,75.94763946533203,67.19808197021484,61.048255920410156,59.33610153198242,55.48151779174805,52.63353729248047,49.18571090698242,47.26203536987305,43.37955093383789,17284.2578125,116.56636810302734,59.711116790771484
490000,500001,17,3,249,200,0,40265.94140625,729.3014526367188,289.6396789550781,225.29730224609375,130.3358154296875,95.12677001953125,92.28748321533203,81.47615814208984,75.65502166748047,62.35069274902344,55.264225006103516,52.463470458984375,48.8355598449707,47.96354675292969,45.482269287109375,42.26329040527344,40.93965148925781,16938.787109375,91.96195983886719,52.80729293823242
490000,500001,17,3,249,200,1,40314.05859375,720.2216186523438,288.9189147949219,205.23419189453125,127.95977020263672,100.21526336669922,90.7227554321289,75.84136962890625,70.65310668945312,62.41685485839844,60.981605529785156,49.486942291259766,48.61189651489258,46.15153503417969,44.87861251831055,43.12816619873047,37.49704360961914,16955.3671875,100.24354553222656,55.357826232910156
495000,505001,17,3,248,200,0,40537.3984375,548.8340454101562,306.6728515625,187.84950256347656,131.3356170654297,112.75485229492188,87.44420623779297,86.54986572265625,78.3434066772461,67.39112091064453,59.42218780517578,58.519229888916016,56.456687927246094,54.132083892822266,52.081478118896484,49.35953903198242,45.8502082824707,17046.626953125,107.91709899902344,52.14978790283203
495000,505001,17,3,248,200,1,40512.30078125,545.77001953125,297.35107421875,187.3162384033203,135.13612365722656,113.55400848388672,92.51214599609375,84.23834228515625,75.14292907714844,72.88294219970703,64.38719177246094,56.29883575439453,54.91839599609375,51.76142883300781,48.901458740234375,46.068546295166016,41.22117233276367,17038.04296875,102.34880065917969,49.2875862121582
500000,510001,17,3,249,200,0,40599.09765625,840.0404663085938,331.5987854003906,183.97080993652344,136.4629364013672,122.48833465576172,106.24229431152344,84.69181060791016,75.79949951171875,73.24309539794922,66.23865509033203,56.61526870727539,54.962249755859375,50.098175048828125,47.984764099121094,43.277015686035156,41.051570892333984,17095.470703125,130.1118621826172,55.37290573120117
500000,510001,17,3,249,200,1,40607.640625,812.129638671875,313.6354675292969,180.72528076171875,131.95343017578125,119.57958984375,106.72157287597656,81.43331909179688,74.93394470214844,67.84687805175781,63.114227294921875,60.62626266479492,53.79829025268555,49.20229721069336,48.52853775024414,44.1004638671875,43.2292366027832,17099.37890625,121.74810791015625,57.6158447265625
505000,515001,17,3,254,198,0,41234.140625,536.271728515625,268.20001220703125,169.43089294433594,129.71044921875,107.38420104980469,87.83718872070312,86.86795043945312,79.18241119384766,73.06008911132812,71.91230010986328,61.26708221435547,58.22882843017578,57.32316589355469,54.173404693603516,51.317874908447266,46.357845306396484,17346.513671875,94.87149047851562,68.04589080810547
505000,515001,17,3,254,198,1,41226.375,529.6138305664062,277.0999755859375,170.95892333984375,126.328125,101.39494323730469,93.36703491210938,87.21444702148438,79.54975891113281,72.88372802734375,68.41978454589844,66.8378677368164,62.29801940917969,56.83344650268555,52.2099609375,47.70787811279297,44.50225067138672,17345.572265625,91.02084350585938,57.335731506347656
510000,520001,17,3,253,199,0,41435.42578125,593.968994140625,257.2037658691406,180.13490295410156,155.5264434814453,106.04133605957031,90.9700698852539,81.3300552368164,75.92125701904297,69.86531066894531,64.68684387207031,62.446495056152344,55.577884674072266,53.66221618652344,50.02803421020508,48.80963897705078,44.97134780883789,17410.791015625,107.89728546142578,60.98906326293945
510000,520001,17,3,253,199,1,41425.16796875,609.5112915039062,252.00738525390625,189.9287567138672,152.51654052734375,104.21636199951172,87.21073150634766,77.52804565429688,71.09209442138672,66.5029525756836,60.31981658935547,57.53545379638672,55.97933578491211,52.939964294433594,50.89643478393555,44.44892883300781,41.90166091918945,17402.71484375,102.34760284423828,55.97632598876953
515000,525001,17,3,254,204,0,41932.328125,569.3636474609375,351.91650390625,186.1570281982422,147.03396606445312,123.00353240966797,110.40538024902344,86.64330291748047,77.2879867553711,68.34879302978516,61.574378967285156,59.38105773925781,56.26942443847656,50.99285888671875,48.669586181640625,43.94265365600586,43.91225814819336,17677.806640625,79.20191192626953,52.01864242553711
515000,525001,17,3,254,204,1,41976.1484375,570.913818359375,341.706298828125,182.7217559814453,140.0491943359375,121.4975357055664,103.31620788574219,85.17332458496094,79.5436782836914,69.51061248779297,67.29285430908203,59.87800598144531,50.38807678222656,49.96009826660156,46.41053771972656,43.85824966430664,39.33887481689453,17694.658203125,83.69339752197266,51.94256591796875
520000,530001,17,3,250,190,0,42172.2890625,719.0759887695312,335.7154846191406,223.24972534179688,155.97311401367188,119.61994171142578,96.56504821777344,89.10161590576172,79.5814208984375,76.4206314086914,71.34009552001953,64.81287384033203,59.72430419921875,58.10843276977539,53.500362396240234,49.87239074707031,48.80649948120117,17702.81640625,158.57395935058594,61.50399398803711
520000,530001,17,3,250,190,1,42178.29296875,728.35693359375,330.99981689453125,238.4302215576172,157.31832885742188,134.08395385742188,107.42005157470703,95.85693359375,84.34711456298828,71.63568878173828,64.93372344970703,63.232269287109375,59.604522705078125,55.72848892211914,50.915157318115234,48.350189208984375,43.14137268066406,17702.076171875,166.09542846679688,59.11512756347656
525000,535001,17,3,250,202,0,41970.203125,488.6228942871094,269.9271240234375,163.99639892578125,122.24771881103516,102.79491424560547,98.87289428710938,86.91143035888672,77.4163589477539,73.3746566772461,66.9640884399414,66.36971282958984,63.01675796508789,57.751243591308594,57.2529411315918,53.96700668334961,49.79548645019531,17662.712890625,95.73338317871094,68.51766967773438
525000,535001,17,3,250,202,1,42037.37890625,490.1727294921875,277.35174560546875,161.56002807617188,121.02600860595703,104.3016357421875,93.05084991455078,81.9745864868164,75.09310150146484,71.34563446044922,69.78021240234375,65.87652587890625,62.13136291503906,58.646541595458984,56.919979095458984,53.14625930786133,50.65791320800781,17692.029296875,90.09202575683594,69.0587158203125
530000,540001,17,3,252,198,0,41944.72265625,986.0745239257812,326.284912109375,216.18321228027344,133.79176330566406,111.26347351074219,103.06838989257812,88.55729675292969,76.39861297607422,71.55591583251953,65.24748992919922,59.91073989868164,58.53804397583008,53.75319290161133,51.19264602661133,47.300048828125,46.49685287475586,17654.47265625,118.60340118408203,68.75749969482422
530000,540001,17,3,252,198,1,41921.93359375,963.3080444335938,318.7510986328125,220.63015747070312,137.57080078125,106.55519104003906,97.51371002197266,83.71609497070312,80.22509765625,68.93765258789062,65.43097686767578,57.6294059753418,54.212642669677734,51.53300476074219,49.27085494995117,47.244171142578125,42.160701751708984,17648.873046875,100.44308471679688,65.06719970703125
535000,545001,17,3,253,204,0,42310.8671875,562.0810546875,313.3078918457031,205.21524047851562,140.91163635253906,113.92622375488281,102.4137191772461,100.6346435546875,79.48583984375,76.63419342041016,72.9884262084961,60.842132568359375,59.1622428894043,53.78416061401367,52.963722229003906,49.33559799194336,48.206085205078125,17821.345703125,98.09752655029297,61.70079803466797
535000,545001,17,3,253,204,1,42344.80078125,564.2763671875,305.6825866699219,210.57498168945312,127.33375549316406,110.9056167602539,102.90374755859375,94.33342742919922,79.12866973876953,77.5992431640625,69.924072265625,66.52983093261719,61.8869514465332,59.56980895996094,53.03276443481445,50.14924621582031,45.08396530151367,17833.8125,90.88646697998047,53.52382278442383
540000,550001,17,3,250,204,0,41843.87890625,663.8277587890625,306.3223876953125,184.6200408935547,151.70143127441406,114.72850036621094,110.74981689453125,87.15270233154297,80.33866882324219,71.0113296508789,69.80680847167969,58.41053771972656,57.44908142089844,56.374637603759766,50.85888671875,50.3530158996582,47.06416702270508,17554.1953125,105.11116027832031,75.16641235351562
540000,550001,17,3,250,204,1,41776.9140625,672.7139282226562,301.2027893066406,201.01023864746094,151.95106506347656,115.440185546875,105.52488708496094,99.69405364990234,88.84068298339844,78.81594848632812,68.35337829589844,61.18809509277344,59.57867431640625,54.66747283935547,53.31199264526367,52.291664123535156,48.25590133666992,17527.73828125,112.06990051269531,72.66411590576172
545000,555001,17,3,250,195,0,42073.890625,608.9423217773438,219.2249755859375,159.30877685546875,130.40969848632812,97.42218780517578,82.36717224121094,78.61026763916016,71.01678466796875,60.540409088134766,57.78226852416992,51.613460540771484,50.27082443237305,48.14949417114258,46.753448486328125,44.18766403198242,40.266719818115234,17720.5078125,92.10277557373047,52.484397888183594
545000,555001,17,3,250,195,1,42046.8828125,611.7661743164062,236.1233673095703,166.04859924316406,124.99398040771484,101.21619415283203,88.40142059326172,81.84002685546875,77.2748794555664,68.90523529052734,64.68484497070312,54.25822830200195,50.10857391357422,48.18877410888672,48.00453567504883,43.50568771362305,41.279075622558594,17705.583984375,91.2442626953125,58.927799224853516
550000,560001,17,3,253,207,0,42791.015625,678.3859252929688,290.8515930175781,215.09434509277344,140.64674377441406,118.5472183227539,104.46353149414062,91.54179382324219,84.97114562988281,79.99940490722656,76.9658432006836,67.34480285644531,60.66468811035156,55.26401901245117,54.469886779785156,51.284996032714844,47.4540901184082,17974.984375,119.6705551147461,64.9985580444336
550000,560001,17,3,253,207,1,42777.59765625,662.2462158203125,300.99664306640625,229.43760681152344,150.615478515625,112.10333251953125,107.66448211669922,98.99161529541016,81.01924133300781,73.58540344238281,71.51252746582031,64.88036346435547,61.30323028564453,53.48033905029297,49.933128356933594,47.80868148803711,43.81245040893555,17967.74609375,118.7546615600586,62.508323669433594
555000,565001,17,3,255,211,0,42768.21484375,626.7391357421875,245.35897827148438,173.85227966308594,124.96475982666016,114.71571350097656,104.25580596923828,86.17211151123047,78.44596862792969,75.18975830078125,69.16200256347656,65.63556671142578,54.823856353759766,52.386112213134766,49.357025146484375,45.031795501708984,41.1605339050293,17983.703125,96.27726745605469,62.29193878173828
555000,565001,17,3,255,211,1,42817.515625,629.7190551757812,244.4119110107422,171.0616912841797,126.88748931884766,103.6854476928711,100.3377456665039,77.68122863769531,74.44877624511719,71.30580139160156,66.06182861328125,58.31543731689453,55.85404586791992,52.30168151855469,46.78879928588867,44.60117721557617,44.105403900146484,18003.435546875,100.44944763183594,63.10649871826172
560000,570001,17,3,252,203,0,42564.390625,639.60009765625,291.0857849121094,158.03692626953125,151.76710510253906,129.31411743164062,113.65123748779297,101.11405181884766,88.20573425292969,79.57927703857422,74.54461669921875,67.54029846191406,61.1203498840332,51.36864471435547,47.7158088684082,45.62517166137695,41.22843551635742,17914.3828125,123.96428680419922,57.1210823059082
560000,570001,17,3,252,203,1,42542.50390625,641.9014892578125,303.4019470214844,158.94674682617188,154.35328674316406,118.99900817871094,114.74406433105469,103.0987777709961,82.25838470458984,70.97866821289062,68.2227554321289,60.07744598388672,54.54767608642578,52.028114318847656,47.269386291503906,46.30852127075195,42.107337951660156,17900.2109375,114.90155792236328,60.16568374633789
565000,575001,17,3,252,206,0,43122.0703125,682.6318359375,297.5242919921875,182.88223266601562,141.5684356689453,112.44170379638672,98.06719207763672,85.97374725341797,78.58777618408203,69.32933807373047,66.88194274902344,62.16302490234375,57.86366271972656,52.114906311035156,49.84864807128906,48.312896728515625,41.207637786865234,18146.8515625,97.30130767822266,56.040348052978516
565000,575001,17,3,252,206,1,43118.234375,672.1785278320312,294.0899963378906,184.1678924560547,145.21336364746094,107.27317810058594,89.03458404541016,74.82437133789062,69.34848022460938,65.62432098388672,59.481536865234375,58.42079544067383,51.5816764831543,49.03574752807617,47.58790969848633,46.42436981201172,39.32387924194336,18142.1796875,87.21153259277344,61.43303298950195
570000,580001,17,3,250,204,0,43171.3984375,773.7545776367188,298.08062744140625,216.71377563476562,147.84646606445312,117.26563262939453,90.07929229736328,83.55171203613281,80.4759521484375,72.24382019042969,68.07581329345703,65.29398345947266,61.918121337890625,59.05387878417969,54.696044921875,52.86630630493164,47.16160583496094,18101.404296875,106.94587707519531,70.77529907226562
570000,580001,17,3,250,204,1,43145.18359375,790.1763305664062,291.54986572265625,207.67454528808594,134.5428924560547,108.11614227294922,91.7851333618164,79.54324340820312,72.2874984741211,68.95511627197266,67.84638214111328,63.87812805175781,60.51300811767578,59.26021957397461,55.46357345581055,50.95556640625,48.01801300048828,18088.32421875,114.76371002197266,67.33428955078125
575000,585001,17,3,254,203,0,42501.94140625,662.5260009765625,279.77410888671875,178.34359741210938,141.2481231689453,105.9979248046875,100.60015106201172,84.27772521972656,75.19893646240234,71.71333312988281,66.93558502197266,66.10160827636719,56.826080322265625,55.901878356933594,51.46116256713867,47.76002883911133,46.20353698730469,17876.7265625,98.10108947753906,61.27027893066406
575000,585001,17,3,254,203,1,42529.58203125,661.2032470703125,283.1022644042969,175.833251953125,128.92564392089844,108.39608764648438,94.8277359008789,86.1932373046875,82.23499298095703,75.06869506835938,71.16645812988281,62.83248519897461,61.14030075073242,57.360633850097656,52.32181167602539,49.89634323120117,44.46419143676758,17884.55078125,93.7931137084961,69.02676391601562
580000,590001,17,3,251,210,0,43574.0,529.2470703125,219.89598083496094,168.7621612548828,118.33367919921875,101.12784576416016,93.8714370727539,78.3923110961914,68.74038696289062,64.94829559326172,59.94544219970703,56.194454193115234,54.68992233276367,52.557071685791016,51.741817474365234,48.46658706665039,45.70466613769531,18368.3203125,83.10491943359375,57.303646087646484
580000,590001,17,3,251,210,1,43590.6796875,524.2527465820312,221.10488891601562,178.53074645996094,122.07304382324219,95.05720520019531,81.08651733398438,75.64415740966797,74.52883911132812,65.51116943359375,61.4228401184082,58.03740310668945,54.36060333251953,49.840248107910156,47.44587707519531,44.93486785888672,41.52482604980469,18371.333984375,94.85111236572266,55.28166198730469
585000,595001,17,3,249,199,0,42207.77734375,1008.2374267578125,333.67889404296875,188.83404541015625,146.97305297851562,117.96798706054688,103.59486389160156,90.41761016845703,76.25843048095703,69.32981872558594,63.595298767089844,62.641353607177734,58.19892120361328,56.03632736206055,52.780426025390625,50.92470932006836,47.631317138671875,17749.271484375,139.9836883544922,64.45092010498047
585000,595001,17,3,249,199,1,42211.15234375,1014.5162963867188,324.697998046875,188.0990447998047,146.61474609375,113.91354370117188,99.31378173828125,92.93572235107422,72.63963317871094,69.20990753173828,63.39186477661133,61.68125534057617,60.58458709716797,55.21984100341797,52.86957931518555,51.270729064941406,44.44285583496094,17747.875,139.63241577148438,64.02078247070312
590000,600001,17,3,254,216,0,43221.65234375,627.4927368164062,283.148193359375,212.93240356445312,138.5990753173828,119.83771514892578,108.41793823242188,97.96220397949219,83.9920654296875,82.43852233886719,72.80486297607422,66.36605834960938,65.63140869140625,61.32783889770508,56.483909606933594,51.25444030761719,45.30595397949219,18206.501953125,102.51112365722656,69.00177001953125
590000,600001,17,3,254,216,1,43277.40625,634.7378540039062,274.02154541015625,219.3197479248047,142.79734802246094,121.75660705566406,109.4303207397461,96.68069458007812,91.07806396484375,88.1910400390625,78.75049591064453,76.47600555419922,72.08773040771484,60.58449935913086,59.48551940917969,54.75712585449219,48.45917510986328,18224.7421875,104.6822509765625,73.58229064941406
595000,605001,17,3,253,207,0,43510.95703125,821.5149536132812,305.13525390625,193.9525909423828,163.4025115966797,143.33827209472656,95.7923355102539,89.89532470703125,80.27627563476562,73.39876556396484,71.47315216064453,67.91454315185547,60.35477828979492,59.1750602722168,53.90742492675781,50.08280944824219,41.78797912597656,18309.171875,112.73958587646484,59.9133186340332
595000,605001,17,3,253,207,1,43528.39453125,826.0048828125,302.91143798828125,196.6063690185547,156.88560485839844,144.30555725097656,103.62303161621094,94.1588134765625,79.95635986328125,72.43687438964844,68.79106903076172,63.41818618774414,59.24408721923828,52.8327522277832,49.14780044555664,48.08793258666992,40.48543930053711,18312.4765625,123.77803802490234,58.20213317871094
600000,610001,17,3,250,204,0,42969.70703125,654.1509399414062,284.072021484375,177.34800720214844,146.31295776367188,122.4580307006836,105.56532287597656,92.92923736572266,85.31243133544922,71.73109436035156,66.08441925048828,64.02307891845703,58.2888298034668,53.83977127075195,49.688289642333984,47.71906661987305,45.436092376708984,18067.931640625,105.65519714355469,58.55302429199219
600000,610001,17,3,250,204,1,42943.99609375,651.4059448242188,280.53826904296875,186.0264892578125,150.09902954101562,123.06122589111328,105.5945053100586,86.63871002197266,83.8871841430664,74.0574951171875,67.37528228759766,63.09653091430664,60.35430145263672,58.51202392578125,56.41128921508789,53.75490951538086,46.970298767089844,18054.65625,107.7714614868164,60.95906066894531
605000,615001,17,3,253,207,0,43630.7265625,521.1692504882812,250.2390594482422,172.78285217285156,130.30397033691406,110.9221420288086,93.31918334960938,84.77010345458984,79.75615692138672,69.05260467529297,65.12512969970703,61.045894622802734,59.86468505859375,56.07413864135742,52.39089584350586,46.08576202392578,41.488651275634766,18383.546875,85.05585479736328,49.705848693847656
605000,615001,17,3,253,207,1,43705.34375,529.5402221679688,252.14410400390625,174.27627563476562,129.74937438964844,99.0537338256836,89.51538848876953,85.31585693359375,71.06086730957031,67.47665405273438,63.875335693359375,59.473876953125,55.66981506347656,52.995914459228516,49.572208404541016,48.46724319458008,44.62459182739258,18410.9921875,85.87580871582031,55.16442108154297
610000,620001,17,3,253,208,0,43835.7578125,773.0922241210938,268.9849853515625,200.08026123046875,138.65164184570312,129.49452209472656,90.77275848388672,82.79080963134766,77.68790435791016,70.94498443603516,63.15780258178711,57.86170959472656,54.49295425415039,52.39545822143555,49.044822692871094,48.38653564453125,42.394065856933594,18459.59375,93.59133911132812,57.0883903503418
610000,620001,17,3,253,208,1,43877.11328125,790.5593872070312,266.4207458496094,195.4618682861328,131.6063995361328,118.27387237548828,89.58872985839844,86.66118621826172,76.7995376586914,70.2719955444336,65.25847625732422,58.19970703125,56.123355865478516,53.95246124267578,50.131656646728516,48.638919830322266,44.91981506347656,18472.720703125,97.48048400878906,55.890968322753906
615000,625001,17,3,255,213,0,44440.46875,654.3138427734375,235.97158813476562,178.0224609375,134.99191284179688,113.70287322998047,103.26651000976562,89.76317596435547,74.74080657958984,67.07553100585938,65.32117462158203,55.41321563720703,54.738468170166016,48.487422943115234,47.21529769897461,41.486083984375,40.04402160644531,18700.9140625,97.42725372314453,57.28508758544922
615000,625001,17,3,255,213,1,44421.02734375,647.4826049804688,241.14248657226562,175.43692016601562,126.16571044921875,110.61845397949219,104.56649017333984,86.06143188476562,70.77635955810547,67.67282104492188,60.757938385009766,57.72500228881836,54.79505920410156,52.70835494995117,47.62382507324219,45.23088455200195,42.406036376953125,18696.2265625,105.04095458984375,56.126399993896484
620000,630001,17,3,252,203,0,43680.9375,488.5055236816406,255.5242156982422,181.007080078125,145.7345428466797,114.5351791381836,95.16059875488281,80.80859375,74.12430572509766,72.2813491821289,63.806358337402344,60.80157470703125,59.95895004272461,57.22718811035156,54.221046447753906,47.57706069946289,41.222206115722656,18398.265625,98.16050720214844,63.08327102661133
620000,630001,17,3,252,203,1,43623.8046875,492.98651123046875,265.3594970703125,178.38870239257812,134.91098022460938,109.08797454833984,99.46005249023438,77.77682495117188,75.34428405761719,70.67078399658203,63.63335037231445,58.85801696777344,55.96092224121094,53.18760299682617,47.56761932373047,46.480342864990234,45.37726593017578,18374.529296875,101.64874267578125,60.760440826416016
625000,635001,17,3,251,203,0,43188.0625,660.9134521484375,332.1036376953125,178.88864135742188,147.1779022216797,114.55150604248047,95.39366149902344,90.88521575927734,76.92720031738281,73.29581451416016,69.99010467529297,67.6167221069336,62.66565704345703,56.02812957763672,53.43827819824219,51.941463470458984,47.879058837890625,18173.251953125,99.79544830322266,56.7900276184082
625000,635001,17,3,251,203,1,43148.98046875,654.7459716796875,335.36822509765625,182.77874755859375,148.93527221679688,125.95230102539062,101.42462158203125,90.13262176513672,80.9573974609375,78.89435577392578,76.4816665649414,69.0218276977539,62.41157913208008,57.451534271240234,54.3415412902832,51.68788146972656,45.98096466064453,18154.208984375,96.70660400390625,54.528282165527344
630000,640001,17,3,255,208,0,43778.625,1135.9403076171875,254.09384155273438,195.98965454101562,169.78282165527344,119.38162231445312,103.52764892578125,95.97137451171875,74.0406494140625,69.04866027832031,61.056236267089844,57.32502365112305,55.427860260009766,51.86419677734375,50.084083557128906,45.066246032714844,42.682861328125,18444.533203125,92.71852111816406,54.88917541503906
630000,640001,17,3,255,208,1,43754.41796875,1132.44921875,258.8280334472656,194.01776123046875,161.34375,119.16400146484375,101.56566619873047,97.85488891601562,75.82453918457031,72.74317932128906,64.67160034179688,61.5294303894043,56.16005325317383,55.04136276245117,51.38933563232422,47.508853912353516,45.48185729980469,18436.271484375,91.35936737060547,54.86723327636719
635000,645001,17,3,250,206,0,44146.375,505.47052001953125,249.8309326171875,159.9984130859375,128.75265502929688,105.67842102050781,92.28285217285156,85.44971466064453,74.98784637451172,71.84022521972656,66.38265228271484,64.04008483886719,60.48011779785156,56.506927490234375,52.82402038574219,50.83312225341797,44.80073928833008,18594.802734375,96.26254272460938,54.796546936035156
635000,645001,17,3,250,206,1,44150.4140625,514.5816650390625,248.27149963378906,175.85757446289062,129.1815643310547,111.67671966552734,88.4955825805664,81.37300109863281,74.75189971923828,68.80204772949219,63.60414123535156,60.50634002685547,56.49516677856445,53.92632293701172,48.41495895385742,47.756690979003906,45.37307357788086,18600.05078125,96.21678924560547,60.91350173950195
640000,650001,17,3,251,216,0,43846.87109375,573.005859375,279.3229675292969,185.983642578125,139.21632385253906,125.83856964111328,104.72299194335938,95.45221710205078,85.72752380371094,77.63343811035156,72.12345886230469,69.31951141357422,54.27423095703125,53.38228988647461,50.73373031616211,49.35157012939453,44.55668640136719,18455.044921875,113.65283966064453,55.27711868286133
640000,650001,17,3,251,216,1,43912.4140625,577.6432495117188,273.8720397949219,186.83876037597656,130.2029266357422,113.22428894042969,98.01895141601562,86.83953094482422,79.18608856201172,71.32417297363281,64.38041687011719,59.05854034423828,55.37070846557617,50.22467041015625,47.63491439819336,47.366111755371094,44.575862884521484,18482.416015625,92.97859191894531,56.83763122558594
645000,655001,17,3,254,210,0,43602.69921875,706.677978515625,340.2254333496094,209.77786254882812,150.7279815673828,120.19792175292969,109.10124969482422,97.60999298095703,92.40626525878906,87.56297302246094,72.56497955322266,66.23787689208984,63.8408203125,60.52434158325195,56.68344497680664,52.104225158691406,47.950599670410156,18330.419921875,105.67776489257812,60.53236770629883
645000,655001,17,3,254,210,1,43631.9765625,707.524658203125,341.9215393066406,211.0998992919922,159.46751403808594,125.90841674804688,109.03141784667969,97.39242553710938,86.13391876220703,79.3777084350586,75.93653869628906,64.9588851928711,61.261173248291016,57.319271087646484,53.90184783935547,52.463104248046875,49.9902229309082,18342.724609375,102.53364562988281,69.15381622314453
650000,660001,17,3,250,208,0,43833.6875,704.83837890625,271.7147216796875,186.54127502441406,139.40042114257812,130.5634002685547,112.76771545410156,94.66138458251953,89.57935333251953,76.04374694824219,72.93145751953125,70.89806365966797,63.62858963012695,62.4416389465332,58.17938232421875,54.59646224975586,51.69318389892578,18445.953125,131.06854248046875,75.505615234375
650000,660001,17,3,250,208,1,43836.140625,708.7978515625,276.2176208496094,191.9965362548828,147.53652954101562,136.33551025390625,104.44874572753906,98.89550018310547,84.35846710205078,83.53765869140625,76.04219818115234,72.50949096679688,70.7428207397461,66.7153549194336,61.39198303222656,53.55278778076172,51.20964431762695,18446.015625,152.82008361816406,74.4501724243164
655000,665001,17,3,250,209,0,44044.69921875,584.4722900390625,272.61053466796875,162.26979064941406,147.7120361328125,112.42964172363281,100.04143524169922,91.0853500366211,79.92108154296875,72.77499389648438,63.117801666259766,58.175682067871094,54.07561492919922,52.2957649230957,50.30035400390625,47.16154861450195,39.59080123901367,18558.703125,105.50969696044922,76.60708618164062
655000,665001,17,3,250,209,1,44077.9609375,572.930908203125,269.73968505859375,179.06748962402344,159.9638671875,117.79058074951172,103.65485382080078,89.34307098388672,75.14424896240234,66.99614715576172,63.70759963989258,57.17009735107422,56.48509216308594,52.354530334472656,48.5688362121582,43.53681945800781,42.94211959838867,18573.001953125,111.68644714355469,71.96373748779297
660000,670001,17,3,254,211,0,44282.3125,670.5447387695312,327.15753173828125,180.9462890625,129.94886779785156,106.52342224121094,88.3329086303711,78.22460174560547,72.01359558105469,70.42736053466797,66.4162826538086,63.03757858276367,56.07744216918945,54.48322677612305,50.994720458984375,45.275299072265625,43.974525451660156,18659.18359375,90.8416519165039,58.20021057128906
660000,670001,17,3,254,211,1,44331.87890625,670.1946411132812,321.71856689453125,187.5904083251953,132.68704223632812,110.69378662109375,85.04136657714844,74.57242584228516,73.32522583007812,69.13001251220703,64.66002655029297,60.19769287109375,55.502159118652344,50.595237731933594,48.41471862792969,46.742252349853516,44.09500503540039,18677.791015625,101.7028579711914,53.642948150634766
665000,675001,17,3,251,211,0,44805.6484375,565.6675415039062,269.744140625,150.30679321289062,128.17970275878906,99.97534942626953,92.99031066894531,80.44310760498047,67.31423950195312,62.494319915771484,60.62788772583008,57.29948806762695,55.79588317871094,49.709842681884766,48.511634826660156,44.831199645996094,38.38685989379883,18882.61328125,82.5842056274414,54.20610046386719
665000,675001,17,3,251,211,1,44754.3984375,573.0595092773438,257.6971435546875,153.96629333496094,125.83802795410156,100.33985137939453,87.77027893066406,79.56272888183594,72.65506744384766,65.71849060058594,58.3925895690918,54.57941818237305,53.59086990356445,49.623809814453125,47.631221771240234,46.1820068359375,43.174964904785156,18860.275390625,85.66857147216797,58.4782600402832
670000,680001,17,3,254,211,0,44913.0078125,1472.0684814453125,365.3955993652344,232.65650939941406,146.52127075195312,137.9832000732422,105.63848114013672,94.53033447265625,79.22550201416016,75.78193664550781,66.99343872070312,63.876834869384766,59.25958251953125,58.21198654174805,55.89542770385742,49.42798614501953,47.35795593261719,18875.7578125,126.36708068847656,66.07206726074219
670000,680001,17,3,254,211,1,44943.0703125,1461.2137451171875,367.2436828613281,238.0690460205078,155.634765625,137.98719787597656,106.11504364013672,103.80352783203125,82.73169708251953,79.15074157714844,69.65917205810547,65.87748718261719,60.465972900390625,57.315513610839844,55.058536529541016,51.930259704589844,45.34374237060547,18885.408203125,115.87106323242188,62.1650276184082
675000,685001,17,3,251,220,0,44629.55859375,758.7006225585938,352.4999084472656,234.02017211914062,147.8640899658203,120.71685028076172,94.20299530029297,85.40470123291016,78.9209213256836,72.09358215332031,68.10823059082031,64.60489654541016,61.93460464477539,58.65896224975586,55.04426193237305,49.006378173828125,47.1393928527832,18767.19140625,142.7821502685547,67.33016204833984
675000,685001,17,3,251,220,1,44637.61328125,747.039306640625,350.4439392089844,227.57435607910156,146.7244110107422,130.36514282226562,123.98450469970703,85.64918518066406,80.72886657714844,70.02399444580078,65.25265502929688,59.93356704711914,56.15398025512695,53.526206970214844,51.43641662597656,49.00044250488281,45.65870666503906,18767.0859375,114.08423614501953,61.55117416381836
680000,690001,17,3,252,218,0,44060.98046875,584.9198608398438,323.58270263671875,158.89695739746094,149.0269317626953,98.2339096069336,90.17991638183594,83.5821762084961,77.39208221435547,73.21390533447266,69.58784484863281,64.66629791259766,61.496639251708984,59.22620391845703,53.78840637207031,51.3666877746582,50.652645111083984,18539.484375,120.94671630859375,67.02202606201172
680000,690001,17,3,252,218,1,44082.94140625,583.7898559570312,332.1397399902344,168.0771484375,151.0364227294922,105.3574447631836,95.97015380859375,82.16014099121094,74.52439880371094,71.53126525878906,69.47150421142578,67.07240295410156,61.18354415893555,55.0745735168457,52.8798828125,50.22211456298828,46.48265838623047,18548.13671875,116.17237854003906,65.23553466796875
685000,695001,17,3,249,215,0,45307.63671875,561.5399169921875,288.41668701171875,172.49310302734375,150.49771118164062,103.57964324951172,94.53707122802734,89.2115249633789,78.80904388427734,73.66697692871094,71.81306457519531,67.829345703125,65.41156005859375,61.237464904785156,57.83818817138672,52.473114013671875,49.67966842651367,19066.798828125,113.40507507324219,66.11461639404297
685000,695001,17,3,249,215,1,45219.92578125,563.9932250976562,298.529541015625,177.26744079589844,141.55381774902344,98.9244155883789,92.85506439208984,88.02662658691406,81.68855285644531,74.48113250732422,72.28655242919922,68.26702117919922,64.7847900390625,60.457130432128906,56.29383087158203,54.755393981933594,49.27541732788086,19025.146484375,112.59352111816406,64.2464828491211
690000,700001,17,3,253,215,0,44567.078125,768.9653930664062,387.1020202636719,206.2483673095703,195.38067626953125,139.3260498046875,125.37690734863281,116.15192413330078,103.73072052001953,86.07892608642578,80.30708312988281,69.85375213623047,62.27290344238281,56.23981475830078,52.539833068847656,51.75714111328125,48.0056266784668,18766.921875,106.02267456054688,59.94775390625
690000,700001,17,3,253,215,1,44565.25,775.276611328125,374.1427307128906,207.30210876464844,171.80166625976562,139.69041442871094,129.9827423095703,108.16571807861328,97.18865966796875,83.85126495361328,76.91690063476562,68.40399932861328,60.314212799072266,58.42292785644531,55.38597869873047,51.56476974487305,48.481197357177734,18762.83203125,102.11436462402344,62.79669189453125
695000,705001,17,3,256,215,0,44823.5,601.5252685546875,297.5408935546875,200.8682403564453,154.63400268554688,137.47584533691406,111.91035461425781,101.4269790649414,86.42022705078125,73.5829086303711,66.86619567871094,61.831729888916016,59.1544303894043,53.64500427246094,51.60160827636719,51.34251403808594,48.61457824707031,18854.99609375,112.91300201416016,55.23750305175781
695000,705001,17,3,256,215,1,44906.66015625,615.6038818359375,293.7398681640625,200.88905334472656,149.11868286132812,129.84951782226562,108.83177185058594,95.6627197265625,77.2018814086914,72.24771118164062,63.68206024169922,60.008750915527344,56.98562240600586,53.23088455200195,50.544578552246094,48.4636344909668,45.83893966674805,18891.44140625,107.07194519042969,53.84641647338867
700000,710001,17,3,254,225,0,45934.25,519.6888427734375,261.99249267578125,167.2952423095703,112.89813232421875,106.5890884399414,88.82421112060547,83.26055908203125,71.74787139892578,66.49217987060547,62.943904876708984,61.410728454589844,59.96664047241211,50.12736511230469,49.15416717529297,44.06856155395508,43.01920700073242,19352.677734375,82.60298919677734,52.244754791259766
700000,710001,17,3,254,225,1,45979.71875,520.04150390625,263.75103759765625,170.7831573486328,118.38719940185547,114.36583709716797,89.5729751586914,77.15846252441406,72.93877410888672,69.80015563964844,64.8682632446289,60.13369369506836,57.28688430786133,53.026710510253906,50.062217712402344,46.05374526977539,43.37196350097656,19373.685546875,87.43970489501953,57.31978225708008
705000,715001,17,3,252,213,0,45289.43359375,612.0050659179688,323.4676513671875,179.9638671875,149.24130249023438,102.3677978515625,97.05193328857422,83.13323211669922,77.39122009277344,64.83808898925781,60.429561614990234,58.63041687011719,51.98685836791992,50.27931213378906,48.82970428466797,47.32290267944336,45.52538299560547,19085.1015625,111.6565170288086,56.03173828125
705000,715001,17,3,252,213,1,45243.484375,606.2734985351562,328.0923767089844,172.99754333496094,146.7738800048828,105.51103973388672,94.28379821777344,86.32608032226562,75.83243560791016,68.77816009521484,59.92274475097656,58.39199447631836,56.428287506103516,55.3678092956543,52.50473403930664,45.41765213012695,42.95119857788086,19062.326171875,114.31490325927734,58.72431564331055
710000,720001,17,3,252,207,0,45113.49609375,533.5346069335938,265.5679931640625,150.7943115234375,132.9755401611328,103.21123504638672,93.35106658935547,82.13231658935547,79.31185150146484,72.20185089111328,69.6916732788086,68.35332489013672,62.98834991455078,60.51897048950195,55.89998245239258,54.94147491455078,45.35654067993164,18986.107421875,107.13646697998047,66.4675521850586
710000,720001,17,3,252,207,1,45068.39453125,540.2413940429688,266.275146484375,149.07684326171875,137.60008239746094,109.77912139892578,84.32010650634766,83.9307861328125,76.987548828125,73.84158325195312,69.69449615478516,59.50056076049805,57.55363464355469,54.8430061340332,51.544315338134766,49.61699676513672,46.00563430786133,18964.546875,104.69799041748047,57.10036087036133
715000,725001,17,3,252,211,0,45927.75,514.3065185546875,251.49990844726562,168.3939666748047,125.63343048095703,104.50146484375,80.54730224609375,75.80252838134766,73.32720184326172,67.47229766845703,65.18616485595703,57.6473503112793,54.85919952392578,52.894309997558594,50.76544952392578,48.9434814453125,43.329444885253906,19326.427734375,83.39210510253906,56.33023452758789
715000,725001,17,3,252,211,1,45937.59765625,511.5013427734375,254.00277709960938,166.7411346435547,127.27774047851562,115.50354766845703,86.07017517089844,76.23953247070312,68.97325897216797,66.37698364257812,61.85032272338867,60.63787078857422,58.32081985473633,54.24232482910156,50.09466552734375,47.61487579345703,45.413299560546875,19325.3203125,89.00298309326172,61.97695541381836
720000,730001,17,3,251,214,0,44625.81640625,641.564208984375,346.8472900390625,231.65866088867188,172.3215789794922,136.4469757080078,119.8362045288086,110.1026382446289,94.01225280761719,86.9030990600586,73.04240417480469,68.20548248291016,58.63333511352539,57.540077209472656,52.436805725097656,47.50067901611328,46.6035041809082,18775.283203125,173.16224670410156,77.33869171142578
720000,730001,17,3,251,214,1,44637.3125,637.7900390625,321.0096435546875,218.66481018066406,166.5840301513672,140.8783721923828,118.62800598144531,107.2633056640625,89.48541259765625,74.75556945800781,69.2430419921875,65.52818298339844,58.78064727783203,55.00691223144531,50.6846923828125,46.14297103881836,44.446800231933594,18783.892578125,163.85317993164062,83.36115264892578
725000,735001,17,3,252,222,0,45684.703125,577.5111083984375,326.1029052734375,194.9217987060547,125.49337768554688,100.45503997802734,95.46082305908203,87.02847290039062,77.46945190429688,69.7369155883789,68.15310668945312,56.72845458984375,50.852169036865234,49.54468536376953,48.12159729003906,44.57265090942383,44.01939392089844,19250.166015625,98.93112182617188,48.487884521484375
725000,735001,17,3,252,222,1,45709.35546875,576.5309448242188,305.2955322265625,191.16192626953125,128.85513305664062,108.92767333984375,95.76728820800781,86.667236328125,71.49710083007812,69.86511993408203,66.53688049316406,63.463829040527344,60.67808532714844,54.58939743041992,52.02073669433594,49.597442626953125,47.05387496948242,19262.310546875,106.95301818847656,54.04220199584961
730000,740001,17,3,254,220,0,45857.69140625,547.21142578125,310.52764892578125,193.11288452148438,137.62098693847656,119.81206512451172,99.5235824584961,90.87088012695312,76.93321990966797,74.23670959472656,66.95972442626953,58.77531814575195,55.86327362060547,52.94723129272461,52.58103561401367,47.954524993896484,44.37758255004883,19303.451171875,119.15853881835938,62.113895416259766
730000,740001,17,3,254,220,1,45816.55859375,546.1665649414062,307.73583984375,190.53961181640625,142.13766479492188,116.85161590576172,99.68974304199219,88.1068115234375,78.48917388916016,76.13477325439453,70.06211853027344,60.27049255371094,55.665565490722656,54.72106170654297,49.246681213378906,45.239158630371094,41.175445556640625,19288.072265625,117.70744323730469,52.098751068115234
735000,745001,17,3,254,210,0,46693.32421875,537.9213256835938,282.3965759277344,160.6053924560547,132.7397003173828,114.61373901367188,88.1417465209961,74.48799133300781,67.41136932373047,62.729732513427734,56.293643951416016,52.26769256591797,49.76261901855469,47.0789909362793,42.258995056152344,40.93815612792969,38.53794479370117,19650.080078125,120.962890625,54.863800048828125
735000,745001,17,3,254,210,1,46671.6015625,537.80419921875,278.5185241699219,155.7117156982422,133.16200256347656,109.98992156982422,87.37348937988281,76.75212860107422,68.31993103027344,60.648780822753906,56.65970230102539,52.31157684326172,51.10141372680664,46.5949821472168,45.909812927246094,42.027137756347656,39.1158332824707,19634.669921875,114.38822937011719,52.511695861816406
740000,750001,17,3,253,219,0,46512.11328125,710.072021484375,365.939697265625,249.0596466064453,122.24156188964844,116.2717514038086,108.17743682861328,97.47520446777344,85.82302856445312,73.18566131591797,66.61921691894531,64.2644271850586,60.258846282958984,54.77825164794922,48.248233795166016,46.84089279174805,46.08271408081055,19541.427734375,103.41426849365234,55.836952209472656
740000,750001,17,3,253,219,1,46535.9453125,711.3497314453125,364.05816650390625,240.1431884765625,125.79200744628906,105.15647888183594,94.30440521240234,90.69303894042969,81.74723815917969,76.25279998779297,74.42243957519531,63.44477081298828,59.92964553833008,53.23630905151367,50.39862060546875,47.05315017700195,45.00861740112305,19552.484375,88.639892578125,56.2598762512207
745000,755001,17,3,253,212,0,45818.296875,600.5281982421875,272.16217041015625,183.53807067871094,149.348876953125,119.37159729003906,113.8587646484375,99.92935943603516,86.39152526855469,80.63028717041016,75.55770111083984,65.02011108398438,61.77246856689453,58.3469123840332,52.16905975341797,50.26754379272461,48.28573226928711,19281.26953125,128.61207580566406,57.376556396484375
745000,755001,17,3,253,212,1,45846.2890625,609.3616333007812,274.3080749511719,186.60618591308594,145.49481201171875,117.83772277832031,108.0119857788086,94.51321411132812,88.09308624267578,77.90176391601562,74.85868835449219,70.24900817871094,63.42193603515625,53.518775939941406,52.3511848449707,51.374267578125,46.693782806396484,19289.96484375,119.13923645019531,61.35470962524414
750000,760001,17,3,249,212,0,45437.01171875,600.20703125,318.5935363769531,207.3045654296875,137.930419921875,117.16545104980469,101.89656829833984,91.03438568115234,80.544677734375,67.40172576904297,63.99922180175781,61.138084411621094,58.2706413269043,57.44728469848633,50.661033630371094,48.21197509765625,43.988616943359375,19108.091796875,99.92356872558594,70.01457977294922
750000,760001,17,3,249,212,1,45422.8203125,592.466796875,316.7283935546875,195.8386993408203,139.26275634765625,114.15516662597656,103.6629638671875,84.52790832519531,74.35539245605469,68.41822052001953,63.227962493896484,60.05842971801758,55.80701446533203,52.412811279296875,48.1436653137207,45.154624938964844,44.09933853149414,19100.314453125,103.11051940917969,57.72187423706055
755000,765001,17,3,254,217,0,46309.40234375,589.4981689453125,292.3909606933594,177.00196838378906,153.24290466308594,118.82502746582031,101.60093688964844,83.27200317382812,76.72530364990234,68.93223571777344,67.27066040039062,60.43950653076172,59.31608200073242,53.13170623779297,50.83590316772461,46.42866516113281,42.41399002075195,19500.83984375,112.5366439819336,63.44245147705078
755000,765001,17,3,254,217,1,46343.984375,599.888427734375,298.9183044433594,187.68727111816406,154.31935119628906,118.61451721191406,108.32666778564453,90.21501922607422,78.16825866699219,71.43966674804688,67.95223999023438,64.91177368164062,58.379207611083984,57.44346618652344,54.983306884765625,53.89668273925781,48.9383430480957,19516.44140625,118.10029602050781,69.15861511230469
760000,770001,17,3,252,218,0,45684.85546875,494.6589660644531,250.52671813964844,192.8273162841797,130.52578735351562,109.5515365600586,91.33509826660156,84.35417938232422,72.09407806396484,67.35401916503906,64.07984161376953,61.793243408203125,58.809932708740234,52.905860900878906,51.49018859863281,49.61857986450195,46.41182327270508,19229.02734375,106.64326477050781,57.867149353027344
760000,770001,17,3,252,218,1,45646.5546875,481.1126403808594,248.35264587402344,178.72401428222656,129.17575073242188,107.96507263183594,97.27102661132812,84.50701904296875,75.56578826904297,66.8761215209961,62.50401306152344,61.55522155761719,55.16849136352539,53.83040237426758,48.662872314453125,46.97503662109375,44.06700134277344,19207.337890625,110.84172821044922,62.323768615722656
765000,775001,17,3,250,207,0,46196.0390625,578.6226806640625,309.6069641113281,179.97128295898438,141.24122619628906,100.18001556396484,93.88674926757812,88.2929458618164,77.34734344482422,72.9341049194336,68.59014892578125,67.181640625,60.70554733276367,55.206851959228516,53.44325256347656,50.70041275024414,49.20376968383789,19410.927734375,101.35338592529297,64.54664611816406
765000,775001,17,3,250,207,1,46203.2890625,583.7676391601562,313.5096130371094,196.36676025390625,140.51626586914062,99.32110595703125,96.87355041503906,88.4870834350586,73.08417510986328,69.4217300415039,66.06819152832031,62.45795440673828,62.19375228881836,56.81772994995117,52.751060485839844,49.181556701660156,47.20146179199219,19416.875,85.96144104003906,60.62411880493164
770000,780001,17,3,254,217,0,46516.125,533.619384765625,301.2894287109375,171.4669647216797,127.85553741455078,106.91182708740234,93.77508544921875,82.20767974853516,78.61643981933594,70.61060333251953,68.95028686523438,64.16268157958984,60.67999267578125,57.935035705566406,55.286441802978516,51.782081604003906,48.33229446411133,19571.04296875,117.5765151977539,76.49950408935547
770000,780001,17,3,254,217,1,46537.46875,542.129638671875,309.9210510253906,179.20025634765625,136.15716552734375,104.0456771850586,88.21588134765625,81.60259246826172,79.32754516601562,76.23743438720703,71.32207489013672,64.37408447265625,60.283050537109375,59.124839782714844,53.83599853515625,52.250205993652344,48.7290153503418,19578.654296875,109.15657043457031,82.35945892333984
775000,785001,17,3,251,207,0,45993.1875,561.2495727539062,212.56980895996094,171.88124084472656,108.34075927734375,103.86906433105469,87.5064468383789,84.57837677001953,69.58154296875,64.02278900146484,60.95845031738281,55.402103424072266,52.71938705444336,47.668575286865234,44.33723831176758,42.52809143066406,42.275360107421875,19370.259765625,81.30799865722656,49.33814239501953
775000,785001,17,3,251,207,1,45970.48046875,557.102783203125,223.96487426757812,176.1571807861328,111.22395324707031,102.46475219726562,93.97663879394531,74.50708770751953,67.27497100830078,64.89384460449219,61.21669006347656,56.53943634033203,54.06074523925781,52.493228912353516,47.44050216674805,43.86674118041992,39.72571563720703,19361.572265625,86.47325134277344,50.90281677246094
780000,790001,17,3,252,214,0,46295.82421875,813.8700561523438,304.7947998046875,171.85484313964844,127.62907409667969,105.85055541992188,89.65457153320312,81.3377914428711,71.83531951904297,68.70216369628906,65.22671508789062,60.16575241088867,57.13973617553711,56.89192581176758,51.31121063232422,46.967227935791016,45.43694305419922,19458.1015625,101.91370391845703,62.829158782958984
780000,790001,17,3,252,214,1,46312.0078125,814.5341796875,297.3054504394531,174.4366455078125,127.66368865966797,104.64815521240234,92.6410903930664,76.8721923828125,71.20783996582031,66.13624572753906,60.99113845825195,56.64204406738281,54.503395080566406,52.55799102783203,49.68278503417969,49.27231216430664,42.147159576416016,19460.015625,102.87824249267578,63.52412796020508
785000,795001,17,3,247,211,0,45729.546875,567.3822021484375,253.86770629882812,174.80523681640625,143.5523681640625,113.21514129638672,90.390625,85.33617401123047,75.10578155517578,71.73241424560547,68.89606475830078,61.91615295410156,57.749446868896484,55.2537956237793,51.44573974609375,47.01069259643555,46.091285705566406,19274.466796875,106.5466079711914,62.119544982910156
785000,795001,17,3,247,211,1,45724.19921875,575.0975952148438,254.491943359375,166.41888427734375,144.79635620117188,110.38456726074219,100.31195831298828,87.94412231445312,75.0276870727539,72.37092590332031,67.71894836425781,63.73255157470703,59.53466033935547,55.502017974853516,54.68098068237305,46.26630783081055,41.93449783325195,19267.779296875,105.758544921875,55.409034729003906
790000,800001,17,3,254,223,0,47267.4921875,559.9447021484375,263.53863525390625,193.4753875732422,146.3123321533203,137.82972717285156,113.07756805419922,79.7943115234375,76.91140747070312,65.408447265625,62.629554748535156,58.54612350463867,51.960609436035156,48.81416702270508,43.52977752685547,41.93828201293945,39.88976287841797,19887.283203125,154.94744873046875,55.237464904785156
790000,800001,17,3,254,223,1,47272.41015625,567.4378051757812,262.3464050292969,191.08360290527344,135.1641845703125,132.80189514160156,107.5930404663086,83.9405288696289,73.22872924804688,66.02091217041016,61.94398498535156,57.33472442626953,50.78066635131836,49.79262924194336,46.26036071777344,45.28108596801758,43.45149612426758,19891.4765625,160.75296020507812,53.56550216674805
795000,805001,17,3,250,212,0,45551.37890625,1258.5572509765625,299.9771728515625,234.48342895507812,146.6981658935547,127.3134536743164,102.87977600097656,96.15572357177734,82.8623275756836,75.21759033203125,68.37239837646484,66.01610565185547,63.45512008666992,57.26742935180664,52.682823181152344,50.34095764160156,48.0914192199707,19156.88671875,112.06673431396484,59.60930252075195
795000,805001,17,3,250,212,1,45549.828125,1250.820068359375,295.640625,222.0733184814453,146.31729125976562,135.02590942382812,108.0225601196289,102.48192596435547,86.88665008544922,83.45712280273438,77.6639175415039,66.59912872314453,63.14023971557617,58.89473342895508,55.07230758666992,54.40035629272461,50.107093811035156,19155.1015625,115.21444702148438,75.42372131347656
800000,810001,17,3,254,217,0,46438.7578125,523.4286499023438,252.65359497070312,160.37660217285156,134.96327209472656,119.6987075805664,110.72663116455078,88.01380157470703,79.25820922851562,70.99542999267578,67.1586685180664,62.94945526123047,58.49416732788086,53.90314483642578,51.53945541381836,48.002742767333984,44.782039642333984,19537.80859375,143.70834350585938,64.81507110595703
800000,810001,17,3,254,217,1,46474.625,522.7312622070312,248.75650024414062,160.59487915039062,130.6233673095703,119.48394012451172,99.07109832763672,90.52249145507812,80.43946838378906,68.5499038696289,62.445404052734375,56.048099517822266,55.168880462646484,51.58919906616211,48.517433166503906,45.66347122192383,40.22990798950195,19555.201171875,129.86427307128906,60.4383659362793
805000,815001,17,3,251,207,0,46790.40234375,1016.4114990234375,353.1243591308594,264.57867431640625,145.30909729003906,135.1776123046875,105.70647430419922,95.79163360595703,87.08028411865234,78.48968505859375,71.9826431274414,60.60692596435547,56.92955780029297,52.851890563964844,51.28302001953125,45.88557052612305,42.7595329284668,19642.90234375,133.1379852294922,73.33763122558594
805000,815001,17,3,251,207,1,46810.70703125,1040.3724365234375,333.8352966308594,253.12008666992188,168.7112579345703,156.052001953125,104.08335876464844,98.97725677490234,86.1822280883789,79.25089263916016,71.47200775146484,66.11309814453125,61.437835693359375,53.430564880371094,51.35090255737305,48.37114715576172,47.763946533203125,19647.248046875,122.86605072021484,68.23368072509766
810000,820001,17,3,254,215,0,46779.94140625,519.595703125,226.21621704101562,169.23960876464844,132.5980682373047,95.20016479492188,86.77630615234375,82.88062286376953,78.66415405273438,68.68219757080078,67.55320739746094,59.42538833618164,57.536460876464844,55.64060974121094,52.41178512573242,49.35755920410156,45.455204010009766,19697.572265625,116.35887145996094,64.9365234375
810000,820001,17,3,254,215,1,46678.96875,521.8616943359375,223.47398376464844,174.3242645263672,131.50819396972656,99.3559799194336,83.5838623046875,76.97644805908203,71.55455780029297,70.32949829101562,69.75222778320312,63.67043685913086,57.55344772338867,55.11081314086914,52.104610443115234,48.9337043762207,45.98469924926758,19650.013671875,115.73220825195312,58.83542251586914
815000,825001,17,3,251,211,0,46934.66796875,531.0713500976562,231.9273681640625,186.5123748779297,124.12133026123047,99.60826873779297,87.73947143554688,72.50908660888672,67.63945770263672,63.407291412353516,56.835418701171875,55.662837982177734,53.68864059448242,50.77992630004883,44.71248245239258,42.87886428833008,40.869293212890625,19776.841796875,107.14176940917969,56.651790618896484
815000,825001,17,3,251,211,1,46895.69140625,537.345947265625,229.3312225341797,202.18844604492188,139.52230834960938,118.23226165771484,92.13957214355469,80.69348907470703,74.77518463134766,67.8816909790039,61.75388717651367,60.72904968261719,56.25586700439453,53.17194747924805,51.54401397705078,47.90252685546875,45.55815887451172,19760.4453125,107.22392272949219,63.22918701171875
820000,830001,17,3,253,217,0,46592.078125,625.953369140625,298.814208984375,197.57086181640625,144.53292846679688,111.39053344726562,94.15609741210938,84.21196746826172,80.45384979248047,72.8989028930664,64.65155792236328,58.71141815185547,55.342655181884766,52.4156379699707,50.49208068847656,47.3358268737793,42.653236389160156,19641.9453125,108.36278533935547,84.1939926147461
820000,830001,17,3,253,217,1,46593.828125,625.18115234375,295.1368713378906,197.7433624267578,147.2483367919922,120.81733703613281,96.8631362915039,79.76094818115234,76.77729034423828,70.76480102539062,64.2326889038086,60.43596649169922,56.04902267456055,52.018795013427734,46.80160140991211,45.8863639831543,41.36480712890625,19643.787109375,113.1784896850586,63.12244415283203
825000,835001,17,3,252,210,0,46669.921875,1087.15185546875,257.03887939453125,164.53802490234375,154.460205078125,126.82879638671875,100.26541900634766,98.62879180908203,82.65243530273438,68.25279998779297,63.82380294799805,62.31017303466797,59.99049377441406,55.07773971557617,53.19147872924805,50.72809600830078,39.36368942260742,19618.9609375,139.53587341308594,59.21867752075195
825000,835001,17,3,252,210,1,46679.390625,1108.4716796875,250.42626953125,160.00840759277344,154.66323852539062,123.68173217773438,97.67277526855469,92.91075134277344,78.69390869140625,74.82689666748047,67.03872680664062,64.14581298828125,58.86896896362305,58.44445037841797,48.009056091308594,45.32009506225586,44.47501754760742,19622.65625,141.7155303955078,62.63566589355469
830000,840001,17,3,251,219,0,46647.5234375,1045.1363525390625,332.4592590332031,186.5662078857422,149.1389923095703,144.18922424316406,99.38424682617188,85.4918441772461,81.4542236328125,66.39642333984375,63.769866943359375,63.47217559814453,56.12995147705078,51.8800163269043,48.57544708251953,46.88167190551758,45.50090026855469,19599.228515625,102.86470031738281,68.75579071044922
830000,840001,17,3,251,219,1,46631.02734375,1073.0367431640625,346.9120178222656,195.1561279296875,166.77618408203125,142.5815887451172,111.16847229003906,88.55341339111328,84.13618469238281,71.00901794433594,66.26998138427734,60.584835052490234,57.534934997558594,54.05131149291992,53.32963180541992,48.07799530029297,45.456966400146484,19592.234375,93.96112823486328,66.6932144165039
835000,845001,17,3,250,220,0,47393.65234375,534.4275512695312,221.1134796142578,163.48776245117188,142.25157165527344,110.0393295288086,86.2271957397461,82.00586700439453,71.53004455566406,65.4388198852539,61.753963470458984,56.05118179321289,53.54116439819336,48.79876708984375,46.79715347290039,44.10032272338867,39.06623840332031,19981.669921875,87.46762084960938,50.28955841064453
835000,845001,17,3,250,220,1,47420.4609375,534.8721313476562,223.8943328857422,166.35301208496094,149.5523681640625,104.68441772460938,85.86322021484375,75.69767761230469,73.08358764648438,66.43087768554688,59.22113037109375,56.74299240112305,52.12803268432617,49.720062255859375,46.401065826416016,44.34976577758789,40.24557113647461,19995.259765625,85.15031433105469,51.60678482055664
840000,850001,17,3,254,223,0,46148.03125,718.5987548828125,260.8468017578125,198.09877014160156,142.24539184570312,126.97669982910156,98.57199096679688,89.60282135009766,78.43388366699219,66.91500854492188,65.1402587890625,59.97014236450195,56.14581298828125,53.22578430175781,51.1274299621582,47.96792221069336,43.838809967041016,19404.49609375,102.94784545898438,61.82661819458008
840000,850001,17,3,254,223,1,46174.1015625,727.5441284179688,271.508544921875,199.34169006347656,136.60643005371094,123.08696746826172,100.24835968017578,91.18348693847656,81.65274047851562,73.8962631225586,71.122314453125,60.221900939941406,55.57474136352539,54.31780242919922,51.04484176635742,49.273704528808594,44.30884552001953,19411.32421875,102.52323913574219,65.4840316772461
845000,855001,17,3,246,219,0,46435.421875,576.4443359375,257.81829833984375,171.70404052734375,134.0310516357422,108.26083374023438,86.7799301147461,81.59236145019531,74.58726501464844,66.79957580566406,59.59200668334961,55.51342010498047,54.03822326660156,51.75251007080078,49.19733428955078,47.24538040161133,42.28373336791992,19533.0703125,94.77423095703125,61.447750091552734
845000,855001,17,3,246,219,1,46518.08203125,570.7661743164062,256.5692443847656,172.02789306640625,137.528564453125,105.4989242553711,90.72268676757812,76.32597351074219,73.08882141113281,68.65918731689453,63.60599899291992,56.00272750854492,51.485015869140625,49.30982971191406,46.61033630371094,41.6623420715332,38.34198760986328,19569.099609375,85.96058654785156,69.01839447021484
850000,860001,17,3,254,224,0,47526.3984375,570.615234375,428.3167724609375,194.07797241210938,115.45995330810547,90.34119415283203,84.67061614990234,74.5719985961914,68.25849151611328,63.044132232666016,61.72775650024414,54.674503326416016,53.21194839477539,52.0650749206543,50.069969177246094,45.44320297241211,42.472328186035156,20021.544921875,86.65707397460938,56.99816131591797
850000,860001,17,3,254,224,1,47487.44140625,574.23828125,423.6542053222656,192.41700744628906,115.08525085449219,93.54373931884766,84.95861053466797,69.98828125,67.34686279296875,62.6871337890625,58.05858612060547,56.00807189941406,53.939491271972656,50.13473129272461,46.38515853881836,45.605655670166016,40.61517333984375,20003.89453125,84.7381820678711,54.997596740722656
855000,865001,17,3,255,221,0,46825.078125,591.5968017578125,265.594482421875,162.49789428710938,144.77369689941406,113.97116088867188,101.73330688476562,91.09846496582031,78.64808654785156,74.66869354248047,67.81759643554688,59.82564926147461,57.23032760620117,54.07282638549805,50.93752670288086,47.637542724609375,42.54572296142578,19684.435546875,87.90098571777344,73.35230255126953
855000,865001,17,3,255,221,1,46735.44140625,582.5036010742188,273.1258239746094,158.71372985839844,142.7792510986328,111.79359436035156,98.81045532226562,81.01494598388672,75.74240112304688,69.1087417602539,66.1036148071289,57.365867614746094,53.57439422607422,51.828086853027344,45.25324630737305,43.07056427001953,40.53255081176758,19650.181640625,91.43600463867188,59.79143142700195
860000,870001,17,3,249,213,0,46554.3125,593.5519409179688,282.5835876464844,187.19326782226562,128.0819854736328,104.8368911743164,102.56219482421875,85.36976623535156,79.98319244384766,63.99299240112305,62.36072540283203,56.05508804321289,50.71040344238281,46.612648010253906,45.32893753051758,40.28430938720703,37.23440933227539,19577.4921875,110.29237365722656,60.59244155883789
860000,870001,17,3,249,213,1,46554.22265625,581.0142822265625,293.275390625,186.67477416992188,128.10745239257812,106.80513000488281,94.81753540039062,84.8663330078125,77.26753234863281,63.246707916259766,60.108055114746094,55.29692077636719,49.41152572631836,45.93797302246094,43.80475997924805,39.88999557495117,37.71382141113281,19581.974609375,98.0557632446289,51.427093505859375
865000,875001,17,3,255,223,0,48225.77734375,618.7218627929688,288.3578186035156,197.6188507080078,140.1557159423828,124.05780029296875,104.51425170898438,84.23455047607422,82.39613342285156,73.81988525390625,69.78550720214844,63.80306625366211,60.031673431396484,54.904666900634766,49.40376281738281,46.846805572509766,45.09095001220703,20303.890625,93.48896789550781,54.895057678222656
865000,875001,17,3,255,223,1,48195.3984375,623.1404418945312,302.25244140625,206.0157012939453,145.81602478027344,124.34522247314453,107.36341094970703,86.02667999267578,83.18203735351562,72.21270751953125,70.91680908203125,61.65769958496094,57.99673080444336,53.543426513671875,51.4843635559082,50.1016731262207,44.69670486450195,20291.126953125,94.64614868164062,55.00571823120117
870000,880001,17,3,251,224,0,45950.16015625,1288.009521484375,278.7467346191406,231.46275329589844,172.09703063964844,146.77725219726562,107.97241973876953,90.40589141845703,85.3191146850586,74.7663345336914,71.3470687866211,64.57463073730469,64.09864807128906,55.14702606201172,53.5078239440918,49.037071228027344,45.120731353759766,19350.439453125,156.52374267578125,73.54545593261719
870000,880001,17,3,251,224,1,45930.8984375,1245.4952392578125,325.9523620605469,252.71348571777344,173.7867889404297,131.84788513183594,103.10016632080078,100.7981948852539,89.62584686279297,76.00442504882812,69.04615020751953,66.51441955566406,64.87484741210938,54.82850646972656,54.207767486572266,50.99756622314453,46.84463882446289,19340.43359375,135.33213806152344,65.92245483398438
875000,885001,17,3,253,213,0,47518.48046875,710.9482421875,311.67791748046875,165.52740478515625,121.64722442626953,112.90007019042969,100.78490447998047,86.82178497314453,68.10003662109375,62.80264663696289,59.100547790527344,57.78190612792969,54.86075210571289,46.97555923461914,45.640750885009766,39.0717887878418,35.223716735839844,20012.0078125,114.95610809326172,56.55125427246094
875000,885001,17,3,253,213,1,47519.296875,717.8889770507812,319.81219482421875,166.3290252685547,126.16168212890625,119.87057495117188,101.916015625,80.86399841308594,67.06710815429688,62.728843688964844,59.836280822753906,58.94672775268555,55.38212966918945,47.245750427246094,44.07231903076172,43.480655670166016,37.383235931396484,20014.767578125,112.60139465332031,52.95412826538086
880000,890001,17,3,255,210,0,48509.94921875,685.738525390625,385.53106689453125,203.18663024902344,132.06024169921875,106.90771484375,103.36096954345703,79.05707550048828,76.56929779052734,72.53101348876953,58.07275390625,55.92847442626953,52.387001037597656,47.60034942626953,47.37153244018555,44.83339309692383,41.9631462097168,20411.130859375,86.89874267578125,50.03799057006836
880000,890001,17,3,255,210,1,48548.390625,682.4259033203125,386.62384033203125,213.8450164794922,132.99024963378906,113.12380981445312,91.03229522705078,84.22801208496094,78.20663452148438,66.28960418701172,60.76335525512695,55.960697174072266,54.07876205444336,49.399105072021484,48.70940017700195,43.629974365234375,42.610252380371094,20431.677734375,89.88676452636719,51.98277282714844
885000,895001,17,3,251,217,0,47711.3828125,509.8791809082031,258.3667297363281,146.6118621826172,125.01937103271484,109.6300277709961,86.90045928955078,80.3241195678711,72.63424682617188,68.45556640625,65.08108520507812,62.15373992919922,58.87167739868164,55.7856559753418,51.55255126953125,48.693851470947266,45.85519027709961,20089.19921875,94.5682144165039,61.53590393066406
885000,895001,17,3,251,217,1,47719.9609375,514.1085205078125,255.93821716308594,148.0801544189453,128.1733856201172,113.66574096679688,96.64667510986328,84.3797836303711,71.85638427734375,66.59395599365234,62.670204162597656,59.60938262939453,57.08462142944336,54.74444580078125,49.70341491699219,46.367374420166016,43.59791564941406,20088.2890625,105.97122192382812,57.33087921142578
890000,900001,17,3,254,216,0,47463.48046875,609.7244262695312,300.2352600097656,190.91604614257812,145.09666442871094,114.1748275756836,98.0486831665039,86.51498413085938,83.00547790527344,73.86228942871094,66.3160400390625,64.99420928955078,59.31785583496094,54.702110290527344,53.936519622802734,49.912261962890625,47.48215866088867,19969.46484375,117.31732940673828,58.9691162109375
890000,900001,17,3,254,216,1,47454.71875,617.6249389648438,291.8192443847656,196.4650115966797,141.54925537109375,106.3567886352539,97.44602966308594,85.88045501708984,76.99702453613281,70.47645568847656,67.71324157714844,58.74876403808594,53.50953674316406,51.595542907714844,49.38168716430664,44.629703521728516,40.957401275634766,19967.845703125,131.43984985351562,61.12521743774414
895000,905001,17,3,250,224,0,47671.69921875,612.8763427734375,315.08306884765625,202.63607788085938,149.81642150878906,130.3072967529297,110.35324096679688,98.78529357910156,86.66951751708984,75.34732055664062,69.73283386230469,64.0553970336914,60.79180145263672,55.99337387084961,53.109256744384766,50.14837646484375,46.549251556396484,20029.921875,121.35557556152344,79.0062026977539
895000,905001,17,3,250,224,1,47670.8359375,621.5751342773438,328.1526794433594,199.9834747314453,147.78424072265625,128.0412139892578,112.60122680664062,95.85115814208984,85.53195190429688,72.54558563232422,68.42805480957031,64.0398941040039,57.99080276489258,55.023719787597656,52.24720764160156,49.30260467529297,46.0057373046875,20029.052734375,121.88905334472656,71.2883071899414
900000,910001,17,3,255,226,0,48025.19921875,662.9551391601562,328.3926086425781,213.2940216064453,141.7631072998047,120.22023010253906,107.58675384521484,93.68710327148438,83.56901550292969,79.68433380126953,73.53443908691406,62.82090377807617,61.419761657714844,55.91541290283203,54.69896697998047,50.586143493652344,47.84087371826172,20219.990234375,106.56421661376953,67.0455551147461
900000,910001,17,3,255,226,1,47989.078125,660.9365234375,337.2178039550781,225.6184539794922,137.56480407714844,119.45437622070312,108.05574035644531,92.3343505859375,83.1805648803711,65.82994079589844,60.07276153564453,58.46482849121094,52.515899658203125,47.56087875366211,46.2263298034668,44.68384552001953,39.179168701171875,20203.607421875,105.40335083007812,57.78215789794922
905000,915001,17,3,250,213,0,47486.5859375,525.0021362304688,235.7849578857422,164.93370056152344,116.10948944091797,101.36611938476562,88.68760681152344,82.83470916748047,73.54547882080078,64.43264770507812,57.959720611572266,56.89729690551758,52.337364196777344,50.42682647705078,45.75844192504883,43.45823287963867,41.66706085205078,19977.56640625,89.72541809082031,53.99553680419922
905000,915001,17,3,250,213,1,47477.2265625,528.38427734375,233.57411193847656,169.56021118164062,117.58416748046875,94.22921752929688,85.20780181884766,77.86587524414062,68.42926788330078,66.70552062988281,62.791080474853516,59.7266845703125,55.27611541748047,51.53950500488281,48.125919342041016,46.11557388305664,40.96192932128906,19973.8203125,94.26841735839844,51.938961029052734
910000,920001,17,3,253,217,0,47563.06640625,589.9481201171875,285.0162658691406,183.71664428710938,143.13482666015625,120.21074676513672,99.58155822753906,92.68952941894531,78.82466888427734,70.76730346679688,65.2002944946289,63.35652160644531,60.90755081176758,53.43362045288086,50.75022506713867,49.30093765258789,42.88898468017578,20016.8515625,127.16087341308594,63.14216613769531
910000,920001,17,3,253,217,1,47551.8359375,585.8536376953125,282.46575927734375,182.70257568359375,150.96566772460938,120.37678527832031,100.78736877441406,85.14097595214844,77.16291809082031,74.73384857177734,68.73015594482422,65.93962097167969,60.42357635498047,57.21074676513672,49.52978515625,47.570804595947266,44.43138122558594,20012.705078125,115.92729187011719,68.62813568115234
915000,925001,17,3,250,214,0,47418.0703125,620.21533203125,286.75946044921875,201.39036560058594,145.82687377929688,111.30610656738281,95.49516296386719,88.72869110107422,77.8178482055664,70.62203979492188,62.33884048461914,55.508113861083984,52.42158126831055,50.99637985229492,48.604583740234375,45.57218551635742,41.51540756225586,19962.783203125,122.466064453125,62.03752899169922
915000,925001,17,3,250,214,1,47414.68359375,610.754150390625,293.7633361816406,194.55848693847656,150.02520751953125,120.01847076416016,104.03276824951172,94.96538543701172,78.89215087890625,74.693359375,62.365074157714844,59.29810333251953,55.37024688720703,53.91196060180664,48.7033576965332,47.009151458740234,41.380985260009766,19957.943359375,150.94732666015625,66.01718139648438
920000,930001,17,3,251,221,0,47517.3671875,570.8176879882812,262.7917785644531,159.64498901367188,128.01820373535156,115.24351501464844,81.69908142089844,79.75524139404297,75.08016204833984,68.66049194335938,64.36328125,62.502105712890625,59.94319152832031,54.04829025268555,50.30905532836914,48.75442123413086,45.62196731567383,19994.51171875,94.05352020263672,61.95978546142578
920000,930001,17,3,251,221,1,47514.17578125,573.1193237304688,264.8163146972656,191.16177368164062,158.5985870361328,129.00088500976562,95.4981689453125,78.2618637084961,73.84089660644531,70.86097717285156,62.039546966552734,61.120018005371094,59.041259765625,54.8856201171875,50.650787353515625,46.50764846801758,43.933292388916016,19996.412109375,101.65703582763672,64.72274780273438
925000,935001,17,3,249,210,0,47651.62890625,500.4529113769531,244.04299926757812,170.45013427734375,129.75848388671875,109.19225311279297,91.42976379394531,83.74800872802734,72.62931823730469,68.0450210571289,64.88802337646484,58.43111801147461,50.99764633178711,46.81718444824219,44.408443450927734,43.574859619140625,36.19742965698242,20104.447265625,96.66047668457031,54.0572395324707
925000,935001,17,3,249,210,1,47698.58203125,501.3714904785156,232.59420776367188,168.3863525390625,125.10930633544922,95.69497680664062,88.88074493408203,81.48086547851562,79.09164428710938,68.98954010009766,65.3462905883789,59.30573654174805,51.2556266784668,48.781551361083984,47.254364013671875,44.334896087646484,42.37530517578125,20127.017578125,87.98199462890625,51.19698715209961
930000,940001,17,3,252,216,0,48000.46484375,596.9229125976562,244.56813049316406,157.77175903320312,123.06936645507812,109.73155975341797,92.58950805664062,78.98851013183594,70.85967254638672,65.3662109375,63.43416213989258,61.637672424316406,55.38346481323242,51.8972053527832,50.445735931396484,45.6848258972168,42.11132049560547,20218.380859375,95.59685516357422,62.777442932128906
930000,940001,17,3,252,216,1,48007.484375,602.9475708007812,241.51556396484375,151.41233825683594,119.72366333007812,111.68952178955078,85.4468994140625,77.25247955322266,69.27191162109375,61.58723068237305,59.43766403198242,56.4075927734375,51.98509216308594,48.76287841796875,46.79444885253906,42.79212188720703,37.82972717285156,20219.947265625,97.05565643310547,56.66887283325195
935000,945001,17,3,253,224,0,47543.62890625,709.1671142578125,241.2947540283203,176.02813720703125,118.43470764160156,106.06451416015625,86.2183609008789,75.82227325439453,69.70539093017578,67.62541198730469,65.49790954589844,63.93332290649414,57.39271545410156,54.223976135253906,51.416839599609375,47.840599060058594,43.11251449584961,20023.13671875,106.60099792480469,61.94966506958008
935000,945001,17,3,253,224,1,47575.94921875,701.7135620117188,255.49359130859375,167.08389282226562,125.36177825927734,101.8189697265625,96.31083679199219,82.7275161743164,74.20028686523438,72.97454071044922,65.48773956298828,61.88462448120117,58.29163360595703,54.545127868652344,51.71934509277344,48.89847946166992,46.40984344482422,20037.888671875,94.9997787475586,59.03813934326172
940000,950001,17,3,253,222,0,47665.55078125,594.8970947265625,353.99688720703125,204.3318634033203,160.09530639648438,128.48297119140625,117.5206069946289,103.35601043701172,90.74559783935547,79.08639526367188,76.5054702758789,70.39012908935547,67.77552032470703,64.3150634765625,61.34715270996094,56.010986328125,52.693241119384766,20074.701171875,95.5653076171875,66.10548400878906
940000,950001,17,3,253,222,1,47670.59375,586.1052856445312,357.2818603515625,209.37313842773438,160.08999633789062,124.78410339355469,101.93763732910156,91.27336120605469,90.53028869628906,82.6689453125,73.14801788330078,67.79922485351562,67.3416976928711,59.153011322021484,58.74253463745117,53.82970428466797,51.782745361328125,20080.251953125,94.2907943725586,62.965919494628906
945000,955001,17,3,253,214,0,47907.84765625,533.7242431640625,270.0517272949219,157.03781127929688,143.2118682861328,117.02172088623047,100.85385131835938,84.56688690185547,78.31687927246094,68.2719497680664,64.83240509033203,61.78749084472656,57.2685432434082,52.45745086669922,50.489070892333984,46.6654052734375,44.87040710449219,20185.115234375,99.19367218017578,56.77935028076172
945000,955001,17,3,253,214,1,47919.4765625,532.1422119140625,271.842041015625,167.42430114746094,156.63401794433594,121.73335266113281,110.47113037109375,86.02239990234375,79.99276733398438,76.92144775390625,67.15156555175781,63.01887512207031,57.416316986083984,54.880027770996094,52.444461822509766,46.19511795043945,44.39116287231445,20191.244140625,95.18832397460938,56.3288688659668
950000,960001,17,3,248,220,0,47883.4140625,581.5401611328125,276.1595764160156,176.75303649902344,142.87847900390625,115.00384521484375,100.69257354736328,85.81510925292969,79.0644302368164,71.1240234375,69.95952606201172,64.3903579711914,61.92475891113281,56.10426712036133,54.17804718017578,47.134429931640625,45.27398681640625,20167.26953125,92.54358673095703,60.211875915527344
950000,960001,17,3,248,220,1,47831.421875,578.956787109375,275.2016296386719,162.5028076171875,123.90331268310547,109.03621673583984,91.88040161132812,85.68041229248047,75.4273910522461,71.6299057006836,66.18107604980469,63.162837982177734,60.07670211791992,53.03775405883789,49.52830123901367,47.76374053955078,44.428009033203125,20143.96875,90.7336196899414,57.78007507324219
955000,965001,17,3,250,221,0,48407.35546875,623.1463623046875,312.6993103027344,198.75938415527344,159.8627166748047,124.14886474609375,117.88997650146484,100.25354766845703,80.10770416259766,76.854736328125,69.20527648925781,65.45833587646484,59.114349365234375,55.73780059814453,53.91032791137695,49.106754302978516,43.91846466064453,20375.79296875,139.2981414794922,68.99344635009766
955000,965001,17,3,250,221,1,48441.19921875,613.912353515625,296.9453125,193.09556579589844,156.68777465820312,120.16326904296875,114.7713851928711,94.8616714477539,80.1106185913086,73.52307891845703,68.1917953491211,63.523216247558594,59.85969161987305,56.450584411621094,55.113529205322266,52.48271179199219,46.1418342590332,20390.509765625,129.38613891601562,64.29859924316406
960000,970001,17,3,253,223,0,48588.0546875,614.2445068359375,249.7893524169922,171.7166748046875,135.8358917236328,115.3888931274414,103.3960189819336,84.59526062011719,71.78408813476562,68.30113983154297,63.157020568847656,61.59872817993164,56.11270523071289,51.47675323486328,49.181190490722656,47.51327896118164,44.317352294921875,20457.498046875,103.47381591796875,62.796966552734375
960000,970001,17,3,253,223,1,48567.234375,603.3953857421875,242.47731018066406,170.58724975585938,125.2429428100586,114.32579040527344,103.92900085449219,83.67594146728516,75.66537475585938,74.74526977539062,69.14295959472656,63.16154861450195,59.03980255126953,55.401634216308594,52.084632873535156,46.08670425415039,41.404388427734375,20449.58203125,96.24363708496094,64.8030776977539
965000,975001,17,3,254,228,0,48936.015625,507.56072998046875,268.0843505859375,170.3973846435547,119.4061050415039,90.53651428222656,80.85403442382812,70.0512924194336,65.78955841064453,63.30823516845703,59.18195724487305,56.28157424926758,53.383750915527344,52.09394073486328,46.67914962768555,43.82680892944336,43.146766662597656,20584.05078125,98.08979797363281,64.01596069335938
965000,975001,17,3,254,228,1,48943.265625,509.7421569824219,269.5666809082031,164.30816650390625,123.49055480957031,90.44745635986328,77.24221801757812,70.1854476928711,67.84698486328125,60.38004684448242,55.902687072753906,54.17197036743164,52.30583953857422,49.91610336303711,47.929542541503906,43.12422561645508,41.102291107177734,20585.982421875,95.77033996582031,60.79575729370117
970000,980001,17,3,255,231,0,48093.890625,649.133544921875,310.00787353515625,180.44796752929688,139.84652709960938,117.09387969970703,102.0824966430664,90.21060943603516,84.11121368408203,75.57510375976562,71.25523376464844,66.10074615478516,62.259063720703125,60.176082611083984,56.22422790527344,50.4554443359375,49.38068771362305,20220.857421875,107.09232330322266,67.481201171875
970000,980001,17,3,255,231,1,48134.59375,642.6218872070312,295.9801940917969,180.35284423828125,137.8034210205078,121.69755554199219,93.1550521850586,86.22417449951172,80.02542877197266,77.3644027709961,73.37279510498047,69.90979766845703,62.96967315673828,61.76836013793945,52.90711212158203,50.29005432128906,47.269710540771484,20237.591796875,90.0052490234375,70.2090072631836
975000,985001,17,3,252,226,0,48877.73046875,612.5548706054688,264.9781494140625,178.42918395996094,165.05056762695312,138.99191284179688,92.84598541259766,83.3442611694336,78.4224853515625,73.01575469970703,66.25720977783203,63.130699157714844,58.051082611083984,54.7313346862793,50.24824905395508,47.447452545166016,42.55000686645508,20587.39453125,81.53607940673828,54.447391510009766
975000,985001,17,3,252,226,1,48879.36328125,612.083740234375,260.9272766113281,176.78656005859375,160.75387573242188,123.73712158203125,83.16621398925781,78.79317474365234,74.37642669677734,70.70284271240234,62.591670989990234,60.70279312133789,56.51170349121094,50.668025970458984,49.865928649902344,46.35414505004883,44.5108642578125,20593.84375,86.16063690185547,56.09273910522461
980000,990001,17,3,255,219,0,48765.890625,691.593505859375,281.5854187011719,192.53396606445312,133.0692901611328,121.57970428466797,108.08966064453125,87.600341796875,75.6452865600586,72.92337799072266,68.4422836303711,60.68098068237305,58.76835632324219,53.604068756103516,50.28329086303711,47.31836700439453,42.318363189697266,20530.943359375,141.0334930419922,60.22954559326172
980000,990001,17,3,255,219,1,48739.98828125,695.5219116210938,277.9621887207031,199.04324340820312,131.396728515625,125.75010681152344,110.30450439453125,88.30591583251953,75.45304870605469,72.40335083007812,70.66210174560547,64.0042953491211,60.80390167236328,59.52726745605469,57.219974517822266,49.620079040527344,47.56118392944336,20514.490234375,144.4771270751953,70.77886199951172
985000,995001,17,3,253,221,0,48368.40625,849.7566528320312,338.1534423828125,229.900146484375,157.448974609375,124.35446166992188,103.1671142578125,97.73924255371094,86.75455474853516,77.90877532958984,69.38818359375,68.82958984375,60.916534423828125,59.522823333740234,55.99045944213867,50.69989776611328,49.045711517333984,20366.09765625,162.36834716796875,55.82193374633789
985000,995001,17,3,253,221,1,48370.80078125,806.09033203125,329.3623962402344,220.3723907470703,145.7406768798828,125.87128448486328,100.04727172851562,89.56097412109375,81.24910736083984,70.11254119873047,63.062252044677734,61.641807556152344,57.217506408691406,52.568546295166016,51.63525390625,48.086463928222656,45.81715393066406,20367.681640625,147.86830139160156,69.06797790527344
