grad_step,env_steps,window_len,penalty_len,n_windows,unique_eps,critic,sv_01,sv_02,sv_03,sv_04,sv_05,sv_06,sv_07,sv_08,sv_09,sv_10,sv_11,sv_12,sv_13,sv_14,sv_15,sv_16,sv_17,pen_sv_01,pen_sv_02,pen_sv_03,pen_sv_04,pen_sv_05,pen_sv_06,pen_sv_07,pen_sv_08,pen_sv_09
0,10001,17,9,253,10,0,36.12126922607422,5.574399471282959,4.991394519805908,4.71519660949707,4.483518123626709,4.331974029541016,4.315414905548096,4.019745349884033,3.9498517513275146,3.7960517406463623,3.7656264305114746,3.6104815006256104,3.5410373210906982,3.4038991928100586,3.3455402851104736,3.1662349700927734,2.975487470626831,26.2974910736084,5.107970237731934,4.500457286834717,4.17861270904541,4.096195697784424,3.83201003074646,3.687443256378174,3.3916640281677246,3.2309086322784424
0,10001,17,9,253,10,1,22.007020950317383,4.4890265464782715,4.324207782745361,4.136691570281982,3.970261335372925,3.9059231281280518,3.780562400817871,3.752065420150757,3.5045230388641357,3.42417049407959,3.3758249282836914,3.2243683338165283,3.2028791904449463,3.048139810562134,2.991940498352051,2.6716673374176025,2.533435106277466,16.49254035949707,4.1924052238464355,3.9647715091705322,3.8843283653259277,3.784029006958008,3.6237802505493164,3.487823009490967,3.154351234436035,2.9947805404663086
5000,15001,17,9,250,15,0,273.965087890625,73.97650909423828,42.32437515258789,31.039962768554688,22.33761215209961,21.46470832824707,19.443349838256836,16.489599227905273,14.494278907775879,13.09229564666748,11.390375137329102,10.32953929901123,9.586226463317871,9.054823875427246,8.06525707244873,7.885318279266357,7.691107749938965,208.80087280273438,41.30894470214844,24.584428787231445,19.367216110229492,15.789480209350586,13.759560585021973,9.566722869873047,8.687578201293945,7.93491268157959
5000,15001,17,9,250,15,1,269.7464904785156,73.52295684814453,41.77617263793945,30.31206703186035,22.352581024169922,20.911720275878906,18.6917724609375,16.557531356811523,13.291543006896973,12.738418579101562,10.96228313446045,10.270418167114258,9.475218772888184,8.840407371520996,8.608351707458496,8.141855239868164,7.521646022796631,205.24240112304688,40.568275451660156,24.51769256591797,18.142004013061523,15.811553001403809,12.318674087524414,9.205704689025879,9.023542404174805,8.259315490722656
10000,20001,17,9,253,20,0,538.2079467773438,88.24006652832031,56.81235122680664,36.559791564941406,31.347183227539062,24.898317337036133,22.968141555786133,20.93035888671875,19.510927200317383,16.964561462402344,13.676490783691406,12.685592651367188,12.354606628417969,11.37798023223877,11.092864990234375,10.497735023498535,9.390798568725586,390.52471923828125,53.95056915283203,33.44140625,23.332015991210938,21.48436164855957,15.057342529296875,12.999113082885742,12.284249305725098,11.083486557006836
10000,20001,17,9,253,20,1,535.1615600585938,87.23554229736328,56.4337272644043,36.059932708740234,30.21477699279785,24.295324325561523,21.93121337890625,19.833839416503906,19.664533615112305,16.813627243041992,13.501578330993652,12.324187278747559,11.573257446289062,11.384258270263672,10.112953186035156,10.037748336791992,9.602965354919434,388.6572570800781,53.694026947021484,32.527313232421875,22.958322525024414,20.18581199645996,14.788980484008789,12.863659858703613,11.188485145568848,10.084769248962402
15000,25001,17,9,248,25,0,1005.4592895507812,126.4899673461914,54.58235549926758,37.49679946899414,32.485496520996094,28.363182067871094,24.489578247070312,23.744808197021484,21.561540603637695,19.091188430786133,17.043087005615234,15.992827415466309,14.496208190917969,14.15395450592041,13.540901184082031,12.567548751831055,11.787835121154785,734.0340576171875,61.19243621826172,33.850765228271484,25.18819808959961,22.47980499267578,18.1514892578125,16.033458709716797,14.99632453918457,13.095551490783691
15000,25001,17,9,248,25,1,998.1424560546875,126.64461517333984,54.78655242919922,36.108489990234375,32.867454528808594,27.98508644104004,24.53597640991211,24.47767448425293,21.73720359802246,19.827396392822266,16.269948959350586,15.449991226196289,14.42078971862793,13.498708724975586,12.854785919189453,12.214876174926758,12.073862075805664,728.812744140625,60.583900451660156,34.724430084228516,26.121376037597656,22.8716983795166,17.942153930664062,15.30094051361084,14.559435844421387,13.3432035446167
20000,30001,17,9,249,30,0,1414.845947265625,123.90797424316406,68.75093078613281,41.64284896850586,38.066402435302734,32.933570861816406,28.86525535583496,26.692237854003906,25.594924926757812,22.527196884155273,18.1984806060791,16.872257232666016,15.479218482971191,15.139730453491211,14.195202827453613,12.718914031982422,12.297508239746094,1020.5360107421875,73.99217224121094,38.96216583251953,28.634441375732422,24.58819580078125,20.758413314819336,16.13611602783203,14.789656639099121,14.182641983032227
20000,30001,17,9,249,30,1,1412.489501953125,126.13233184814453,69.26921844482422,41.78628158569336,38.566375732421875,34.220298767089844,30.831754684448242,28.665206909179688,25.96727180480957,21.81916618347168,18.48516082763672,17.494062423706055,15.720366477966309,14.520393371582031,14.128296852111816,13.945369720458984,12.450813293457031,1019.0518798828125,74.55697631835938,39.568695068359375,29.505582809448242,26.506750106811523,20.549819946289062,17.763290405273438,15.52065372467041,14.111207008361816
25000,35001,17,9,251,35,0,2042.017578125,133.80801391601562,81.76823425292969,53.52899932861328,38.483009338378906,35.00339126586914,32.32308578491211,29.62502098083496,27.94144630432129,25.926010131835938,20.022397994995117,19.059110641479492,18.727785110473633,17.776840209960938,16.98978614807129,16.100236892700195,15.672308921813965,1486.663818359375,73.81471252441406,38.830238342285156,32.480926513671875,27.581464767456055,24.93364715576172,19.66888999938965,19.057844161987305,18.44540023803711
25000,35001,17,9,251,35,1,2043.5201416015625,133.34414672851562,81.40757751464844,53.780277252197266,36.151405334472656,33.727142333984375,30.14250373840332,28.962997436523438,27.710895538330078,26.42104721069336,21.333358764648438,18.98636817932129,18.01962661743164,17.2508602142334,16.32996940612793,15.158961296081543,14.202618598937988,1490.3157958984375,72.58477783203125,36.65958786010742,33.41221237182617,28.17582130432129,23.500320434570312,19.772136688232422,17.685935974121094,16.305185317993164
30000,40001,17,9,250,40,0,3025.25634765625,185.66709899902344,92.21791076660156,56.375797271728516,48.133026123046875,45.13388442993164,38.62976837158203,34.962894439697266,32.66366958618164,29.11446762084961,23.010791778564453,22.523420333862305,20.453712463378906,18.907995223999023,18.30411720275879,16.4234619140625,15.972596168518066,2193.1689453125,95.76102447509766,50.60210037231445,38.462215423583984,33.50740051269531,28.42792320251465,20.545812606811523,18.934358596801758,16.887237548828125
30000,40001,17,9,250,40,1,3026.0791015625,184.55682373046875,89.98836517333984,54.3236083984375,46.68307876586914,42.134361267089844,37.93891906738281,33.68305969238281,31.184045791625977,28.364553451538086,23.22329330444336,22.188865661621094,21.41338539123535,18.287809371948242,17.951566696166992,16.556087493896484,15.42071533203125,2193.735107421875,93.21643829345703,49.70254898071289,38.781002044677734,32.02802658081055,24.73923683166504,21.690614700317383,17.805620193481445,17.586950302124023
35000,45001,17,9,252,44,0,3369.190185546875,170.30166625976562,95.37281799316406,63.28362274169922,54.99059295654297,44.30382537841797,39.40408706665039,36.8123779296875,35.85866928100586,32.0660285949707,25.98994255065918,24.354711532592773,23.90060043334961,22.27466583251953,20.226999282836914,19.61435890197754,18.076648712158203,2458.112060546875,98.88373565673828,52.926971435546875,41.142616271972656,36.87016677856445,30.35500144958496,24.82318115234375,21.65196418762207,20.04562759399414
35000,45001,17,9,252,44,1,3373.113525390625,172.87704467773438,94.97320556640625,63.54898452758789,55.53852462768555,49.066429138183594,40.745452880859375,37.48900604248047,36.73687744140625,32.380558013916016,28.45005989074707,25.425365447998047,24.21925163269043,22.727914810180664,21.16676902770996,20.204566955566406,18.188739776611328,2459.556884765625,100.0627670288086,50.94282913208008,46.5034294128418,35.866207122802734,30.162086486816406,24.76077651977539,24.15111541748047,19.155162811279297
40000,50001,17,9,255,50,0,4308.67431640625,222.07530212402344,107.77877807617188,80.37606048583984,53.43199157714844,47.27309799194336,39.90684127807617,39.044105529785156,34.265235900878906,30.429283142089844,26.8809757232666,26.386165618896484,25.049367904663086,24.21065902709961,22.692737579345703,21.487714767456055,21.047754287719727,3139.1572265625,103.50238800048828,60.83127975463867,42.274105072021484,35.01738739013672,29.66550064086914,26.80987548828125,23.17192268371582,23.028108596801758
40000,50001,17,9,255,50,1,4296.990234375,224.33639526367188,107.54859161376953,78.94366455078125,51.14492416381836,45.03450393676758,39.279701232910156,38.802093505859375,34.543399810791016,29.200172424316406,26.918676376342773,25.868160247802734,24.08415985107422,22.183082580566406,20.738222122192383,20.267454147338867,18.93395233154297,3131.840576171875,103.92778015136719,60.16965866088867,41.02440643310547,38.29939270019531,29.22687339782715,24.86492156982422,23.06163215637207,21.24894142150879
45000,55001,17,9,250,54,0,4766.19140625,227.05294799804688,136.27511596679688,79.48106384277344,57.29231262207031,52.5194206237793,42.43038558959961,40.26344299316406,37.59330368041992,34.327171325683594,30.726539611816406,29.873563766479492,28.518430709838867,25.9915714263916,24.29764175415039,23.948772430419922,21.183752059936523,3465.466552734375,132.48837280273438,63.22845458984375,44.8975830078125,39.96935272216797,32.2264404296875,30.61878776550293,25.66225814819336,24.835880279541016
45000,55001,17,9,250,54,1,4766.22021484375,232.76271057128906,132.3553924560547,75.44886779785156,57.97269058227539,49.82539749145508,44.06125259399414,39.37984085083008,38.26313018798828,34.9650764465332,32.35452651977539,30.437517166137695,26.823158264160156,26.78928565979004,24.368003845214844,23.244569778442383,20.539878845214844,3466.224609375,129.2119140625,60.62192153930664,44.0440788269043,38.73775863647461,34.0749626159668,29.862497329711914,25.03301239013672,21.413604736328125
50000,60001,17,9,254,58,0,5696.52294921875,269.66583251953125,137.1055450439453,80.97554779052734,68.0913314819336,51.26552963256836,48.904335021972656,47.10642623901367,42.68302536010742,37.290794372558594,32.794761657714844,32.17765426635742,31.265748977661133,29.070398330688477,27.49723243713379,26.063077926635742,22.790828704833984,4148.3095703125,156.2394561767578,67.93758392333984,48.45237731933594,42.82688522338867,35.81404495239258,32.109962463378906,29.408248901367188,26.77838897705078
50000,60001,17,9,254,58,1,5691.00439453125,268.4120178222656,136.18496704101562,80.8710708618164,67.87507629394531,54.95844650268555,51.317386627197266,49.92789077758789,42.73646926879883,38.47412872314453,33.47410202026367,31.625001907348633,30.52754783630371,30.117969512939453,29.514230728149414,24.99611473083496,23.99366569519043,4144.4248046875,153.45155334472656,68.04047393798828,52.66341018676758,43.60894012451172,37.11040115356445,32.959781646728516,29.44327735900879,25.326223373413086
55000,65001,17,9,249,64,0,6375.169921875,252.77879333496094,134.7471160888672,91.21308135986328,73.11824035644531,58.13252258300781,51.817718505859375,50.531150817871094,47.24500274658203,42.8590202331543,36.39016342163086,34.6805305480957,31.765424728393555,29.710657119750977,27.7496337890625,26.70108985900879,24.63944435119629,4655.91015625,140.51748657226562,75.15912628173828,51.64400100708008,49.36823654174805,39.953216552734375,35.72914505004883,30.38465118408203,27.803483963012695
55000,65001,17,9,249,64,1,6378.611328125,250.80540466308594,134.57728576660156,90.88890075683594,74.8125991821289,57.75418472290039,54.41828918457031,48.552730560302734,45.61481475830078,40.11151123046875,35.3182487487793,33.978511810302734,32.26361846923828,30.147947311401367,27.850677490234375,26.769590377807617,26.544309616088867,4658.341796875,135.3916473388672,76.18927764892578,52.07675552368164,51.38325500488281,40.443153381347656,32.8476448059082,28.195425033569336,27.063499450683594
60000,70001,17,9,251,68,0,7339.947265625,375.05816650390625,177.94871520996094,114.05590057373047,77.14827728271484,73.09496307373047,67.13795471191406,55.67646026611328,42.94389724731445,41.61764144897461,40.66838455200195,40.2750129699707,34.25924301147461,33.67314910888672,32.306793212890625,30.4539794921875,26.803417205810547,5344.95703125,186.13368225097656,89.78095245361328,59.502803802490234,51.879207611083984,39.8426628112793,37.85017776489258,35.28904724121094,30.57059097290039
60000,70001,17,9,251,68,1,7314.8662109375,372.9962158203125,174.599365234375,113.30801391601562,79.0692367553711,77.37122344970703,71.18054962158203,54.12653350830078,48.68828201293945,44.898929595947266,44.2025146484375,39.574180603027344,36.292388916015625,34.77058029174805,33.84508514404297,30.83744239807129,27.499866485595703,5326.32763671875,186.24215698242188,96.46263122558594,60.81789779663086,56.23211669921875,42.75737762451172,38.31067657470703,34.029052734375,32.915855407714844
65000,75001,17,9,252,71,0,7766.3935546875,340.8737487792969,168.03746032714844,106.58241271972656,76.9781723022461,68.93291473388672,62.531097412109375,54.5021858215332,48.99082565307617,44.31094741821289,41.559505462646484,38.84281921386719,35.905704498291016,34.99070358276367,32.23625183105469,29.677555084228516,28.35239028930664,5669.56787109375,180.1011199951172,83.65904235839844,68.82427215576172,47.6889762878418,41.67332077026367,37.775753021240234,34.229923248291016,31.733985900878906
65000,75001,17,9,252,71,1,7756.75732421875,339.4144592285156,162.56028747558594,107.22428894042969,75.17202758789062,64.19985961914062,62.88199996948242,54.53691864013672,51.14579391479492,43.626094818115234,41.355918884277344,38.6509895324707,38.04865646362305,34.96229934692383,33.657615661621094,32.02165222167969,29.991374969482422,5659.46728515625,174.46473693847656,86.99434661865234,63.558231353759766,50.273292541503906,40.35739517211914,38.886192321777344,36.45633316040039,34.689849853515625
70000,80001,17,9,253,76,0,8572.720703125,455.34661865234375,211.97232055664062,146.4106903076172,87.58162689208984,71.57771301269531,60.1414794921875,58.4986457824707,52.19007873535156,49.91802978515625,47.16067886352539,44.85098648071289,42.107948303222656,38.67940139770508,37.39442825317383,34.52598190307617,32.67524337768555,6225.4091796875,259.6438903808594,107.84275817871094,66.72925567626953,55.66981887817383,46.1344108581543,44.761474609375,40.26094055175781,37.631717681884766
70000,80001,17,9,253,76,1,8555.7861328125,451.9759216308594,212.33438110351562,142.81912231445312,88.1769027709961,72.81144714355469,62.02320098876953,60.74592590332031,54.474220275878906,52.18230438232422,48.48114013671875,46.86323928833008,42.23036575317383,40.583953857421875,39.801055908203125,37.334716796875,33.3369140625,6213.1572265625,259.4292907714844,106.81791687011719,67.23358917236328,55.679725646972656,48.532814025878906,46.152618408203125,40.670928955078125,37.24265670776367
75000,85001,17,9,252,83,0,9475.810546875,369.27667236328125,185.9473114013672,128.25819396972656,93.59550476074219,78.84294128417969,65.43318176269531,57.14237976074219,53.921478271484375,51.814300537109375,47.10307312011719,42.027587890625,38.21257019042969,37.88834762573242,36.82166290283203,35.3963737487793,32.729637145996094,6905.57763671875,182.7545623779297,98.52606964111328,63.992958068847656,56.885528564453125,50.12529754638672,42.559383392333984,36.669158935546875,36.05009460449219
75000,85001,17,9,252,83,1,9489.6328125,369.6883544921875,191.826416015625,131.03871154785156,93.74285888671875,69.4530258178711,64.7818832397461,56.369224548339844,53.80146789550781,49.241275787353516,41.66997146606445,40.986480712890625,40.64432144165039,36.11185836791992,34.95988082885742,32.0783805847168,30.776142120361328,6918.5966796875,183.18980407714844,98.31471252441406,63.00996398925781,57.63142395019531,46.14569091796875,39.578243255615234,37.981101989746094,35.155643463134766
80000,90001,17,9,251,82,0,10151.5859375,513.5171508789062,199.4783477783203,153.1747589111328,105.87908172607422,87.85435485839844,75.23638916015625,71.58598327636719,56.63983154296875,54.079769134521484,50.910099029541016,50.53106689453125,45.74824142456055,42.583229064941406,42.21318054199219,36.25010299682617,32.50006103515625,7395.88330078125,213.4903564453125,114.69398498535156,80.70106506347656,59.3472785949707,56.080421447753906,50.52567672729492,41.872867584228516,34.21175765991211
80000,90001,17,9,251,82,1,10144.52734375,514.5386352539062,202.2288360595703,155.64453125,99.53280639648438,84.17669677734375,78.58769226074219,69.64138793945312,63.13124465942383,59.87092590332031,51.424659729003906,46.624053955078125,44.840606689453125,40.65316390991211,38.36110305786133,36.16522979736328,33.8732795715332,7387.740234375,216.37510681152344,115.75320434570312,80.48416900634766,62.93571472167969,59.06916046142578,47.42317199707031,39.72972106933594,35.978206634521484
85000,95001,17,9,252,89,0,11198.353515625,485.9538879394531,220.58436584472656,133.59613037109375,103.64559936523438,75.3123550415039,72.81932830810547,67.36966705322266,62.101173400878906,55.40950393676758,50.629112243652344,46.90178298950195,44.64729690551758,42.345096588134766,40.88191604614258,38.514366149902344,35.104286193847656,8150.54736328125,275.4336242675781,113.55880737304688,74.50788116455078,65.05492401123047,53.608360290527344,44.69612503051758,44.08720779418945,42.93959045410156
85000,95001,17,9,252,89,1,11192.01171875,480.2460632324219,224.55137634277344,126.937255859375,103.17779541015625,81.45890808105469,72.0362319946289,66.67942810058594,60.99492263793945,55.608158111572266,50.63926696777344,46.73494338989258,45.1157112121582,42.56011199951172,40.545475006103516,36.369537353515625,35.87971115112305,8142.72119140625,275.99237060546875,112.84490966796875,76.36907196044922,63.52433776855469,56.414703369140625,46.80215072631836,42.27743148803711,39.7845458984375
90000,100001,17,9,255,91,0,11860.115234375,413.4190979003906,191.68092346191406,139.3853302001953,105.51421356201172,82.23576354980469,74.09173583984375,70.4115982055664,62.70183181762695,58.939964294433594,50.156028747558594,48.035335540771484,45.5714225769043,42.46794128417969,40.101383209228516,36.60890579223633,35.98469924926758,8627.5380859375,213.61602783203125,116.04994201660156,76.24266815185547,66.69915771484375,53.9727897644043,49.166481018066406,39.17192840576172,38.31840133666992
90000,100001,17,9,255,91,1,11902.72265625,416.5045471191406,197.21633911132812,132.77992248535156,109.3332748413086,81.93916320800781,75.12706756591797,67.65384674072266,63.69723892211914,57.380714416503906,52.49867248535156,49.183067321777344,47.59577178955078,45.38055419921875,41.08749008178711,36.95561981201172,34.32234573364258,8659.47265625,219.54380798339844,111.6655502319336,79.10234069824219,70.0461196899414,56.52333068847656,47.467411041259766,45.549644470214844,38.01430892944336
95000,105001,17,9,250,94,0,12544.255859375,409.2391662597656,231.2436065673828,121.27928161621094,103.99010467529297,89.02957153320312,79.00137329101562,64.89481353759766,58.12459182739258,55.8760871887207,52.77924346923828,51.50796890258789,45.90407180786133,42.86005401611328,41.352073669433594,38.9775276184082,36.595252990722656,9132.1044921875,244.01649475097656,112.04824829101562,81.67332458496094,60.68825912475586,53.02173614501953,48.97006607055664,45.33203125,43.31496810913086
95000,105001,17,9,250,94,1,12532.80078125,414.8251647949219,227.02691650390625,116.56492614746094,100.21940612792969,84.56555938720703,78.3205337524414,62.976505279541016,59.2469367980957,50.91890335083008,49.779815673828125,47.27558898925781,45.728187561035156,43.879756927490234,41.42365646362305,39.50981521606445,38.96400451660156,9125.2138671875,248.14466857910156,100.93890380859375,77.43891143798828,61.618141174316406,51.33669662475586,46.15035629272461,45.16341781616211,43.09050750732422
100000,110001,17,9,250,98,0,13691.5986328125,513.3636474609375,262.1492004394531,157.1089324951172,113.90708923339844,97.21373748779297,87.83209991455078,77.5091323852539,69.88876342773438,62.74443054199219,57.20143127441406,53.82553482055664,52.68171310424805,50.80900955200195,47.03538131713867,44.818538665771484,42.88115310668945,9979.41015625,321.7607116699219,131.00599670410156,86.345947265625,76.81795501708984,58.01622009277344,54.731422424316406,50.747222900390625,46.8917350769043
100000,110001,17,9,250,98,1,13681.1416015625,506.7359313964844,254.7225799560547,151.9850616455078,115.84056854248047,91.86112213134766,85.5334701538086,71.93083190917969,68.16718292236328,62.175941467285156,57.24574279785156,53.756561279296875,49.77657699584961,47.807708740234375,45.83243179321289,41.982967376708984,41.09868240356445,9972.552734375,308.4051208496094,127.38777160644531,87.41030883789062,71.09296417236328,61.38441467285156,51.55370330810547,48.54988098144531,42.3951530456543
105000,115001,17,9,253,98,0,14541.171875,469.050537109375,261.5815734863281,168.4086151123047,136.21829223632812,108.4154052734375,95.10809326171875,90.01292419433594,79.54953002929688,72.93202209472656,67.36729431152344,59.16056823730469,55.67940902709961,52.45936584472656,50.536685943603516,49.382022857666016,48.00592803955078,10609.7138671875,300.3515930175781,145.5533905029297,98.73780822753906,79.80010223388672,70.25757598876953,61.16134262084961,54.592864990234375,51.55009460449219
105000,115001,17,9,253,98,1,14498.412109375,465.0287170410156,264.4708251953125,166.55259704589844,136.10101318359375,112.21420288085938,102.79472351074219,88.20452880859375,79.42253875732422,74.35514831542969,69.61469268798828,67.27830505371094,58.56049728393555,56.01322555541992,52.02483367919922,49.20856857299805,43.62642288208008,10579.203125,310.2785339355469,142.6566162109375,107.18192291259766,77.5987777709961,72.39164733886719,63.13174057006836,54.50791931152344,49.546478271484375
110000,120001,17,9,252,109,0,15136.7568359375,659.0791625976562,251.9512939453125,191.92889404296875,114.21419525146484,98.68351745605469,93.13871002197266,85.76488494873047,81.29901123046875,71.22835540771484,66.25434875488281,59.982330322265625,59.75090789794922,55.86000061035156,52.055755615234375,47.50867462158203,44.69763946533203,11056.630859375,304.7545166015625,126.4803695678711,86.66201782226562,81.09700775146484,64.4803695678711,58.64933395385742,55.87922286987305,45.77235412597656
110000,120001,17,9,252,109,1,15092.849609375,669.1514282226562,253.4661102294922,192.85794067382812,110.86864471435547,103.66831970214844,95.14727020263672,88.25375366210938,78.26290130615234,70.10279083251953,59.95310592651367,58.061161041259766,55.38311004638672,53.57971954345703,52.446632385253906,49.973121643066406,42.57328414916992,11023.740234375,303.6531066894531,122.42393493652344,92.98773193359375,81.08672332763672,66.17378997802734,57.5604362487793,54.52171325683594,50.052093505859375
115000,125001,17,9,254,108,0,16020.087890625,518.4081420898438,266.53143310546875,171.7615509033203,123.7041244506836,96.05937194824219,82.59708404541016,75.6180191040039,70.92172241210938,66.03153228759766,57.414146423339844,55.616180419921875,49.75835418701172,48.70054244995117,46.28514099121094,44.914859771728516,42.75221633911133,11663.814453125,281.2748718261719,153.0351104736328,87.1438980102539,72.29315948486328,62.99760818481445,54.263648986816406,48.67266845703125,47.365238189697266
115000,125001,17,9,254,108,1,15993.0693359375,517.4344482421875,266.132080078125,175.0679473876953,122.12310791015625,96.5015640258789,83.4516372680664,77.16825103759766,73.18091583251953,66.3418960571289,60.91527557373047,58.36350631713867,56.03596496582031,53.34493637084961,52.137577056884766,49.156944274902344,45.06841278076172,11640.837890625,285.7901306152344,151.4766845703125,83.59449005126953,76.68498229980469,69.03376007080078,56.60917282104492,55.22380828857422,51.90962219238281
120000,130001,17,9,250,111,0,17098.568359375,764.5523071289062,265.5476989746094,174.47328186035156,134.1773223876953,110.68584442138672,99.6253433227539,95.12390899658203,90.70994567871094,81.90279388427734,72.06371307373047,65.11780548095703,62.81851577758789,58.990081787109375,56.37381362915039,53.352264404296875,50.679290771484375,12488.251953125,316.4520568847656,138.49066162109375,105.59486389160156,83.74917602539062,77.86685180664062,72.07202911376953,55.52847671508789,53.05097579956055
120000,130001,17,9,250,111,1,17095.63671875,771.6051635742188,269.5134582519531,184.85853576660156,139.28562927246094,115.42514038085938,103.33863830566406,94.38607788085938,85.91893768310547,78.79566955566406,69.17420959472656,60.28390884399414,59.275047302246094,56.06052017211914,51.85519790649414,50.11371612548828,43.8959846496582,12480.607421875,317.20513916015625,142.9412384033203,100.0496826171875,81.65668487548828,76.6061019897461,59.8155632019043,57.1551513671875,49.92985916137695
125000,135001,17,9,250,114,0,17226.341796875,643.6507568359375,276.98785400390625,207.0557098388672,134.48574829101562,126.20765686035156,110.58372497558594,95.29076385498047,88.634765625,77.03437042236328,70.03003692626953,67.1894302368164,60.14778137207031,55.2465934753418,53.63520431518555,48.77139663696289,46.07937240600586,12550.521484375,290.638916015625,150.77090454101562,105.31803894042969,89.25433349609375,66.69741821289062,62.16178894042969,56.93074417114258,52.49991989135742
125000,135001,17,9,250,114,1,17210.05078125,650.2535400390625,280.6302185058594,210.22610473632812,133.13674926757812,121.03511047363281,110.4853286743164,96.28520202636719,91.11285400390625,81.33476257324219,70.80524444580078,69.60116577148438,67.72836303710938,60.95442581176758,57.89399719238281,52.37962341308594,50.75748825073242,12531.9931640625,295.6408996582031,146.5141143798828,107.05889129638672,92.94876861572266,69.7459487915039,64.01175689697266,62.93429183959961,56.63600158691406
130000,140001,17,9,248,117,0,18076.6015625,555.5442504882812,305.7372741699219,174.97254943847656,138.3994903564453,115.33171081542969,106.90229034423828,91.06806945800781,85.97886657714844,72.70201873779297,70.13060760498047,63.04508590698242,60.462947845458984,56.786922454833984,53.227439880371094,48.32111358642578,47.95779037475586,13194.0078125,303.2489013671875,154.30642700195312,108.31007385253906,83.4167251586914,66.39682006835938,59.45359420776367,52.04350662231445,50.92658615112305
130000,140001,17,9,248,117,1,18045.47265625,558.1101684570312,317.34979248046875,167.22450256347656,133.38340759277344,114.08605194091797,106.349609375,105.16654205322266,84.65809631347656,70.10806274414062,69.5228500366211,64.238525390625,61.46376037597656,58.161529541015625,56.34675216674805,48.95011520385742,47.93085479736328,13172.2607421875,310.358642578125,141.684814453125,100.21395111083984,86.15241241455078,66.33131408691406,62.416500091552734,55.574317932128906,49.23955535888672
135000,145001,17,9,250,119,0,18724.232421875,536.5042724609375,291.1372985839844,162.49703979492188,138.74095153808594,104.60673522949219,95.5850601196289,83.14160919189453,77.56267547607422,72.27137756347656,62.81222152709961,59.46650314331055,56.28300094604492,55.24671936035156,52.59117126464844,50.66876983642578,47.256038665771484,13622.5107421875,293.0777893066406,138.3878936767578,95.78763580322266,83.17163848876953,73.19432067871094,57.215213775634766,56.04069137573242,54.149810791015625
135000,145001,17,9,250,119,1,18742.166015625,535.8049926757812,284.3497009277344,161.22984313964844,139.5588836669922,105.0575180053711,96.30705261230469,86.7433090209961,73.39415740966797,68.74607849121094,64.2383804321289,60.841854095458984,60.32321548461914,54.966957092285156,50.86207580566406,48.57426452636719,46.01148223876953,13635.8779296875,285.6341857910156,136.06564331054688,94.5330581665039,84.98474884033203,68.26615905761719,58.75510787963867,53.5524787902832,52.18026351928711
140000,150001,17,9,252,118,0,19588.32421875,566.4752807617188,290.0968933105469,190.32969665527344,144.89523315429688,106.41466522216797,97.61131286621094,93.34298706054688,83.19747924804688,77.3574447631836,69.09906005859375,65.09242248535156,62.51371383666992,58.07807540893555,53.081729888916016,48.258914947509766,47.69029998779297,14297.5947265625,306.7564697265625,143.41917419433594,93.63243865966797,76.87578582763672,71.63719177246094,64.85961151123047,54.22480773925781,48.873382568359375
140000,150001,17,9,252,118,1,19627.671875,566.4596557617188,289.3364562988281,196.5662078857422,152.81515502929688,108.17483520507812,94.91630554199219,89.38445281982422,80.7482681274414,76.30963897705078,66.51770782470703,62.60963821411133,61.026588439941406,57.95806121826172,53.60905075073242,46.857032775878906,46.5788688659668,14324.36328125,305.337890625,141.8995361328125,94.86264038085938,78.38919830322266,69.02603149414062,61.35953140258789,56.31193542480469,52.65425109863281
145000,155001,17,9,250,124,0,19818.962890625,621.1473388671875,279.5272521972656,169.3115997314453,133.03085327148438,102.29533386230469,94.76576232910156,85.49104309082031,74.8840103149414,71.86918640136719,68.11548614501953,64.04393768310547,60.229557037353516,58.670780181884766,56.30023193359375,54.22395324707031,49.08664321899414,14446.33984375,322.6607666015625,143.2792205810547,101.01336669921875,82.94371032714844,66.05902862548828,60.9233283996582,59.008399963378906,52.139591217041016
145000,155001,17,9,250,124,1,19800.650390625,608.36376953125,267.3059387207031,164.38417053222656,129.67471313476562,107.74409484863281,94.46150970458984,86.09935760498047,77.03329467773438,71.46308898925781,67.18965148925781,63.581321716308594,60.719085693359375,56.04413604736328,53.98711013793945,50.425411224365234,46.7731819152832,14427.7041015625,313.05706787109375,135.37620544433594,95.09806823730469,83.57859802246094,71.42224884033203,56.957820892333984,55.25724411010742,48.98638153076172
150000,160001,17,9,249,119,0,20331.8203125,587.0262451171875,324.15606689453125,180.88897705078125,137.0062713623047,116.32054901123047,104.4738540649414,84.07392120361328,76.03108215332031,75.33358001708984,67.80661010742188,64.14576721191406,59.48963165283203,58.82189178466797,50.09001541137695,47.46863555908203,47.32856750488281,14817.2822265625,332.32781982421875,146.1311798095703,109.41522979736328,83.50053405761719,69.62364959716797,63.790714263916016,59.95328903198242,53.91439437866211
150000,160001,17,9,249,119,1,20319.681640625,579.3717041015625,319.5934143066406,183.93185424804688,137.7813262939453,111.99678802490234,100.9217758178711,87.83258819580078,77.14891815185547,74.60693359375,72.9524154663086,66.36494445800781,61.875762939453125,60.9933967590332,56.00382614135742,52.84745788574219,46.8842658996582,14810.75390625,330.6949462890625,151.68788146972656,107.5114974975586,83.54638671875,75.99720764160156,63.50933074951172,61.8384895324707,56.191043853759766
155000,165001,17,9,252,134,0,21457.220703125,541.8320922851562,255.92874145507812,189.160888671875,132.95608520507812,115.2822494506836,98.03289031982422,84.31925201416016,75.50352478027344,69.20458984375,66.02951049804688,61.09968566894531,59.53904724121094,53.188819885253906,52.06470489501953,49.716304779052734,46.74554443359375,15627.7041015625,276.9940185546875,147.3720703125,103.37406158447266,77.98823547363281,67.06360626220703,59.9539680480957,54.30506896972656,49.930747985839844
155000,165001,17,9,252,134,1,21448.310546875,549.70556640625,270.19647216796875,185.63735961914062,132.96420288085938,109.4675521850586,96.55280303955078,85.88272094726562,72.96260070800781,67.42487335205078,61.56827926635742,60.654361724853516,58.21744155883789,57.10943603515625,52.648902893066406,47.41252517700195,44.9451904296875,15618.4189453125,282.9324035644531,140.80039978027344,101.25798034667969,77.03089904785156,68.75440216064453,60.92938232421875,55.738948822021484,49.36039733886719
160000,170001,17,9,252,130,0,23047.373046875,624.3969116210938,280.5942077636719,174.57215881347656,140.25897216796875,120.00343322753906,96.75323486328125,92.59800720214844,82.1325454711914,79.39701843261719,75.566650390625,70.73808288574219,65.13058471679688,60.97244644165039,59.510318756103516,54.13114929199219,51.278297424316406,16784.380859375,283.7284851074219,143.88836669921875,107.93084716796875,82.73746490478516,77.93682098388672,69.00007629394531,66.80069732666016,57.83335876464844
160000,170001,17,9,252,130,1,22950.322265625,625.1038208007812,282.2108459472656,178.62794494628906,144.40823364257812,118.70755004882812,100.14917755126953,90.2627944946289,86.47640228271484,79.77328491210938,72.50234985351562,66.99409484863281,65.35977172851562,61.09192657470703,57.944175720214844,56.48119354248047,53.985313415527344,16713.537109375,285.65350341796875,144.68136596679688,108.8309097290039,79.69050598144531,77.34095001220703,70.84465789794922,63.969303131103516,58.741065979003906
165000,175001,17,9,249,128,0,22603.224609375,656.8743286132812,372.0976867675781,222.18038940429688,164.76333618164062,130.35353088378906,110.22991180419922,99.41346740722656,92.10430145263672,85.37571716308594,73.65210723876953,71.50859069824219,69.7111587524414,67.17516326904297,60.88138961791992,56.991085052490234,55.23235321044922,16428.38671875,402.83966064453125,182.8294219970703,122.44438171386719,97.24585723876953,76.08582305908203,71.8576431274414,68.58723449707031,59.60771560668945
165000,175001,17,9,249,128,1,22627.478515625,653.2123413085938,367.4564514160156,216.93768310546875,161.44869995117188,129.01858520507812,111.62963104248047,103.2756576538086,88.80622100830078,79.88578033447266,74.61726379394531,72.03339385986328,69.1867904663086,62.61521911621094,60.700435638427734,59.066383361816406,56.040809631347656,16446.623046875,395.1725769042969,180.6668243408203,122.99356842041016,92.95535278320312,80.76665496826172,73.08447265625,64.1519775390625,61.25522994995117
170000,180001,17,9,252,136,0,23790.474609375,633.0966186523438,323.9065856933594,218.0752410888672,170.14964294433594,143.63194274902344,124.83627319335938,104.0279312133789,95.1705551147461,90.89740753173828,83.30404663085938,79.91072845458984,73.37358093261719,71.27679443359375,68.199462890625,64.04796600341797,56.97057342529297,17331.8515625,384.9598388671875,182.78257751464844,136.01747131347656,104.19587707519531,90.21208953857422,79.97705078125,72.4872055053711,63.80356979370117
170000,180001,17,9,252,136,1,23794.302734375,639.7823486328125,325.2721252441406,202.06832885742188,156.80642700195312,127.46708679199219,105.4397964477539,93.3779525756836,89.33048248291016,85.85645294189453,81.21651458740234,78.38261413574219,74.33377075195312,71.73088836669922,62.285057067871094,61.910831451416016,55.584571838378906,17337.837890625,382.05303955078125,167.88473510742188,117.81290435791016,96.96039581298828,84.26641845703125,76.28251647949219,66.74017333984375,63.77179718017578
175000,185001,17,9,251,141,0,24019.927734375,699.4634399414062,343.21826171875,175.25563049316406,147.8444061279297,120.80414581298828,111.42738342285156,104.6661376953125,96.06775665283203,86.24317169189453,78.43112182617188,72.50294494628906,71.0225601196289,70.59719848632812,61.64228439331055,58.48546600341797,54.34484100341797,17515.662109375,345.4613342285156,154.5950469970703,116.31305694580078,96.75797271728516,88.20350646972656,75.268798828125,68.11241912841797,57.72328186035156
175000,185001,17,9,251,141,1,24025.185546875,693.0132446289062,349.3463134765625,178.00172424316406,143.60633850097656,112.58773803710938,108.3093490600586,96.64257049560547,89.58932495117188,79.77245330810547,76.31343078613281,70.61475372314453,69.68018341064453,67.48670196533203,64.42952728271484,58.23115539550781,55.65829849243164,17516.48046875,346.4515686035156,158.70761108398438,109.10250091552734,96.6963119506836,86.90059661865234,74.72604370117188,69.52196502685547,61.15814971923828
180000,190001,17,9,250,140,0,24646.828125,671.2241821289062,324.79888916015625,207.4921112060547,169.1710968017578,141.98121643066406,133.2398223876953,103.61975860595703,97.85309600830078,86.47932434082031,82.30839538574219,73.48565673828125,71.02224731445312,68.29943084716797,65.08976745605469,60.72056198120117,54.63207244873047,17923.662109375,385.7618713378906,176.3243408203125,147.8520050048828,103.18352508544922,96.40528869628906,74.84870910644531,68.58412170410156,62.88951873779297
180000,190001,17,9,250,140,1,24684.142578125,677.8645629882812,321.506103515625,211.24594116210938,173.29176330566406,148.21099853515625,131.84226989746094,108.09632873535156,95.68534088134766,87.95199584960938,79.38916778564453,73.28435516357422,70.00984954833984,66.16726684570312,59.587669372558594,57.706478118896484,55.412837982177734,17952.326171875,394.93988037109375,184.68695068359375,155.81690979003906,104.10627746582031,96.2686767578125,70.10035705566406,68.76780700683594,61.696388244628906
185000,195001,17,9,253,138,0,24682.30859375,825.3435668945312,405.0428771972656,238.05816650390625,172.3075714111328,149.3020782470703,138.19696044921875,132.90240478515625,108.62411499023438,100.05098724365234,92.31973266601562,87.97976684570312,84.11314392089844,76.99227905273438,75.00616455078125,66.73279571533203,64.47392272949219,17977.509765625,427.829833984375,175.2913055419922,140.68136596679688,118.603759765625,98.00186920166016,81.6865234375,77.45357513427734,67.01310729980469
185000,195001,17,9,253,138,1,24635.365234375,820.9278564453125,402.0381164550781,239.61700439453125,166.26011657714844,148.9272918701172,128.244873046875,119.75908660888672,113.40445709228516,108.67091369628906,99.67023468017578,85.7168197631836,83.12016296386719,75.85346984863281,73.80945587158203,67.40816497802734,59.796695709228516,17942.8984375,422.27081298828125,165.33396911621094,126.42434692382812,121.85313415527344,98.65296173095703,85.68731689453125,81.79537200927734,65.3903579711914
190000,200001,17,9,251,148,0,25032.1640625,744.1270751953125,333.8182067871094,207.1821746826172,177.80259704589844,127.55726623535156,113.56925201416016,109.84307861328125,103.36524963378906,82.18041229248047,79.84950256347656,76.04069519042969,70.12953186035156,66.28094482421875,63.29441833496094,60.39151382446289,56.017669677734375,18242.041015625,357.8266296386719,185.15830993652344,117.04985046386719,102.6668930053711,82.24122619628906,72.28033447265625,65.9011001586914,65.3352279663086
190000,200001,17,9,251,148,1,25006.93359375,736.0613403320312,325.8292541503906,203.08541870117188,176.2991943359375,139.89231872558594,115.92350769042969,112.78437042236328,100.3954849243164,89.8317642211914,80.11943817138672,77.00352478027344,75.5272216796875,67.52863311767578,62.15567398071289,61.99906921386719,56.82246398925781,18219.2890625,356.4056396484375,183.80230712890625,112.3028564453125,99.44940185546875,85.13388061523438,74.53703308105469,67.83407592773438,64.5283432006836
195000,205001,17,9,250,145,0,26128.701171875,660.2394409179688,402.2583923339844,244.1331787109375,161.67453002929688,147.52931213378906,122.18448638916016,114.50192260742188,103.09065246582031,92.39515686035156,85.44931030273438,79.56956481933594,76.24235534667969,72.71251678466797,68.72443389892578,64.69066619873047,61.32500076293945,19011.94140625,339.5637512207031,164.76861572265625,133.9393310546875,102.11467742919922,91.3992919921875,81.05621337890625,74.11532592773438,68.75041961669922
195000,205001,17,9,250,145,1,26177.52734375,659.541259765625,383.80322265625,240.03773498535156,163.02896118164062,148.72299194335938,127.02368927001953,111.27669525146484,96.88571166992188,89.96707916259766,81.09520721435547,78.03064727783203,72.66513061523438,70.14965057373047,66.2956314086914,61.59339141845703,59.374794006347656,19054.4921875,333.7657775878906,162.12130737304688,132.9444122314453,99.45906829833984,83.57894134521484,75.17478942871094,70.93058776855469,66.13939666748047
200000,210001,17,9,251,152,0,26922.34375,1039.8861083984375,345.1142883300781,246.25897216796875,181.25767517089844,140.7201690673828,124.24803924560547,119.17986297607422,107.70955657958984,98.8412094116211,86.86626434326172,82.22982025146484,76.83897399902344,70.72615814208984,67.14362335205078,65.57160186767578,62.703800201416016,19611.802734375,466.320556640625,177.3641357421875,159.46456909179688,114.74288177490234,97.7138671875,82.16143798828125,71.72653198242188,67.06700897216797
200000,210001,17,9,251,152,1,26865.3984375,1043.1474609375,355.6929931640625,251.26914978027344,179.35647583007812,145.33590698242188,127.75826263427734,109.09774017333984,104.50868225097656,95.52356719970703,86.88823699951172,81.29548645019531,77.89058685302734,70.8355941772461,70.11288452148438,65.51834869384766,63.27849578857422,19570.4609375,483.6314392089844,177.85650634765625,152.268310546875,109.79995727539062,89.0953369140625,79.24761199951172,72.53096771240234,70.36312866210938
205000,215001,17,9,251,152,0,27026.728515625,759.1889038085938,346.4924011230469,232.07286071777344,183.67324829101562,145.64939880371094,131.2513427734375,122.01818084716797,115.81744384765625,102.0947036743164,93.5992431640625,82.86793518066406,82.14215850830078,73.22000122070312,69.3823013305664,67.39472961425781,59.13316345214844,19719.125,378.5537109375,175.61524963378906,122.02909851074219,109.81449890136719,92.87007904052734,76.3530044555664,71.94719696044922,67.79689025878906
205000,215001,17,9,251,152,1,27041.232421875,756.7840576171875,350.2212219238281,230.93692016601562,185.91159057617188,141.17282104492188,125.58345031738281,117.54727935791016,111.45854187011719,103.32984924316406,92.92790985107422,83.15158081054688,79.59747314453125,73.17626953125,69.15364074707031,66.74304962158203,58.560428619384766,19721.908203125,380.037841796875,173.83453369140625,132.318115234375,110.24034118652344,97.59503936767578,79.54698181152344,73.35884094238281,67.59575653076172
210000,220001,17,9,252,142,0,27159.291015625,890.8671264648438,374.06304931640625,244.63343811035156,164.3769073486328,137.60308837890625,123.8107681274414,115.49862670898438,106.03083801269531,97.10235595703125,95.59465026855469,87.66969299316406,80.88359832763672,77.46714782714844,75.46561431884766,71.62564849853516,63.29795455932617,19733.69140625,443.4742736816406,192.85003662109375,120.76549530029297,110.78549194335938,95.73796081542969,80.45858764648438,78.38623809814453,74.18856811523438
210000,220001,17,9,252,142,1,27149.64453125,893.4999389648438,364.7672424316406,258.17108154296875,166.30453491210938,135.00047302246094,131.1541748046875,114.53380584716797,109.46427154541016,104.947509765625,90.51945495605469,84.09294128417969,81.5610122680664,79.08197784423828,75.04219818115234,71.8687515258789,65.19867706298828,19730.724609375,441.5760192871094,202.71705627441406,129.7675323486328,109.49689483642578,100.47602081298828,83.95829772949219,78.67213439941406,73.00723266601562
215000,225001,17,9,251,151,0,28259.26171875,897.2060546875,371.09539794921875,246.02810668945312,176.42356872558594,132.09869384765625,122.76033782958984,111.0853042602539,100.60896301269531,91.97642517089844,85.73761749267578,81.06340789794922,77.41612243652344,70.45181274414062,66.68435668945312,64.0747299194336,62.3095703125,20529.642578125,507.8160095214844,202.5814666748047,134.1819305419922,103.03722381591797,83.58979034423828,77.09194946289062,72.72087097167969,67.53425598144531
215000,225001,17,9,251,151,1,28288.669921875,895.2800903320312,378.3811950683594,239.4755096435547,168.90847778320312,132.63772583007812,119.17138671875,104.92524719238281,101.80746459960938,93.49234771728516,88.18142700195312,83.78099060058594,75.43960571289062,72.64100646972656,66.96419525146484,64.32406616210938,56.64010238647461,20551.0546875,501.2098083496094,189.45118713378906,135.18324279785156,106.01229095458984,90.35861206054688,80.31029510498047,74.33988952636719,60.88286590576172
220000,230001,17,9,254,156,0,28689.890625,916.5578002929688,372.1868591308594,266.2239685058594,193.7800750732422,156.45172119140625,149.00611877441406,115.99171447753906,105.14102935791016,100.13494110107422,92.98464965820312,82.37067413330078,75.88321685791016,70.98421478271484,69.56486511230469,67.01730346679688,57.253448486328125,20854.416015625,389.8315734863281,233.40550231933594,156.72889709472656,117.13423156738281,101.57456970214844,82.03678131103516,71.91029357910156,66.96890258789062
220000,230001,17,9,254,156,1,28773.095703125,943.8375244140625,387.9945983886719,258.82891845703125,205.07208251953125,163.02244567871094,151.6571807861328,118.53105926513672,109.56855773925781,101.1395492553711,96.85807800292969,90.70149230957031,82.56900024414062,74.78768920898438,70.64966583251953,65.31317901611328,61.26285934448242,20911.47265625,398.4947204589844,233.4496307373047,152.10968017578125,125.86853790283203,102.80818939208984,91.83187103271484,87.26786804199219,69.50303649902344
225000,235001,17,9,254,154,0,29041.255859375,655.7603759765625,321.8143005371094,190.52093505859375,160.11428833007812,140.07388305664062,114.29358673095703,111.63916015625,96.49250030517578,89.57500457763672,82.68299865722656,79.37567138671875,72.44898223876953,69.75616455078125,64.16023254394531,62.40349578857422,58.728702545166016,21143.248046875,304.56085205078125,169.55210876464844,125.87044525146484,95.29693603515625,88.21941375732422,82.55565643310547,70.9333267211914,65.92533874511719
225000,235001,17,9,254,154,1,29084.43359375,665.644775390625,318.1170654296875,194.8052978515625,161.8859405517578,143.98915100097656,116.23307037353516,104.3818359375,96.09033966064453,88.87531280517578,84.72577667236328,77.56413269042969,75.9423599243164,72.30001831054688,67.80699157714844,62.22109603881836,55.328609466552734,21174.494140625,309.37249755859375,169.9817352294922,122.83551025390625,96.8649673461914,94.3014907836914,78.21490478515625,74.38277435302734,56.4015998840332
230000,240001,17,9,251,149,0,28859.408203125,925.0095825195312,422.8193359375,251.59349060058594,184.34060668945312,138.4127960205078,134.21437072753906,115.49949645996094,100.77978515625,88.90310668945312,78.61467742919922,77.13695526123047,76.10040283203125,68.66477966308594,67.21172332763672,61.77109909057617,56.790679931640625,21036.623046875,415.8779296875,188.2919921875,130.66856384277344,100.8523941040039,80.26014709472656,71.01451873779297,68.90853881835938,61.67046356201172
230000,240001,17,9,251,149,1,28845.6953125,925.683349609375,434.6800231933594,243.0431671142578,184.03822326660156,154.73538208007812,128.02310180664062,106.67185974121094,96.8194808959961,86.3351821899414,79.66954040527344,76.92103576660156,73.42149353027344,69.60527038574219,67.21121978759766,63.80467224121094,55.75499725341797,21022.69140625,419.7707824707031,185.02731323242188,131.44236755371094,100.82784271240234,77.01790618896484,72.24169158935547,68.74476623535156,59.46033477783203
235000,245001,17,9,254,164,0,30179.548828125,842.1697998046875,441.0279541015625,249.3501434326172,192.74429321289062,162.88726806640625,124.91837310791016,115.42918395996094,105.57040405273438,96.50396728515625,85.17535400390625,79.23600006103516,76.82975769042969,72.80077362060547,68.1517105102539,65.18479919433594,62.57848358154297,21947.794921875,571.26953125,226.31056213378906,143.08485412597656,114.33975219726562,94.10930633544922,80.70148468017578,74.8997573852539,68.29243469238281
235000,245001,17,9,254,164,1,30112.8671875,833.6613159179688,444.5566101074219,244.77870178222656,202.21141052246094,160.88958740234375,132.9832305908203,112.91645812988281,108.36737823486328,96.055419921875,85.85073852539062,78.5829849243164,74.92240905761719,71.55127716064453,67.01470947265625,64.04867553710938,57.068031311035156,21901.10546875,556.9987182617188,229.32855224609375,143.7648468017578,110.93321228027344,93.94095611572266,77.04884338378906,74.56643676757812,67.42991638183594
240000,250001,17,9,253,155,0,29928.302734375,808.5904541015625,360.3893127441406,287.32916259765625,205.84910583496094,160.6248779296875,132.26663208007812,123.78321838378906,104.782470703125,103.24027252197266,97.72566223144531,89.18851470947266,80.68994903564453,78.91371154785156,73.43201446533203,66.08578491210938,64.9156494140625,21836.4765625,405.9468078613281,222.13099670410156,133.35581970214844,112.89566802978516,104.53606414794922,85.20304870605469,73.3321762084961,69.11339569091797
240000,250001,17,9,253,155,1,29925.095703125,798.836669921875,366.8896484375,294.5653076171875,209.9508514404297,163.26173400878906,153.9391632080078,131.29698181152344,119.70030975341797,108.30522918701172,102.32623291015625,88.49481964111328,80.19046783447266,72.888671875,68.64193725585938,68.18029022216797,59.08876419067383,21832.294921875,405.588134765625,223.26516723632812,142.55152893066406,113.99641418457031,98.78802490234375,85.19898223876953,76.42208862304688,65.12626647949219
245000,255001,17,9,252,161,0,30046.853515625,670.2155151367188,411.5169372558594,230.19248962402344,162.45921325683594,146.5679473876953,126.7065658569336,107.57230377197266,104.52645874023438,90.07266998291016,87.95390319824219,79.21247863769531,73.5651626586914,72.2417984008789,69.27216339111328,65.77080535888672,59.277015686035156,21909.87109375,385.71710205078125,156.31393432617188,133.79925537109375,97.75312042236328,84.4377212524414,77.95284271240234,72.60535430908203,72.10356903076172
245000,255001,17,9,252,161,1,30029.873046875,656.410888671875,404.8538818359375,234.89097595214844,159.080810546875,149.9652099609375,134.29396057128906,107.58236694335938,95.30565643310547,87.3248062133789,84.5291519165039,77.38764953613281,75.29132080078125,67.2371826171875,65.857666015625,64.9300537109375,58.72557830810547,21891.708984375,373.994140625,158.38272094726562,146.55357360839844,98.89925384521484,82.39146423339844,74.25048065185547,68.45233917236328,60.981048583984375
250000,260001,17,9,253,161,0,30121.490234375,778.7117309570312,505.65576171875,250.07057189941406,172.19862365722656,159.34254455566406,132.4391632080078,114.65492248535156,111.43937683105469,105.38005828857422,99.88504028320312,87.5855484008789,83.596923828125,81.48075103759766,72.43912506103516,71.372802734375,65.0277328491211,21976.662109375,399.0299377441406,178.68649291992188,130.88223266601562,109.46395874023438,102.5165786743164,92.92828369140625,83.1247329711914,71.41764068603516
250000,260001,17,9,253,161,1,30051.203125,778.2560424804688,497.94989013671875,255.029541015625,162.52206420898438,160.0023956298828,133.68948364257812,121.2767562866211,108.77880859375,101.28907012939453,93.92418670654297,86.90798950195312,80.17021942138672,74.31452178955078,72.11921691894531,69.3563003540039,63.33613967895508,21922.189453125,396.76324462890625,182.4021453857422,131.40249633789062,116.47985076904297,103.04247283935547,84.21759033203125,80.36663055419922,72.06686401367188
255000,265001,17,9,254,164,0,30733.9921875,755.5311889648438,379.1168518066406,242.8218994140625,176.45045471191406,147.41160583496094,121.09569549560547,118.02681732177734,99.8236083984375,96.29637145996094,91.00872039794922,81.23228454589844,75.9952621459961,71.31295776367188,68.03659057617188,66.93545532226562,59.587947845458984,22366.248046875,370.35565185546875,195.45162963867188,145.46546936035156,108.8905258178711,98.0116958618164,89.15264129638672,72.25313568115234,69.70743560791016
255000,265001,17,9,254,164,1,30747.845703125,763.567626953125,381.9500732421875,237.65402221679688,172.86199951171875,141.7646484375,118.30986022949219,109.61638641357422,101.17698669433594,89.7519302368164,88.24927520751953,79.42079162597656,75.97633361816406,69.98882293701172,68.45428466796875,65.35037231445312,57.24469757080078,22373.388671875,368.27252197265625,199.84884643554688,130.91029357910156,102.69734191894531,90.1702651977539,77.94078826904297,72.79087829589844,64.99466705322266
260000,270001,17,9,254,173,0,31743.837890625,765.4370727539062,328.8167419433594,239.2711944580078,180.0637664794922,144.728271484375,121.72152709960938,114.0627212524414,96.19583892822266,89.93324279785156,87.13650512695312,81.62769317626953,77.57466125488281,72.4682388305664,68.97819519042969,64.1536636352539,58.478641510009766,23164.41796875,362.6477355957031,185.27830505371094,127.88346099853516,100.82103729248047,88.69889068603516,76.56277465820312,70.98967742919922,63.86323928833008
260000,270001,17,9,254,173,1,31705.734375,778.13134765625,347.12298583984375,247.80140686035156,193.2661895751953,156.10594177246094,123.33035278320312,115.20458984375,99.43003845214844,91.97706604003906,90.1351318359375,86.22618103027344,84.02497100830078,71.43232727050781,68.47480010986328,65.66030883789062,58.60783767700195,23135.275390625,370.99163818359375,203.46578979492188,118.75701904296875,102.08958435058594,90.20181274414062,77.4842529296875,72.44229125976562,64.446533203125
265000,275001,17,9,251,167,0,32045.7109375,1134.4381103515625,497.3585205078125,252.0825958251953,210.98483276367188,177.05979919433594,140.02816772460938,119.7922134399414,103.69866943359375,103.17601776123047,95.42357635498047,90.22396087646484,77.388916015625,74.82315063476562,73.4171371459961,69.5012435913086,63.83612060546875,23252.861328125,524.3889770507812,196.91644287109375,175.4241180419922,134.24436950683594,107.81542205810547,92.1762924194336,78.78997802734375,77.71405792236328
265000,275001,17,9,251,167,1,32052.134765625,1124.132080078125,486.221923828125,235.22386169433594,199.9105682373047,172.58230590820312,147.35231018066406,118.97239685058594,112.6447982788086,102.01030731201172,100.71248626708984,89.59313201904297,85.76652526855469,75.83977508544922,74.1711654663086,63.9968147277832,61.574188232421875,23262.392578125,513.6099243164062,196.86024475097656,182.07510375976562,129.56585693359375,111.14459228515625,86.94853210449219,84.60465240478516,75.4124526977539
270000,280001,17,9,255,176,0,32451.794921875,751.2911376953125,390.4952697753906,238.26751708984375,167.33425903320312,135.85482788085938,129.03952026367188,111.45126342773438,107.49927520751953,102.49787902832031,92.24932861328125,89.79730987548828,85.0147476196289,81.88922119140625,75.25786590576172,69.58049774169922,64.64442443847656,23624.833984375,426.2195129394531,196.4221649169922,131.52207946777344,119.5457992553711,101.661865234375,84.50198364257812,80.00694274902344,77.42900848388672
270000,280001,17,9,255,176,1,32451.044921875,748.7904052734375,386.0989990234375,227.4205322265625,167.07162475585938,145.9430694580078,128.10452270507812,105.74433898925781,99.93363952636719,97.48527526855469,90.47185516357422,86.11798095703125,78.2007064819336,76.5619125366211,68.99198150634766,67.92575073242188,63.364601135253906,23624.296875,431.0810852050781,200.99916076660156,130.44015502929688,116.87104797363281,94.00995635986328,88.30341339111328,80.06168365478516,68.69883728027344
275000,285001,17,9,254,170,0,32663.951171875,867.4371948242188,419.1029052734375,233.3142852783203,202.52139282226562,151.8569793701172,123.58734130859375,115.6749496459961,97.24945068359375,87.72032165527344,80.55087280273438,75.4873046875,72.97449493408203,70.66649627685547,67.2220458984375,65.1762466430664,58.37370300292969,23791.462890625,440.0030822753906,221.86766052246094,152.24085998535156,117.50508117675781,94.08319854736328,85.51494598388672,72.67562866210938,69.40921783447266
275000,285001,17,9,254,170,1,32642.54296875,864.1385498046875,413.9275207519531,243.73590087890625,190.80392456054688,149.98422241210938,120.73546600341797,115.37727355957031,104.42169952392578,88.26155090332031,84.27998352050781,81.66502380371094,74.99205780029297,70.06320190429688,63.773231506347656,61.52199935913086,59.7567253112793,23777.625,435.3245544433594,226.21478271484375,139.741455078125,120.18624114990234,98.78186798095703,84.82398223876953,75.46195220947266,66.46204376220703
280000,290001,17,9,252,172,0,32534.140625,780.3927001953125,389.6688537597656,229.6103515625,202.37991333007812,150.52183532714844,140.7947998046875,110.28776550292969,103.55045318603516,98.86300659179688,90.76029205322266,84.80501556396484,83.6400375366211,80.37303924560547,74.03677368164062,66.51863098144531,61.96052551269531,23686.515625,428.7005310058594,219.65878295898438,148.1977996826172,102.70468139648438,93.01932525634766,85.22451782226562,81.67769622802734,66.32684326171875
280000,290001,17,9,252,172,1,32563.0703125,783.5654296875,388.3075256347656,226.71627807617188,200.87271118164062,157.36651611328125,133.12986755371094,115.00469970703125,105.34260559082031,95.88590240478516,95.04875946044922,93.56988525390625,85.52899169921875,78.60951232910156,78.2431869506836,68.41156005859375,62.76078796386719,23713.3984375,429.62591552734375,213.2001190185547,155.95762634277344,104.32849884033203,96.35539245605469,87.75172424316406,85.88471221923828,69.68399810791016
285000,295001,17,9,250,171,0,32639.255859375,641.8065185546875,365.7101745605469,222.49356079101562,156.15301513671875,129.80442810058594,122.57688903808594,105.94469451904297,100.07499694824219,92.88037872314453,88.30859375,85.12738800048828,81.37142181396484,77.45960235595703,73.70508575439453,68.54158782958984,63.403236389160156,23820.845703125,339.4005126953125,163.0226593017578,120.85608673095703,91.48047637939453,88.01524353027344,82.8841552734375,76.33382415771484,70.02726745605469
285000,295001,17,9,250,171,1,32652.314453125,631.812744140625,369.0563659667969,225.74362182617188,150.6407470703125,129.13465881347656,108.76889038085938,98.86554718017578,92.03374481201172,83.87451171875,79.95222473144531,77.01585388183594,74.70011901855469,68.18769836425781,63.18535232543945,61.352020263671875,55.853050231933594,23827.46484375,343.08917236328125,153.97276306152344,106.08394622802734,87.84938049316406,78.32640838623047,72.764892578125,66.46846008300781,61.391998291015625
290000,300001,17,9,249,176,0,32912.6328125,736.409912109375,377.59637451171875,227.2838592529297,154.70889282226562,147.0846710205078,118.91606140136719,110.70812225341797,98.93717193603516,93.48775482177734,89.00239562988281,82.83467102050781,79.73831176757812,78.19766998291016,74.25614166259766,67.4901351928711,62.628658294677734,23990.701171875,404.4339294433594,185.32542419433594,125.79920196533203,104.57256317138672,91.22209930419922,84.08380126953125,75.89994812011719,68.9297103881836
290000,300001,17,9,249,176,1,32881.9375,733.265625,373.3337097167969,221.43807983398438,162.64376831054688,147.06466674804688,116.60708618164062,103.76685333251953,89.20124053955078,84.98001861572266,80.45024108886719,79.00828552246094,78.11602783203125,74.92650604248047,72.71118927001953,69.8329849243164,59.81313705444336,23970.4921875,407.4779968261719,187.68081665039062,122.66332244873047,98.04444885253906,84.87577056884766,76.90837860107422,76.23600006103516,72.98394012451172
295000,305001,17,9,252,174,0,34246.00390625,704.1287231445312,411.13507080078125,207.54251098632812,179.08128356933594,139.2589874267578,131.35581970214844,112.27772521972656,105.84245300292969,100.05965423583984,93.51314544677734,89.89448547363281,86.37612915039062,81.90601348876953,75.02825927734375,71.52792358398438,67.31582641601562,24947.931640625,377.4920959472656,182.0021209716797,126.84439849853516,115.19110107421875,89.2525405883789,86.89196014404297,77.25323486328125,70.76791381835938
295000,305001,17,9,252,174,1,34279.6796875,708.4172973632812,406.5996398925781,205.13101196289062,183.04827880859375,140.71200561523438,132.64019775390625,108.6275863647461,105.79710388183594,96.68162536621094,92.07518005371094,89.40470123291016,82.04002380371094,79.17809295654297,77.80450439453125,69.47959899902344,60.5734977722168,24964.2890625,376.96307373046875,179.9983367919922,133.53160095214844,110.07303619384766,95.0842514038086,86.2743148803711,76.23699951171875,65.77544403076172
300000,310001,17,9,256,166,0,34925.65234375,855.2947998046875,411.4639587402344,304.888671875,203.73126220703125,162.10276794433594,156.66688537597656,137.70433044433594,120.22733306884766,113.49616241455078,102.79007720947266,97.03807830810547,94.10115051269531,90.8890380859375,79.0343246459961,75.36053466796875,70.54679107666016,25438.28515625,510.8703308105469,276.7425842285156,162.3185577392578,138.58639526367188,113.68871307373047,95.00975799560547,90.28519439697266,80.56233978271484
300000,310001,17,9,256,166,1,34879.99609375,838.0570068359375,397.3860778808594,263.31414794921875,201.4137420654297,149.5785369873047,137.86663818359375,128.34457397460938,110.74188995361328,104.00525665283203,93.7904052734375,86.35706329345703,83.17096710205078,79.47468566894531,77.87799072265625,71.3033447265625,69.35860443115234,25407.615234375,470.906982421875,231.843994140625,145.2774200439453,123.98863220214844,105.8803939819336,86.17106628417969,82.4636459350586,74.63311767578125
305000,315001,17,9,254,174,0,35405.484375,1098.806396484375,429.9464416503906,252.33062744140625,194.2643280029297,149.8218231201172,136.35702514648438,122.36246490478516,105.08287048339844,97.66505432128906,89.01116943359375,85.18138885498047,82.11540985107422,74.63945770263672,71.84847259521484,70.09701538085938,64.15129089355469,25729.537109375,424.9048767089844,189.76318359375,136.26710510253906,117.45793151855469,90.98149108886719,86.82323455810547,84.41435241699219,71.04179382324219
305000,315001,17,9,254,174,1,35380.6328125,1103.6632080078125,427.7838134765625,251.67164611816406,188.4305877685547,143.78700256347656,134.67605590820312,126.93531799316406,109.21528625488281,95.36309814453125,90.82688903808594,88.99494171142578,84.60406494140625,74.6358642578125,73.58949279785156,71.27117919921875,64.42510986328125,25709.05859375,422.7595520019531,184.97439575195312,129.12197875976562,109.09882354736328,95.0630874633789,88.05939483642578,78.08434295654297,73.85016632080078
310000,320001,17,9,254,176,0,35011.31640625,1337.2283935546875,424.3221740722656,263.3739013671875,184.0327606201172,160.83311462402344,137.76272583007812,131.2833709716797,115.59024047851562,100.79508972167969,99.3846435546875,92.61710357666016,91.65412139892578,86.04125213623047,83.96248626708984,80.30997467041016,68.46559143066406,25466.35546875,529.010986328125,231.3684539794922,150.42808532714844,115.61476135253906,104.15074157714844,91.9030532836914,89.86976623535156,72.60501861572266
310000,320001,17,9,254,176,1,34984.12109375,1315.8026123046875,423.4825134277344,284.5170593261719,186.9193572998047,163.36080932617188,152.92767333984375,123.83058166503906,117.81342315673828,97.87535858154297,92.37312316894531,86.68042755126953,79.8951416015625,77.18492126464844,71.51009368896484,68.94739532470703,60.900474548339844,25445.611328125,542.904541015625,238.60409545898438,158.45834350585938,122.10369873046875,100.56198120117188,84.5501480102539,72.78356170654297,66.95243072509766
315000,325001,17,9,254,181,0,35460.67578125,854.343994140625,375.9922180175781,243.86129760742188,196.01275634765625,140.00804138183594,115.35406494140625,108.46893310546875,103.18512725830078,94.40447235107422,92.0155029296875,86.21867370605469,79.68177795410156,73.26934814453125,71.21467590332031,68.40913391113281,66.42410278320312,25838.701171875,389.56597900390625,210.0730743408203,116.76654815673828,104.83781433105469,96.599853515625,86.39746856689453,82.97421264648438,73.61153411865234
315000,325001,17,9,254,181,1,35478.9921875,847.725341796875,372.582763671875,250.05831909179688,197.06793212890625,138.44512939453125,131.260009765625,111.9361801147461,104.57141876220703,97.23918151855469,86.50411987304688,82.27867889404297,77.94925689697266,71.48739624023438,69.9488525390625,63.776424407958984,59.82912063598633,25853.9765625,391.1667175292969,209.38967895507812,124.27619934082031,108.1783676147461,90.14654541015625,81.93975830078125,76.64342498779297,72.34133911132812
320000,330001,17,9,252,182,0,35333.32421875,655.94482421875,369.1217346191406,228.87307739257812,177.35797119140625,133.0828857421875,118.20842742919922,110.9764633178711,98.79647064208984,91.09764862060547,82.01663208007812,80.6471176147461,72.6297836303711,70.08464050292969,62.72119140625,62.514591217041016,59.3294563293457,25818.341796875,384.142333984375,171.05126953125,112.52388763427734,103.21142578125,87.22683715820312,74.67154693603516,65.3705825805664,63.2802734375
320000,330001,17,9,252,182,1,35284.34375,655.4397583007812,375.48175048828125,224.06898498535156,170.1073760986328,131.53712463378906,112.5303726196289,105.3897476196289,92.0219955444336,87.60698699951172,81.25762939453125,74.42483520507812,68.69015502929688,65.08690643310547,60.19184112548828,56.61368179321289,53.4442253112793,25778.677734375,381.6966247558594,167.51939392089844,105.6805648803711,101.3122329711914,89.30591583251953,72.814697265625,65.94036102294922,59.480621337890625
325000,335001,17,9,252,178,0,36648.45703125,1022.1488037109375,366.8063049316406,236.0623779296875,208.2259521484375,174.73536682128906,152.12721252441406,120.30093383789062,110.00357055664062,99.6480712890625,94.32929992675781,88.0728988647461,82.676513671875,76.88813018798828,68.06147003173828,62.46174621582031,57.577362060546875,26729.115234375,438.1685485839844,221.16844177246094,146.0913848876953,116.10540771484375,92.13380432128906,84.756103515625,75.94880676269531,62.833168029785156
325000,335001,17,9,252,178,1,36543.47265625,1039.8846435546875,372.1214294433594,246.21165466308594,206.68141174316406,169.75965881347656,154.8250274658203,120.20906829833984,111.25389862060547,91.63109588623047,90.41948699951172,84.7095718383789,76.07820129394531,72.10059356689453,68.18791961669922,66.26387786865234,58.51138687133789,26651.193359375,455.3016662597656,226.67791748046875,150.10870361328125,116.18134307861328,87.56709289550781,77.98717498779297,71.08175659179688,70.55016326904297
330000,340001,17,9,252,187,0,36954.31640625,899.6316528320312,418.7637023925781,237.3632049560547,190.1768341064453,152.30836486816406,137.62716674804688,119.19914245605469,113.71646118164062,98.31668090820312,90.44987487792969,83.1957778930664,79.87541961669922,77.1805648803711,73.88103485107422,71.52142333984375,71.26409912109375,26932.796875,453.54815673828125,205.3806610107422,135.13941955566406,119.69889831542969,100.16778564453125,83.8172607421875,76.57489776611328,72.58726501464844
330000,340001,17,9,252,187,1,36934.3203125,888.8885498046875,409.55181884765625,227.7772979736328,178.8421630859375,147.87045288085938,135.57362365722656,111.39875030517578,107.0611801147461,97.70896911621094,94.5228271484375,91.45960235595703,90.33465576171875,78.56468200683594,71.47869873046875,68.95645141601562,63.58320999145508,26916.47265625,442.8438720703125,193.3696746826172,135.3638458251953,116.20936584472656,97.69235229492188,89.77912902832031,78.04064178466797,72.01273345947266
335000,345001,17,9,250,176,0,35442.578125,842.5485229492188,399.9775695800781,255.58999633789062,179.92706298828125,151.48794555664062,123.5417251586914,116.68333435058594,107.15032958984375,98.21385192871094,91.47993469238281,83.82025909423828,76.50406646728516,75.04630279541016,69.85343170166016,66.61212921142578,60.561920166015625,25809.203125,474.64556884765625,210.96762084960938,125.20613098144531,109.17489624023438,100.0805892944336,91.6576919555664,78.34613037109375,72.76875305175781
335000,345001,17,9,250,176,1,35401.984375,843.805419921875,396.36749267578125,254.16403198242188,181.53466796875,145.86878967285156,120.1619873046875,116.73309326171875,100.07225799560547,96.7503433227539,92.9996109008789,83.80297088623047,81.21675109863281,74.74854278564453,70.48094940185547,61.60550308227539,57.81203842163086,25776.11328125,481.2796325683594,220.86073303222656,131.23573303222656,103.04569244384766,95.4997329711914,91.04039764404297,83.49729919433594,67.33550262451172
340000,350001,17,9,250,181,0,36509.23046875,1046.5499267578125,362.51593017578125,273.9788513183594,175.57305908203125,155.09288024902344,147.17869567871094,126.95389556884766,114.75536346435547,105.90930938720703,99.40779876708984,97.64812469482422,84.85212707519531,83.31256866455078,80.27681732177734,74.22274780273438,64.93962860107422,26580.220703125,531.3905639648438,234.76913452148438,153.49545288085938,120.90231323242188,112.56935119628906,95.95526123046875,88.63555908203125,81.27080535888672
340000,350001,17,9,250,181,1,36500.73828125,1064.545654296875,376.8668212890625,285.10009765625,173.44761657714844,158.36618041992188,139.4340362548828,129.32464599609375,121.53675842285156,110.53899383544922,97.20830535888672,93.78114318847656,92.2142105102539,89.56343078613281,73.3840103149414,69.052978515625,66.4046859741211,26564.892578125,531.137939453125,235.5497283935547,162.43699645996094,127.99391174316406,116.9936752319336,92.82588958740234,90.97994232177734,72.36683654785156
345000,355001,17,9,250,178,0,36943.9765625,876.9940185546875,441.627685546875,259.6159362792969,222.62620544433594,171.86923217773438,130.18948364257812,126.39381408691406,119.13420867919922,113.36458587646484,106.57362365722656,99.9141616821289,88.75701904296875,85.87403106689453,83.4168930053711,71.58714294433594,64.91730499267578,26954.583984375,407.7546081542969,228.2864990234375,156.40484619140625,116.35807037353516,108.30553436279297,97.31248474121094,88.78958129882812,74.3794937133789
345000,355001,17,9,250,178,1,36893.9765625,878.9205322265625,444.3553161621094,254.5556182861328,228.38165283203125,186.03968811035156,140.74609375,124.46097564697266,110.79178619384766,104.88864135742188,96.68441772460938,90.96143341064453,86.77696228027344,83.8709945678711,79.5225830078125,73.90341186523438,63.62726974487305,26915.708984375,425.2521057128906,230.65606689453125,167.57725524902344,117.13455963134766,101.08201599121094,90.0029067993164,86.64228057861328,81.28772735595703
350000,360001,17,9,252,180,0,37172.640625,871.5048828125,424.54425048828125,227.70700073242188,208.44996643066406,155.04437255859375,140.6622314453125,120.38761138916016,117.91112518310547,107.26866912841797,100.26270294189453,84.61315155029297,79.73486328125,74.53852081298828,71.66973114013672,69.3057632446289,61.28986740112305,27061.8125,425.74755859375,194.58229064941406,149.39718627929688,114.51238250732422,96.566650390625,81.61405944824219,74.477783203125,63.915489196777344
350000,360001,17,9,252,180,1,37209.984375,852.8316650390625,410.4994812011719,222.17478942871094,205.71775817871094,156.91342163085938,139.70077514648438,124.14972686767578,108.28890991210938,99.89037322998047,99.20109558105469,89.84211730957031,81.79564666748047,74.89653778076172,72.72720336914062,68.1074447631836,64.50608825683594,27088.3125,408.4870300292969,204.55438232421875,146.00820922851562,112.06290435791016,86.0053939819336,82.14884185791016,75.12739562988281,70.45037841796875
355000,365001,17,9,251,179,0,38126.203125,738.54296875,311.4423522949219,242.00645446777344,157.30052185058594,133.27627563476562,113.22381591796875,110.00564575195312,102.32759857177734,98.35132598876953,97.24858856201172,94.38169860839844,84.34101867675781,78.43880462646484,72.29532623291016,68.725341796875,65.59141540527344,27777.55859375,376.3537292480469,184.53399658203125,113.55294799804688,104.4732437133789,97.67146301269531,90.15677642822266,78.52975463867188,71.17581176757812
355000,365001,17,9,251,179,1,38080.46484375,743.0606689453125,300.0858459472656,241.97579956054688,144.72056579589844,128.96240234375,113.10961151123047,110.36898803710938,103.23787689208984,88.1281967163086,84.96856689453125,79.3857650756836,75.4482650756836,71.40682983398438,68.1678466796875,62.21300506591797,54.77580642700195,27748.109375,372.13934326171875,169.5508575439453,116.84827423095703,110.2876968383789,89.98928833007812,80.4297866821289,75.1153335571289,66.95720672607422
360000,370001,17,9,251,186,0,38723.17578125,830.074462890625,431.58001708984375,190.4417724609375,175.36000061035156,159.70265197753906,137.8416290283203,107.5118179321289,101.0516357421875,94.0953598022461,91.23490142822266,84.29905700683594,76.5887222290039,76.16082763671875,69.0645751953125,66.80384826660156,61.753082275390625,28256.65234375,439.5771179199219,169.5103302001953,142.39382934570312,97.64859771728516,85.6552963256836,80.52288818359375,79.11333465576172,68.44098663330078
360000,370001,17,9,251,186,1,38694.5078125,832.8130493164062,430.80194091796875,196.68435668945312,181.51861572265625,165.7148895263672,142.0453338623047,115.7546615600586,99.81285858154297,95.03697204589844,86.2723617553711,82.97425842285156,82.076416015625,77.79657745361328,70.35430908203125,66.80935668945312,55.21147918701172,28236.9140625,429.52587890625,183.28372192382812,144.58975219726562,104.10114288330078,91.09510803222656,85.37015533447266,83.88536834716797,69.81839752197266
365000,375001,17,9,253,188,0,38670.765625,1100.551025390625,398.4532775878906,279.03912353515625,229.5931854248047,173.1856231689453,142.1138458251953,130.0522918701172,121.8867416381836,104.93521118164062,99.68524932861328,95.60655975341797,87.80326080322266,80.43077087402344,78.6536636352539,75.28145599365234,69.1807861328125,28178.673828125,484.9016418457031,223.85003662109375,170.37669372558594,122.2483139038086,99.076416015625,93.59586334228516,81.76416778564453,78.46546936035156
365000,375001,17,9,253,188,1,38730.828125,1115.8201904296875,402.0573425292969,282.8343811035156,219.1266632080078,175.63462829589844,135.4082794189453,133.59857177734375,125.89078521728516,107.61711883544922,97.50357818603516,95.39013671875,89.89581298828125,86.0458984375,79.72542572021484,73.66564178466797,69.65498352050781,28220.787109375,493.9527282714844,227.13050842285156,146.1320343017578,130.5261688232422,100.27495574951172,88.32073974609375,84.31405639648438,73.68701934814453
370000,380001,17,9,253,186,0,37943.03125,1192.8392333984375,472.0086669921875,267.16778564453125,193.71971130371094,173.0397491455078,146.63140869140625,143.77395629882812,116.071533203125,109.07438659667969,98.36646270751953,91.94359588623047,88.79925537109375,78.12627410888672,75.89614868164062,73.54908752441406,68.03165435791016,27600.158203125,570.3010864257812,207.8760528564453,165.8221435546875,113.09031677246094,102.07568359375,89.47251892089844,77.30957794189453,76.76561737060547
370000,380001,17,9,253,186,1,37882.04296875,1178.44970703125,481.2745666503906,265.3201904296875,187.28643798828125,155.5989227294922,151.284423828125,140.91514587402344,114.00235748291016,110.52214050292969,98.59303283691406,97.81999206542969,95.51437377929688,80.79931640625,78.93328857421875,71.200927734375,69.77861022949219,27557.5234375,562.077880859375,202.1592254638672,154.14578247070312,107.48527526855469,92.10151672363281,88.11476135253906,80.27912139892578,71.28641510009766
375000,385001,17,9,253,174,0,39027.7421875,802.1983032226562,369.47625732421875,272.66290283203125,195.7594451904297,149.3604278564453,138.96896362304688,125.34481811523438,106.27691650390625,104.83393859863281,94.88741302490234,90.08667755126953,82.82954406738281,76.68195343017578,71.50987243652344,69.84211730957031,65.55241394042969,28370.755859375,425.0673522949219,185.26612854003906,151.50852966308594,110.33412170410156,96.71064758300781,84.47916412353516,75.66616821289062,70.51355743408203
375000,385001,17,9,253,174,1,38977.98046875,808.6858520507812,378.9278564453125,258.2928771972656,193.94015502929688,151.03074645996094,138.30052185058594,125.65807342529297,98.13336944580078,93.79718780517578,87.16682434082031,83.7767105102539,79.20464324951172,77.04588317871094,73.67362213134766,66.73042297363281,58.38788604736328,28332.595703125,421.1485595703125,180.91635131835938,146.55435180664062,110.26581573486328,89.70272827148438,78.41752624511719,77.32308959960938,73.7609634399414
380000,390001,17,9,254,183,0,39241.09765625,947.523681640625,403.2049560546875,233.24732971191406,173.22328186035156,150.52059936523438,126.39588928222656,112.79853057861328,107.62166595458984,101.53938293457031,94.6170425415039,86.94401550292969,81.69123077392578,79.74844360351562,79.19969177246094,68.64569854736328,64.77505493164062,28593.28125,435.2225341796875,181.014404296875,127.35797119140625,112.05329895019531,88.15735626220703,82.98278045654297,77.34502410888672,68.79486846923828
380000,390001,17,9,254,183,1,39326.9609375,948.7632446289062,402.55584716796875,223.30465698242188,173.714599609375,141.53147888183594,128.2327423095703,104.80833435058594,97.08645629882812,94.40492248535156,85.82110595703125,80.59777069091797,76.0431137084961,75.01536560058594,71.48004913330078,65.03742980957031,60.29897689819336,28651.708984375,429.3907775878906,178.16197204589844,129.3929443359375,101.74384307861328,91.32612609863281,81.72203063964844,75.56072235107422,63.490726470947266
385000,395001,17,9,252,190,0,40371.9296875,814.3030395507812,438.8246765136719,255.3736572265625,178.66168212890625,163.3564453125,130.59774780273438,124.58550262451172,107.72541809082031,101.42847442626953,96.58855438232422,86.41295623779297,82.37960815429688,78.11827087402344,74.82262420654297,69.10591888427734,66.02232360839844,29439.21484375,449.23394775390625,205.7552947998047,128.20745849609375,112.43106079101562,91.37679290771484,81.80498504638672,76.2195816040039,70.27445220947266
385000,395001,17,9,252,190,1,40399.28515625,814.5807495117188,426.54437255859375,256.3321533203125,179.86611938476562,153.94369506835938,117.34918212890625,113.5746841430664,98.67640686035156,92.85155487060547,87.41378021240234,81.81111145019531,77.11287689208984,73.39179229736328,71.60311889648438,66.82788848876953,65.84783172607422,29456.185546875,441.38995361328125,211.66537475585938,117.94515228271484,104.21664428710938,81.91301727294922,77.4520263671875,75.38170623779297,69.59026336669922
390000,400001,17,9,249,187,0,39392.43359375,668.4107055664062,375.194580078125,205.83804321289062,164.1193389892578,140.1890411376953,124.45307159423828,112.6688003540039,104.56320190429688,91.32780456542969,87.16971588134766,83.55418395996094,79.43988800048828,71.36119079589844,70.33854675292969,64.63804626464844,57.73600387573242,28691.625,374.24884033203125,171.0573272705078,119.7159652709961,104.16047668457031,90.6708984375,83.82715606689453,75.02449035644531,65.16336822509766
390000,400001,17,9,249,187,1,39483.6484375,654.4243774414062,372.255126953125,219.4558563232422,168.8716278076172,139.5922088623047,134.85044860839844,112.83549499511719,98.69700622558594,96.92671203613281,92.49803924560547,83.64358520507812,77.05364990234375,72.0399398803711,68.71454620361328,64.5249252319336,59.86271667480469,28759.126953125,375.6175842285156,176.32562255859375,132.71377563476562,110.11894226074219,92.2733154296875,81.49134063720703,72.67351531982422,62.583946228027344
395000,405001,17,9,252,196,0,39850.84375,890.78662109375,452.00909423828125,302.5211486816406,200.4269256591797,179.2885284423828,146.90927124023438,124.01988220214844,117.11865997314453,111.58527374267578,99.23580932617188,96.04635620117188,90.74082946777344,78.88104248046875,75.31742858886719,70.2683334350586,66.24983978271484,28999.361328125,475.48291015625,259.57220458984375,170.97183227539062,132.46522521972656,116.49343872070312,91.99577331542969,85.79312896728516,78.90171813964844
395000,405001,17,9,252,196,1,39840.4609375,901.1642456054688,455.52294921875,317.28814697265625,207.73306274414062,168.7794952392578,139.94871520996094,127.69768524169922,118.78382873535156,106.76235961914062,99.03857421875,88.4411849975586,85.01715087890625,81.597412109375,73.54031372070312,71.38663482666016,65.42100524902344,28988.83984375,479.4947814941406,268.88018798828125,178.18650817871094,125.6316146850586,106.04491424560547,93.8983154296875,83.08482360839844,78.80813598632812
400000,410001,17,9,246,183,0,40972.31640625,813.96630859375,420.6355285644531,226.26812744140625,176.944091796875,135.29385375976562,121.0870590209961,109.80689239501953,103.22785186767578,99.3226318359375,95.51312255859375,88.78784942626953,77.68077850341797,71.549072265625,69.2449951171875,65.81318664550781,61.767601013183594,29903.962890625,454.8989562988281,179.45065307617188,132.95106506347656,112.08551788330078,103.80931854248047,91.70695495605469,73.58504486083984,69.44873809814453
400000,410001,17,9,246,183,1,40953.7890625,823.308349609375,408.2882385253906,225.2199249267578,172.0964813232422,144.57315063476562,130.0431365966797,109.53728485107422,97.12765502929688,91.09394073486328,89.08340454101562,80.0687255859375,75.53736114501953,73.65494537353516,70.82794952392578,65.02294158935547,57.289283752441406,29887.572265625,447.67242431640625,184.02455139160156,136.70115661621094,102.22673034667969,92.65607452392578,84.50322723388672,75.6519775390625,66.0488510131836
405000,415001,17,9,253,193,0,40870.48828125,934.0763549804688,359.2929992675781,244.58116149902344,180.02174377441406,162.72059631347656,135.9206085205078,121.37879943847656,108.79772186279297,96.46692657470703,93.25521087646484,87.3922119140625,84.14414978027344,77.83309173583984,76.90773010253906,74.78069305419922,68.12330627441406,29724.775390625,434.79296875,203.67532348632812,150.2866668701172,113.164306640625,97.73736572265625,96.4455337524414,84.12144470214844,77.71208953857422
405000,415001,17,9,253,193,1,40808.69921875,936.1509399414062,365.0957336425781,253.23231506347656,175.8715362548828,166.36959838867188,135.48199462890625,116.4725341796875,108.12830352783203,100.52579498291016,93.56510925292969,89.28899383544922,85.77017974853516,84.57222747802734,80.57968139648438,76.83541107177734,69.55915069580078,29684.134765625,426.6006774902344,200.3863067626953,145.67974853515625,112.8479995727539,104.50594329833984,85.85196685791016,83.39208984375,82.48651885986328
410000,420001,17,9,253,199,0,41065.40625,963.39990234375,386.64508056640625,263.4139709472656,186.193359375,163.4571533203125,135.32249450683594,126.63722229003906,106.3762435913086,105.17686462402344,93.62920379638672,90.86204528808594,84.52867126464844,77.6087875366211,72.41828918457031,69.76207733154297,53.25742721557617,29952.154296875,493.4156494140625,222.67396545410156,146.61424255371094,113.41954803466797,102.77619934082031,93.26974487304688,76.46331024169922,73.54325866699219
410000,420001,17,9,253,199,1,41110.37109375,950.2200927734375,396.3255920410156,269.6123352050781,191.34616088867188,169.73939514160156,138.3284912109375,127.00038146972656,114.45365905761719,99.1139907836914,92.8523178100586,82.78521728515625,78.1676025390625,76.39997100830078,70.41577911376953,66.9032974243164,61.46793746948242,29991.818359375,497.3832092285156,226.31349182128906,144.98622131347656,102.50804138183594,95.55332946777344,79.81510925292969,73.49580383300781,69.4104995727539
415000,425001,17,9,255,199,0,41702.01953125,760.6630859375,467.0401916503906,231.30296325683594,190.98626708984375,153.3274383544922,146.797119140625,121.3893051147461,103.93711853027344,93.8887939453125,88.9561767578125,84.93061828613281,82.11250305175781,72.03351593017578,65.62291717529297,64.25873565673828,60.94403076171875,30440.958984375,455.5562438964844,192.23226928710938,145.2622528076172,105.70370483398438,98.98542785644531,88.36309814453125,74.42249298095703,67.87213134765625
415000,425001,17,9,255,199,1,41726.66796875,760.9532470703125,445.7137756347656,235.6634521484375,192.98776245117188,159.1026153564453,154.1337890625,119.7145004272461,108.11744689941406,94.92603302001953,88.64381408691406,82.72586059570312,79.51879119873047,75.14869689941406,72.19013977050781,65.95675659179688,60.13914489746094,30457.833984375,436.34906005859375,200.88494873046875,148.71524047851562,114.32400512695312,88.4144287109375,83.46089935302734,74.42012023925781,72.08769226074219
420000,430001,17,9,250,185,0,42248.28515625,1545.8448486328125,575.5196533203125,389.856689453125,249.5817108154297,182.19869995117188,161.21852111816406,126.68065643310547,113.19237518310547,109.28932189941406,105.86363983154297,95.35610961914062,89.41622161865234,87.41136932373047,85.73363494873047,82.3551025390625,68.18494415283203,30693.365234375,529.3880615234375,252.10560607910156,158.9003448486328,120.94476318359375,111.94325256347656,102.16373443603516,93.57400512695312,77.28041076660156
420000,430001,17,9,250,185,1,42228.11328125,1569.0775146484375,564.0358276367188,367.432373046875,251.0001678466797,188.38101196289062,167.4112091064453,136.2351531982422,118.35615539550781,111.20796203613281,101.42728424072266,92.0964126586914,89.41421508789062,87.6235122680664,80.48059844970703,75.66681671142578,75.01807403564453,30676.1328125,524.2396850585938,246.93234252929688,162.99375915527344,130.9454803466797,110.38706970214844,95.4287338256836,88.20470428466797,84.444091796875
425000,435001,17,9,249,178,0,40944.18359375,937.11865234375,396.5791931152344,271.44976806640625,168.88519287109375,158.6505584716797,141.52354431152344,130.2376251220703,111.43853759765625,101.59651184082031,96.77754211425781,88.7016830444336,79.47978973388672,74.56990814208984,73.81346130371094,69.52454376220703,65.3392562866211,29842.94140625,376.23883056640625,181.06893920898438,141.83973693847656,129.64320373535156,96.06973266601562,82.71540069580078,77.43273162841797,71.82255554199219
425000,435001,17,9,249,178,1,40852.12109375,931.6578979492188,417.3421630859375,256.12493896484375,160.2064971923828,148.4379119873047,134.5120391845703,126.12254333496094,113.08106994628906,97.04972839355469,91.3802261352539,85.43376922607422,73.33631134033203,70.711669921875,69.06668853759766,61.741207122802734,57.046844482421875,29767.6015625,378.478759765625,174.73727416992188,144.35641479492188,105.5121078491211,95.78638458251953,81.54985046386719,74.39363098144531,67.75245666503906
430000,440001,17,9,253,195,0,40661.4609375,1239.2813720703125,378.4965515136719,253.66905212402344,192.27496337890625,182.69557189941406,136.94509887695312,120.1271743774414,118.04511260986328,109.20935821533203,97.47376251220703,90.72785186767578,81.09331512451172,76.09851837158203,74.87146759033203,72.06262969970703,66.3711929321289,29623.873046875,463.78240966796875,207.0008544921875,179.35964965820312,125.13468170166016,95.36077117919922,92.25635528564453,88.3080062866211,73.00833129882812
430000,440001,17,9,253,195,1,40698.62890625,1214.3466796875,381.86590576171875,253.79176330566406,193.1172637939453,184.0672149658203,138.51129150390625,131.13992309570312,118.24139404296875,105.66834259033203,97.00623321533203,82.88426208496094,81.84046936035156,77.6373291015625,68.7209243774414,64.63350677490234,62.74192810058594,29649.330078125,468.5348815917969,216.72857666015625,182.35032653808594,120.8770523071289,96.2224349975586,94.76275634765625,76.39613342285156,69.13245391845703
435000,445001,17,9,251,193,0,42678.84765625,775.592041015625,351.1217346191406,288.54833984375,181.57374572753906,169.46722412109375,136.36692810058594,116.15425109863281,101.8404312133789,99.39379119873047,94.92325592041016,91.88597106933594,82.16841125488281,73.83710479736328,70.95195007324219,63.73627471923828,59.944190979003906,31116.732421875,391.21875,238.04544067382812,131.14752197265625,102.84130859375,92.86198425292969,86.67002868652344,79.49415588378906,65.50121307373047
435000,445001,17,9,251,193,1,42683.86328125,772.8619384765625,351.2982482910156,282.5284423828125,190.9465789794922,163.75137329101562,130.9959259033203,119.44422912597656,107.07125854492188,101.57767486572266,94.34618377685547,85.30994415283203,78.32208251953125,76.61104583740234,71.5091552734375,66.16934967041016,62.877140045166016,31121.595703125,384.912841796875,236.11891174316406,130.37367248535156,107.01382446289062,86.78782653808594,76.0731201171875,74.54810333251953,69.32694244384766
440000,450001,17,9,250,201,0,42063.9140625,904.8892211914062,388.5459899902344,284.52880859375,181.22665405273438,144.09686279296875,137.42955017089844,127.60697174072266,115.14999389648438,96.228759765625,87.23011016845703,83.37313842773438,79.51847839355469,77.98466491699219,73.9798812866211,69.1648941040039,63.750308990478516,30648.966796875,422.5641784667969,220.01002502441406,141.28334045410156,117.0244140625,84.39459228515625,82.02548217773438,78.28753662109375,67.71141815185547
440000,450001,17,9,250,201,1,42070.28125,915.8790893554688,403.45587158203125,294.5597229003906,178.77029418945312,143.5406951904297,137.5390625,123.35741424560547,111.65518188476562,95.35391998291016,91.17936706542969,80.49518585205078,77.65898132324219,73.12589263916016,70.83453369140625,61.49609375,58.47642517089844,30656.060546875,429.8877258300781,210.63803100585938,137.83273315429688,106.87957763671875,96.33460998535156,77.33128356933594,65.12039947509766,61.80632781982422
445000,455001,17,9,252,186,0,42175.54296875,848.0179443359375,406.4849548339844,287.7896728515625,186.6983642578125,177.34986877441406,138.49136352539062,132.7024383544922,115.15958404541016,103.39655303955078,95.57640075683594,93.34163665771484,80.15171813964844,76.14260864257812,75.86566925048828,70.97647857666016,66.4207992553711,30686.021484375,393.14959716796875,200.69142150878906,138.86868286132812,117.34823608398438,99.33301544189453,90.71022033691406,79.1923599243164,72.77674102783203
445000,455001,17,9,252,186,1,42135.36328125,845.6830444335938,413.03802490234375,299.1076354980469,202.14764404296875,183.9669189453125,138.53919982910156,132.2991180419922,114.33563995361328,102.30174255371094,95.79478454589844,94.0513687133789,89.88863372802734,84.90028381347656,75.429931640625,72.79120635986328,66.33699798583984,30664.77734375,391.9791564941406,206.59259033203125,151.88230895996094,109.92234802246094,98.9987564086914,89.16840362548828,76.98526000976562,69.76371765136719
450000,460001,17,9,251,196,0,42286.421875,1077.0262451171875,426.4045104980469,305.9256896972656,205.16856384277344,165.91287231445312,146.96629333496094,137.1031951904297,116.10835266113281,109.56188201904297,100.73345947265625,94.31773376464844,91.11084747314453,86.43877410888672,80.6585693359375,74.80423736572266,71.1447525024414,30770.748046875,438.3643798828125,204.5679168701172,158.36483764648438,142.3982391357422,106.76483154296875,97.14099884033203,86.14156341552734,75.91242980957031
450000,460001,17,9,251,196,1,42248.109375,1076.5184326171875,420.9910583496094,309.65625,189.66212463378906,157.2469482421875,147.42855834960938,124.89634704589844,114.85167694091797,108.24793243408203,102.09559631347656,96.76361846923828,81.42640686035156,79.54083251953125,77.73847198486328,72.83948516845703,69.42982482910156,30742.138671875,443.307861328125,219.8983612060547,161.0377655029297,139.01144409179688,102.70796966552734,89.2380599975586,82.97518920898438,74.44024658203125
455000,465001,17,9,246,184,0,41572.2265625,928.4278564453125,450.5286560058594,258.9251403808594,201.35377502441406,159.6685028076172,147.8699188232422,133.8444366455078,114.49451446533203,112.99138641357422,101.63784790039062,98.68315124511719,93.40347290039062,90.06900787353516,76.72315979003906,71.71479797363281,63.84239959716797,30342.5703125,357.9040222167969,179.12062072753906,135.43350219726562,107.64054870605469,95.15257263183594,84.0682144165039,74.9251937866211,73.64990997314453
455000,465001,17,9,246,184,1,41543.05859375,931.5870971679688,445.341552734375,266.36688232421875,194.97280883789062,150.41970825195312,136.2721710205078,122.5751724243164,118.013671875,110.60477447509766,107.4633560180664,92.56193542480469,86.14558410644531,82.2264633178711,80.50789642333984,66.40496063232422,61.69143295288086,30314.83984375,365.1532897949219,168.56564331054688,123.91045379638672,101.24923706054688,97.2734375,85.65741729736328,72.98556518554688,64.82148742675781
460000,470001,17,9,253,195,0,43822.25390625,858.273193359375,382.4295349121094,221.73757934570312,184.77845764160156,143.164306640625,120.85761260986328,112.31437683105469,106.36924743652344,101.49280548095703,89.98728942871094,86.61030578613281,84.14862823486328,79.06005859375,73.99034881591797,70.16177368164062,66.25525665283203,31916.056640625,475.4797058105469,212.599853515625,135.76564025878906,103.62522888183594,101.05848693847656,86.25152587890625,79.36164093017578,75.44918060302734
460000,470001,17,9,253,195,1,43923.328125,865.7208251953125,391.3800354003906,230.24156188964844,165.57376098632812,145.37506103515625,119.7052230834961,114.83961486816406,99.41046905517578,95.9487533569336,88.14400482177734,83.40106964111328,80.21277618408203,76.05884552001953,70.52223205566406,65.06150817871094,57.489471435546875,31989.95703125,493.9713134765625,211.4110565185547,130.17633056640625,101.85108947753906,94.07170867919922,80.93252563476562,74.87396240234375,70.23761749267578
465000,475001,17,9,248,192,0,43263.55859375,888.4746704101562,360.0591125488281,237.89883422851562,174.1846466064453,152.8401641845703,126.8636245727539,115.22610473632812,107.74006652832031,94.08806610107422,86.5391616821289,82.38619232177734,78.2170639038086,72.48783874511719,68.78496551513672,65.76644897460938,57.334068298339844,31537.33984375,475.8213195800781,181.70980834960938,131.6211700439453,122.27898406982422,89.5400619506836,83.79857635498047,79.27980041503906,64.03946685791016
465000,475001,17,9,248,192,1,43300.7265625,884.946533203125,362.20672607421875,244.9574737548828,178.4222412109375,156.34640502929688,120.61088562011719,115.09516906738281,103.78885650634766,92.09066009521484,87.34476470947266,78.92428588867188,77.19839477539062,71.2727279663086,67.36919403076172,65.20542907714844,61.79423904418945,31566.693359375,479.6726379394531,184.35061645507812,134.17425537109375,115.35188293457031,92.26879119873047,77.16732025146484,73.46501922607422,65.81954956054688
470000,480001,17,9,253,199,0,43339.984375,967.5325317382812,405.0798034667969,265.3985595703125,175.54037475585938,129.4304962158203,124.88607788085938,110.0935287475586,106.70482635498047,100.67706298828125,97.04722595214844,86.59507751464844,80.4538345336914,75.95501708984375,74.88101959228516,65.1849136352539,57.0704231262207,31560.998046875,464.245849609375,202.02206420898438,127.54933166503906,111.42619323730469,103.55045318603516,90.44839477539062,75.49738311767578,61.1211051940918
470000,480001,17,9,253,199,1,43336.41796875,971.3809814453125,414.777587890625,266.5444030761719,172.52093505859375,129.32586669921875,119.33525848388672,101.64656829833984,96.6581802368164,93.21405029296875,90.4194564819336,87.64788055419922,79.30180358886719,72.71641540527344,67.6552963256836,64.02991485595703,58.173095703125,31564.77734375,460.1333312988281,196.08421325683594,126.50782012939453,102.21027374267578,91.68714141845703,80.70872497558594,75.76734161376953,61.67901611328125
475000,485001,17,9,251,198,0,43587.875,726.7665405273438,423.81976318359375,225.51678466796875,179.6419219970703,156.45724487304688,119.2166976928711,107.43856811523438,100.56709289550781,97.40009307861328,88.50662994384766,81.08396911621094,75.34139251708984,74.21197509765625,68.22693634033203,63.85555648803711,59.27916717529297,31738.306640625,431.0805969238281,176.7244415283203,129.7379150390625,109.01275634765625,97.92835235595703,77.73043823242188,76.41215515136719,64.21365356445312
475000,485001,17,9,251,198,1,43512.81640625,728.09423828125,419.01678466796875,232.7260284423828,181.19744873046875,155.3297576904297,126.1808090209961,116.87612915039062,99.85107421875,96.02264404296875,89.75513458251953,81.12474060058594,75.12267303466797,72.70640563964844,68.12775421142578,66.63826751708984,62.71165084838867,31683.376953125,433.561767578125,180.98243713378906,130.97837829589844,114.98631286621094,93.96532440185547,91.1731185913086,76.18157196044922,71.71089935302734
480000,490001,17,9,252,193,0,43510.23828125,798.1837768554688,392.4787902832031,274.1655578613281,182.4442901611328,158.3343505859375,138.78982543945312,111.79029083251953,107.79252624511719,99.0050277709961,89.2145767211914,78.37638092041016,75.35585021972656,70.2071762084961,67.61642456054688,65.67157745361328,59.150596618652344,31729.869140625,486.5568542480469,217.16351318359375,142.9056854248047,108.50908660888672,96.13758087158203,79.5084457397461,74.24988555908203,68.20272827148438
480000,490001,17,9,252,193,1,43508.9921875,786.8934326171875,393.8443298339844,261.6595458984375,178.54237365722656,164.180908203125,136.68814086914062,115.22247314453125,98.16079711914062,92.98594665527344,88.52498626708984,82.69361877441406,79.73343658447266,75.82098388671875,67.78897094726562,63.593650817871094,53.043479919433594,31725.015625,481.7940368652344,205.0037841796875,141.52073669433594,108.86798095703125,89.3625717163086,83.41342163085938,76.2134017944336,60.3767204284668
485000,495001,17,9,250,197,0,43069.16796875,761.2948608398438,352.2169494628906,238.28445434570312,190.59597778320312,141.72970581054688,126.10941314697266,111.77664947509766,104.63813018798828,92.71153259277344,91.80328369140625,80.1397705078125,75.71399688720703,71.20294952392578,64.49571990966797,62.136837005615234,56.21998977661133,31375.517578125,368.4176025390625,180.94186401367188,129.8545379638672,96.14952087402344,80.47193908691406,74.65730285644531,68.30000305175781,61.07870101928711
485000,495001,17,9,250,197,1,43122.36328125,769.9600219726562,333.80908203125,219.5213165283203,169.4853973388672,140.28439331054688,126.48184204101562,108.53742980957031,104.08378601074219,99.58619689941406,93.33263397216797,83.89559936523438,80.17578887939453,73.0628662109375,70.17584228515625,67.37657928466797,60.684207916259766,31411.97265625,360.05902099609375,178.53948974609375,130.7064208984375,99.65181732177734,96.75822448730469,83.16383361816406,73.36746978759766,62.026611328125
490000,500001,17,9,254,194,0,43883.9140625,798.122314453125,415.66650390625,270.3474426269531,189.91635131835938,170.6111602783203,141.47616577148438,133.30421447753906,109.09867858886719,99.3631591796875,92.466552734375,83.64503479003906,81.50423431396484,77.65937042236328,69.60421752929688,62.69186019897461,58.410743713378906,32017.525390625,441.4949035644531,210.2730712890625,160.55084228515625,125.70619201660156,90.23762512207031,82.68601989746094,67.29350280761719,60.84274673461914
490000,500001,17,9,254,194,1,43908.6796875,793.8578491210938,396.314453125,258.99169921875,186.60430908203125,162.8814239501953,139.71511840820312,117.79042053222656,104.3816146850586,99.03478240966797,86.25504302978516,85.36688232421875,77.73198699951172,71.73799896240234,67.57117462158203,62.342037200927734,58.605167388916016,32038.4765625,413.38995361328125,209.85061645507812,146.0878143310547,108.18925476074219,97.93704986572266,78.62447357177734,68.22338104248047,64.91694641113281
495000,505001,17,9,255,192,0,43706.33984375,771.9346313476562,403.0696716308594,225.37506103515625,185.65089416503906,160.65235900878906,138.38003540039062,108.22745513916016,106.71753692626953,103.9055404663086,99.60417175292969,92.0915756225586,85.76173400878906,82.50804138183594,78.76786804199219,71.24675750732422,64.14698791503906,31801.765625,397.0675354003906,193.7439422607422,147.9161376953125,104.0887451171875,97.74301147460938,92.0937728881836,83.61836242675781,78.76062774658203
495000,505001,17,9,255,192,1,43702.00390625,770.0895385742188,399.05694580078125,210.70779418945312,182.08091735839844,144.7763671875,129.85943603515625,111.58927917480469,105.1280288696289,99.84502410888672,97.35598754882812,88.99231719970703,80.2903823852539,78.2376937866211,69.19971466064453,67.6814193725586,62.097774505615234,31800.705078125,393.5693359375,187.8238525390625,138.69476318359375,99.86152648925781,97.32727813720703,88.68331146240234,82.70655822753906,76.29021453857422
500000,510001,17,9,251,191,0,44503.91015625,996.023681640625,373.5745544433594,290.96160888671875,180.161865234375,165.99607849121094,133.33261108398438,118.39073181152344,102.84326171875,88.71147918701172,86.17092895507812,82.86376953125,73.8860855102539,72.29120635986328,71.9437026977539,67.74191284179688,58.86020278930664,32362.291015625,419.8526916503906,239.81443786621094,169.3292999267578,112.91423034667969,91.65467834472656,81.75249481201172,74.39064025878906,72.01705169677734
500000,510001,17,9,251,191,1,44473.40625,992.2033081054688,386.829833984375,288.8881530761719,177.440185546875,175.291748046875,149.5518035888672,115.57378387451172,106.72676086425781,102.91191864013672,95.2099838256836,91.39277648925781,87.23143768310547,80.59915924072266,71.95445251464844,70.37989044189453,66.23246002197266,32342.185546875,418.1942138671875,242.54974365234375,167.77813720703125,116.76416015625,93.20551300048828,89.25468444824219,81.1895751953125,68.77473449707031
505000,515001,17,9,256,202,0,45546.453125,869.7449951171875,418.0278015136719,259.1358337402344,185.55006408691406,163.88702392578125,149.70205688476562,130.39906311035156,116.71334838867188,109.48372650146484,107.98931121826172,93.9163818359375,85.46125793457031,74.60993957519531,71.75067138671875,68.93768310546875,65.1960678100586,33166.2109375,444.1070251464844,189.52996826171875,131.8948516845703,116.69437408447266,112.0077896118164,81.62979125976562,74.27363586425781,68.0079345703125
505000,515001,17,9,256,202,1,45461.375,885.5506591796875,421.81591796875,259.95684814453125,186.199951171875,165.99183654785156,137.68348693847656,126.4395523071289,123.17890930175781,105.44320678710938,101.33824920654297,92.02777099609375,86.82106018066406,78.3236083984375,70.33453369140625,66.931884765625,62.589500427246094,33109.78125,441.2217712402344,178.93772888183594,133.4905242919922,118.48753356933594,109.75271606445312,94.85517883300781,75.2125244140625,67.48442077636719
510000,520001,17,9,255,199,0,45008.3203125,874.7479248046875,501.6993408203125,251.55152893066406,196.02613830566406,170.65858459472656,145.50440979003906,127.69099426269531,116.76078033447266,104.33145141601562,96.36756896972656,92.91414642333984,85.39157104492188,79.89739227294922,73.61801147460938,71.33818817138672,63.4077033996582,32720.205078125,468.583251953125,219.57077026367188,149.5792999267578,125.04523468017578,98.85579681396484,94.54177856445312,84.47920227050781,76.15986633300781
510000,520001,17,9,255,199,1,45066.765625,871.5401611328125,498.4543762207031,240.1187744140625,190.16551208496094,155.93801879882812,126.7682113647461,111.96154022216797,104.58841705322266,102.6414794921875,92.95140838623047,89.74678039550781,82.56710052490234,74.58867645263672,70.96846771240234,69.61062622070312,64.58881378173828,32765.216796875,463.181396484375,215.31784057617188,135.06442260742188,106.97174072265625,90.3423080444336,87.33280944824219,74.59080505371094,68.30621337890625
515000,525001,17,9,251,201,0,44756.125,837.951416015625,362.0596923828125,245.14064025878906,195.40818786621094,158.6592559814453,136.36012268066406,119.70744323730469,106.56775665283203,104.44112396240234,92.8001937866211,87.90170288085938,85.04708099365234,74.1126708984375,67.90888214111328,63.05082321166992,58.4279899597168,32624.5078125,392.06695556640625,197.69480895996094,130.1655731201172,113.63371276855469,93.50633239746094,85.66183471679688,76.96036529541016,66.45950317382812
515000,525001,17,9,251,201,1,44693.42578125,835.0091552734375,368.9144592285156,237.71224975585938,182.3383026123047,143.2674560546875,124.74979400634766,108.85154724121094,103.49637603759766,100.41985321044922,95.40282440185547,87.02580261230469,77.45807647705078,77.40936279296875,71.5616455078125,66.30555725097656,64.39286041259766,32577.578125,406.00732421875,199.75177001953125,113.67698669433594,112.43647003173828,89.79064178466797,86.16743469238281,75.95559692382812,67.77787780761719
520000,530001,17,9,252,203,0,44416.16015625,854.2933959960938,416.0129089355469,297.7461853027344,205.8584442138672,198.05523681640625,174.260986328125,148.4918212890625,120.63481903076172,99.14655303955078,91.66519927978516,82.6804428100586,82.50875854492188,80.60649108886719,72.24057006835938,69.25897979736328,64.79727172851562,32346.32421875,504.7188415527344,227.03274536132812,174.9691925048828,111.59241485595703,97.18474578857422,85.2964859008789,78.31967163085938,71.01115417480469
520000,530001,17,9,252,203,1,44453.23046875,869.29443359375,415.67041015625,305.8873291015625,200.4077606201172,186.01100158691406,170.83868408203125,139.80810546875,117.01436614990234,99.56291961669922,94.90997314453125,89.78559112548828,81.39427185058594,79.53321838378906,71.68897247314453,66.74929809570312,62.843040466308594,32370.0859375,511.0819091796875,218.33636474609375,168.94677734375,107.8844223022461,102.03429412841797,90.9714584350586,82.1416015625,74.36714172363281
525000,535001,17,9,254,202,0,45006.96875,888.0226440429688,465.3243408203125,264.8088684082031,211.142333984375,148.1281280517578,144.21820068359375,113.66815185546875,103.00457763671875,99.47718048095703,93.25248718261719,86.07482147216797,80.45767211914062,72.52063751220703,67.63329315185547,63.409332275390625,61.66014099121094,32804.015625,456.95452880859375,202.61947631835938,142.48477172851562,101.58224487304688,97.52708435058594,85.48634338378906,68.98706817626953,66.51107788085938
525000,535001,17,9,254,202,1,45069.53125,890.6738891601562,461.4820861816406,273.1482849121094,201.98861694335938,152.56869506835938,149.65171813964844,115.53900146484375,106.32833862304688,97.36312866210938,89.41732788085938,83.22441101074219,75.55758666992188,67.30721282958984,62.87519073486328,59.134159088134766,55.0064697265625,32852.55078125,456.4534606933594,209.8186798095703,141.94873046875,107.68018341064453,94.99828338623047,86.87802124023438,65.52725219726562,56.08995819091797
530000,540001,17,9,252,203,0,45380.01953125,831.888916015625,362.1272277832031,237.52586364746094,187.88125610351562,137.4934844970703,120.87411499023438,111.04971313476562,107.03441619873047,91.93260192871094,83.48739624023438,80.23036193847656,76.62750244140625,73.66786193847656,66.42322540283203,62.72890853881836,60.269657135009766,33075.41796875,398.9397888183594,179.71926879882812,131.61570739746094,114.69068908691406,91.2042465209961,81.74295043945312,71.18679809570312,64.78363037109375
530000,540001,17,9,252,203,1,45384.03515625,825.6453857421875,350.8735046386719,235.61343383789062,169.76898193359375,128.35049438476562,118.4141616821289,108.72034454345703,97.13368225097656,89.43384552001953,85.0853271484375,81.13746643066406,75.79862976074219,72.46055603027344,69.00897216796875,63.190704345703125,58.99346160888672,33076.75,396.47564697265625,170.99557495117188,124.6630859375,109.48025512695312,85.2542953491211,80.59368133544922,72.98632049560547,62.57344055175781
535000,545001,17,9,250,194,0,44471.76953125,842.35498046875,494.9579162597656,314.9172058105469,182.71673583984375,164.08984375,134.9859161376953,128.56935119628906,109.71231079101562,106.92991638183594,98.24247741699219,92.58607482910156,88.40968322753906,81.44224548339844,75.60099792480469,73.3916244506836,68.38333892822266,32361.576171875,547.2376708984375,208.30841064453125,143.45184326171875,132.99180603027344,110.85115814208984,96.50132751464844,80.88849639892578,80.39977264404297
535000,545001,17,9,250,194,1,44408.734375,840.5955200195312,496.40447998046875,300.61395263671875,180.44708251953125,152.68515014648438,144.2756805419922,127.2735824584961,116.92247009277344,104.64578247070312,100.75605010986328,90.91437530517578,89.2054214477539,81.41703796386719,77.92086029052734,69.59563446044922,66.80636596679688,32317.98828125,553.2050170898438,202.7804412841797,157.28045654296875,130.80252075195312,112.52847290039062,93.93448638916016,82.13154602050781,74.16699981689453
540000,550001,17,9,252,209,0,45267.60546875,774.127197265625,336.1995544433594,206.6200714111328,164.43116760253906,133.07888793945312,112.8003158569336,102.51997375488281,92.18257141113281,85.39256286621094,77.1015853881836,73.89262390136719,72.617919921875,68.04400634765625,63.125244140625,60.99079895019531,55.340641021728516,33007.2890625,353.106201171875,181.7574920654297,122.98921966552734,88.38026428222656,81.89138793945312,73.20233154296875,65.66028594970703,63.00821304321289
540000,550001,17,9,252,209,1,45252.12890625,768.7694702148438,340.963623046875,209.41241455078125,163.21372985839844,136.30465698242188,116.50739288330078,98.85498809814453,92.88874053955078,89.3012466430664,79.43479919433594,73.42953491210938,69.67037963867188,65.87861633300781,62.46343994140625,58.758968353271484,53.731101989746094,33000.69140625,356.9994201660156,179.56634521484375,129.68484497070312,101.68275451660156,82.1790542602539,77.97484588623047,67.06988525390625,63.776222229003906
545000,555001,17,9,250,203,0,44655.89453125,786.2000732421875,356.3291320800781,235.12380981445312,170.86244201660156,156.14089965820312,128.03697204589844,111.07177734375,101.00048065185547,91.00318908691406,88.85813903808594,83.38896179199219,77.78572082519531,76.91868591308594,67.35580444335938,64.75731658935547,63.063777923583984,32510.208984375,376.4894104003906,177.70228576660156,124.41199493408203,101.58203125,89.53775024414062,85.4046401977539,77.23310089111328,69.8648452758789
545000,555001,17,9,250,203,1,44673.48046875,787.5177612304688,361.7575988769531,234.0157470703125,184.79444885253906,177.46836853027344,142.68797302246094,121.59092712402344,106.38123321533203,92.50950622558594,88.46793365478516,84.83136749267578,82.02433776855469,76.1869888305664,70.71977996826172,65.6203384399414,62.996883392333984,32522.26953125,392.0234680175781,190.0966033935547,138.49102783203125,107.86276245117188,95.33489990234375,84.33390808105469,72.12029266357422,66.99656677246094
550000,560001,17,9,250,205,0,44582.91015625,786.0308227539062,456.127685546875,283.2162170410156,172.8224334716797,146.68780517578125,131.12754821777344,118.99827575683594,107.88899993896484,99.31938171386719,94.77705383300781,86.88610076904297,85.47663116455078,82.50935363769531,72.74986267089844,69.97090911865234,68.1711654663086,32455.884765625,419.7919006347656,175.5449981689453,145.94503784179688,111.80281066894531,87.68816375732422,87.22119140625,83.2781753540039,76.56354522705078
550000,560001,17,9,250,205,1,44658.3359375,792.8636474609375,445.38909912109375,275.5585021972656,183.88931274414062,145.52015686035156,132.47080993652344,119.64398956298828,111.16654205322266,110.02870178222656,95.30622100830078,88.56102752685547,85.57051086425781,80.68501281738281,77.0086441040039,71.9977798461914,63.04999542236328,32511.822265625,418.9009094238281,168.98037719726562,143.09274291992188,115.92060089111328,94.97834777832031,90.25492095947266,79.16815948486328,73.08122253417969
555000,565001,17,9,253,201,0,46046.21875,809.9766845703125,382.5379638671875,202.43727111816406,186.97601318359375,145.59869384765625,130.803955078125,120.71649932861328,105.84942626953125,96.9509048461914,92.0941162109375,83.66735076904297,75.44148254394531,73.85089111328125,70.44530487060547,63.71571731567383,59.661434173583984,33538.66015625,402.67926025390625,190.09381103515625,125.74398040771484,106.62373352050781,96.02193450927734,85.96114349365234,71.86551666259766,66.5687255859375
555000,565001,17,9,253,201,1,46103.921875,815.82666015625,387.4790344238281,210.10147094726562,186.38388061523438,142.62286376953125,124.98431396484375,113.57920837402344,107.85939025878906,94.76519775390625,86.1221694946289,77.29170227050781,69.25105285644531,67.30294036865234,64.65287017822266,57.96422576904297,56.06852722167969,33579.28515625,392.8196105957031,183.23397827148438,130.28273010253906,108.49191284179688,94.65416717529297,78.14105224609375,63.10251235961914,61.21050262451172
560000,570001,17,9,254,206,0,46435.7734375,986.9093017578125,448.48431396484375,291.2613525390625,208.0922393798828,164.97140502929688,155.9817657470703,118.09896850585938,113.4069595336914,97.09314727783203,90.27295684814453,80.3983154296875,79.0731201171875,73.93309020996094,68.24871063232422,66.38355255126953,57.7728157043457,33837.8359375,540.4938354492188,257.71258544921875,153.30105590820312,120.88623046875,105.13212585449219,81.8575210571289,71.70592498779297,59.099483489990234
560000,570001,17,9,254,206,1,46387.26953125,992.1491088867188,452.926513671875,306.9974670410156,213.2855987548828,169.57989501953125,157.2757568359375,124.2865982055664,109.40991973876953,101.28327178955078,93.88643646240234,79.82369995117188,79.03153991699219,76.42157745361328,69.96153259277344,65.48839569091797,58.257347106933594,33803.2421875,565.477294921875,276.9182434082031,164.20216369628906,115.95733642578125,106.75577545166016,80.547607421875,72.40931701660156,67.53265380859375
565000,575001,17,9,251,204,0,45644.50390625,708.8003540039062,367.1068115234375,242.19741821289062,194.1372833251953,161.83534240722656,126.45256805419922,114.66333770751953,103.57096099853516,98.02037811279297,85.20368957519531,80.39015197753906,78.9453125,72.6656265258789,61.51310729980469,59.910797119140625,58.43917465209961,33283.01171875,405.65423583984375,219.3294677734375,140.08786010742188,106.10057830810547,101.70772552490234,88.95204162597656,73.13550567626953,70.2103042602539
565000,575001,17,9,251,204,1,45606.52734375,716.847900390625,362.02642822265625,239.62249755859375,189.62332153320312,160.46519470214844,119.05609130859375,106.06922149658203,97.1868667602539,91.5387191772461,82.98040771484375,76.9713134765625,72.74207305908203,68.28430938720703,62.24976348876953,60.5152587890625,58.56566619873047,33255.4921875,405.77252197265625,216.61520385742188,122.48713684082031,110.4204330444336,94.37720489501953,84.99655151367188,73.20097351074219,63.66953659057617
570000,580001,17,9,250,216,0,45777.26953125,813.1256713867188,394.4691162109375,235.77366638183594,170.20916748046875,150.31350708007812,133.4901580810547,126.33592987060547,106.53009033203125,102.74667358398438,100.6165542602539,90.54035186767578,84.19746398925781,77.74229431152344,73.5419692993164,70.52972412109375,65.49394226074219,33326.61328125,387.7982177734375,197.81727600097656,143.06295776367188,117.95153045654297,96.92143249511719,87.1803207397461,82.06217193603516,71.90743255615234
570000,580001,17,9,250,216,1,45717.828125,801.4415893554688,379.08148193359375,234.42489624023438,170.36314392089844,144.00389099121094,126.9244384765625,117.85028839111328,105.60074615478516,98.0604248046875,90.07720184326172,83.83464813232422,80.55378723144531,74.96644592285156,69.19844055175781,64.89684295654297,62.56527328491211,33284.0390625,378.45770263671875,179.82589721679688,133.17079162597656,109.11729431152344,90.56561279296875,88.13502502441406,77.7171630859375,67.43244171142578
575000,585001,17,9,249,208,0,46335.21484375,759.7510986328125,412.2552185058594,263.0564880371094,161.85694885253906,150.59234619140625,138.2512969970703,112.99140930175781,107.1844711303711,100.932373046875,91.12770080566406,86.3493423461914,79.47490692138672,72.81584930419922,68.47895050048828,64.43983459472656,58.17455291748047,33776.0078125,428.0242614746094,176.2725372314453,144.3668975830078,108.50398254394531,93.81037139892578,85.11066436767578,80.59540557861328,68.75740051269531
575000,585001,17,9,249,208,1,46345.66796875,763.2066040039062,413.2930603027344,263.2669677734375,162.37171936035156,148.98532104492188,134.67239379882812,114.67630004882812,100.08063507080078,94.71743774414062,88.89388275146484,83.28321075439453,74.49095916748047,69.39936828613281,64.49398803710938,62.368099212646484,59.174468994140625,33787.0703125,427.6708068847656,176.6226806640625,130.2797393798828,98.78987121582031,87.48883819580078,85.18746948242188,72.23979187011719,62.333194732666016
580000,590001,17,9,251,200,0,47269.76953125,832.0930786132812,326.7430114746094,226.24099731445312,208.60362243652344,147.75003051757812,125.46485900878906,118.92530059814453,104.40188598632812,87.0611343383789,84.87242889404297,77.01834106445312,73.61931610107422,66.28338623046875,63.972694396972656,61.50307083129883,55.70686340332031,34473.3984375,393.090576171875,212.99749755859375,142.1199493408203,118.02641296386719,86.95237731933594,78.55642700195312,75.86419677734375,62.68238067626953
580000,590001,17,9,251,200,1,47270.6953125,811.7320556640625,327.87518310546875,221.58616638183594,211.83383178710938,150.161865234375,123.53348541259766,113.76897430419922,102.85828399658203,95.76566314697266,85.84242248535156,81.19426727294922,76.0657730102539,74.17695617675781,69.15887451171875,60.66122055053711,56.873233795166016,34473.71484375,388.0233154296875,210.03285217285156,135.07618713378906,120.00809478759766,96.16510772705078,83.86963653564453,78.36498260498047,58.346683502197266
585000,595001,17,9,252,207,0,46349.7265625,734.5032958984375,353.0517272949219,236.61802673339844,160.37823486328125,128.4746856689453,110.5438003540039,104.02601623535156,98.95379638671875,92.75648498535156,86.03485870361328,81.81578826904297,78.98394775390625,71.4134521484375,67.18878173828125,65.66600799560547,59.53670883178711,33812.03125,369.79296875,177.86187744140625,130.90280151367188,97.66706085205078,83.86363220214844,79.150390625,77.44525146484375,66.94096374511719
585000,595001,17,9,252,207,1,46388.4765625,732.9805908203125,353.7091979980469,231.92469787597656,155.77574157714844,143.21824645996094,110.06380462646484,104.31927490234375,97.9676513671875,87.32195281982422,80.41886901855469,78.70841979980469,75.63777160644531,70.34266662597656,64.29048156738281,62.11363983154297,57.47709274291992,33843.35546875,374.7539978027344,169.22024536132812,126.10758209228516,101.54296112060547,89.17671966552734,76.23178100585938,72.30905151367188,65.73464965820312
590000,600001,17,9,254,212,0,47164.74609375,679.7774658203125,321.01617431640625,216.83920288085938,164.530517578125,138.78775024414062,126.08184051513672,107.21003723144531,93.94901275634766,90.85355377197266,87.15503692626953,81.36711120605469,74.94163513183594,73.01530456542969,64.86851501464844,62.281089782714844,59.57878494262695,34361.53515625,359.6078186035156,188.76832580566406,138.4983367919922,98.43778228759766,93.98453521728516,82.93821716308594,82.29393005371094,64.29444122314453
590000,600001,17,9,254,212,1,47153.0859375,681.809814453125,330.5790100097656,215.56866455078125,154.5061492919922,133.05455017089844,127.06078338623047,107.05907440185547,95.85305786132812,85.71017456054688,83.05518341064453,80.25069427490234,78.32328033447266,70.16451263427734,66.187255859375,65.57935333251953,59.42879104614258,34356.015625,365.1276550292969,187.88201904296875,121.20147705078125,96.69808959960938,85.42758178710938,81.36824798583984,70.82732391357422,70.03821563720703
595000,605001,17,9,250,205,0,45721.88671875,1322.6910400390625,488.2279357910156,274.938720703125,185.0929718017578,171.8092803955078,142.31460571289062,125.75862884521484,110.62983703613281,98.13176727294922,87.68668365478516,84.9020767211914,80.05491638183594,74.14909362792969,70.67720794677734,63.6527214050293,59.93059158325195,33316.05859375,343.7735595703125,214.19558715820312,127.99778747558594,124.24161529541016,95.87299346923828,83.25987243652344,77.38162994384766,69.46939849853516
595000,605001,17,9,250,205,1,45717.1171875,1305.194580078125,454.36346435546875,275.43194580078125,170.28341674804688,160.1871337890625,142.6145477294922,128.85655212402344,106.37364959716797,94.85336303710938,89.51494598388672,81.31954956054688,76.56851959228516,73.83052062988281,69.81439208984375,65.67132568359375,60.20657730102539,33312.36328125,336.772705078125,194.65496826171875,132.19468688964844,122.20787811279297,108.50320434570312,81.8425521850586,75.54920959472656,66.07015228271484
600000,610001,17,9,255,199,0,46895.0390625,682.5238037109375,384.63909912109375,234.5237579345703,159.6243133544922,139.8871307373047,126.40791320800781,111.4280776977539,100.7605972290039,91.28236389160156,81.9468994140625,77.55329132080078,72.45616149902344,67.17546844482422,64.3135757446289,60.45823669433594,56.11182403564453,34182.56640625,357.4082336425781,185.19338989257812,127.72525024414062,98.7413330078125,83.47313690185547,77.08543395996094,66.6220703125,61.09939956665039
600000,610001,17,9,255,199,1,46924.953125,680.2263793945312,376.6174011230469,218.69786071777344,158.69287109375,145.43023681640625,123.87553405761719,107.70423126220703,95.17860412597656,89.67754364013672,86.7177734375,76.02207946777344,71.40811157226562,70.10286712646484,66.71469116210938,58.83275604248047,57.874656677246094,34202.109375,356.0722351074219,185.49981689453125,128.41404724121094,101.77406311035156,90.18081665039062,75.28587341308594,70.27143096923828,65.32234954833984
605000,615001,17,9,253,197,0,47237.71875,906.369873046875,419.48065185546875,264.9071044921875,186.44940185546875,155.4355010986328,145.4579620361328,120.29288482666016,109.26305389404297,98.6211929321289,86.7696533203125,82.19757843017578,78.84896850585938,76.62431335449219,69.11246490478516,62.106624603271484,61.22935485839844,34395.06640625,464.9681091308594,258.7445983886719,163.19647216796875,124.96511840820312,92.78508758544922,83.27937316894531,78.79838562011719,75.27185821533203
605000,615001,17,9,253,197,1,47206.890625,904.962158203125,423.60858154296875,266.3147888183594,178.09629821777344,159.9605712890625,142.94081115722656,118.14605712890625,105.18817901611328,92.95459747314453,87.68186950683594,82.51834869384766,79.48141479492188,78.19657897949219,70.7843246459961,68.19136810302734,59.105072021484375,34372.43359375,451.3734130859375,251.45440673828125,161.06692504882812,122.44461822509766,88.25883483886719,86.26475524902344,82.24127960205078,77.770751953125
610000,620001,17,9,250,207,0,46764.96484375,863.90185546875,428.115966796875,379.1875,206.62179565429688,156.88929748535156,143.73153686523438,114.72269439697266,108.88893127441406,98.6848373413086,90.45362854003906,84.43091583251953,80.92223358154297,78.40737915039062,70.41789245605469,67.45597839355469,62.715152740478516,34080.3671875,453.43402099609375,191.6926727294922,143.01516723632812,107.87918090820312,95.3363265991211,86.45551300048828,80.17652893066406,65.27720642089844
610000,620001,17,9,250,207,1,46776.9140625,871.981201171875,422.7691345214844,374.4110107421875,202.92079162597656,164.82638549804688,141.80557250976562,123.47045135498047,111.35205078125,102.5249252319336,97.47923278808594,85.40682983398438,82.96047973632812,80.0468978881836,73.64570617675781,66.69717407226562,63.50306701660156,34091.37109375,444.5478515625,182.06243896484375,146.94357299804688,117.4640121459961,95.73765563964844,82.79783630371094,69.95902252197266,66.91094970703125
615000,625001,17,9,252,217,0,47356.6953125,768.7459716796875,427.9515686035156,252.92945861816406,176.65196228027344,151.9751434326172,142.4694061279297,124.24798583984375,99.8951644897461,93.87327575683594,88.36547088623047,84.86295318603516,81.17266845703125,77.82858276367188,69.7720947265625,65.19376373291016,59.54523849487305,34462.5234375,459.3022155761719,217.6685791015625,147.4207763671875,133.54127502441406,96.18123626708984,85.31452178955078,79.43992614746094,65.01187896728516
615000,625001,17,9,252,217,1,47383.08984375,765.0463256835938,423.3841247558594,253.19009399414062,190.26197814941406,157.6213836669922,141.35096740722656,121.8716049194336,100.42630767822266,88.5892105102539,82.64414978027344,78.31575012207031,72.44390106201172,69.23397064208984,67.54743957519531,63.9227294921875,57.0981559753418,34486.59375,452.1153259277344,233.32418823242188,158.892822265625,124.13680267333984,83.70199584960938,75.22034454345703,73.70153045654297,60.46048355102539
620000,630001,17,9,255,219,0,48229.01953125,864.3275756835938,419.95843505859375,257.63201904296875,172.3943328857422,156.28456115722656,141.70269775390625,111.6316909790039,100.16796112060547,94.97540283203125,91.16419982910156,88.27376556396484,76.66473388671875,73.86967468261719,68.62663269042969,66.32817077636719,63.00600814819336,35097.828125,369.1169738769531,179.71888732910156,126.44276428222656,111.65641784667969,95.7018814086914,85.01476287841797,74.22461700439453,67.77284240722656
620000,630001,17,9,255,219,1,48189.859375,879.3878173828125,465.07568359375,284.4717102050781,172.29708862304688,151.3821258544922,134.67709350585938,122.40225219726562,99.91182708740234,92.75391387939453,85.80940246582031,80.89030456542969,72.60452270507812,67.5453109741211,65.20767211914062,57.40583419799805,55.376094818115234,35065.46484375,374.6842956542969,182.8121795654297,136.1660614013672,109.05154418945312,94.1364517211914,80.62150573730469,71.79304504394531,61.64835739135742
625000,635001,17,9,253,207,0,48145.61328125,776.0195922851562,356.63507080078125,227.1738739013672,185.76463317871094,161.49136352539062,121.5181655883789,115.73353576660156,102.90486907958984,94.7612075805664,90.45291137695312,82.41682434082031,76.08460998535156,71.95088958740234,71.30587768554688,63.376644134521484,59.43650436401367,35074.75390625,441.5294494628906,178.35716247558594,130.73731994628906,108.71372985839844,88.5107192993164,82.78721618652344,73.0489273071289,64.63904571533203
625000,635001,17,9,253,207,1,48196.32421875,776.208740234375,362.09832763671875,260.9089050292969,197.59649658203125,170.78135681152344,125.24838256835938,118.39787292480469,100.8487777709961,91.43626403808594,90.27283477783203,85.96794891357422,75.01581573486328,73.87381744384766,70.41143798828125,66.7607650756836,64.74859619140625,35113.953125,455.8580322265625,184.44735717773438,137.7364044189453,100.25790405273438,92.84674072265625,84.38422393798828,78.48390197753906,71.79591369628906
630000,640001,17,9,251,208,0,48563.90234375,760.0218505859375,348.4371032714844,246.75775146484375,176.58566284179688,146.6584014892578,118.12157440185547,116.98174285888672,97.05331420898438,91.09596252441406,88.18708801269531,83.98869323730469,76.33963012695312,72.02792358398438,65.89070129394531,61.67249298095703,55.042640686035156,35338.1171875,407.7244567871094,186.3280792236328,146.98336791992188,111.6058120727539,90.87870025634766,90.30757141113281,69.53160095214844,60.19245147705078
630000,640001,17,9,251,208,1,48567.71484375,770.62744140625,353.8249816894531,234.28355407714844,164.78453063964844,143.01524353027344,116.00393676757812,107.91827392578125,90.81000518798828,88.0532455444336,84.4509048461914,79.61389923095703,78.93695068359375,73.0229721069336,71.61083221435547,65.38202667236328,61.55007553100586,35341.16015625,428.1588439941406,171.61361694335938,139.8127899169922,91.71089172363281,85.42489624023438,79.28519439697266,74.388671875,69.13742065429688
635000,645001,17,9,251,209,0,47425.05078125,1049.09912109375,376.93280029296875,255.5390167236328,188.14242553710938,150.2847900390625,137.00308227539062,115.09529876708984,105.4078598022461,98.98934173583984,88.54985046386719,80.34912872314453,75.332763671875,66.69033813476562,62.5189208984375,58.49474334716797,56.21795654296875,34539.73828125,403.17352294921875,187.60574340820312,136.86154174804688,106.84564208984375,85.99578094482422,80.46057891845703,77.55017852783203,70.07966613769531
635000,645001,17,9,251,209,1,47416.0390625,1037.7596435546875,379.5747985839844,252.6278076171875,193.09629821777344,149.35684204101562,139.56143188476562,118.1998062133789,108.2616958618164,105.33692932128906,104.03563690185547,94.41836547851562,87.16002655029297,76.68158721923828,70.86302185058594,69.09193420410156,56.91154479980469,34533.12109375,400.271484375,191.2906494140625,138.47271728515625,114.55327606201172,108.57836151123047,88.06848907470703,81.59881591796875,70.66194152832031
640000,650001,17,9,253,203,0,47219.75390625,872.3939819335938,425.5884094238281,280.4109802246094,193.81185913085938,150.0503692626953,108.15481567382812,103.59371948242188,99.71210479736328,91.6659164428711,84.09246826171875,81.72946166992188,77.61831665039062,74.0439453125,67.44773864746094,60.32186508178711,58.32882308959961,34480.5625,516.1842041015625,220.5078887939453,115.93131256103516,95.87859344482422,90.28797149658203,83.2303466796875,76.6622314453125,67.10004425048828
640000,650001,17,9,253,203,1,47205.75390625,861.6868286132812,421.90313720703125,274.7457580566406,190.5535430908203,150.82305908203125,126.15495300292969,112.88105773925781,101.06624603271484,92.34307861328125,86.59913635253906,81.24342346191406,78.2229232788086,73.58245849609375,71.36894989013672,62.77188491821289,57.495582580566406,34467.51953125,517.6358032226562,217.2834930419922,131.0183868408203,99.931640625,92.9610366821289,88.5345687866211,70.49789428710938,64.08834838867188
645000,655001,17,9,252,210,0,48230.9609375,730.8833618164062,395.4131774902344,226.39076232910156,182.9001922607422,154.60986328125,132.54286193847656,116.0023422241211,105.44651794433594,101.75735473632812,90.6816635131836,84.61318969726562,76.19349670410156,69.99779510498047,66.43403625488281,63.96430206298828,57.157588958740234,35172.38671875,463.3021545410156,189.45486450195312,154.91017150878906,111.7469711303711,96.93388366699219,86.26255798339844,67.43651580810547,63.593135833740234
645000,655001,17,9,252,210,1,48235.125,718.6831665039062,401.5201416015625,219.8278350830078,200.93077087402344,152.98736572265625,132.88436889648438,110.57813262939453,102.68598175048828,97.7334213256836,91.76823425292969,85.5481185913086,80.19722747802734,77.56058502197266,68.401611328125,62.64601135253906,56.151123046875,35174.7109375,461.2147216796875,203.0938720703125,151.13255310058594,95.31491088867188,92.7459487915039,87.62672424316406,68.06865692138672,61.05085754394531
650000,660001,17,9,255,207,0,48015.25,830.4805297851562,356.1283264160156,252.9551544189453,179.39727783203125,138.30638122558594,125.70040130615234,116.3463134765625,99.13262176513672,93.17058563232422,82.17489624023438,78.69776916503906,72.34603881835938,70.45954132080078,66.08010864257812,64.78118896484375,57.503971099853516,34994.484375,397.2040710449219,183.9857635498047,134.30674743652344,94.69760131835938,87.34335327148438,75.57662963867188,71.05905151367188,61.945255279541016
650000,660001,17,9,255,207,1,48043.7890625,821.5944213867188,351.9399719238281,242.3293914794922,171.66729736328125,140.4635467529297,127.89430236816406,95.90240478515625,90.28668212890625,81.08621215820312,76.47480010986328,70.96099090576172,68.0462646484375,63.906959533691406,59.255069732666016,56.27119827270508,53.824127197265625,35015.87890625,397.9881591796875,184.7655487060547,127.64087677001953,89.21658325195312,77.84072875976562,67.74174499511719,64.67733764648438,55.709842681884766
655000,665001,17,9,252,209,0,47269.03515625,695.5626831054688,370.06793212890625,251.416259765625,206.14169311523438,144.91976928710938,111.89766693115234,106.27632141113281,99.39865112304688,87.78003692626953,85.09930419921875,79.92887115478516,76.84651184082031,73.16798400878906,65.55119323730469,57.89860916137695,55.344154357910156,34437.72265625,379.4481201171875,207.97962951660156,116.33126068115234,102.87273406982422,88.26439666748047,79.58045959472656,73.65091705322266,64.74266815185547
655000,665001,17,9,252,209,1,47260.5703125,696.5728759765625,375.5964050292969,239.61834716796875,215.78773498535156,155.49826049804688,118.09545135498047,112.23988342285156,95.04386901855469,88.92227172851562,80.43104553222656,78.60977172851562,75.30303192138672,65.84773254394531,64.62425994873047,57.52869415283203,53.480899810791016,34434.83203125,379.8450927734375,206.36782836914062,121.53143310546875,113.685302734375,92.28014373779297,79.18106842041016,65.92231750488281,62.927162170410156
660000,670001,17,9,252,217,0,47403.17578125,805.6190185546875,418.84991455078125,239.20457458496094,173.3680419921875,159.92922973632812,126.50846862792969,118.90558624267578,103.14136505126953,94.87049865722656,91.77632904052734,88.33509826660156,76.74425506591797,75.07984161376953,72.0494613647461,64.9955062866211,59.29036331176758,34514.3203125,416.8022766113281,177.6095733642578,134.32029724121094,96.00346374511719,87.76055908203125,82.18421173095703,73.46553039550781,69.43211364746094
660000,670001,17,9,252,217,1,47464.5703125,799.8822021484375,419.3683166503906,239.94004821777344,185.4853973388672,169.030029296875,133.79905700683594,121.81523132324219,108.78641510009766,98.87898254394531,92.85224151611328,85.37004852294922,81.13372039794922,80.1057357788086,74.90159606933594,72.6579360961914,63.30510711669922,34561.43359375,419.84967041015625,183.82920837402344,151.18740844726562,105.75289154052734,96.3618392944336,84.25885009765625,80.5553207397461,66.3211898803711
665000,675001,17,9,253,214,0,47680.86328125,710.764892578125,364.7721862792969,262.35369873046875,158.7767333984375,125.46611785888672,113.4041976928711,106.79865264892578,100.66511535644531,83.50322723388672,76.81224060058594,72.72097778320312,68.14476013183594,65.95719146728516,64.1134033203125,56.803565979003906,52.380767822265625,34766.640625,401.80657958984375,207.45562744140625,119.46646881103516,103.95924377441406,83.36387634277344,73.24943542480469,67.29100799560547,62.728111267089844
665000,675001,17,9,253,214,1,47701.15625,715.022705078125,369.3725280761719,261.4091796875,173.77066040039062,138.2912139892578,132.84461975097656,101.14845275878906,96.88188171386719,86.41825103759766,83.22168731689453,76.06596374511719,69.94105529785156,67.85443115234375,63.238956451416016,62.233760833740234,56.74632263183594,34782.33984375,413.24346923828125,212.5052947998047,129.31077575683594,99.79649353027344,83.7840805053711,72.40638732910156,68.77762603759766,65.34415435791016
670000,680001,17,9,253,216,0,48090.5234375,887.1670532226562,472.0200500488281,275.31781005859375,172.30604553222656,153.19532775878906,134.29981994628906,122.49020385742188,109.52814483642578,96.7348403930664,86.73685455322266,81.21589660644531,78.88972473144531,77.02769470214844,67.453857421875,64.56106567382812,63.079410552978516,35007.015625,545.8526611328125,203.1645965576172,156.06553649902344,136.55043029785156,90.36046600341797,81.66812133789062,77.7847900390625,66.8031005859375
670000,680001,17,9,253,216,1,48144.1015625,910.6783447265625,474.71148681640625,276.25091552734375,174.7924346923828,155.83935546875,135.06675720214844,126.66105651855469,117.533203125,98.87724304199219,89.71150970458984,84.2004165649414,81.11138153076172,73.26914978027344,69.55810546875,65.00838470458984,58.75950241088867,35047.9375,558.5515747070312,210.240966796875,140.1548614501953,122.07722473144531,98.23878479003906,86.91108703613281,71.10726165771484,63.46670150756836
675000,685001,17,9,253,211,0,48928.59765625,838.05029296875,378.0986633300781,268.27764892578125,184.7312774658203,154.04701232910156,130.78990173339844,123.22555541992188,104.54866027832031,94.60074615478516,87.32250213623047,83.43193054199219,79.79195404052734,76.2569351196289,70.65890502929688,66.10000610351562,65.1047134399414,35661.6640625,435.6988220214844,200.1533660888672,123.48609161376953,109.3016586303711,92.50192260742188,82.6421890258789,74.90442657470703,68.5389175415039
675000,685001,17,9,253,211,1,48908.45703125,838.656005859375,380.6172180175781,261.8927307128906,202.37677001953125,151.2962646484375,148.30581665039062,113.88492584228516,111.8060073852539,97.33837127685547,90.26548767089844,86.27140045166016,77.49024200439453,73.95184326171875,68.52925872802734,65.73717498779297,63.038490295410156,35645.24609375,438.5865173339844,201.30294799804688,144.35189819335938,117.11275482177734,94.70670318603516,78.28450775146484,75.97368621826172,69.670654296875
680000,690001,17,9,252,212,0,48292.1484375,820.8048706054688,403.1399841308594,260.5552062988281,185.6416015625,149.81321716308594,142.2084503173828,111.0363998413086,92.92717742919922,90.03292846679688,84.2120590209961,75.49817657470703,72.73819732666016,68.76143646240234,64.11064910888672,58.80598449707031,56.13134765625,35200.79296875,436.47216796875,205.50103759765625,136.4214324951172,95.90696716308594,86.80876922607422,76.9791488647461,71.67932891845703,65.0804672241211
680000,690001,17,9,252,212,1,48298.8359375,825.49609375,422.4084167480469,266.2369689941406,193.39691162109375,143.8097686767578,134.11399841308594,109.2437515258789,96.5986099243164,92.2530746459961,82.91818237304688,80.09713745117188,76.46347045898438,69.53875732421875,64.81610107421875,61.21335220336914,59.01573944091797,35204.3671875,450.90887451171875,219.759033203125,128.38694763183594,101.9407958984375,86.43380737304688,83.02606964111328,69.86003875732422,66.40898132324219
685000,695001,17,9,254,213,0,48054.109375,857.22216796875,505.49615478515625,249.4635009765625,220.4486541748047,165.6649932861328,142.72174072265625,132.83665466308594,110.83638763427734,99.13802337646484,98.03204345703125,95.13361358642578,80.35174560546875,77.34144592285156,72.6895523071289,70.0682601928711,64.58647155761719,35014.09765625,446.989501953125,200.67617797851562,139.41317749023438,108.87987518310547,98.58840942382812,85.50440979003906,80.15037536621094,74.77459716796875
685000,695001,17,9,254,213,1,48072.94140625,859.7401733398438,492.1338806152344,268.1126708984375,204.90481567382812,166.0599365234375,143.35464477539062,133.77023315429688,120.01687622070312,113.33721160888672,96.7024917602539,86.36418151855469,83.0248794555664,74.73648834228516,68.24658966064453,67.5271224975586,66.6701431274414,35028.53125,445.90167236328125,190.5029754638672,139.09323120117188,116.81745910644531,92.43724822998047,80.92740631103516,78.75346374511719,71.96507263183594
690000,700001,17,9,256,219,0,48186.21875,773.7932739257812,349.2843322753906,195.30783081054688,162.4705810546875,131.84255981445312,121.30052185058594,106.37206268310547,94.7174072265625,89.83154296875,83.15615844726562,80.88285064697266,73.12742614746094,67.01025390625,63.67366027832031,61.73953628540039,59.20520782470703,35131.2890625,363.9091796875,166.4838409423828,116.1995849609375,101.37264251708984,86.4217758178711,73.82689666748047,71.36924743652344,60.75294494628906
690000,700001,17,9,256,219,1,48198.8359375,770.531982421875,350.77618408203125,205.1299591064453,171.6732177734375,134.3950958251953,123.88265228271484,110.61942291259766,103.19334411621094,97.4092788696289,90.84251403808594,86.33881378173828,77.78472900390625,73.16385650634766,67.34083557128906,64.22838592529297,58.26124572753906,35142.96484375,372.0332946777344,166.85494995117188,120.03364562988281,97.53282928466797,88.15564727783203,75.17562103271484,68.36742401123047,61.706207275390625
695000,705001,17,9,256,223,0,49117.0234375,963.053955078125,406.94952392578125,254.3670654296875,183.38966369628906,149.08888244628906,133.35494995117188,114.7257308959961,110.24378204345703,99.8765640258789,92.02684020996094,85.11470794677734,80.01728057861328,75.23770141601562,71.1507797241211,69.6632080078125,57.72941207885742,35750.0625,488.6361083984375,232.19371032714844,127.43904876708984,112.32091522216797,109.52928924560547,89.682373046875,86.39041900634766,77.4695053100586
695000,705001,17,9,256,223,1,49155.7890625,972.807373046875,404.547607421875,254.0940704345703,183.1221160888672,156.1387176513672,141.34950256347656,126.07122802734375,110.44815826416016,103.94790649414062,94.22584533691406,88.84487915039062,82.54822540283203,79.6082992553711,72.14636993408203,64.99750518798828,61.31120681762695,35776.3046875,486.31634521484375,231.135009765625,149.7810821533203,118.60894012451172,102.49983978271484,89.39848327636719,80.87104034423828,74.5522232055664
700000,710001,17,9,250,211,0,49040.85546875,706.8591918945312,433.4564514160156,237.97532653808594,185.80860900878906,139.4454345703125,131.56600952148438,111.43995666503906,107.48701477050781,89.98795318603516,84.53309631347656,76.8778076171875,71.0020523071289,68.99356842041016,67.3786392211914,62.03457260131836,55.8476448059082,35717.23828125,500.7034912109375,216.17630004882812,131.75428771972656,103.45543670654297,88.79652404785156,84.23146057128906,82.38085174560547,70.10213470458984
700000,710001,17,9,250,211,1,49035.71875,728.7477416992188,434.7887878417969,233.16531372070312,195.0709228515625,148.64907836914062,121.79165649414062,115.94400024414062,104.06559753417969,94.16099548339844,89.57093048095703,82.21983337402344,77.50535583496094,71.91529083251953,66.49327850341797,60.74335479736328,56.71628952026367,35706.55078125,514.5318603515625,220.9105224609375,138.81396484375,107.7744369506836,97.68544006347656,90.47636413574219,75.74742889404297,66.83521270751953
705000,715001,17,9,250,221,0,48890.484375,817.1433715820312,477.90411376953125,269.8573913574219,203.95449829101562,172.54371643066406,152.36883544921875,127.72200012207031,107.28453826904297,101.51374053955078,93.29922485351562,88.69012451171875,84.31546020507812,82.78433227539062,69.67285919189453,66.56210327148438,63.651126861572266,35635.66796875,485.286865234375,227.17324829101562,151.3038787841797,122.41535949707031,100.15486145019531,89.72195434570312,76.46712493896484,73.26445007324219
705000,715001,17,9,250,221,1,48840.77734375,814.8399658203125,498.3035583496094,269.7380676269531,207.60194396972656,184.47576904296875,155.35546875,138.2068634033203,128.68650817871094,100.92381286621094,98.407470703125,86.91842651367188,85.31558990478516,78.71139526367188,75.02288818359375,64.98820495605469,63.43278503417969,35603.296875,490.0113830566406,226.92213439941406,145.91880798339844,117.30927276611328,99.23926544189453,89.20972442626953,79.98541259765625,74.61679077148438
710000,720001,17,9,255,215,0,49361.30078125,880.1294555664062,491.77978515625,271.51806640625,195.46226501464844,148.53131103515625,132.4913787841797,113.98324584960938,105.2260513305664,101.30589294433594,95.81990814208984,86.22540283203125,80.413818359375,73.49833679199219,69.7799301147461,66.54756927490234,60.48096466064453,35982.953125,553.56591796875,248.57977294921875,132.14927673339844,126.11136627197266,101.1392822265625,83.72574615478516,77.88969421386719,70.12516021728516
710000,720001,17,9,255,215,1,49362.765625,883.1715087890625,485.84918212890625,276.7178039550781,193.527099609375,148.6183624267578,114.6703872680664,106.49987030029297,100.68721771240234,92.08277130126953,84.32366180419922,78.09910583496094,76.03266906738281,68.03912353515625,67.75790405273438,61.278560638427734,56.595767974853516,35989.66015625,530.4801635742188,237.49269104003906,126.30413055419922,105.39631652832031,88.63212585449219,78.86277770996094,72.89942169189453,62.57770538330078
715000,725001,17,9,251,210,0,48640.48828125,894.8164672851562,411.6225280761719,240.12364196777344,183.90248107910156,147.38491821289062,126.38317108154297,111.37808990478516,98.87261199951172,92.67647552490234,85.15879821777344,80.39974975585938,78.31156158447266,71.20606994628906,67.06342315673828,62.94842529296875,61.511409759521484,35469.984375,538.591796875,188.65216064453125,156.8767547607422,100.49713897705078,90.41874694824219,83.16357421875,78.61983489990234,64.7559814453125
715000,725001,17,9,251,210,1,48640.85546875,902.7102661132812,417.64544677734375,252.02777099609375,185.49691772460938,159.47152709960938,128.55340576171875,126.93590545654297,102.35345458984375,96.20618438720703,87.04171752929688,79.53511810302734,79.29576110839844,73.45327758789062,70.863525390625,66.83567810058594,57.50161361694336,35466.68359375,560.3654174804688,211.7750701904297,164.8709716796875,111.4345932006836,95.73707580566406,89.84992218017578,80.28428649902344,74.18878173828125
720000,730001,17,9,253,213,0,49476.77734375,979.49609375,460.6466979980469,265.59002685546875,202.5121612548828,166.04420471191406,136.34947204589844,122.44621276855469,116.33274841308594,111.1097640991211,105.36296081542969,92.92703247070312,89.76961517333984,82.43465423583984,77.04920959472656,73.58810424804688,68.29231262207031,36024.0703125,496.81719970703125,208.4263916015625,145.22747802734375,115.57797241210938,101.41522216796875,92.53482818603516,77.19148254394531,73.90704345703125
720000,730001,17,9,253,213,1,49493.8203125,999.7066650390625,477.4119567871094,270.0417785644531,188.87257385253906,168.79696655273438,132.30648803710938,130.97225952148438,119.61006927490234,112.83170318603516,98.37086486816406,91.6459732055664,81.3243408203125,76.04010009765625,69.5881118774414,64.68071746826172,60.971378326416016,36032.95703125,502.2896728515625,205.5056610107422,137.26150512695312,121.9291763305664,114.20259857177734,79.733642578125,74.98072052001953,68.63838195800781
725000,735001,17,9,253,211,0,49483.50390625,883.1942749023438,375.8582763671875,221.94821166992188,152.86338806152344,136.98831176757812,120.83634185791016,93.5034408569336,89.26927947998047,87.63468170166016,82.99462127685547,78.38028717041016,72.96195983886719,65.55072021484375,61.353515625,54.91157913208008,53.66960144042969,36059.73828125,462.5506896972656,206.31907653808594,120.69080352783203,91.52488708496094,86.72314453125,82.633544921875,69.80294799804688,60.790016174316406
725000,735001,17,9,253,211,1,49512.29296875,882.9649047851562,365.96246337890625,224.1342315673828,163.16943359375,138.19691467285156,120.11568450927734,102.64742279052734,92.68630981445312,88.46780395507812,81.19957733154297,79.55354309082031,71.86151123046875,66.72575378417969,64.07064056396484,55.340599060058594,54.442291259765625,36083.78515625,453.6808776855469,211.24041748046875,121.51302337646484,96.00605010986328,90.31502532958984,83.58206939697266,77.19489288330078,64.94778442382812
730000,740001,17,9,250,210,0,47765.5703125,868.8914794921875,413.3808288574219,278.9670104980469,189.92788696289062,157.43687438964844,134.12049865722656,125.963134765625,120.1613540649414,108.35577392578125,102.13203430175781,95.18733978271484,90.83009338378906,85.0660171508789,76.42937469482422,67.7921371459961,63.735198974609375,34849.6796875,408.6752014160156,200.54830932617188,132.8324432373047,111.48975372314453,102.68754577636719,99.98355865478516,81.16610717773438,68.30049896240234
730000,740001,17,9,250,210,1,47724.0625,865.0604858398438,402.81707763671875,268.525146484375,188.7314453125,147.85777282714844,132.87655639648438,112.63642883300781,105.38111114501953,97.88575744628906,92.8945541381836,84.46086883544922,77.45484924316406,75.53641510009766,70.49515533447266,68.30728912353516,62.08146286010742,34817.1796875,397.31182861328125,197.84255981445312,135.56588745117188,102.2848892211914,88.77591705322266,77.39216613769531,72.48124694824219,64.62358093261719
735000,745001,17,9,248,205,0,49546.19921875,940.912353515625,553.0765991210938,289.6270446777344,198.2726593017578,139.31881713867188,132.46630859375,114.32609558105469,100.75596618652344,92.33757019042969,87.2022476196289,77.95390319824219,70.47709655761719,68.81004333496094,66.42015838623047,61.94270324707031,57.65390396118164,36085.14453125,616.5257568359375,262.2539367675781,125.32266235351562,103.05207824707031,86.7684326171875,74.6503677368164,69.30150604248047,63.18401336669922
735000,745001,17,9,248,205,1,49507.9140625,936.3449096679688,532.6466064453125,283.41156005859375,225.2674102783203,151.14407348632812,146.72779846191406,117.21263122558594,108.87874603271484,99.006591796875,88.43526458740234,82.02713775634766,76.22290802001953,72.8986587524414,67.30321502685547,61.486778259277344,59.1771240234375,36058.23828125,601.8717651367188,275.4170227050781,140.7693634033203,110.11590576171875,95.82182312011719,81.18994903564453,74.02213287353516,62.51594161987305
740000,750001,17,9,254,211,0,49082.17578125,933.0359497070312,427.2290344238281,245.1655731201172,196.33285522460938,181.5011444091797,162.71202087402344,125.60755157470703,113.92670440673828,101.35343933105469,93.93073272705078,87.30433654785156,86.26299285888672,82.10275268554688,73.80712127685547,68.41425323486328,63.77412796020508,35728.42578125,504.6923522949219,196.01922607421875,173.92176818847656,124.74561309814453,102.18807220458984,94.57345581054688,75.92610168457031,69.43851470947266
740000,750001,17,9,254,211,1,49151.234375,934.168701171875,411.7656555175781,245.74549865722656,186.7048797607422,171.83331298828125,147.0225067138672,113.4596176147461,103.73789978027344,101.09379577636719,90.30116271972656,86.30857849121094,79.74642944335938,71.76313781738281,65.63458251953125,62.42227554321289,60.044654846191406,35779.2265625,508.49798583984375,187.3026580810547,158.27935791015625,109.4886245727539,99.14769744873047,83.34109497070312,71.31614685058594,65.32002258300781
745000,755001,17,9,253,220,0,48488.87890625,1173.24658203125,453.1280212402344,307.7015686035156,235.60292053222656,175.577880859375,145.6420135498047,122.39256286621094,119.38085174560547,107.31539154052734,100.09268951416016,91.77751922607422,83.1856689453125,78.8857192993164,75.1161117553711,68.09516906738281,64.84732055664062,35331.62109375,601.6759033203125,295.1097717285156,150.538330078125,120.46365356445312,104.7631607055664,87.6346664428711,81.78015899658203,74.23822021484375
745000,755001,17,9,253,220,1,48471.28125,1197.926513671875,469.540283203125,320.62738037109375,250.1674346923828,172.04104614257812,155.63507080078125,141.17376708984375,124.77339172363281,107.41413116455078,98.41021728515625,96.09210205078125,88.79246520996094,79.38701629638672,73.65467071533203,72.74797821044922,65.76647186279297,35319.28515625,609.6513671875,307.37823486328125,156.6956024169922,145.15841674804688,105.5007553100586,102.59620666503906,76.01152801513672,74.81269073486328
750000,760001,17,9,255,215,0,50738.04296875,961.0809936523438,447.5174865722656,268.6132507324219,168.2142791748047,151.25950622558594,126.79710388183594,105.41142272949219,93.34823608398438,88.44623565673828,84.65631866455078,77.73548889160156,73.32058715820312,71.33283996582031,64.33345031738281,60.5388069152832,59.81023025512695,36947.74609375,503.5807189941406,217.66259765625,148.72988891601562,108.1482162475586,88.88153076171875,80.20098114013672,71.48311614990234,66.75090789794922
750000,760001,17,9,255,215,1,50712.375,971.30810546875,461.07489013671875,278.15093994140625,162.1104278564453,154.00550842285156,121.89088439941406,116.60984802246094,92.35236358642578,90.20124816894531,80.58610534667969,74.81394958496094,70.68795776367188,69.66797637939453,64.28307342529297,59.12501525878906,57.6854133605957,36921.12890625,491.685546875,230.7710723876953,152.2173309326172,117.69359588623047,89.71221923828125,80.51640319824219,74.5279541015625,63.27205276489258
755000,765001,17,9,252,216,0,48883.78515625,817.0616455078125,399.594482421875,264.9631652832031,194.6331329345703,184.04151916503906,144.94398498535156,123.13833618164062,115.23542785644531,106.0513916015625,90.44132995605469,87.96614074707031,86.0660400390625,78.8281021118164,69.09668731689453,67.23977661132812,59.34138107299805,35594.703125,386.21002197265625,206.70774841308594,146.66612243652344,121.05097961425781,102.50096893310547,88.87886047363281,85.02711486816406,64.00395965576172
755000,765001,17,9,252,216,1,48840.4140625,815.6879272460938,409.5920104980469,273.43170166015625,191.23634338378906,180.8503875732422,143.94097900390625,124.83699798583984,110.50161743164062,101.08407592773438,91.22205352783203,86.8947982788086,83.19097137451172,78.24156951904297,70.4738998413086,66.94282531738281,61.2140007019043,35560.6640625,388.11456298828125,199.17442321777344,141.36785888671875,114.801513671875,102.9786148071289,86.09226989746094,83.8038558959961,73.03590393066406
760000,770001,17,9,254,208,0,51156.8125,689.193359375,337.8619689941406,256.7661437988281,171.4248809814453,148.990234375,139.67478942871094,116.21504211425781,99.99162292480469,96.46887969970703,86.47987365722656,79.65760040283203,74.03512573242188,72.74703979492188,67.11338806152344,63.21120071411133,53.184326171875,37306.88671875,326.6971435546875,173.8268585205078,134.4606170654297,108.46939086914062,90.59748840332031,74.6964340209961,71.32048797607422,56.033084869384766
760000,770001,17,9,254,208,1,51128.05078125,688.4415893554688,342.20880126953125,238.9065399169922,182.13888549804688,157.67564392089844,142.764892578125,120.69282531738281,101.42105865478516,92.91104125976562,84.2238540649414,77.46176147460938,70.30241394042969,68.19590759277344,65.7417221069336,62.16535949707031,57.897789001464844,37291.4296875,328.0556945800781,179.877685546875,142.811279296875,103.99715423583984,83.2171401977539,73.3470687866211,67.25382232666016,61.629459381103516
765000,775001,17,9,252,203,0,49928.12890625,1063.8734130859375,337.2319030761719,258.19635009765625,241.36868286132812,148.7017364501953,127.2828369140625,115.7496109008789,97.83477020263672,93.34306335449219,82.49684143066406,78.08096313476562,76.18685150146484,72.83216857910156,66.09745025634766,61.16192626953125,54.054019927978516,36374.3671875,419.3560791015625,200.08798217773438,124.54757690429688,109.6814193725586,93.97115325927734,83.34261322021484,74.83537292480469,62.08952713012695
765000,775001,17,9,252,203,1,49915.171875,1059.2998046875,348.3212585449219,263.685546875,235.58721923828125,144.18759155273438,138.55023193359375,110.72421264648438,98.04828643798828,87.22960662841797,83.5295639038086,77.49249267578125,73.89574432373047,69.93534851074219,63.23054504394531,62.702884674072266,54.37070846557617,36362.8125,408.6568603515625,207.65452575683594,137.569580078125,110.18356323242188,82.94577026367188,80.65890502929688,74.783203125,62.341922760009766
770000,780001,17,9,251,213,0,48674.92578125,824.509765625,331.8234558105469,226.51992797851562,170.64857482910156,167.0588836669922,127.8031997680664,111.62054443359375,95.78914642333984,84.95370483398438,79.16511535644531,74.3318099975586,70.34358978271484,68.23383331298828,63.54521560668945,58.00301742553711,53.345523834228516,35494.9296875,384.53460693359375,185.47894287109375,133.10597229003906,96.48042297363281,77.9724349975586,77.2232894897461,63.9847412109375,56.444766998291016
770000,780001,17,9,251,213,1,48661.55859375,822.6802368164062,349.2454833984375,245.22085571289062,178.89236450195312,167.837158203125,145.10337829589844,126.04804992675781,109.74696350097656,96.14173889160156,85.44637298583984,80.28560638427734,76.6733169555664,71.18840026855469,67.88333129882812,62.29930114746094,59.953041076660156,35484.55859375,389.42962646484375,196.01417541503906,151.10670471191406,130.90528869628906,96.84526062011719,79.9340591430664,72.52525329589844,65.81926727294922
775000,785001,17,9,253,209,0,49545.37890625,777.9130859375,385.9630126953125,218.4336395263672,166.8841552734375,129.95770263671875,111.02880859375,105.90560913085938,99.63156127929688,91.60820007324219,87.27088928222656,85.09445190429688,77.53268432617188,73.0479736328125,68.36324310302734,63.046905517578125,57.46674346923828,36108.05078125,401.0115966796875,139.794189453125,120.30745697021484,91.52632141113281,89.0654067993164,79.29375457763672,71.8570556640625,61.3013801574707
775000,785001,17,9,253,209,1,49535.00390625,770.0441284179688,387.55029296875,222.0895538330078,160.61376953125,125.04991912841797,114.74899291992188,106.35932159423828,90.70555114746094,86.88542175292969,85.5776596069336,81.57886505126953,75.81334686279297,72.81754302978516,66.96561431884766,63.59838104248047,59.56864547729492,36101.453125,390.7285461425781,140.89883422851562,113.3097152709961,94.03450775146484,83.1484603881836,81.46649932861328,72.10231018066406,64.33382415771484
780000,790001,17,9,246,205,0,49052.3828125,965.6915283203125,463.3898010253906,247.1930694580078,208.0318145751953,159.2347412109375,142.68064880371094,125.58602142333984,106.24185943603516,102.11832427978516,95.11530303955078,90.35122680664062,77.86564636230469,72.07421112060547,68.2822494506836,60.791786193847656,52.232906341552734,35748.078125,663.987060546875,227.36978149414062,186.18772888183594,125.01671600341797,98.208251953125,86.552978515625,84.64607238769531,57.32280731201172
780000,790001,17,9,246,205,1,49011.32421875,974.8170776367188,473.5074462890625,263.5754699707031,217.77403259277344,172.15928649902344,136.53355407714844,126.77008056640625,114.28994750976562,101.89769744873047,88.16436767578125,84.9254150390625,77.85567474365234,74.62744903564453,69.58446502685547,62.395198822021484,56.79661560058594,35714.55078125,672.1141357421875,254.13357543945312,189.4613037109375,122.30540466308594,113.90127563476562,84.93499755859375,76.9906005859375,75.09620666503906
785000,795001,17,9,249,219,0,49859.05078125,1352.0521240234375,406.5879211425781,232.04759216308594,160.68841552734375,155.22048950195312,132.08663940429688,117.87190246582031,111.08211517333984,94.58777618408203,89.02888488769531,83.29942321777344,75.22441864013672,72.78302764892578,66.73171997070312,61.580894470214844,54.926204681396484,36347.61328125,510.6440124511719,192.67974853515625,140.82765197753906,120.05814361572266,97.90249633789062,82.45665740966797,80.32831573486328,66.72169494628906
785000,795001,17,9,249,219,1,49849.31640625,1371.5592041015625,407.1929626464844,225.12124633789062,164.7930145263672,159.2994842529297,140.04627990722656,122.53377532958984,103.97969055175781,93.62370300292969,84.60420989990234,76.9191665649414,74.41560363769531,67.36949920654297,63.64030838012695,62.1314582824707,58.23027038574219,36337.05859375,522.5726928710938,193.28817749023438,136.38381958007812,104.18101501464844,95.41057586669922,86.14241790771484,75.77587127685547,63.614620208740234
790000,800001,17,9,252,218,0,50395.328125,797.7437133789062,310.05218505859375,219.72471618652344,166.2683868408203,135.40101623535156,126.71424865722656,114.77729034423828,99.906494140625,77.327880859375,71.33782196044922,68.69991302490234,67.59732055664062,64.024169921875,61.93292236328125,60.1734733581543,53.60308837890625,36740.66796875,360.9058532714844,182.03741455078125,130.10423278808594,111.1207046508789,75.98633575439453,67.20149230957031,63.414180755615234,58.68083572387695
790000,800001,17,9,252,218,1,50395.6640625,791.4925537109375,311.1309814453125,206.48292541503906,156.33599853515625,139.4100341796875,134.2660369873047,124.20283508300781,99.21160888671875,96.27099609375,79.64033508300781,71.1607437133789,67.44712829589844,65.66374969482422,62.37192153930664,59.031715393066406,53.844886779785156,36743.203125,353.33099365234375,178.89212036132812,136.19496154785156,106.77165985107422,82.52275085449219,73.1222915649414,70.65298461914062,60.96639633178711
795000,805001,17,9,252,211,0,50052.984375,866.9558715820312,404.1648864746094,218.78819274902344,195.7516632080078,157.84030151367188,125.88579559326172,107.24590301513672,99.43269348144531,96.05165100097656,91.95176696777344,88.17536926269531,80.65489196777344,74.04517364501953,68.80027770996094,66.22518920898438,61.59783935546875,36472.18359375,476.022705078125,202.546630859375,124.4351806640625,110.79190826416016,90.18080139160156,85.76091766357422,77.48157501220703,70.30390167236328
795000,805001,17,9,252,211,1,50071.52734375,866.1710205078125,406.8931579589844,219.03846740722656,182.24298095703125,151.5489501953125,134.18702697753906,109.54307556152344,102.95685577392578,98.57493591308594,90.3470458984375,80.19313049316406,73.99249267578125,71.76243591308594,67.13383483886719,64.30061340332031,62.41377258300781,36487.2578125,469.2126770019531,191.17031860351562,133.99456787109375,112.8544692993164,100.82122039794922,76.88797760009766,71.5291976928711,67.03191375732422
800000,810001,17,9,251,220,0,50277.2734375,1244.1485595703125,628.5919189453125,399.8986511230469,242.78826904296875,180.785400390625,131.74334716796875,108.2889633178711,100.79170989990234,90.7702407836914,85.0447998046875,83.49849700927734,78.79541015625,74.48493957519531,64.50202941894531,55.92559814453125,53.54213333129883,36610.12890625,491.814208984375,227.08154296875,131.23818969726562,109.33525848388672,96.64179992675781,86.7697525024414,72.30948638916016,59.59132766723633
800000,810001,17,9,251,220,1,50301.171875,1281.10546875,663.774169921875,397.6109619140625,236.1006317138672,204.1002655029297,148.29324340820312,116.90020751953125,108.93620300292969,94.89940643310547,87.55240631103516,83.70075225830078,74.85822296142578,73.21538543701172,65.95408630371094,61.681915283203125,53.57514190673828,36625.34765625,504.52276611328125,236.46517944335938,153.9440155029297,124.93631744384766,91.81266021728516,88.41206359863281,74.27326965332031,59.90885925292969
805000,815001,17,9,252,213,0,50517.375,854.4300537109375,418.04302978515625,260.43731689453125,195.82113647460938,150.62461853027344,128.8015594482422,124.624755859375,110.16127014160156,97.18379974365234,91.55261993408203,89.6744155883789,77.81351470947266,75.0605239868164,67.60690307617188,64.0472412109375,62.40495300292969,36765.359375,426.92303466796875,207.49349975585938,129.77810668945312,128.5686492919922,93.18299102783203,79.48462677001953,78.79075622558594,68.11366271972656
805000,815001,17,9,252,213,1,50485.20703125,853.6712036132812,422.1831359863281,276.5810852050781,198.15505981445312,161.3349609375,128.43563842773438,122.31401062011719,111.30262756347656,98.70691680908203,98.48112487792969,92.95986938476562,82.500244140625,73.658203125,72.11526489257812,64.21649169921875,60.995582580566406,36742.94140625,430.162841796875,206.5057373046875,134.85914611816406,125.07859802246094,102.4089584350586,79.51292419433594,73.86172485351562,69.11138916015625
810000,820001,17,9,251,220,0,50062.54296875,1455.4166259765625,366.095947265625,302.7750549316406,182.03952026367188,159.91717529296875,130.2048797607422,112.61575317382812,105.28202819824219,96.08223724365234,84.32465362548828,80.28453063964844,75.361572265625,71.75698852539062,67.52873992919922,64.8933334350586,60.20391082763672,36435.703125,520.1917724609375,307.123046875,181.20130920410156,106.96428680419922,89.03439331054688,75.66478729248047,71.49198913574219,61.23958969116211
810000,820001,17,9,251,220,1,50154.6015625,1465.0281982421875,376.1583251953125,306.4698486328125,185.3899688720703,170.9978485107422,133.90724182128906,121.75837707519531,105.7725601196289,101.92215728759766,91.9306640625,81.2788314819336,77.43460845947266,76.13043212890625,69.89604949951172,67.83861541748047,58.493019104003906,36497.96484375,582.596435546875,312.7684020996094,172.25570678710938,114.5030746459961,101.06919860839844,83.25251770019531,75.33336639404297,64.16223907470703
815000,825001,17,9,251,214,0,49897.140625,916.2996826171875,406.3859558105469,278.7684631347656,192.87318420410156,140.67523193359375,127.94562530517578,123.09119415283203,116.50635528564453,106.78352355957031,98.52333068847656,94.44215393066406,84.7926025390625,80.60587310791016,70.84693908691406,69.86493682861328,63.91438293457031,36367.62890625,438.4551086425781,208.754638671875,127.77682495117188,116.32365417480469,102.17869567871094,86.13579559326172,79.58958435058594,76.61396789550781
815000,825001,17,9,251,214,1,49946.6328125,910.4818115234375,394.8635559082031,278.6086730957031,196.53822326660156,142.89202880859375,129.10678100585938,123.57970428466797,117.98587036132812,96.00572204589844,92.04306030273438,84.22709655761719,83.24102783203125,77.18234252929688,70.92017364501953,66.1772232055664,59.42593002319336,36398.32421875,431.501708984375,216.21615600585938,138.5324249267578,129.02203369140625,93.0395278930664,80.79316711425781,76.55268096923828,65.41175079345703
820000,830001,17,9,247,214,0,50230.703125,738.1622924804688,440.6360168457031,265.3343200683594,186.6040496826172,141.4805450439453,133.8810272216797,125.69924926757812,103.84001922607422,99.07603454589844,94.47718048095703,80.00982666015625,78.69430541992188,67.78787994384766,65.97053527832031,65.13441467285156,58.51299285888672,36579.06640625,426.34661865234375,214.51153564453125,145.2198486328125,117.13909912109375,103.3340835571289,94.08930969238281,73.56675720214844,65.94305419921875
820000,830001,17,9,247,214,1,50219.39453125,739.9893798828125,488.09228515625,275.10650634765625,186.87753295898438,149.42544555664062,140.1008758544922,118.25940704345703,105.65139770507812,96.80293273925781,86.2259750366211,76.66470336914062,71.7408218383789,66.70225524902344,61.213565826416016,58.80961990356445,53.320430755615234,36574.27734375,440.0417785644531,213.7136688232422,155.94642639160156,120.9766845703125,97.07408905029297,81.54440307617188,68.31016540527344,61.8352165222168
825000,835001,17,9,250,209,0,49973.76171875,1061.050537109375,372.6723327636719,236.9008331298828,182.57595825195312,160.80528259277344,124.28143310546875,112.54209899902344,102.94744873046875,98.64372253417969,83.13151550292969,81.17415618896484,76.33228302001953,71.20980834960938,68.76380157470703,65.31083679199219,58.478267669677734,36412.23828125,530.9373168945312,207.97579956054688,147.34197998046875,102.27186584472656,99.86665344238281,78.29203796386719,77.2901611328125,65.75540924072266
825000,835001,17,9,250,209,1,49904.1640625,1071.8380126953125,385.9324035644531,240.1007843017578,188.2921600341797,155.3572540283203,133.14019775390625,123.20281219482422,104.72576141357422,96.33882904052734,88.23361206054688,81.5755615234375,76.45863342285156,73.6698226928711,70.64563751220703,63.68566131591797,59.09074020385742,36360.40625,529.879150390625,210.9205322265625,142.4796600341797,128.85133361816406,100.40162658691406,87.08323669433594,74.57118225097656,65.79206848144531
830000,840001,17,9,254,223,0,51389.67578125,1436.021240234375,353.1243591308594,222.99278259277344,198.599365234375,166.89495849609375,138.3736114501953,112.85062408447266,101.80711364746094,89.34510040283203,83.36995697021484,77.61734008789062,71.74530792236328,70.41191101074219,65.81871032714844,60.91685104370117,54.729713439941406,37424.5390625,500.5543518066406,169.44644165039062,125.81548309326172,93.6881332397461,83.86930847167969,77.48172760009766,69.82693481445312,61.43927001953125
830000,840001,17,9,254,223,1,51436.8984375,1427.1109619140625,362.0757751464844,259.0064392089844,180.68833923339844,171.8493194580078,118.27666473388672,106.80089569091797,94.1114730834961,87.94139099121094,76.28926849365234,71.65679168701172,69.60514831542969,61.027976989746094,55.80536651611328,54.2585334777832,50.56191635131836,37459.15625,457.65826416015625,164.48841857910156,118.57964324951172,89.75630187988281,77.99520874023438,66.49227142333984,60.22591018676758,57.948646545410156
835000,845001,17,9,255,224,0,51324.61328125,852.259033203125,307.62066650390625,220.94813537597656,173.9039306640625,151.47975158691406,133.4827880859375,114.63633728027344,108.01811218261719,89.6021728515625,80.34745025634766,75.08638000488281,72.70083618164062,64.3534164428711,62.39081954956055,55.98590850830078,54.81035232543945,37357.57421875,364.0704345703125,204.46998596191406,131.02828979492188,113.41267395019531,84.94905853271484,80.30608367919922,71.2362060546875,64.13513946533203
835000,845001,17,9,255,224,1,51315.3671875,845.0936279296875,295.6157531738281,215.211669921875,174.89566040039062,146.79763793945312,124.79107666015625,111.35391998291016,100.91484832763672,91.89295196533203,85.9680404663086,79.56991577148438,74.51051330566406,72.05622863769531,65.84520721435547,62.43606948852539,54.82306671142578,37353.74609375,353.1844482421875,198.85369873046875,123.66240692138672,107.8137435913086,98.49542999267578,76.98149871826172,75.0920639038086,67.11336517333984
840000,850001,17,9,248,212,0,50408.578125,1001.1332397460938,493.3177490234375,301.2877502441406,215.42515563964844,199.64320373535156,153.42355346679688,128.9333953857422,111.97177124023438,99.16441345214844,93.9773178100586,84.15198516845703,81.27923583984375,78.60235595703125,75.58965301513672,70.12581634521484,59.43006134033203,36710.03125,600.1013793945312,306.32769775390625,188.9392852783203,128.68112182617188,98.84048461914062,91.15805053710938,81.56266021728516,75.08826446533203
840000,850001,17,9,248,212,1,50446.78515625,1012.29443359375,498.5519104003906,320.0274658203125,221.5462646484375,189.90814208984375,156.0188751220703,143.16822814941406,105.79471588134766,102.58184051513672,87.23191833496094,83.77403259277344,76.90205383300781,72.68803405761719,60.49056625366211,56.63023376464844,56.259586334228516,36732.55078125,622.3168334960938,321.18359375,179.75721740722656,143.07667541503906,103.60875701904297,95.17819213867188,71.64781951904297,65.93182373046875
845000,855001,17,9,252,216,0,51562.640625,719.5036010742188,334.3310241699219,237.72181701660156,153.19839477539062,146.0621795654297,120.7515640258789,105.3537826538086,91.59420013427734,85.6709976196289,83.84996795654297,76.68927764892578,74.64578247070312,71.2364730834961,69.92044067382812,59.397605895996094,51.1386604309082,37598.16015625,340.2013854980469,169.89805603027344,121.32390594482422,101.91433715820312,81.73666381835938,73.9660873413086,71.1587142944336,59.386295318603516
845000,855001,17,9,252,216,1,51560.18359375,710.852294921875,335.1810302734375,237.16432189941406,154.02853393554688,149.51763916015625,116.28534698486328,101.8232650756836,90.76136016845703,86.01626586914062,76.43029022216797,75.2591323852539,70.46862030029297,65.24236297607422,59.54157257080078,53.252105712890625,45.553443908691406,37594.7734375,345.8046569824219,172.0281982421875,112.28368377685547,99.5400390625,80.34374237060547,71.43218231201172,67.50347137451172,58.049015045166016
850000,860001,17,9,255,217,0,51378.71484375,901.638427734375,446.9305114746094,228.26486206054688,188.1633758544922,155.38389587402344,139.0038299560547,105.28099822998047,104.59777069091797,99.23162078857422,94.1041488647461,85.07319641113281,78.96342468261719,74.99891662597656,69.31944274902344,64.00708770751953,59.33592987060547,37394.515625,571.2022705078125,197.71334838867188,128.0998992919922,98.67733764648438,95.86560821533203,82.04244232177734,81.26101684570312,67.06060791015625
850000,860001,17,9,255,217,1,51373.1484375,923.22412109375,442.68646240234375,228.8592529296875,192.63511657714844,155.2884063720703,133.37158203125,123.20716094970703,98.16903686523438,94.37848663330078,92.08330535888672,81.90574645996094,76.39630126953125,70.34840393066406,67.7903823852539,61.1964111328125,57.69265365600586,37391.265625,563.8197021484375,192.70254516601562,135.40330505371094,102.94149017333984,93.03595733642578,83.27796173095703,75.6425552368164,62.18271255493164
855000,865001,17,9,252,220,0,50949.75,821.5270385742188,433.8032531738281,285.7733459472656,194.1100311279297,150.74525451660156,141.26901245117188,130.45994567871094,119.83853912353516,107.97392272949219,93.24622344970703,87.32958984375,80.88447570800781,78.43234252929688,72.26779174804688,66.21412658691406,62.542274475097656,37090.04296875,459.63726806640625,204.34544372558594,144.92877197265625,122.45643615722656,108.97972106933594,93.03705596923828,84.59423065185547,69.60675811767578
855000,865001,17,9,252,220,1,51006.265625,821.4069213867188,420.40081787109375,286.53790283203125,185.056640625,156.09120178222656,144.70355224609375,133.6300048828125,118.0890884399414,104.5719223022461,98.4461669921875,97.17640686035156,85.8153076171875,75.3424301147461,71.15603637695312,62.28007125854492,61.01509094238281,37133.9765625,442.462158203125,212.4835662841797,139.03578186035156,120.4612808227539,112.81829071044922,98.29496002197266,83.10997009277344,69.65979766845703
860000,870001,17,9,250,216,0,50718.1875,1340.90478515625,449.46697998046875,319.5980224609375,271.6282958984375,219.48666381835938,168.67152404785156,141.2738494873047,128.69384765625,99.37259674072266,92.74201965332031,87.91111755371094,81.7044677734375,71.73846435546875,64.45307922363281,60.38469314575195,57.231510162353516,36945.77734375,612.7955322265625,319.9429931640625,159.39125061035156,130.44268798828125,99.54304504394531,85.94863891601562,65.6843490600586,59.72206115722656
860000,870001,17,9,250,216,1,50757.6484375,1297.135986328125,451.8627624511719,276.5314025878906,262.40460205078125,215.5237579345703,161.6043243408203,131.6320037841797,113.0926742553711,100.27767944335938,92.34548950195312,86.25541687011719,77.87723541259766,69.69940948486328,63.79975128173828,62.96847915649414,58.26596450805664,36968.36328125,569.2493286132812,265.2829895019531,161.9152069091797,123.63223266601562,95.15045928955078,88.6693115234375,79.20964813232422,65.45390319824219
865000,875001,17,9,255,226,0,51430.9140625,721.8544311523438,405.99700927734375,288.73626708984375,184.25547790527344,162.0180206298828,134.82098388671875,121.47756958007812,104.12361145019531,98.93087768554688,92.76871490478516,90.35011291503906,80.98314666748047,74.70343780517578,72.57738494873047,62.663211822509766,60.8803596496582,37456.2265625,385.9150085449219,167.4722900390625,148.28260803222656,112.54385375976562,93.72268676757812,82.29295349121094,70.15876770019531,64.24947357177734
865000,875001,17,9,255,226,1,51405.51171875,721.1585693359375,399.1767578125,273.906982421875,186.18276977539062,151.57925415039062,131.97633361816406,108.24537658691406,102.06927490234375,94.68551635742188,88.23920440673828,82.6990966796875,73.61017608642578,73.19410705566406,66.3997802734375,65.18534088134766,59.81165313720703,37432.5625,378.3758850097656,166.244140625,141.29559326171875,100.5377197265625,85.64094543457031,75.53431701660156,68.3880386352539,66.76160430908203
870000,880001,17,9,254,226,0,51344.34375,1009.6911010742188,396.7671813964844,225.4718475341797,206.69793701171875,140.38168334960938,125.2547607421875,108.10745239257812,104.2356948852539,92.27852630615234,90.83765411376953,85.47437286376953,75.5064926147461,72.47307586669922,68.19916534423828,62.7407112121582,57.31621170043945,37423.265625,592.9986572265625,219.32957458496094,124.73767852783203,109.99400329589844,96.01786804199219,78.54309844970703,75.21987915039062,66.28304290771484
870000,880001,17,9,254,226,1,51457.91796875,1030.3809814453125,410.1212463378906,221.82029724121094,187.8135986328125,140.11480712890625,122.78819274902344,105.48377227783203,97.2192153930664,93.9740219116211,85.70649719238281,84.59822845458984,76.17469024658203,69.18279266357422,65.65841674804688,63.51300048828125,59.041263580322266,37508.59375,603.8057250976562,199.00424194335938,123.89105987548828,107.85010528564453,86.7703857421875,76.9086685180664,74.53305053710938,68.64328002929688
875000,885001,17,9,253,214,0,51855.3203125,835.298095703125,526.0050048828125,263.19482421875,182.0359649658203,158.87542724609375,140.12155151367188,111.19881439208984,100.99811553955078,93.89978790283203,88.40637969970703,79.0711669921875,76.05941009521484,67.58847045898438,63.22258377075195,62.39662170410156,52.759769439697266,37787.20703125,351.7037353515625,174.5193328857422,141.73446655273438,100.64057159423828,91.15069580078125,69.99354553222656,67.77027130126953,56.07711410522461
875000,885001,17,9,253,214,1,51963.6796875,847.40625,504.227783203125,250.29461669921875,180.4623260498047,157.63404846191406,124.70377349853516,110.29344177246094,92.94796752929688,90.62749481201172,80.33757019042969,75.75090789794922,69.13239288330078,68.38854217529297,64.03123474121094,59.58621597290039,53.899166107177734,37867.04296875,349.24749755859375,172.9715118408203,137.38722229003906,91.21858978271484,87.178955078125,72.70439147949219,68.5082778930664,61.60972213745117
880000,890001,17,9,253,225,0,51408.546875,821.3101806640625,412.00408935546875,258.2632751464844,194.2659149169922,170.02593994140625,156.8617401123047,126.63878631591797,119.68685150146484,99.68766784667969,95.83445739746094,94.72425079345703,79.03689575195312,76.98808288574219,69.78656768798828,67.66439819335938,61.65279769897461,37418.4921875,503.6483459472656,207.29335021972656,157.4761199951172,124.79000854492188,99.85643005371094,90.25015258789062,81.3340835571289,69.96865844726562
880000,890001,17,9,253,225,1,51396.140625,829.7486572265625,435.75103759765625,246.90957641601562,203.74688720703125,163.66696166992188,147.1688690185547,134.70445251464844,116.21049499511719,109.90255737304688,97.1641616821289,87.85529327392578,83.67156982421875,79.61988067626953,71.23112487792969,67.61592102050781,60.903297424316406,37409.83203125,524.1778564453125,218.8152313232422,160.7515106201172,123.7699203491211,108.13682556152344,88.743896484375,79.75514221191406,66.13291931152344
885000,895001,17,9,254,220,0,51583.19140625,831.140380859375,365.0046691894531,245.20701599121094,175.16908264160156,155.0402069091797,143.27557373046875,119.69282531738281,113.78736877441406,95.60779571533203,91.8454360961914,82.72687530517578,80.1419906616211,71.90037536621094,70.3505859375,65.72017669677734,60.96369171142578,37588.8828125,362.4848937988281,179.6941375732422,140.17807006835938,115.21055603027344,86.4135971069336,78.28543090820312,75.47622680664062,66.58295440673828
885000,895001,17,9,254,220,1,51501.71484375,838.3980102539062,362.1607666015625,231.67340087890625,175.77854919433594,152.9182586669922,130.44215393066406,110.21782684326172,107.10969543457031,95.2474594116211,83.11652374267578,79.40375518798828,77.2305679321289,73.95228576660156,63.76443099975586,58.26023864746094,58.19708251953125,37527.05859375,358.9723205566406,184.46534729003906,121.13491821289062,110.4456787109375,84.12384796142578,73.16246795654297,67.62333679199219,59.0303955078125
890000,900001,17,9,250,225,0,52628.40234375,747.1875610351562,410.4524230957031,230.3849639892578,175.59982299804688,157.41493225097656,131.64007568359375,102.70592498779297,97.33885955810547,89.38159942626953,88.58367919921875,81.5582504272461,71.75655364990234,68.04026794433594,64.11201477050781,62.25491714477539,57.37224197387695,38352.5546875,422.1572570800781,198.43136596679688,153.1228485107422,97.97776794433594,87.55824279785156,83.9966049194336,72.4215087890625,67.59603881835938
890000,900001,17,9,250,225,1,52648.1015625,752.9850463867188,409.94415283203125,223.59600830078125,190.29139709472656,151.7805938720703,134.53297424316406,106.08270263671875,102.35848999023438,91.41542053222656,85.97669219970703,85.27542877197266,79.09388732910156,73.57740783691406,72.87258911132812,63.77925491333008,60.90477752685547,38364.04296875,422.3121337890625,210.6337127685547,148.70855712890625,106.03671264648438,90.92501068115234,84.60316467285156,76.65941619873047,65.86679077148438
895000,905001,17,9,252,222,0,51666.05078125,687.2844848632812,310.92413330078125,206.77464294433594,167.08551025390625,158.39552307128906,129.70362854003906,112.832275390625,96.64030456542969,89.82238006591797,83.13243103027344,78.70957946777344,73.74736785888672,65.077880859375,62.42246627807617,52.37843322753906,50.54874038696289,37672.5234375,345.7930908203125,187.8447265625,127.81434631347656,100.83883666992188,79.66710662841797,77.46035766601562,65.49903869628906,53.69258117675781
895000,905001,17,9,252,222,1,51685.125,693.388671875,318.4200439453125,214.07334899902344,172.57522583007812,156.7984161376953,132.72401428222656,111.13367462158203,104.4635009765625,99.94189453125,86.24803161621094,80.97370910644531,79.69841003417969,75.14153289794922,65.46070098876953,60.22691345214844,55.888553619384766,37690.95703125,339.0286560058594,189.765380859375,127.65814208984375,102.11190032958984,92.02249145507812,86.04552459716797,71.41809844970703,65.15027618408203
900000,910001,17,9,253,218,0,51749.90625,856.4386596679688,420.1184387207031,250.18368530273438,168.18597412109375,155.6641387939453,146.9147186279297,115.80013275146484,108.9884262084961,107.97288513183594,100.06039428710938,94.4159164428711,86.38468170166016,77.27946472167969,71.68807220458984,69.42512512207031,61.52798080444336,37737.45703125,385.20343017578125,195.02732849121094,152.29388427734375,115.62055969238281,105.01285552978516,98.08963775634766,83.9503173828125,64.12413787841797
900000,910001,17,9,253,218,1,51785.734375,854.189697265625,402.229736328125,239.6950225830078,171.92239379882812,147.74916076660156,139.26329040527344,122.42227172851562,110.25070190429688,98.21153259277344,94.83470153808594,90.60822296142578,84.27665710449219,76.1110610961914,68.87671661376953,64.82921600341797,55.75777053833008,37762.49609375,368.2678527832031,195.0921173095703,145.45779418945312,119.01618194580078,105.44121551513672,90.4249267578125,73.9371337890625,58.8494758605957
905000,915001,17,9,251,221,0,51820.2890625,932.4378662109375,397.1215515136719,233.01747131347656,175.95431518554688,142.44969177246094,131.2557373046875,116.21940612792969,103.8731460571289,90.88916778564453,90.6667251586914,83.88970947265625,76.13314056396484,71.3475570678711,69.0560302734375,66.6765365600586,56.04483413696289,37731.25,353.0380859375,191.44094848632812,123.19889068603516,101.9729232788086,93.3899917602539,82.88652038574219,74.22847747802734,70.16423034667969
905000,915001,17,9,251,221,1,51840.95703125,921.5197143554688,401.3454284667969,223.0780792236328,172.07977294921875,137.88546752929688,123.1961441040039,103.73648071289062,95.5275650024414,93.93338012695312,89.15184020996094,83.28301239013672,77.16099548339844,69.79544830322266,66.34844970703125,64.21339416503906,54.02715301513672,37743.14453125,349.02252197265625,193.1230010986328,118.36847686767578,96.21707916259766,91.17835998535156,78.67115783691406,74.68881225585938,69.63284301757812
910000,920001,17,9,250,221,0,51566.23828125,1113.82958984375,440.7001953125,257.54583740234375,250.9231414794922,168.31739807128906,152.0666046142578,130.3109893798828,121.05586242675781,102.38269805908203,96.80033111572266,92.99644470214844,83.1629638671875,77.55644989013672,76.796142578125,71.61842346191406,70.37023162841797,37529.3359375,632.2969970703125,246.66497802734375,196.723388671875,144.22976684570312,112.16553497314453,91.01567840576172,82.3388442993164,79.71533203125
910000,920001,17,9,250,221,1,51578.46484375,1081.6580810546875,439.1950988769531,257.1525573730469,212.87237548828125,163.8465118408203,148.01576232910156,129.2449493408203,116.39448547363281,105.7226333618164,90.15373992919922,88.67874145507812,81.8958969116211,79.04930114746094,70.0822982788086,66.47746276855469,60.05007553100586,37532.390625,596.340576171875,229.49578857421875,164.62664794921875,127.58543395996094,107.40624237060547,89.53471374511719,73.38603973388672,69.85491180419922
915000,925001,17,9,253,221,0,51351.203125,780.8128051757812,388.7400207519531,224.9727325439453,176.08831787109375,151.5487823486328,135.08880615234375,109.11561584472656,98.7250747680664,93.2959976196289,88.18962860107422,80.67787170410156,79.06501770019531,75.26861572265625,68.80776977539062,62.14554977416992,61.114139556884766,37396.0546875,453.25445556640625,184.91323852539062,143.80740356445312,106.86263275146484,90.55674743652344,86.59689331054688,76.48834991455078,64.29500579833984
915000,925001,17,9,253,221,1,51322.87109375,787.7396240234375,386.1636657714844,231.9247283935547,159.29299926757812,149.05104064941406,119.74760437011719,112.21737670898438,102.21636962890625,91.16087341308594,81.47940826416016,79.6234130859375,78.80957794189453,75.51222229003906,72.4315185546875,63.280879974365234,59.17829132080078,37372.9765625,449.0515441894531,174.9745330810547,145.53094482421875,102.98133087158203,91.57599639892578,81.94306945800781,73.6339340209961,67.04779052734375
920000,930001,17,9,252,223,0,51941.15234375,883.244384765625,505.39227294921875,273.0010070800781,219.29605102539062,160.02835083007812,142.995849609375,120.72688293457031,114.80021667480469,102.06116485595703,97.47938537597656,94.23955535888672,83.46160125732422,79.97057342529297,74.06682586669922,67.44375610351562,62.782814025878906,37827.08984375,445.02020263671875,196.00579833984375,134.7485809326172,112.13597869873047,96.10200500488281,91.0540542602539,70.1285629272461,66.49039459228516
920000,930001,17,9,252,223,1,51961.05859375,866.6862182617188,494.4149475097656,253.14991760253906,220.12611389160156,165.79275512695312,149.57708740234375,120.21855163574219,110.84090423583984,106.33209991455078,94.71654510498047,84.89441680908203,78.9792251586914,72.9657211303711,72.35795593261719,65.02071380615234,55.92597961425781,37842.7578125,439.1237487792969,213.77098083496094,139.0254364013672,110.89411163330078,92.28460693359375,84.37178802490234,73.55413055419922,61.20615005493164
925000,935001,17,9,252,218,0,50919.98046875,900.9771118164062,451.4637756347656,261.0090026855469,194.77133178710938,170.60897827148438,152.67770385742188,132.4675750732422,115.50718688964844,96.90032958984375,95.85834503173828,91.36205291748047,88.79788970947266,77.53174591064453,74.98841094970703,73.1064682006836,68.27103424072266,37076.21484375,456.0993347167969,211.041748046875,150.5555419921875,130.65353393554688,98.96113586425781,95.2973861694336,84.75801086425781,76.22476196289062
925000,935001,17,9,252,218,1,50891.3359375,903.785400390625,456.06280517578125,267.6212463378906,191.7509765625,176.28521728515625,146.028076171875,120.89918518066406,108.08828735351562,100.46183013916016,87.74215698242188,84.3448486328125,79.98796844482422,77.72126770019531,74.3110580444336,68.99430084228516,64.02240753173828,37053.328125,449.8258361816406,227.48919677734375,151.5606689453125,133.33424377441406,104.68109130859375,82.55188751220703,79.98665618896484,70.95760345458984
930000,940001,17,9,254,227,0,51620.78125,1087.2198486328125,420.1680603027344,276.9009704589844,205.4407196044922,169.12445068359375,126.46995544433594,113.6779556274414,106.85917663574219,98.31575012207031,91.04786682128906,85.99998474121094,79.98573303222656,70.94639587402344,66.3194808959961,63.9293327331543,57.049278259277344,37580.03515625,491.9403381347656,219.22415161132812,153.7266082763672,109.33849334716797,101.27959442138672,92.35037994384766,72.29828643798828,61.0226936340332
930000,940001,17,9,254,227,1,51545.75390625,1111.8814697265625,421.16448974609375,273.43011474609375,200.06549072265625,156.49754333496094,128.23475646972656,114.11707305908203,101.0169677734375,97.94364929199219,89.05732727050781,78.57178497314453,77.3564453125,74.2719497680664,70.92138671875,66.73963165283203,61.6788215637207,37528.6875,508.25665283203125,210.99520874023438,136.9906768798828,130.99258422851562,101.83727264404297,77.58540344238281,73.52596282958984,64.08597564697266
935000,945001,17,9,254,227,0,51506.0703125,691.5587768554688,376.0900573730469,254.16358947753906,163.2384490966797,142.75173950195312,126.71298217773438,111.41685485839844,97.9416275024414,96.05000305175781,90.98995208740234,81.5582504272461,80.69769287109375,73.44048309326172,67.7614517211914,65.80058288574219,57.10459899902344,37532.22265625,340.423828125,192.28765869140625,128.14012145996094,99.55204010009766,91.11575317382812,81.26587677001953,74.86631774902344,59.09563064575195
935000,945001,17,9,254,227,1,51492.61328125,692.9536743164062,367.8703308105469,257.2286071777344,161.22877502441406,140.02732849121094,129.87062072753906,112.64488983154297,103.7534408569336,101.0216293334961,88.83565521240234,81.76863861083984,72.02310943603516,66.89655303955078,61.582454681396484,57.57872009277344,53.36663818359375,37516.98046875,352.9219970703125,203.1629638671875,126.72108459472656,102.15558624267578,99.07718658447266,68.51036834716797,64.0833740234375,58.239559173583984
940000,950001,17,9,252,225,0,52034.38671875,818.3965454101562,348.8890380859375,255.39308166503906,183.9429168701172,164.6822052001953,125.81472778320312,120.14407348632812,111.24000549316406,98.14710998535156,92.40531158447266,84.88179779052734,74.4126205444336,72.36201477050781,65.11576080322266,63.213706970214844,59.21112823486328,37911.2421875,363.1911926269531,191.82891845703125,133.79360961914062,105.4499740600586,98.3348159790039,85.72789764404297,72.07844543457031,66.18753051757812
940000,950001,17,9,252,225,1,52025.6640625,821.9854736328125,330.7169189453125,255.2508544921875,185.96636962890625,172.20455932617188,132.63668823242188,122.50740051269531,108.25627136230469,100.74716186523438,89.61178588867188,86.37667083740234,80.94257354736328,75.47075653076172,72.02720642089844,65.46875,57.9506721496582,37909.02734375,378.4153747558594,194.14822387695312,155.13479614257812,113.2752685546875,95.88191223144531,85.00499725341797,77.75099182128906,59.888084411621094
945000,955001,17,9,253,227,0,50979.77734375,1717.0814208984375,531.7525024414062,272.0585021972656,250.16990661621094,159.9467315673828,148.27725219726562,132.47850036621094,120.61029815673828,100.30317687988281,96.08301544189453,88.87725067138672,83.7999038696289,79.40612030029297,76.01844787597656,67.96643829345703,58.62560272216797,37165.53515625,403.7200012207031,242.77996826171875,156.22303771972656,124.85330963134766,108.61475372314453,87.673583984375,81.74005126953125,73.54937744140625
945000,955001,17,9,253,227,1,50975.90234375,1783.8916015625,521.0385131835938,282.70025634765625,248.3562469482422,148.8304443359375,138.5651397705078,129.65415954589844,112.45390319824219,101.16221618652344,94.97462463378906,88.00879669189453,83.49300384521484,79.60366821289062,73.68119049072266,67.16697692871094,61.781471252441406,37170.21484375,383.1636962890625,209.5240478515625,144.5435791015625,109.88604736328125,100.95115661621094,91.61203002929688,79.99576568603516,77.51854705810547
950000,960001,17,9,253,217,0,52117.953125,696.6454467773438,410.8433837890625,272.2254943847656,216.41470336914062,178.2632293701172,134.13523864746094,122.34403991699219,103.78398132324219,96.1538314819336,91.8742904663086,78.51073455810547,73.38127136230469,70.45579528808594,68.16221618652344,64.71719360351562,56.241172790527344,37970.796875,394.8421630859375,262.2025451660156,139.92205810546875,112.44754791259766,100.02671813964844,76.385986328125,70.79700469970703,69.98377990722656
950000,960001,17,9,253,217,1,52123.2890625,722.4160766601562,433.13238525390625,296.4189758300781,239.8707733154297,182.91188049316406,131.5741424560547,115.8729476928711,114.54238891601562,94.80780792236328,89.74597930908203,84.5066909790039,83.31765747070312,77.27412414550781,72.5132827758789,69.61621856689453,64.50594329833984,37973.84375,398.842041015625,328.39605712890625,145.87498474121094,129.0023193359375,92.48858642578125,85.2194595336914,77.1578140258789,76.04560852050781
955000,965001,17,9,252,225,0,51832.4453125,1132.18505859375,411.10107421875,276.4270324707031,197.61448669433594,159.67286682128906,149.399169921875,134.96751403808594,105.99507904052734,98.46827697753906,95.93003845214844,92.04655456542969,77.7220458984375,75.25849151611328,73.3967514038086,67.9415512084961,65.51915740966797,37756.24609375,533.6250610351562,212.09657287597656,150.70220947265625,112.36634826660156,104.83078002929688,85.37899017333984,79.1234130859375,74.2502212524414
955000,965001,17,9,252,225,1,51787.54296875,1159.80224609375,400.8714599609375,274.0197448730469,204.8439178466797,171.01571655273438,134.14923095703125,129.9063262939453,122.60697174072266,95.29529571533203,86.35655212402344,82.64222717285156,76.52108001708984,67.58995819091797,63.2768440246582,57.37400817871094,52.39908981323242,37727.09375,495.0106201171875,225.33859252929688,159.66098022460938,127.73773956298828,103.04056549072266,77.78579711914062,64.76901245117188,57.46597671508789
960000,970001,17,9,253,226,0,51545.484375,1404.533203125,622.94091796875,340.7967224121094,285.6381530761719,176.53585815429688,172.9929962158203,145.35935974121094,136.88839721679688,120.0711669921875,112.10975646972656,97.81487274169922,87.54544830322266,78.60636138916016,73.34639739990234,73.04072570800781,65.23604583740234,37543.00390625,733.0655517578125,306.7133483886719,152.7784881591797,139.54901123046875,114.67288970947266,96.88121032714844,86.6938705444336,75.82101440429688
960000,970001,17,9,253,226,1,51568.1953125,1389.189453125,600.5763549804688,353.57794189453125,297.3096008300781,191.1798095703125,173.99476623535156,128.59556579589844,124.45708465576172,119.7073974609375,101.3712387084961,97.09856414794922,90.71822357177734,83.37161254882812,71.35262298583984,64.99181365966797,59.83667755126953,37557.90234375,711.2647705078125,337.8297119140625,166.07583618164062,122.56168365478516,114.53002166748047,104.94581604003906,77.26236724853516,68.435546875
965000,975001,17,9,252,227,0,51689.6953125,906.2645874023438,415.3134460449219,333.548583984375,213.88726806640625,194.39125061035156,172.2633056640625,164.44818115234375,143.54031372070312,132.82505798339844,116.32421875,113.34417724609375,106.1871566772461,97.5698471069336,90.16963958740234,89.65650177001953,85.52346801757812,37690.6953125,427.6547546386719,219.98602294921875,164.27157592773438,130.5303497314453,115.17949676513672,98.5337905883789,96.1843032836914,87.94551849365234
965000,975001,17,9,252,227,1,51722.015625,910.6539916992188,434.3904113769531,325.9718933105469,234.1861114501953,211.44711303710938,181.25552368164062,169.69676208496094,146.17970275878906,130.51092529296875,125.61100769042969,120.36296081542969,106.97779083251953,104.18727111816406,97.20269775390625,90.90079498291016,87.73589324951172,37708.77734375,442.26702880859375,256.855224609375,191.91506958007812,142.6396026611328,127.6682357788086,109.79688262939453,100.26824951171875,92.13823699951172
970000,980001,17,9,251,223,0,51896.3515625,820.02392578125,434.30755615234375,289.2421875,236.29881286621094,182.8173370361328,177.972412109375,131.83526611328125,121.56549835205078,103.81869506835938,98.83243560791016,95.8962631225586,93.93222045898438,85.00208282470703,74.37640380859375,70.37555694580078,58.95534133911133,37793.0390625,427.281982421875,241.06089782714844,146.01040649414062,120.78911590576172,104.16734313964844,94.49302673339844,84.09120178222656,71.018798828125
970000,980001,17,9,251,223,1,51971.3984375,808.5730590820312,405.9715576171875,266.5833435058594,204.7991485595703,169.81117248535156,162.22019958496094,125.80419921875,119.81135559082031,106.71826171875,94.56541442871094,88.59778594970703,83.0408706665039,78.17820739746094,72.45510864257812,66.1302261352539,57.00386047363281,37848.1328125,414.19927978515625,199.40370178222656,153.81329345703125,105.05363464355469,96.0034408569336,82.19979095458984,77.38890075683594,65.81574249267578
975000,985001,17,9,247,216,0,51544.1640625,784.5816040039062,324.4032897949219,238.49830627441406,164.15074157714844,150.55641174316406,123.11009216308594,100.83049011230469,97.88536071777344,86.22193908691406,84.90924835205078,80.42961883544922,72.74219512939453,69.89786529541016,67.14356994628906,64.85249328613281,58.00709533691406,37554.3515625,347.4599304199219,191.0939483642578,143.1921844482422,106.1322021484375,91.31137084960938,78.673583984375,71.01556396484375,61.95753479003906
975000,985001,17,9,247,216,1,51590.47265625,779.1082153320312,316.0151062011719,222.57118225097656,152.97918701171875,146.94088745117188,104.11953735351562,99.7939682006836,89.97396850585938,85.36354064941406,79.53402709960938,72.66717529296875,67.62258911132812,66.32804870605469,59.90585708618164,56.466827392578125,53.92585754394531,37588.3046875,340.78143310546875,186.94589233398438,138.56016540527344,100.44232940673828,79.43132019042969,74.27088165283203,62.77893829345703,58.05637741088867
980000,990001,17,9,251,222,0,52677.57421875,780.9227905273438,415.267333984375,235.9935302734375,206.24990844726562,154.74139404296875,143.05516052246094,136.33682250976562,110.43700408935547,106.3632583618164,103.98505401611328,99.64728546142578,98.23802947998047,85.52120208740234,83.6320571899414,74.3997573852539,70.5636978149414,38385.7109375,451.6305847167969,214.16188049316406,159.1739501953125,114.71346282958984,100.11642456054688,96.93292236328125,86.77306365966797,75.98401641845703
980000,990001,17,9,251,222,1,52648.8125,761.4754638671875,417.9822082519531,214.63702392578125,177.34300231933594,155.40036010742188,133.81387329101562,130.23240661621094,125.86798095703125,111.90084075927734,105.92157745361328,98.19718170166016,95.12552642822266,89.96678924560547,83.10250091552734,82.198486328125,71.69403076171875,38370.078125,444.9324645996094,195.36679077148438,148.2708740234375,119.13638305664062,108.5990219116211,102.62898254394531,88.11798095703125,78.6792984008789
985000,995001,17,9,248,217,0,51954.5390625,886.8323974609375,525.1795654296875,258.2272644042969,189.40245056152344,153.89453125,129.42095947265625,107.79583740234375,99.55109405517578,87.56349182128906,81.81576538085938,77.55815887451172,72.40796661376953,66.37928771972656,60.091068267822266,56.66283416748047,50.34822082519531,37871.7578125,714.0617065429688,247.58544921875,142.97215270996094,106.7373275756836,93.57920837402344,74.20758819580078,70.3833236694336,59.55668640136719
985000,995001,17,9,248,217,1,51916.97265625,930.3656616210938,543.4050903320312,268.24139404296875,190.41845703125,145.30377197265625,120.54408264160156,109.37538146972656,98.65351104736328,88.32477569580078,77.65010070800781,72.48056030273438,70.30799102783203,68.81798553466797,66.94698333740234,65.74889373779297,63.193748474121094,37845.3125,768.2854614257812,260.5675048828125,160.2733154296875,103.58495330810547,89.5892105102539,77.08496856689453,69.66519927978516,66.96983337402344
