grad_step,env_steps,window_len,penalty_len,n_windows,unique_eps,critic,sv_01,sv_02,sv_03,sv_04,sv_05,sv_06,sv_07,sv_08,sv_09,sv_10,sv_11,sv_12,sv_13,sv_14,sv_15,sv_16,sv_17,pen_sv_01,pen_sv_02,pen_sv_03
0,101,17,3,217,1,0,5.11981725692749,0.5052657127380371,0.48446857929229736,0.4467506408691406,0.41228920221328735,0.4085370600223541,0.39813554286956787,0.3811434209346771,0.3731287121772766,0.3596045970916748,0.35156747698783875,0.33742889761924744,0.3120759427547455,0.2998042404651642,0.27975642681121826,0.2793542444705963,0.2237621247768402,2.122955322265625,0.3761233985424042,0.32212257385253906
0,101,17,3,217,1,1,2.1378962993621826,0.27730593085289,0.27326250076293945,0.2569882571697235,0.22610440850257874,0.22307471930980682,0.20250491797924042,0.19408217072486877,0.1912451982498169,0.18167969584465027,0.17648588120937347,0.17159587144851685,0.1601247638463974,0.15950722992420197,0.1450715810060501,0.1347126066684723,0.11248200386762619,0.9501931667327881,0.19769759476184845,0.1691139042377472
1000,1101,17,3,251,2,0,2.8383870124816895,0.37999391555786133,0.25302380323410034,0.24477991461753845,0.21371784806251526,0.1897728443145752,0.1768205165863037,0.16081202030181885,0.15772594511508942,0.13987015187740326,0.12074200809001923,0.11069615930318832,0.0997491255402565,0.09511902928352356,0.08111073821783066,0.0716220960021019,0.056544918566942215,1.2143274545669556,0.16025055944919586,0.1328125149011612
1000,1101,17,3,251,2,1,2.784470558166504,0.3760874569416046,0.2518448531627655,0.2431945949792862,0.21165801584720612,0.1885431557893753,0.17578551173210144,0.160393625497818,0.15579810738563538,0.13765724003314972,0.11945264786481857,0.10877048969268799,0.09811005741357803,0.09474343061447144,0.08050458878278732,0.07063019275665283,0.05577194690704346,1.1917134523391724,0.159147247672081,0.1305524706840515
2000,2101,17,3,250,3,0,3.8947575092315674,0.3235987722873688,0.22331248223781586,0.19866029918193817,0.1828695833683014,0.16587911546230316,0.15270134806632996,0.13881006836891174,0.12582573294639587,0.11730595678091049,0.10717430710792542,0.09638499468564987,0.0806434154510498,0.06976240128278732,0.058295849710702896,0.04824075102806091,0.043178487569093704,1.6286808252334595,0.13577887415885925,0.10545407980680466
2000,2101,17,3,250,3,1,3.814540386199951,0.3236043453216553,0.22476646304130554,0.19921283423900604,0.1837782859802246,0.16665540635585785,0.15355943143367767,0.13852356374263763,0.12637534737586975,0.11789821088314056,0.10637306421995163,0.09639595448970795,0.08047547191381454,0.0691080391407013,0.05803724750876427,0.04904453828930855,0.043147649616003036,1.5957868099212646,0.13617360591888428,0.10510027408599854
3000,3101,17,3,255,4,0,4.13865327835083,0.35247939825057983,0.21098773181438446,0.2034844607114792,0.17130574584007263,0.1609555184841156,0.14385941624641418,0.1224062517285347,0.11085281521081924,0.09004522114992142,0.08141651749610901,0.06845442205667496,0.06114335358142853,0.057717230170965195,0.04239685833454132,0.04133620485663414,0.032061249017715454,1.7365164756774902,0.10581731796264648,0.10246960818767548
3000,3101,17,3,255,4,1,4.113422393798828,0.35114890336990356,0.21008843183517456,0.2020823359489441,0.17088709771633148,0.1607368439435959,0.1423986405134201,0.12262929230928421,0.11034737527370453,0.09037502110004425,0.08124097436666489,0.06872665882110596,0.06105726212263107,0.05786711350083351,0.04233580455183983,0.04076195880770683,0.03211306408047676,1.72681725025177,0.10562268644571304,0.1015114113688469
4000,4101,17,3,252,5,0,4.339529991149902,0.3833729028701782,0.2230319231748581,0.16422975063323975,0.14054502546787262,0.12009817361831665,0.11075114458799362,0.08969736099243164,0.07849909365177155,0.06640895456075668,0.058706484735012054,0.051442950963974,0.046535976231098175,0.040784064680337906,0.03636296093463898,0.03515470400452614,0.0339902900159359,1.8423078060150146,0.09228189289569855,0.056271281093358994
4000,4101,17,3,252,5,1,4.204721927642822,0.3805885910987854,0.22128459811210632,0.16226744651794434,0.139971062541008,0.11967793107032776,0.11057614535093307,0.08908078819513321,0.07783383131027222,0.06599295884370804,0.05830365791916847,0.051326021552085876,0.04620679095387459,0.040586479008197784,0.03633882850408554,0.03507065027952194,0.033758703619241714,1.785186767578125,0.09229030460119247,0.05638876557350159
5000,5101,17,3,251,6,0,4.701244831085205,0.3913924992084503,0.1847938597202301,0.14188283681869507,0.12500450015068054,0.11983203887939453,0.09570706635713577,0.08167655766010284,0.06749150902032852,0.056507229804992676,0.05003443360328674,0.047393254935741425,0.042602185159921646,0.04142942652106285,0.038215942680835724,0.03566966578364372,0.03341813385486603,2.0039234161376953,0.09381809830665588,0.045276105403900146
5000,5101,17,3,251,6,1,4.732429504394531,0.3917616307735443,0.18498525023460388,0.14243203401565552,0.12585580348968506,0.12013053148984909,0.09615045040845871,0.08168397098779678,0.06802815943956375,0.05712944641709328,0.04974331334233284,0.04778522253036499,0.04297007620334625,0.041673287749290466,0.03851304575800896,0.035540685057640076,0.03370494022965431,2.017045021057129,0.09409323334693909,0.04579584300518036
6000,6101,17,3,250,7,0,17.065711975097656,3.172670602798462,0.2607126533985138,0.21388539671897888,0.15537485480308533,0.14654220640659332,0.11322791129350662,0.10230279713869095,0.0802060216665268,0.06393703073263168,0.06002166494727135,0.055158767849206924,0.05164768919348717,0.048938971012830734,0.044534534215927124,0.03870800882577896,0.03750485181808472,11.430813789367676,0.1370016634464264,0.09002576768398285
6000,6101,17,3,250,7,1,13.726744651794434,3.301593780517578,0.32573628425598145,0.21158921718597412,0.18259111046791077,0.17613975703716278,0.12630832195281982,0.10892654955387115,0.08797593414783478,0.06906909495592117,0.062384750694036484,0.058644287288188934,0.05381997674703598,0.05150815099477768,0.05049971118569374,0.04035888984799385,0.03826511278748512,8.543334007263184,0.15942446887493134,0.09212452918291092
7000,7101,17,3,251,8,0,61.33744430541992,7.993253707885742,0.32141509652137756,0.162425234913826,0.1568976193666458,0.10561725497245789,0.08604279160499573,0.07101260125637054,0.06469640880823135,0.06099884212017059,0.04879802092909813,0.04426285997033119,0.03977227210998535,0.03922516480088234,0.03559456765651703,0.034441232681274414,0.03340274840593338,44.85204315185547,0.3853011131286621,0.05558120831847191
7000,7101,17,3,251,8,1,60.45598220825195,8.436541557312012,0.35815146565437317,0.1966124325990677,0.16682860255241394,0.11717179417610168,0.10708916187286377,0.07928701490163803,0.07173697650432587,0.06942441314458847,0.051453568041324615,0.04722413420677185,0.044282279908657074,0.042386554181575775,0.040654394775629044,0.03808264061808586,0.034431617707014084,42.9528694152832,0.3943597972393036,0.059358421713113785
8000,8101,17,3,254,9,0,16.438610076904297,1.8987369537353516,0.32673051953315735,0.15207166969776154,0.1277477890253067,0.10881439596414566,0.09519261121749878,0.07689761370420456,0.06387975811958313,0.06022877246141434,0.05171273276209831,0.04907040670514107,0.041941579431295395,0.04078176990151405,0.03689270839095116,0.03262215852737427,0.030242661014199257,6.984653472900391,0.15365701913833618,0.04348352551460266
8000,8101,17,3,254,9,1,16.351716995239258,1.8700915575027466,0.34019017219543457,0.16956166923046112,0.12601575255393982,0.12477774918079376,0.09481755644083023,0.08347036689519882,0.0740167498588562,0.06815385818481445,0.05622974410653114,0.04972623288631439,0.04623918980360031,0.04455824941396713,0.04167262464761734,0.04010186344385147,0.031768474727869034,6.942032814025879,0.15548977255821228,0.04808896407485008
9000,9101,17,3,255,10,0,22.970346450805664,6.60927152633667,2.4678151607513428,1.2748812437057495,0.19695673882961273,0.11646053194999695,0.1099131852388382,0.07836176455020905,0.06992462277412415,0.06216764450073242,0.05707419663667679,0.05495339259505272,0.045995015650987625,0.03967272862792015,0.03735779970884323,0.03593868762254715,0.03340469300746918,7.623351573944092,1.0016000270843506,0.08885250240564346
9000,9101,17,3,255,10,1,22.961942672729492,6.25282621383667,3.0715126991271973,1.0994489192962646,0.31697672605514526,0.11114408075809479,0.08912857621908188,0.06588679552078247,0.05655457079410553,0.05089876428246498,0.04891910403966904,0.042774658650159836,0.041875749826431274,0.03507933020591736,0.03215807303786278,0.031183278188109398,0.026199910789728165,7.8543500900268555,1.2187501192092896,0.038674257695674896
10000,10101,17,3,248,11,0,197.9551239013672,35.79302978515625,11.785682678222656,0.9346562623977661,0.1446295529603958,0.13626094162464142,0.10040391981601715,0.0914260521531105,0.0802793800830841,0.07063400745391846,0.0642235279083252,0.05127137154340744,0.04822930321097374,0.04279138147830963,0.04134304076433182,0.038909390568733215,0.0334075503051281,142.36941528320312,5.834362506866455,0.12264885008335114
10000,10101,17,3,248,11,1,197.70567321777344,37.92985916137695,12.22083854675293,1.1535204648971558,0.16017504036426544,0.14942599833011627,0.1229124367237091,0.11612764745950699,0.11433833837509155,0.08250927925109863,0.07560384273529053,0.06484728306531906,0.060368072241544724,0.051827505230903625,0.049415089190006256,0.041276413947343826,0.041075874119997025,140.65419006347656,5.764048099517822,0.2114500105381012
11000,11101,17,3,252,12,0,23.293190002441406,14.914793968200684,1.458952784538269,0.26914554834365845,0.12792649865150452,0.11729082465171814,0.10973940789699554,0.08508378267288208,0.0711812674999237,0.05705169960856438,0.048888225108385086,0.04824644699692726,0.042930442839860916,0.039352890104055405,0.03633592650294304,0.034799739718437195,0.03144053369760513,21.71316909790039,2.6661105155944824,0.057844728231430054
11000,11101,17,3,252,12,1,22.725242614746094,14.603883743286133,1.497304916381836,0.2775697112083435,0.13655632734298706,0.12536799907684326,0.112216517329216,0.08915141224861145,0.07679003477096558,0.05991847440600395,0.05297766998410225,0.049122828990221024,0.04388515651226044,0.04048486053943634,0.03830103948712349,0.03715746849775314,0.03538384288549423,21.07786750793457,2.563075542449951,0.05901211500167847
12000,12101,17,3,253,13,0,71.40624237060547,6.98611307144165,1.7673031091690063,0.40824785828590393,0.16423915326595306,0.11771303415298462,0.10828161239624023,0.09160102158784866,0.07947327941656113,0.06194102391600609,0.05155303701758385,0.04481333866715431,0.041945427656173706,0.04134979099035263,0.03797346353530884,0.03522096574306488,0.027904093265533447,12.398819923400879,2.6037392616271973,0.29259154200553894
12000,12101,17,3,253,13,1,70.78694152832031,6.264725685119629,1.5785483121871948,0.4395538866519928,0.16023491322994232,0.1296057403087616,0.11975499242544174,0.09901437163352966,0.08067002892494202,0.06433110684156418,0.05372649058699608,0.04749511182308197,0.045549966394901276,0.041605450212955475,0.04078773036599159,0.03640172630548477,0.03238726034760475,12.08633041381836,2.3081281185150146,0.343609482049942
13000,13101,17,3,251,14,0,61.84005355834961,12.966398239135742,2.265146255493164,0.671850323677063,0.3266659379005432,0.13050265610218048,0.10295731574296951,0.08443013578653336,0.0674322247505188,0.06130102649331093,0.053883571177721024,0.047817617654800415,0.044723041355609894,0.04096716269850731,0.03576596826314926,0.032855041325092316,0.030373144894838333,7.816202640533447,0.13563968241214752,0.05394424870610237
13000,13101,17,3,251,14,1,62.91307067871094,12.796728134155273,2.378122329711914,1.2205489873886108,0.3329564034938812,0.14044871926307678,0.11380748450756073,0.09659524261951447,0.07836736738681793,0.06675413250923157,0.06059950590133667,0.053067080676555634,0.045363280922174454,0.04360007867217064,0.04055425897240639,0.037687093019485474,0.036399029195308685,7.756717681884766,0.13797390460968018,0.05878502130508423
14000,14101,17,3,253,15,0,18.258207321166992,1.786708950996399,0.5820528268814087,0.1977676898241043,0.11610504239797592,0.10803277045488358,0.07773138582706451,0.06974060833454132,0.05907769873738289,0.05374831706285477,0.04540777951478958,0.044218674302101135,0.04181244596838951,0.04035055637359619,0.03276197984814644,0.028943128883838654,0.02832254394888878,7.716514587402344,0.12902730703353882,0.04153040423989296
14000,14101,17,3,253,15,1,19.435001373291016,1.6392544507980347,0.4823826551437378,0.25892889499664307,0.16217532753944397,0.1351328343153,0.1046018972992897,0.09637836366891861,0.07662132382392883,0.06718052178621292,0.0610755980014801,0.05556248128414154,0.05124950036406517,0.04698557406663895,0.03908960148692131,0.03903653472661972,0.035003602504730225,8.185906410217285,0.1392250508069992,0.054640404880046844
15000,15101,17,3,251,16,0,242.1707763671875,58.76433563232422,12.681517601013184,5.340363025665283,0.7433532476425171,0.2951781749725342,0.08890566974878311,0.0750059187412262,0.06496580690145493,0.054668717086315155,0.05120997503399849,0.04141920059919357,0.03984147310256958,0.038005027920007706,0.034658536314964294,0.033178482204675674,0.031035106629133224,85.50794219970703,7.264613151550293,0.32684144377708435
15000,15101,17,3,251,16,1,243.06568908691406,59.09275817871094,13.434420585632324,5.597021102905273,0.8064264059066772,0.2824924886226654,0.11767697334289551,0.08566699177026749,0.0646585151553154,0.05402398481965065,0.050855960696935654,0.044219471514225006,0.041097838431596756,0.03860500082373619,0.035778678953647614,0.03459206223487854,0.031181752681732178,86.32024383544922,7.374752521514893,0.18120041489601135
16000,16101,17,3,252,17,0,296.9981384277344,78.47025299072266,11.436335563659668,0.965459406375885,0.4885120093822479,0.25568071007728577,0.2006005197763443,0.13227468729019165,0.12291957437992096,0.10128821432590485,0.06883382052183151,0.058986835181713104,0.05197671055793762,0.05173897743225098,0.042736224830150604,0.036956485360860825,0.034327760338783264,167.5564727783203,5.905341148376465,0.09983043372631073
16000,16101,17,3,252,17,1,295.88018798828125,78.79426574707031,12.026123046875,0.9803472757339478,0.4296695291996002,0.24930746853351593,0.18558628857135773,0.13336049020290375,0.12815243005752563,0.10518410801887512,0.08772657811641693,0.058592539280653,0.0542776845395565,0.04944649711251259,0.04132961481809616,0.03845342993736267,0.03288359194993973,166.8461456298828,5.8289690017700195,0.08443967998027802
17000,17101,17,3,254,18,0,224.55982971191406,51.29051208496094,19.635547637939453,1.1317933797836304,0.3303247392177582,0.1252025067806244,0.10694526880979538,0.09392997622489929,0.0885954350233078,0.06707122176885605,0.05155733600258827,0.04694990813732147,0.04375869408249855,0.0426010861992836,0.03740527480840683,0.034644320607185364,0.029763001948595047,111.53055572509766,5.6991400718688965,0.2718488276004791
17000,17101,17,3,254,18,1,223.7823486328125,51.639488220214844,20.6302433013916,1.25845205783844,0.2825608253479004,0.1237412765622139,0.1172260195016861,0.10346001386642456,0.09565187990665436,0.08323828130960464,0.05636242777109146,0.04724401235580444,0.0423598438501358,0.04100637137889862,0.039141736924648285,0.035410620272159576,0.030515290796756744,111.27715301513672,5.548882484436035,0.2589413821697235
18000,18101,17,3,251,20,0,137.68325805664062,73.86519622802734,15.385169982910156,2.5668601989746094,1.776831030845642,0.3620275557041168,0.20704340934753418,0.1516931653022766,0.10338879376649857,0.07306435704231262,0.06655061990022659,0.056862324476242065,0.0469042994081974,0.04103107005357742,0.03489087149500847,0.03132498264312744,0.030213497579097748,76.82581329345703,2.7572097778320312,0.06100187450647354
18000,18101,17,3,251,20,1,139.73110961914062,76.0210952758789,14.850130081176758,2.6179862022399902,1.5704090595245361,0.5574907064437866,0.3654693365097046,0.15430597960948944,0.1435316950082779,0.0805632546544075,0.06523644924163818,0.05853800103068352,0.05526117607951164,0.04534684866666794,0.04259723424911499,0.03756790608167648,0.03394884988665581,77.58045196533203,2.7249679565429688,0.06934065371751785
19000,19101,17,3,250,21,0,435.32354736328125,91.85713958740234,19.379796981811523,7.481657028198242,3.782808542251587,0.9152364134788513,0.8105186223983765,0.18214428424835205,0.11352983117103577,0.08919310569763184,0.05508459359407425,0.05439652130007744,0.04553572088479996,0.042916301637887955,0.04161688685417175,0.039312370121479034,0.03320957347750664,235.54776000976562,9.811352729797363,0.5639442205429077
19000,19101,17,3,250,21,1,433.5938720703125,92.47439575195312,18.21575355529785,8.140538215637207,4.241199016571045,1.1479746103286743,0.7060925364494324,0.2284964770078659,0.16621394455432892,0.12290448695421219,0.07254444062709808,0.0637180358171463,0.05928712338209152,0.05008842796087265,0.04441561549901962,0.03573779761791229,0.02857823856174946,235.32859802246094,9.802591323852539,0.2989586889743805
20000,20101,17,3,249,23,0,196.64614868164062,17.72197723388672,6.012750148773193,3.626218795776367,0.48855361342430115,0.20219232141971588,0.12878815829753876,0.08949678391218185,0.08582312613725662,0.07307488471269608,0.05361320823431015,0.051591865718364716,0.043664153665304184,0.03663055971264839,0.034681566059589386,0.033816684037446976,0.0329500287771225,143.9185333251953,3.3957526683807373,0.06029244139790535
20000,20101,17,3,249,23,1,198.48143005371094,17.71407127380371,5.865010738372803,3.4263360500335693,0.5092418193817139,0.20391517877578735,0.1842619925737381,0.08797905594110489,0.07940853387117386,0.06467366218566895,0.045387957245111465,0.04308560863137245,0.03826673701405525,0.03740924969315529,0.03431978076696396,0.032621145248413086,0.03003235161304474,145.51284790039062,3.1998276710510254,0.05059407278895378
21000,21101,17,3,250,25,0,460.86761474609375,102.17642211914062,32.2823371887207,14.786264419555664,4.006028175354004,1.541666030883789,0.7169303297996521,0.6319855451583862,0.14859266579151154,0.1155826598405838,0.09554867446422577,0.06141897663474083,0.05599704384803772,0.053243014961481094,0.0445818156003952,0.03819853812456131,0.037916455417871475,287.21527099609375,12.316858291625977,0.21755754947662354
21000,21101,17,3,250,25,1,459.27056884765625,100.48131561279297,32.01764678955078,15.874777793884277,4.7213358879089355,2.2417829036712646,1.076509952545166,0.44260933995246887,0.23478348553180695,0.15819814801216125,0.10937217622995377,0.07045748084783554,0.050431665033102036,0.042852479964494705,0.04092467576265335,0.03387518599629402,0.030472176149487495,287.18572998046875,12.549176216125488,0.23302209377288818
22000,22101,17,3,252,26,0,689.7640380859375,142.6580047607422,18.290185928344727,11.647619247436523,5.228208541870117,1.3028302192687988,1.0095945596694946,0.4861600697040558,0.26078319549560547,0.23134717345237732,0.1421341598033905,0.11940359324216843,0.09882493317127228,0.08400126546621323,0.05546513572335243,0.03742416203022003,0.03655258193612099,389.3070373535156,6.66096305847168,0.5425106883049011
22000,22101,17,3,252,26,1,691.1177978515625,144.0587158203125,18.259071350097656,10.6621732711792,4.92283821105957,1.641891360282898,0.8507101535797119,0.6779150366783142,0.373104989528656,0.2865827679634094,0.21508778631687164,0.15035027265548706,0.10839693993330002,0.09396933764219284,0.051233772188425064,0.04287440702319145,0.031308602541685104,390.97998046875,6.418498516082764,0.614538848400116
23000,23101,17,3,250,29,0,320.9937744140625,130.0183868408203,50.077178955078125,14.209052085876465,5.696111679077148,2.873929023742676,1.5510571002960205,0.9003462791442871,0.5929491519927979,0.37315794825553894,0.29524704813957214,0.22398315370082855,0.2181631475687027,0.11611218005418777,0.10854888707399368,0.061396025121212006,0.055825743824243546,185.18206787109375,12.920998573303223,0.834850013256073
23000,23101,17,3,250,29,1,313.64794921875,128.6380615234375,49.51991653442383,14.303339004516602,6.043596267700195,2.4637434482574463,1.579095721244812,0.9183189868927002,0.5649362802505493,0.4440214931964874,0.38756901025772095,0.3397832214832306,0.1718900501728058,0.12338092178106308,0.11409314721822739,0.0760839506983757,0.06798990815877914,181.10476684570312,12.98703384399414,0.8005620837211609
24000,24101,17,3,249,32,0,449.7416687011719,171.99134826660156,55.5252685546875,24.126047134399414,8.595455169677734,4.605367660522461,1.9441789388656616,1.1950311660766602,0.8802047967910767,0.5779043436050415,0.36725500226020813,0.3235209286212921,0.2712500989437103,0.20795407891273499,0.19463451206684113,0.11364849656820297,0.08153890818357468,292.4201965332031,15.211237907409668,0.970025360584259
24000,24101,17,3,249,32,1,447.0006408691406,171.6232147216797,55.32905960083008,25.033443450927734,8.402605056762695,4.285554885864258,1.845740556716919,1.1711618900299072,0.7996649742126465,0.549958348274231,0.5337086915969849,0.360614150762558,0.24976173043251038,0.16679875552654266,0.15453562140464783,0.1017618328332901,0.08700844645500183,290.7187805175781,14.837699890136719,0.9902150630950928
25000,25101,17,3,254,36,0,615.2474975585938,144.048583984375,49.69110107421875,16.32700538635254,5.803679466247559,3.484252452850342,1.9871001243591309,1.3244231939315796,0.9490420818328857,0.6220314502716064,0.40424805879592896,0.36261919140815735,0.30374211072921753,0.2576380968093872,0.19177594780921936,0.1899334341287613,0.11597442626953125,304.2583923339844,12.243612289428711,0.7522462010383606
25000,25101,17,3,254,36,1,617.3435668945312,145.10739135742188,50.1188850402832,17.31614112854004,6.010756969451904,3.496473789215088,2.2739145755767822,1.3750885725021362,0.9960209131240845,0.5871806144714355,0.5301128625869751,0.45731303095817566,0.3116312026977539,0.29803040623664856,0.26204997301101685,0.21722958981990814,0.1863924264907837,305.0377197265625,12.266426086425781,0.7997650504112244
26000,26101,17,3,250,37,0,843.8475952148438,237.5172576904297,69.71941375732422,23.69723129272461,9.108187675476074,4.578895568847656,2.990568161010742,1.9923369884490967,1.2430838346481323,0.9588799476623535,0.7622390985488892,0.6604034304618835,0.49896150827407837,0.3777797520160675,0.345384806394577,0.311535120010376,0.22718411684036255,419.2354431152344,17.30780792236328,1.4948514699935913
26000,26101,17,3,250,37,1,841.1091918945312,237.0419921875,69.20356750488281,24.697349548339844,9.584877967834473,4.987907409667969,3.2672698497772217,2.206387996673584,1.449350357055664,1.0665676593780518,0.8881596326828003,0.7175143361091614,0.5531435608863831,0.485464483499527,0.3695428669452667,0.35123685002326965,0.2920193672180176,419.6811828613281,17.086549758911133,1.928845763206482
27000,27101,17,3,251,41,0,1050.3831787109375,250.23634338378906,76.71617889404297,27.253864288330078,7.368328094482422,5.502767086029053,2.82519793510437,1.957338571548462,1.3176687955856323,0.9727543592453003,0.6869992017745972,0.6095699071884155,0.47484153509140015,0.41455650329589844,0.3758479356765747,0.25965434312820435,0.23610958456993103,550.33349609375,19.83078384399414,1.3485732078552246
27000,27101,17,3,251,41,1,1052.2552490234375,249.87216186523438,76.31026458740234,27.75909996032715,8.091464042663574,5.992786884307861,3.1902005672454834,1.7935396432876587,1.4223662614822388,1.1776336431503296,0.8273612260818481,0.6872016191482544,0.5782161355018616,0.44838589429855347,0.3970193564891815,0.30736857652664185,0.2587377727031708,551.4451904296875,19.7679443359375,1.4601351022720337
28000,28101,17,3,244,44,0,1143.893798828125,330.8190612792969,95.61312866210938,22.650991439819336,11.287561416625977,6.3628716468811035,3.5633699893951416,2.8098511695861816,1.8542250394821167,1.6812827587127686,1.0619723796844482,0.9616155624389648,0.8786430954933167,0.5789514780044556,0.4684690833091736,0.4110397696495056,0.2828146517276764,571.8994750976562,24.495943069458008,1.2812737226486206
28000,28101,17,3,244,44,1,1143.7259521484375,330.4081115722656,96.19547271728516,24.06254005432129,11.990142822265625,6.927130222320557,4.001528739929199,2.6698966026306152,1.7304226160049438,1.508714199066162,1.0360126495361328,0.8409746289253235,0.7899200916290283,0.6523797512054443,0.4848465323448181,0.3901403546333313,0.3454166650772095,572.109375,24.82753562927246,1.4990577697753906
29000,29101,17,3,254,46,0,1432.2542724609375,383.92010498046875,100.37239074707031,33.92375183105469,19.189165115356445,12.659733772277832,10.752914428710938,7.422184467315674,4.7976298332214355,3.441103458404541,1.9702260494232178,1.5999220609664917,1.1613171100616455,0.8640883564949036,0.7443166375160217,0.6720400452613831,0.48151493072509766,689.7708129882812,31.38470458984375,1.495514988899231
29000,29101,17,3,254,46,1,1431.786865234375,386.374267578125,99.84977722167969,32.43122863769531,19.023290634155273,12.482028007507324,10.080698013305664,7.118016719818115,4.788761615753174,3.721463918685913,1.9817607402801514,1.3651105165481567,1.0001776218414307,0.9813176989555359,0.8677278757095337,0.6573911309242249,0.5252985954284668,690.2056274414062,31.441267013549805,1.8284587860107422
30000,30101,17,3,247,43,0,1244.539306640625,333.8431396484375,92.29273986816406,25.584915161132812,18.964309692382812,9.763311386108398,6.7843403816223145,4.597169399261475,2.2936227321624756,1.707184910774231,1.4750404357910156,1.1673794984817505,0.7382558584213257,0.6431233882904053,0.5407012701034546,0.434876024723053,0.36187493801116943,535.6995849609375,27.208843231201172,2.0663814544677734
30000,30101,17,3,247,43,1,1243.493408203125,332.6606750488281,91.23040771484375,25.85148048400879,18.74561882019043,8.9932861328125,6.969633102416992,4.50888729095459,2.4127190113067627,1.586054801940918,1.4807627201080322,1.2005411386489868,1.0281507968902588,0.6524707078933716,0.49882590770721436,0.4201909303665161,0.3552189767360687,534.268798828125,26.908716201782227,1.9812068939208984
31000,31101,17,3,249,44,0,1459.4088134765625,431.7232971191406,88.53182983398438,39.93626022338867,33.32231521606445,28.37250328063965,11.805304527282715,7.292888164520264,4.484363555908203,3.5399389266967773,2.1482677459716797,1.6564754247665405,1.3642292022705078,1.0815417766571045,0.7663713693618774,0.6932291388511658,0.5929934978485107,643.69384765625,30.206865310668945,2.2603747844696045
31000,31101,17,3,249,44,1,1458.4185791015625,432.3810119628906,88.16036224365234,38.659175872802734,32.84439468383789,27.622196197509766,11.422104835510254,7.476275444030762,4.1216721534729,3.5122740268707275,1.973071813583374,1.8129446506500244,1.2251965999603271,1.0634278059005737,0.975537896156311,0.7246968746185303,0.6188675165176392,644.29052734375,29.495031356811523,2.7889323234558105
32000,32101,17,3,249,54,0,1912.5538330078125,447.5691223144531,96.93931579589844,51.09264373779297,41.085689544677734,35.40609359741211,27.399757385253906,22.31057357788086,14.744182586669922,11.049418449401855,7.073408603668213,4.264244079589844,3.9530367851257324,2.526547908782959,1.3997883796691895,1.0794646739959717,0.8237965703010559,891.3638305664062,28.84583282470703,4.031042098999023
32000,32101,17,3,249,54,1,1911.2266845703125,447.0328369140625,96.7874526977539,50.78087615966797,41.073177337646484,35.2022819519043,27.3439998626709,22.40390968322754,15.055364608764648,11.163152694702148,6.633153438568115,4.338576793670654,4.071035385131836,2.7179198265075684,1.4938673973083496,1.0860906839370728,0.8395295143127441,889.6010131835938,28.876935958862305,4.333728790283203
33000,33101,17,3,245,54,0,1718.3656005859375,392.9176330566406,91.7329330444336,46.3560676574707,28.21333885192871,25.56362533569336,14.48796272277832,7.691377639770508,3.9526114463806152,3.795725107192993,2.114973783493042,1.5632320642471313,1.3880010843276978,1.2547165155410767,1.049965500831604,0.9812792539596558,0.7114298343658447,792.5888061523438,31.620092391967773,1.7196513414382935
33000,33101,17,3,245,54,1,1713.464599609375,391.7933044433594,91.20545959472656,45.72652053833008,27.435340881347656,25.800138473510742,13.453404426574707,7.510559558868408,3.8351430892944336,3.4924380779266357,2.164728879928589,1.85139799118042,1.4969199895858765,1.2636572122573853,1.0358248949050903,0.9333065152168274,0.8274033665657043,789.4340209960938,31.07730484008789,1.7924294471740723
34000,34101,17,3,249,57,0,2212.370849609375,426.48040771484375,108.92768096923828,58.154212951660156,35.30912399291992,23.68800926208496,23.316608428955078,16.680070877075195,14.96392822265625,10.123695373535156,6.648294925689697,4.886192798614502,3.4095466136932373,2.2984447479248047,1.640559196472168,1.2112962007522583,1.0773953199386597,993.8243408203125,33.38772964477539,2.070964813232422
34000,34101,17,3,249,57,1,2208.802490234375,423.2884826660156,107.63204956054688,55.81111145019531,34.8905029296875,24.133743286132812,23.111467361450195,16.4802188873291,14.521357536315918,9.773754119873047,6.198738098144531,4.964628219604492,3.515815258026123,1.8654729127883911,1.3383886814117432,1.1059794425964355,0.8806555867195129,991.7442016601562,33.38822555541992,1.5412778854370117
35000,35101,17,3,252,56,0,1865.167724609375,424.7458801269531,70.29570770263672,30.055063247680664,15.196361541748047,7.833292484283447,5.262297630310059,3.9955596923828125,3.271968126296997,2.129908561706543,1.8222523927688599,1.313759684562683,1.2491214275360107,0.9802651405334473,0.8850329518318176,0.8606208562850952,0.766695499420166,822.2180786132812,35.06218338012695,1.8206872940063477
35000,35101,17,3,252,56,1,1868.2889404296875,425.8197021484375,71.91864776611328,27.678022384643555,13.940720558166504,7.657218933105469,4.719370365142822,3.3671557903289795,3.0498697757720947,2.130763292312622,1.4928269386291504,1.38373863697052,1.2148784399032593,1.1526470184326172,0.8430770039558411,0.8148437738418579,0.5870088338851929,824.2708740234375,35.30888748168945,1.6623938083648682
36000,36101,17,3,248,57,0,1937.59619140625,377.3106384277344,81.01795959472656,41.883766174316406,21.40311622619629,11.838045120239258,7.3356404304504395,4.6794867515563965,4.095246315002441,3.011429786682129,2.1308603286743164,1.6440975666046143,1.5747826099395752,1.308985710144043,1.0403118133544922,0.9576995968818665,0.9274770021438599,826.1705322265625,30.448759078979492,1.4360078573226929
36000,36101,17,3,248,57,1,1935.647705078125,377.1991271972656,81.6964340209961,40.02765655517578,19.23977279663086,11.16657829284668,7.248927593231201,5.815700054168701,4.181157112121582,3.579896926879883,2.892622709274292,2.2043473720550537,1.5470378398895264,1.4183865785598755,1.2308332920074463,1.0364850759506226,0.939416766166687,825.8411865234375,30.005874633789062,2.1307787895202637
37000,37101,17,3,248,68,0,2326.998291015625,396.6023254394531,95.51883697509766,33.543460845947266,18.6978759765625,11.12989330291748,7.753007411956787,5.6279730796813965,4.613549709320068,2.931816577911377,2.6734042167663574,2.2664031982421875,1.9829879999160767,1.6089937686920166,1.4908435344696045,1.2170002460479736,0.8793122172355652,1046.564697265625,33.640159606933594,2.5308358669281006
37000,37101,17,3,248,68,1,2332.026611328125,395.67486572265625,94.9662094116211,32.694828033447266,18.251686096191406,11.128521919250488,8.000763893127441,6.762221813201904,4.601355075836182,2.864083766937256,2.6700949668884277,2.49545955657959,2.105309009552002,1.8102890253067017,1.5347590446472168,1.356859564781189,1.2167249917984009,1049.0462646484375,33.85578536987305,2.6504745483398438
38000,38101,17,3,237,75,0,2220.76611328125,470.3220520019531,96.47400665283203,45.652259826660156,23.490446090698242,16.42953109741211,12.735157012939453,8.56946849822998,8.299674987792969,7.21744966506958,5.351245880126953,4.015430450439453,3.221118450164795,2.578352451324463,2.2650442123413086,1.6415214538574219,1.5190114974975586,1028.366943359375,38.608219146728516,7.596039772033691
38000,38101,17,3,237,75,1,2224.3203125,471.567138671875,93.16712951660156,43.09259796142578,20.992584228515625,15.662980079650879,10.342279434204102,8.624664306640625,7.530799388885498,6.822378158569336,5.935269355773926,4.22829008102417,3.9783811569213867,2.076572895050049,1.905523419380188,1.7037012577056885,1.5749292373657227,1029.775390625,37.19629669189453,7.220098495483398
39000,39101,17,3,248,72,0,2351.925537109375,416.1277160644531,105.11180114746094,51.974822998046875,21.256284713745117,20.565038681030273,15.440540313720703,12.523024559020996,9.845101356506348,8.018303871154785,4.947489261627197,4.584825038909912,3.04529070854187,2.889064311981201,2.1064860820770264,1.856360912322998,1.693448543548584,1061.671875,31.501832962036133,2.480605125427246
39000,39101,17,3,248,72,1,2349.0908203125,414.1069641113281,101.91747283935547,48.779457092285156,21.053707122802734,17.319475173950195,12.643351554870605,10.772486686706543,8.546903610229492,6.525213718414307,4.898240089416504,4.3921284675598145,3.272796392440796,2.529259204864502,2.1971993446350098,1.7921425104141235,1.3675349950790405,1062.2279052734375,31.044158935546875,3.327842950820923
40000,40101,17,3,246,72,0,2287.248779296875,492.1914978027344,113.24736785888672,44.57707595825195,25.45368766784668,17.384960174560547,14.044792175292969,8.527359008789062,6.733587265014648,4.977046012878418,4.78944206237793,4.052179336547852,3.605513572692871,2.4437057971954346,2.009752035140991,1.6755712032318115,1.3694522380828857,1013.8098754882812,38.70474624633789,2.9891574382781982
40000,40101,17,3,246,72,1,2293.11962890625,495.2462463378906,110.23258209228516,42.9420166015625,23.820842742919922,15.894033432006836,13.956178665161133,7.406682014465332,6.6056013107299805,4.975249767303467,4.236412525177002,3.7539451122283936,2.958000898361206,2.232653856277466,2.012742042541504,1.636597990989685,1.4534801244735718,1016.387939453125,37.45988464355469,3.156236171722412
41000,41101,17,3,245,79,0,2468.309326171875,422.38922119140625,136.55355834960938,64.15253448486328,38.787349700927734,32.630191802978516,21.86363983154297,18.351778030395508,11.817329406738281,9.498130798339844,8.391303062438965,8.109443664550781,4.8538031578063965,3.4710702896118164,3.0818123817443848,2.2851712703704834,1.9202061891555786,1085.1138916015625,37.44743347167969,6.24543571472168
41000,41101,17,3,245,79,1,2474.3525390625,420.8087158203125,133.2049102783203,59.19889831542969,35.4983024597168,28.962942123413086,19.260034561157227,17.116636276245117,11.087296485900879,9.474547386169434,8.287339210510254,7.649953365325928,5.568458080291748,3.205503225326538,2.359740972518921,2.3118178844451904,1.4012670516967773,1089.1939697265625,36.460060119628906,7.068877220153809
42000,42101,17,3,245,75,0,2340.28857421875,399.698486328125,123.3161849975586,53.99333190917969,37.55552673339844,25.818328857421875,20.147747039794922,16.590211868286133,14.709729194641113,11.024540901184082,9.218912124633789,5.697138786315918,5.548425674438477,3.347399950027466,2.4840948581695557,2.083354949951172,1.2581274509429932,1040.886962890625,37.6116828918457,9.443782806396484
42000,42101,17,3,245,75,1,2327.2197265625,399.95928955078125,122.15381622314453,51.305301666259766,34.189640045166016,22.210243225097656,16.9813175201416,14.067123413085938,13.255452156066895,8.93487548828125,7.802897930145264,5.604625701904297,4.01917839050293,3.6344523429870605,3.3144538402557373,1.9860390424728394,1.2376474142074585,1036.093017578125,36.253868103027344,7.703139305114746
43000,43101,17,3,247,85,0,2707.560791015625,390.24688720703125,120.2793197631836,53.513458251953125,31.46800994873047,22.65677833557129,21.613929748535156,17.342317581176758,13.29440689086914,11.914938926696777,10.084578514099121,7.31163215637207,5.643429279327393,5.229307651519775,3.96850323677063,3.7853729724884033,2.0232272148132324,1217.5528564453125,27.621444702148438,3.8206140995025635
43000,43101,17,3,247,85,1,2708.106201171875,388.4486999511719,118.15962219238281,49.84084701538086,29.25202751159668,20.166080474853516,18.978919982910156,15.026313781738281,11.857075691223145,10.916332244873047,9.514278411865234,6.434231281280518,5.268649578094482,4.7172651290893555,3.609095573425293,2.721771478652954,1.9581875801086426,1217.8543701171875,27.373994827270508,3.3369216918945312
44000,44101,17,3,241,81,0,2771.677001953125,391.54241943359375,138.939697265625,46.726722717285156,30.095455169677734,21.38550567626953,15.160109519958496,13.848485946655273,13.493738174438477,12.226828575134277,8.935467720031738,6.586513042449951,5.733716011047363,4.926155090332031,3.1433000564575195,1.9659169912338257,1.415697693824768,1223.274658203125,38.32889175415039,13.482746124267578
44000,44101,17,3,241,81,1,2769.5830078125,388.0313415527344,137.57029724121094,42.79304504394531,29.27167320251465,19.625532150268555,13.612157821655273,11.97966480255127,11.479722023010254,10.993048667907715,7.364315986633301,5.796370506286621,5.119439601898193,4.147366046905518,2.5371062755584717,1.9150301218032837,1.4643696546554565,1221.336181640625,37.04130554199219,11.319936752319336
45000,45101,17,3,237,95,0,2796.716552734375,361.39788818359375,141.6735076904297,56.6766471862793,29.942251205444336,16.1624813079834,12.250804901123047,8.921863555908203,8.08117389678955,6.969999313354492,4.752500057220459,4.428252220153809,2.785210609436035,2.675403356552124,2.071620225906372,1.6678684949874878,1.434453010559082,1247.29248046875,29.897430419921875,4.28602933883667
45000,45101,17,3,237,95,1,2788.28955078125,359.1881408691406,143.87161254882812,57.16665267944336,28.395658493041992,16.690959930419922,11.180102348327637,8.118391990661621,7.793734550476074,6.761419773101807,4.532883644104004,4.215136528015137,2.526582956314087,2.380521774291992,2.10489821434021,1.8212096691131592,1.2904670238494873,1245.579345703125,31.061378479003906,3.904414415359497
46000,46101,17,3,241,82,0,2861.641357421875,328.2692565917969,117.69843292236328,60.24858093261719,28.207813262939453,17.167207717895508,10.823830604553223,8.532922744750977,6.845504283905029,4.979972839355469,4.048713207244873,3.713762044906616,3.141907215118408,2.6199452877044678,2.033202648162842,1.8275976181030273,1.4835805892944336,1272.071044921875,30.13948631286621,2.8632822036743164
46000,46101,17,3,241,82,1,2850.496826171875,325.5857849121094,117.40007781982422,57.91997146606445,27.853818893432617,15.087573051452637,9.19167709350586,7.697304725646973,5.844074726104736,4.038400650024414,3.8896405696868896,2.9609265327453613,1.9869633913040161,1.8714064359664917,1.5683478116989136,1.477193832397461,1.2271474599838257,1266.317138671875,30.66245460510254,2.5973429679870605
47000,47101,17,3,234,98,0,2865.330322265625,341.9324951171875,134.523681640625,64.41338348388672,39.365413665771484,21.164445877075195,12.155608177185059,8.28861141204834,6.487669467926025,6.087926864624023,5.406508922576904,3.6791672706604004,2.8658769130706787,2.681279182434082,2.4751415252685547,1.8049695491790771,1.501098871231079,1263.6768798828125,27.292728424072266,3.7105329036712646
47000,47101,17,3,234,98,1,2871.274658203125,344.2633361816406,136.16500854492188,63.04930877685547,37.98996353149414,19.9940242767334,10.36612606048584,8.152348518371582,6.029927730560303,5.7883219718933105,4.658738613128662,3.787027597427368,2.877037286758423,2.498941659927368,2.416189432144165,1.9390543699264526,1.4783283472061157,1265.51171875,27.442995071411133,3.114487886428833
48000,48101,17,3,241,108,0,3228.5615234375,327.94195556640625,115.64531707763672,64.55062866210938,34.06672668457031,19.407470703125,13.305264472961426,10.501330375671387,6.760115623474121,5.4705986976623535,5.151333332061768,4.629924297332764,3.925274133682251,3.5358078479766846,3.2174954414367676,2.826246976852417,2.3654468059539795,1449.73876953125,24.522785186767578,4.492329120635986
48000,48101,17,3,241,108,1,3251.2353515625,329.0232849121094,115.92000579833984,66.11827087402344,32.466365814208984,17.605636596679688,11.654075622558594,11.132943153381348,6.479334354400635,5.458123207092285,4.672574520111084,3.917452573776245,3.209592580795288,2.8843867778778076,2.4409563541412354,2.2229080200195312,1.905288577079773,1457.9400634765625,24.924850463867188,3.2936267852783203
49000,49101,17,3,233,93,0,3050.034423828125,267.33636474609375,115.77080535888672,55.49376678466797,33.898468017578125,19.71527099609375,14.053553581237793,12.413736343383789,8.95716381072998,7.07204532623291,5.511048316955566,4.268359661102295,4.1753106117248535,3.6429944038391113,2.8810489177703857,2.450575590133667,1.6592457294464111,1332.5166015625,37.520965576171875,6.61831521987915
49000,49101,17,3,233,93,1,3050.599365234375,266.22503662109375,118.13102722167969,56.29888916015625,31.708253860473633,16.52355194091797,12.912323951721191,10.22145938873291,7.5589776039123535,6.269493579864502,5.691076278686523,4.299778461456299,3.360358953475952,2.7638328075408936,2.510918378829956,1.9357993602752686,1.4878530502319336,1332.670654296875,38.3972053527832,6.651421546936035
50000,50101,17,3,239,104,0,3274.8974609375,246.7465362548828,93.42390441894531,41.23618698120117,28.94037437438965,21.491222381591797,15.966772079467773,10.6085786819458,8.644454956054688,5.950377464294434,5.259545803070068,4.3183112144470215,3.8236043453216553,3.1743104457855225,2.4858155250549316,2.119711399078369,1.5243955850601196,1443.8956298828125,28.0963191986084,3.6073615550994873
50000,50101,17,3,239,104,1,3265.498291015625,245.18170166015625,91.80946350097656,39.5938606262207,28.582992553710938,19.295854568481445,15.31734561920166,10.050905227661133,7.093289375305176,5.5877580642700195,4.932580471038818,4.242501735687256,3.569275379180908,2.7311723232269287,2.0564205646514893,1.884490728378296,1.5878286361694336,1439.849365234375,26.593402862548828,3.656503677368164
51000,51101,17,3,235,100,0,3204.765869140625,221.04541015625,63.2520751953125,41.63727951049805,25.96172332763672,22.172788619995117,18.38636589050293,11.766538619995117,10.158445358276367,9.21926212310791,7.255970001220703,6.8212480545043945,5.700916290283203,5.199759483337402,3.9791793823242188,3.0878238677978516,2.1870412826538086,1413.0826416015625,28.107297897338867,7.536839962005615
51000,51101,17,3,235,100,1,3209.88232421875,220.8578643798828,63.194332122802734,39.77225112915039,25.177730560302734,20.044763565063477,16.55751609802246,10.89083480834961,8.171330451965332,7.651852130889893,6.803460121154785,5.1306915283203125,4.51764440536499,3.7584433555603027,3.0594940185546875,2.2112910747528076,1.7683485746383667,1415.7021484375,25.89226722717285,6.293191909790039
52000,52101,17,3,236,98,0,3237.198974609375,235.3657684326172,94.30381774902344,50.72910690307617,18.793033599853516,16.121034622192383,11.505048751831055,8.108512878417969,7.3893938064575195,4.793642520904541,4.1121320724487305,3.720576286315918,2.9592509269714355,2.4021332263946533,1.999186396598816,1.5864124298095703,1.4634605646133423,1435.6693115234375,26.435043334960938,3.2685000896453857
52000,52101,17,3,236,98,1,3247.818115234375,233.41098022460938,94.79742431640625,48.84596633911133,18.85700225830078,15.32370376586914,9.240447998046875,6.823457717895508,6.137076377868652,3.5894927978515625,3.3313004970550537,2.780203104019165,2.452633857727051,2.167285203933716,1.8862091302871704,1.4398273229599,1.3881057500839233,1438.495849609375,25.7997989654541,2.828369617462158
53000,53101,17,3,241,103,0,3193.539306640625,222.11138916015625,91.3539047241211,35.08786392211914,24.08871078491211,16.948286056518555,14.815013885498047,10.120187759399414,8.135797500610352,6.856629371643066,4.207211017608643,3.8673017024993896,3.4296822547912598,3.3165106773376465,2.7056214809417725,2.6048738956451416,2.392589807510376,1416.9837646484375,18.496902465820312,7.025659084320068
53000,53101,17,3,241,103,1,3183.583251953125,221.77052307128906,92.32966613769531,34.83311080932617,22.73699188232422,15.294071197509766,13.169466018676758,8.334305763244629,7.718764781951904,5.448357582092285,4.84260892868042,3.8140902519226074,3.448629856109619,2.728710889816284,2.4877545833587646,1.8856948614120483,1.7829968929290771,1412.4364013671875,18.328079223632812,5.976290225982666
54000,54101,17,3,239,103,0,3176.550537109375,234.08412170410156,79.65101623535156,36.283573150634766,27.79590606689453,15.714927673339844,12.827994346618652,7.284733772277832,6.0234880447387695,5.269641876220703,3.9103128910064697,3.672926664352417,3.2494735717773438,3.2041425704956055,2.689537763595581,2.128270149230957,1.955735683441162,1400.28759765625,23.459701538085938,4.062768936157227
54000,54101,17,3,239,103,1,3180.859375,237.35203552246094,79.69725799560547,37.031124114990234,26.081159591674805,14.887683868408203,9.711977005004883,6.817628383636475,5.506139278411865,4.778921604156494,3.5479824542999268,3.2919344902038574,3.0378944873809814,2.209652900695801,2.005032777786255,1.6253668069839478,1.337465524673462,1401.76904296875,23.09768295288086,3.6007609367370605
55000,55101,17,3,240,111,0,3203.0283203125,182.52645874023438,76.91279602050781,34.50605773925781,29.268007278442383,20.413267135620117,15.404685974121094,10.895992279052734,7.010489463806152,5.6027984619140625,5.1717209815979,3.924699068069458,3.739504337310791,2.77799391746521,2.5152695178985596,2.228191375732422,1.9466300010681152,1412.1168212890625,23.19017791748047,4.702240467071533
55000,55101,17,3,240,111,1,3211.029541015625,181.8695526123047,74.55194854736328,34.037559509277344,28.134563446044922,19.914247512817383,14.958611488342285,10.979297637939453,6.816368579864502,6.019659519195557,5.033256530761719,3.6549108028411865,3.0275380611419678,2.62612247467041,2.117859363555908,1.7794727087020874,1.6393663883209229,1415.3353271484375,23.079334259033203,4.554555416107178
56000,56101,17,3,232,112,0,3258.393798828125,224.0546417236328,72.31295013427734,41.278419494628906,22.22432518005371,17.773752212524414,9.50096607208252,7.77480936050415,6.721932888031006,4.96012544631958,4.318760395050049,3.5098187923431396,3.4123716354370117,2.816817045211792,2.388305425643921,2.002317428588867,1.741794228553772,1453.6510009765625,21.448305130004883,4.68374490737915
56000,56101,17,3,232,112,1,3274.572998046875,224.62628173828125,71.78218078613281,42.20953369140625,22.201263427734375,15.792173385620117,8.884912490844727,7.782669544219971,6.311849594116211,4.195307731628418,3.9626479148864746,2.878795862197876,2.463791608810425,2.241142988204956,2.0311055183410645,1.9233578443527222,1.6064523458480835,1459.2808837890625,21.484895706176758,5.5667853355407715
57000,57101,17,3,236,117,0,3277.6435546875,218.24891662597656,79.22916412353516,38.773529052734375,26.244091033935547,22.446178436279297,10.627906799316406,9.49548625946045,8.25174617767334,6.814504146575928,5.647861480712891,4.319445610046387,3.6764090061187744,2.9149117469787598,2.4765512943267822,2.094905138015747,1.95842444896698,1446.7320556640625,23.516733169555664,6.4929962158203125
57000,57101,17,3,236,117,1,3272.790283203125,217.41390991210938,80.3992919921875,39.0781364440918,26.397064208984375,19.822172164916992,9.69880199432373,6.9909348487854,6.4755659103393555,5.680568695068359,4.262037754058838,3.6687543392181396,2.2277374267578125,2.1836276054382324,2.1400246620178223,1.5453230142593384,1.4544919729232788,1444.72900390625,25.092578887939453,4.087794780731201
58000,58101,17,3,236,108,0,3267.158203125,220.674560546875,69.28398132324219,37.26814651489258,25.19911003112793,19.122772216796875,11.390615463256836,9.610876083374023,8.58678150177002,7.313323974609375,5.712530136108398,3.743412971496582,2.868651866912842,2.24552059173584,2.214501142501831,1.8409126996994019,1.6492711305618286,1432.6126708984375,19.589527130126953,5.852132797241211
58000,58101,17,3,236,108,1,3269.894287109375,219.5428466796875,68.16506958007812,39.1447868347168,26.110506057739258,18.31324577331543,11.392105102539062,8.629772186279297,7.580902576446533,5.731945991516113,5.208642482757568,3.722534656524658,2.8219356536865234,2.26761531829834,1.8115183115005493,1.557762622833252,1.441514015197754,1434.0660400390625,20.104555130004883,5.18915319442749
59000,59101,17,3,229,108,0,3113.972412109375,181.8294219970703,55.5487060546875,30.744810104370117,19.81370735168457,11.415764808654785,9.613117218017578,7.9097819328308105,5.132233619689941,3.584533929824829,3.2951111793518066,2.594672679901123,2.4929041862487793,2.367990016937256,2.0488569736480713,1.674739956855774,1.2373906373977661,1370.8795166015625,19.105077743530273,4.025288105010986
59000,59101,17,3,229,108,1,3106.089599609375,182.58111572265625,54.15731430053711,28.272785186767578,20.636754989624023,12.17611026763916,8.215462684631348,7.012818813323975,4.827042579650879,3.734637975692749,2.949462413787842,2.4808475971221924,1.916085958480835,1.8562268018722534,1.6549181938171387,1.336215615272522,1.3063148260116577,1367.676025390625,20.019123077392578,3.7305514812469482
60000,60101,17,3,231,124,0,3145.344482421875,200.49993896484375,74.90254974365234,41.28324890136719,26.430784225463867,18.385955810546875,15.210705757141113,10.181056022644043,7.432942867279053,5.42296838760376,5.053483486175537,4.523138999938965,3.410142421722412,2.8103063106536865,2.7192633152008057,2.441204786300659,2.0253794193267822,1394.516357421875,16.626455307006836,3.547311782836914
60000,60101,17,3,231,124,1,3145.406494140625,201.44207763671875,74.84410095214844,39.67245864868164,26.45210838317871,17.77385902404785,14.987432479858398,9.929067611694336,6.585629940032959,5.842845439910889,4.533981800079346,3.561668872833252,3.0700581073760986,2.5921742916107178,2.298145055770874,1.8303859233856201,1.48036789894104,1395.8753662109375,16.548723220825195,3.898925542831421
61000,61101,17,3,236,119,0,3273.962158203125,182.34988403320312,53.264678955078125,29.0212345123291,16.9378604888916,10.790769577026367,8.10301685333252,5.552552223205566,5.162928581237793,4.164363861083984,3.7369730472564697,2.7727465629577637,2.2487971782684326,2.0778486728668213,1.7518129348754883,1.5336860418319702,1.384279727935791,1453.3216552734375,14.49715805053711,2.3376095294952393
61000,61101,17,3,236,119,1,3283.6728515625,185.2320556640625,52.55647659301758,27.8144474029541,16.976036071777344,9.369203567504883,5.858327865600586,5.278489112854004,3.8289365768432617,3.2302491664886475,2.6332404613494873,2.1680502891540527,1.9747979640960693,1.7752528190612793,1.6525530815124512,1.3524527549743652,1.165856957435608,1458.1597900390625,13.876294136047363,2.142930746078491
62000,62101,17,3,237,124,0,3338.748779296875,220.9256134033203,60.28187942504883,32.41693115234375,25.487150192260742,14.064225196838379,10.165352821350098,8.751461029052734,5.6550374031066895,4.871524333953857,4.550851821899414,3.790109395980835,3.336306571960449,2.871807336807251,2.5584864616394043,2.1888158321380615,1.9329884052276611,1476.609130859375,19.303926467895508,3.7786858081817627
62000,62101,17,3,237,124,1,3348.05712890625,220.8557891845703,60.68901062011719,31.328277587890625,24.048133850097656,11.067805290222168,10.029190063476562,9.363533973693848,5.658138275146484,5.16209602355957,4.389570713043213,3.3851027488708496,2.823200225830078,2.35500431060791,2.122971296310425,1.865851879119873,1.6221567392349243,1479.2733154296875,19.814510345458984,4.396469593048096
63000,63101,17,3,236,121,0,3271.8896484375,168.19891357421875,55.7083740234375,19.308612823486328,16.171247482299805,9.4456787109375,7.396210193634033,4.695969104766846,4.48875093460083,3.639756917953491,3.258033514022827,2.557662010192871,2.287198781967163,2.077016830444336,1.6910368204116821,1.5564320087432861,1.4881558418273926,1452.1029052734375,18.36444091796875,2.8731536865234375
63000,63101,17,3,236,121,1,3276.56396484375,167.5408172607422,53.92706298828125,18.322614669799805,15.42381477355957,7.834583759307861,5.762345790863037,4.933495998382568,4.277297496795654,3.8076436519622803,2.7220702171325684,2.1023967266082764,2.0484750270843506,1.6494460105895996,1.4792556762695312,1.343467116355896,1.2478364706039429,1454.066650390625,17.49505615234375,2.446305513381958
64000,64101,17,3,226,135,0,3257.953369140625,201.34518432617188,58.34135055541992,24.81978416442871,14.86369800567627,11.221625328063965,8.320531845092773,4.811892986297607,3.9744622707366943,3.4988701343536377,2.891187906265259,2.6819140911102295,2.2706098556518555,1.9407709836959839,1.8504003286361694,1.5857847929000854,1.3136311769485474,1435.07177734375,20.96533203125,3.1694905757904053
64000,64101,17,3,226,135,1,3270.599609375,203.6591033935547,58.04118347167969,23.394062042236328,14.803478240966797,10.08958911895752,7.924015522003174,5.2727437019348145,4.311751842498779,3.708003044128418,3.187999963760376,2.7274601459503174,2.275362968444824,1.9788748025894165,1.7538204193115234,1.541849136352539,1.4369171857833862,1441.900390625,20.466806411743164,2.8142905235290527
65000,65101,17,3,231,136,0,3386.02099609375,188.74420166015625,54.30768585205078,21.26047706604004,14.794220924377441,9.568109512329102,7.303605556488037,5.914094924926758,4.349064826965332,3.4863288402557373,3.1358203887939453,2.912806510925293,2.130101442337036,2.047595500946045,1.7750152349472046,1.626825213432312,1.5004186630249023,1500.222412109375,19.549407958984375,2.8152318000793457
65000,65101,17,3,231,136,1,3388.877685546875,191.91156005859375,53.94554901123047,20.21805763244629,13.166189193725586,8.511134147644043,6.602082252502441,4.879512786865234,4.568980693817139,3.7314021587371826,3.476195812225342,2.935500383377075,2.1126863956451416,1.9327977895736694,1.6839019060134888,1.5558820962905884,1.4135310649871826,1502.0916748046875,18.791011810302734,2.541325807571411
66000,66101,17,3,217,124,0,3266.71337890625,203.30630493164062,58.81170654296875,22.37944793701172,11.637495994567871,7.264702320098877,5.578586578369141,4.6383233070373535,3.572317600250244,3.0734260082244873,2.6606011390686035,2.2179791927337646,1.8142375946044922,1.7068153619766235,1.5912619829177856,1.3777685165405273,1.2138031721115112,1439.6275634765625,18.60153579711914,2.2302823066711426
66000,66101,17,3,217,124,1,3263.116943359375,202.8113555908203,58.89257049560547,20.620512008666992,10.510276794433594,6.3404669761657715,4.742898941040039,4.28719425201416,2.956023931503296,2.658781051635742,1.9454128742218018,1.8219469785690308,1.7701683044433594,1.243994116783142,1.165440559387207,1.0528022050857544,0.9753809571266174,1437.62353515625,17.965660095214844,1.9519551992416382
67000,67101,17,3,235,140,0,3461.03125,164.39755249023438,50.6295051574707,20.193906784057617,11.433584213256836,8.446587562561035,5.695972919464111,4.553340911865234,3.471104860305786,3.3086185455322266,2.70940899848938,2.468017339706421,2.1107232570648193,1.8207032680511475,1.5839823484420776,1.3825960159301758,1.154657006263733,1549.43896484375,14.32719898223877,3.005810499191284
67000,67101,17,3,235,140,1,3464.773193359375,165.19227600097656,50.16351318359375,20.2178897857666,9.91021728515625,6.202305316925049,5.128498554229736,3.822866678237915,3.525919198989868,2.597123622894287,2.3910655975341797,2.12121844291687,1.9700697660446167,1.5287389755249023,1.3464943170547485,1.2504467964172363,1.023360252380371,1551.3720703125,14.491108894348145,2.407543420791626
68000,68101,17,3,231,125,0,3357.368896484375,245.03033447265625,68.31169128417969,27.397768020629883,13.07816219329834,10.55079174041748,8.372913360595703,5.345973968505859,3.9199750423431396,3.7299952507019043,2.874569892883301,2.2842485904693604,2.0991275310516357,1.8113042116165161,1.6994562149047852,1.5728323459625244,1.5219435691833496,1470.16064453125,18.99712371826172,2.151026487350464
68000,68101,17,3,231,125,1,3352.803466796875,245.1830291748047,69.12713623046875,26.210763931274414,13.379664421081543,10.104029655456543,7.23465633392334,4.940940856933594,4.0731706619262695,3.3177056312561035,2.9024393558502197,2.380291223526001,2.0195860862731934,1.7726476192474365,1.6142126321792603,1.4621856212615967,1.304490327835083,1468.4481201171875,19.30901336669922,2.1383042335510254
69000,69101,17,3,229,132,0,3210.55126953125,166.4896697998047,44.87288284301758,20.720075607299805,10.297099113464355,7.862895965576172,5.949974536895752,4.442025184631348,3.7077465057373047,3.051501750946045,2.5820064544677734,2.503598928451538,2.1375298500061035,1.85531485080719,1.691792607307434,1.487488865852356,1.2178981304168701,1423.692626953125,12.513117790222168,2.1462090015411377
69000,69101,17,3,229,132,1,3212.1787109375,166.73565673828125,44.45402145385742,20.382915496826172,9.356766700744629,7.513570308685303,5.551746368408203,4.477684020996094,3.612645387649536,3.0072803497314453,2.353315830230713,2.1254231929779053,2.025355815887451,1.6297154426574707,1.3981001377105713,1.3455438613891602,1.1908364295959473,1425.35693359375,12.4730224609375,2.4539809226989746
70000,70101,17,3,228,121,0,3430.750732421875,224.15257263183594,58.62343978881836,20.47024917602539,10.9915771484375,7.590582370758057,5.652734279632568,4.828498840332031,4.007751941680908,3.1131036281585693,2.7054190635681152,2.4205703735351562,2.2093939781188965,1.7516740560531616,1.6079891920089722,1.3875670433044434,1.2254949808120728,1509.6439208984375,18.498748779296875,3.3518292903900146
70000,70101,17,3,228,121,1,3416.905029296875,223.58779907226562,58.524044036865234,19.29960823059082,10.939250946044922,7.8138628005981445,5.218144416809082,4.830002307891846,3.8857474327087402,2.9828977584838867,2.6791775226593018,2.3793978691101074,2.200456380844116,1.9811170101165771,1.6475765705108643,1.474766492843628,1.3327901363372803,1504.1009521484375,18.16482162475586,2.9801735877990723
71000,71101,17,3,228,132,0,3475.867919921875,190.19415283203125,48.326507568359375,26.827266693115234,11.573746681213379,8.007671356201172,5.901066780090332,4.683782577514648,3.7197229862213135,3.4444494247436523,2.607200860977173,2.4366157054901123,1.9029057025909424,1.7907692193984985,1.6499977111816406,1.404615879058838,1.3600820302963257,1536.439697265625,15.185874938964844,2.7454164028167725
71000,71101,17,3,228,132,1,3473.22998046875,188.4612579345703,47.937774658203125,26.58708953857422,11.150796890258789,7.422117710113525,5.054323673248291,4.086249828338623,3.5989441871643066,2.692668914794922,2.5560433864593506,2.1318304538726807,1.8204154968261719,1.6955692768096924,1.5633867979049683,1.4129809141159058,1.1556185483932495,1535.5384521484375,14.677597999572754,1.920594573020935
72000,72101,17,3,227,132,0,3408.660400390625,209.30300903320312,58.78361129760742,21.186683654785156,12.175029754638672,9.07674503326416,5.610724449157715,4.046444892883301,3.5210139751434326,2.874112844467163,2.558995485305786,2.1207618713378906,1.8782029151916504,1.7075936794281006,1.638859510421753,1.4116491079330444,1.3372067213058472,1513.0084228515625,19.6121826171875,2.397745132446289
72000,72101,17,3,227,132,1,3408.882080078125,210.87435913085938,58.18450927734375,20.87388038635254,10.940533638000488,9.227304458618164,4.8449201583862305,4.141396999359131,3.359078884124756,2.945683479309082,2.4676661491394043,2.0979604721069336,1.9155910015106201,1.613138198852539,1.4542895555496216,1.1891555786132812,1.0478137731552124,1513.1776123046875,18.988115310668945,2.606076955795288
73000,73101,17,3,241,136,0,3478.1982421875,223.48875427246094,75.68212890625,30.976116180419922,17.305192947387695,8.587100982666016,7.402627944946289,5.076223850250244,3.8252904415130615,3.3079066276550293,3.0643088817596436,2.3320679664611816,1.9922044277191162,1.814202070236206,1.559604287147522,1.3945437669754028,1.2661902904510498,1534.3702392578125,17.38446807861328,2.8930106163024902
73000,73101,17,3,241,136,1,3475.244873046875,224.16119384765625,75.64624786376953,30.277727127075195,16.373886108398438,7.527243137359619,6.6531171798706055,4.622732162475586,3.5510542392730713,2.9961113929748535,2.7877464294433594,1.8891189098358154,1.7789078950881958,1.5688384771347046,1.4153258800506592,1.3872913122177124,1.1514616012573242,1533.8701171875,17.582393646240234,3.080397844314575
74000,74101,17,3,230,130,0,3314.164794921875,218.6099395751953,61.865291595458984,35.373497009277344,16.388593673706055,13.54405403137207,6.54166316986084,4.915938377380371,3.671713352203369,3.6080689430236816,2.7865889072418213,2.2902910709381104,2.101012945175171,1.7443482875823975,1.6165584325790405,1.5162768363952637,1.3000969886779785,1454.2015380859375,22.756555557250977,2.2825446128845215
74000,74101,17,3,230,130,1,3311.2265625,219.0753173828125,61.88138198852539,36.040802001953125,15.781800270080566,13.288590431213379,7.07805061340332,4.600144386291504,4.057688236236572,3.3145174980163574,2.9530763626098633,2.58843994140625,2.219202995300293,2.1014211177825928,1.8592778444290161,1.5970834493637085,1.4299802780151367,1453.03955078125,23.83204460144043,2.361774444580078
75000,75101,17,3,236,144,0,3672.40234375,233.76583862304688,75.96602630615234,26.122522354125977,14.896418571472168,7.478146553039551,6.560646057128906,4.907793998718262,3.741544246673584,3.1058084964752197,2.47468900680542,2.05073618888855,1.8434940576553345,1.8010787963867188,1.5842068195343018,1.5260703563690186,1.227484107017517,1625.7008056640625,22.262563705444336,2.7307891845703125
75000,75101,17,3,236,144,1,3659.62939453125,232.0569305419922,78.4864273071289,26.07353973388672,14.919943809509277,6.643782615661621,6.206216335296631,5.2289204597473145,3.007766008377075,2.896494150161743,2.5454258918762207,2.2000176906585693,1.9027481079101562,1.7257869243621826,1.4872479438781738,1.3701648712158203,1.2616591453552246,1619.6241455078125,21.4939022064209,2.5931828022003174
76000,76101,17,3,237,138,0,3528.83935546875,172.11744689941406,60.1688232421875,27.35675048828125,9.640146255493164,7.6484904289245605,4.933770656585693,4.181001663208008,3.13856840133667,3.089770793914795,2.376354455947876,2.0478532314300537,1.8437979221343994,1.6622289419174194,1.535061001777649,1.4768826961517334,1.3984190225601196,1574.391845703125,14.229068756103516,1.574877142906189
76000,76101,17,3,237,138,1,3535.8134765625,172.37762451171875,60.06124496459961,27.532848358154297,8.315393447875977,6.725675106048584,4.305839538574219,3.944798469543457,3.1448562145233154,2.869755506515503,2.438286066055298,2.292872190475464,1.8645304441452026,1.7600873708724976,1.5196620225906372,1.411411166191101,1.3349107503890991,1577.83349609375,13.86528205871582,1.813619613647461
77000,77101,17,3,233,141,0,3471.218994140625,222.08876037597656,69.25675964355469,33.864723205566406,12.062745094299316,7.316970348358154,4.8864593505859375,3.8314626216888428,3.398167610168457,2.834962844848633,2.283646821975708,2.0379693508148193,1.7759106159210205,1.5454180240631104,1.4810327291488647,1.283787488937378,1.1307501792907715,1538.435546875,20.610231399536133,2.092742443084717
77000,77101,17,3,233,141,1,3487.587158203125,224.75428771972656,69.86662292480469,33.2659912109375,11.205068588256836,6.363036632537842,4.879161357879639,3.522219181060791,3.3637890815734863,2.6372358798980713,2.2225606441497803,1.828904151916504,1.719632625579834,1.5794482231140137,1.3620359897613525,1.3053215742111206,1.0658836364746094,1545.0587158203125,19.962533950805664,2.169086456298828
78000,78101,17,3,241,150,0,3564.099853515625,238.29330444335938,70.197509765625,33.16238784790039,16.92333984375,9.641716003417969,7.948859691619873,5.853086471557617,4.0841193199157715,3.492429256439209,3.336812734603882,2.2306883335113525,2.134798765182495,2.013362169265747,1.8413010835647583,1.7102446556091309,1.2912224531173706,1568.7353515625,25.287874221801758,6.500330924987793
78000,78101,17,3,241,150,1,3570.32275390625,238.8701171875,70.88854217529297,34.10974884033203,16.764739990234375,9.0687837600708,7.162675857543945,5.322065353393555,4.012782573699951,3.75879168510437,3.0142874717712402,2.2293219566345215,2.0170400142669678,1.9322090148925781,1.4276665449142456,1.3465596437454224,1.2398875951766968,1570.6868896484375,25.31578254699707,5.9520344734191895
79000,79101,17,3,229,146,0,3614.50830078125,244.6402587890625,84.73262023925781,28.040714263916016,18.31825065612793,10.392624855041504,5.58797550201416,4.615425109863281,3.8506951332092285,3.440286636352539,2.955503463745117,2.584634304046631,2.128765344619751,1.8400757312774658,1.571326494216919,1.3581924438476562,1.2673194408416748,1592.7750244140625,18.24416160583496,3.2536728382110596
79000,79101,17,3,229,146,1,3612.523193359375,244.64479064941406,85.95201873779297,27.981332778930664,18.426769256591797,9.86347770690918,5.918675899505615,4.390275001525879,3.5293734073638916,3.0624496936798096,2.8019907474517822,2.105776309967041,1.8441098928451538,1.6039388179779053,1.4089986085891724,1.3289686441421509,1.178505778312683,1591.8431396484375,17.906028747558594,3.1438043117523193
80000,80101,17,3,224,140,0,3438.372802734375,216.76780700683594,68.41693878173828,36.20207595825195,19.823467254638672,9.308764457702637,6.7731614112854,4.968675136566162,4.366750717163086,3.8890233039855957,3.006990909576416,2.3957200050354004,2.060915470123291,2.057373285293579,1.6423019170761108,1.5744373798370361,1.3125919103622437,1523.6358642578125,13.4717435836792,2.4761016368865967
80000,80101,17,3,224,140,1,3442.431396484375,218.1014404296875,69.08065032958984,37.31843566894531,18.535619735717773,8.88775634765625,5.780457973480225,4.142096042633057,3.4586236476898193,3.28812837600708,2.7603795528411865,2.2527413368225098,1.9249424934387207,1.559103012084961,1.3963106870651245,1.3328624963760376,1.1594860553741455,1525.4171142578125,13.57021713256836,2.5998141765594482
81000,81101,17,3,227,145,0,3614.493408203125,241.16061401367188,81.04437255859375,35.66475296020508,19.84125328063965,9.70632266998291,6.56842565536499,4.571226119995117,3.7526450157165527,3.342062473297119,2.489708423614502,2.1633381843566895,1.9730868339538574,1.7394096851348877,1.4672328233718872,1.4245119094848633,1.1507233381271362,1597.3033447265625,22.415348052978516,3.2096662521362305
81000,81101,17,3,227,145,1,3625.7939453125,242.74745178222656,81.33979034423828,35.69849395751953,18.53194808959961,8.459770202636719,6.050981521606445,4.281561374664307,3.203267812728882,2.664154052734375,2.4260547161102295,2.0108749866485596,1.8645801544189453,1.4061269760131836,1.316057801246643,1.2458994388580322,1.1891289949417114,1603.142333984375,22.23883056640625,2.2674918174743652
82000,82101,17,3,221,138,0,3480.742919921875,160.55369567871094,67.9102554321289,19.56987190246582,13.092744827270508,7.450833797454834,5.3646626472473145,4.089725017547607,3.397603750228882,2.6791656017303467,2.185490608215332,1.909539818763733,1.8669054508209229,1.561204195022583,1.4844677448272705,1.1731584072113037,1.1473288536071777,1554.1968994140625,14.59457778930664,2.3174808025360107
82000,82101,17,3,221,138,1,3471.47216796875,159.79837036132812,68.15530395507812,19.21149253845215,12.606690406799316,7.338059902191162,4.564001560211182,3.497919797897339,2.820817470550537,2.4922008514404297,2.2878530025482178,2.0545198917388916,1.6484121084213257,1.569224238395691,1.4638835191726685,1.4019266366958618,1.2168692350387573,1550.3621826171875,14.576847076416016,2.017502546310425
83000,83101,17,3,229,141,0,3561.809814453125,234.39865112304688,75.70791625976562,32.18260955810547,19.0755558013916,9.238011360168457,8.447959899902344,7.691984176635742,4.534636497497559,3.668397903442383,2.8755016326904297,2.5496952533721924,2.216181755065918,2.1668035984039307,1.6552975177764893,1.4135093688964844,1.284411907196045,1567.1883544921875,19.972082138061523,5.375385761260986
83000,83101,17,3,229,141,1,3563.21533203125,234.6439666748047,76.82439422607422,32.19682693481445,18.69704246520996,8.993865013122559,7.583245754241943,7.196656227111816,3.9473044872283936,2.9258203506469727,2.5847418308258057,2.3255105018615723,1.8912895917892456,1.8019518852233887,1.383486270904541,1.300376296043396,1.2540758848190308,1568.4283447265625,19.983718872070312,5.554686069488525
84000,84101,17,3,228,152,0,3728.387939453125,214.81214904785156,72.48164367675781,31.841880798339844,17.84382438659668,9.470538139343262,5.777303218841553,4.449615001678467,3.202993631362915,2.8405215740203857,2.6660377979278564,2.49906849861145,1.9453495740890503,1.905527114868164,1.7153003215789795,1.4294569492340088,1.3258376121520996,1654.5821533203125,20.345022201538086,2.3194427490234375
84000,84101,17,3,228,152,1,3725.32568359375,215.4149932861328,72.10061645507812,31.577924728393555,16.655498504638672,8.918157577514648,5.323641777038574,3.696855068206787,2.8424220085144043,2.4900496006011963,2.2204601764678955,1.9062168598175049,1.765895962715149,1.3891820907592773,1.3067961931228638,1.164719820022583,1.0826202630996704,1653.8924560546875,19.112245559692383,1.7651445865631104
85000,85101,17,3,227,139,0,3412.57666015625,194.87379455566406,64.85031127929688,28.4467716217041,14.120013236999512,9.749236106872559,5.016668796539307,4.126444339752197,3.1063101291656494,2.9876959323883057,2.244009017944336,2.0275943279266357,1.6191970109939575,1.4525107145309448,1.367055892944336,1.1620328426361084,1.0485056638717651,1512.26953125,15.367513656616211,2.884556770324707
85000,85101,17,3,227,139,1,3417.16162109375,195.43701171875,65.47745513916016,28.40213394165039,14.051743507385254,9.94024658203125,5.057948589324951,3.736790895462036,2.9266197681427,2.452976703643799,2.223891258239746,1.9738337993621826,1.5763299465179443,1.4541547298431396,1.269866704940796,1.1581519842147827,1.0382744073867798,1513.99853515625,15.27561092376709,2.9907493591308594
86000,86101,17,3,215,141,0,3397.98046875,187.0824737548828,66.06580352783203,32.86884307861328,14.613566398620605,8.881331443786621,4.801454067230225,3.830998659133911,2.8236196041107178,2.5982112884521484,2.025902271270752,1.8144046068191528,1.7121249437332153,1.6832268238067627,1.623840570449829,1.3859095573425293,1.3247555494308472,1502.0863037109375,21.475269317626953,1.995831847190857
86000,86101,17,3,215,141,1,3398.652587890625,185.1623077392578,64.403564453125,32.991695404052734,13.404314041137695,7.887476921081543,4.211550235748291,3.0359749794006348,2.4757492542266846,2.276442766189575,1.789977788925171,1.6206660270690918,1.557310700416565,1.402104139328003,1.3039644956588745,1.1966174840927124,1.1106623411178589,1502.6466064453125,20.61528205871582,1.7584710121154785
87000,87101,17,3,223,136,0,3384.955078125,202.37692260742188,59.6555290222168,33.36579132080078,21.154455184936523,11.780692100524902,5.65631628036499,4.172698974609375,2.987501859664917,2.747209072113037,2.4790616035461426,2.059168577194214,1.7082797288894653,1.5321592092514038,1.187758445739746,1.0543973445892334,1.0100297927856445,1493.1038818359375,19.244836807250977,1.7460204362869263
87000,87101,17,3,223,136,1,3395.2314453125,203.1533660888672,59.72969436645508,34.05659866333008,21.370332717895508,10.345643997192383,5.3645853996276855,3.7375659942626953,2.793687582015991,2.3886749744415283,1.8555289506912231,1.702899694442749,1.577367901802063,1.3130961656570435,1.1725813150405884,1.0626707077026367,1.0272356271743774,1497.3887939453125,19.240188598632812,1.8253612518310547
88000,88101,17,3,225,145,0,3575.352294921875,186.1633758544922,72.16071319580078,37.30353546142578,15.081695556640625,9.826400756835938,5.955185890197754,4.593973159790039,3.389230251312256,2.923560857772827,2.762265920639038,2.0800747871398926,1.9040757417678833,1.7498409748077393,1.5522569417953491,1.4386504888534546,1.2251319885253906,1591.4554443359375,15.147852897644043,3.366840124130249
88000,88101,17,3,225,145,1,3587.810302734375,185.98391723632812,71.76951599121094,37.348846435546875,16.136186599731445,7.995245456695557,5.362897872924805,3.801433801651001,3.138906717300415,2.1772236824035645,2.1123671531677246,1.7624809741973877,1.710034966468811,1.5642776489257812,1.5526026487350464,1.3429694175720215,1.1686116456985474,1597.1767578125,14.91653823852539,3.06968092918396
89000,89101,17,3,225,155,0,3597.133544921875,208.90940856933594,74.6129150390625,35.080718994140625,21.155075073242188,8.789373397827148,6.7977447509765625,5.739871501922607,4.0842814445495605,3.8598127365112305,2.234567403793335,2.0796241760253906,1.9330737590789795,1.8153620958328247,1.5339525938034058,1.323155403137207,1.118541955947876,1594.0557861328125,21.796735763549805,4.041226863861084
89000,89101,17,3,225,155,1,3596.57958984375,209.22422790527344,75.9769515991211,36.270179748535156,22.047319412231445,8.661110877990723,6.6889801025390625,5.739665508270264,3.4529056549072266,3.177448034286499,2.1693434715270996,1.9216535091400146,1.6817538738250732,1.4612380266189575,1.3519287109375,1.2795196771621704,1.1761422157287598,1593.6292724609375,22.300081253051758,3.693027973175049
90000,90101,17,3,229,169,0,3836.5576171875,212.19798278808594,84.98121643066406,23.703632354736328,17.324068069458008,12.421305656433105,7.77685022354126,5.392207145690918,4.822543144226074,4.40578031539917,3.3769736289978027,2.172623634338379,1.9938225746154785,1.6154855489730835,1.5472009181976318,1.4283416271209717,1.2599892616271973,1703.0843505859375,21.50718116760254,4.793435096740723
90000,90101,17,3,229,169,1,3822.35791015625,212.28407287597656,84.0997085571289,23.44622039794922,16.672060012817383,11.665260314941406,7.620336055755615,4.743858337402344,4.340107440948486,3.672234058380127,2.872568130493164,2.0819993019104004,1.7921098470687866,1.7509634494781494,1.4625197649002075,1.2650622129440308,1.2304110527038574,1697.87158203125,20.846757888793945,3.947977066040039
91000,91101,17,3,224,156,0,3541.717041015625,228.49411010742188,67.31195831298828,25.606306076049805,15.599624633789062,11.105167388916016,6.740859031677246,4.2020487785339355,3.550663948059082,3.2326607704162598,2.5676777362823486,1.993332862854004,1.872300386428833,1.7301510572433472,1.586378812789917,1.3394052982330322,1.2636109590530396,1568.111083984375,14.99874210357666,3.8210103511810303
91000,91101,17,3,224,156,1,3556.106201171875,230.85743713378906,67.9022445678711,26.479082107543945,15.897984504699707,10.369691848754883,6.769073963165283,4.001077175140381,3.545820474624634,3.008831262588501,2.19167423248291,1.783294677734375,1.7066051959991455,1.5471813678741455,1.4524314403533936,1.359063744544983,1.1460498571395874,1574.243896484375,15.16806697845459,3.7759077548980713
92000,92101,17,3,231,152,0,3585.514404296875,207.891357421875,70.99951171875,26.20827293395996,17.36871910095215,9.220873832702637,6.190757751464844,4.728592872619629,3.566753625869751,2.74699068069458,2.541168212890625,1.9857864379882812,1.8001819849014282,1.5813789367675781,1.428723931312561,1.3827519416809082,1.2306026220321655,1581.496826171875,18.27941131591797,2.5865039825439453
92000,92101,17,3,231,152,1,3586.7978515625,209.0585479736328,72.15513610839844,25.816877365112305,16.750097274780273,8.401265144348145,5.7102251052856445,4.595441818237305,3.213294267654419,2.489061117172241,2.1581459045410156,2.0264499187469482,1.7297124862670898,1.5503265857696533,1.4069074392318726,1.285814881324768,1.1758393049240112,1581.553955078125,18.725862503051758,3.1505026817321777
93000,93101,17,3,225,142,0,3641.9580078125,224.44332885742188,60.033485412597656,24.859783172607422,14.196086883544922,7.915319442749023,4.456668853759766,3.512482166290283,3.38130521774292,2.975726366043091,2.153172492980957,1.9310678243637085,1.798395037651062,1.723318099975586,1.5165165662765503,1.4231529235839844,1.315000295639038,1611.6771240234375,19.775043487548828,2.2450082302093506
93000,93101,17,3,225,142,1,3645.432373046875,224.7481231689453,60.986122131347656,24.894596099853516,13.889176368713379,7.265588760375977,3.7715377807617188,3.0920002460479736,2.8767175674438477,2.582041025161743,2.0769765377044678,1.7650811672210693,1.6414111852645874,1.4456607103347778,1.341800570487976,1.2481300830841064,1.1266266107559204,1612.6309814453125,19.750293731689453,1.9122118949890137
94000,94101,17,3,223,155,0,3624.205810546875,183.81446838378906,51.44338607788086,30.16268539428711,16.59907341003418,9.308518409729004,6.466521263122559,3.4770286083221436,2.77187180519104,2.485792636871338,2.175930976867676,1.7634748220443726,1.646203875541687,1.5642799139022827,1.4662915468215942,1.2140405178070068,1.0178338289260864,1616.1019287109375,15.77653694152832,2.319995403289795
94000,94101,17,3,223,155,1,3629.821044921875,185.8306884765625,51.99848175048828,30.30135726928711,16.668914794921875,8.269709587097168,5.3492536544799805,3.181553840637207,2.9866724014282227,2.4271600246429443,2.038935422897339,1.7958121299743652,1.695553183555603,1.353996992111206,1.2621674537658691,1.157961368560791,1.06006920337677,1618.6875,15.787066459655762,2.377027988433838
95000,95101,17,3,223,157,0,3628.95166015625,225.54583740234375,69.64241790771484,41.50257110595703,21.908029556274414,12.969982147216797,7.611877918243408,4.8411970138549805,3.2385737895965576,2.766336441040039,2.551753282546997,1.9233129024505615,1.8947629928588867,1.6994656324386597,1.4416829347610474,1.3023737668991089,1.143925428390503,1610.9649658203125,17.9156494140625,2.1433894634246826
95000,95101,17,3,223,157,1,3628.667236328125,225.1000213623047,69.79280090332031,40.529300689697266,20.76390266418457,11.975491523742676,6.841677188873291,4.602408409118652,2.684621572494507,2.2154996395111084,1.9986789226531982,1.814246654510498,1.5589091777801514,1.5415459871292114,1.428655743598938,1.2910032272338867,1.1040904521942139,1610.5294189453125,17.726200103759766,1.9299941062927246
96000,96101,17,3,225,151,0,3686.1611328125,226.63502502441406,80.3880844116211,36.923194885253906,22.25946617126465,12.952220916748047,8.718255043029785,5.843995094299316,4.774655818939209,4.222297668457031,2.605653762817383,2.5483946800231934,2.383408546447754,1.9648220539093018,1.9060455560684204,1.640898585319519,1.3800532817840576,1625.1341552734375,19.367984771728516,2.4792895317077637
96000,96101,17,3,225,151,1,3694.5693359375,228.51150512695312,81.26214599609375,37.33899688720703,22.139713287353516,12.128689765930176,7.468939781188965,5.579125881195068,4.323441505432129,3.8661773204803467,2.6191248893737793,2.2107410430908203,2.155245542526245,1.5899450778961182,1.5795687437057495,1.4150159358978271,1.1614501476287842,1629.3917236328125,19.193071365356445,2.156839609146118
97000,97101,17,3,228,158,0,3636.11962890625,215.7816925048828,69.39022064208984,32.250526428222656,21.1027774810791,13.14273452758789,6.827024936676025,4.991263389587402,3.6775970458984375,2.8332254886627197,2.3658087253570557,2.2171318531036377,1.9286011457443237,1.8641927242279053,1.6079367399215698,1.4391920566558838,1.2708544731140137,1612.2490234375,16.173908233642578,1.938671588897705
97000,97101,17,3,228,158,1,3639.930908203125,216.17251586914062,69.7726058959961,32.66020202636719,20.712371826171875,13.162967681884766,7.029592037200928,4.778360366821289,3.3184900283813477,2.5816750526428223,1.8725758790969849,1.8048207759857178,1.6173266172409058,1.5742378234863281,1.4321603775024414,1.2544231414794922,1.1247414350509644,1613.737548828125,15.809311866760254,1.841471791267395
98000,98101,17,3,227,161,0,3771.297119140625,182.91131591796875,61.71746826171875,26.88397789001465,21.158525466918945,9.494222640991211,6.9727678298950195,3.6309151649475098,3.569708824157715,2.865644931793213,2.7294297218322754,2.423678159713745,1.8852561712265015,1.7521098852157593,1.651642084121704,1.3972141742706299,1.3131985664367676,1669.955810546875,19.18424415588379,3.893767833709717
98000,98101,17,3,227,161,1,3773.33837890625,183.56692504882812,62.32930374145508,27.61688804626465,20.915821075439453,9.557924270629883,6.771181583404541,3.4698586463928223,3.2315611839294434,2.7901415824890137,2.189807653427124,2.0474586486816406,1.5684441328048706,1.4547430276870728,1.3889682292938232,1.3108999729156494,1.2525492906570435,1671.4588623046875,19.828128814697266,3.2731494903564453
99000,99101,17,3,226,169,0,3734.29296875,179.4660186767578,59.09123611450195,35.18795394897461,15.672460556030273,10.334494590759277,6.864936828613281,4.779284477233887,3.4151484966278076,2.677971124649048,2.549166679382324,2.3719472885131836,1.880829095840454,1.7575937509536743,1.5074565410614014,1.4255828857421875,1.3280364274978638,1662.2679443359375,14.627593994140625,2.031951904296875
99000,99101,17,3,226,169,1,3721.526123046875,178.96759033203125,58.475311279296875,34.815086364746094,16.443286895751953,9.513754844665527,6.608534336090088,4.184178352355957,3.001607656478882,2.3421216011047363,2.127464771270752,1.7370580434799194,1.6196268796920776,1.4926658868789673,1.3949835300445557,1.3042439222335815,1.1577850580215454,1655.3824462890625,14.895476341247559,1.7299948930740356
100000,100101,17,3,225,156,0,3652.507568359375,199.57858276367188,76.81600952148438,38.30830383300781,18.59920883178711,12.692582130432129,8.177972793579102,4.238853454589844,3.1663296222686768,2.731879234313965,2.4339089393615723,2.2459468841552734,1.9236106872558594,1.7356022596359253,1.6392300128936768,1.479110836982727,1.2861146926879883,1617.0394287109375,18.550729751586914,2.2277908325195312
100000,100101,17,3,225,156,1,3649.40966796875,199.8282012939453,76.93502044677734,38.137054443359375,17.801055908203125,11.99549674987793,7.694120407104492,4.111100196838379,3.108426332473755,2.454655408859253,2.1967880725860596,2.0041697025299072,1.6881238222122192,1.512608528137207,1.4515674114227295,1.4241054058074951,1.1682145595550537,1615.40380859375,18.752397537231445,2.1271820068359375
101000,101101,17,3,228,173,0,3715.2275390625,209.9974365234375,67.66666412353516,37.30013656616211,22.300508499145508,10.768062591552734,6.876637935638428,4.691742420196533,3.27170991897583,2.640754222869873,2.332805633544922,2.2387759685516357,1.883603811264038,1.7287862300872803,1.4601892232894897,1.2831835746765137,1.1626899242401123,1639.068115234375,21.54120635986328,3.682664394378662
101000,101101,17,3,228,173,1,3712.086669921875,208.79043579101562,67.63072204589844,37.99431228637695,21.931808471679688,10.730942726135254,6.290766716003418,4.71380090713501,2.759241819381714,2.499922752380371,1.9185512065887451,1.8428852558135986,1.799940824508667,1.5017427206039429,1.3784565925598145,1.242721438407898,1.1096866130828857,1636.4049072265625,21.35723114013672,3.2993712425231934
102000,102101,17,3,231,147,0,3692.14404296875,212.7239227294922,58.84130859375,27.81012535095215,17.680068969726562,8.86369514465332,6.896560192108154,4.195509433746338,3.935187816619873,3.219571590423584,2.2822420597076416,2.064168930053711,1.8956533670425415,1.5113248825073242,1.3390034437179565,1.2109227180480957,1.0600504875183105,1627.111083984375,23.753414154052734,2.4293670654296875
102000,102101,17,3,231,147,1,3690.52978515625,213.14231872558594,59.101871490478516,27.079458236694336,17.140972137451172,8.991561889648438,7.034557819366455,3.979600667953491,3.2729947566986084,2.7489066123962402,2.126363754272461,1.7900218963623047,1.643568754196167,1.4608861207962036,1.3330146074295044,1.287217617034912,1.02133309841156,1626.2957763671875,23.563262939453125,1.8451281785964966
103000,103101,17,3,227,157,0,3701.9111328125,230.08212280273438,50.3900032043457,31.525943756103516,16.799922943115234,14.232316017150879,6.863831043243408,4.795839309692383,4.007147312164307,3.3340723514556885,2.191502094268799,2.1530699729919434,1.919460415840149,1.7456984519958496,1.406282901763916,1.296559453010559,1.1002197265625,1634.085693359375,18.364355087280273,3.2462894916534424
103000,103101,17,3,227,157,1,3705.90771484375,229.55174255371094,49.02367401123047,31.436464309692383,16.827848434448242,13.341865539550781,5.965472221374512,4.385185718536377,3.633145332336426,2.694336175918579,1.9229145050048828,1.8064007759094238,1.582483172416687,1.488564372062683,1.360802412033081,1.2731010913848877,1.0681095123291016,1635.181884765625,17.903539657592773,2.8573548793792725
104000,104101,17,3,228,162,0,3724.366455078125,241.6568145751953,85.48836517333984,51.943939208984375,22.545719146728516,15.440032005310059,7.781661510467529,6.278457164764404,3.2668886184692383,2.65853214263916,2.3104443550109863,2.205585241317749,2.0314218997955322,1.7159955501556396,1.5510921478271484,1.3113261461257935,1.180780053138733,1643.211669921875,20.9261417388916,2.4592607021331787
104000,104101,17,3,228,162,1,3718.445556640625,239.7791748046875,84.49472045898438,51.523197174072266,23.076194763183594,14.940399169921875,7.259694576263428,6.0345072746276855,3.4840362071990967,2.6174755096435547,2.1738646030426025,1.7243046760559082,1.685977578163147,1.4274674654006958,1.2639881372451782,1.1959121227264404,1.1175668239593506,1641.1165771484375,21.27515411376953,2.2029366493225098
105000,105101,17,3,232,166,0,3786.272705078125,194.4479217529297,48.58567428588867,33.24069595336914,18.1153621673584,11.484172821044922,5.7238664627075195,4.186059474945068,2.9228556156158447,2.3006889820098877,1.983643651008606,1.692056655883789,1.5995711088180542,1.5298374891281128,1.4953986406326294,1.2943073511123657,1.1639939546585083,1680.10693359375,12.828128814697266,1.630284309387207
105000,105101,17,3,232,166,1,3775.77294921875,194.27969360351562,48.79360580444336,32.925533294677734,17.03448486328125,10.126960754394531,4.809454917907715,3.2764596939086914,2.621487855911255,2.096484661102295,1.8773701190948486,1.6733222007751465,1.6568831205368042,1.56179940700531,1.1410850286483765,1.1158080101013184,1.0505263805389404,1676.6019287109375,12.91586685180664,1.5112378597259521
106000,106101,17,3,228,168,0,3738.0859375,212.80633544921875,67.86015319824219,39.854248046875,20.47410011291504,14.92625904083252,8.08335018157959,5.246354579925537,3.5632081031799316,3.113060712814331,2.770920753479004,1.867814540863037,1.7384216785430908,1.5572879314422607,1.5076197385787964,1.3915209770202637,1.2973570823669434,1655.47509765625,22.049842834472656,3.2858388423919678
106000,106101,17,3,228,168,1,3744.384033203125,213.459228515625,66.95927429199219,40.074562072753906,20.67351722717285,14.54433822631836,7.561633586883545,5.088415145874023,3.1322216987609863,2.978530168533325,2.416853189468384,1.9203085899353027,1.7251629829406738,1.5851337909698486,1.3483253717422485,1.3243201971054077,1.1962475776672363,1658.019287109375,21.77689552307129,3.082272529602051
107000,107101,17,3,228,164,0,3720.842041015625,224.2179412841797,77.92761993408203,35.4871711730957,20.085771560668945,13.7464599609375,7.986741542816162,5.517727851867676,3.34749174118042,3.0551564693450928,2.538074254989624,2.050600051879883,1.6885998249053955,1.4591773748397827,1.3625348806381226,1.229372501373291,1.1703847646713257,1647.3651123046875,20.452301025390625,2.3672432899475098
107000,107101,17,3,228,164,1,3729.978515625,224.67996215820312,78.32250213623047,35.64836883544922,20.36513900756836,13.564387321472168,7.614158630371094,5.185064315795898,3.308577299118042,2.7863481044769287,2.3374876976013184,2.1681876182556152,1.5585521459579468,1.5386908054351807,1.3059483766555786,1.2805452346801758,1.2218741178512573,1652.15234375,20.72409439086914,2.3464746475219727
108000,108101,17,3,219,161,0,3622.21533203125,198.17562866210938,51.43712615966797,36.715736389160156,14.128401756286621,8.304768562316895,7.5345869064331055,4.532016277313232,2.9211764335632324,2.3965280055999756,2.0991268157958984,1.8339321613311768,1.6357834339141846,1.548805594444275,1.3223302364349365,1.2274513244628906,1.092043399810791,1600.1627197265625,21.639081954956055,2.853248119354248
108000,108101,17,3,219,161,1,3612.385986328125,197.87371826171875,50.588783264160156,36.62334442138672,14.648388862609863,8.21656322479248,6.825240135192871,4.053531646728516,2.551677703857422,2.227003574371338,2.074882745742798,1.8513394594192505,1.7887115478515625,1.3700900077819824,1.1932240724563599,1.1506329774856567,0.9552019238471985,1596.2318115234375,21.548669815063477,2.776862382888794
109000,109101,17,3,222,152,0,3623.58984375,228.82984924316406,81.39421081542969,32.61105728149414,20.14199447631836,12.787677764892578,8.097898483276367,5.326863765716553,4.4284820556640625,3.374213933944702,2.3843326568603516,2.0216622352600098,1.9395537376403809,1.5643830299377441,1.3238956928253174,1.217382550239563,1.1845958232879639,1593.4063720703125,18.576629638671875,2.547504186630249
109000,109101,17,3,222,152,1,3625.750244140625,229.15750122070312,81.0137939453125,33.62845993041992,19.812854766845703,13.556184768676758,8.060297966003418,5.494523525238037,4.344426155090332,2.958872079849243,2.6565117835998535,2.0224883556365967,1.6881517171859741,1.5079456567764282,1.4179747104644775,1.289547324180603,1.184357762336731,1594.7340087890625,18.45543670654297,2.119267463684082
110000,110101,17,3,217,162,0,3770.77880859375,190.98385620117188,49.53541946411133,30.8187198638916,15.496155738830566,8.763313293457031,6.0754547119140625,3.4811413288116455,3.1772098541259766,2.425459146499634,2.139091968536377,1.8053576946258545,1.7245731353759766,1.3730757236480713,1.365959882736206,1.1840019226074219,1.0625081062316895,1673.6605224609375,17.128835678100586,2.2612597942352295
110000,110101,17,3,217,162,1,3767.470458984375,190.4178924560547,48.49147033691406,30.68634796142578,15.090208053588867,9.063410758972168,6.018459320068359,2.9762003421783447,2.608457326889038,2.2039802074432373,1.9039140939712524,1.6028878688812256,1.3216692209243774,1.2417480945587158,1.1972359418869019,1.066824197769165,1.0157345533370972,1670.8326416015625,16.899789810180664,1.7864656448364258
111000,111101,17,3,214,153,0,3559.514404296875,154.3655242919922,42.575416564941406,25.813005447387695,12.308459281921387,8.81997013092041,5.5725226402282715,3.741401433944702,2.7101802825927734,2.2535088062286377,2.121196985244751,1.5243868827819824,1.4483104944229126,1.3259170055389404,1.159091830253601,1.0691301822662354,0.9565142393112183,1587.6201171875,11.980834007263184,2.3341000080108643
111000,111101,17,3,214,153,1,3548.71630859375,153.80487060546875,41.81563949584961,25.19816017150879,12.989788055419922,7.722625732421875,4.825222015380859,3.581264019012451,2.5240845680236816,1.812965750694275,1.6364445686340332,1.5064383745193481,1.3104206323623657,1.1626631021499634,1.034772276878357,0.9803724884986877,0.9471616744995117,1582.3294677734375,11.631348609924316,1.889520525932312
112000,112101,17,3,225,148,0,3769.802734375,246.72032165527344,90.61030578613281,37.02599334716797,22.189220428466797,11.898701667785645,7.2827839851379395,4.970205307006836,3.5873329639434814,2.8971915245056152,2.529226303100586,2.032778024673462,1.732754111289978,1.6834793090820312,1.4853464365005493,1.4039082527160645,1.170691728591919,1649.2073974609375,24.04638671875,3.7177493572235107
112000,112101,17,3,225,148,1,3781.772705078125,248.23666381835938,91.0255126953125,37.312808990478516,22.227937698364258,11.794524192810059,6.905063629150391,4.844166278839111,3.0211141109466553,2.7235543727874756,2.307742118835449,1.7190841436386108,1.584972858428955,1.5090023279190063,1.2364383935928345,1.1301106214523315,1.049465298652649,1654.102294921875,23.6195011138916,3.4468307495117188
113000,113101,17,3,222,154,0,3665.953857421875,197.55113220214844,72.16354370117188,29.16681671142578,18.431554794311523,10.888427734375,10.250105857849121,4.242086410522461,3.4626047611236572,2.8707094192504883,2.586928606033325,2.3229377269744873,1.8014979362487793,1.6747558116912842,1.4664366245269775,1.3142679929733276,1.0578234195709229,1620.11962890625,19.95068359375,2.769157648086548
113000,113101,17,3,222,154,1,3661.13916015625,196.88438415527344,72.0313720703125,28.859806060791016,17.840473175048828,10.477325439453125,9.420378684997559,3.807241678237915,3.248192071914673,2.6616275310516357,2.0678327083587646,1.756102204322815,1.6051167249679565,1.4011019468307495,1.3506944179534912,1.2781503200531006,1.1819959878921509,1617.14208984375,19.222381591796875,2.6994450092315674
114000,114101,17,3,227,171,0,3855.995361328125,146.032470703125,40.70134353637695,16.713863372802734,9.423736572265625,4.9961066246032715,4.172385215759277,3.160653591156006,2.9055447578430176,2.4618582725524902,2.1767125129699707,1.7699211835861206,1.6684738397598267,1.5104355812072754,1.3147432804107666,1.2817388772964478,1.1809580326080322,1715.48291015625,16.93617057800293,2.223010301589966
114000,114101,17,3,227,171,1,3878.78076171875,147.96209716796875,40.79716873168945,15.370438575744629,8.36262035369873,4.279576301574707,3.479267120361328,2.978391170501709,2.4406750202178955,1.961241602897644,1.7911853790283203,1.5480488538742065,1.4232391119003296,1.2780641317367554,1.2612520456314087,1.1084364652633667,1.0803020000457764,1726.22216796875,17.129047393798828,2.003922939300537
115000,115101,17,3,216,162,0,3621.31591796875,211.05792236328125,68.60784912109375,32.99027633666992,20.79375648498535,8.56059455871582,5.96120023727417,4.1105875968933105,2.9824492931365967,2.35221266746521,1.97609281539917,1.7693806886672974,1.5337936878204346,1.3300501108169556,1.2048710584640503,1.1266387701034546,0.9272118806838989,1598.394775390625,17.968564987182617,2.878602981567383
115000,115101,17,3,216,162,1,3619.631591796875,211.8223114013672,68.1367416381836,32.948280334472656,20.10594367980957,7.706279277801514,5.846314907073975,3.7237966060638428,2.5179460048675537,2.172485828399658,2.0049023628234863,1.721112608909607,1.4460628032684326,1.3093032836914062,1.2288000583648682,1.1352040767669678,1.000998616218567,1597.379150390625,17.492923736572266,2.830111503601074
116000,116101,17,3,228,176,0,3741.214111328125,178.46343994140625,57.213993072509766,31.521385192871094,18.203641891479492,10.638973236083984,6.3461594581604,4.110583782196045,3.646148920059204,2.853778123855591,2.2332186698913574,1.7478724718093872,1.6787312030792236,1.503069519996643,1.4127275943756104,1.3199963569641113,1.157045841217041,1666.66845703125,19.696685791015625,2.3323447704315186
116000,116101,17,3,228,176,1,3740.48046875,178.69264221191406,57.97160339355469,31.923583984375,18.848663330078125,10.169212341308594,5.815709114074707,3.6400625705718994,3.323331356048584,2.2592804431915283,1.969100832939148,1.7403775453567505,1.594123363494873,1.4867347478866577,1.4307689666748047,1.4214023351669312,1.0995255708694458,1667.0433349609375,20.321374893188477,2.7094154357910156
117000,117101,17,3,224,171,0,3727.794677734375,229.05807495117188,81.36811828613281,41.47848129272461,20.9677734375,14.073958396911621,8.895146369934082,5.259660243988037,3.5225415229797363,3.18054461479187,2.0094690322875977,1.8905748128890991,1.660866618156433,1.5404479503631592,1.4010311365127563,1.32022225856781,1.0558485984802246,1645.0606689453125,16.30629539489746,2.488922357559204
117000,117101,17,3,224,171,1,3727.311767578125,229.1205291748047,80.50414276123047,41.62666320800781,20.34491729736328,13.79609489440918,8.612042427062988,5.197835922241211,3.412752628326416,2.9017903804779053,2.1571857929229736,1.6774228811264038,1.5865278244018555,1.5427521467208862,1.395740032196045,1.2256231307983398,1.1325570344924927,1645.1044921875,16.4913387298584,2.654712200164795
118000,118101,17,3,216,159,0,3572.591552734375,149.19212341308594,51.98530578613281,32.63893508911133,11.286545753479004,7.837398052215576,5.024669170379639,4.525050640106201,2.953770637512207,2.3645334243774414,1.9544360637664795,1.5730012655258179,1.4179480075836182,1.3554667234420776,1.2799996137619019,1.1270087957382202,0.8898245096206665,1588.6541748046875,18.264558792114258,2.6581547260284424
118000,118101,17,3,216,159,1,3575.20068359375,149.4086456298828,52.10209655761719,31.832599639892578,10.756196975708008,7.343148231506348,4.65354585647583,3.9613499641418457,2.582380771636963,2.03256893157959,1.650630235671997,1.441821813583374,1.3518873453140259,1.2228821516036987,1.1074330806732178,0.9808087348937988,0.8999741077423096,1589.3367919921875,17.619539260864258,2.5833046436309814
119000,119101,17,3,234,170,0,3757.96533203125,253.19456481933594,82.78913116455078,36.152099609375,22.92109489440918,13.736340522766113,9.876768112182617,5.410983562469482,3.176989793777466,2.5253915786743164,2.0801303386688232,1.9613100290298462,1.7292906045913696,1.5447776317596436,1.4491873979568481,1.3153239488601685,1.129638910293579,1644.47314453125,24.029922485351562,2.5015339851379395
119000,119101,17,3,234,170,1,3762.503173828125,253.46412658691406,83.9465560913086,36.630157470703125,22.49451446533203,13.677952766418457,9.462355613708496,4.655094146728516,2.881070852279663,2.4031972885131836,2.0911247730255127,1.9648478031158447,1.6616429090499878,1.3482732772827148,1.3255813121795654,1.1961554288864136,1.07451331615448,1645.899658203125,24.370922088623047,2.675266742706299
120000,120101,17,3,217,160,0,3727.66259765625,198.15426635742188,77.81005859375,33.5186653137207,18.050277709960938,12.593198776245117,6.185266017913818,4.644285202026367,4.094336032867432,3.1311469078063965,2.0915708541870117,1.6800910234451294,1.5657598972320557,1.39616060256958,1.3353502750396729,1.2682045698165894,1.1039944887161255,1655.7833251953125,14.41618537902832,3.3258984088897705
120000,120101,17,3,217,160,1,3741.85205078125,199.78515625,78.15145874023438,33.20456314086914,17.670602798461914,12.60805892944336,6.29242467880249,4.539809226989746,3.5827860832214355,2.955756664276123,1.795675277709961,1.647722601890564,1.524641513824463,1.4586127996444702,1.1531091928482056,1.075545310974121,1.033604621887207,1662.074462890625,14.469108581542969,3.6136016845703125
121000,121101,17,3,226,175,0,3781.399658203125,192.98597717285156,62.554561614990234,20.416364669799805,15.34402084350586,10.201559066772461,6.005903720855713,3.707101821899414,3.136643409729004,2.5201194286346436,2.2713122367858887,1.7729462385177612,1.5791382789611816,1.46552574634552,1.366740107536316,1.2276437282562256,1.0507584810256958,1679.549072265625,17.450944900512695,2.079761266708374
121000,121101,17,3,226,175,1,3782.509033203125,192.5229949951172,62.29512023925781,20.628684997558594,15.563920974731445,10.405233383178711,5.825681209564209,3.566218137741089,3.183300256729126,2.405839681625366,2.1796693801879883,1.7151422500610352,1.564544439315796,1.3213152885437012,1.301952600479126,1.1539651155471802,0.9933465123176575,1680.277587890625,17.447994232177734,1.6621752977371216
122000,122101,17,3,229,165,0,3783.59375,223.60325622558594,84.15123748779297,37.37854766845703,23.039714813232422,16.547115325927734,10.379570007324219,6.720306396484375,4.934999465942383,3.444601535797119,2.6494462490081787,2.327991485595703,2.029897451400757,1.7101004123687744,1.4450430870056152,1.4289839267730713,1.2019323110580444,1671.3782958984375,17.3883113861084,3.595658779144287
122000,122101,17,3,229,165,1,3782.788330078125,222.82431030273438,84.8437271118164,36.784446716308594,23.38205337524414,15.996912002563477,10.277427673339844,6.9222822189331055,5.235602378845215,2.8106143474578857,2.5638036727905273,1.9699605703353882,1.8896942138671875,1.5359563827514648,1.470894455909729,1.2381006479263306,1.0226151943206787,1671.7335205078125,17.296506881713867,2.9927990436553955
123000,123101,17,3,222,169,0,3771.59033203125,242.33551025390625,73.2566909790039,31.726423263549805,15.111089706420898,9.3637113571167,6.2593865394592285,4.287972450256348,3.1710801124572754,2.564387559890747,2.2078397274017334,1.8785723447799683,1.73650324344635,1.5180201530456543,1.4190832376480103,1.1767144203186035,1.1562517881393433,1669.8878173828125,21.165590286254883,2.0248777866363525
123000,123101,17,3,222,169,1,3772.180419921875,243.7633056640625,74.32315063476562,31.29022216796875,15.244126319885254,9.218568801879883,5.820009708404541,4.028891086578369,3.138051986694336,2.755208730697632,2.134333848953247,1.7739897966384888,1.5740717649459839,1.362682819366455,1.248401165008545,1.1366057395935059,1.0775063037872314,1671.255126953125,21.57539939880371,2.3529551029205322
124000,124101,17,3,217,165,0,3686.72802734375,185.67880249023438,67.30267333984375,35.97245407104492,19.375144958496094,9.290216445922852,7.221617698669434,4.836367130279541,3.3725392818450928,2.4550867080688477,2.0330302715301514,1.7768981456756592,1.6561839580535889,1.4059737920761108,1.2727980613708496,1.1785287857055664,1.0858330726623535,1635.2220458984375,16.678789138793945,2.980565071105957
124000,124101,17,3,217,165,1,3690.41943359375,188.38287353515625,68.20845794677734,35.74368667602539,19.31369400024414,8.390329360961914,6.236905097961426,4.615471839904785,3.459538221359253,2.1439170837402344,1.7435030937194824,1.657258152961731,1.3783022165298462,1.1634551286697388,1.1481245756149292,1.094436526298523,0.9941288828849792,1637.5162353515625,16.061174392700195,3.2998805046081543
125000,125101,17,3,223,169,0,3736.296630859375,175.8497314453125,62.288516998291016,27.844234466552734,15.973170280456543,10.650945663452148,4.95816707611084,3.3954918384552,2.813049793243408,2.2223703861236572,1.9764467477798462,1.5702649354934692,1.5210710763931274,1.4702446460723877,1.325795292854309,1.0893610715866089,1.0105304718017578,1651.2935791015625,25.398880004882812,2.3197529315948486
125000,125101,17,3,223,169,1,3737.50732421875,175.20310974121094,61.62882995605469,27.50840187072754,14.908342361450195,9.959778785705566,4.591792106628418,3.2564728260040283,2.7705581188201904,2.1660096645355225,1.8500386476516724,1.523885726928711,1.335532546043396,1.281406044960022,1.2196435928344727,1.0311319828033447,0.9705877900123596,1652.712890625,24.757787704467773,2.396125555038452
126000,126101,17,3,218,162,0,3757.464599609375,178.1452178955078,74.5794906616211,30.5037841796875,21.284740447998047,10.707263946533203,7.680441856384277,5.549288272857666,3.1549651622772217,2.7973690032958984,2.5038249492645264,1.7558687925338745,1.750775933265686,1.490430474281311,1.3655494451522827,1.1613441705703735,1.0626884698867798,1671.01708984375,23.9732608795166,5.008382320404053
126000,126101,17,3,218,162,1,3753.94140625,177.70176696777344,75.0187759399414,31.11431884765625,21.955162048339844,11.171058654785156,7.537945747375488,5.517039775848389,2.8164052963256836,2.3954925537109375,2.2742221355438232,1.7259560823440552,1.369997262954712,1.3197580575942993,1.2266663312911987,1.1285828351974487,1.0476102828979492,1668.4058837890625,23.02814292907715,4.776768207550049
127000,127101,17,3,234,172,0,3826.078857421875,214.58895874023438,78.64817810058594,43.052669525146484,27.162866592407227,11.510784149169922,8.5680570602417,3.9259819984436035,3.541872262954712,2.773010492324829,2.2896480560302734,1.9680755138397217,1.7196906805038452,1.5202338695526123,1.4824988842010498,1.2555837631225586,1.1832292079925537,1689.511474609375,28.609539031982422,2.2858052253723145
127000,127101,17,3,234,172,1,3826.962158203125,214.4258575439453,78.86353302001953,42.36736297607422,26.55695152282715,11.507732391357422,8.291744232177734,3.5242886543273926,2.986506938934326,2.230316638946533,2.066045045852661,1.6691066026687622,1.5348912477493286,1.421109676361084,1.2906612157821655,1.0952684879302979,0.9830621480941772,1689.640625,27.714759826660156,1.6965104341506958
128000,128101,17,3,219,174,0,3866.50634765625,166.48780822753906,55.63658142089844,28.73765754699707,13.904244422912598,11.086663246154785,5.829939842224121,4.812605381011963,2.548483371734619,2.0332999229431152,1.8088399171829224,1.6047265529632568,1.545430302619934,1.4290043115615845,1.397362232208252,1.1940405368804932,1.0409555435180664,1727.682373046875,9.736518859863281,1.6634055376052856
128000,128101,17,3,219,174,1,3886.0205078125,167.48524475097656,56.37980270385742,29.07818603515625,13.952824592590332,10.568530082702637,5.2953081130981445,4.567172050476074,2.3173112869262695,2.033047914505005,1.7601126432418823,1.6429333686828613,1.3881241083145142,1.33198082447052,1.2818763256072998,1.1609127521514893,0.9669886827468872,1737.0828857421875,9.430610656738281,1.5708448886871338
129000,129101,17,3,224,164,0,3845.96435546875,195.10641479492188,62.54935836791992,35.42751693725586,20.544450759887695,11.247962951660156,7.600079536437988,4.575636863708496,3.145287275314331,2.196319818496704,1.944472074508667,1.71308434009552,1.5834044218063354,1.3018920421600342,1.2271920442581177,1.1562250852584839,1.0944617986679077,1708.48779296875,16.570579528808594,1.6290360689163208
129000,129101,17,3,224,164,1,3847.42919921875,195.07962036132812,62.664520263671875,35.89716339111328,20.030376434326172,10.40247917175293,7.261763095855713,4.510915756225586,2.9634952545166016,2.248898983001709,1.962483286857605,1.5990103483200073,1.5128648281097412,1.263922095298767,1.1797813177108765,1.0866655111312866,0.9540047645568848,1710.064208984375,16.61466407775879,1.7498512268066406
130000,130101,17,3,221,172,0,3793.8564453125,195.55374145507812,59.421207427978516,25.787193298339844,15.436286926269531,10.997587203979492,8.125008583068848,3.7531466484069824,3.2284162044525146,2.584433078765869,2.220947742462158,1.808579921722412,1.5539804697036743,1.3641048669815063,1.2339494228363037,1.2018393278121948,1.1113274097442627,1689.3258056640625,13.146039962768555,1.715039610862732
130000,130101,17,3,221,172,1,3794.05078125,195.55528259277344,59.37317657470703,25.87506103515625,14.992111206054688,10.518619537353516,8.238414764404297,3.417832612991333,3.217897653579712,2.3412768840789795,1.9817276000976562,1.600490927696228,1.3924217224121094,1.3094590902328491,1.2168835401535034,1.028641939163208,1.0212794542312622,1689.142822265625,12.663103103637695,1.6679941415786743
131000,131101,17,3,212,169,0,3673.26025390625,195.12747192382812,55.93223571777344,34.99114227294922,22.39737892150879,11.541155815124512,8.273539543151855,4.967643737792969,3.877394676208496,2.825371742248535,2.0379834175109863,1.8644139766693115,1.536739468574524,1.4574912786483765,1.3345309495925903,1.2581011056900024,1.234784722328186,1629.4989013671875,17.74979591369629,1.9872336387634277
131000,131101,17,3,212,169,1,3668.16357421875,195.1568145751953,56.029937744140625,34.67589569091797,22.044538497924805,11.332935333251953,7.936671257019043,4.982031345367432,3.854490280151367,2.5302112102508545,2.1415772438049316,1.780487298965454,1.5292062759399414,1.3551695346832275,1.2268892526626587,1.1885863542556763,1.031324028968811,1627.3133544921875,17.321205139160156,1.8588836193084717
132000,132101,17,3,223,169,0,3772.42431640625,217.39297485351562,67.3992691040039,39.607364654541016,24.810972213745117,14.258465766906738,11.356766700744629,8.78107738494873,4.9520673751831055,2.9126336574554443,2.164740800857544,1.787326455116272,1.6360347270965576,1.3961384296417236,1.3108227252960205,1.242063045501709,1.0748659372329712,1667.47314453125,16.693317413330078,4.003767490386963
132000,132101,17,3,223,169,1,3769.427490234375,216.43936157226562,67.5513687133789,39.78400421142578,24.643465042114258,14.5311279296875,10.911505699157715,8.454333305358887,4.610841274261475,2.5460290908813477,2.1703684329986572,1.836358666419983,1.5959781408309937,1.5240259170532227,1.163116693496704,1.0875916481018066,0.967859148979187,1666.2286376953125,16.27768898010254,3.156442642211914
133000,133101,17,3,214,166,0,3700.1875,167.89308166503906,45.662742614746094,25.21529769897461,13.152798652648926,6.615044116973877,4.664023399353027,3.355945348739624,2.8288400173187256,1.9407967329025269,1.7163866758346558,1.531715989112854,1.4378767013549805,1.250968098640442,1.1900030374526978,1.1379311084747314,1.0038163661956787,1646.4000244140625,14.831952095031738,1.613763451576233
133000,133101,17,3,214,166,1,3710.278076171875,168.1727294921875,45.39506912231445,24.728534698486328,12.460111618041992,6.256035327911377,4.359439849853516,3.015659809112549,2.418793201446533,1.8762930631637573,1.6515027284622192,1.4526183605194092,1.3661448955535889,1.2363049983978271,1.1709057092666626,1.1401952505111694,1.072311520576477,1650.6119384765625,14.794885635375977,1.3425922393798828
134000,134101,17,3,214,161,0,3706.39892578125,196.573974609375,49.659236907958984,28.91122055053711,14.999612808227539,7.457559108734131,6.170107364654541,3.474508285522461,2.690856695175171,2.0847115516662598,1.7092645168304443,1.5559145212173462,1.47159743309021,1.360408067703247,1.2904361486434937,1.1885353326797485,1.074995517730713,1633.836669921875,20.96970558166504,3.1278417110443115
134000,134101,17,3,214,161,1,3704.197509765625,197.24270629882812,48.96632385253906,29.212833404541016,15.375299453735352,7.697593688964844,5.547664642333984,2.8750288486480713,2.441588878631592,1.8738309144973755,1.8260881900787354,1.509280800819397,1.3074134588241577,1.2499758005142212,1.103980541229248,1.0836169719696045,0.9480366110801697,1633.884521484375,21.174402236938477,2.935802698135376
135000,135101,17,3,223,168,0,3804.244140625,187.1684112548828,52.26849365234375,29.227474212646484,19.35678482055664,9.329513549804688,4.773738384246826,3.646993398666382,2.8154358863830566,2.2282464504241943,2.2077999114990234,1.7323919534683228,1.5129183530807495,1.4039889574050903,1.2960739135742188,1.2577552795410156,1.1170576810836792,1692.3857421875,15.130838394165039,2.0909178256988525
135000,135101,17,3,223,168,1,3814.544189453125,186.88490295410156,52.01618576049805,29.090091705322266,19.496152877807617,9.56195068359375,5.151621341705322,4.116097450256348,2.863985776901245,2.1061768531799316,1.8820723295211792,1.6023961305618286,1.4437240362167358,1.2967654466629028,1.173448920249939,1.1073837280273438,0.9680375456809998,1697.150634765625,15.44511604309082,1.78610360622406
136000,136101,17,3,222,165,0,3744.052490234375,170.4475555419922,59.1695442199707,28.735454559326172,16.313648223876953,13.069782257080078,5.673452377319336,3.43095064163208,2.57139253616333,2.111449956893921,1.9138001203536987,1.7776098251342773,1.403292179107666,1.300107717514038,1.2741533517837524,1.1933478116989136,1.0203220844268799,1654.934814453125,23.232027053833008,1.6255396604537964
136000,136101,17,3,222,165,1,3734.1181640625,169.5563201904297,57.97615051269531,28.20172119140625,15.901637077331543,12.261059761047363,5.6619672775268555,3.570286750793457,2.279351234436035,1.8491203784942627,1.6056485176086426,1.535516381263733,1.4124785661697388,1.290057897567749,1.2588332891464233,1.0794081687927246,1.0132231712341309,1650.331298828125,22.61150360107422,1.5223315954208374
137000,137101,17,3,221,169,0,3759.671875,200.033203125,76.66598510742188,32.310428619384766,23.94268226623535,13.026514053344727,7.674258232116699,4.808193683624268,4.262829303741455,3.278386116027832,2.5513296127319336,1.6576601266860962,1.5305827856063843,1.3786572217941284,1.2687128782272339,1.2286735773086548,1.0092506408691406,1666.4736328125,21.979093551635742,2.038654327392578
137000,137101,17,3,221,169,1,3748.101318359375,199.65077209472656,77.1775131225586,32.83163070678711,24.2948055267334,13.305213928222656,7.588932037353516,5.106303691864014,3.668423891067505,3.4181408882141113,2.262507200241089,1.607721209526062,1.3841900825500488,1.3597761392593384,1.1706730127334595,1.1465669870376587,1.0566506385803223,1660.9366455078125,21.486980438232422,1.6498521566390991
138000,138101,17,3,217,171,0,3679.511962890625,204.6722412109375,74.36725616455078,26.43159294128418,20.89845085144043,13.319817543029785,8.21208667755127,4.721225261688232,2.9323012828826904,2.144287109375,1.8456535339355469,1.5146126747131348,1.3337817192077637,1.2915431261062622,1.2095962762832642,1.1287896633148193,1.1067216396331787,1627.657958984375,14.885233879089355,1.570630431175232
138000,138101,17,3,217,171,1,3680.276611328125,204.86508178710938,73.91683959960938,26.484317779541016,20.791305541992188,13.21528434753418,7.478262901306152,4.493433475494385,3.219189405441284,2.269563913345337,1.9054298400878906,1.5993280410766602,1.570258617401123,1.2720367908477783,1.099062204360962,1.0823655128479004,1.0097001791000366,1627.0750732421875,14.644932746887207,1.5156220197677612
139000,139101,17,3,229,178,0,3882.02587890625,180.55772399902344,66.20539855957031,26.742372512817383,19.10663604736328,11.589780807495117,6.792954921722412,4.619566440582275,2.5738370418548584,2.31335186958313,2.0509657859802246,1.7880147695541382,1.543678641319275,1.4668234586715698,1.2969253063201904,1.201150894165039,1.056772232055664,1729.1512451171875,13.060304641723633,1.9046670198440552
139000,139101,17,3,229,178,1,3877.1455078125,181.76217651367188,66.79561614990234,26.625410079956055,19.655563354492188,11.450305938720703,6.247222423553467,4.176551818847656,2.537543535232544,1.998764157295227,1.843546986579895,1.5958008766174316,1.2631871700286865,1.200758457183838,1.1714906692504883,1.0830559730529785,0.9855235815048218,1727.3035888671875,13.075489044189453,1.677563190460205
140000,140101,17,3,220,168,0,3816.249267578125,206.33587646484375,78.52361297607422,36.552608489990234,25.15264892578125,14.508286476135254,7.6023173332214355,5.887440204620361,3.7470266819000244,3.202887773513794,2.2615208625793457,1.808921217918396,1.6638318300247192,1.506314992904663,1.2837399244308472,1.1720631122589111,1.1120073795318604,1693.274169921875,19.957637786865234,1.801284670829773
140000,140101,17,3,220,168,1,3835.26220703125,208.1925811767578,78.66907501220703,36.88222122192383,25.095571517944336,13.498744010925293,7.196291446685791,6.38814640045166,3.7332324981689453,2.7904715538024902,2.4701313972473145,1.8817451000213623,1.5589960813522339,1.4770762920379639,1.3558074235916138,1.1454662084579468,1.0927162170410156,1701.812744140625,19.741910934448242,1.6408087015151978
141000,141101,17,3,219,172,0,3804.44775390625,164.98486328125,49.89679718017578,30.290969848632812,17.71059799194336,5.723294258117676,4.723961353302002,3.8518307209014893,2.5032389163970947,2.27187442779541,1.9044036865234375,1.5586985349655151,1.3636856079101562,1.2992908954620361,1.1286938190460205,1.01657235622406,0.9408842921257019,1698.2763671875,15.586466789245605,1.895056962966919
141000,141101,17,3,219,172,1,3814.97900390625,164.94515991210938,50.03749084472656,29.619369506835938,16.767580032348633,5.087043285369873,4.217381477355957,3.6194703578948975,2.3804337978363037,2.024716854095459,1.682947039604187,1.4425538778305054,1.3440293073654175,1.2202569246292114,1.0601502656936646,1.0548419952392578,0.929646372795105,1703.1204833984375,15.113179206848145,1.8771506547927856
142000,142101,17,3,221,169,0,3763.269775390625,197.8625030517578,70.77301025390625,47.58757019042969,18.009355545043945,12.850300788879395,6.633871078491211,4.580690860748291,2.9317116737365723,2.2089481353759766,2.1147491931915283,1.7685590982437134,1.5581928491592407,1.4141639471054077,1.3365917205810547,1.265923261642456,1.084365963935852,1671.7720947265625,19.64593505859375,1.8054542541503906
142000,142101,17,3,221,169,1,3777.881103515625,199.1481170654297,71.48580932617188,47.0429801940918,17.798917770385742,12.884378433227539,5.939635276794434,4.26453161239624,2.7235188484191895,2.4389278888702393,1.9718174934387207,1.8936296701431274,1.4992669820785522,1.3947654962539673,1.218974232673645,1.074040412902832,0.9551895260810852,1677.6546630859375,18.552274703979492,2.0381178855895996
143000,143101,17,3,224,171,0,3751.647705078125,196.3413543701172,69.32862091064453,41.07096862792969,21.508445739746094,15.35437297821045,9.352884292602539,5.816849708557129,3.389543294906616,2.8443753719329834,2.1234610080718994,1.911410927772522,1.8515983819961548,1.5552185773849487,1.3975456953048706,1.2571040391921997,1.1790517568588257,1666.5487060546875,21.763364791870117,1.522792935371399
143000,143101,17,3,224,171,1,3750.96533203125,196.4810333251953,69.48764038085938,41.197601318359375,21.668975830078125,15.078875541687012,8.938511848449707,5.863832473754883,3.1978349685668945,2.427912712097168,1.9973639249801636,1.8245306015014648,1.5849617719650269,1.3813856840133667,1.325775146484375,1.286620855331421,1.0622152090072632,1666.5833740234375,22.045677185058594,1.6281131505966187
144000,144101,17,3,221,173,0,3719.691650390625,224.52090454101562,63.37458419799805,30.15805435180664,20.833389282226562,10.708246231079102,8.517504692077637,4.6699066162109375,3.7310678958892822,2.932912826538086,2.284782648086548,1.875770926475525,1.8207052946090698,1.2011998891830444,1.177291750907898,1.0368878841400146,0.973300576210022,1645.2171630859375,17.73666000366211,4.261894226074219
144000,144101,17,3,221,173,1,3726.54736328125,225.29910278320312,63.30461120605469,30.114755630493164,21.007604598999023,10.250244140625,7.850333213806152,4.794748306274414,3.6672275066375732,2.767901659011841,2.0041401386260986,1.8258589506149292,1.64272940158844,1.2261208295822144,1.0852614641189575,1.0578848123550415,0.9691923260688782,1648.9039306640625,18.185823440551758,4.3625969886779785
145000,145101,17,3,225,184,0,3801.356689453125,202.2283935546875,79.45870208740234,37.241050720214844,20.1611270904541,9.376407623291016,6.420896053314209,3.881648302078247,3.367372751235962,2.7660484313964844,1.9393447637557983,1.7561475038528442,1.5685516595840454,1.356905221939087,1.293993592262268,1.2484798431396484,1.1345605850219727,1678.991455078125,27.789337158203125,3.596158742904663
145000,145101,17,3,225,184,1,3796.15869140625,201.6880645751953,79.48751831054688,36.777809143066406,19.135229110717773,9.297168731689453,6.6523284912109375,3.9912166595458984,3.6725857257843018,2.410738706588745,2.1750614643096924,1.6842079162597656,1.592463731765747,1.412603497505188,1.1911636590957642,1.1550445556640625,1.0512187480926514,1676.4775390625,27.891267776489258,4.402736186981201
146000,146101,17,3,220,177,0,3835.72509765625,201.0982208251953,65.33308410644531,36.82191848754883,24.03544807434082,15.101141929626465,9.539420127868652,4.7713623046875,4.009340763092041,2.7228546142578125,2.0695066452026367,1.7559770345687866,1.6233903169631958,1.5878583192825317,1.3000975847244263,1.1735955476760864,1.0922572612762451,1705.6529541015625,15.754456520080566,2.6213557720184326
146000,146101,17,3,220,177,1,3826.67578125,199.32847595214844,65.25313568115234,36.252830505371094,23.965303421020508,14.629995346069336,9.553844451904297,4.645436763763428,4.0558977127075195,2.705278158187866,2.0596694946289062,1.8699253797531128,1.53276526927948,1.236739158630371,1.193793773651123,1.1225898265838623,1.0498735904693604,1701.2987060546875,15.70472240447998,2.3976054191589355
147000,147101,17,3,219,164,0,3688.250244140625,224.25381469726562,76.99888610839844,31.758142471313477,26.825210571289062,12.238353729248047,8.72939395904541,6.693694114685059,4.1340484619140625,3.1734070777893066,2.736647129058838,2.347323417663574,1.6350464820861816,1.4558740854263306,1.361421823501587,1.2286163568496704,0.9472500681877136,1635.6544189453125,14.213800430297852,2.694577693939209
147000,147101,17,3,219,164,1,3683.44580078125,223.56832885742188,77.85368347167969,32.5060920715332,27.256996154785156,11.876428604125977,8.919690132141113,6.44559383392334,3.957651376724243,3.0303847789764404,2.7366783618927,2.2752254009246826,1.6748429536819458,1.3149205446243286,1.2125307321548462,1.0967254638671875,0.9317924380302429,1633.23193359375,14.658015251159668,1.863286018371582
148000,148101,17,3,219,181,0,3816.970458984375,190.7283935546875,63.31766891479492,33.46684265136719,13.985570907592773,8.84444808959961,6.7511115074157715,3.523284673690796,2.9242422580718994,2.4807231426239014,2.1729094982147217,1.6419991254806519,1.374356746673584,1.3142234086990356,1.2832499742507935,1.1780731678009033,1.0013823509216309,1697.095458984375,12.803627014160156,1.8978196382522583
148000,148101,17,3,219,181,1,3814.862060546875,190.31246948242188,62.62002944946289,32.969486236572266,13.948308944702148,8.402289390563965,6.098381996154785,3.387502670288086,3.2364578247070312,2.04862904548645,1.8103764057159424,1.5459576845169067,1.4016112089157104,1.1974493265151978,1.1486632823944092,1.0790036916732788,0.9182695746421814,1696.4605712890625,12.578744888305664,1.860993504524231
149000,149101,17,3,219,180,0,3797.781005859375,192.1033172607422,66.24748229980469,32.842281341552734,15.933865547180176,11.877520561218262,7.490586280822754,3.3261284828186035,2.7963194847106934,2.2276856899261475,2.0112388134002686,1.8412349224090576,1.4667516946792603,1.268770456314087,1.254631519317627,1.1146516799926758,1.0034483671188354,1685.0333251953125,19.312742233276367,3.052077293395996
149000,149101,17,3,219,180,1,3800.223876953125,192.16070556640625,64.48944091796875,32.26929473876953,14.717265129089355,11.473493576049805,7.10753870010376,3.3177363872528076,2.74373459815979,2.1572911739349365,1.8991050720214844,1.54850172996521,1.5094473361968994,1.1813299655914307,1.1282387971878052,1.0217881202697754,0.9729709029197693,1685.915771484375,18.29404640197754,3.2892041206359863
150000,150101,17,3,224,179,0,3819.06494140625,199.1514129638672,52.5860595703125,30.39621353149414,17.483877182006836,8.739046096801758,7.360846519470215,4.392345428466797,3.2846009731292725,2.200313091278076,1.6158722639083862,1.5646259784698486,1.444671869277954,1.309059977531433,1.1979340314865112,1.1103780269622803,1.0220950841903687,1702.5201416015625,11.114017486572266,1.6124314069747925
150000,150101,17,3,224,179,1,3823.637451171875,199.86346435546875,52.56184005737305,30.709875106811523,17.67208480834961,8.712164878845215,7.1679816246032715,4.372239112854004,3.3243942260742188,2.1718297004699707,1.7841836214065552,1.5264230966567993,1.4220330715179443,1.3635284900665283,1.213322401046753,1.1200551986694336,1.089569330215454,1704.9564208984375,12.082587242126465,1.5643948316574097
151000,151101,17,3,217,178,0,3837.3505859375,200.0285186767578,81.82046508789062,39.2459716796875,12.304813385009766,8.1533203125,7.001600742340088,5.854640483856201,3.668346643447876,2.5301287174224854,2.0128870010375977,1.9747185707092285,1.4871305227279663,1.4087913036346436,1.2873804569244385,1.177955985069275,1.1021751165390015,1702.6243896484375,21.990942001342773,2.8788793087005615
151000,151101,17,3,217,178,1,3833.56396484375,201.17335510253906,82.75662994384766,39.57033157348633,11.833966255187988,7.896622657775879,6.578957557678223,5.420163631439209,3.4689218997955322,2.638815402984619,1.7043784856796265,1.5232353210449219,1.4653793573379517,1.342248797416687,1.04360032081604,0.968479573726654,0.8607504367828369,1701.470458984375,22.05887794494629,2.901339530944824
152000,152101,17,3,222,176,0,3811.4169921875,195.1897430419922,55.90214538574219,33.52375030517578,14.626132011413574,9.64847183227539,4.912265777587891,3.913637399673462,3.5974650382995605,2.9334726333618164,2.0317444801330566,1.8722831010818481,1.6691226959228516,1.5990737676620483,1.3637349605560303,1.1884722709655762,1.044570803642273,1686.1319580078125,23.33848762512207,3.3847951889038086
152000,152101,17,3,222,176,1,3819.385986328125,196.73495483398438,56.39064407348633,33.70077896118164,14.535622596740723,8.98862075805664,4.974056243896484,3.7461280822753906,3.0513811111450195,2.6646385192871094,1.9341213703155518,1.7639662027359009,1.4853122234344482,1.3913311958312988,1.3270622491836548,1.2715166807174683,1.1253074407577515,1690.0679931640625,23.123699188232422,3.2821757793426514
153000,153101,17,3,228,175,0,3876.7333984375,234.48550415039062,85.37425231933594,34.442989349365234,20.685932159423828,15.069071769714355,8.193262100219727,6.422999382019043,5.223450183868408,3.0112929344177246,2.2588443756103516,1.999603033065796,1.6972934007644653,1.5198863744735718,1.3183194398880005,1.1649528741836548,1.1253122091293335,1711.3275146484375,18.018260955810547,1.6260123252868652
153000,153101,17,3,228,175,1,3885.771728515625,234.41976928710938,85.5295639038086,34.1951904296875,20.509296417236328,14.542763710021973,7.681502819061279,6.054628849029541,5.362013816833496,2.7854294776916504,2.2672042846679688,2.0271832942962646,1.549623727798462,1.4948322772979736,1.1811991930007935,1.1118251085281372,1.0415211915969849,1715.6007080078125,18.12489128112793,1.346900224685669
154000,154101,17,3,226,183,0,3997.31591796875,198.56724548339844,71.5020523071289,40.97517776489258,20.60530662536621,10.689458847045898,7.546156406402588,3.6866672039031982,3.4207541942596436,2.498143196105957,2.160625696182251,1.9376362562179565,1.4266022443771362,1.3431806564331055,1.2266069650650024,1.1263641119003296,1.0534160137176514,1774.00732421875,26.021953582763672,2.9543750286102295
154000,154101,17,3,226,183,1,4006.243896484375,199.15597534179688,71.35337829589844,40.82012939453125,20.422231674194336,10.423687934875488,6.823821544647217,3.7307562828063965,3.5201048851013184,2.1944739818573,1.8661754131317139,1.7682621479034424,1.492928385734558,1.3969910144805908,1.3114464282989502,1.0738561153411865,0.9978395104408264,1777.3486328125,25.868608474731445,3.0315327644348145
155000,155101,17,3,220,186,0,3850.18603515625,207.0697021484375,47.32594299316406,25.011138916015625,13.928190231323242,10.385820388793945,4.498563766479492,3.156158208847046,2.9890832901000977,2.2614848613739014,1.9293556213378906,1.4435884952545166,1.3856756687164307,1.2414121627807617,1.0817214250564575,1.041040062904358,0.8832257986068726,1711.512939453125,12.481400489807129,2.3929007053375244
155000,155101,17,3,220,186,1,3845.10107421875,206.4034881591797,47.422157287597656,25.118900299072266,14.77612018585205,10.059553146362305,4.0173420906066895,3.5971744060516357,2.9421188831329346,1.7814234495162964,1.710385799407959,1.4307202100753784,1.253790259361267,1.1464030742645264,1.1243489980697632,0.9469208717346191,0.9151166081428528,1709.2476806640625,12.286343574523926,2.3934860229492188
156000,156101,17,3,220,174,0,3791.968017578125,189.9188232421875,70.95719909667969,33.58000946044922,16.079044342041016,11.545321464538574,5.7071123123168945,3.1888837814331055,2.7271153926849365,2.2088544368743896,2.12276029586792,1.6543948650360107,1.3919204473495483,1.2316553592681885,1.2118439674377441,1.0492291450500488,1.0012834072113037,1682.6287841796875,19.610353469848633,3.013289451599121
156000,156101,17,3,220,174,1,3795.6162109375,190.91380310058594,71.2626724243164,33.3826904296875,16.03973388671875,11.22385311126709,5.219282627105713,3.2441604137420654,2.7856719493865967,2.3916773796081543,1.8010061979293823,1.5276827812194824,1.3497236967086792,1.26528799533844,1.0971463918685913,1.0549089908599854,0.9391046762466431,1683.7674560546875,19.609647750854492,2.846280813217163
157000,157101,17,3,227,183,0,3930.25439453125,234.4345703125,81.25174713134766,47.217010498046875,25.803611755371094,15.26513957977295,10.624897956848145,7.10610818862915,5.00629997253418,3.402324914932251,3.0597405433654785,2.121830701828003,1.997342586517334,1.898535132408142,1.4869916439056396,1.3477928638458252,1.3064137697219849,1733.9024658203125,24.056547164916992,2.7010083198547363
157000,157101,17,3,227,183,1,3937.2578125,235.7701873779297,81.40645599365234,47.68920135498047,25.78399085998535,15.301630973815918,10.685137748718262,6.993628978729248,5.208259582519531,3.3461623191833496,3.197761058807373,2.110959053039551,1.8489028215408325,1.716705083847046,1.4863901138305664,1.1788588762283325,1.142928957939148,1737.4639892578125,23.944284439086914,2.7399330139160156
158000,158101,17,3,221,174,0,3825.38232421875,202.52565002441406,72.54273223876953,40.447731018066406,18.836103439331055,11.895759582519531,7.880760669708252,6.296819686889648,4.95768928527832,3.1065831184387207,2.543975591659546,1.5848639011383057,1.3514065742492676,1.2330037355422974,1.1675846576690674,1.0455881357192993,0.9224717617034912,1692.00341796875,24.47572898864746,2.0600855350494385
158000,158101,17,3,221,174,1,3815.383056640625,200.55218505859375,71.47784423828125,40.12398910522461,17.596113204956055,11.760941505432129,8.060482025146484,5.781822681427002,4.89700174331665,3.0047719478607178,2.655733823776245,1.692513346672058,1.365208387374878,1.2590056657791138,1.0435012578964233,0.9803694486618042,0.931563675403595,1687.8135986328125,24.04203224182129,1.7587484121322632
159000,159101,17,3,219,182,0,3838.3642578125,193.9760284423828,73.15816497802734,31.286882400512695,22.85964012145996,12.28030014038086,8.891221046447754,4.219403266906738,2.734898328781128,2.2299070358276367,1.936131238937378,1.6902642250061035,1.4818605184555054,1.3788113594055176,1.2648932933807373,1.077818751335144,0.9842785000801086,1701.7174072265625,19.34116554260254,2.145150661468506
159000,159101,17,3,219,182,1,3845.436767578125,195.1953125,73.33202362060547,31.23760414123535,23.05063819885254,12.345409393310547,8.735730171203613,4.4746994972229,2.5111300945281982,2.0430116653442383,1.7348220348358154,1.5649687051773071,1.4799668788909912,1.407187819480896,1.1668336391448975,1.0752731561660767,0.9517331123352051,1705.4039306640625,19.29985809326172,2.02520489692688
160000,160101,17,3,226,184,0,3984.654541015625,182.61672973632812,74.3502426147461,32.52546310424805,24.52622413635254,11.096487045288086,7.478692531585693,4.532828330993652,3.78645396232605,3.256890296936035,2.463698625564575,1.776618480682373,1.4432076215744019,1.3598177433013916,1.1037662029266357,1.024355173110962,0.9986469149589539,1772.333984375,21.701059341430664,2.4913899898529053
160000,160101,17,3,226,184,1,3985.468994140625,181.8666534423828,74.5030288696289,32.71299362182617,24.868324279785156,10.973602294921875,7.404661655426025,4.553699493408203,3.761258125305176,3.0109493732452393,2.515801429748535,1.4878966808319092,1.2079004049301147,1.107426404953003,1.0355418920516968,0.9690048694610596,0.874183177947998,1772.1741943359375,21.80307960510254,1.7726967334747314
161000,161101,17,3,217,173,0,3814.757080078125,172.92718505859375,49.37555694580078,25.179119110107422,21.772289276123047,5.9532246589660645,5.92112398147583,4.7239670753479,2.830977201461792,1.9903948307037354,1.5706902742385864,1.4257416725158691,1.3799158334732056,1.1907014846801758,1.1564215421676636,1.0513628721237183,0.968430757522583,1698.54541015625,21.42338752746582,1.4161022901535034
161000,161101,17,3,217,173,1,3818.718505859375,173.665283203125,49.435298919677734,25.409893035888672,21.401390075683594,5.823690891265869,5.761146545410156,4.834126949310303,2.4286904335021973,2.0259392261505127,1.6860955953598022,1.2662700414657593,1.1639626026153564,1.1602540016174316,0.9787870645523071,0.9264187216758728,0.8017899990081787,1700.756103515625,21.32855224609375,1.5154144763946533
162000,162101,17,3,220,183,0,3795.83349609375,172.810791015625,63.190067291259766,36.63096237182617,16.686279296875,9.371162414550781,7.416019916534424,6.143668174743652,4.519989967346191,2.4277305603027344,2.271312952041626,1.7564916610717773,1.4700820446014404,1.2607645988464355,1.1844779253005981,1.0495824813842773,0.8442187905311584,1694.3516845703125,13.446942329406738,3.5258936882019043
162000,162101,17,3,220,183,1,3798.098876953125,173.3494110107422,63.44553756713867,36.19355010986328,16.760473251342773,9.78866195678711,7.491190433502197,6.404330730438232,4.720010280609131,2.41298246383667,1.9188777208328247,1.6788650751113892,1.2963484525680542,1.1812481880187988,1.0859028100967407,0.9907481074333191,0.9181534647941589,1695.59033203125,13.705632209777832,3.369105577468872
163000,163101,17,3,222,186,0,3779.29150390625,208.17515563964844,74.0639419555664,46.0201416015625,25.588119506835938,11.855096817016602,6.760196208953857,5.039069175720215,3.799062967300415,2.5644214153289795,2.215595006942749,1.7175942659378052,1.593138575553894,1.3375227451324463,1.307447075843811,0.9993513822555542,0.9182239770889282,1678.625,22.067663192749023,1.9772120714187622
163000,163101,17,3,222,186,1,3779.12060546875,207.578369140625,74.10253143310547,45.579891204833984,25.739917755126953,11.793377876281738,7.011860370635986,4.737154006958008,3.76542592048645,2.36663556098938,2.0999953746795654,1.5582811832427979,1.4936960935592651,1.3356051445007324,1.2666395902633667,1.108725666999817,0.8737421035766602,1678.6295166015625,21.931354522705078,1.8251885175704956
164000,164101,17,3,221,180,0,3910.892333984375,168.7095184326172,74.38607025146484,33.803524017333984,15.399593353271484,10.76649284362793,7.307908535003662,4.222679615020752,2.8861749172210693,2.43795108795166,1.8854191303253174,1.7957652807235718,1.4279416799545288,1.2496957778930664,1.1773805618286133,1.054650902748108,1.0328055620193481,1732.6541748046875,25.258316040039062,3.4336419105529785
164000,164101,17,3,221,180,1,3915.378173828125,169.40167236328125,74.48468780517578,33.793270111083984,15.236395835876465,10.718562126159668,6.913148403167725,3.625528335571289,2.8463683128356934,2.2886431217193604,1.8445367813110352,1.6302893161773682,1.4540773630142212,1.3217415809631348,1.1774441003799438,1.0941241979599,1.0620142221450806,1735.048583984375,25.480960845947266,3.156158924102783
165000,165101,17,3,220,178,0,3956.39404296875,201.8287353515625,68.39321899414062,33.53982162475586,15.987067222595215,9.2970552444458,6.163972854614258,4.427944183349609,3.3491218090057373,2.211042881011963,1.8733224868774414,1.6945668458938599,1.540155053138733,1.373262882232666,1.3071117401123047,1.2539615631103516,1.1401190757751465,1748.016357421875,27.541339874267578,5.124875545501709
165000,165101,17,3,220,178,1,3947.814453125,201.77931213378906,68.71064758300781,33.130435943603516,15.129317283630371,9.056623458862305,6.243991374969482,4.238466739654541,3.1131725311279297,2.338477611541748,1.9545639753341675,1.8680602312088013,1.4967212677001953,1.3579280376434326,1.223543643951416,1.0507580041885376,0.9923911690711975,1744.4976806640625,26.811189651489258,4.694614887237549
166000,166101,17,3,216,169,0,3804.666259765625,167.42880249023438,77.20421600341797,27.813941955566406,22.434555053710938,16.965421676635742,7.690522193908691,6.108966827392578,4.350531101226807,2.978698968887329,2.2763850688934326,1.8826103210449219,1.5192885398864746,1.4027231931686401,1.3357659578323364,1.1576504707336426,1.0315347909927368,1691.8218994140625,22.482397079467773,3.1278600692749023
166000,166101,17,3,216,169,1,3812.73095703125,167.32679748535156,78.09252166748047,28.38786506652832,22.84986114501953,17.24410057067871,7.529045581817627,6.138056755065918,4.082982063293457,2.702982187271118,2.2404112815856934,1.6206254959106445,1.4298362731933594,1.323091983795166,1.1267977952957153,0.9762955904006958,0.8502941131591797,1694.88671875,22.965024948120117,3.011934280395508
167000,167101,17,3,210,176,0,3818.570556640625,202.5005340576172,72.90306854248047,36.66438674926758,27.077486038208008,10.43396282196045,8.499054908752441,5.487515449523926,3.703127145767212,3.133481979370117,2.483940601348877,2.0614545345306396,1.683174729347229,1.4990057945251465,1.350511908531189,1.1826869249343872,1.1077626943588257,1692.1129150390625,24.300941467285156,4.361030101776123
167000,167101,17,3,210,176,1,3808.2294921875,201.22885131835938,73.3179702758789,36.748924255371094,26.953149795532227,10.780409812927246,8.583197593688965,5.687191009521484,3.976915121078491,3.2039010524749756,2.391108751296997,1.9193506240844727,1.6528252363204956,1.4867199659347534,1.3470213413238525,1.1981558799743652,1.0951470136642456,1686.257568359375,24.26869010925293,4.221872806549072
168000,168101,17,3,211,175,0,3745.50146484375,186.74623107910156,56.471920013427734,37.327003479003906,15.22076416015625,9.781261444091797,7.604362964630127,4.219879150390625,2.7063941955566406,2.116669178009033,1.693750023841858,1.3801084756851196,1.1571325063705444,1.0780267715454102,1.0296939611434937,1.0077842473983765,0.8120293617248535,1664.873291015625,18.497177124023438,1.9121723175048828
168000,168101,17,3,211,175,1,3748.049560546875,186.68199157714844,56.830413818359375,37.117942810058594,14.33745002746582,9.94186019897461,7.115807056427002,3.8941702842712402,2.4127156734466553,2.141934394836426,1.5507144927978516,1.3739497661590576,1.2691833972930908,1.1328794956207275,0.9595538377761841,0.9365770220756531,0.840745210647583,1665.33984375,18.745044708251953,2.348598003387451
169000,169101,17,3,228,183,0,3864.680419921875,204.89306640625,75.07369995117188,43.56577682495117,26.94548225402832,13.76864242553711,6.957456111907959,5.588677883148193,4.825634956359863,2.746086597442627,2.5836198329925537,1.692973256111145,1.5676054954528809,1.3986172676086426,1.2433332204818726,1.0891045331954956,1.028833270072937,1710.2386474609375,20.96434211730957,4.25327205657959
169000,169101,17,3,228,183,1,3848.320068359375,204.88587951660156,75.06897735595703,43.64973831176758,27.15397071838379,13.920048713684082,6.569432258605957,5.504961967468262,4.760834693908691,2.467510461807251,2.1329944133758545,1.7269803285598755,1.345854640007019,1.3301303386688232,1.1311818361282349,1.0580862760543823,1.0041093826293945,1703.560546875,21.303142547607422,4.189023971557617
170000,170101,17,3,219,178,0,3868.722412109375,147.2735595703125,67.66307830810547,35.73048782348633,13.919782638549805,11.414873123168945,7.708813190460205,4.397382736206055,3.048928737640381,2.3638525009155273,1.6262590885162354,1.5835317373275757,1.4023293256759644,1.3404462337493896,1.270182490348816,1.0228627920150757,0.9566428065299988,1722.0648193359375,17.881311416625977,2.6290981769561768
170000,170101,17,3,219,178,1,3859.335693359375,146.2581329345703,66.91045379638672,35.13972473144531,13.847332954406738,10.487980842590332,6.871673583984375,3.942772626876831,2.4194467067718506,1.8966008424758911,1.5358558893203735,1.3601166009902954,1.2514053583145142,1.2018935680389404,1.0893878936767578,1.0123367309570312,0.9712594747543335,1717.3824462890625,17.51095962524414,1.9751230478286743
171000,171101,17,3,224,176,0,3939.9296875,236.91078186035156,64.0749282836914,32.55916213989258,19.210426330566406,11.472052574157715,8.926983833312988,6.558734893798828,3.306074619293213,2.6455390453338623,1.997031331062317,1.921983242034912,1.6309787034988403,1.1722489595413208,1.142777681350708,1.0648385286331177,0.9002869725227356,1749.7578125,8.079617500305176,1.337954044342041
171000,171101,17,3,224,176,1,3950.138427734375,239.0562286376953,64.91944885253906,33.28845977783203,19.680490493774414,11.611302375793457,9.3882474899292,6.6650495529174805,3.702793598175049,2.5631020069122314,2.096479654312134,1.6357457637786865,1.4681411981582642,1.3532477617263794,1.1576130390167236,1.0988410711288452,1.015781044960022,1755.10595703125,8.247696876525879,1.5952003002166748
172000,172101,17,3,220,185,0,4019.9013671875,256.62615966796875,88.23272705078125,48.18632888793945,27.7448673248291,18.40369415283203,10.383455276489258,7.060636043548584,4.830382347106934,3.629777193069458,2.3197076320648193,1.8076975345611572,1.687813639640808,1.6171196699142456,1.5074597597122192,1.3473576307296753,1.1363054513931274,1771.17822265625,18.539867401123047,3.520307779312134
172000,172101,17,3,220,185,1,4015.829833984375,256.4949645996094,88.2530288696289,48.42034912109375,27.84659194946289,18.541006088256836,10.336666107177734,6.993399143218994,4.424725532531738,3.0774359703063965,2.3209898471832275,1.6785119771957397,1.5787287950515747,1.5293030738830566,1.4622212648391724,1.3292968273162842,1.1406731605529785,1768.21044921875,18.488683700561523,3.4299042224884033
173000,173101,17,3,221,179,0,3950.1689453125,199.59869384765625,76.5158920288086,41.6617431640625,25.385820388793945,15.702016830444336,11.19491958618164,7.832082271575928,2.69103741645813,2.4369404315948486,2.180943489074707,1.758829951286316,1.6166051626205444,1.3916871547698975,1.2845549583435059,1.2266969680786133,1.011780023574829,1744.9505615234375,26.23114776611328,3.396578073501587
173000,173101,17,3,221,179,1,3937.5263671875,197.78524780273438,75.95126342773438,41.43922805786133,25.760517120361328,15.509101867675781,11.3233003616333,7.380856037139893,2.777567148208618,2.252971887588501,1.901920199394226,1.6511684656143188,1.551538348197937,1.317243218421936,1.1718593835830688,1.0987237691879272,1.0973143577575684,1738.96533203125,25.96225357055664,3.2825491428375244
174000,174101,17,3,219,185,0,3845.636474609375,217.9383544921875,72.03923797607422,37.320701599121094,25.419450759887695,13.734916687011719,9.145143508911133,7.244490623474121,3.8275387287139893,2.3859705924987793,1.9997276067733765,1.7617955207824707,1.5439022779464722,1.283640742301941,1.1877431869506836,1.0887863636016846,0.9125960469245911,1697.2890625,23.75118637084961,2.8379690647125244
174000,174101,17,3,219,185,1,3852.39453125,218.91331481933594,72.88631439208984,37.07760238647461,25.709627151489258,13.779682159423828,9.53589916229248,6.866787433624268,3.767292022705078,2.461400032043457,2.0014724731445312,1.601021409034729,1.3447941541671753,1.123571515083313,1.0771666765213013,1.0456024408340454,0.9866102337837219,1700.5811767578125,23.56498146057129,2.7607603073120117
175000,175101,17,3,223,179,0,3950.095947265625,201.87916564941406,64.56063842773438,28.87326431274414,11.414172172546387,10.454399108886719,6.41546106338501,5.426175594329834,3.2930219173431396,2.343961238861084,2.2439637184143066,1.629747986793518,1.3438968658447266,1.202041745185852,1.1389687061309814,1.0175271034240723,0.9215284585952759,1750.048095703125,17.761388778686523,3.7447516918182373
175000,175101,17,3,223,179,1,3954.646484375,201.46958923339844,64.76239013671875,28.95810890197754,11.354584693908691,10.157979965209961,6.445732593536377,4.74064302444458,3.2198286056518555,2.559054374694824,2.081932544708252,1.5761899948120117,1.3612581491470337,1.1366796493530273,1.1351100206375122,1.082358956336975,0.8810619711875916,1752.0098876953125,17.85465431213379,3.8967926502227783
176000,176101,17,3,215,183,0,3812.2294921875,207.71365356445312,49.148040771484375,23.243928909301758,14.136265754699707,8.260222434997559,5.232503414154053,3.305145263671875,2.750579833984375,1.8950275182724,1.7707328796386719,1.4695775508880615,1.357129693031311,1.2062768936157227,1.1219309568405151,1.031510829925537,0.9217265248298645,1693.5445556640625,12.311863899230957,1.6301640272140503
176000,176101,17,3,215,183,1,3807.620849609375,206.72891235351562,49.55941390991211,23.32199478149414,14.276309967041016,8.144559860229492,4.758595943450928,3.400886297225952,2.7394065856933594,2.1471009254455566,1.6514551639556885,1.3958683013916016,1.2405266761779785,1.1451318264007568,1.0472838878631592,0.9789938926696777,0.8552508354187012,1691.3876953125,12.782947540283203,1.4969897270202637
177000,177101,17,3,227,186,0,3883.45458984375,205.57113647460938,77.8617172241211,40.91684341430664,22.734554290771484,10.527948379516602,7.653165340423584,4.580061435699463,3.8079452514648438,2.739337205886841,2.2571630477905273,1.767397165298462,1.5672143697738647,1.3452255725860596,1.3174543380737305,1.2358458042144775,0.9795476794242859,1725.1905517578125,23.763744354248047,4.061868190765381
177000,177101,17,3,227,186,1,3886.149658203125,204.6160125732422,77.6081771850586,41.22184753417969,22.885128021240234,11.073868751525879,7.890089988708496,4.341958522796631,3.5440685749053955,2.2464239597320557,1.8950510025024414,1.7694127559661865,1.4987807273864746,1.1887840032577515,1.0097243785858154,0.9771562814712524,0.9302467107772827,1726.660888671875,24.220970153808594,4.053557395935059
178000,178101,17,3,215,177,0,3786.183349609375,125.06613159179688,46.40977478027344,25.793638229370117,12.033082008361816,4.972312927246094,3.950857162475586,2.284296751022339,2.02579665184021,1.694576621055603,1.572862148284912,1.4357292652130127,1.180496335029602,1.1031490564346313,1.0443822145462036,0.9240276217460632,0.8958340287208557,1694.0914306640625,21.46779441833496,1.7417246103286743
178000,178101,17,3,215,177,1,3780.3955078125,124.72554016113281,46.143802642822266,25.813499450683594,11.891758918762207,4.908801078796387,4.033767223358154,2.225884437561035,2.1394033432006836,1.6144065856933594,1.5237382650375366,1.2658522129058838,1.1965841054916382,1.039257526397705,1.0121933221817017,0.9535051584243774,0.8675088882446289,1691.774658203125,21.78197479248047,1.7979201078414917
179000,179101,17,3,225,191,0,3888.76171875,225.43344116210938,73.2830581665039,39.38210678100586,19.426380157470703,12.973718643188477,10.322715759277344,4.680272579193115,2.7264411449432373,2.1457412242889404,1.6568750143051147,1.5441662073135376,1.514806866645813,1.400607705116272,1.193328857421875,1.1177276372909546,1.004963755607605,1715.550537109375,27.33867073059082,2.809281587600708
179000,179101,17,3,225,191,1,3885.87353515625,225.51109313964844,73.039794921875,39.40331268310547,18.91886329650879,13.07034683227539,10.268243789672852,4.3460540771484375,2.596832036972046,1.998063087463379,1.611772894859314,1.4188072681427002,1.4051159620285034,1.2170097827911377,1.1401973962783813,1.014712929725647,0.8942960500717163,1714.3477783203125,27.487873077392578,2.71156644821167
180000,180101,17,3,218,187,0,3879.291748046875,133.9504852294922,40.54060363769531,32.84573745727539,8.841988563537598,5.724191665649414,3.86136531829834,2.5183656215667725,2.10119891166687,1.9402843713760376,1.505655288696289,1.3802460432052612,1.3340048789978027,1.1808284521102905,1.135937213897705,1.0251508951187134,0.9117488861083984,1736.97705078125,10.20618724822998,1.3450562953948975
180000,180101,17,3,218,187,1,3857.7177734375,131.70570373535156,39.895572662353516,32.26249694824219,9.14743423461914,5.50354528427124,3.9166173934936523,2.690195322036743,2.390981674194336,1.879390001296997,1.5959159135818481,1.3642209768295288,1.256782054901123,1.175344705581665,1.0751585960388184,1.0403214693069458,0.8408145904541016,1726.6998291015625,10.027853012084961,1.2832695245742798
181000,181101,17,3,213,178,0,3807.34619140625,183.22055053710938,66.00025177001953,29.07549285888672,16.87456512451172,14.186704635620117,6.557240009307861,3.636678695678711,3.148019313812256,2.6513657569885254,1.7764949798583984,1.575226902961731,1.3914490938186646,1.3023231029510498,1.1518688201904297,1.0322073698043823,0.995212197303772,1697.9007568359375,8.970161437988281,1.569731593132019
181000,181101,17,3,213,178,1,3812.590087890625,183.67616271972656,66.16789245605469,29.304298400878906,16.976476669311523,13.980276107788086,6.984230041503906,3.376704692840576,2.750286102294922,2.4184730052948,1.6110763549804688,1.559291958808899,1.4061188697814941,1.277112364768982,1.1568177938461304,1.0192195177078247,0.8028563261032104,1700.6988525390625,8.906425476074219,1.1546809673309326
182000,182101,17,3,215,181,0,3904.73486328125,210.67724609375,73.31168365478516,32.403079986572266,15.929292678833008,11.799250602722168,7.393719673156738,4.447696208953857,2.7144007682800293,2.1443116664886475,1.7937666177749634,1.646653413772583,1.4506505727767944,1.2773122787475586,1.2618173360824585,1.1383843421936035,1.0150740146636963,1732.8624267578125,25.161521911621094,1.828688383102417
182000,182101,17,3,215,181,1,3903.5361328125,210.50872802734375,73.65164947509766,31.9433536529541,16.06078338623047,12.117469787597656,7.455337047576904,4.043498516082764,2.5908560752868652,1.9757919311523438,1.7561553716659546,1.6516740322113037,1.4048104286193848,1.2779289484024048,1.1491259336471558,1.0839779376983643,0.8959684371948242,1732.1766357421875,25.322256088256836,1.804880142211914
183000,183101,17,3,217,189,0,3851.847412109375,190.98558044433594,78.27117919921875,31.43093490600586,20.885639190673828,13.490987777709961,8.025739669799805,4.678702354431152,3.0169529914855957,2.154987335205078,1.917407512664795,1.8089253902435303,1.472441554069519,1.3249046802520752,1.1529546976089478,1.0855209827423096,1.0355041027069092,1709.577392578125,25.58218765258789,2.254189968109131
183000,183101,17,3,217,189,1,3865.98681640625,192.37200927734375,79.16416931152344,31.141130447387695,20.74781036376953,13.016424179077148,7.662120342254639,4.508563041687012,2.908400058746338,2.259500026702881,1.7985249757766724,1.5187195539474487,1.3454333543777466,1.2705633640289307,1.0949851274490356,0.8710253834724426,0.8002660274505615,1715.941650390625,25.378055572509766,2.4059898853302
184000,184101,17,3,223,191,0,4015.53955078125,171.27667236328125,68.95538330078125,34.466468811035156,13.951066017150879,10.457966804504395,6.636317253112793,5.240400791168213,3.1993770599365234,2.236909866333008,1.6584346294403076,1.4789131879806519,1.3712761402130127,1.2503801584243774,1.1628419160842896,1.0486568212509155,0.9978523850440979,1786.8795166015625,24.154003143310547,2.371631622314453
184000,184101,17,3,223,191,1,4020.175048828125,171.083251953125,68.99187469482422,34.79146194458008,13.506982803344727,10.270503997802734,6.681573867797852,5.689705848693848,3.2588226795196533,2.15987491607666,1.6923253536224365,1.4985207319259644,1.429466724395752,1.2055376768112183,1.1285005807876587,1.026241421699524,0.9974783062934875,1790.0914306640625,24.05727195739746,2.7129716873168945
185000,185101,17,3,206,174,0,3717.974609375,179.13009643554688,68.55643463134766,31.029903411865234,17.154937744140625,12.191069602966309,6.74940299987793,3.564213752746582,2.6100847721099854,2.147890567779541,2.06129789352417,1.5721800327301025,1.3720346689224243,1.1335643529891968,1.0941351652145386,0.9757640361785889,0.9013010263442993,1656.6053466796875,11.207451820373535,2.3516550064086914
185000,185101,17,3,206,174,1,3721.7783203125,179.93692016601562,68.5474853515625,31.592559814453125,17.338443756103516,12.19375228881836,7.192652225494385,3.365957498550415,2.6275668144226074,2.2401716709136963,1.9598582983016968,1.5727781057357788,1.478585124015808,1.1378666162490845,1.0256463289260864,0.9305697679519653,0.9165177345275879,1658.047119140625,11.267199516296387,2.3838038444519043
186000,186101,17,3,212,178,0,3824.076416015625,183.6480255126953,55.03267288208008,22.978994369506836,13.116678237915039,7.883885383605957,5.857539653778076,4.141575336456299,2.92403507232666,1.8398594856262207,1.576945424079895,1.4259551763534546,1.1478776931762695,1.0827891826629639,1.0474134683609009,0.9346683621406555,0.8164446353912354,1701.41455078125,21.415912628173828,1.8059159517288208
186000,186101,17,3,212,178,1,3817.07958984375,183.5740966796875,54.72483444213867,22.97496795654297,12.827715873718262,7.856161117553711,5.725983142852783,4.11646842956543,2.5764577388763428,1.7106859683990479,1.6120270490646362,1.359409213066101,1.158530354499817,1.0927189588546753,0.9859567284584045,0.9463529586791992,0.8104994893074036,1698.5599365234375,20.576505661010742,1.7516136169433594
187000,187101,17,3,218,178,0,3832.11572265625,239.00140380859375,93.80776977539062,36.70526123046875,26.748971939086914,14.471281051635742,10.397903442382812,5.340123176574707,4.4290289878845215,3.64247727394104,2.913050413131714,1.841038465499878,1.7536741495132446,1.4480656385421753,1.274364948272705,1.141800045967102,0.9834461212158203,1690.356689453125,20.4973201751709,3.6173222064971924
187000,187101,17,3,218,178,1,3842.48291015625,241.3186492919922,94.68932342529297,36.83211135864258,26.97885513305664,14.606927871704102,10.434484481811523,5.439598560333252,4.489126205444336,3.514004707336426,2.6487371921539307,1.890138864517212,1.6987953186035156,1.4072327613830566,1.2499834299087524,1.176424503326416,0.9732913374900818,1695.090576171875,20.36861801147461,3.790111541748047
188000,188101,17,3,230,184,0,4034.95849609375,205.2864990234375,64.34632873535156,24.73056983947754,19.792827606201172,11.976384162902832,8.355714797973633,3.709855079650879,2.8916616439819336,2.3444466590881348,1.7406764030456543,1.6062721014022827,1.4528734683990479,1.1678038835525513,1.0196635723114014,0.9793140888214111,0.8643101453781128,1793.315185546875,14.00861644744873,1.238890290260315
188000,188101,17,3,230,184,1,4032.22314453125,205.09890747070312,64.49248504638672,24.680198669433594,19.68079376220703,12.107483863830566,7.75189208984375,3.7509965896606445,2.942958116531372,2.3103482723236084,1.8765066862106323,1.4483813047409058,1.3467631340026855,1.2045879364013672,1.1302096843719482,1.0762503147125244,0.9684529900550842,1791.7432861328125,14.138589859008789,1.2917414903640747
189000,189101,17,3,213,183,0,3809.67822265625,176.01068115234375,64.59339904785156,31.811988830566406,16.637939453125,12.298209190368652,5.030057430267334,4.09327507019043,2.6619322299957275,2.3234615325927734,1.8075448274612427,1.469830870628357,1.2604535818099976,1.2158032655715942,1.0855084657669067,1.0431355237960815,0.9157201647758484,1701.093017578125,17.91702651977539,1.8938217163085938
189000,189101,17,3,213,183,1,3809.24609375,176.6009979248047,64.61241149902344,31.461681365966797,16.600135803222656,12.460222244262695,4.962654113769531,3.6814656257629395,2.8368124961853027,2.0719239711761475,1.6156542301177979,1.4843097925186157,1.2972643375396729,1.1291263103485107,1.0976961851119995,0.9868534803390503,0.9478234648704529,1700.913330078125,17.860488891601562,2.1563398838043213
190000,190101,17,3,221,185,0,3974.06689453125,210.8733673095703,60.51148223876953,34.161399841308594,21.637205123901367,11.07024097442627,8.219189643859863,7.228984832763672,3.9943549633026123,1.9967358112335205,1.4928983449935913,1.4845049381256104,1.421481728553772,1.2685011625289917,1.070913553237915,0.9639372229576111,0.827691912651062,1769.1448974609375,12.348465919494629,2.614823341369629
190000,190101,17,3,221,185,1,3968.53173828125,210.63848876953125,59.77955627441406,34.1866455078125,21.735549926757812,10.657377243041992,8.224814414978027,6.883522987365723,3.5039196014404297,1.8100148439407349,1.5056800842285156,1.459281325340271,1.288050651550293,1.2447975873947144,1.069050669670105,0.913084089756012,0.8210130333900452,1766.1602783203125,11.299697875976562,2.606870174407959
191000,191101,17,3,221,185,0,3924.2626953125,177.88861083984375,54.71521759033203,27.893884658813477,15.76053237915039,10.19007682800293,4.531588554382324,3.321429967880249,1.9266425371170044,1.7276848554611206,1.5254385471343994,1.3725212812423706,1.3357571363449097,1.1382882595062256,1.0370675325393677,0.9598441123962402,0.9164543747901917,1742.7073974609375,15.5736722946167,1.470035195350647
191000,191101,17,3,221,185,1,3922.82958984375,178.73870849609375,54.21216583251953,27.75639533996582,14.634430885314941,9.697427749633789,3.9569132328033447,2.6543281078338623,2.2758285999298096,2.123886823654175,1.6315326690673828,1.4671211242675781,1.4018964767456055,1.122961401939392,1.0452804565429688,0.9538601636886597,0.8358595371246338,1741.9964599609375,15.966594696044922,1.5294991731643677
192000,192101,17,3,218,180,0,3838.63818359375,135.35501098632812,48.06528091430664,17.408294677734375,15.393657684326172,8.81398868560791,5.322173118591309,2.872075319290161,2.3176727294921875,1.5701442956924438,1.4841502904891968,1.389563798904419,1.155744194984436,1.1012725830078125,1.0211015939712524,0.9151696562767029,0.8295865654945374,1719.7552490234375,14.465133666992188,1.8359755277633667
192000,192101,17,3,218,180,1,3830.54736328125,134.5265655517578,47.740135192871094,17.547576904296875,14.895560264587402,9.198527336120605,4.626976013183594,2.3859360218048096,2.167404890060425,1.707104206085205,1.3588212728500366,1.3093807697296143,1.176804780960083,1.1448432207107544,1.0329113006591797,0.9281024932861328,0.8961036205291748,1715.905029296875,14.061843872070312,1.8241348266601562
193000,193101,17,3,218,187,0,3921.426025390625,163.96905517578125,69.651123046875,27.999181747436523,16.807233810424805,14.537357330322266,8.344188690185547,5.821526050567627,2.7377936840057373,2.546079635620117,2.023411989212036,1.6399904489517212,1.3921507596969604,1.293822169303894,1.2123416662216187,1.0066572427749634,0.9861769080162048,1743.0960693359375,18.430404663085938,2.6066441535949707
193000,193101,17,3,218,187,1,3924.286865234375,163.67138671875,69.76270294189453,28.142833709716797,16.865816116333008,14.885478973388672,8.200457572937012,5.626389980316162,2.869521141052246,2.3402702808380127,2.0513083934783936,1.6308873891830444,1.4169411659240723,1.3990285396575928,1.123291015625,1.0857428312301636,0.8466281890869141,1743.7196044921875,18.62394905090332,2.0515265464782715
194000,194101,17,3,212,192,0,3836.19970703125,166.79898071289062,46.13041305541992,34.580562591552734,12.022965431213379,7.489912986755371,5.928734302520752,4.074517726898193,2.8999264240264893,2.186497688293457,1.7062538862228394,1.422829270362854,1.3446264266967773,1.1666117906570435,1.1216318607330322,0.9386914372444153,0.8500988483428955,1713.30908203125,13.544384002685547,3.1321585178375244
194000,194101,17,3,212,192,1,3823.15283203125,166.15489196777344,45.802406311035156,34.10956573486328,11.809514999389648,6.9303741455078125,5.539815902709961,3.9752228260040283,2.6991560459136963,2.2695727348327637,1.951948881149292,1.5554051399230957,1.2647799253463745,1.0585823059082031,1.0318022966384888,0.9834380745887756,0.8794865012168884,1707.1275634765625,13.440783500671387,3.4658775329589844
195000,195101,17,3,225,194,0,4001.01513671875,205.80458068847656,55.23038101196289,39.762847900390625,13.873787879943848,10.671975135803223,8.65966796875,3.085852861404419,2.1405904293060303,1.9942047595977783,1.7126448154449463,1.4051424264907837,1.2130897045135498,1.1981842517852783,1.148306965827942,1.0104234218597412,0.9548917412757874,1767.7291259765625,27.223291397094727,2.8668460845947266
195000,195101,17,3,225,194,1,3999.955322265625,205.97479248046875,55.045494079589844,39.51435852050781,13.459338188171387,10.394977569580078,8.488436698913574,2.7272205352783203,2.073853015899658,1.7762179374694824,1.5374683141708374,1.422753095626831,1.2638459205627441,1.1656638383865356,1.0939607620239258,1.0547003746032715,0.8038194179534912,1767.144287109375,27.13288116455078,2.287353038787842
196000,196101,17,3,214,183,0,3832.634521484375,199.13047790527344,65.78153991699219,25.452001571655273,16.186975479125977,10.252540588378906,5.167604446411133,4.134331703186035,2.361304998397827,1.9654773473739624,1.7381343841552734,1.462209939956665,1.2804455757141113,1.1121995449066162,1.0199029445648193,0.924680233001709,0.8545436263084412,1710.8875732421875,9.928112030029297,1.537819504737854
196000,196101,17,3,214,183,1,3818.670166015625,199.41600036621094,65.5752182006836,26.07028579711914,15.891221046447754,11.072196006774902,5.177391529083252,4.472888469696045,2.200518846511841,1.8968501091003418,1.6891443729400635,1.3049625158309937,1.1836979389190674,1.1029608249664307,0.998760998249054,0.8742684721946716,0.8193826675415039,1704.9814453125,9.492938995361328,1.4884791374206543
197000,197101,17,3,229,196,0,4054.6142578125,171.61526489257812,64.67231750488281,33.052711486816406,18.097469329833984,14.509854316711426,8.938815116882324,3.9161882400512695,3.476168632507324,2.3712587356567383,1.744765043258667,1.5499943494796753,1.3451743125915527,1.2984040975570679,1.1431976556777954,1.0479432344436646,0.8373931050300598,1809.5634765625,16.692020416259766,2.362492799758911
197000,197101,17,3,229,196,1,4057.51416015625,172.02198791503906,64.88924407958984,33.03897476196289,17.901611328125,14.386923789978027,9.314055442810059,4.188141345977783,3.3741605281829834,2.5991079807281494,1.8119823932647705,1.4165188074111938,1.3497182130813599,1.2111361026763916,1.0291274785995483,0.911483645439148,0.8186183571815491,1811.7303466796875,16.397911071777344,2.2340471744537354
198000,198101,17,3,219,189,0,3809.291259765625,178.4904022216797,73.25411224365234,29.986173629760742,17.62451171875,12.059843063354492,6.798281669616699,3.881258010864258,2.5308189392089844,2.269240140914917,1.9954323768615723,1.4347208738327026,1.3397178649902344,1.1725118160247803,1.105752944946289,0.9949927926063538,0.8841941952705383,1701.4525146484375,11.619343757629395,1.040976881980896
198000,198101,17,3,219,189,1,3814.80224609375,179.3298797607422,73.34258270263672,30.670297622680664,18.17108917236328,12.151697158813477,7.096381187438965,4.294886589050293,2.57974910736084,2.415238857269287,2.2662582397460938,1.4551197290420532,1.306550145149231,1.2754247188568115,1.1775857210159302,1.0386055707931519,1.0370314121246338,1704.0755615234375,11.825569152832031,1.2829965353012085
199000,199101,17,3,222,192,0,3849.953857421875,213.6606903076172,64.37724304199219,35.11984634399414,18.792850494384766,13.227762222290039,9.463059425354004,4.641156196594238,4.204041481018066,3.1641604900360107,2.118281364440918,1.849910020828247,1.3606436252593994,1.3147404193878174,1.1583688259124756,1.0820897817611694,0.8467447757720947,1708.236328125,20.029874801635742,3.122300386428833
199000,199101,17,3,222,192,1,3851.3603515625,214.1840362548828,64.61819458007812,34.981327056884766,18.81144142150879,12.865792274475098,9.539461135864258,4.824168682098389,4.194023609161377,3.537875175476074,2.087456464767456,1.659462332725525,1.2635263204574585,1.1563961505889893,1.061638593673706,1.0403480529785156,0.8717057108879089,1709.32861328125,20.305465698242188,3.266944408416748
200000,200101,17,3,223,196,0,3979.5869140625,206.9070587158203,81.45375061035156,37.67664337158203,23.131967544555664,16.25867462158203,10.861931800842285,7.182978630065918,3.7474443912506104,2.85807466506958,1.6449613571166992,1.4694558382034302,1.348965048789978,1.285638689994812,1.0315545797348022,0.9770083427429199,0.8983521461486816,1764.15771484375,17.709896087646484,2.8191287517547607
200000,200101,17,3,223,196,1,3982.95361328125,207.00489807128906,80.81813049316406,37.83254623413086,22.73374366760254,16.076261520385742,10.27914810180664,6.753587245941162,4.011783123016357,2.8287863731384277,1.8178949356079102,1.4953476190567017,1.3561663627624512,1.2341225147247314,1.0511518716812134,0.9467520713806152,0.9265447854995728,1765.419677734375,17.4760799407959,3.0835978984832764
201000,201101,17,3,212,188,0,3825.62109375,205.47010803222656,70.96121978759766,39.27875518798828,28.021081924438477,13.952177047729492,7.860727310180664,5.987878322601318,4.098019599914551,3.098020076751709,2.0781607627868652,1.812759518623352,1.5904024839401245,1.316721796989441,1.235912561416626,1.1772806644439697,1.0531210899353027,1694.695068359375,17.632091522216797,1.7064751386642456
201000,201101,17,3,212,188,1,3827.98876953125,205.42977905273438,71.44316864013672,39.510337829589844,28.447547912597656,13.894328117370605,7.237654209136963,5.555068492889404,3.9169130325317383,3.247286319732666,2.3200507164001465,1.6569432020187378,1.463533639907837,1.2740739583969116,1.0842169523239136,0.9809064269065857,0.9399424195289612,1695.1580810546875,17.130443572998047,1.3458930253982544
202000,202101,17,3,223,196,0,3865.584228515625,175.4480743408203,61.23708724975586,27.92601776123047,18.431791305541992,7.806971549987793,5.6656599044799805,3.940412998199463,2.9165844917297363,1.9240323305130005,1.6472686529159546,1.4143520593643188,1.1625642776489258,1.1253842115402222,0.9778206944465637,0.8794379234313965,0.8560644388198853,1727.1240234375,9.08816146850586,2.3335368633270264
202000,202101,17,3,223,196,1,3836.652587890625,174.1974334716797,61.27501678466797,28.304811477661133,18.707326889038086,7.180441379547119,5.130385398864746,3.8997182846069336,3.3216941356658936,2.079878091812134,1.8281103372573853,1.4066367149353027,1.3638904094696045,1.289811134338379,1.121217966079712,0.9825341701507568,0.9442954063415527,1713.8013916015625,9.049345970153809,2.419165849685669
203000,203101,17,3,217,188,0,3996.66845703125,216.82032775878906,74.88789367675781,36.23015213012695,23.078262329101562,14.707206726074219,8.753336906433105,5.741360187530518,4.895455360412598,3.164017915725708,2.272581100463867,1.8292207717895508,1.5133963823318481,1.335463523864746,1.2482526302337646,1.155174732208252,1.0105674266815186,1764.379150390625,25.543479919433594,2.21789288520813
203000,203101,17,3,217,188,1,3991.251220703125,217.03518676757812,74.55744171142578,36.93510818481445,22.625316619873047,14.512046813964844,8.680011749267578,5.6183085441589355,4.74434232711792,3.143071413040161,2.326657295227051,1.6213059425354004,1.4843039512634277,1.229313611984253,1.2195440530776978,1.0979598760604858,0.8281217217445374,1761.746337890625,25.531217575073242,2.089444160461426
204000,204101,17,3,221,192,0,3890.064697265625,192.8448486328125,62.74299621582031,32.78522491455078,13.819891929626465,9.968214988708496,6.881986141204834,2.9331228733062744,2.7255425453186035,1.9455018043518066,1.6583480834960938,1.4665132761001587,1.3308041095733643,1.242996096611023,0.9327791929244995,0.8756043314933777,0.8449934720993042,1724.443115234375,18.121410369873047,1.6211984157562256
204000,204101,17,3,221,192,1,3876.032470703125,191.66481018066406,61.8109130859375,32.77458190917969,13.421871185302734,10.271402359008789,6.962335586547852,3.0198776721954346,2.612002372741699,1.8918242454528809,1.7686715126037598,1.457961916923523,1.2971153259277344,1.0784649848937988,1.046924352645874,0.9600679874420166,0.848150372505188,1718.3582763671875,18.12255096435547,1.4459940195083618
205000,205101,17,3,217,185,0,3904.229736328125,215.20388793945312,57.810142517089844,34.60552215576172,22.42740821838379,14.922207832336426,8.560880661010742,5.637149333953857,4.3192830085754395,3.3296146392822266,1.9573554992675781,1.7644367218017578,1.372579574584961,1.149878740310669,1.0521363019943237,0.8434340953826904,0.8210764527320862,1727.86767578125,25.758058547973633,4.595427989959717
205000,205101,17,3,217,185,1,3902.31494140625,214.12718200683594,57.878196716308594,35.09187698364258,22.928104400634766,14.573904037475586,8.61262035369873,6.04646635055542,4.097977638244629,3.3237016201019287,1.7434664964675903,1.4959231615066528,1.2805715799331665,1.1864274740219116,1.0290820598602295,0.8844892978668213,0.7548484802246094,1726.4766845703125,25.35062599182129,4.548387050628662
206000,206101,17,3,216,186,0,3775.8779296875,207.38681030273438,78.67414093017578,36.81535339355469,25.102365493774414,14.806126594543457,10.518750190734863,5.9073333740234375,3.8964006900787354,3.1877663135528564,2.5265817642211914,1.8704794645309448,1.7800666093826294,1.3250828981399536,1.163238525390625,1.0026922225952148,0.9296380281448364,1670.1263427734375,20.897367477416992,3.128549575805664
206000,206101,17,3,216,186,1,3777.59765625,206.96450805664062,78.72682189941406,37.2542610168457,25.390785217285156,14.867538452148438,10.681405067443848,5.954996109008789,4.1797776222229,3.1684563159942627,2.336287260055542,2.0061147212982178,1.6148040294647217,1.3524316549301147,1.1811316013336182,1.0420697927474976,0.7861433029174805,1670.5958251953125,20.866252899169922,3.3942148685455322
207000,207101,17,3,218,189,0,3974.551513671875,186.33041381835938,80.25543212890625,26.5269718170166,20.66693115234375,7.796534538269043,6.261848449707031,5.093152046203613,2.847606658935547,2.330601930618286,1.7735989093780518,1.6266402006149292,1.4724156856536865,1.3324917554855347,1.2595068216323853,1.0922019481658936,1.012877106666565,1764.030517578125,25.501712799072266,2.557816743850708
207000,207101,17,3,218,189,1,3989.923828125,187.06175231933594,80.5396957397461,26.743797302246094,20.504634857177734,7.849114894866943,6.3055315017700195,4.684023380279541,2.786982774734497,1.9644525051116943,1.7257202863693237,1.5644692182540894,1.428370714187622,1.3784754276275635,1.1541402339935303,1.1110081672668457,1.0000802278518677,1770.818603515625,25.99338722229004,2.4837629795074463
208000,208101,17,3,220,199,0,3990.519775390625,172.34066772460938,56.55827713012695,32.95679473876953,25.00600814819336,7.887882232666016,6.5517258644104,4.710162162780762,2.3590738773345947,2.1310787200927734,1.4683932065963745,1.4325551986694336,1.2425613403320312,1.0947861671447754,1.0283632278442383,0.9810321927070618,0.8099883794784546,1783.6278076171875,12.486893653869629,3.758887767791748
208000,208101,17,3,220,199,1,3995.416748046875,172.2882843017578,56.20874786376953,32.812198638916016,25.103511810302734,7.842557430267334,6.675890922546387,5.064136981964111,2.8576130867004395,2.0404553413391113,1.4388006925582886,1.2839066982269287,1.1707333326339722,1.106157898902893,1.0969470739364624,0.9209445118904114,0.8247414231300354,1785.572021484375,12.348106384277344,3.9687774181365967
209000,209101,17,3,213,182,0,3909.139892578125,167.0675506591797,71.47743225097656,29.585521697998047,21.720083236694336,10.349854469299316,7.802286148071289,5.931628227233887,2.8490068912506104,1.9590522050857544,1.5462210178375244,1.267639398574829,1.2322719097137451,1.038078784942627,0.96923828125,0.9538111090660095,0.8663248419761658,1740.962646484375,19.2543888092041,4.136017799377441
209000,209101,17,3,213,182,1,3910.03662109375,167.13157653808594,70.76041412353516,29.54547119140625,21.117271423339844,10.659396171569824,7.6371636390686035,5.5336384773254395,3.2082066535949707,2.1190097332000732,1.7331393957138062,1.3155120611190796,1.2487839460372925,1.069254755973816,0.9863043427467346,0.9131918549537659,0.8927032351493835,1741.2001953125,19.14881134033203,3.9828295707702637
210000,210101,17,3,222,196,0,4026.537841796875,198.890625,81.00306701660156,39.786582946777344,23.661287307739258,17.647367477416992,9.510051727294922,4.3715410232543945,4.209949493408203,2.7910945415496826,1.848271131515503,1.7879784107208252,1.5582292079925537,1.3205206394195557,1.0731703042984009,1.0478556156158447,0.9774965643882751,1786.506103515625,22.241899490356445,3.0211181640625
210000,210101,17,3,222,196,1,4024.607666015625,200.54173278808594,81.1615982055664,39.48725509643555,23.933500289916992,17.4543514251709,8.721711158752441,4.09084415435791,3.7048861980438232,2.8825623989105225,1.8355858325958252,1.74302077293396,1.6125743389129639,1.4116226434707642,1.2698134183883667,1.0839107036590576,0.9245859384536743,1786.1282958984375,22.00779151916504,3.0446929931640625
211000,211101,17,3,205,177,0,3812.6357421875,195.02957153320312,74.14835357666016,30.112497329711914,14.685467720031738,10.499241828918457,6.163437843322754,4.89154577255249,3.2837142944335938,2.977195978164673,2.2618753910064697,1.6390880346298218,1.2625681161880493,1.1227225065231323,1.0036174058914185,0.963172972202301,0.8545641303062439,1686.3148193359375,16.92909812927246,2.972759962081909
211000,211101,17,3,205,177,1,3812.45361328125,195.59059143066406,74.2745590209961,29.899248123168945,14.883091926574707,10.64173412322998,6.495565891265869,4.91654109954834,2.9998409748077393,2.526284694671631,2.0216856002807617,1.447181224822998,1.299783706665039,1.0131984949111938,0.954643189907074,0.8997196555137634,0.7959073185920715,1685.9771728515625,16.823251724243164,2.4750967025756836
212000,212101,17,3,219,190,0,3831.116943359375,183.94033813476562,72.47787475585938,25.50452995300293,16.38736915588379,10.138858795166016,8.753762245178223,4.4369893074035645,2.372594118118286,2.0943195819854736,1.9829128980636597,1.857017159461975,1.4794203042984009,1.3092824220657349,1.215826153755188,1.1097394227981567,1.0142278671264648,1702.9112548828125,16.66242790222168,1.9165946245193481
212000,212101,17,3,219,190,1,3832.2783203125,184.30369567871094,72.03703308105469,25.886743545532227,16.175273895263672,10.182690620422363,8.742914199829102,4.221681118011475,2.5424745082855225,2.21681547164917,1.9289169311523438,1.8319982290267944,1.5032397508621216,1.2909685373306274,1.0883291959762573,1.0799410343170166,0.984056830406189,1703.29833984375,17.22378921508789,1.8363010883331299
213000,213101,17,3,227,197,0,3959.748779296875,176.30108642578125,66.39842987060547,36.79930877685547,13.628396987915039,9.798418998718262,7.559286117553711,5.944084644317627,4.187798023223877,2.9423859119415283,1.9300520420074463,1.5652711391448975,1.4091767072677612,1.230381727218628,1.220198631286621,1.062518835067749,0.7811424732208252,1764.541259765625,24.82844352722168,4.956991672515869
213000,213101,17,3,227,197,1,3951.679443359375,174.90335083007812,66.69636535644531,37.081138610839844,13.903388023376465,9.83876895904541,7.2197980880737305,6.006927967071533,3.8739044666290283,2.8851399421691895,1.5568516254425049,1.392047643661499,1.3201327323913574,1.1698384284973145,0.9445961117744446,0.9143508076667786,0.8888093829154968,1760.741943359375,25.049484252929688,5.255390167236328
214000,214101,17,3,218,193,0,3892.1181640625,190.83258056640625,64.8319320678711,35.873199462890625,21.9528865814209,8.723572731018066,7.398047924041748,5.4296956062316895,2.7488443851470947,2.3709380626678467,1.8853778839111328,1.6163735389709473,1.3356375694274902,1.2422115802764893,1.0240693092346191,0.9721585512161255,0.8111857175827026,1726.021728515625,25.366640090942383,1.538947343826294
214000,214101,17,3,218,193,1,3888.818603515625,190.79684448242188,64.3517074584961,35.8707160949707,21.820024490356445,8.393940925598145,7.334509372711182,4.976557731628418,3.1371827125549316,2.4288809299468994,1.810517430305481,1.5803016424179077,1.4298536777496338,1.1442441940307617,1.094401478767395,1.0419275760650635,0.8507824540138245,1724.745361328125,24.97274398803711,1.5271868705749512
215000,215101,17,3,205,184,0,3825.527587890625,163.61203002929688,54.262210845947266,31.709630966186523,18.719623565673828,13.958149909973145,7.532437324523926,6.411065578460693,3.6198372840881348,1.7087658643722534,1.551284909248352,1.4165356159210205,1.187188982963562,1.1060781478881836,1.0593204498291016,0.985787034034729,0.8520979881286621,1714.17333984375,11.372989654541016,2.177001953125
215000,215101,17,3,205,184,1,3822.81494140625,163.2040252685547,54.195350646972656,31.83328628540039,18.50811195373535,14.289009094238281,7.248558521270752,6.057703495025635,3.7958362102508545,1.5112543106079102,1.4858278036117554,1.276932716369629,1.2286932468414307,1.0919324159622192,1.0638986825942993,0.9267323613166809,0.9052141904830933,1712.744873046875,11.401412010192871,2.0758891105651855
216000,216101,17,3,225,195,0,3959.998779296875,198.93942260742188,66.16085815429688,40.31452941894531,20.401344299316406,12.011558532714844,7.390438079833984,5.535168170928955,4.184422016143799,2.5673747062683105,2.0437428951263428,1.4607691764831543,1.340967059135437,1.2242625951766968,1.1927133798599243,0.9830419421195984,0.9584396481513977,1755.9249267578125,25.536476135253906,1.4469811916351318
216000,216101,17,3,225,195,1,3950.28857421875,198.7529754638672,65.99415588378906,40.094696044921875,19.96000862121582,12.183817863464355,7.83422327041626,5.4946513175964355,4.3308939933776855,2.4396157264709473,1.745116949081421,1.5601873397827148,1.2899969816207886,1.1133906841278076,1.004065752029419,0.9467188119888306,0.8482861518859863,1752.17724609375,26.390674591064453,1.4325588941574097
217000,217101,17,3,223,198,0,4011.602294921875,181.61878967285156,55.36919021606445,22.5709285736084,13.710898399353027,5.5211334228515625,4.4747314453125,4.038732051849365,2.225449800491333,1.932026982307434,1.688887357711792,1.5454468727111816,1.27708101272583,1.182600498199463,1.0934065580368042,1.0333396196365356,0.8300970196723938,1788.168701171875,14.269932746887207,1.3954676389694214
217000,217101,17,3,223,198,1,4022.38623046875,180.81382751464844,55.51744079589844,22.10468101501465,13.61899471282959,5.550245761871338,4.250857353210449,3.9043612480163574,2.2386538982391357,1.8389934301376343,1.6374467611312866,1.3716075420379639,1.2891945838928223,1.1881825923919678,1.0937703847885132,0.9803982377052307,0.818287193775177,1792.4132080078125,13.622310638427734,1.6211179494857788
218000,218101,17,3,223,191,0,3979.4091796875,201.5691680908203,53.533851623535156,31.613691329956055,21.179758071899414,11.529524803161621,7.642298698425293,3.8164970874786377,3.3223178386688232,2.341726064682007,1.903090238571167,1.6164400577545166,1.2242376804351807,1.1191747188568115,1.0922632217407227,0.974280059337616,0.795907199382782,1767.8193359375,14.723004341125488,3.080080032348633
218000,218101,17,3,223,191,1,3978.234375,201.4239959716797,52.689510345458984,31.579421997070312,21.05841827392578,12.004586219787598,7.660375118255615,4.196084022521973,2.921304225921631,2.357703447341919,2.0572359561920166,1.6478302478790283,1.3120830059051514,1.164886474609375,1.0413039922714233,0.956138014793396,0.7842571139335632,1767.697021484375,14.773992538452148,3.0659518241882324
219000,219101,17,3,213,190,0,3918.345458984375,214.1865692138672,76.91443634033203,40.49353790283203,24.444910049438477,11.538336753845215,8.188606262207031,6.011331558227539,3.7210452556610107,2.882094383239746,2.157099723815918,1.9841314554214478,1.7131444215774536,1.1622120141983032,1.119507074356079,1.0619479417800903,0.898169994354248,1739.9190673828125,15.694473266601562,3.8157999515533447
219000,219101,17,3,213,190,1,3913.264404296875,213.1209259033203,76.43948364257812,41.01881408691406,24.443832397460938,11.3613920211792,8.482922554016113,5.6037187576293945,3.8808813095092773,3.249868392944336,2.2970786094665527,1.8757423162460327,1.4345273971557617,1.3432385921478271,1.0949088335037231,0.9786542654037476,0.9077394604682922,1737.9228515625,16.011911392211914,3.9390335083007812
220000,220101,17,3,225,201,0,4038.65576171875,184.4311981201172,65.28472900390625,31.928241729736328,19.090959548950195,13.468037605285645,6.136638164520264,4.721288681030273,2.8176960945129395,2.0871243476867676,1.6605212688446045,1.629309892654419,1.489582896232605,1.3509424924850464,1.119694471359253,1.1033016443252563,0.9868355989456177,1802.992919921875,15.615361213684082,1.4848309755325317
220000,220101,17,3,225,201,1,4040.396484375,183.8838653564453,64.86730194091797,31.819446563720703,19.36715316772461,13.894644737243652,5.567752361297607,4.946617603302002,2.620967149734497,2.2153899669647217,1.812048077583313,1.466196060180664,1.3956879377365112,1.2775696516036987,1.161402702331543,1.1005889177322388,0.9632994532585144,1804.49755859375,15.57969856262207,1.5269383192062378
221000,221101,17,3,209,183,0,3842.77392578125,160.06686401367188,59.424583435058594,29.400333404541016,11.95765209197998,7.651979446411133,6.031646251678467,4.371980667114258,2.725332260131836,2.12760591506958,1.8743058443069458,1.6747424602508545,1.4290434122085571,1.2943003177642822,1.0348427295684814,0.9394971132278442,0.7747580409049988,1711.8062744140625,30.40768814086914,4.383148193359375
221000,221101,17,3,209,183,1,3844.550048828125,159.69708251953125,58.43973922729492,29.15179443359375,11.944181442260742,7.728734016418457,5.852499008178711,4.216679096221924,2.7899913787841797,2.266300678253174,1.7708194255828857,1.4956750869750977,1.3084232807159424,1.14985191822052,1.0262360572814941,0.9353402256965637,0.7859870791435242,1712.4459228515625,30.46949005126953,4.348888874053955
222000,222101,17,3,213,189,0,3885.108154296875,178.61961364746094,63.285682678222656,40.86170959472656,11.709968566894531,10.611190795898438,5.8928656578063965,3.57411527633667,3.1844775676727295,2.1319971084594727,1.9616312980651855,1.362129807472229,1.2907860279083252,1.1029541492462158,1.002874493598938,0.8891476392745972,0.7269464135169983,1724.380859375,21.61774253845215,1.2838892936706543
222000,222101,17,3,213,189,1,3887.347900390625,179.14230346679688,63.113525390625,40.24662399291992,11.416842460632324,10.446649551391602,6.045139789581299,3.174802780151367,3.0222532749176025,2.1437764167785645,1.6954931020736694,1.3468949794769287,1.2657681703567505,1.1345304250717163,1.0319825410842896,0.9720050096511841,0.8489968180656433,1725.74755859375,21.222000122070312,1.2572529315948486
223000,223101,17,3,218,191,0,3948.712890625,172.15042114257812,65.8095932006836,28.888790130615234,12.0467529296875,8.339364051818848,6.564334392547607,3.422541856765747,2.8070409297943115,2.2957499027252197,1.6646406650543213,1.5629069805145264,1.4519590139389038,1.3841630220413208,1.0529706478118896,0.9704504013061523,0.882795512676239,1753.045166015625,16.42341423034668,2.6133060455322266
223000,223101,17,3,218,191,1,3952.4453125,172.69520568847656,66.35398864746094,29.228605270385742,11.90103816986084,8.320942878723145,6.211933135986328,3.45955753326416,2.71227765083313,2.15059757232666,1.7783695459365845,1.417209267616272,1.3088386058807373,1.2760910987854004,1.0815236568450928,1.0101189613342285,0.7773215174674988,1754.31982421875,16.234638214111328,2.744072675704956
224000,224101,17,3,229,190,0,3973.9619140625,187.53988647460938,79.44538879394531,33.65275573730469,18.985612869262695,15.095556259155273,6.655320167541504,6.226278305053711,4.29095458984375,3.236445665359497,2.3478009700775146,1.942076563835144,1.492330551147461,1.2457771301269531,1.1133214235305786,1.033453106880188,1.0120348930358887,1763.25634765625,28.01361846923828,6.429792404174805
224000,224101,17,3,229,190,1,3977.92626953125,188.28167724609375,79.70162963867188,33.47846984863281,19.19771385192871,14.81054973602295,6.521299362182617,5.713288307189941,4.493714809417725,2.948594570159912,2.0823514461517334,1.9041725397109985,1.4865083694458008,1.2244901657104492,1.1520971059799194,1.0901817083358765,1.0005455017089844,1764.8973388671875,28.100059509277344,5.9971771240234375
225000,225101,17,3,210,183,0,3904.870849609375,183.42596435546875,54.11326217651367,29.959569931030273,10.4359769821167,5.36068058013916,4.684292316436768,3.3947277069091797,2.8875625133514404,2.014784812927246,1.5028983354568481,1.4002472162246704,1.2495349645614624,1.1548367738723755,0.9851846098899841,0.9165031313896179,0.8562361598014832,1737.6944580078125,14.374921798706055,1.6105856895446777
225000,225101,17,3,210,183,1,3898.69287109375,183.24002075195312,54.23712921142578,29.769033432006836,10.732941627502441,5.57584285736084,4.881401538848877,3.1538798809051514,2.5653998851776123,1.806474208831787,1.5448060035705566,1.5246611833572388,1.2085672616958618,1.0087389945983887,0.9708154797554016,0.8815404176712036,0.7882946133613586,1735.5350341796875,14.371505737304688,1.7470887899398804
226000,226101,17,3,219,196,0,4036.020263671875,177.0567169189453,60.78238296508789,19.287588119506836,14.898677825927734,10.80285358428955,5.053861141204834,3.2090554237365723,2.0054097175598145,1.689892053604126,1.5449949502944946,1.4351547956466675,1.1875218152999878,1.0788418054580688,1.0375174283981323,0.9210302829742432,0.8267910480499268,1802.074462890625,13.942656517028809,1.5551644563674927
226000,226101,17,3,219,196,1,4029.651123046875,177.57217407226562,60.37429428100586,19.10548210144043,14.465181350708008,11.080899238586426,4.633288383483887,3.208791732788086,2.33746337890625,1.747077465057373,1.4476468563079834,1.1466399431228638,1.1292285919189453,1.011852502822876,0.9851841330528259,0.9317671060562134,0.8770099878311157,1799.67529296875,13.937575340270996,1.613760232925415
227000,227101,17,3,216,194,0,3815.589599609375,207.29049682617188,69.82300567626953,35.15913009643555,15.02651309967041,9.32800579071045,5.9326348304748535,5.016280651092529,3.7324469089508057,2.6524593830108643,1.9944771528244019,1.8932721614837646,1.297838807106018,1.1376267671585083,1.0608834028244019,1.0101302862167358,0.9136978983879089,1691.9091796875,20.75806427001953,2.2947750091552734
227000,227101,17,3,216,194,1,3802.609619140625,206.51145935058594,69.59337615966797,34.76292419433594,14.950560569763184,8.373101234436035,5.451224327087402,4.5101799964904785,2.9050748348236084,2.4115190505981445,1.6911910772323608,1.415614366531372,1.3228800296783447,1.106398105621338,1.0519052743911743,0.9350265860557556,0.8920355439186096,1685.37451171875,20.50751304626465,2.3588523864746094
228000,228101,17,3,222,192,0,3898.998046875,242.5426025390625,98.86028289794922,42.30913162231445,27.072925567626953,14.406126976013184,12.827441215515137,6.424283981323242,4.894463062286377,3.361177444458008,2.4388341903686523,1.938399314880371,1.8728327751159668,1.3285142183303833,1.1194860935211182,1.0625845193862915,0.9412944316864014,1716.34228515625,26.86981201171875,3.5176656246185303
228000,228101,17,3,222,192,1,3876.89794921875,241.43026733398438,98.75186920166016,42.6390380859375,27.22247314453125,14.200434684753418,12.673251152038574,6.471756935119629,4.663894176483154,3.715869903564453,2.2734804153442383,2.044961452484131,1.6804866790771484,1.4250684976577759,1.2286629676818848,1.0510094165802002,0.9607261419296265,1707.13232421875,26.842044830322266,3.7088124752044678
229000,229101,17,3,224,200,0,3986.3935546875,213.9608612060547,75.05960845947266,37.6871337890625,24.884347915649414,15.857229232788086,10.000205039978027,5.510650634765625,4.226241588592529,3.006288766860962,2.0540175437927246,1.7235795259475708,1.4285744428634644,1.3188928365707397,1.1424459218978882,0.9644402861595154,0.9441394209861755,1774.264892578125,15.313828468322754,1.9506922960281372
229000,229101,17,3,224,200,1,3984.74072265625,213.79258728027344,75.3327865600586,37.43694305419922,23.984331130981445,15.641993522644043,9.744812965393066,5.376701354980469,4.468870162963867,2.9793386459350586,2.0646841526031494,1.5802079439163208,1.3586373329162598,1.2607988119125366,1.2046526670455933,1.110008955001831,0.9863662719726562,1773.361083984375,15.342876434326172,1.8699580430984497
230000,230101,17,3,206,185,0,3816.8330078125,202.62838745117188,65.2226791381836,34.44683837890625,16.51472282409668,11.688300132751465,8.892566680908203,4.81224250793457,2.9333863258361816,1.97263503074646,1.8104240894317627,1.5423355102539062,1.2517879009246826,1.2078298330307007,1.0167574882507324,0.8665463924407959,0.6938726305961609,1696.1417236328125,19.16878318786621,1.5667908191680908
230000,230101,17,3,206,185,1,3821.486083984375,203.73631286621094,64.4814682006836,34.487770080566406,16.619991302490234,11.62253189086914,8.24605655670166,4.6878814697265625,2.560565710067749,2.199803352355957,2.046725034713745,1.3297419548034668,1.2667464017868042,1.0866528749465942,1.0077766180038452,0.9924067258834839,0.8224164843559265,1697.9149169921875,19.514209747314453,1.4955768585205078
231000,231101,17,3,214,180,0,3872.32958984375,196.1253662109375,68.42428588867188,40.032447814941406,20.46615219116211,17.001474380493164,11.933677673339844,7.225268840789795,4.845080375671387,3.4407286643981934,2.697148323059082,1.5564905405044556,1.2617018222808838,1.2005186080932617,1.0605406761169434,0.9683089852333069,0.802739143371582,1727.4134521484375,19.0955810546875,2.3945889472961426
231000,231101,17,3,214,180,1,3863.3603515625,195.25094604492188,68.41412353515625,40.0162239074707,19.51396369934082,16.53170394897461,11.631895065307617,6.923501968383789,4.459505081176758,2.9626669883728027,2.6097192764282227,1.3996593952178955,1.1336802244186401,0.981438934803009,0.9464644193649292,0.8684369921684265,0.7928764820098877,1723.5120849609375,19.23234748840332,1.8912389278411865
232000,232101,17,3,216,190,0,3974.989501953125,162.0575714111328,69.5331039428711,21.331480026245117,17.942155838012695,10.708581924438477,6.281480312347412,4.268723487854004,2.374567747116089,1.816315770149231,1.4572629928588867,1.2423813343048096,1.1257898807525635,1.0061089992523193,0.9666838645935059,0.903556764125824,0.8784386515617371,1768.0679931640625,25.182832717895508,4.891337871551514
232000,232101,17,3,216,190,1,3967.7431640625,161.59217834472656,69.3198013305664,21.308101654052734,17.39316177368164,10.394501686096191,6.020386695861816,4.083270072937012,2.4481773376464844,1.6629821062088013,1.3569387197494507,1.2980637550354004,1.1559169292449951,1.0689594745635986,0.9578129649162292,0.8905050158500671,0.7677547931671143,1765.062744140625,25.454666137695312,4.725913047790527
233000,233101,17,3,212,181,0,3862.631591796875,213.46536254882812,64.47774505615234,31.36427879333496,17.99884796142578,10.2210111618042,7.110412120819092,5.144423007965088,2.7846240997314453,2.557555675506592,1.8118447065353394,1.559273362159729,1.4123785495758057,1.2415786981582642,1.0264861583709717,0.8932087421417236,0.756942093372345,1706.3939208984375,19.282268524169922,4.4634199142456055
233000,233101,17,3,212,181,1,3859.8642578125,213.3314666748047,63.9805793762207,32.077571868896484,17.61939811706543,9.624725341796875,6.480727195739746,4.878523349761963,3.0109822750091553,2.76257586479187,1.8236087560653687,1.4268385171890259,1.3280125856399536,1.045316219329834,0.9836333990097046,0.8724523782730103,0.7936296463012695,1705.9940185546875,19.311182022094727,4.43208122253418
234000,234101,17,3,205,183,0,3759.98681640625,163.03646850585938,58.094825744628906,32.771419525146484,19.978099822998047,11.421199798583984,7.590446472167969,4.877398490905762,3.963850259780884,2.7695837020874023,1.6651794910430908,1.3879863023757935,1.1947786808013916,1.1212396621704102,0.9996482729911804,0.912104606628418,0.7849574685096741,1682.3360595703125,12.788763046264648,1.261478066444397
234000,234101,17,3,205,183,1,3768.798095703125,163.57508850097656,57.88465881347656,32.31666564941406,19.691696166992188,10.983044624328613,7.276510238647461,4.846691131591797,3.983816385269165,2.6068062782287598,1.4844436645507812,1.2579407691955566,1.1496760845184326,0.9580402970314026,0.9293178915977478,0.8427056670188904,0.7729253768920898,1686.1126708984375,13.00223159790039,0.9973202347755432
235000,235101,17,3,224,205,0,4033.619384765625,223.53062438964844,67.91373443603516,35.965213775634766,21.663564682006836,16.184951782226562,11.146427154541016,8.54736328125,4.160543918609619,3.2061920166015625,2.5217177867889404,1.8492088317871094,1.4482316970825195,1.1276832818984985,1.0948330163955688,1.063950777053833,0.8067091107368469,1794.4498291015625,18.043651580810547,1.6392033100128174
235000,235101,17,3,224,205,1,4020.18603515625,222.346923828125,67.50550079345703,35.64743423461914,20.913942337036133,15.518332481384277,10.380630493164062,7.9281325340271,3.517611265182495,2.9584994316101074,2.1195452213287354,1.6214332580566406,1.3175301551818848,1.2124221324920654,1.0250837802886963,0.9281553030014038,0.8575531244277954,1787.514892578125,18.186941146850586,1.5818328857421875
236000,236101,17,3,231,204,0,4014.70361328125,187.67872619628906,61.61555480957031,34.53880310058594,18.57016372680664,11.746271133422852,6.776736259460449,5.98344612121582,5.091655254364014,2.762833595275879,2.453188896179199,1.8124021291732788,1.194610834121704,1.1661934852600098,1.009446382522583,0.901339590549469,0.810117244720459,1788.2899169921875,16.620668411254883,4.14544153213501
236000,236101,17,3,231,204,1,4018.920166015625,187.73919677734375,61.742618560791016,34.75818634033203,17.74180793762207,11.531010627746582,6.818337440490723,5.5276360511779785,4.800715446472168,1.94276762008667,1.772246241569519,1.469838261604309,1.2743128538131714,1.190506935119629,1.0553075075149536,0.9496919512748718,0.8316221833229065,1790.162109375,15.87973690032959,4.304471969604492
237000,237101,17,3,224,193,0,3996.229736328125,244.1689910888672,93.98734283447266,48.46006393432617,27.94599151611328,18.84596824645996,9.927474021911621,5.380792140960693,4.683355331420898,3.4884579181671143,2.8868753910064697,1.8048981428146362,1.5611101388931274,1.4540261030197144,1.3622325658798218,1.2598007917404175,1.0436609983444214,1765.726318359375,27.780946731567383,1.8505643606185913
237000,237101,17,3,224,193,1,3970.523681640625,242.7256622314453,93.57666015625,48.26228332519531,27.65976333618164,18.51999855041504,9.382365226745605,5.6539177894592285,5.107326984405518,3.0915205478668213,2.9848835468292236,1.801108717918396,1.5768805742263794,1.3985916376113892,1.2471174001693726,1.1286660432815552,1.0761780738830566,1753.78955078125,27.096406936645508,2.1306092739105225
238000,238101,17,3,222,199,0,3965.15185546875,185.2473907470703,74.71012878417969,41.81104278564453,23.77103042602539,12.551911354064941,9.493961334228516,4.463011264801025,3.3774616718292236,3.0916504859924316,1.7677973508834839,1.6368004083633423,1.329715609550476,1.1292420625686646,1.0278493165969849,0.8601770401000977,0.7772623300552368,1766.5496826171875,14.405906677246094,1.3839609622955322
238000,238101,17,3,222,199,1,3958.385009765625,184.0338592529297,74.48086547851562,41.656288146972656,23.61188316345215,12.600818634033203,9.305277824401855,4.429253101348877,3.202483892440796,2.6770670413970947,1.6673179864883423,1.4706974029541016,1.2843499183654785,1.1609899997711182,1.0548638105392456,0.9755526781082153,0.8882565498352051,1763.7191162109375,13.941473007202148,1.4904661178588867
239000,239101,17,3,222,197,0,3882.548095703125,185.8411865234375,56.105342864990234,31.452268600463867,15.471015930175781,8.759553909301758,4.961337089538574,3.180192708969116,2.8824985027313232,1.8055135011672974,1.6319427490234375,1.3089557886123657,1.2867708206176758,1.2185665369033813,1.140276551246643,0.948249876499176,0.8729957938194275,1723.587158203125,20.41328239440918,1.483060598373413
239000,239101,17,3,222,197,1,3872.254638671875,185.19198608398438,55.810218811035156,31.607099533081055,15.730597496032715,8.075186729431152,5.099118709564209,3.4427688121795654,2.6914262771606445,1.8906031847000122,1.8421378135681152,1.4801348447799683,1.3750603199005127,1.124669075012207,1.0552310943603516,0.9546515941619873,0.8666700720787048,1718.64453125,20.933074951171875,1.6428685188293457
240000,240101,17,3,223,198,0,3997.81982421875,194.93321228027344,86.24089813232422,38.703060150146484,25.20272445678711,14.57437515258789,10.542633056640625,5.892763614654541,5.090602397918701,4.526634693145752,2.483400344848633,2.1112990379333496,1.3860684633255005,1.0984776020050049,1.013321876525879,0.9626482725143433,0.8147525191307068,1775.0743408203125,15.092910766601562,4.3489089012146
240000,240101,17,3,223,198,1,4002.253173828125,195.73382568359375,87.01407623291016,38.35432434082031,25.762868881225586,14.503053665161133,10.765490531921387,6.085089206695557,5.313818454742432,4.297049522399902,2.308051109313965,1.784722924232483,1.607517957687378,1.3359243869781494,1.1977829933166504,1.0572227239608765,0.9356338381767273,1776.7000732421875,15.3903169631958,3.888108968734741
241000,241101,17,3,229,200,0,4035.347412109375,195.37289428710938,65.79376220703125,36.405338287353516,21.395050048828125,11.696517944335938,8.641731262207031,5.726222038269043,5.173742771148682,1.9033972024917603,1.5426025390625,1.5146913528442383,1.4043711423873901,1.1791008710861206,1.079004168510437,0.9598401188850403,0.8552228808403015,1790.9559326171875,16.352149963378906,1.222156047821045
241000,241101,17,3,229,200,1,4034.85107421875,194.79100036621094,65.43964385986328,36.502254486083984,20.991436004638672,12.243967056274414,8.412859916687012,5.581836700439453,4.575958728790283,1.5071260929107666,1.4353547096252441,1.2944982051849365,1.2341094017028809,1.0857131481170654,1.0669760704040527,0.9354411959648132,0.858664870262146,1790.9332275390625,16.538692474365234,1.3442466259002686
242000,242101,17,3,212,184,0,3875.8583984375,205.94686889648438,89.38742065429688,38.47665786743164,22.778854370117188,14.189403533935547,6.702597618103027,6.132321834564209,4.95363712310791,3.6907639503479004,2.4504356384277344,2.295053720474243,1.722894549369812,1.265264630317688,1.0571637153625488,0.9642409682273865,0.8738228678703308,1716.6669921875,21.422706604003906,3.8245608806610107
242000,242101,17,3,212,184,1,3881.93310546875,206.82009887695312,90.14306640625,38.357730865478516,22.31955909729004,14.516318321228027,6.618279933929443,6.075158596038818,4.0981831550598145,3.301374673843384,2.610105037689209,2.294100046157837,1.563639760017395,1.1091622114181519,1.040776014328003,0.9197626709938049,0.8847735524177551,1719.3795166015625,21.577499389648438,3.3427791595458984
243000,243101,17,3,227,197,0,3902.9365234375,183.81809997558594,68.44905853271484,30.165966033935547,18.98390769958496,11.363499641418457,8.760978698730469,6.819674015045166,3.413210153579712,2.7668702602386475,2.0384931564331055,1.7110273838043213,1.3002930879592896,1.0856196880340576,0.997351348400116,0.9203662872314453,0.8585733771324158,1731.7574462890625,20.41655158996582,4.507030963897705
243000,243101,17,3,227,197,1,3904.968505859375,184.0967559814453,69.03165435791016,30.182825088500977,18.545442581176758,11.065485954284668,7.922051429748535,6.370737075805664,3.295137882232666,2.999890089035034,1.881984829902649,1.5432828664779663,1.2268682718276978,1.0343958139419556,0.9762960076332092,0.9053899645805359,0.8456814885139465,1732.3392333984375,20.076580047607422,3.7219297885894775
244000,244101,17,3,225,197,0,4013.784423828125,215.22171020507812,69.6031265258789,26.928142547607422,18.575721740722656,13.226771354675293,7.602393627166748,6.7055206298828125,3.4353344440460205,2.326009511947632,2.0264599323272705,1.7692811489105225,1.2539945840835571,1.1425365209579468,1.0088268518447876,0.9275257587432861,0.8733813762664795,1788.0457763671875,18.215381622314453,2.893096923828125
244000,244101,17,3,225,197,1,4005.9208984375,214.4356231689453,68.99776458740234,26.89552879333496,18.36678695678711,12.805764198303223,7.980561256408691,6.215143203735352,3.4719555377960205,2.3648457527160645,2.148128032684326,1.833125114440918,1.345588207244873,1.0299041271209717,0.9452654123306274,0.8763731718063354,0.8294162154197693,1784.810791015625,17.895748138427734,2.6790201663970947
245000,245101,17,3,222,202,0,3985.13037109375,198.8238983154297,59.79042434692383,35.6176643371582,18.767868041992188,14.097640037536621,10.18068790435791,4.4414215087890625,3.9769299030303955,2.7378971576690674,2.1482138633728027,1.9709680080413818,1.2885082960128784,1.2291895151138306,1.1393548250198364,1.0516057014465332,0.9506371021270752,1773.19482421875,12.294767379760742,1.3043979406356812
245000,245101,17,3,222,202,1,3981.5625,199.10484313964844,59.46689987182617,35.430198669433594,18.37395477294922,13.807196617126465,10.035791397094727,3.903170585632324,3.7783560752868652,2.7820396423339844,2.1211421489715576,2.0310747623443604,1.36350417137146,1.171126365661621,0.9761877059936523,0.90000319480896,0.8764724731445312,1771.5550537109375,11.873632431030273,1.5590980052947998
246000,246101,17,3,212,187,0,3833.562744140625,203.50967407226562,85.30142974853516,36.77203369140625,29.815235137939453,16.502412796020508,8.831293106079102,7.049015045166016,3.3958652019500732,3.129086494445801,2.6644976139068604,2.0012452602386475,1.5631752014160156,1.2330750226974487,1.1893972158432007,1.0015363693237305,0.870254397392273,1697.072265625,23.99070167541504,3.2661292552948
246000,246101,17,3,212,187,1,3840.100830078125,203.36265563964844,84.68507385253906,36.01487350463867,29.275501251220703,16.024843215942383,8.18986701965332,6.18269681930542,3.5682926177978516,2.9930543899536133,2.1533613204956055,1.940779209136963,1.5376543998718262,1.3568538427352905,1.0722943544387817,0.9963115453720093,0.9146729707717896,1699.7037353515625,23.122421264648438,2.692316770553589
247000,247101,17,3,216,193,0,3944.837158203125,193.5286865234375,63.94976043701172,32.208213806152344,16.523151397705078,7.656007766723633,5.6413960456848145,3.4505128860473633,2.6690151691436768,2.121666193008423,1.9072359800338745,1.2992485761642456,1.1995186805725098,1.1017733812332153,0.9604083299636841,0.8981153964996338,0.7524505853652954,1753.690673828125,16.95027732849121,1.3106435537338257
247000,247101,17,3,216,193,1,3938.729736328125,193.15809631347656,63.99717330932617,31.579862594604492,16.418415069580078,7.443205833435059,5.924811363220215,3.808627128601074,2.6768171787261963,2.1059093475341797,1.7244688272476196,1.22830069065094,1.1785078048706055,1.0860283374786377,0.9079971313476562,0.8610439300537109,0.7908462882041931,1750.619384765625,17.362573623657227,1.3469396829605103
248000,248101,17,3,218,187,0,3866.6171875,135.5751495361328,54.20025634765625,26.083187103271484,12.884299278259277,9.911823272705078,6.005764007568359,3.5328869819641113,2.3453140258789062,2.118107318878174,1.5167444944381714,1.4307308197021484,1.0991040468215942,0.985543429851532,0.9091479778289795,0.8791735172271729,0.7690906524658203,1726.646240234375,14.727107048034668,1.0150892734527588
248000,248101,17,3,218,187,1,3863.67822265625,135.4352569580078,53.778465270996094,25.706674575805664,13.044808387756348,9.671354293823242,5.880688667297363,2.9962246417999268,2.4029381275177,1.516841173171997,1.393804669380188,1.190845012664795,1.1014773845672607,1.018480658531189,0.9499692916870117,0.86589115858078,0.8159215450286865,1726.1312255859375,14.684789657592773,1.1543177366256714
249000,249101,17,3,224,188,0,3966.3095703125,223.05691528320312,89.07376861572266,48.15791320800781,27.031774520874023,13.888221740722656,11.121291160583496,5.8584113121032715,3.966977596282959,3.4118423461914062,2.321298599243164,1.9765777587890625,1.6962165832519531,1.4373184442520142,1.3433293104171753,1.0022825002670288,0.9096217751502991,1752.8428955078125,22.640220642089844,1.739306926727295
249000,249101,17,3,224,188,1,3969.618408203125,222.76083374023438,88.44686889648438,48.061241149902344,26.94742774963379,14.057011604309082,10.856531143188477,5.897836685180664,4.278996467590332,3.2487828731536865,2.352668523788452,2.0764594078063965,1.6857596635818481,1.3998976945877075,1.2350006103515625,1.128897786140442,0.9359825849533081,1754.650390625,22.766542434692383,1.8552260398864746
250000,250101,17,3,217,199,0,4024.863525390625,205.01878356933594,66.21514892578125,31.655237197875977,19.39689826965332,13.05894660949707,6.8436970710754395,5.271563529968262,2.702347755432129,2.6941678524017334,2.0047805309295654,1.5393182039260864,1.2549070119857788,1.1777864694595337,1.0164694786071777,0.9331971406936646,0.7998076677322388,1789.4189453125,16.340791702270508,1.4454891681671143
250000,250101,17,3,217,199,1,4026.480224609375,205.85235595703125,66.32759094238281,31.709867477416992,19.26740837097168,12.923816680908203,7.523698806762695,5.682830333709717,2.612370014190674,2.5006747245788574,1.820660948753357,1.5207864046096802,1.4359906911849976,1.1804481744766235,1.0047693252563477,0.9970530271530151,0.9171057939529419,1790.33251953125,16.5889949798584,1.5817357301712036
251000,251101,17,3,222,202,0,3997.966796875,200.27516174316406,77.06285858154297,34.69114303588867,24.149219512939453,14.54275131225586,7.305022716522217,4.163024425506592,2.6685144901275635,2.187281370162964,1.8499966859817505,1.6038614511489868,1.428834319114685,1.1710302829742432,0.9763662219047546,0.9217515587806702,0.8028603196144104,1775.955078125,20.905580520629883,2.560664176940918
251000,251101,17,3,222,202,1,3994.19580078125,200.14768981933594,76.92010498046875,34.353389739990234,24.040443420410156,14.639012336730957,6.985891819000244,4.19742488861084,3.103210926055908,2.223229169845581,1.8341819047927856,1.5644127130508423,1.4262092113494873,1.207608699798584,1.0092613697052002,0.9120628237724304,0.896492063999176,1774.55859375,21.164552688598633,2.652761220932007
252000,252101,17,3,223,204,0,3950.956298828125,194.48773193359375,70.54586791992188,20.41469383239746,15.184022903442383,9.86003589630127,7.449268341064453,4.988595008850098,3.6204562187194824,2.7388930320739746,2.3077728748321533,1.5724002122879028,1.4579414129257202,1.325008749961853,1.0293821096420288,0.8919898271560669,0.8049079179763794,1758.7037353515625,17.5267391204834,4.05992317199707
252000,252101,17,3,223,204,1,3944.834716796875,193.37033081054688,70.25188446044922,20.474241256713867,15.087053298950195,9.713305473327637,7.23453950881958,4.8596601486206055,3.2441246509552,2.4289205074310303,2.0749218463897705,1.6260172128677368,1.3829760551452637,1.1880180835723877,1.0342408418655396,0.9225848913192749,0.864994466304779,1755.8377685546875,16.935218811035156,3.2297675609588623
253000,253101,17,3,220,192,0,3892.8984375,225.2171630859375,83.43437194824219,48.89335250854492,24.814090728759766,18.850643157958984,12.90081787109375,7.136680603027344,6.1186909675598145,3.3994054794311523,2.28914475440979,2.1417489051818848,1.3886301517486572,1.2005140781402588,1.0770188570022583,1.0122851133346558,0.9345982670783997,1718.975830078125,20.972503662109375,2.990149736404419
253000,253101,17,3,220,192,1,3902.0400390625,226.59921264648438,83.46990966796875,48.45018768310547,25.008296966552734,18.819746017456055,12.930357933044434,7.395674705505371,5.469409942626953,3.6335508823394775,2.426405668258667,1.9127804040908813,1.5569449663162231,1.2317403554916382,1.101485013961792,0.9866337776184082,0.9516807198524475,1723.5538330078125,20.34803581237793,3.5113658905029297
254000,254101,17,3,217,195,0,3940.927978515625,237.87538146972656,60.33564758300781,40.752742767333984,19.290576934814453,11.698400497436523,8.447309494018555,5.279962539672852,3.8809144496917725,2.554835557937622,1.8586347103118896,1.6697614192962646,1.4311801195144653,1.1827576160430908,1.1664303541183472,0.9662066698074341,0.8456555604934692,1741.3896484375,10.389100074768066,2.6041693687438965
254000,254101,17,3,217,195,1,3936.723388671875,238.42642211914062,60.62458419799805,41.25558090209961,19.84080696105957,11.351387023925781,8.366493225097656,5.291427135467529,3.9047858715057373,2.482020616531372,1.9333019256591797,1.689071774482727,1.3932112455368042,1.2283215522766113,1.2056241035461426,1.0218762159347534,0.9458870887756348,1738.6007080078125,10.871172904968262,2.6594107151031494
255000,255101,17,3,208,192,0,3865.800537109375,145.86329650878906,40.351314544677734,26.940330505371094,14.366715431213379,8.517496109008789,4.2089128494262695,3.8818297386169434,3.0088369846343994,1.9997178316116333,1.4291620254516602,1.1749610900878906,1.1271400451660156,0.9493296146392822,0.8588410019874573,0.7578235268592834,0.7168669700622559,1737.9586181640625,9.011417388916016,1.23411226272583
255000,255101,17,3,208,192,1,3861.45703125,144.6658172607422,40.61293411254883,26.05414390563965,14.606486320495605,8.527826309204102,4.496402740478516,3.544795036315918,2.6345925331115723,1.799164056777954,1.3785123825073242,1.2176653146743774,1.0669400691986084,1.0013926029205322,0.8641201853752136,0.809027373790741,0.6724990010261536,1735.3291015625,9.64574909210205,1.2447768449783325
256000,256101,17,3,215,190,0,3932.574462890625,194.98922729492188,61.979209899902344,37.76701354980469,16.48804473876953,12.379563331604004,6.531637668609619,4.618285655975342,2.9225118160247803,1.9280993938446045,1.7734464406967163,1.3328646421432495,1.2025980949401855,1.0847971439361572,1.034693717956543,1.0169634819030762,0.8907198905944824,1745.816162109375,16.760662078857422,1.3276973962783813
256000,256101,17,3,215,190,1,3944.74169921875,196.6060791015625,62.65153884887695,37.544517517089844,16.748741149902344,12.779643058776855,6.9764018058776855,4.317189693450928,2.8186373710632324,1.8853384256362915,1.8127772808074951,1.5485684871673584,1.2255538702011108,1.1395925283432007,0.988599956035614,0.8880945444107056,0.8315779566764832,1751.453125,16.969545364379883,1.294440746307373
257000,257101,17,3,210,192,0,3881.703369140625,191.3142547607422,53.16210174560547,27.26540756225586,17.05459976196289,8.84481430053711,6.744860649108887,4.231663703918457,3.3284268379211426,2.46216082572937,1.9372313022613525,1.3925766944885254,1.3042101860046387,1.1993846893310547,1.0258327722549438,0.9730624556541443,0.8269587755203247,1723.3477783203125,18.509536743164062,3.4396018981933594
257000,257101,17,3,210,192,1,3885.6552734375,191.10826110839844,52.95449447631836,26.969717025756836,16.530559539794922,8.112038612365723,6.028674125671387,3.6845309734344482,3.0560572147369385,2.2517142295837402,1.7727400064468384,1.3362200260162354,1.2928580045700073,1.1124612092971802,0.9901109337806702,0.9294949769973755,0.860578715801239,1724.5537109375,18.120460510253906,2.9291794300079346
258000,258101,17,3,209,190,0,3840.630859375,214.7893524169922,73.6767807006836,39.06338882446289,24.34334945678711,18.21817970275879,8.531121253967285,4.6844401359558105,3.7210147380828857,3.457009792327881,1.9295461177825928,1.5158604383468628,1.3351399898529053,1.2174192667007446,1.0860339403152466,0.8224663138389587,0.8006043434143066,1702.5286865234375,17.286367416381836,3.4119200706481934
258000,258101,17,3,209,190,1,3852.749755859375,215.66954040527344,74.47938537597656,38.7370491027832,24.329133987426758,17.807310104370117,8.840011596679688,4.3237481117248535,3.9898266792297363,3.167278289794922,1.863023042678833,1.4862769842147827,1.2642080783843994,1.175540566444397,1.0396050214767456,0.8873989582061768,0.8087694048881531,1708.247314453125,17.59239387512207,3.6784322261810303
259000,259101,17,3,208,187,0,3826.43896484375,169.13319396972656,77.85382843017578,25.82492446899414,14.512998580932617,10.124963760375977,6.77617073059082,3.5396366119384766,2.9820473194122314,2.110621452331543,1.9359469413757324,1.5947644710540771,1.2554200887680054,1.0677133798599243,0.9933165311813354,0.876542866230011,0.7198526263237,1702.8717041015625,20.599695205688477,3.5128262042999268
259000,259101,17,3,208,187,1,3838.932861328125,169.8163299560547,78.28123474121094,25.796064376831055,15.07210922241211,9.854898452758789,6.72250509262085,3.311460494995117,2.694398880004883,2.195016860961914,2.1500933170318604,1.5849741697311401,1.2478276491165161,1.165270447731018,1.0582820177078247,0.8620011806488037,0.8331953287124634,1707.29638671875,20.48044204711914,3.5388052463531494
260000,260101,17,3,215,195,0,3839.976318359375,204.7021942138672,56.67734146118164,31.957164764404297,17.27948570251465,12.134544372558594,8.749449729919434,4.349727630615234,3.1250996589660645,2.631405830383301,2.2496731281280518,1.4422411918640137,1.219591736793518,1.0982547998428345,0.9292280077934265,0.8246079683303833,0.7203382849693298,1700.98779296875,19.413772583007812,3.400132656097412
260000,260101,17,3,215,195,1,3840.138427734375,205.5984649658203,56.655487060546875,32.043853759765625,17.601938247680664,12.067587852478027,8.593487739562988,4.107762336730957,3.178457498550415,2.441208600997925,1.9364019632339478,1.2737071514129639,1.0353108644485474,0.9851072430610657,0.9186736941337585,0.8603962659835815,0.6997537612915039,1701.26708984375,19.00309944152832,3.5228683948516846
261000,261101,17,3,207,182,0,3863.071533203125,201.7871551513672,63.15816116333008,35.86604690551758,19.44904136657715,15.85700798034668,6.356137752532959,4.47044563293457,2.7359468936920166,2.098374843597412,1.8427289724349976,1.3593217134475708,1.2479050159454346,1.1840637922286987,1.0729340314865112,0.9165408611297607,0.8065428137779236,1716.7537841796875,16.413249969482422,2.37968111038208
261000,261101,17,3,207,182,1,3859.201171875,202.16494750976562,62.79743576049805,35.544677734375,18.77390480041504,15.660326957702637,6.333783149719238,4.938910484313965,2.666250705718994,1.7644463777542114,1.542783260345459,1.4152798652648926,1.2845566272735596,1.2099233865737915,1.1299426555633545,0.9604974985122681,0.840808629989624,1715.5048828125,16.48223876953125,1.960184097290039
262000,262101,17,3,213,195,0,3978.90576171875,191.2364959716797,77.32610321044922,35.01998519897461,20.092100143432617,16.077333450317383,8.236777305603027,7.485198974609375,5.067780494689941,3.4308671951293945,2.8438210487365723,1.9336236715316772,1.6015805006027222,1.2995946407318115,1.228952169418335,1.152998924255371,0.8504956364631653,1764.776611328125,24.263046264648438,4.5807695388793945
262000,262101,17,3,213,195,1,3966.55322265625,190.79147338867188,76.74139404296875,34.959617614746094,20.10087776184082,16.123031616210938,7.829113960266113,7.228243827819824,4.804040431976318,3.4161696434020996,2.4266271591186523,2.1055243015289307,1.5916215181350708,1.304541826248169,1.243123173713684,1.0751831531524658,0.9825838208198547,1759.7861328125,24.58077049255371,4.4001240730285645
263000,263101,17,3,219,198,0,4052.396484375,217.75595092773438,63.593990325927734,36.44113540649414,16.776262283325195,11.851265907287598,9.583541870117188,5.823085784912109,3.6814582347869873,2.0875396728515625,1.674413800239563,1.6388112306594849,1.0665183067321777,0.9884408712387085,0.9445793628692627,0.8990144729614258,0.7337101101875305,1796.3876953125,19.079425811767578,4.5271477699279785
263000,263101,17,3,219,198,1,4051.8828125,220.10870361328125,63.3106575012207,36.07173156738281,16.582185745239258,11.735320091247559,9.349900245666504,5.56496524810791,3.456624984741211,2.090301275253296,1.5553944110870361,1.3166546821594238,1.2022268772125244,1.0473331212997437,1.0317903757095337,0.9122779369354248,0.852115273475647,1796.95166015625,18.59902000427246,4.2739739418029785
264000,264101,17,3,215,197,0,3898.339111328125,157.1757354736328,50.03759002685547,26.930757522583008,16.16922950744629,12.429689407348633,8.833260536193848,4.6561808586120605,3.184366464614868,1.5273710489273071,1.427968978881836,1.2497434616088867,1.1773878335952759,1.0396419763565063,0.9251042008399963,0.8714357614517212,0.7481744289398193,1746.55322265625,8.286462783813477,1.705736756324768
264000,264101,17,3,215,197,1,3901.2109375,157.50473022460938,49.99174880981445,27.1210880279541,15.904143333435059,12.089272499084473,8.350333213806152,4.384376049041748,2.988399028778076,1.465092658996582,1.2199223041534424,1.0753082036972046,0.9914444088935852,0.9358992576599121,0.9145241975784302,0.8652194142341614,0.7889048457145691,1747.39501953125,7.726243495941162,1.695393443107605
265000,265101,17,3,218,195,0,3949.569091796875,245.65847778320312,74.38131713867188,34.167869567871094,16.984432220458984,15.598978042602539,7.193709373474121,5.877741813659668,4.801077842712402,3.281876564025879,2.3959403038024902,2.0526418685913086,1.7786202430725098,1.492267370223999,1.1787710189819336,1.0291228294372559,1.0193195343017578,1749.366455078125,21.52407455444336,2.5616371631622314
265000,265101,17,3,218,195,1,3951.032470703125,245.81234741210938,75.05057525634766,33.90351486206055,16.85820960998535,14.977128028869629,6.448268413543701,5.520779609680176,4.332961082458496,2.9134113788604736,2.005768060684204,1.7851674556732178,1.6124621629714966,1.5135080814361572,1.249037504196167,1.0482594966888428,0.9830285310745239,1750.0775146484375,22.40776824951172,2.379866123199463
266000,266101,17,3,214,193,0,3931.552001953125,168.14312744140625,65.23291015625,33.56126022338867,22.95400619506836,7.317986011505127,7.012923717498779,3.6583101749420166,2.4084181785583496,1.9654808044433594,1.6236052513122559,1.2777087688446045,1.1690945625305176,1.0101959705352783,0.9459556341171265,0.8861181139945984,0.8177003860473633,1757.161376953125,19.764724731445312,1.7088074684143066
266000,266101,17,3,214,193,1,3932.584716796875,168.14749145507812,65.29029083251953,33.57807922363281,22.934329986572266,7.43951416015625,7.058080196380615,3.5241715908050537,2.3089487552642822,2.0858821868896484,1.8784255981445312,1.2564456462860107,1.1756689548492432,1.1209461688995361,1.0404077768325806,0.9164225459098816,0.861476480960846,1757.4263916015625,19.793888092041016,1.7665735483169556
267000,267101,17,3,212,186,0,3820.5,162.09193420410156,59.62599182128906,28.40001678466797,15.058531761169434,9.458395957946777,3.7251248359680176,3.2217209339141846,2.59700608253479,2.2166430950164795,1.7642828226089478,1.495238184928894,1.234243631362915,1.1775075197219849,0.9931525588035583,0.9009930491447449,0.834861159324646,1704.4599609375,15.616100311279297,2.4841463565826416
267000,267101,17,3,212,186,1,3826.48828125,162.93553161621094,59.58403396606445,28.691043853759766,14.81395435333252,10.068713188171387,3.2446372509002686,2.712390184402466,2.5895819664001465,2.034008026123047,1.6474196910858154,1.4861198663711548,1.2897833585739136,1.0874539613723755,0.9279348850250244,0.8517836332321167,0.8118314146995544,1707.36962890625,15.861980438232422,2.2202911376953125
268000,268101,17,3,211,196,0,3929.149658203125,240.256591796875,79.17584991455078,41.31071090698242,21.99355697631836,12.322230339050293,8.851249694824219,5.091056823730469,3.221975803375244,2.758509635925293,2.5144577026367188,2.103118658065796,1.836938500404358,1.453776478767395,1.2124137878417969,1.1212400197982788,0.9137569069862366,1740.9517822265625,17.14020347595215,2.0073790550231934
268000,268101,17,3,211,196,1,3941.857666015625,242.37083435058594,79.23355865478516,41.41543960571289,22.085861206054688,12.293601989746094,9.128743171691895,5.024365425109863,3.2271323204040527,2.523615837097168,2.2986574172973633,1.9013710021972656,1.647405743598938,1.4025872945785522,1.064976453781128,0.9122985005378723,0.8689159750938416,1747.2562255859375,17.238426208496094,2.022655487060547
269000,269101,17,3,208,191,0,3878.715087890625,176.85191345214844,61.33293914794922,22.79016876220703,18.38331413269043,7.895259380340576,5.77760124206543,4.053680896759033,2.7593135833740234,2.547070264816284,1.9302000999450684,1.559900164604187,1.4865167140960693,1.1808061599731445,0.9941229224205017,0.8535142540931702,0.7491353750228882,1732.4105224609375,10.68525218963623,2.176525831222534
269000,269101,17,3,208,191,1,3899.89501953125,178.97862243652344,61.549293518066406,22.30808448791504,18.8530216217041,7.783632755279541,5.633212566375732,4.160292148590088,2.847658395767212,2.3661904335021973,2.0393452644348145,1.5900779962539673,1.370226263999939,1.068079948425293,0.9707717299461365,0.8409703373908997,0.7864264845848083,1741.1214599609375,10.903375625610352,2.053952932357788
270000,270101,17,3,216,197,0,3946.770263671875,168.77816772460938,71.30121612548828,25.85295867919922,16.37934684753418,10.431777954101562,4.97376012802124,3.3637709617614746,2.6867449283599854,2.2011947631835938,1.4251902103424072,1.1485730409622192,1.0711450576782227,0.9525554776191711,0.8816189169883728,0.8187932372093201,0.7563162446022034,1758.1119384765625,15.373453140258789,1.8831337690353394
270000,270101,17,3,216,197,1,3947.323486328125,169.57847595214844,71.1423568725586,25.816675186157227,15.847980499267578,10.572856903076172,4.710577487945557,3.285736560821533,2.4810032844543457,1.9189428091049194,1.5423436164855957,1.159073829650879,1.0979520082473755,1.0225242376327515,0.9361658096313477,0.8905956149101257,0.806647539138794,1759.0201416015625,14.856959342956543,1.7926207780838013
271000,271101,17,3,201,181,0,3722.32275390625,201.81961059570312,75.38593292236328,41.22870635986328,18.683887481689453,13.44621467590332,9.788593292236328,7.230315685272217,4.797651290893555,3.702794075012207,2.2185261249542236,1.556803584098816,1.2922738790512085,1.0796295404434204,0.9285126328468323,0.8610495924949646,0.775296151638031,1647.8280029296875,23.202022552490234,3.3586127758026123
271000,271101,17,3,201,181,1,3720.393310546875,201.37998962402344,75.57120513916016,41.3306884765625,18.55693817138672,12.910585403442383,10.234888076782227,7.073148727416992,4.60203218460083,3.9415974617004395,2.0820870399475098,1.7546615600585938,1.1819772720336914,1.0383193492889404,0.8778132200241089,0.8117072582244873,0.7905303835868835,1646.7825927734375,23.092439651489258,3.435655355453491
272000,272101,17,3,217,193,0,3968.742431640625,206.9693603515625,62.76743698120117,31.86246681213379,14.964332580566406,9.97704792022705,7.08289909362793,5.774138450622559,3.8021345138549805,2.017017126083374,1.8872315883636475,1.4248871803283691,1.1566548347473145,1.0696337223052979,0.902533233165741,0.8820990920066833,0.7750331163406372,1766.44970703125,18.263742446899414,4.562310695648193
272000,272101,17,3,217,193,1,3969.40087890625,207.48199462890625,63.31436538696289,31.53412437438965,14.69396686553955,10.027503967285156,6.685176372528076,5.555728435516357,3.9699594974517822,2.082730531692505,1.6345351934432983,1.4357287883758545,1.2793093919754028,1.0560821294784546,0.9612009525299072,0.8431053757667542,0.8190934658050537,1766.090087890625,17.561227798461914,4.2860589027404785
273000,273101,17,3,213,196,0,3817.2451171875,198.55514526367188,74.1395492553711,40.278682708740234,20.321931838989258,14.216262817382812,8.153853416442871,5.4663214683532715,4.47802734375,2.26173734664917,2.009945869445801,1.751562476158142,1.3122923374176025,1.2467957735061646,1.1653177738189697,1.0382319688796997,0.8022264242172241,1693.68701171875,18.808950424194336,2.8608038425445557
273000,273101,17,3,213,196,1,3804.851318359375,197.23753356933594,73.83657836914062,40.185829162597656,20.41944694519043,14.023122787475586,7.456564903259277,5.408451557159424,4.49467658996582,2.0969796180725098,1.9360040426254272,1.6887856721878052,1.3345377445220947,1.1479859352111816,1.0227515697479248,0.9063147902488708,0.7962403893470764,1689.009033203125,18.912466049194336,2.9049994945526123
274000,274101,17,3,215,189,0,3888.13134765625,199.95321655273438,59.32749557495117,34.908897399902344,19.283599853515625,12.477164268493652,8.579522132873535,6.129889011383057,3.1438937187194824,2.412635326385498,1.9591206312179565,1.5095945596694946,1.299898386001587,1.1482959985733032,0.985450267791748,0.933525025844574,0.8994893431663513,1733.863525390625,13.182777404785156,1.219704508781433
274000,274101,17,3,215,189,1,3885.960693359375,200.07174682617188,58.90251159667969,34.19682312011719,19.712060928344727,12.318164825439453,8.242213249206543,5.652194499969482,2.725644826889038,2.2179243564605713,1.5699487924575806,1.420390009880066,1.30756676197052,1.0531244277954102,0.9765186309814453,0.9029903411865234,0.7818120121955872,1733.0247802734375,12.652762413024902,1.2308027744293213
275000,275101,17,3,212,202,0,3993.760498046875,197.0050506591797,68.4429702758789,27.255722045898438,13.308968544006348,9.566353797912598,7.1162896156311035,5.111184597015381,2.7954277992248535,2.317256212234497,1.7158557176589966,1.4786189794540405,1.202648401260376,1.072460412979126,0.9954443573951721,0.8153048157691956,0.8115221261978149,1777.5576171875,24.97602653503418,3.3537240028381348
275000,275101,17,3,212,202,1,3988.58984375,197.6148223876953,67.71175384521484,27.11699104309082,13.12253189086914,9.13357162475586,6.7820258140563965,4.598527908325195,2.6267430782318115,2.131767511367798,1.485166072845459,1.1912192106246948,1.1043421030044556,0.9522871971130371,0.9284274578094482,0.8168711066246033,0.7821145057678223,1775.3702392578125,24.14381217956543,3.643040180206299
276000,276101,17,3,209,189,0,3877.12890625,149.87283325195312,57.79288864135742,28.498199462890625,10.629447937011719,8.483814239501953,4.754666328430176,4.0113630294799805,2.473391056060791,2.1782755851745605,1.6535074710845947,1.332899570465088,1.125618815422058,1.1087828874588013,0.9805503487586975,0.8013182282447815,0.750465989112854,1734.661865234375,14.031718254089355,1.3617061376571655
276000,276101,17,3,209,189,1,3872.31689453125,149.2179718017578,57.137657165527344,27.923505783081055,9.794365882873535,8.158548355102539,5.07861328125,3.5859694480895996,2.164220094680786,1.9507793188095093,1.503531813621521,1.2015342712402344,1.075758934020996,0.9953423738479614,0.9434574246406555,0.7637007832527161,0.7090362310409546,1732.4569091796875,14.150862693786621,1.3403730392456055
277000,277101,17,3,224,201,0,4007.640625,200.29689025878906,80.20854949951172,39.737911224365234,23.2386474609375,13.226162910461426,6.101027488708496,5.282703876495361,4.544754505157471,2.455580711364746,2.2542359828948975,1.742830514907837,1.4043262004852295,1.3211088180541992,1.1069409847259521,0.9174871444702148,0.7491644024848938,1782.6177978515625,19.69856834411621,1.9149916172027588
277000,277101,17,3,224,201,1,4012.448974609375,200.10394287109375,79.348876953125,39.272762298583984,22.77056121826172,13.095989227294922,6.229427814483643,5.0909881591796875,4.393947601318359,2.6003928184509277,2.0976028442382812,1.6891872882843018,1.575785517692566,1.2297039031982422,1.0443878173828125,0.8822389841079712,0.7514936923980713,1784.37353515625,19.60200309753418,2.35282826423645
278000,278101,17,3,214,194,0,3976.62451171875,166.05813598632812,66.96818542480469,26.165403366088867,14.283435821533203,8.386346817016602,5.587805271148682,2.6285479068756104,2.0388474464416504,1.8512212038040161,1.4934364557266235,1.3992836475372314,1.133270502090454,1.0390461683273315,0.9445143938064575,0.8569458723068237,0.7914616465568542,1770.909912109375,21.60056495666504,2.884446144104004
278000,278101,17,3,214,194,1,3974.98828125,165.71409606933594,66.13216400146484,26.337181091308594,13.907842636108398,7.938077926635742,5.143229007720947,2.7327427864074707,2.392080068588257,1.51926589012146,1.2541505098342896,1.208133339881897,1.1481634378433228,1.053558111190796,0.9498069286346436,0.8271306753158569,0.7209199070930481,1770.3651123046875,21.50771713256836,2.583141326904297
279000,279101,17,3,222,188,0,3920.59619140625,183.74435424804688,66.99544525146484,31.27646255493164,17.952152252197266,11.54131031036377,9.226003646850586,6.094740867614746,4.304134845733643,3.1265039443969727,1.7508283853530884,1.5852655172348022,1.306258201599121,1.224055290222168,0.9085881114006042,0.8568949699401855,0.7886213660240173,1745.565185546875,11.977668762207031,2.955122947692871
279000,279101,17,3,222,188,1,3915.9052734375,183.53713989257812,66.54581451416016,31.289905548095703,17.96753692626953,11.316566467285156,8.877815246582031,6.245666027069092,4.411040782928467,3.0332610607147217,1.8065216541290283,1.30274498462677,1.286356806755066,1.1459118127822876,0.9340240359306335,0.8061967492103577,0.7222957611083984,1744.072265625,11.983381271362305,3.025634527206421
280000,280101,17,3,208,192,0,3788.13525390625,165.84075927734375,58.751304626464844,31.047685623168945,10.711573600769043,8.47470760345459,5.325162410736084,4.91030740737915,2.360576629638672,1.4508246183395386,1.2631124258041382,1.1058927774429321,0.9987118244171143,0.9755914211273193,0.8282266855239868,0.7543473839759827,0.7014898061752319,1690.441650390625,8.143099784851074,1.2176939249038696
280000,280101,17,3,208,192,1,3785.0634765625,165.63259887695312,58.76979064941406,31.215473175048828,10.650710105895996,8.378973960876465,5.835409641265869,4.662005424499512,2.351471424102783,1.4402557611465454,1.2369524240493774,1.191176414489746,1.0558196306228638,0.9537432193756104,0.8604592084884644,0.7777767181396484,0.7480005621910095,1689.791015625,8.11374568939209,1.1622796058654785
281000,281101,17,3,224,196,0,4087.0615234375,180.50729370117188,68.262451171875,34.05443572998047,20.352357864379883,16.55678367614746,10.038369178771973,5.369770050048828,3.8717830181121826,2.009223222732544,1.818748116493225,1.3932669162750244,1.203163504600525,1.0765399932861328,0.9813302755355835,0.8439056277275085,0.8094114065170288,1818.78564453125,24.049768447875977,2.5951125621795654
281000,281101,17,3,224,196,1,4096.1083984375,181.27816772460938,68.6241455078125,34.18094253540039,20.14655303955078,15.78107738494873,9.717269897460938,5.659149646759033,3.9171767234802246,1.7962993383407593,1.6241466999053955,1.3125883340835571,1.1772547960281372,0.9962121248245239,0.9486151337623596,0.9323756098747253,0.8392545580863953,1823.2200927734375,24.40981674194336,2.5453739166259766
282000,282101,17,3,216,192,0,3792.10205078125,201.77687072753906,71.66319274902344,36.84722900390625,22.151927947998047,10.608829498291016,9.0577392578125,5.7386884689331055,3.745387077331543,2.826061964035034,1.5451440811157227,1.2551945447921753,1.1632823944091797,1.1005743741989136,1.0032202005386353,0.8460958003997803,0.7897682189941406,1683.7259521484375,21.09947967529297,4.985533714294434
282000,282101,17,3,216,192,1,3787.398193359375,202.1602325439453,71.82946014404297,36.435604095458984,21.753772735595703,10.839980125427246,9.031912803649902,5.517350196838379,3.740147352218628,2.457566022872925,1.9400618076324463,1.346266269683838,1.1925767660140991,1.0599234104156494,0.9935006499290466,0.8679022789001465,0.7646328806877136,1681.612548828125,20.94963836669922,4.985741138458252
283000,283101,17,3,210,194,0,3960.856201171875,123.5179443359375,43.768672943115234,19.491151809692383,7.926758289337158,5.806493282318115,3.1652660369873047,2.1735711097717285,1.6918185949325562,1.2911243438720703,1.1709014177322388,1.0406126976013184,0.9214853644371033,0.8699533343315125,0.8611257672309875,0.7588176131248474,0.7192005515098572,1771.0462646484375,16.15248680114746,1.9803624153137207
283000,283101,17,3,210,194,1,3961.216796875,123.58171844482422,43.939674377441406,20.06598663330078,8.118369102478027,5.843886852264404,3.679567337036133,1.9264451265335083,1.5712647438049316,1.5114760398864746,1.2224531173706055,1.1166093349456787,0.965684711933136,0.8970361351966858,0.8530435562133789,0.8111312389373779,0.7108758687973022,1771.1785888671875,15.46780014038086,2.060514450073242
284000,284101,17,3,207,192,0,3837.289794921875,192.78207397460938,68.80501556396484,30.727327346801758,15.435032844543457,11.039567947387695,8.607795715332031,4.633950233459473,3.404280424118042,2.78129243850708,2.1482250690460205,1.6802995204925537,1.5679982900619507,1.1275945901870728,1.074114203453064,0.9077780246734619,0.8324682712554932,1705.48095703125,9.616609573364258,1.7366132736206055
284000,284101,17,3,207,192,1,3835.37353515625,192.29458618164062,68.66600799560547,30.513633728027344,15.35007381439209,10.97312068939209,8.76207160949707,4.11143684387207,2.9032278060913086,2.701181173324585,1.8153437376022339,1.5311403274536133,1.3201647996902466,1.0237808227539062,0.9512178897857666,0.8824562430381775,0.802040159702301,1704.661376953125,9.464441299438477,1.8304688930511475
285000,285101,17,3,217,201,0,3953.48876953125,149.884765625,51.95987319946289,32.96043395996094,17.050382614135742,10.904269218444824,4.197579860687256,3.020765781402588,2.5034117698669434,2.161440134048462,1.6734638214111328,1.3886735439300537,1.220513105392456,1.1265869140625,0.9557968378067017,0.8737838864326477,0.7690197825431824,1768.6998291015625,16.43902587890625,1.8113168478012085
285000,285101,17,3,217,201,1,3959.526123046875,150.60589599609375,52.372459411621094,33.036048889160156,17.079912185668945,10.627893447875977,3.9780845642089844,3.163928270339966,2.4724180698394775,1.9114409685134888,1.539345383644104,1.2351661920547485,1.1673845052719116,1.0972861051559448,1.0359193086624146,0.9572382569313049,0.818187952041626,1771.482421875,16.313356399536133,1.9662880897521973
286000,286101,17,3,213,189,0,4001.082275390625,197.46200561523438,63.824058532714844,37.247886657714844,23.02571678161621,9.890486717224121,7.040647506713867,5.101006984710693,3.0639641284942627,1.9894821643829346,1.901351809501648,1.4939152002334595,1.4179621934890747,1.1896198987960815,1.1013745069503784,0.934974193572998,0.8348134756088257,1782.52392578125,12.444066047668457,1.3099874258041382
286000,286101,17,3,213,189,1,4009.824951171875,197.62164306640625,63.61898422241211,36.67488098144531,22.976882934570312,10.012635231018066,7.019328594207764,4.9192657470703125,3.173996925354004,2.118845224380493,1.8802515268325806,1.4434036016464233,1.3790102005004883,1.1184462308883667,1.035319447517395,0.9596643447875977,0.8030163645744324,1786.4822998046875,12.433737754821777,1.1864570379257202
287000,287101,17,3,213,193,0,3957.0263671875,198.07321166992188,76.1505126953125,34.45331954956055,22.461633682250977,12.637011528015137,9.722820281982422,5.973201274871826,4.108182907104492,2.7472407817840576,2.098989248275757,1.7232627868652344,1.6135506629943848,1.179613471031189,1.0990867614746094,0.9760640263557434,0.7887946367263794,1755.8353271484375,28.27821159362793,4.052261829376221
287000,287101,17,3,213,193,1,3954.657958984375,197.6483154296875,75.8279800415039,33.79433059692383,21.867794036865234,12.28480339050293,9.924044609069824,6.20068883895874,3.799692153930664,2.5857160091400146,1.6321388483047485,1.566395878791809,1.3520935773849487,1.1146005392074585,1.0028823614120483,0.9062532782554626,0.688666582107544,1754.445556640625,28.173580169677734,4.120437145233154
288000,288101,17,3,208,190,0,3930.3857421875,228.17218017578125,84.09099578857422,52.22861099243164,22.565404891967773,16.9919376373291,11.555554389953613,8.933191299438477,5.911978721618652,3.864464044570923,3.1262197494506836,1.9227772951126099,1.7077993154525757,1.5208125114440918,1.1022238731384277,0.920852780342102,0.7441383600234985,1741.31494140625,20.698671340942383,2.062896966934204
288000,288101,17,3,208,190,1,3920.470947265625,228.8445281982422,84.13482666015625,52.115211486816406,22.002897262573242,16.77324867248535,10.882926940917969,8.251972198486328,5.7109551429748535,3.726651668548584,3.295362949371338,2.253255605697632,1.7247637510299683,1.0152791738510132,1.0032700300216675,0.909309446811676,0.819567084312439,1736.9326171875,20.34299659729004,2.4095451831817627
289000,289101,17,3,217,197,0,3938.742431640625,145.85191345214844,65.05619812011719,32.19352340698242,17.639158248901367,10.423715591430664,5.557498455047607,4.868053436279297,3.573307514190674,1.8598655462265015,1.7037945985794067,1.3744175434112549,1.140271544456482,0.9947578310966492,0.8474082350730896,0.7726539969444275,0.7406666874885559,1765.762451171875,14.140054702758789,1.1784937381744385
289000,289101,17,3,217,197,1,3936.092529296875,146.12355041503906,64.6127700805664,31.72049331665039,17.46776008605957,10.554315567016602,5.325579643249512,5.064050197601318,3.2805614471435547,1.9042446613311768,1.596327304840088,1.3392179012298584,1.1678673028945923,1.044238567352295,0.9215824604034424,0.8597081899642944,0.78025883436203,1764.1920166015625,14.069427490234375,1.3098152875900269
290000,290101,17,3,217,201,0,3855.930419921875,183.3110809326172,38.340980529785156,24.616649627685547,17.144514083862305,7.822714805603027,4.420935153961182,3.693955898284912,2.5562326908111572,2.1967849731445312,1.5971205234527588,1.3580094575881958,1.1088119745254517,0.9894365668296814,0.9560024738311768,0.8002854585647583,0.6104534268379211,1723.540771484375,11.071561813354492,1.5413981676101685
290000,290101,17,3,217,201,1,3868.910888671875,185.06642150878906,38.13227081298828,24.76519203186035,17.019100189208984,7.987014293670654,4.746029376983643,3.9761672019958496,2.690656900405884,2.1025638580322266,1.470969319343567,1.214206576347351,1.1169188022613525,0.9982851147651672,0.8627898097038269,0.8045096397399902,0.7642236351966858,1729.595458984375,10.817480087280273,1.5933798551559448
291000,291101,17,3,218,199,0,3889.407958984375,168.88577270507812,63.350990295410156,30.033668518066406,17.39789581298828,12.693353652954102,7.022829055786133,4.8498029708862305,3.4696311950683594,2.6816298961639404,1.9827595949172974,1.437488079071045,1.159441590309143,1.024016261100769,0.9598405361175537,0.8560366034507751,0.7429949045181274,1734.884521484375,16.48418426513672,2.026090145111084
291000,291101,17,3,218,199,1,3901.347900390625,170.65924072265625,64.35440826416016,30.89817237854004,16.32830810546875,12.749197959899902,7.258875370025635,4.680507659912109,3.3258771896362305,2.7385518550872803,2.2013864517211914,1.4780758619308472,1.3053113222122192,1.2128839492797852,1.0399417877197266,0.9544390439987183,0.8726468682289124,1740.41162109375,15.933684349060059,2.1963396072387695
292000,292101,17,3,208,194,0,3904.48193359375,181.3321075439453,77.2743911743164,37.206756591796875,19.187694549560547,9.457646369934082,7.145625114440918,5.51107120513916,4.019373893737793,3.725756883621216,1.7350425720214844,1.4392586946487427,1.121545672416687,0.9496124386787415,0.8512166142463684,0.8310799598693848,0.7719005942344666,1734.2791748046875,22.03401756286621,2.968125581741333
292000,292101,17,3,208,194,1,3894.0859375,181.51853942871094,77.77151489257812,36.813331604003906,19.430879592895508,8.96816635131836,7.167666435241699,5.2337188720703125,4.228701114654541,3.7639811038970947,1.3806757926940918,1.2885971069335938,1.0712189674377441,0.9900414943695068,0.9229006171226501,0.889193058013916,0.803722620010376,1729.7012939453125,21.912851333618164,3.2129294872283936
293000,293101,17,3,219,200,0,4041.26318359375,186.51792907714844,65.60635375976562,40.711299896240234,17.495603561401367,12.266518592834473,7.719614028930664,4.678552627563477,2.9747273921966553,2.845592498779297,2.260197639465332,1.5212655067443848,1.388271450996399,0.9942511916160583,0.9135573506355286,0.7952519655227661,0.697993278503418,1800.610595703125,16.674388885498047,2.841695785522461
293000,293101,17,3,219,200,1,4035.4130859375,185.3042449951172,65.0162124633789,40.64830780029297,17.82054328918457,12.231242179870605,7.192699432373047,4.650997161865234,3.425783395767212,2.769834280014038,1.9619354009628296,1.3318103551864624,1.238443374633789,1.0218627452850342,0.8938788175582886,0.8499026298522949,0.8046252131462097,1797.67724609375,17.2760066986084,3.0402917861938477
294000,294101,17,3,212,187,0,3941.95947265625,175.74671936035156,60.3015251159668,21.214426040649414,13.72370433807373,9.77733039855957,5.261248588562012,3.9130859375,2.8379909992218018,1.9049512147903442,1.4147611856460571,1.182555079460144,1.063198208808899,0.9574169516563416,0.912651777267456,0.8362913727760315,0.792134702205658,1760.3310546875,8.40717601776123,1.1557915210723877
294000,294101,17,3,212,187,1,3937.11279296875,175.37799072265625,59.91020202636719,21.498188018798828,13.808874130249023,9.670343399047852,5.209349155426025,3.8349833488464355,3.026228189468384,2.0314512252807617,1.2289658784866333,1.1754292249679565,1.0585908889770508,0.9917609095573425,0.9060447812080383,0.880715548992157,0.798111081123352,1757.4654541015625,8.72326374053955,1.206950306892395
295000,295101,17,3,206,191,0,3938.906982421875,203.9325408935547,68.57518768310547,39.60587692260742,25.36251449584961,15.977984428405762,10.992440223693848,7.936071872711182,5.9439311027526855,3.3563573360443115,2.7152516841888428,2.117321729660034,1.4707062244415283,1.161961317062378,1.0573242902755737,0.9171417355537415,0.8515241742134094,1755.6751708984375,21.744422912597656,2.7527408599853516
295000,295101,17,3,206,191,1,3952.1005859375,204.9540557861328,68.77470397949219,39.71734619140625,25.252492904663086,16.065086364746094,11.05565071105957,7.487250804901123,5.873188495635986,3.3534650802612305,2.881545066833496,2.3748979568481445,1.6541093587875366,1.1547341346740723,0.9812346696853638,0.9629101157188416,0.905716598033905,1760.8697509765625,21.470661163330078,2.9641294479370117
296000,296101,17,3,231,215,0,4149.24755859375,188.9851837158203,69.73466491699219,33.10311508178711,14.43056869506836,10.215176582336426,6.650176048278809,4.234822750091553,3.198075771331787,2.591113567352295,2.307379961013794,1.8567090034484863,1.4100008010864258,1.2904348373413086,1.0361343622207642,0.9980248808860779,0.9089695811271667,1840.6004638671875,34.56052017211914,5.344058990478516
296000,296101,17,3,231,215,1,4152.67431640625,187.7089385986328,69.99449920654297,33.15628433227539,14.493916511535645,9.945706367492676,5.943000793457031,4.342299938201904,3.103261709213257,2.288808822631836,2.005669116973877,1.6350980997085571,1.3303802013397217,1.2528903484344482,1.1258392333984375,1.0842095613479614,0.8494604229927063,1841.8651123046875,34.631507873535156,4.7623677253723145
297000,297101,17,3,211,197,0,3995.705322265625,205.7255859375,93.67131042480469,42.888404846191406,24.014753341674805,20.44882583618164,10.684610366821289,6.095177173614502,5.572489261627197,5.00333309173584,3.635789394378662,1.9393659830093384,1.598772406578064,1.4893995523452759,1.2803969383239746,0.9774219393730164,0.8203611969947815,1775.44775390625,22.123126983642578,3.4503631591796875
297000,297101,17,3,211,197,1,3995.7578125,205.73097229003906,93.86526489257812,43.04793167114258,24.171422958374023,20.468505859375,10.756734848022461,6.055224418640137,5.530069351196289,5.022161483764648,3.3247013092041016,2.0984320640563965,1.5238993167877197,1.4275991916656494,1.2458511590957642,0.8829259872436523,0.7816303968429565,1774.8045654296875,21.62098503112793,3.6236519813537598
298000,298101,17,3,220,197,0,3986.120849609375,202.60740661621094,73.81670379638672,38.258880615234375,24.933263778686523,14.261770248413086,11.197216033935547,5.801921367645264,5.0641770362854,3.347437858581543,2.280154228210449,1.8537697792053223,1.1970360279083252,1.1773476600646973,1.1074146032333374,0.9478237628936768,0.8154643774032593,1771.1893310546875,20.56461524963379,3.0343921184539795
298000,298101,17,3,220,197,1,3990.453369140625,203.31643676757812,74.01986694335938,38.67603302001953,24.704500198364258,14.447752952575684,11.18648624420166,5.679638862609863,5.20347785949707,3.1960980892181396,2.243131399154663,1.9262285232543945,1.3632299900054932,1.203616738319397,1.1853560209274292,0.857017457485199,0.7713871598243713,1772.8990478515625,20.55748748779297,3.1602351665496826
299000,299101,17,3,211,194,0,4059.568115234375,142.33409118652344,32.72538375854492,18.610450744628906,8.95543098449707,6.382569313049316,3.9744772911071777,2.127933979034424,2.0077013969421387,1.4455862045288086,1.2656030654907227,1.026921033859253,0.9856400489807129,0.8600695133209229,0.8422091603279114,0.7607207894325256,0.6993948221206665,1808.3739013671875,18.16686248779297,4.365772247314453
299000,299101,17,3,211,194,1,4059.828857421875,141.9420166015625,32.70083236694336,18.65079116821289,8.818254470825195,5.933742046356201,3.667841911315918,2.0230536460876465,1.5985435247421265,1.4117600917816162,1.0561226606369019,1.0295194387435913,0.9342629909515381,0.8578143119812012,0.8418939709663391,0.816164493560791,0.7078814506530762,1808.586669921875,18.51315689086914,4.293467998504639
