grad_step,env_steps,window_len,penalty_len,n_windows,unique_eps,critic,sv_01,sv_02,sv_03,sv_04,sv_05,sv_06,sv_07,sv_08,sv_09,sv_10,sv_11,sv_12,sv_13,sv_14,sv_15,sv_16,sv_17,pen_sv_01,pen_sv_02,pen_sv_03,pen_sv_04,pen_sv_05,pen_sv_06,pen_sv_07
0,10001,17,7,251,10,0,8.514538764953613,4.509583950042725,4.38642692565918,4.275768280029297,4.046211242675781,3.956099510192871,3.9188549518585205,3.8404552936553955,3.700396776199341,3.533254623413086,3.448671579360962,3.4070472717285156,3.2422046661376953,3.103423833847046,2.966888427734375,2.542130708694458,2.33335280418396,5.803371906280518,4.186267852783203,3.982609510421753,3.6610515117645264,3.590162992477417,3.2705202102661133,2.724325180053711
0,10001,17,7,251,10,1,12.224997520446777,4.137818336486816,4.0747575759887695,3.748991012573242,3.649998188018799,3.4905998706817627,3.417133331298828,3.4016780853271484,3.336118459701538,3.1902623176574707,3.1296660900115967,3.003678560256958,2.828233242034912,2.7480268478393555,2.671863555908203,2.547605514526367,2.361015558242798,8.102456092834473,3.861248254776001,3.4002246856689453,3.2551465034484863,3.1483616828918457,2.94354248046875,2.8147809505462646
5000,15001,17,7,248,15,0,2143.94921875,66.39325714111328,39.79206848144531,32.22414779663086,26.27643394470215,22.659940719604492,21.907869338989258,17.598718643188477,14.451061248779297,14.05863094329834,12.641335487365723,12.52500057220459,11.408966064453125,10.558636665344238,9.836980819702148,9.322537422180176,8.666662216186523,1375.5865478515625,34.488922119140625,23.084346771240234,15.784797668457031,13.46153450012207,11.068055152893066,9.822169303894043
5000,15001,17,7,248,15,1,2150.13818359375,65.69551849365234,39.244083404541016,31.596466064453125,26.46251678466797,22.679147720336914,20.94127082824707,17.67983627319336,15.698451042175293,14.862865447998047,13.228292465209961,12.085810661315918,11.436652183532715,10.711910247802734,10.045727729797363,9.494762420654297,9.116772651672363,1379.13916015625,34.388343811035156,22.716562271118164,16.476343154907227,14.414345741271973,11.880528450012207,9.972039222717285
10000,20001,17,7,250,20,0,1943.6290283203125,64.90502166748047,45.55616760253906,31.283123016357422,25.608139038085938,23.520729064941406,20.941713333129883,17.798463821411133,14.352663040161133,14.044828414916992,12.086329460144043,10.93809700012207,10.567180633544922,9.399471282958984,9.165251731872559,8.778338432312012,8.323755264282227,1243.096435546875,33.76620864868164,22.777755737304688,16.487655639648438,12.700088500976562,10.566786766052246,8.871089935302734
10000,20001,17,7,250,20,1,1942.5994873046875,64.79447174072266,44.93791961669922,30.729232788085938,26.97101593017578,22.84248924255371,20.3176326751709,17.080074310302734,14.6117525100708,14.43328857421875,12.532803535461426,10.964971542358398,10.334405899047852,9.935676574707031,9.452190399169922,9.025788307189941,8.17831039428711,1242.19384765625,34.32981491088867,22.783605575561523,16.41644859313965,12.715437889099121,10.223925590515137,8.792085647583008
15000,25001,17,7,252,25,0,1343.65771484375,41.87537384033203,24.31287956237793,19.82573890686035,16.402423858642578,13.40626049041748,10.37551498413086,9.835166931152344,7.726374626159668,6.817439079284668,5.975571632385254,4.894154071807861,3.77378249168396,2.510749578475952,2.284949541091919,1.7900681495666504,1.6363935470581055,862.73291015625,20.921958923339844,13.657393455505371,9.260703086853027,6.274542331695557,3.722975969314575,1.9454402923583984
15000,25001,17,7,252,25,1,1343.9017333984375,41.27326965332031,23.704626083374023,19.57526397705078,15.654359817504883,14.168716430664062,10.638967514038086,10.049383163452148,8.340289115905762,6.8964056968688965,5.504718780517578,4.373269081115723,4.229518890380859,2.7451632022857666,2.058962345123291,1.6756795644760132,1.5647038221359253,863.183349609375,20.649887084960938,13.624862670898438,9.402935028076172,5.699586391448975,3.818952798843384,1.808455467224121
20000,30001,17,7,252,30,0,817.0713500976562,39.92337417602539,20.871858596801758,15.698800086975098,12.669445991516113,10.967097282409668,8.62200927734375,7.918156147003174,6.695340156555176,5.486288547515869,4.28085994720459,3.5557024478912354,2.779614210128784,2.014077663421631,1.5564334392547607,1.3933950662612915,1.2680515050888062,524.6696166992188,17.570302963256836,11.384048461914062,7.161779403686523,3.9021778106689453,3.0580577850341797,1.5479891300201416
20000,30001,17,7,252,30,1,816.1911010742188,39.14147186279297,20.52866554260254,15.775383949279785,12.662357330322266,11.161938667297363,8.798558235168457,7.471561431884766,6.30397891998291,5.1893510818481445,4.0818328857421875,3.5578198432922363,2.933105707168579,2.090773105621338,1.5812705755233765,1.3889923095703125,1.3079984188079834,523.9450073242188,17.279510498046875,11.77015209197998,7.153355598449707,4.43342399597168,2.933958053588867,1.5661141872406006
25000,35001,17,7,254,35,0,451.71234130859375,36.45285415649414,22.04031753540039,14.871200561523438,12.691161155700684,11.099092483520508,8.997639656066895,7.215768814086914,5.90286111831665,5.017246246337891,4.041214942932129,3.1884679794311523,2.3923025131225586,2.0487723350524902,1.766196608543396,1.1451483964920044,0.9017297625541687,286.1385803222656,16.1610164642334,11.324031829833984,6.891184329986572,4.098311901092529,2.539626359939575,1.5315666198730469
25000,35001,17,7,254,35,1,453.8690490722656,36.31597900390625,22.476423263549805,14.833605766296387,12.685382843017578,11.019885063171387,8.864618301391602,7.188162803649902,5.937224864959717,5.28134298324585,4.079011917114258,2.915158748626709,2.54904842376709,1.8462340831756592,1.6175144910812378,1.304998755455017,1.1052589416503906,287.73077392578125,16.563508987426758,11.355660438537598,7.016134262084961,4.008334159851074,2.2020986080169678,1.476088047027588
30000,40001,17,7,254,40,0,170.05340576171875,27.6697940826416,16.677846908569336,10.835092544555664,10.38659381866455,8.243377685546875,7.460959434509277,5.74984884262085,4.94618558883667,3.645756483078003,3.329352378845215,2.1283812522888184,1.6591860055923462,1.1836066246032715,0.976696252822876,0.7186495065689087,0.6712153553962708,114.23961639404297,14.708447456359863,9.065488815307617,5.446455478668213,3.173985242843628,1.6940892934799194,0.9756925106048584
30000,40001,17,7,254,40,1,170.2855224609375,27.878742218017578,16.933746337890625,11.015894889831543,10.263858795166016,9.043281555175781,7.2226667404174805,5.802670955657959,5.094056606292725,3.6594088077545166,3.2731246948242188,2.4248852729797363,1.5318305492401123,1.1417088508605957,0.8459945321083069,0.7769532203674316,0.7040972709655762,114.39159393310547,14.992749214172363,9.118913650512695,5.752564430236816,3.1720407009124756,1.691284418106079,0.9011669754981995
35000,45001,17,7,249,45,0,313.4864196777344,25.254579544067383,13.963944435119629,11.486557960510254,10.17919921875,9.529683113098145,7.179765701293945,5.921785831451416,5.136192321777344,3.8916664123535156,3.158684730529785,2.141206741333008,1.4087129831314087,1.0722769498825073,0.8715077638626099,0.6738506555557251,0.5562688112258911,202.67666625976562,11.67457389831543,9.455209732055664,5.2300639152526855,3.121100425720215,1.7392305135726929,0.8238656520843506
35000,45001,17,7,249,45,1,314.3925476074219,25.609485626220703,13.873819351196289,11.355908393859863,9.872374534606934,9.063638687133789,6.726110935211182,5.770742893218994,5.07408332824707,3.752436637878418,3.150418996810913,2.3347105979919434,1.6259119510650635,1.172306776046753,0.937550961971283,0.869310736656189,0.8000126481056213,203.33575439453125,11.429369926452637,9.16004753112793,5.334232330322266,3.1508471965789795,1.8221893310546875,0.9544614553451538
40000,50001,17,7,253,50,0,526.7702026367188,25.51024055480957,17.713821411132812,14.403098106384277,12.08985710144043,9.51190185546875,7.275696754455566,6.399405002593994,5.170355796813965,3.6491880416870117,2.7517194747924805,2.3925790786743164,1.6709312200546265,1.0824843645095825,0.8156843781471252,0.7240544557571411,0.6659454703330994,339.0140686035156,14.12508487701416,10.209012031555176,5.830703258514404,3.0116519927978516,1.9623355865478516,0.8311699628829956
40000,50001,17,7,253,50,1,527.45751953125,26.067626953125,17.39672088623047,14.801899909973145,12.165489196777344,9.11551570892334,7.005559921264648,6.050186634063721,5.2062201499938965,3.8722102642059326,2.7078988552093506,2.3402764797210693,1.7302422523498535,1.1206036806106567,0.8071340918540955,0.7299486994743347,0.6657561659812927,339.5238037109375,14.490580558776855,9.934401512145996,5.706724166870117,2.9204113483428955,1.7679247856140137,0.8373495936393738
45000,55001,17,7,251,55,0,647.5060424804688,32.43064880371094,20.161108016967773,15.691014289855957,13.587034225463867,11.195368766784668,7.719613075256348,6.9372029304504395,5.507908344268799,4.497751235961914,3.5052921772003174,2.724703073501587,1.6162562370300293,1.1263916492462158,0.8834115862846375,0.6681059002876282,0.575545608997345,416.9436340332031,17.99079704284668,10.472599029541016,5.940662384033203,3.730560064315796,2.062462568283081,0.8096402287483215
45000,55001,17,7,251,55,1,648.6116943359375,31.8503475189209,20.288320541381836,15.374028205871582,13.652416229248047,10.537397384643555,7.715531826019287,7.031598091125488,5.466357231140137,4.493255615234375,3.429945945739746,2.7679498195648193,1.7554854154586792,1.1229063272476196,0.9431173205375671,0.8139614462852478,0.6604341268539429,417.4897766113281,17.601919174194336,10.263710021972656,5.924748420715332,3.802128553390503,1.9463140964508057,0.8703746795654297
50000,60001,17,7,252,59,0,736.5557250976562,33.409278869628906,18.68807029724121,16.882644653320312,14.930222511291504,10.622040748596191,9.113629341125488,6.940943241119385,6.057183742523193,4.7648162841796875,4.0402512550354,2.420996904373169,1.5103368759155273,1.1140356063842773,0.8314089179039001,0.6629747748374939,0.6263764500617981,474.1521911621094,19.07664680480957,11.433943748474121,6.505762100219727,4.186279773712158,1.8334832191467285,0.8148154020309448
50000,60001,17,7,252,59,1,739.3560791015625,32.74528121948242,18.89623260498047,16.8544921875,14.874764442443848,10.676888465881348,8.914154052734375,6.632967948913574,5.8998284339904785,4.606908798217773,3.396240472793579,2.360225200653076,1.6194134950637817,1.174830436706543,0.8686978220939636,0.6851741075515747,0.6323450803756714,476.0031433105469,18.99131202697754,11.643332481384277,6.417561054229736,3.8439700603485107,1.9631010293960571,0.8095629215240479
55000,65001,17,7,251,64,0,803.4234619140625,36.54506301879883,24.11793327331543,17.051088333129883,14.34469985961914,11.546817779541016,9.162508964538574,7.475172996520996,6.616977691650391,4.946149826049805,3.3914971351623535,2.364488363265991,1.5362595319747925,1.1583869457244873,0.7884799838066101,0.6992571353912354,0.5686144828796387,517.786865234375,18.23972511291504,11.150734901428223,7.293794631958008,3.9410057067871094,1.8711830377578735,0.7885831594467163
55000,65001,17,7,251,64,1,807.5010986328125,35.85767364501953,23.268028259277344,16.78738784790039,14.302130699157715,11.583353996276855,8.82901668548584,7.319322109222412,6.354104042053223,4.870067119598389,3.4955756664276123,2.6539230346679688,1.6053791046142578,1.1909589767456055,0.8225839138031006,0.642153263092041,0.5866832733154297,520.3552856445312,17.59757423400879,10.713431358337402,6.9185075759887695,3.8144631385803223,1.894437551498413,0.7915360927581787
60000,70001,17,7,252,69,0,856.2210693359375,41.77360153198242,26.527620315551758,19.124099731445312,14.88868522644043,13.539863586425781,10.836507797241211,8.40050220489502,6.799158096313477,4.956202030181885,3.7663609981536865,2.9559857845306396,1.6507502794265747,1.1683571338653564,0.9518163800239563,0.8593851327896118,0.7142210602760315,550.2117919921875,23.31450843811035,12.469609260559082,7.419106960296631,3.8689687252044678,2.1170787811279297,1.0369402170181274
60000,70001,17,7,252,69,1,856.3748168945312,41.6024284362793,26.188961029052734,18.924549102783203,14.864156723022461,13.579019546508789,10.909463882446289,7.939542293548584,6.776581764221191,5.017193794250488,3.8322465419769287,2.890841007232666,1.7443866729736328,1.2137095928192139,0.8602802157402039,0.7117599248886108,0.6675151586532593,550.5564575195312,23.426586151123047,12.67776870727539,7.184948444366455,4.1729960441589355,2.0953009128570557,0.8154552578926086
65000,75001,17,7,252,70,0,909.331787109375,48.33046340942383,22.286375045776367,16.762218475341797,15.851956367492676,12.699870109558105,8.422850608825684,6.6459059715271,5.454690933227539,4.905004024505615,3.1512863636016846,2.1852779388427734,1.6803003549575806,1.3235983848571777,0.9951581358909607,0.9340591430664062,0.9272502064704895,585.4490966796875,20.22429084777832,13.208357810974121,6.840388774871826,4.301513195037842,1.74018394947052,1.0965124368667603
65000,75001,17,7,252,70,1,906.4354858398438,47.89372253417969,22.055463790893555,16.481399536132812,15.872093200683594,12.822336196899414,8.473073959350586,6.978529930114746,5.639891147613525,4.705075263977051,3.10312557220459,2.316568613052368,1.5415585041046143,1.1087671518325806,0.8642011880874634,0.7422484755516052,0.6808686256408691,583.5,19.698579788208008,13.500256538391113,6.363453388214111,4.174927711486816,1.6759446859359741,0.7942329049110413
70000,80001,17,7,252,78,0,901.6527099609375,52.51435470581055,28.891462326049805,21.753355026245117,17.538686752319336,13.527551651000977,9.797635078430176,7.055400848388672,6.992198467254639,5.891003608703613,3.591768980026245,2.641810655593872,1.7470338344573975,1.215653419494629,0.989389181137085,0.9749863743782043,0.8744329214096069,580.234619140625,23.601852416992188,14.642298698425293,7.626810550689697,4.2706193923950195,2.255485773086548,1.0670846700668335
70000,80001,17,7,252,78,1,903.3788452148438,52.62294006347656,28.218889236450195,21.17258071899414,17.096220016479492,13.704096794128418,10.218194007873535,6.877303123474121,6.683625221252441,5.874319553375244,4.215703964233398,2.5324137210845947,1.7383222579956055,1.4032669067382812,1.0657485723495483,0.959518551826477,0.8621703386306763,581.1610717773438,22.71341323852539,15.097332000732422,7.944289207458496,4.401012420654297,1.940473198890686,0.941851019859314
75000,85001,17,7,253,81,0,927.63623046875,50.92856216430664,27.59214973449707,21.53999900817871,18.287189483642578,13.836429595947266,10.391444206237793,7.422143936157227,6.138115882873535,5.2787861824035645,3.9684979915618896,2.8591830730438232,1.9812228679656982,1.3880726099014282,1.0885131359100342,1.0151541233062744,0.7894749045372009,596.2876586914062,19.46590232849121,15.247291564941406,6.805953502655029,4.549040794372559,2.2378182411193848,0.929762065410614
75000,85001,17,7,253,81,1,928.8228149414062,51.19748306274414,28.399232864379883,22.25822639465332,18.701709747314453,13.863290786743164,10.705397605895996,7.454814434051514,5.947220802307129,5.6365437507629395,4.069695949554443,3.142220973968506,2.247751474380493,1.8428306579589844,1.219915747642517,1.0142382383346558,0.922706127166748,596.9959106445312,19.863840103149414,15.175451278686523,6.968204975128174,5.01032018661499,2.370997190475464,1.1514025926589966
80000,90001,17,7,251,86,0,921.6565551757812,51.912208557128906,30.598407745361328,22.610042572021484,19.44939422607422,13.720749855041504,10.934759140014648,9.076364517211914,6.642186164855957,5.179421424865723,3.5600476264953613,2.5099000930786133,1.9691506624221802,1.6829315423965454,1.4430158138275146,1.0913060903549194,1.0032994747161865,594.1837768554688,26.192590713500977,14.762652397155762,7.78878927230835,4.623984336853027,2.0363194942474365,1.2045958042144775
80000,90001,17,7,251,86,1,920.767578125,51.93264389038086,31.487882614135742,22.411951065063477,19.150888442993164,13.450750350952148,10.269933700561523,8.99219036102295,6.688965320587158,5.414920330047607,3.9397106170654297,3.1788268089294434,2.2372798919677734,1.5546526908874512,1.4411661624908447,1.1372895240783691,1.0991735458374023,593.7444458007812,26.179567337036133,14.916019439697266,7.475970268249512,4.463921546936035,2.2210357189178467,1.165631890296936
85000,95001,17,7,254,90,0,913.0577392578125,50.52846908569336,36.471099853515625,24.390357971191406,20.12757682800293,14.542263984680176,12.460386276245117,9.304054260253906,7.891720294952393,6.07817268371582,4.537480354309082,3.6057353019714355,2.912255048751831,2.090937852859497,1.839563012123108,1.4625115394592285,1.1565982103347778,589.0818481445312,31.093313217163086,15.613577842712402,9.04593276977539,5.80408239364624,3.068671703338623,1.8342735767364502
85000,95001,17,7,254,90,1,916.0369262695312,50.93793487548828,37.447845458984375,25.72940444946289,20.5245418548584,15.077583312988281,11.994697570800781,8.622647285461426,8.291417121887207,5.638925552368164,5.147997856140137,3.899944543838501,2.9298315048217773,2.269327163696289,1.9886736869812012,1.7285126447677612,1.4067422151565552,591.0142822265625,32.91702651977539,15.782072067260742,8.481098175048828,5.548276901245117,3.1438684463500977,1.8754909038543701
90000,100001,17,7,247,92,0,1172.011474609375,105.82676696777344,49.587135314941406,37.094913482666016,29.856739044189453,19.874311447143555,17.497074127197266,12.919785499572754,12.360332489013672,9.305630683898926,7.021208763122559,6.144676685333252,5.773635387420654,3.6157679557800293,3.297895908355713,3.0036911964416504,2.392228603363037,765.620361328125,42.65041732788086,17.843570709228516,12.422085762023926,8.959305763244629,5.793103218078613,3.0950405597686768
90000,100001,17,7,247,92,1,1172.0770263671875,105.55613708496094,50.18938064575195,37.84465789794922,29.53922462463379,21.117961883544922,17.581161499023438,13.351651191711426,12.742561340332031,9.677643775939941,7.088825702667236,6.451656818389893,5.935468673706055,4.119643688201904,3.4559683799743652,3.099165201187134,2.5878281593322754,765.4199829101562,43.33644485473633,18.524831771850586,13.45016860961914,8.838052749633789,5.775184154510498,3.0844595432281494
95000,105001,17,7,254,97,0,1660.96826171875,159.0677490234375,68.35424041748047,53.309913635253906,44.580772399902344,29.400253295898438,23.757558822631836,16.54026985168457,15.810951232910156,12.913347244262695,9.315361976623535,8.299752235412598,6.9261555671691895,5.534058094024658,4.572098255157471,4.072407245635986,3.1514089107513428,1094.9268798828125,61.83620071411133,28.988004684448242,16.81255340576172,10.037449836730957,7.811026573181152,4.052648544311523
95000,105001,17,7,254,97,1,1662.938232421875,159.12843322753906,68.03571319580078,52.61041259765625,42.79718017578125,31.3562068939209,23.352218627929688,16.08465576171875,15.696809768676758,14.03979778289795,8.871074676513672,8.511605262756348,7.116212368011475,5.309207916259766,4.83920431137085,4.054463863372803,3.0424418449401855,1095.22119140625,60.558223724365234,28.398515701293945,17.142614364624023,8.575614929199219,7.030970573425293,3.547426462173462
100000,110001,17,7,255,95,0,2624.89501953125,226.45608520507812,120.2622299194336,63.53782272338867,51.20066833496094,38.39765930175781,30.466176986694336,21.548608779907227,18.29421043395996,17.16463279724121,14.1489896774292,12.458955764770508,10.689306259155273,9.332805633544922,7.772118091583252,5.330665588378906,5.1118693351745605,1677.273193359375,77.38986206054688,47.73064041137695,23.798704147338867,16.64483070373535,9.979144096374512,5.7180681228637695
100000,110001,17,7,255,95,1,2626.131103515625,224.63429260253906,119.5935287475586,65.86312103271484,55.991127014160156,39.2033805847168,32.10140609741211,23.30081558227539,19.468944549560547,17.439191818237305,14.48702621459961,12.56554889678955,8.908824920654297,7.880849361419678,6.534131050109863,5.447935104370117,4.70252799987793,1677.2642822265625,77.8030014038086,50.86656188964844,24.761306762695312,16.455171585083008,8.557953834533691,6.1093430519104
105000,115001,17,7,252,98,0,4242.32080078125,331.3610534667969,127.6116714477539,74.35604858398438,56.353824615478516,48.29958724975586,36.579010009765625,28.556415557861328,21.825233459472656,18.18385887145996,15.79596996307373,14.874874114990234,11.17867660522461,9.140599250793457,8.714624404907227,6.3694610595703125,5.486452579498291,2706.531982421875,134.09889221191406,47.79733657836914,22.62708282470703,18.799928665161133,12.606914520263672,7.802302360534668
105000,115001,17,7,252,98,1,4240.19140625,331.8810729980469,129.2112274169922,73.28395080566406,58.70176696777344,49.69447708129883,36.586368560791016,26.173158645629883,22.76513671875,19.784605026245117,16.55958366394043,14.532906532287598,12.278060913085938,9.029877662658691,7.777815818786621,6.425633430480957,5.055886268615723,2705.81005859375,132.13369750976562,48.225589752197266,23.680255889892578,18.94823455810547,13.863871574401855,7.869176864624023
110000,120001,17,7,250,106,0,5284.4365234375,295.0941467285156,121.08277130126953,85.25618743896484,58.61310577392578,38.48092269897461,32.20021057128906,30.103727340698242,24.13547134399414,20.720273971557617,16.35959243774414,14.362653732299805,11.42347240447998,9.754475593566895,9.158005714416504,8.082489013671875,6.18806266784668,3419.29345703125,98.1491928100586,53.53220748901367,29.429542541503906,17.875200271606445,12.655110359191895,9.242083549499512
110000,120001,17,7,250,106,1,5287.3681640625,293.859375,121.01801300048828,85.54679107666016,55.24725341796875,38.18540573120117,32.15892791748047,28.181474685668945,23.762317657470703,20.709959030151367,16.061405181884766,15.514058113098145,11.086099624633789,10.59550952911377,9.144835472106934,8.807840347290039,6.265342712402344,3421.431396484375,98.53271484375,52.25739669799805,30.789472579956055,15.857699394226074,13.744828224182129,9.634401321411133
115000,125001,17,7,251,108,0,6539.59765625,297.0288391113281,128.05636596679688,78.41051483154297,56.14714431762695,50.26425552368164,37.736087799072266,34.065975189208984,26.706960678100586,18.28643226623535,16.181110382080078,13.845625877380371,12.852154731750488,10.318225860595703,9.776254653930664,7.249843597412109,6.973058223724365,4210.84326171875,107.58499145507812,53.06569290161133,30.674057006835938,16.90941619873047,13.051974296569824,10.628607749938965
115000,125001,17,7,251,108,1,6552.44287109375,299.54425048828125,129.37477111816406,79.15213012695312,55.74288558959961,48.07541275024414,39.28110122680664,32.97241973876953,24.419801712036133,19.675296783447266,18.937747955322266,15.372437477111816,14.39268970489502,13.342080116271973,12.6310396194458,7.756367206573486,6.582855701446533,4219.73876953125,108.21261596679688,53.0352783203125,30.36027717590332,18.4005184173584,15.241179466247559,10.801515579223633
120000,130001,17,7,253,108,0,7926.869140625,404.53985595703125,183.16456604003906,79.77828216552734,61.197349548339844,50.27773666381836,39.08787155151367,34.110572814941406,23.690221786499023,22.785385131835938,17.12421226501465,15.48762035369873,13.514087677001953,11.543840408325195,10.299704551696777,8.219250679016113,6.95602560043335,5078.20849609375,154.23989868164062,50.03904342651367,33.046485900878906,19.125057220458984,15.098443984985352,9.997217178344727
120000,130001,17,7,253,108,1,7923.7880859375,402.45330810546875,181.8363037109375,74.56604766845703,61.554725646972656,51.7043571472168,40.22475051879883,36.883209228515625,23.546457290649414,22.744068145751953,18.82113265991211,13.988642692565918,13.470460891723633,11.517990112304688,10.106758117675781,8.503947257995605,6.883810997009277,5073.69189453125,152.60092163085938,52.46595764160156,33.47761917114258,19.292728424072266,14.238438606262207,11.214485168457031
125000,135001,17,7,251,114,0,9392.5625,310.5322265625,128.1591033935547,90.46534729003906,54.156673431396484,43.71355438232422,39.65813064575195,35.229854583740234,26.20682716369629,21.808578491210938,18.72428321838379,17.551481246948242,14.439826965332031,11.256707191467285,9.270700454711914,8.227132797241211,7.283354759216309,6052.3681640625,114.34942626953125,44.84770202636719,34.29972839355469,21.898160934448242,12.847285270690918,9.04617977142334
125000,135001,17,7,251,114,1,9394.1806640625,312.0263977050781,129.47286987304688,89.07350158691406,54.30710220336914,45.94972610473633,39.84172439575195,37.869510650634766,24.827856063842773,21.70301055908203,19.650178909301758,17.361480712890625,11.998763084411621,11.711686134338379,9.151637077331543,8.048161506652832,6.345339775085449,6054.18505859375,114.59136962890625,44.76095962524414,31.7810001373291,22.50339126586914,12.918766021728516,8.533258438110352
130000,140001,17,7,251,117,0,9646.669921875,260.8275451660156,122.68108367919922,79.18988800048828,51.716773986816406,44.66849899291992,36.56147003173828,34.60593032836914,23.6826171875,21.335161209106445,16.783645629882812,14.442887306213379,12.268871307373047,10.551424026489258,8.903823852539062,7.2316484451293945,6.641656398773193,6176.35302734375,85.4979476928711,40.05593490600586,27.243194580078125,19.170026779174805,10.51968765258789,9.036969184875488
130000,140001,17,7,251,117,1,9646.935546875,264.4774169921875,120.31668090820312,84.8393325805664,54.66901397705078,46.34867477416992,37.029930114746094,32.33678436279297,26.24254035949707,21.38312339782715,18.96034812927246,13.10439395904541,12.734211921691895,11.827641487121582,9.932464599609375,7.743536472320557,6.799849033355713,6173.6728515625,86.9312973022461,41.748634338378906,25.436952590942383,20.628772735595703,12.122964859008789,8.855043411254883
135000,145001,17,7,255,121,0,10693.5673828125,404.4620056152344,154.38067626953125,95.73200225830078,57.52602005004883,51.0568962097168,47.876670837402344,35.8497428894043,29.943294525146484,26.606822967529297,22.065988540649414,18.111906051635742,14.147144317626953,13.335253715515137,10.683931350708008,8.490079879760742,7.004970550537109,6879.2177734375,132.7283172607422,55.73366165161133,34.83848190307617,23.866573333740234,14.843578338623047,10.335288047790527
135000,145001,17,7,255,121,1,10691.1572265625,404.311279296875,159.66578674316406,96.64408874511719,59.76239013671875,53.75727081298828,48.8033332824707,33.60220718383789,32.38883590698242,25.647912979125977,22.608234405517578,13.791000366210938,13.263648986816406,12.634264945983887,10.068354606628418,7.264954090118408,6.61483907699585,6878.287109375,133.81019592285156,57.5650520324707,34.7289924621582,23.61773681640625,13.71148681640625,8.998116493225098
140000,150001,17,7,253,124,0,12014.251953125,280.01025390625,139.7435302734375,97.67082214355469,64.81744384765625,53.152610778808594,49.89168930053711,40.22097396850586,26.442964553833008,25.962528228759766,21.051794052124023,17.073087692260742,13.152900695800781,11.794729232788086,9.966787338256836,8.459161758422852,7.245346546173096,7709.54345703125,107.80290985107422,55.19066619873047,37.04433822631836,19.4910888671875,13.79732894897461,8.728289604187012
140000,150001,17,7,253,124,1,12008.8193359375,276.0898132324219,141.058349609375,94.71672058105469,67.97259521484375,52.973175048828125,51.115745544433594,39.72200012207031,29.239534378051758,25.137527465820312,22.328937530517578,18.94223976135254,13.389986991882324,12.838128089904785,11.350641250610352,10.176623344421387,6.5546064376831055,7705.78515625,107.30423736572266,57.0960807800293,36.06491470336914,23.00642204284668,13.30631160736084,7.7652106285095215
145000,155001,17,7,252,127,0,12302.4091796875,335.67547607421875,117.55335235595703,82.14155578613281,69.34286499023438,48.8374137878418,39.62738037109375,34.32245635986328,30.012409210205078,21.446184158325195,19.7744083404541,17.367210388183594,15.199811935424805,11.81943130493164,9.958990097045898,8.28381633758545,7.455581188201904,7904.46533203125,102.68236541748047,51.73831558227539,34.41354751586914,20.882286071777344,14.815119743347168,9.619871139526367
145000,155001,17,7,252,127,1,12296.939453125,335.49932861328125,116.8215103149414,82.71955871582031,68.7597427368164,49.2741813659668,36.720542907714844,32.43568420410156,30.307506561279297,21.870773315429688,18.02376937866211,17.092023849487305,13.094958305358887,10.43202018737793,9.179170608520508,7.914087772369385,6.0103678703308105,7901.30908203125,103.32095336914062,50.02964401245117,30.641809463500977,21.232624053955078,14.425457000732422,8.786084175109863
150000,160001,17,7,253,124,0,13300.443359375,364.91796875,178.66761779785156,97.12247467041016,72.00984954833984,55.37263107299805,47.271358489990234,42.93913269042969,31.1466007232666,24.585359573364258,21.82841682434082,19.184083938598633,14.73292064666748,11.400633811950684,9.746938705444336,7.630955696105957,6.650875091552734,8539.0068359375,166.67123413085938,53.91127014160156,41.221778869628906,23.430471420288086,13.679643630981445,10.549775123596191
150000,160001,17,7,253,124,1,13285.103515625,363.90985107421875,180.42056274414062,102.0703125,68.37322235107422,54.51255416870117,46.03322982788086,42.679386138916016,31.495019912719727,23.801450729370117,21.457456588745117,18.235029220581055,14.873977661132812,12.330842018127441,10.948587417602539,9.924248695373535,7.82947301864624,8529.2001953125,167.6465606689453,56.30046844482422,40.90592956542969,21.66653060913086,12.89453125,12.547514915466309
155000,165001,17,7,253,129,0,14425.392578125,345.7426452636719,154.56790161132812,81.93228149414062,62.730262756347656,42.39278793334961,42.07804489135742,39.64322280883789,32.34480667114258,28.124189376831055,19.272613525390625,16.732433319091797,13.91536808013916,11.5861177444458,9.578214645385742,8.181683540344238,5.980165481567383,9294.2236328125,112.46488189697266,43.76494598388672,38.43485641479492,24.15229034423828,12.871285438537598,9.482172012329102
155000,165001,17,7,253,129,1,14429.70703125,349.6054992675781,151.0118865966797,81.96525573730469,61.22969436645508,44.87575912475586,40.721221923828125,36.77533721923828,32.67078399658203,26.80789566040039,20.667572021484375,16.480815887451172,14.359174728393555,11.944770812988281,10.425772666931152,8.363433837890625,6.695585250854492,9296.498046875,110.60577392578125,46.32477569580078,38.15962219238281,22.97871208190918,12.671544075012207,9.087624549865723
160000,170001,17,7,251,131,0,14620.0634765625,264.89581298828125,126.19122314453125,81.17479705810547,64.18096160888672,57.7227668762207,52.55721664428711,47.72297286987305,29.850671768188477,26.54964256286621,20.341522216796875,15.283395767211914,12.595222473144531,11.143446922302246,9.580214500427246,8.713557243347168,6.767935276031494,9393.056640625,93.62527465820312,55.56890869140625,38.77473068237305,23.581806182861328,13.766831398010254,9.298811912536621
160000,170001,17,7,251,131,1,14622.23046875,260.6024169921875,124.44303131103516,81.84796905517578,63.43038558959961,53.367977142333984,49.711830139160156,45.3154296875,30.177894592285156,25.001615524291992,23.194089889526367,17.094951629638672,14.73026180267334,13.606453895568848,12.430841445922852,8.78137493133545,6.516597270965576,9395.1982421875,91.67838287353516,53.65973663330078,36.9477424621582,23.56635856628418,14.714458465576172,11.146036148071289
165000,175001,17,7,252,128,0,15173.06640625,436.211669921875,146.6541290283203,100.82678985595703,71.05615234375,57.29899215698242,51.48554229736328,45.2036247253418,31.30564308166504,26.302602767944336,22.54144859313965,20.315322875976562,14.934203147888184,11.640572547912598,8.949615478515625,8.274212837219238,7.2945356369018555,9731.4912109375,154.7794189453125,62.069583892822266,40.21613311767578,26.422548294067383,16.749011993408203,8.682332038879395
165000,175001,17,7,252,128,1,15150.2080078125,430.99700927734375,142.60264587402344,95.43901062011719,68.00811767578125,56.53373336791992,48.05631637573242,45.0317268371582,29.080724716186523,23.201202392578125,20.557544708251953,19.979217529296875,15.701401710510254,11.713766098022461,11.38976764678955,8.28557300567627,7.420411109924316,9715.46875,150.47781372070312,61.78413009643555,37.90953063964844,23.72592544555664,17.361888885498047,10.2036714553833
170000,180001,17,7,252,130,0,15574.2451171875,476.06378173828125,147.22152709960938,101.60472106933594,57.856788635253906,51.94047927856445,49.4415168762207,44.29543685913086,26.564306259155273,23.126375198364258,20.300071716308594,16.704532623291016,14.537075996398926,13.146879196166992,10.28658676147461,8.897310256958008,6.5849504470825195,9980.8701171875,168.79537963867188,56.00851058959961,39.29877853393555,21.8011531829834,14.742390632629395,10.070512771606445
170000,180001,17,7,252,130,1,15585.7900390625,484.11346435546875,144.74668884277344,103.76819610595703,57.89503860473633,52.04396057128906,45.47689437866211,43.90148162841797,27.132238388061523,23.422849655151367,20.930391311645508,17.559541702270508,14.481976509094238,12.357217788696289,9.466999053955078,8.069172859191895,6.4318342208862305,9988.8984375,170.7737579345703,55.73092269897461,37.78234100341797,19.08847999572754,13.874387741088867,10.64391040802002
175000,185001,17,7,246,139,0,15910.8798828125,272.58673095703125,143.1550750732422,80.59913635253906,65.90824890136719,55.357601165771484,49.39080810546875,43.096309661865234,33.925777435302734,27.13007354736328,20.845149993896484,18.178190231323242,14.27756404876709,12.04611873626709,10.7265625,9.086383819580078,7.9648613929748535,10199.8349609375,83.31044006347656,50.112388610839844,39.676517486572266,21.663209915161133,12.7476224899292,9.904314994812012
175000,185001,17,7,246,139,1,15897.865234375,265.35028076171875,144.75262451171875,81.75521850585938,66.75192260742188,56.178348541259766,50.280967712402344,42.06098937988281,34.409515380859375,26.138261795043945,20.79888916015625,16.366714477539062,15.75446891784668,13.91197395324707,10.257107734680176,8.407805442810059,7.1271748542785645,10191.572265625,85.83976745605469,47.846736907958984,40.471702575683594,22.458999633789062,16.54202651977539,10.733809471130371
180000,190001,17,7,252,143,0,16394.736328125,353.41375732421875,150.12762451171875,89.28962707519531,63.506256103515625,53.871456146240234,46.253570556640625,41.529296875,28.427356719970703,24.744976043701172,22.038358688354492,18.667898178100586,14.807774543762207,12.687451362609863,11.71931266784668,8.994277000427246,8.281787872314453,10551.3017578125,128.1211395263672,49.528446197509766,37.85991287231445,23.280406951904297,14.732022285461426,10.7822847366333
180000,190001,17,7,252,143,1,16410.767578125,354.75384521484375,146.77232360839844,86.79546356201172,66.88098907470703,60.74216079711914,55.57157897949219,47.66035461425781,32.832923889160156,23.685964584350586,22.398073196411133,21.84259796142578,16.920347213745117,14.852136611938477,12.51520824432373,10.770597457885742,8.713787078857422,10560.2216796875,129.53138732910156,55.070533752441406,46.321956634521484,24.715513229370117,16.587963104248047,11.604798316955566
185000,195001,17,7,252,137,0,16815.484375,330.22906494140625,148.88986206054688,103.92627716064453,70.01056671142578,58.2048454284668,49.129798889160156,41.44660186767578,29.485576629638672,28.685821533203125,23.443405151367188,21.3470458984375,15.282689094543457,13.801504135131836,11.896718978881836,8.854589462280273,7.015753746032715,10791.7744140625,133.0906524658203,62.61252212524414,42.00171661376953,28.64766502380371,15.561142921447754,10.262544631958008
185000,195001,17,7,252,137,1,16794.21484375,331.81524658203125,152.6249237060547,99.65266418457031,73.43119049072266,60.68552780151367,52.0084342956543,41.74702835083008,30.65241241455078,29.105134963989258,24.753538131713867,21.715839385986328,15.573458671569824,14.160706520080566,12.199132919311523,8.753850936889648,8.13253116607666,10777.1474609375,136.48851013183594,60.55852127075195,44.62827682495117,29.333621978759766,15.654035568237305,10.585753440856934
190000,200001,17,7,253,143,0,15457.115234375,281.4432373046875,139.3551483154297,91.29654693603516,61.475311279296875,47.36881637573242,40.94289016723633,36.77161407470703,30.319704055786133,24.531295776367188,19.888809204101562,15.870343208312988,12.760200500488281,11.229960441589355,8.930540084838867,8.41425895690918,6.557640075683594,9894.3173828125,120.0801010131836,50.59194564819336,33.467506408691406,22.306285858154297,19.836362838745117,8.48978328704834
190000,200001,17,7,253,143,1,15449.7353515625,277.9031066894531,140.00222778320312,87.87461853027344,61.30487060546875,49.83667755126953,44.912662506103516,41.863319396972656,30.597043991088867,22.94310760498047,19.489015579223633,15.298298835754395,13.542654037475586,12.896281242370605,10.83301830291748,8.704689025878906,6.719756603240967,9889.146484375,120.2506103515625,52.537628173828125,35.152488708496094,21.005157470703125,15.320344924926758,9.527440071105957
195000,205001,17,7,254,147,0,17806.1171875,374.7623291015625,136.71229553222656,93.6298599243164,73.2663345336914,53.274166107177734,46.633033752441406,39.7170295715332,32.519805908203125,27.63747215270996,19.286727905273438,16.37834930419922,14.187997817993164,12.963423728942871,9.88109016418457,8.649007797241211,6.099134922027588,11407.0263671875,138.47930908203125,61.535892486572266,41.25477600097656,29.052017211914062,15.576698303222656,10.491366386413574
195000,205001,17,7,254,147,1,17812.142578125,373.9924011230469,138.5577392578125,95.53607177734375,72.58112335205078,56.397544860839844,49.42036819458008,43.804176330566406,31.97934913635254,25.824378967285156,20.782943725585938,16.634885787963867,15.027209281921387,12.67284107208252,11.125720024108887,8.458597183227539,8.134214401245117,11409.833984375,139.9679412841797,61.927589416503906,41.37405776977539,29.328046798706055,13.999704360961914,10.376856803894043
200000,210001,17,7,250,151,0,17153.544921875,345.44781494140625,140.34632873535156,85.9382095336914,64.2037582397461,55.166988372802734,47.6417121887207,45.84700393676758,34.10641860961914,25.995807647705078,23.60879898071289,18.684017181396484,14.299487113952637,12.68574333190918,9.434927940368652,8.470077514648438,8.09203815460205,11009.876953125,118.23272705078125,57.82950210571289,39.94682693481445,23.82642936706543,13.303512573242188,9.109158515930176
200000,210001,17,7,250,151,1,17154.119140625,355.697021484375,142.39273071289062,84.49077606201172,61.87788772583008,49.11369323730469,45.34281539916992,42.145416259765625,30.994014739990234,25.44720458984375,19.878904342651367,16.58184814453125,15.0352783203125,11.377047538757324,9.57390022277832,7.6402153968811035,6.975144386291504,11012.1044921875,116.76618957519531,56.04287338256836,34.4622802734375,22.901885986328125,14.991318702697754,8.76921558380127
205000,215001,17,7,251,141,0,18095.390625,379.35760498046875,117.60623931884766,84.38865661621094,57.161155700683594,46.411834716796875,44.871456146240234,35.252723693847656,26.043270111083984,21.942657470703125,19.383935928344727,14.60529899597168,13.603691101074219,10.295493125915527,10.208385467529297,7.798855304718018,7.209347724914551,11631.404296875,103.55892944335938,54.85805892944336,31.326940536499023,18.378087997436523,12.832359313964844,8.393835067749023
205000,215001,17,7,251,141,1,18093.990234375,380.928466796875,120.0810546875,83.11933898925781,57.80314636230469,46.195255279541016,44.94820785522461,31.973485946655273,22.780656814575195,21.766136169433594,19.370174407958984,14.918760299682617,13.620855331420898,12.123963356018066,10.058121681213379,8.51540470123291,6.9392571449279785,11630.919921875,105.25943756103516,52.050987243652344,24.702272415161133,18.98805809020996,13.297159194946289,8.694941520690918
210000,220001,17,7,253,155,0,18107.912109375,271.073486328125,133.77574157714844,80.6332778930664,60.38371658325195,54.05447769165039,48.1530647277832,42.47019958496094,26.949581146240234,21.052522659301758,19.651084899902344,14.155858993530273,11.451447486877441,10.752849578857422,10.443175315856934,7.615499973297119,6.003992557525635,11599.923828125,105.49552154541016,56.77698516845703,43.358924865722656,23.692665100097656,14.08710765838623,9.197681427001953
210000,220001,17,7,253,155,1,18088.3046875,272.3024597167969,131.19813537597656,84.32066345214844,60.94409942626953,55.52277755737305,48.416255950927734,44.399070739746094,25.04219627380371,22.056182861328125,18.752588272094727,14.560864448547363,13.094904899597168,12.050606727600098,11.200161933898926,7.436471462249756,6.282179355621338,11587.6025390625,105.93011474609375,58.750064849853516,41.325439453125,24.617446899414062,13.49579906463623,9.048295974731445
215000,225001,17,7,252,152,0,17455.70703125,249.4993896484375,110.58142852783203,76.73213958740234,56.2257194519043,44.49933624267578,40.14679718017578,38.58638000488281,27.103992462158203,20.08546257019043,18.194759368896484,15.193876266479492,12.197691917419434,11.829435348510742,10.164987564086914,8.265992164611816,6.701145648956299,11215.26953125,115.80304718017578,54.851985931396484,32.96596145629883,18.574769973754883,13.282092094421387,9.300854682922363
215000,225001,17,7,252,152,1,17459.626953125,251.38389587402344,111.860107421875,80.43157196044922,59.16184616088867,46.1607666015625,43.4056396484375,39.07305908203125,27.98552131652832,21.82654571533203,17.358224868774414,14.431145668029785,12.432562828063965,10.907069206237793,9.696525573730469,8.205147743225098,6.434389114379883,11216.7763671875,118.73928833007812,55.91375732421875,36.40599060058594,20.766565322875977,14.362105369567871,9.276497840881348
220000,230001,17,7,254,148,0,18141.64453125,344.7366027832031,132.62490844726562,92.33636474609375,60.799713134765625,51.8846321105957,45.72688674926758,39.74396514892578,36.04074478149414,21.03849983215332,20.81433868408203,16.757457733154297,14.057347297668457,12.092641830444336,9.407605171203613,8.885488510131836,7.8276448249816895,11660.1171875,122.0078125,55.44007110595703,42.596099853515625,20.779935836791992,15.885087013244629,10.159754753112793
220000,230001,17,7,254,148,1,18127.5,344.4095153808594,132.58168029785156,89.85397338867188,60.541587829589844,52.18941879272461,41.82777786254883,38.01808547973633,35.60778045654297,23.982141494750977,23.857784271240234,17.752897262573242,15.001279830932617,9.982869148254395,9.37271499633789,8.021236419677734,7.868790149688721,11651.00390625,120.78614807128906,54.71535110473633,37.718666076660156,21.469745635986328,15.291964530944824,9.041119575500488
225000,235001,17,7,251,152,0,19012.0078125,257.013916015625,137.44390869140625,94.5466079711914,65.65213775634766,57.814022064208984,48.85282516479492,44.29401779174805,28.767974853515625,25.25302505493164,18.62401580810547,16.38976287841797,12.644129753112793,11.219816207885742,9.893204689025879,8.056602478027344,7.100196361541748,12228.7978515625,116.44577026367188,57.09086227416992,34.52750778198242,21.748205184936523,12.765707015991211,8.868806838989258
225000,235001,17,7,251,152,1,19024.80859375,254.5833282470703,139.78610229492188,97.16602325439453,68.32478332519531,57.780696868896484,51.13542556762695,43.14090347290039,27.81928062438965,26.122037887573242,19.62916374206543,16.184419631958008,14.193078994750977,11.2588472366333,10.352120399475098,8.106289863586426,7.703578948974609,12237.322265625,117.67926788330078,56.93052291870117,35.2914924621582,22.822071075439453,15.14081859588623,9.706048965454102
230000,240001,17,7,254,153,0,20181.474609375,458.62017822265625,163.81788635253906,93.59562683105469,78.65061950683594,60.50419998168945,55.26200866699219,50.950111389160156,36.115455627441406,26.974834442138672,23.093835830688477,17.68497085571289,14.273480415344238,13.022425651550293,9.593412399291992,8.939828872680664,8.614931106567383,12920.0556640625,157.52755737304688,64.37928009033203,46.38079833984375,27.278278350830078,14.118797302246094,9.696314811706543
230000,240001,17,7,254,153,1,20179.751953125,456.081787109375,165.97259521484375,97.54203033447266,81.84609985351562,63.5025634765625,50.37641525268555,46.234840393066406,38.412994384765625,25.618467330932617,22.650081634521484,18.75481605529785,14.990493774414062,12.412697792053223,10.670920372009277,8.486915588378906,8.272540092468262,12919.44140625,156.7406463623047,64.5309829711914,44.85464859008789,26.846513748168945,13.68369197845459,9.599719047546387
235000,245001,17,7,249,150,0,20345.548828125,634.7924194335938,179.54957580566406,116.09745788574219,65.52839660644531,57.04539489746094,54.68913650512695,47.36338424682617,32.466453552246094,28.675920486450195,25.430463790893555,17.246549606323242,14.634710311889648,12.391011238098145,11.450409889221191,9.577610969543457,8.580907821655273,13050.8916015625,159.15579223632812,61.704872131347656,36.770286560058594,25.384614944458008,15.238481521606445,11.777871131896973
235000,245001,17,7,249,150,1,20346.138671875,638.2817993164062,178.31588745117188,114.0333251953125,66.80281829833984,56.16120529174805,55.093772888183594,46.5359992980957,31.271160125732422,26.463050842285156,21.054811477661133,17.03746795654297,15.088639259338379,12.440794944763184,11.85682487487793,9.52015209197998,7.687753200531006,13052.0048828125,162.3697509765625,62.661102294921875,36.172096252441406,22.656328201293945,15.075684547424316,11.462385177612305
240000,250001,17,7,254,162,0,20332.201171875,265.46337890625,130.3034210205078,78.81438446044922,68.45230102539062,53.09573745727539,46.4704704284668,44.18292999267578,26.42378044128418,23.355144500732422,19.303775787353516,15.990448951721191,12.775408744812012,11.210195541381836,9.404411315917969,7.5314860343933105,6.531643867492676,13076.953125,100.48145294189453,55.04475784301758,34.550376892089844,23.17557716369629,11.540332794189453,8.41407299041748
240000,250001,17,7,254,162,1,20334.0,265.7461853027344,129.91290283203125,79.67459106445312,64.29325103759766,49.478919982910156,43.074161529541016,35.61913299560547,25.505271911621094,20.966279983520508,18.867891311645508,15.493698120117188,11.858158111572266,10.84522819519043,10.423277854919434,8.079971313476562,7.122183322906494,13077.3193359375,98.83407592773438,49.882301330566406,30.392454147338867,20.819875717163086,12.340917587280273,9.39926528930664
245000,255001,17,7,248,171,0,19730.390625,436.6278991699219,179.75653076171875,92.03264617919922,58.93191909790039,52.918827056884766,46.634918212890625,43.57316589355469,31.58792495727539,21.919157028198242,21.419147491455078,16.20771598815918,14.815206527709961,13.950767517089844,9.673019409179688,8.949469566345215,8.056048393249512,12658.3818359375,134.7677764892578,48.967811584472656,41.84560012817383,20.875213623046875,17.601900100708008,9.355714797973633
245000,255001,17,7,248,171,1,19734.37109375,435.92803955078125,181.03204345703125,91.4542465209961,62.22135925292969,52.69468307495117,45.596561431884766,42.00510787963867,31.525163650512695,24.123226165771484,18.802974700927734,16.172054290771484,14.863872528076172,10.998435020446777,8.487186431884766,7.854300498962402,6.906760215759277,12661.4716796875,133.75230407714844,51.863277435302734,39.66040802001953,21.98691177368164,14.915327072143555,8.240020751953125
250000,260001,17,7,252,163,0,20064.6796875,365.8240051269531,172.1774139404297,89.6610336303711,68.89517974853516,53.76187515258789,47.226131439208984,44.642005920410156,31.148338317871094,21.8922061920166,20.055147171020508,17.892078399658203,14.411133766174316,12.6082763671875,10.137969017028809,8.205491065979004,6.792444229125977,12888.451171875,124.29398345947266,61.75563049316406,38.61986541748047,22.927520751953125,17.394874572753906,10.183403015136719
250000,260001,17,7,252,163,1,20057.7734375,364.500732421875,176.99505615234375,83.60108947753906,72.29728698730469,55.460418701171875,48.92781066894531,47.848751068115234,32.48396301269531,23.50580406188965,22.134830474853516,16.091001510620117,14.455596923828125,11.50909423828125,8.524539947509766,7.524033069610596,7.088459014892578,12884.533203125,125.84635162353516,60.87092590332031,42.29241943359375,23.26865577697754,14.06769847869873,10.233263969421387
255000,265001,17,7,251,157,0,20950.0703125,508.99493408203125,165.53369140625,98.32672882080078,78.23368835449219,62.91157913208008,56.124847412109375,51.535606384277344,38.523990631103516,29.08026695251465,24.887821197509766,21.519182205200195,15.372244834899902,13.781576156616211,11.477277755737305,8.817978858947754,7.92826509475708,13459.83203125,200.95521545410156,85.17489624023438,45.25544357299805,27.946853637695312,19.010822296142578,11.725205421447754
255000,265001,17,7,251,157,1,20955.19921875,507.40093994140625,159.7465362548828,96.21783447265625,74.03272247314453,61.79659652709961,55.81765365600586,48.109798431396484,35.01105880737305,29.383726119995117,23.67619514465332,21.127742767333984,16.200267791748047,14.046239852905273,11.826744079589844,10.796142578125,9.920574188232422,13463.0009765625,194.8032989501953,77.19864654541016,40.6757698059082,28.853471755981445,18.829408645629883,12.331011772155762
260000,270001,17,7,252,170,0,21274.3828125,586.358154296875,185.29788208007812,127.2451171875,87.2425308227539,51.585060119628906,49.316673278808594,46.42222595214844,30.966548919677734,26.19515037536621,20.435195922851562,19.230234146118164,13.746527671813965,13.344573974609375,11.17678165435791,9.700265884399414,7.026470184326172,13638.7392578125,171.27767944335938,66.77213287353516,45.01020050048828,27.558574676513672,14.687518119812012,11.211750030517578
260000,270001,17,7,252,170,1,21270.2734375,584.52587890625,181.47950744628906,132.58616638183594,84.05695343017578,48.39094543457031,47.94503402709961,44.66561508178711,32.49066925048828,24.657596588134766,21.009660720825195,19.37746810913086,15.082661628723145,12.657694816589355,11.052570343017578,8.866647720336914,7.797450065612793,13636.52734375,176.29588317871094,65.65755462646484,44.683021545410156,25.329557418823242,15.660309791564941,11.223875045776367
265000,275001,17,7,251,161,0,21816.64453125,379.7945556640625,150.32955932617188,93.9839096069336,79.990966796875,60.452274322509766,58.21805953979492,49.9025993347168,38.70124435424805,27.373464584350586,20.68906021118164,18.3359432220459,14.762198448181152,12.08293628692627,9.530335426330566,8.75700569152832,6.948775291442871,14055.9033203125,114.37629699707031,70.4899673461914,44.17319869995117,24.631458282470703,19.43434715270996,9.268887519836426
265000,275001,17,7,251,161,1,21845.6796875,378.6325988769531,149.79342651367188,98.90133666992188,80.44548034667969,59.96858596801758,56.37832260131836,46.78331756591797,37.48325729370117,24.96600341796875,20.356658935546875,17.312782287597656,15.262433052062988,12.779748916625977,10.864354133605957,10.074467658996582,7.6987199783325195,14075.2822265625,117.26545715332031,69.10579681396484,42.73091506958008,26.38388442993164,14.746498107910156,9.836397171020508
270000,280001,17,7,250,167,0,22481.888671875,295.1852111816406,129.23670959472656,99.08035278320312,76.83940887451172,56.47447204589844,54.09347152709961,51.406646728515625,37.39877700805664,25.150333404541016,21.919832229614258,16.84386444091797,16.15247344970703,13.78217601776123,10.63476848602295,9.411872863769531,8.082311630249023,14431.9443359375,115.56085205078125,68.41642761230469,44.05561065673828,24.319543838500977,16.249799728393555,10.5159273147583
270000,280001,17,7,250,167,1,22488.869140625,298.1807861328125,129.77183532714844,99.79553985595703,79.29024505615234,60.48310852050781,58.50496292114258,53.98171615600586,32.98210144042969,25.743671417236328,21.824790954589844,18.732114791870117,16.74713897705078,13.555241584777832,10.93659782409668,9.484720230102539,8.543590545654297,14434.984375,112.36308288574219,70.49480438232422,46.49762725830078,24.551912307739258,18.86949348449707,11.306254386901855
275000,285001,17,7,252,167,0,22374.21484375,315.2110595703125,161.82420349121094,94.44802856445312,78.2027359008789,58.44818878173828,52.003662109375,51.31591033935547,30.093976974487305,23.73198127746582,22.013872146606445,21.022563934326172,17.233760833740234,15.136604309082031,12.498376846313477,10.155726432800293,8.834686279296875,14380.123046875,124.47142028808594,67.90258026123047,44.02633285522461,24.37038803100586,17.666690826416016,12.301207542419434
275000,285001,17,7,252,167,1,22378.31640625,318.8453674316406,164.52297973632812,98.27645874023438,78.61022186279297,55.22304916381836,50.339534759521484,49.6856575012207,31.710479736328125,23.661109924316406,21.377214431762695,20.170560836791992,14.125446319580078,11.504344940185547,10.304655075073242,9.214546203613281,8.691649436950684,14382.587890625,126.55691528320312,67.0025863647461,44.71403121948242,22.71500587463379,17.210363388061523,10.109878540039062
280000,290001,17,7,254,167,0,22078.888671875,484.1221008300781,176.9829559326172,120.92658233642578,85.05510711669922,60.41551208496094,54.26413345336914,48.680908203125,31.958404541015625,30.201679229736328,23.89391326904297,18.938398361206055,18.269519805908203,14.225860595703125,12.800806045532227,10.871442794799805,9.262855529785156,14162.419921875,190.53245544433594,111.0997314453125,48.295902252197266,30.587181091308594,20.091411590576172,13.077494621276855
280000,290001,17,7,254,167,1,22062.048828125,483.7800598144531,172.7691650390625,115.14265441894531,81.62647247314453,58.23773193359375,47.50790023803711,43.49364471435547,32.64743423461914,29.96689796447754,22.996002197265625,20.086332321166992,18.806650161743164,15.33959674835205,13.738869667053223,11.918695449829102,10.028494834899902,14150.4521484375,185.65847778320312,96.39640045166016,44.78856658935547,30.49211311340332,20.270523071289062,14.159612655639648
285000,295001,17,7,251,169,0,22866.2890625,308.7043151855469,139.75186157226562,101.4957046508789,74.87512969970703,58.305755615234375,50.83034133911133,47.0109977722168,34.290157318115234,28.841991424560547,25.309009552001953,20.85647964477539,16.878244400024414,15.992941856384277,12.516080856323242,11.977941513061523,8.49856948852539,14700.0693359375,132.79415893554688,60.0357780456543,44.949607849121094,26.623477935791016,14.777641296386719,12.40350341796875
285000,295001,17,7,251,169,1,22855.2265625,309.6524353027344,138.0409698486328,102.8188705444336,75.95211029052734,63.21835708618164,53.89729309082031,47.65050506591797,34.2769889831543,26.754093170166016,21.753803253173828,18.864025115966797,16.985198974609375,14.045614242553711,11.801332473754883,10.87081527709961,8.835041046142578,14691.6728515625,129.67762756347656,63.468421936035156,48.07453155517578,27.595813751220703,16.049049377441406,12.87294864654541
290000,300001,17,7,254,176,0,23630.27734375,465.39697265625,187.44578552246094,128.57623291015625,68.2420654296875,58.92819595336914,54.22426223754883,45.640472412109375,31.276304244995117,26.905174255371094,24.509746551513672,18.808271408081055,14.668594360351562,14.194189071655273,12.29988956451416,11.070743560791016,8.99323844909668,15182.00390625,125.8621826171875,55.320980072021484,42.19178009033203,23.933799743652344,14.886133193969727,11.238292694091797
290000,300001,17,7,254,176,1,23634.24609375,464.608154296875,186.7136993408203,132.8949737548828,70.02418518066406,59.920684814453125,53.265625,47.49808120727539,29.3654842376709,28.178203582763672,25.207439422607422,17.465614318847656,16.025251388549805,13.316695213317871,11.464075088500977,10.760190963745117,9.60641860961914,15183.5419921875,125.94207000732422,58.246376037597656,41.582420349121094,24.578176498413086,16.029672622680664,12.122196197509766
295000,305001,17,7,253,164,0,23960.154296875,434.07012939453125,155.50433349609375,105.12207794189453,61.97562026977539,58.23735427856445,49.69532012939453,43.036338806152344,35.82926940917969,25.198734283447266,21.830307006835938,20.66422462463379,14.802661895751953,13.466808319091797,11.013542175292969,9.735672950744629,8.692031860351562,15384.74609375,147.6212921142578,49.86759948730469,44.857200622558594,24.532915115356445,17.61411476135254,11.020380973815918
295000,305001,17,7,253,164,1,23956.4296875,430.3964538574219,154.60595703125,108.7697982788086,61.54478073120117,60.93321990966797,51.16901779174805,44.471397399902344,33.906314849853516,25.8010311126709,22.67961883544922,21.15843963623047,15.86700439453125,13.007719993591309,10.637677192687988,9.54022216796875,8.016814231872559,15383.69140625,144.4718475341797,54.35690689086914,40.56309509277344,25.382627487182617,18.53519058227539,11.824796676635742
300000,310001,17,7,256,186,0,23453.95703125,459.0175476074219,164.21070861816406,113.34461975097656,78.97638702392578,67.65036010742188,56.218353271484375,47.52263641357422,38.86677932739258,30.43067741394043,24.577075958251953,20.66187858581543,15.745265007019043,13.584417343139648,12.25007438659668,11.133158683776855,9.283392906188965,15043.9853515625,127.36223602294922,66.63802337646484,48.73382568359375,30.819067001342773,16.529333114624023,12.794052124023438
300000,310001,17,7,256,186,1,23465.701171875,455.4971008300781,161.57444763183594,114.77900695800781,80.218017578125,61.76459884643555,53.62459945678711,48.38595962524414,37.529788970947266,27.675506591796875,24.238679885864258,18.722736358642578,14.966684341430664,13.180152893066406,12.059260368347168,10.135019302368164,9.042466163635254,15050.908203125,130.44325256347656,64.56475830078125,44.585418701171875,26.467914581298828,14.713338851928711,10.002955436706543
305000,315001,17,7,248,176,0,23635.365234375,396.98956298828125,157.95535278320312,105.1300048828125,70.81434631347656,61.66191482543945,58.38200378417969,54.08600616455078,36.81693649291992,28.934022903442383,23.776012420654297,20.53798484802246,16.65471649169922,14.79085636138916,13.432430267333984,9.824129104614258,8.748058319091797,15187.712890625,135.50575256347656,60.648685455322266,52.639469146728516,26.16814422607422,17.7351016998291,14.677189826965332
305000,315001,17,7,248,176,1,23636.9375,397.1050720214844,155.85264587402344,106.51177978515625,69.75701141357422,59.778587341308594,56.50957107543945,47.87720489501953,35.199249267578125,27.921913146972656,22.9403018951416,20.655132293701172,16.545860290527344,13.922614097595215,12.292266845703125,9.883729934692383,9.080779075622559,15189.7822265625,134.13327026367188,60.60909652709961,50.609893798828125,27.115737915039062,15.316240310668945,13.209439277648926
310000,320001,17,7,250,176,0,24212.064453125,303.8141784667969,146.04556274414062,101.6599349975586,67.50138854980469,50.53123474121094,44.26056671142578,41.156593322753906,29.65601921081543,27.14034080505371,21.50954818725586,17.34645652770996,16.441770553588867,12.696496963500977,11.26341438293457,9.357707023620605,7.339906215667725,15551.25390625,133.34097290039062,52.66835403442383,32.01698684692383,22.642356872558594,17.097604751586914,10.547560691833496
310000,320001,17,7,250,176,1,24215.21875,307.2825927734375,147.9164276123047,105.81551361083984,66.81348419189453,49.2363166809082,47.15522003173828,41.619503021240234,29.315065383911133,24.75339126586914,21.37271499633789,18.813018798828125,16.37445831298828,14.102741241455078,12.792376518249512,9.8997802734375,9.498695373535156,15553.3974609375,135.39405822753906,52.70026779174805,32.344627380371094,22.088132858276367,16.2365779876709,11.245881080627441
315000,325001,17,7,253,175,0,25541.890625,352.6367492675781,198.51885986328125,120.23847961425781,79.33245849609375,71.41433715820312,56.56023406982422,51.16510772705078,41.70438003540039,29.636953353881836,23.027786254882812,19.7598876953125,18.036460876464844,17.358440399169922,12.884852409362793,11.378997802734375,9.97063159942627,16417.349609375,149.73281860351562,74.39666748046875,49.85530090332031,32.79291915893555,19.02387809753418,13.401758193969727
315000,325001,17,7,253,175,1,25544.40625,351.14178466796875,197.28614807128906,125.91222381591797,80.26134490966797,70.39484405517578,58.867610931396484,50.56864929199219,42.03833770751953,28.321044921875,25.832111358642578,21.941356658935547,19.477418899536133,16.15735626220703,14.67646598815918,11.489045143127441,9.700637817382812,16419.84765625,152.93502807617188,74.27584075927734,46.81871795654297,30.79203224182129,17.232418060302734,13.436327934265137
320000,330001,17,7,251,172,0,24248.41796875,459.8473815917969,172.06752014160156,110.18960571289062,81.46393585205078,60.641197204589844,52.53883743286133,45.57905578613281,35.90761184692383,30.193206787109375,24.932788848876953,21.677595138549805,15.426523208618164,13.521629333496094,11.946130752563477,10.270441055297852,8.028684616088867,15579.3427734375,156.7179718017578,71.66667175292969,45.92267990112305,28.39837074279785,16.465024948120117,11.22594165802002
320000,330001,17,7,251,172,1,24238.244140625,461.0563659667969,164.69358825683594,108.65787506103516,73.56241607666016,61.092979431152344,53.13642883300781,46.6848258972168,35.792640686035156,32.89693832397461,21.973918914794922,19.778221130371094,16.07105827331543,14.192424774169922,10.814126014709473,9.214851379394531,8.245465278625488,15571.873046875,152.70458984375,69.81880950927734,46.101863861083984,27.813671112060547,17.378942489624023,11.239243507385254
325000,335001,17,7,251,177,0,24959.427734375,390.6893615722656,207.31654357910156,143.30642700195312,83.9118423461914,63.111785888671875,55.837860107421875,52.389564514160156,34.08609390258789,30.57585906982422,26.247488021850586,22.077768325805664,18.041231155395508,14.051241874694824,12.694244384765625,11.766127586364746,9.882357597351074,16030.3720703125,141.4486846923828,69.3333740234375,41.85877227783203,28.09292984008789,17.49535369873047,11.768526077270508
325000,335001,17,7,251,177,1,24970.2578125,396.5751037597656,206.4600067138672,140.31407165527344,78.90635681152344,59.38294982910156,53.914913177490234,50.31371307373047,35.68551254272461,30.052902221679688,24.76508903503418,20.669551849365234,16.57706642150879,13.882377624511719,12.403417587280273,10.038688659667969,9.18891716003418,16037.1806640625,140.17437744140625,61.20954132080078,38.19215774536133,24.602909088134766,18.00063133239746,11.069356918334961
330000,340001,17,7,253,173,0,25341.724609375,321.1501159667969,186.40789794921875,100.98362731933594,83.18082427978516,61.80176544189453,52.656532287597656,49.72622299194336,34.9022331237793,24.649616241455078,23.288467407226562,20.262022018432617,15.378847122192383,13.845827102661133,12.645009994506836,11.400781631469727,9.447843551635742,16272.541015625,129.37779235839844,64.34705352783203,44.51008987426758,26.326452255249023,15.45207405090332,11.181297302246094
330000,340001,17,7,253,173,1,25351.67578125,319.3409423828125,189.23411560058594,98.04792022705078,83.65577697753906,53.21974563598633,50.311588287353516,46.78964614868164,34.334537506103516,23.905517578125,22.80476951599121,20.192066192626953,15.630995750427246,14.785624504089355,12.901596069335938,11.913322448730469,8.841379165649414,16278.9912109375,126.52996826171875,66.31226348876953,40.82588577270508,25.139814376831055,15.836894989013672,9.786532402038574
335000,345001,17,7,253,180,0,26405.330078125,415.83966064453125,213.35293579101562,128.3290557861328,99.35064697265625,66.40872192382812,56.43662643432617,52.714229583740234,36.57297897338867,29.938446044921875,25.922157287597656,22.734594345092773,17.757848739624023,16.197195053100586,14.895347595214844,12.579611778259277,10.891736030578613,16918.34765625,230.1296844482422,83.00208282470703,42.99367141723633,26.017688751220703,18.96910285949707,12.239449501037598
335000,345001,17,7,253,180,1,26393.3203125,416.41583251953125,210.1472930908203,130.87371826171875,98.34954833984375,65.39244842529297,56.53394317626953,48.60566711425781,35.44900894165039,34.693241119384766,28.713605880737305,23.716005325317383,20.30290412902832,17.45909309387207,15.259649276733398,12.8134126663208,10.399670600891113,16910.16015625,234.5731964111328,78.48873901367188,41.189735412597656,32.13199996948242,18.451967239379883,12.326522827148438
340000,350001,17,7,254,182,0,25003.015625,444.01177978515625,249.67300415039062,131.40599060058594,93.2157974243164,70.29019927978516,59.97593688964844,52.35995101928711,36.77057647705078,29.86791229248047,21.899534225463867,18.15281867980957,16.234567642211914,13.618700981140137,12.433547019958496,10.086756706237793,9.050981521606445,16041.654296875,223.3609161376953,104.41120910644531,52.02497482299805,25.03042221069336,17.428091049194336,13.793713569641113
340000,350001,17,7,254,182,1,25011.953125,443.3375244140625,247.6033477783203,124.59172821044922,90.4817886352539,69.73452758789062,58.26067352294922,49.525691986083984,35.91473388671875,31.446176528930664,22.77450180053711,20.20071029663086,17.204959869384766,14.148774147033691,12.947269439697266,11.106066703796387,9.174647331237793,16047.9306640625,217.980224609375,97.19769287109375,51.55857467651367,27.509370803833008,19.03424644470215,12.43449878692627
345000,355001,17,7,254,186,0,25603.8984375,351.1440124511719,153.9376983642578,108.05982971191406,73.63851165771484,57.425804138183594,53.25630187988281,51.093955993652344,38.44256591796875,28.619800567626953,27.092754364013672,21.166168212890625,17.20810317993164,15.166814804077148,13.075738906860352,11.644760131835938,10.093374252319336,16428.681640625,136.8798065185547,58.06111526489258,49.34159851074219,28.9950008392334,19.300735473632812,13.55556869506836
345000,355001,17,7,254,186,1,25603.9765625,354.483642578125,152.6901092529297,108.56255340576172,72.49066925048828,57.14686584472656,56.158409118652344,50.474945068359375,36.953269958496094,27.152708053588867,24.104345321655273,19.440349578857422,17.147729873657227,14.18668270111084,14.107800483703613,11.608657836914062,9.174818992614746,16429.150390625,136.96636962890625,60.86366271972656,45.909141540527344,26.220054626464844,18.152559280395508,11.850542068481445
350000,360001,17,7,252,180,0,24819.48046875,417.63330078125,160.8584747314453,101.40129852294922,79.12470245361328,66.33389282226562,55.1790771484375,49.07577133178711,40.87324523925781,28.711475372314453,24.66619110107422,19.25092887878418,15.44188404083252,14.453761100769043,12.299737930297852,10.46923828125,8.447670936584473,15937.638671875,153.2107696533203,83.84637451171875,52.15266036987305,30.63292694091797,20.3607120513916,14.358518600463867
350000,360001,17,7,252,180,1,24815.79296875,413.5685729980469,166.0357666015625,100.6774673461914,79.01702117919922,63.95746994018555,54.35443115234375,44.727237701416016,39.23583984375,26.09968376159668,22.355979919433594,18.636445999145508,14.650653839111328,12.7420654296875,12.187877655029297,10.521088600158691,8.472122192382812,15934.6162109375,155.99945068359375,81.86009216308594,48.70405197143555,29.236360549926758,16.64474105834961,12.582013130187988
355000,365001,17,7,253,176,0,25314.181640625,351.2546691894531,153.12461853027344,104.81407165527344,89.77445220947266,68.73792266845703,59.633731842041016,47.44538116455078,34.255027770996094,28.930999755859375,22.49833869934082,19.576982498168945,18.116195678710938,16.087886810302734,12.902621269226074,9.955439567565918,9.214049339294434,16263.1845703125,143.4668426513672,87.5047836303711,60.505653381347656,30.226346969604492,18.78291130065918,10.657840728759766
355000,365001,17,7,253,176,1,25322.466796875,346.8355407714844,152.38160705566406,105.38565063476562,89.63882446289062,66.84703826904297,58.73088455200195,40.2780647277832,34.12580490112305,32.45969009399414,23.68820571899414,20.512218475341797,18.383527755737305,13.926030158996582,12.33568000793457,10.154825210571289,8.867382049560547,16267.3330078125,142.84873962402344,86.7692642211914,58.329254150390625,34.01967239379883,19.277793884277344,10.32125473022461
360000,370001,17,7,249,180,0,26081.904296875,512.480224609375,185.6678466796875,103.34336853027344,86.47479248046875,66.09088897705078,58.69181823730469,54.21125793457031,36.72886657714844,35.48951721191406,28.938825607299805,25.045772552490234,20.588918685913086,17.487512588500977,14.972816467285156,12.863733291625977,11.488929748535156,16746.322265625,152.73919677734375,64.1283950805664,50.00101852416992,32.65886688232422,23.378173828125,15.628717422485352
360000,370001,17,7,249,180,1,26082.771484375,524.1422119140625,188.31683349609375,101.64742279052734,85.86833190917969,62.665042877197266,55.90602493286133,50.41525650024414,35.142948150634766,33.648155212402344,26.502553939819336,22.456682205200195,18.690528869628906,17.903690338134766,14.809623718261719,13.550888061523438,11.241665840148926,16746.603515625,169.7919464111328,62.12651062011719,45.586585998535156,30.856565475463867,21.861736297607422,15.289678573608398
365000,375001,17,7,252,195,0,26282.494140625,490.9336242675781,208.23190307617188,131.71910095214844,92.99918365478516,67.1805648803711,60.16083526611328,56.196468353271484,44.767452239990234,29.601186752319336,27.382631301879883,21.277694702148438,19.278663635253906,15.503177642822266,13.9353666305542,11.757122039794922,10.471253395080566,16848.177734375,161.9173583984375,76.62244415283203,54.794654846191406,34.226707458496094,21.11365509033203,15.520408630371094
365000,375001,17,7,252,195,1,26294.650390625,493.7664489746094,209.62384033203125,128.8137664794922,87.4521255493164,68.59819793701172,57.697837829589844,53.697994232177734,43.13060760498047,29.018142700195312,24.57775115966797,21.302711486816406,20.069494247436523,15.84961986541748,14.879231452941895,9.679622650146484,9.376389503479004,16855.990234375,158.01841735839844,71.8171615600586,52.14387512207031,29.33295249938965,23.148956298828125,15.187540054321289
370000,380001,17,7,248,187,0,26738.900390625,504.4089660644531,227.82923889160156,136.5279083251953,95.85987091064453,79.19502258300781,66.97384643554688,63.60145950317383,47.478172302246094,36.69764709472656,32.57683181762695,25.936084747314453,23.53691864013672,19.160213470458984,16.30745506286621,14.3282470703125,12.465426445007324,17168.99609375,203.64990234375,101.85700988769531,58.224853515625,43.55513000488281,26.996673583984375,14.29118537902832
370000,380001,17,7,248,187,1,26725.578125,509.3297424316406,225.37969970703125,144.75270080566406,95.88508605957031,79.8270034790039,69.1415023803711,60.18095779418945,44.92367172241211,35.591087341308594,30.329179763793945,27.818416595458984,22.119083404541016,19.01589012145996,15.014944076538086,13.438819885253906,10.097555160522461,17160.958984375,203.26303100585938,97.76204681396484,54.64981460571289,39.30766677856445,25.479705810546875,12.725996017456055
375000,385001,17,7,252,180,0,26589.421875,435.2188720703125,183.23643493652344,111.1826171875,80.32499694824219,65.75421905517578,55.8144645690918,53.440555572509766,36.746620178222656,30.84089469909668,27.280712127685547,23.484088897705078,19.512331008911133,18.52469253540039,17.644601821899414,14.406072616577148,13.16845703125,17100.240234375,131.84510803222656,59.80320739746094,46.16165542602539,31.63486099243164,20.377052307128906,15.947152137756348
375000,385001,17,7,252,180,1,26589.76171875,429.9130554199219,186.39056396484375,110.716064453125,80.12177276611328,61.58674240112305,52.209999084472656,50.260196685791016,37.105751037597656,30.082799911499023,27.11498260498047,24.983205795288086,20.078102111816406,18.32308006286621,15.02254581451416,12.668871879577637,11.973917961120605,17099.681640625,135.4024658203125,56.76173400878906,46.91770553588867,30.174453735351562,20.016042709350586,14.728906631469727
380000,390001,17,7,253,188,0,26809.9140625,434.7637023925781,223.23912048339844,116.2129135131836,86.88520050048828,60.68717956542969,55.69398498535156,52.37784957885742,34.04011917114258,31.663185119628906,27.108318328857422,19.51375389099121,16.7458553314209,13.878453254699707,13.100300788879395,12.823040008544922,9.856677055358887,17195.875,166.38571166992188,71.95948028564453,44.286102294921875,26.8914794921875,18.363378524780273,13.577280044555664
380000,390001,17,7,253,188,1,26808.3046875,432.31427001953125,227.9785614013672,114.37642669677734,86.66674041748047,63.557674407958984,56.346378326416016,50.0634880065918,39.526004791259766,29.64696502685547,23.49193000793457,20.998043060302734,17.902774810791016,13.967937469482422,11.97512149810791,11.16468620300293,8.589497566223145,17194.37890625,163.3408203125,75.37715911865234,48.695030212402344,26.27486801147461,18.304174423217773,13.90759563446045
385000,395001,17,7,250,187,0,26933.470703125,336.2149353027344,171.16351318359375,109.26791381835938,71.40037536621094,61.05219650268555,51.422454833984375,47.08123016357422,36.70976638793945,31.05156707763672,29.336557388305664,27.379655838012695,24.56192970275879,21.81996726989746,20.757444381713867,16.870235443115234,14.34433650970459,17300.919921875,128.93185424804688,62.60405349731445,39.126075744628906,30.280899047851562,20.43891143798828,16.601770401000977
385000,395001,17,7,250,187,1,26945.603515625,337.08819580078125,165.0640869140625,111.4461441040039,67.8929214477539,61.222129821777344,51.118797302246094,46.72383499145508,34.95417785644531,33.0526123046875,29.811569213867188,25.6311092376709,24.22237777709961,21.975244522094727,20.198318481445312,17.50112533569336,13.042937278747559,17309.16015625,128.37640380859375,61.25636291503906,38.452972412109375,29.8701229095459,19.921302795410156,18.949979782104492
390000,400001,17,7,255,200,0,27622.91796875,449.917236328125,230.10653686523438,127.9505386352539,82.840087890625,65.22559356689453,61.36677169799805,51.851871490478516,38.08191680908203,31.733577728271484,23.634159088134766,20.599679946899414,19.0673828125,17.534536361694336,13.627019882202148,11.858972549438477,10.586274147033691,17721.82421875,195.0223846435547,76.4637222290039,50.10326385498047,29.2735652923584,18.752819061279297,11.242471694946289
390000,400001,17,7,255,200,1,27636.0546875,446.8279724121094,231.45826721191406,121.234375,79.78363037109375,63.95478439331055,58.5025749206543,46.109493255615234,35.61323165893555,31.252403259277344,25.05766487121582,18.741439819335938,15.832353591918945,14.990646362304688,13.872599601745605,11.357949256896973,10.09248161315918,17729.515625,192.01235961914062,75.74700164794922,44.09238052368164,30.311317443847656,18.221792221069336,12.208905220031738
395000,405001,17,7,252,180,0,27423.1328125,421.0438537597656,186.5441436767578,130.1728973388672,92.89217376708984,72.40023040771484,61.69715881347656,47.555908203125,42.18831253051758,32.980918884277344,27.621004104614258,23.46135902404785,20.008758544921875,17.154281616210938,14.597825050354004,13.353798866271973,11.404520988464355,17630.75390625,169.6243133544922,94.43758392333984,44.514129638671875,29.612960815429688,20.21695327758789,12.481422424316406
395000,405001,17,7,252,180,1,27427.392578125,415.3180236816406,185.49745178222656,126.49481201171875,88.34896850585938,68.3561782836914,56.629295349121094,44.60158157348633,40.826072692871094,29.698944091796875,29.247074127197266,21.52539825439453,19.145830154418945,16.81035804748535,15.284432411193848,13.847037315368652,10.38818073272705,17634.896484375,168.25315856933594,86.65192413330078,43.960933685302734,27.762248992919922,20.382917404174805,13.241312026977539
400000,410001,17,7,250,191,0,28155.3984375,324.002685546875,178.37307739257812,114.07830047607422,77.25736236572266,60.44023895263672,56.03754425048828,55.60063934326172,34.43062973022461,30.666929244995117,23.695829391479492,22.60181999206543,19.9910945892334,13.440633773803711,12.526300430297852,11.441558837890625,8.129373550415039,18081.505859375,135.59617614746094,69.42927551269531,43.67424774169922,30.846351623535156,18.7319278717041,13.198553085327148
400000,410001,17,7,250,191,1,28126.29296875,324.82794189453125,176.18006896972656,108.23553466796875,76.6333236694336,62.907203674316406,59.60171890258789,58.04962158203125,35.76874542236328,27.97900390625,22.55635643005371,20.107051849365234,16.97149658203125,16.422000885009766,13.914782524108887,10.858250617980957,8.842395782470703,18065.62890625,130.35433959960938,72.364990234375,43.82966613769531,29.356555938720703,16.87750816345215,11.433798789978027
405000,415001,17,7,254,184,0,27647.61328125,466.2217712402344,174.22528076171875,104.70650482177734,82.87723541259766,62.75143814086914,52.86812210083008,46.83409881591797,33.39100646972656,29.99735450744629,23.0216007232666,22.088274002075195,17.4984073638916,15.924221992492676,12.598190307617188,11.490179061889648,10.092333793640137,17791.140625,169.23898315429688,60.485084533691406,40.65164566040039,23.434362411499023,16.930360794067383,11.554723739624023
405000,415001,17,7,254,184,1,27636.583984375,467.04217529296875,168.84291076660156,102.2469711303711,83.12690734863281,61.55221176147461,48.104373931884766,45.57628631591797,30.475038528442383,27.782793045043945,24.032209396362305,22.341453552246094,20.395606994628906,15.923612594604492,13.480941772460938,12.177139282226562,10.73161506652832,17785.3828125,173.41873168945312,62.70285415649414,37.11098861694336,25.004810333251953,18.112892150878906,14.253925323486328
410000,420001,17,7,248,193,0,28154.07421875,471.4531555175781,180.6632537841797,117.86619567871094,81.81782531738281,62.53157043457031,59.878814697265625,49.69179153442383,35.03173065185547,33.882450103759766,22.916608810424805,18.62016487121582,16.86994171142578,15.460923194885254,12.601116180419922,11.182522773742676,8.385834693908691,18100.541015625,174.4742889404297,74.23326873779297,41.24197769165039,22.985963821411133,15.723054885864258,10.305804252624512
410000,420001,17,7,248,193,1,28147.642578125,468.29840087890625,174.1780548095703,113.01929473876953,81.3176040649414,61.764404296875,53.44171905517578,43.29977035522461,35.0203971862793,27.307693481445312,21.279335021972656,20.084226608276367,16.33387565612793,12.773218154907227,11.91059684753418,10.436447143554688,9.921968460083008,18097.599609375,163.98680114746094,71.76695251464844,39.21135711669922,23.307157516479492,16.347148895263672,10.508696556091309
415000,425001,17,7,254,198,0,29316.84375,455.4112854003906,211.375,153.3174591064453,104.93468475341797,80.18104553222656,70.94437408447266,67.34928131103516,47.48357391357422,33.908363342285156,27.85042381286621,24.945768356323242,22.24254608154297,21.432592391967773,19.72472381591797,14.332784652709961,12.917104721069336,18791.587890625,223.60316467285156,99.8682861328125,66.52699279785156,29.447925567626953,26.796327590942383,17.995758056640625
415000,425001,17,7,254,198,1,29316.76953125,452.3271484375,209.9431610107422,150.56248474121094,102.18125915527344,77.98149871826172,64.98898315429688,60.267295837402344,46.60029220581055,31.52146339416504,25.312047958374023,23.266576766967773,19.347122192382812,16.812023162841797,13.996306419372559,13.019140243530273,11.657398223876953,18792.248046875,224.5725860595703,96.43421173095703,56.488792419433594,30.588882446289062,19.050254821777344,14.99378490447998
420000,430001,17,7,251,190,0,28577.49609375,507.4328918457031,245.17373657226562,125.05770874023438,103.23700714111328,70.17456817626953,64.78843688964844,57.924354553222656,42.20170974731445,35.162445068359375,28.040674209594727,25.015256881713867,22.161169052124023,17.56892204284668,16.124210357666016,14.34846019744873,10.7272310256958,18314.314453125,144.34632873535156,77.8675537109375,47.76395797729492,29.345428466796875,22.018354415893555,11.925317764282227
420000,430001,17,7,251,190,1,28584.99609375,511.15985107421875,244.74998474121094,123.79122924804688,102.65296936035156,69.66014099121094,65.3462905883789,57.93291091918945,44.51876449584961,36.893707275390625,28.05192756652832,24.135406494140625,22.870088577270508,18.908771514892578,16.234268188476562,13.74561595916748,11.350152969360352,18319.689453125,141.78378295898438,73.04515075683594,50.588645935058594,28.903234481811523,21.401325225830078,12.48519229888916
425000,435001,17,7,252,197,0,30038.02734375,670.7443237304688,223.1691131591797,143.11907958984375,91.58197021484375,80.88101196289062,62.37916564941406,47.53195571899414,37.94060516357422,31.849700927734375,25.72075080871582,23.364112854003906,19.18279266357422,16.92861557006836,13.940061569213867,12.24028205871582,10.127689361572266,19302.21875,194.19659423828125,70.28242492675781,40.0579948425293,27.864295959472656,18.630062103271484,11.355315208435059
425000,435001,17,7,252,197,1,30031.859375,659.1929931640625,225.37660217285156,138.678466796875,88.59640502929688,81.77454376220703,62.17601776123047,47.305355072021484,38.35662841796875,31.87883186340332,23.998281478881836,23.853689193725586,18.0886287689209,16.008216857910156,15.011981010437012,11.87996768951416,10.083703994750977,19298.658203125,190.93045043945312,69.38683319091797,40.18816375732422,28.856874465942383,17.131336212158203,11.682442665100098
430000,440001,17,7,254,190,0,29203.791015625,425.4485778808594,166.74070739746094,124.85640716552734,88.4476547241211,69.22193908691406,53.04205322265625,45.836143493652344,34.09001922607422,29.782665252685547,22.964218139648438,19.924352645874023,19.408781051635742,14.954497337341309,12.966867446899414,11.461939811706543,10.23787784576416,18754.396484375,166.1874542236328,59.755859375,37.949771881103516,22.489765167236328,17.002973556518555,11.704508781433105
430000,440001,17,7,254,190,1,29209.3203125,426.2440185546875,166.59730529785156,120.92888641357422,84.95975494384766,72.68303680419922,57.171905517578125,49.84468460083008,35.289825439453125,30.05021858215332,24.542661666870117,20.084392547607422,19.074377059936523,14.681882858276367,12.869499206542969,12.061641693115234,10.371817588806152,18758.146484375,163.14117431640625,62.09394454956055,45.04570770263672,23.75773811340332,16.304197311401367,12.129215240478516
435000,445001,17,7,251,191,0,29132.482421875,716.4097290039062,181.7156219482422,132.4674835205078,99.1456527709961,71.21228790283203,64.125732421875,53.963253021240234,38.31318283081055,30.711505889892578,26.5106258392334,22.799999237060547,20.62897491455078,19.09626007080078,17.206708908081055,12.367576599121094,11.051172256469727,18655.58984375,205.27503967285156,80.70626831054688,47.971500396728516,30.145944595336914,23.63873291015625,14.744832038879395
435000,445001,17,7,251,191,1,29139.783203125,713.16259765625,184.55142211914062,133.1344757080078,95.95491027832031,69.56437683105469,66.39635467529297,52.047428131103516,39.73393249511719,32.79767608642578,27.4041748046875,24.282541275024414,20.588747024536133,17.240530014038086,14.360370635986328,11.303231239318848,10.500521659851074,18659.91015625,210.07017517089844,80.8820571899414,46.992183685302734,30.18703842163086,22.024738311767578,14.360081672668457
440000,450001,17,7,255,200,0,30192.984375,383.7844543457031,172.55555725097656,115.40523529052734,86.57917022705078,68.62161254882812,54.293678283691406,46.1313362121582,34.13107681274414,27.064517974853516,25.219207763671875,18.645702362060547,18.486793518066406,17.733060836791992,14.276636123657227,12.295551300048828,11.19259262084961,19409.66796875,138.65982055664062,66.44721221923828,39.6207160949707,27.037742614746094,18.316394805908203,13.764033317565918
440000,450001,17,7,255,200,1,30204.439453125,381.4906921386719,163.73936462402344,117.01969909667969,89.3834457397461,67.69831848144531,52.88278579711914,46.5806884765625,37.6121826171875,28.789480209350586,26.077346801757812,23.031343460083008,18.76274871826172,17.59868621826172,15.710638046264648,12.853659629821777,10.426669120788574,19415.40625,140.8649139404297,64.75601196289062,42.259727478027344,27.999408721923828,20.368873596191406,16.332191467285156
445000,455001,17,7,251,192,0,30157.19140625,377.0103759765625,187.21360778808594,108.35336303710938,79.24357604980469,62.206626892089844,55.360557556152344,48.4273567199707,30.151365280151367,28.072879791259766,23.207843780517578,20.357118606567383,19.00921058654785,15.128643035888672,12.22688102722168,11.908491134643555,10.411470413208008,19379.53125,130.76449584960938,61.751705169677734,41.54636764526367,27.92154312133789,22.447071075439453,11.895628929138184
445000,455001,17,7,251,192,1,30148.646484375,377.9422607421875,186.62069702148438,106.68317413330078,78.27574157714844,64.89933013916016,60.61024475097656,52.22417449951172,34.97218322753906,28.7541446685791,23.753971099853516,21.54915428161621,19.50482749938965,14.868756294250488,13.814209938049316,12.928849220275879,10.123393058776855,19373.197265625,126.17735290527344,64.63449096679688,45.577266693115234,27.747314453125,20.59632110595703,13.188448905944824
450000,460001,17,7,250,192,0,30988.15234375,729.1591796875,253.53273010253906,118.48300170898438,100.31011962890625,69.24626159667969,57.084407806396484,53.16645050048828,39.6058235168457,31.47027015686035,27.1589298248291,22.087678909301758,17.7423152923584,16.373783111572266,14.604467391967773,12.213366508483887,10.70337200164795,19883.78125,226.84524536132812,64.97171020507812,51.11346435546875,25.60548210144043,17.000642776489258,12.309996604919434
450000,460001,17,7,250,192,1,30975.50390625,735.4368896484375,254.21185302734375,115.93975067138672,94.70713806152344,71.83207702636719,62.242130279541016,54.76594543457031,40.94888687133789,27.27217674255371,26.0622501373291,23.689977645874023,20.228574752807617,15.626036643981934,13.548048973083496,12.92729377746582,11.479363441467285,19876.31640625,222.85084533691406,74.1042251586914,54.948814392089844,27.07297706604004,16.933908462524414,13.326162338256836
455000,465001,17,7,246,190,0,30335.6953125,488.4615783691406,198.255126953125,121.77227783203125,80.90638732910156,74.87490844726562,55.548423767089844,53.22315979003906,39.85247802734375,30.290191650390625,27.258567810058594,21.201702117919922,14.92640209197998,14.23673152923584,13.312027931213379,11.940973281860352,9.687665939331055,19508.03515625,145.8602752685547,75.40171813964844,46.72050094604492,30.54125213623047,15.099900245666504,13.866661071777344
455000,465001,17,7,246,190,1,30356.625,486.3652648925781,196.00331115722656,119.6625747680664,82.65927124023438,72.51659393310547,60.08989715576172,57.68607711791992,41.50457000732422,32.86393356323242,26.321090698242188,21.345199584960938,15.949664115905762,13.63040542602539,13.183324813842773,12.017115592956543,9.076485633850098,19519.75,146.5806427001953,75.39929962158203,52.30271530151367,27.66377067565918,15.5329008102417,13.597251892089844
460000,470001,17,7,254,196,0,30599.48046875,390.0243835449219,175.55357360839844,121.3941879272461,76.30549621582031,65.356689453125,57.83871841430664,49.765899658203125,33.63043212890625,31.030122756958008,22.09654426574707,20.56756591796875,18.18475341796875,16.636587142944336,13.053323745727539,11.879128456115723,10.103486061096191,19667.732421875,133.4875946044922,64.85423278808594,42.890995025634766,23.84607696533203,17.663618087768555,10.554512977600098
460000,470001,17,7,254,196,1,30566.775390625,390.9812927246094,179.44076538085938,120.2123794555664,79.94483184814453,68.63115692138672,62.655906677246094,52.02358627319336,37.54647445678711,33.0848388671875,27.754125595092773,20.79186248779297,19.448701858520508,15.049982070922852,14.81777286529541,12.781535148620605,11.784902572631836,19645.787109375,136.19723510742188,67.9295425415039,46.22040939331055,28.245250701904297,19.210834503173828,12.647156715393066
465000,475001,17,7,252,199,0,30661.537109375,408.2002258300781,176.21133422851562,113.18518829345703,87.8114242553711,69.32685852050781,64.66187286376953,58.797183990478516,40.74614715576172,29.643798828125,29.304304122924805,24.324865341186523,17.4010009765625,15.844484329223633,14.01349925994873,12.043140411376953,10.313604354858398,19723.365234375,165.2011260986328,77.30656433105469,53.840606689453125,28.600711822509766,17.51510238647461,11.758720397949219
465000,475001,17,7,252,199,1,30653.859375,410.09844970703125,180.61233520507812,118.1081771850586,89.77825927734375,71.5693588256836,66.57665252685547,54.327598571777344,39.952266693115234,31.614704132080078,27.231945037841797,23.840816497802734,20.725814819335938,18.477031707763672,16.06259536743164,13.166046142578125,12.888115882873535,19720.208984375,171.8488006591797,77.40023040771484,50.38571548461914,26.043588638305664,21.87562370300293,14.171601295471191
470000,480001,17,7,253,190,0,31581.958984375,395.8616027832031,179.43516540527344,129.447998046875,81.73152160644531,69.37549591064453,58.033119201660156,54.445186614990234,39.46818542480469,34.61487579345703,30.335567474365234,24.976634979248047,22.180448532104492,18.75714111328125,15.359289169311523,13.458374977111816,12.036910057067871,20285.5234375,149.5830535888672,72.27791595458984,50.31081008911133,33.25304412841797,24.040803909301758,15.93287181854248
470000,480001,17,7,253,190,1,31602.009765625,393.9257507324219,181.65415954589844,128.81956481933594,84.74191284179688,73.78309631347656,64.33505249023438,55.52308654785156,40.45517349243164,33.87591552734375,31.866107940673828,28.241579055786133,22.878787994384766,21.627504348754883,19.530532836914062,16.62444305419922,13.72927474975586,20297.9765625,149.7656707763672,76.51976776123047,49.07059860229492,33.09719467163086,23.391403198242188,18.37790870666504
475000,485001,17,7,255,205,0,30772.8046875,381.9293518066406,201.1400146484375,100.78886413574219,89.87313842773438,65.34368133544922,53.1996955871582,46.38138961791992,33.9996452331543,33.32102584838867,27.61063003540039,24.825353622436523,19.084550857543945,16.605730056762695,13.205835342407227,12.233384132385254,10.381942749023438,19753.609375,125.24471282958984,60.58396530151367,38.39510726928711,27.440813064575195,17.18760871887207,12.371602058410645
475000,485001,17,7,255,205,1,30765.048828125,381.05841064453125,198.93031311035156,104.0444107055664,87.04981994628906,65.04356384277344,53.20289993286133,47.00297164916992,35.22477340698242,30.877899169921875,26.012001037597656,22.389806747436523,17.766101837158203,15.069389343261719,14.488851547241211,12.077112197875977,11.305708885192871,19748.99609375,126.75373840332031,58.503658294677734,38.095211029052734,26.021547317504883,15.965636253356934,12.187403678894043
480000,490001,17,7,250,203,0,30987.1328125,391.8302917480469,176.3403778076172,108.81109619140625,79.19013977050781,60.80497360229492,56.789615631103516,52.93431854248047,31.27632713317871,29.023639678955078,23.54505157470703,18.857080459594727,15.833288192749023,15.335875511169434,13.327933311462402,10.944929122924805,10.030439376831055,19875.41015625,115.59330749511719,61.34206771850586,39.134788513183594,24.00872039794922,15.85690689086914,11.749902725219727
480000,490001,17,7,250,203,1,30961.373046875,387.723876953125,174.33119201660156,105.65428924560547,78.01847839355469,58.05185317993164,54.2381477355957,48.650611877441406,30.206253051757812,28.137521743774414,25.840251922607422,20.55491065979004,16.177780151367188,15.72375774383545,13.374611854553223,11.384103775024414,10.82569694519043,19858.8828125,113.07190704345703,58.69297409057617,39.112403869628906,24.095308303833008,15.924592971801758,11.793807983398438
485000,495001,17,7,252,199,0,31813.1015625,353.2483215332031,169.01609802246094,118.0753173828125,90.40847778320312,65.64366912841797,54.05178451538086,49.60698699951172,34.2750129699707,30.30426597595215,25.02225112915039,21.089813232421875,19.535566329956055,15.670772552490234,15.304173469543457,13.164765357971191,10.012967109680176,20457.7421875,151.04391479492188,76.05965423583984,40.70014572143555,26.11631202697754,16.969802856445312,15.644746780395508
485000,495001,17,7,252,199,1,31804.259765625,350.2799377441406,169.75196838378906,118.14138793945312,87.29788970947266,62.90557098388672,53.03841781616211,51.50983810424805,35.85541915893555,28.262372970581055,23.341556549072266,19.976070404052734,16.864341735839844,13.510470390319824,12.970829963684082,12.288263320922852,10.28908920288086,20451.72265625,152.06109619140625,72.73807525634766,41.22633361816406,23.73724365234375,13.477495193481445,12.574670791625977
490000,500001,17,7,253,199,0,31502.96484375,406.6791076660156,229.938720703125,155.85934448242188,102.29187774658203,66.97285461425781,58.402137756347656,55.365718841552734,43.02238082885742,37.04026794433594,27.23265266418457,21.931379318237305,20.483835220336914,16.849838256835938,13.933753967285156,13.555830955505371,11.40828800201416,20203.40625,195.929931640625,66.27741241455078,52.66950225830078,34.0333137512207,21.49612808227539,15.535555839538574
490000,500001,17,7,253,199,1,31521.693359375,407.48321533203125,233.6704864501953,163.78677368164062,101.22183990478516,65.21498107910156,56.869083404541016,53.44171142578125,41.70521926879883,36.578956604003906,26.542940139770508,20.897178649902344,19.94916534423828,19.559091567993164,13.931205749511719,12.642550468444824,11.356573104858398,20217.24609375,199.92327880859375,65.90396881103516,49.739891052246094,34.57771301269531,19.896913528442383,13.193198204040527
495000,505001,17,7,252,198,0,32102.580078125,420.2345886230469,166.63751220703125,113.00553131103516,87.2757339477539,70.7514419555664,58.46705627441406,53.1992301940918,38.197715759277344,29.57720947265625,23.305233001708984,19.488313674926758,17.736597061157227,16.322017669677734,15.448633193969727,12.604391098022461,11.722662925720215,20602.1796875,125.17879486083984,65.53035736083984,49.87682342529297,28.262283325195312,17.239816665649414,15.058804512023926
495000,505001,17,7,252,198,1,32094.7265625,418.023193359375,165.4573211669922,118.46556091308594,89.1239242553711,69.32976531982422,55.74375915527344,51.54039764404297,37.661197662353516,30.910741806030273,24.027132034301758,21.806589126586914,18.43597984313965,15.883456230163574,15.825323104858398,11.63867473602295,10.598508834838867,20598.208984375,131.14305114746094,65.60986328125,48.79267501831055,33.29015350341797,17.63210105895996,13.784698486328125
500000,510001,17,7,252,197,0,31849.185546875,678.3778076171875,183.24298095703125,115.117431640625,90.29167175292969,57.513153076171875,51.0177001953125,44.94571304321289,37.39029312133789,31.338546752929688,30.249420166015625,24.13678550720215,22.259754180908203,19.816652297973633,15.629314422607422,14.860610961914062,13.01386547088623,20444.294921875,202.62791442871094,69.28216552734375,40.17900085449219,31.440670013427734,22.965600967407227,15.196564674377441
500000,510001,17,7,252,197,1,31844.212890625,673.9203491210938,176.71524047851562,115.85688018798828,89.8103256225586,64.63308715820312,55.81858825683594,50.16364288330078,38.486595153808594,33.19456481933594,28.80826759338379,23.940767288208008,21.912755966186523,17.0218448638916,16.014301300048828,13.854009628295898,10.971610069274902,20441.59375,195.14266967773438,67.02086639404297,43.843997955322266,32.23078536987305,22.368507385253906,15.849759101867676
505000,515001,17,7,247,195,0,31396.349609375,533.2420043945312,208.2528076171875,127.55279541015625,83.61235046386719,68.31782531738281,52.79448699951172,49.711021423339844,39.473960876464844,32.855865478515625,27.401636123657227,22.011823654174805,18.00324058532715,16.488998413085938,15.409159660339355,11.877068519592285,11.290165901184082,20165.361328125,186.7699737548828,79.95951080322266,46.83846664428711,31.29012680053711,18.202842712402344,14.299738883972168
505000,515001,17,7,247,195,1,31385.658203125,532.251220703125,207.3358917236328,129.5436248779297,84.04219818115234,66.37689208984375,48.83430862426758,47.30384063720703,34.52473068237305,28.54176139831543,23.02619171142578,21.584434509277344,17.93204689025879,15.546217918395996,14.84697437286377,12.816866874694824,11.416584014892578,20157.951171875,182.0732421875,79.61327362060547,41.709651947021484,28.794836044311523,18.83588409423828,13.703428268432617
510000,520001,17,7,251,199,0,31590.5390625,390.71014404296875,156.94119262695312,97.83406066894531,78.08623504638672,61.92381286621094,56.543968200683594,50.14458465576172,33.364681243896484,31.734275817871094,24.664501190185547,19.899003982543945,16.268064498901367,13.553759574890137,11.04628849029541,9.809463500976562,9.356060028076172,20315.263671875,157.08953857421875,69.79142761230469,43.200355529785156,25.006746292114258,19.427978515625,9.92948055267334
510000,520001,17,7,251,199,1,31583.98046875,388.9591979980469,154.7996368408203,100.91020202636719,81.43019104003906,60.229557037353516,54.921871185302734,50.07975387573242,38.197391510009766,28.70798110961914,23.93896484375,21.360179901123047,17.454513549804688,13.224190711975098,12.2529878616333,10.74028205871582,8.789780616760254,20310.298828125,156.33917236328125,70.20652770996094,47.936248779296875,24.988819122314453,20.578371047973633,12.550622940063477
515000,525001,17,7,254,200,0,32604.595703125,587.2615356445312,208.9222869873047,107.82554626464844,76.03893280029297,71.06482696533203,59.5257568359375,51.91297149658203,32.4362678527832,26.192258834838867,21.28773307800293,19.81342315673828,15.790872573852539,12.107373237609863,12.009428977966309,10.493194580078125,8.60634708404541,20956.45703125,213.6569061279297,72.12467956542969,48.67799377441406,27.12897300720215,15.615619659423828,12.366674423217773
515000,525001,17,7,254,200,1,32600.642578125,583.4025268554688,206.99932861328125,110.8492660522461,80.1023941040039,67.97691345214844,55.57980728149414,51.204803466796875,36.4171257019043,25.283517837524414,23.6871280670166,20.82722282409668,17.454072952270508,13.4364013671875,12.604302406311035,12.170122146606445,9.146239280700684,20954.11328125,213.9803466796875,76.87449645996094,47.613277435302734,26.33037567138672,19.003969192504883,13.377270698547363
520000,530001,17,7,251,190,0,32855.77734375,328.0075988769531,154.502197265625,127.67219543457031,78.43195343017578,72.25873565673828,64.74253845214844,57.6132926940918,34.56617736816406,28.413976669311523,23.218725204467773,19.269357681274414,17.259532928466797,14.588566780090332,12.194239616394043,10.037508964538574,9.634413719177246,21118.279296875,146.6707305908203,75.10334014892578,48.23625183105469,27.2501220703125,17.936548233032227,11.276378631591797
520000,530001,17,7,251,190,1,32866.078125,328.84521484375,154.72044372558594,124.19283294677734,75.1853256225586,67.630615234375,58.247276306152344,49.75882339477539,34.54547119140625,28.17301368713379,22.41202163696289,20.92998504638672,17.768754959106445,15.719103813171387,13.887153625488281,10.381658554077148,8.073753356933594,21125.90625,147.4563751220703,67.28204345703125,43.91620635986328,26.88397216796875,18.722707748413086,11.878673553466797
525000,535001,17,7,252,205,0,32802.8125,404.5802307128906,167.03610229492188,119.99602508544922,95.49540710449219,68.12744903564453,62.731727600097656,59.04413986206055,41.41365432739258,30.240365982055664,29.266433715820312,22.281803131103516,20.67164421081543,17.2037410736084,13.902645111083984,12.52287769317627,11.543086051940918,21071.234375,131.78640747070312,75.86638641357422,53.427391052246094,31.088335037231445,17.955219268798828,14.133490562438965
525000,535001,17,7,252,205,1,32791.5,399.30120849609375,164.99993896484375,119.39347839355469,92.75132751464844,59.54894256591797,55.7901611328125,54.80677032470703,36.505126953125,30.834861755371094,29.30597496032715,23.380491256713867,17.49420738220215,15.461695671081543,15.32158374786377,13.118888854980469,10.902690887451172,21063.892578125,132.91058349609375,71.828857421875,48.470703125,30.00399398803711,16.877952575683594,13.733155250549316
530000,540001,17,7,254,199,0,33092.2109375,454.9386291503906,172.65345764160156,126.6419677734375,90.49937438964844,72.8908920288086,63.315650939941406,52.67855453491211,39.25844192504883,27.85721778869629,25.015380859375,21.136627197265625,15.420351028442383,13.638657569885254,12.613489151000977,10.343713760375977,9.525839805603027,21260.638671875,152.04519653320312,74.73968505859375,48.29746627807617,29.90460205078125,15.764593124389648,11.395957946777344
530000,540001,17,7,254,199,1,33120.21875,457.08673095703125,175.38169860839844,127.1220932006836,91.51293182373047,73.39191436767578,62.8653564453125,51.54977798461914,36.16518020629883,28.63182830810547,25.364898681640625,21.62892723083496,15.55062484741211,15.06856632232666,12.380650520324707,10.388176918029785,9.482145309448242,21278.814453125,154.8976287841797,76.59829711914062,47.761756896972656,30.97537612915039,17.2624568939209,11.06074333190918
535000,545001,17,7,249,197,0,32384.982421875,690.9942626953125,172.62911987304688,107.76419830322266,80.66529083251953,65.25100708007812,58.98087692260742,52.51044845581055,37.857444763183594,27.673402786254883,24.712526321411133,19.22878074645996,17.992494583129883,16.357885360717773,13.036640167236328,12.61209487915039,9.978530883789062,20815.15234375,202.5530548095703,67.02959442138672,51.381858825683594,25.525310516357422,17.778371810913086,16.812389373779297
535000,545001,17,7,249,197,1,32382.234375,702.9791870117188,173.3292694091797,107.20856475830078,79.68309020996094,67.8015365600586,58.79078674316406,49.68402862548828,37.236900329589844,27.63335609436035,24.622997283935547,20.130321502685547,15.670124053955078,14.641385078430176,12.465642929077148,10.867483139038086,9.195491790771484,20812.537109375,200.79739379882812,66.2554702758789,49.82553482055664,26.844736099243164,16.74925422668457,12.99482250213623
540000,550001,17,7,252,207,0,32475.5625,355.8850402832031,171.4893798828125,113.8392105102539,78.98756408691406,65.50721740722656,60.159053802490234,55.434574127197266,37.51555633544922,35.81684875488281,27.85679817199707,23.094558715820312,19.370689392089844,17.684110641479492,15.559126853942871,11.926126480102539,11.207795143127441,20847.8203125,156.9589080810547,70.97748565673828,53.6295280456543,29.63728141784668,19.43571662902832,13.418553352355957
540000,550001,17,7,252,207,1,32472.23046875,355.6940612792969,172.9610595703125,118.78478240966797,83.35055541992188,71.69722747802734,61.699790954589844,56.20240783691406,39.06814193725586,31.75463104248047,28.929107666015625,23.152875900268555,16.849199295043945,16.25221824645996,14.347845077514648,11.989697456359863,9.488147735595703,20844.44921875,159.95645141601562,76.18563842773438,61.61292266845703,30.932086944580078,20.376317977905273,13.81530475616455
545000,555001,17,7,254,209,0,33416.73828125,456.46417236328125,167.76663208007812,120.07135009765625,85.46015167236328,64.5927734375,54.71691131591797,45.60601806640625,34.33878707885742,27.990646362304688,24.67243003845215,18.77826499938965,17.043630599975586,14.52421760559082,11.948285102844238,10.40438175201416,9.453429222106934,21491.52734375,134.94973754882812,65.83699035644531,38.80401611328125,26.626121520996094,15.130085945129395,11.919683456420898
545000,555001,17,7,254,209,1,33436.1953125,449.2361145019531,166.8419952392578,119.23003387451172,85.14189910888672,62.91324234008789,56.622684478759766,48.16181182861328,34.134273529052734,28.680511474609375,24.852901458740234,18.656845092773438,16.00787925720215,14.594755172729492,12.334999084472656,10.611727714538574,9.779366493225098,21503.724609375,141.61978149414062,67.90296936035156,42.578407287597656,26.816638946533203,17.281557083129883,13.130243301391602
550000,560001,17,7,254,208,0,33786.0703125,476.158447265625,196.68072509765625,113.41891479492188,81.45250701904297,66.91490936279297,58.570762634277344,52.855262756347656,36.038177490234375,30.508739471435547,26.825407028198242,19.797683715820312,17.30950355529785,16.815217971801758,12.783235549926758,12.081402778625488,10.430912017822266,21689.107421875,151.64242553710938,72.49471282958984,45.52519989013672,27.02483367919922,17.06142234802246,13.086523056030273
550000,560001,17,7,254,208,1,33787.14453125,488.0165100097656,193.87681579589844,114.07450103759766,78.07804107666016,63.01740646362305,56.962066650390625,50.30263137817383,36.16517639160156,31.07024383544922,25.586406707763672,22.21135139465332,17.521074295043945,15.605387687683105,13.397114753723145,12.004104614257812,10.389599800109863,21689.0,153.87757873535156,74.15481567382812,44.931541442871094,29.160160064697266,16.72174072265625,12.782472610473633
555000,565001,17,7,252,208,0,33042.75390625,881.8120727539062,329.911376953125,149.20919799804688,126.64974212646484,91.50537872314453,65.39015197753906,62.073543548583984,39.159637451171875,36.39476013183594,30.002887725830078,23.171934127807617,19.5908145904541,17.211994171142578,14.772828102111816,12.520183563232422,10.907358169555664,21187.845703125,271.72900390625,98.10527801513672,60.26546859741211,35.94455337524414,20.001699447631836,13.585760116577148
555000,565001,17,7,252,208,1,33035.96875,878.6453247070312,330.7539978027344,152.29971313476562,122.29407501220703,93.48321533203125,66.31083679199219,64.46143341064453,45.37434768676758,34.99462127685547,31.926998138427734,24.909786224365234,22.003917694091797,17.151975631713867,14.690170288085938,13.060778617858887,11.788290023803711,21184.51171875,267.76531982421875,96.08893585205078,64.67583465576172,37.753944396972656,19.88094139099121,13.044983863830566
560000,570001,17,7,252,198,0,34083.2734375,409.958740234375,177.46170043945312,127.5007095336914,105.1964111328125,75.29192352294922,61.55729675292969,53.8315315246582,40.41162109375,36.08662414550781,31.941987991333008,26.0732479095459,22.226638793945312,18.825529098510742,16.183574676513672,14.696989059448242,12.641578674316406,21897.611328125,143.8619384765625,78.24698638916016,49.90170669555664,28.382999420166016,25.839004516601562,15.677521705627441
560000,570001,17,7,252,198,1,34087.62890625,413.5091857910156,175.25393676757812,127.67189025878906,103.09420776367188,73.35455322265625,65.6082763671875,58.05765914916992,40.281211853027344,36.06892013549805,32.205265045166016,27.91069221496582,23.076324462890625,20.21698570251465,15.715909004211426,14.911643981933594,11.386164665222168,21898.68359375,143.16493225097656,80.17937469482422,50.66130065917969,33.42818069458008,28.292261123657227,16.145193099975586
565000,575001,17,7,251,201,0,33604.81640625,341.78466796875,257.298828125,117.30380249023438,84.83427429199219,69.33560180664062,64.4117660522461,58.240596771240234,37.183677673339844,27.442745208740234,25.554691314697266,20.93975067138672,18.98651695251465,16.42224884033203,13.770405769348145,11.156166076660156,10.51932144165039,21574.9921875,170.41949462890625,79.27819061279297,45.40239715576172,30.37259292602539,20.301395416259766,12.99532699584961
565000,575001,17,7,251,201,1,33614.31640625,348.73712158203125,255.70236206054688,114.63611602783203,88.6780776977539,71.96991729736328,64.93921661376953,61.56745910644531,35.08658981323242,28.618867874145508,25.541908264160156,21.181385040283203,16.63452911376953,16.058012008666992,12.828929901123047,11.557064056396484,9.708250045776367,21581.4765625,177.4653778076172,82.63040924072266,43.52567672729492,29.945768356323242,17.493698120117188,11.621522903442383
570000,580001,17,7,251,208,0,33906.96484375,451.24481201171875,192.85415649414062,120.21953582763672,86.75006103515625,64.80325317382812,57.888275146484375,45.88263702392578,33.628414154052734,29.027244567871094,25.54173469543457,20.794797897338867,16.469375610351562,13.112497329711914,11.756937026977539,10.180197715759277,8.779562950134277,21810.224609375,143.6062774658203,61.86299514770508,41.802581787109375,27.76197624206543,17.867107391357422,11.061752319335938
570000,580001,17,7,251,208,1,33907.87109375,450.515625,192.50059509277344,121.93408203125,83.14973449707031,64.36011505126953,57.519535064697266,45.215389251708984,34.92383575439453,29.102619171142578,25.017311096191406,20.145814895629883,17.520084381103516,14.729262351989746,11.649154663085938,9.912409782409668,9.544366836547852,21809.599609375,143.44802856445312,62.3926887512207,41.922306060791016,27.121959686279297,18.587663650512695,11.465911865234375
575000,585001,17,7,251,207,0,33818.62890625,346.3590087890625,163.53663635253906,107.10235595703125,90.37255859375,66.94950103759766,53.966270446777344,51.19163131713867,37.97553634643555,29.572795867919922,24.048229217529297,19.111204147338867,17.773799896240234,15.383334159851074,13.703434944152832,11.089256286621094,9.774605751037598,21687.8359375,139.03500366210938,75.25083923339844,44.17008972167969,27.28830909729004,19.8768253326416,12.91854190826416
575000,585001,17,7,251,207,1,33807.765625,347.9794006347656,165.7266387939453,106.65315246582031,87.56681823730469,65.309326171875,53.77988815307617,51.984458923339844,36.01102828979492,29.358837127685547,25.26242446899414,24.0244083404541,19.510032653808594,17.69426918029785,15.601766586303711,11.973191261291504,11.129064559936523,21681.931640625,140.73512268066406,71.78841400146484,42.914310455322266,25.929649353027344,19.58915901184082,15.18812084197998
580000,590001,17,7,253,203,0,34305.15625,339.74078369140625,149.66908264160156,109.68008422851562,87.78990936279297,65.12158966064453,60.82212448120117,51.66020584106445,35.88933181762695,29.366527557373047,24.431564331054688,19.466503143310547,18.338890075683594,15.095911979675293,13.257686614990234,11.823335647583008,10.315621376037598,22025.216796875,123.53524780273438,71.56270599365234,44.270973205566406,27.1998291015625,18.261661529541016,12.108299255371094
580000,590001,17,7,253,203,1,34296.0390625,339.61761474609375,144.96676635742188,106.51484680175781,86.36866760253906,64.0252685546875,59.16040802001953,50.59542465209961,35.30763626098633,27.032835006713867,26.75745391845703,19.752511978149414,17.72942352294922,14.156006813049316,13.17184066772461,12.410665512084961,9.41822338104248,22020.16015625,122.21813201904297,70.22994995117188,44.38638687133789,27.89078712463379,17.323062896728516,13.171523094177246
585000,595001,17,7,250,206,0,34473.2109375,485.3367614746094,200.0500946044922,125.5867919921875,88.28455352783203,65.83887481689453,58.251686096191406,53.820674896240234,41.72929763793945,37.37198257446289,27.430917739868164,22.256263732910156,19.360992431640625,16.6973876953125,15.431270599365234,13.165539741516113,11.05081558227539,22129.08203125,152.9445343017578,66.3043212890625,49.84145736694336,24.723133087158203,20.204524993896484,16.35938262939453
585000,595001,17,7,250,206,1,34471.47265625,478.7474060058594,197.09564208984375,130.0386505126953,92.72454833984375,71.24987030029297,60.88215255737305,58.646263122558594,39.76559829711914,35.93861770629883,26.232576370239258,21.412492752075195,16.351667404174805,15.394628524780273,13.793807029724121,12.256595611572266,11.085800170898438,22127.2109375,153.97471618652344,68.82234954833984,49.98342514038086,25.26542091369629,17.237754821777344,14.386164665222168
590000,600001,17,7,251,208,0,34415.828125,374.62127685546875,164.8675079345703,121.78917694091797,94.7970962524414,66.93961334228516,53.708641052246094,51.254974365234375,36.22004318237305,34.14417266845703,28.231613159179688,19.3453369140625,17.992963790893555,15.64775562286377,14.73830509185791,13.272253036499023,10.683753967285156,22123.4765625,137.2341766357422,78.45893096923828,47.16831588745117,29.795717239379883,22.14620590209961,15.31856918334961
590000,600001,17,7,251,208,1,34429.53125,375.00762939453125,165.47621154785156,120.21507263183594,96.89160919189453,70.06309509277344,57.07449722290039,52.33033752441406,41.45884704589844,30.925148010253906,28.54522132873535,24.753433227539062,19.556150436401367,15.977703094482422,12.671785354614258,12.455696105957031,9.066466331481934,22133.19921875,135.73184204101562,77.83326721191406,51.377906799316406,31.16481590270996,18.208824157714844,12.747053146362305
595000,605001,17,7,248,203,0,33913.67578125,476.55987548828125,228.13339233398438,134.82188415527344,105.69041442871094,70.97396087646484,60.312862396240234,52.05970764160156,44.963165283203125,33.619972229003906,28.67867088317871,23.932331085205078,19.917781829833984,16.907917022705078,14.466228485107422,12.142633438110352,11.453045845031738,21766.19921875,163.36720275878906,80.1119155883789,46.451480865478516,29.50386619567871,20.726802825927734,13.436172485351562
595000,605001,17,7,248,203,1,33912.453125,473.1010437011719,222.48391723632812,136.65560913085938,103.97463989257812,67.47539520263672,59.702919006347656,54.66376876831055,40.583702087402344,32.11342239379883,30.956912994384766,22.485721588134766,18.39157485961914,17.409833908081055,12.211196899414062,11.837708473205566,10.835590362548828,21765.419921875,159.94570922851562,77.86166381835938,43.454647064208984,31.123397827148438,18.695058822631836,11.533792495727539
600000,610001,17,7,253,203,0,34993.484375,369.2440490722656,173.64315795898438,126.32588195800781,92.02409362792969,71.27571105957031,53.62779998779297,44.615657806396484,42.07576370239258,28.661069869995117,27.75447654724121,22.334609985351562,20.81159782409668,15.735467910766602,14.824843406677246,13.009477615356445,11.617201805114746,22472.3515625,169.1037139892578,76.08283233642578,46.19574737548828,29.30265998840332,19.1547794342041,13.789639472961426
600000,610001,17,7,253,203,1,35019.83203125,367.9420471191406,169.10499572753906,124.30278778076172,88.0196533203125,68.88011169433594,59.03076934814453,52.33723449707031,39.42970275878906,27.516338348388672,24.98821258544922,23.272377014160156,20.902557373046875,15.52529239654541,13.59631061553955,11.19558048248291,10.326969146728516,22490.330078125,163.6647186279297,72.21733856201172,47.83079147338867,27.987640380859375,19.5932559967041,13.030500411987305
605000,615001,17,7,253,204,0,35677.671875,361.0129089355469,163.29379272460938,129.54957580566406,92.02263641357422,68.15782928466797,57.03995895385742,49.674007415771484,35.611289978027344,32.56794357299805,27.815248489379883,21.721832275390625,17.710838317871094,16.84454345703125,15.123941421508789,12.308621406555176,10.934544563293457,22887.65234375,124.40328216552734,67.81114196777344,42.48939895629883,28.489248275756836,20.427738189697266,13.21097183227539
605000,615001,17,7,253,204,1,35673.04296875,361.02728271484375,169.54774475097656,130.904052734375,97.39685821533203,72.22216796875,60.65328598022461,53.710655212402344,40.36228561401367,33.417091369628906,28.200239181518555,25.387020111083984,22.370098114013672,21.47385597229004,17.36152458190918,15.057354927062988,12.90166187286377,22883.703125,127.85065460205078,70.58466339111328,47.87790298461914,32.15455627441406,25.03704261779785,18.695663452148438
610000,620001,17,7,254,208,0,35747.63671875,471.00128173828125,159.135986328125,106.22376251220703,101.095947265625,64.03363037109375,57.39194107055664,52.265113830566406,36.25477600097656,32.444190979003906,25.92130470275879,19.640119552612305,16.068889617919922,14.245660781860352,12.30778694152832,10.83395004272461,9.122879981994629,22958.005859375,129.89166259765625,63.053340911865234,42.858856201171875,28.672761917114258,17.018779754638672,11.217682838439941
610000,620001,17,7,254,208,1,35735.51953125,471.07928466796875,162.5133819580078,109.45191192626953,101.44306945800781,66.72735595703125,61.849143981933594,56.58555603027344,35.38249969482422,30.876787185668945,25.326366424560547,21.232301712036133,17.615463256835938,15.786080360412598,12.444920539855957,11.548859596252441,9.002025604248047,22951.548828125,128.14846801757812,66.34693908691406,46.0082893371582,26.467676162719727,19.057933807373047,10.059735298156738
615000,625001,17,7,252,208,0,35329.71484375,807.3131713867188,282.2221984863281,201.88272094726562,91.14521789550781,78.06043243408203,62.04146957397461,52.08283233642578,43.68164825439453,35.778446197509766,32.76884078979492,26.34602165222168,22.099365234375,19.761049270629883,18.615785598754883,14.97895622253418,13.141390800476074,22678.79296875,258.315673828125,74.43831634521484,50.1810188293457,33.525390625,21.666034698486328,20.042146682739258
615000,625001,17,7,252,208,1,35342.74609375,815.3880004882812,281.8697509765625,196.57679748535156,92.22712707519531,86.03419494628906,59.45281982421875,51.17738342285156,48.91134262084961,36.97395706176758,31.931087493896484,23.1960391998291,21.30350685119629,18.559228897094727,16.98813247680664,14.031189918518066,11.935099601745605,22686.708984375,256.083984375,77.93952178955078,48.496585845947266,29.899484634399414,19.74658966064453,16.86366081237793
620000,630001,17,7,252,209,0,35523.52734375,348.6521911621094,162.9846649169922,117.74929809570312,86.6572265625,61.13621139526367,49.207122802734375,43.518463134765625,33.52627944946289,27.038541793823242,24.669939041137695,19.224254608154297,18.4273738861084,13.770082473754883,13.095149993896484,11.767749786376953,10.262157440185547,22828.67578125,128.95875549316406,64.37301635742188,37.679195404052734,22.568462371826172,17.27405548095703,12.190601348876953
620000,630001,17,7,252,209,1,35531.72265625,344.53314208984375,163.51246643066406,118.5860595703125,88.6992416381836,58.86903762817383,53.03995132446289,47.17564010620117,34.91720199584961,22.719064712524414,20.551422119140625,19.14093780517578,17.1158447265625,13.51504135131836,12.60433578491211,10.440719604492188,10.003218650817871,22833.5546875,127.16472625732422,65.25332641601562,40.294921875,21.835498809814453,16.830598831176758,10.995656967163086
625000,635001,17,7,252,217,0,35129.56640625,550.722900390625,212.88800048828125,131.08213806152344,77.18524169921875,68.60839080810547,64.17476654052734,47.26663589477539,39.013492584228516,35.161380767822266,30.240121841430664,24.076824188232422,21.170095443725586,19.58151626586914,17.92927360534668,16.525423049926758,13.25896167755127,22570.00390625,149.7473907470703,68.05281829833984,47.75211715698242,35.5219841003418,21.50046157836914,18.669878005981445
625000,635001,17,7,252,217,1,35136.921875,541.9444580078125,210.173095703125,131.90126037597656,80.97159576416016,71.1941909790039,68.78475952148438,51.79678726196289,38.414066314697266,35.361602783203125,32.79658508300781,26.281600952148438,22.410898208618164,20.544506072998047,18.3914794921875,15.751893997192383,14.066060066223145,22573.9765625,150.98208618164062,73.91416931152344,49.55302810668945,34.19770431518555,23.86885643005371,17.348087310791016
630000,640001,17,7,253,213,0,35906.25390625,449.5616455078125,182.1882781982422,120.72802734375,89.61328125,67.81719207763672,61.25904083251953,54.49150085449219,40.40265655517578,28.46097183227539,26.082258224487305,21.86844253540039,17.663637161254883,14.171219825744629,12.291123390197754,11.514451026916504,9.46174430847168,23091.15625,174.7054901123047,76.60279083251953,44.487571716308594,26.28862953186035,17.560136795043945,12.660371780395508
630000,640001,17,7,253,213,1,35916.83203125,450.8105773925781,185.35894775390625,119.42562103271484,87.64817810058594,67.16899871826172,60.3256721496582,51.792633056640625,41.492984771728516,29.4675350189209,26.85793685913086,20.08516502380371,18.5041446685791,15.101099014282227,13.24406623840332,10.92955493927002,9.92006778717041,23098.31640625,173.25372314453125,72.1533432006836,43.34274673461914,27.440427780151367,15.748278617858887,12.625261306762695
635000,645001,17,7,250,212,0,35756.4140625,386.7738952636719,193.7665252685547,123.23028564453125,84.39300537109375,65.59968566894531,57.64617919921875,48.780704498291016,31.761137008666992,28.144624710083008,23.431255340576172,19.285938262939453,16.908309936523438,16.811370849609375,13.673853874206543,11.157759666442871,10.339533805847168,22956.62890625,183.29281616210938,75.487548828125,41.2086067199707,27.45504379272461,16.035987854003906,13.536215782165527
635000,645001,17,7,250,212,1,35765.015625,392.73052978515625,194.7496795654297,123.37297821044922,83.47183990478516,65.6222915649414,58.140968322753906,50.04381561279297,33.725948333740234,29.48659324645996,22.87118148803711,20.076377868652344,16.97797393798828,15.78680419921875,14.481366157531738,11.50175952911377,9.553600311279297,22961.189453125,185.82107543945312,72.98978424072266,41.065101623535156,28.757844924926758,17.176513671875,13.825754165649414
640000,650001,17,7,253,205,0,35350.59765625,726.499267578125,217.93511962890625,146.79745483398438,96.15931701660156,64.91246795654297,57.545047760009766,48.38587951660156,37.18898010253906,32.37841796875,27.200178146362305,23.73639488220215,20.027462005615234,16.0914363861084,14.246503829956055,13.240938186645508,11.11743450164795,22717.326171875,301.1632080078125,66.10040283203125,41.59654235839844,29.204923629760742,17.743122100830078,12.847487449645996
640000,650001,17,7,253,205,1,35344.69140625,752.6083374023438,221.8424072265625,143.17337036132812,98.4325942993164,66.07431030273438,64.18421936035156,52.61841583251953,38.65733337402344,34.01789474487305,26.842130661010742,23.06260108947754,19.421085357666016,17.5161190032959,15.274374961853027,13.53696346282959,11.787091255187988,22713.712890625,307.4773254394531,70.12537384033203,44.55893325805664,30.26253318786621,18.337553024291992,12.482030868530273
645000,655001,17,7,255,214,0,35739.77734375,407.4150695800781,202.3740997314453,122.22602081298828,92.01290130615234,69.67393493652344,63.93351364135742,53.73521041870117,37.273494720458984,28.813995361328125,25.970855712890625,20.290258407592773,17.610292434692383,17.07997703552246,12.933540344238281,12.21545124053955,9.696257591247559,22954.744140625,160.7124481201172,73.6656723022461,46.08517837524414,27.19788932800293,17.283723831176758,13.15618896484375
645000,655001,17,7,255,214,1,35725.1953125,406.7609558105469,203.2534942626953,120.35289764404297,89.98724365234375,74.28823852539062,72.86344909667969,61.67796325683594,39.68380355834961,32.39036178588867,26.37002182006836,21.630779266357422,18.8516788482666,17.2927303314209,14.465736389160156,11.665728569030762,11.190423965454102,22945.234375,158.92373657226562,78.67866516113281,52.33562469482422,28.961795806884766,18.000457763671875,12.141170501708984
650000,660001,17,7,251,207,0,35795.54296875,469.46185302734375,203.22659301757812,120.18637084960938,99.30064392089844,79.13980102539062,62.436805725097656,55.8161506652832,46.90217590332031,35.30046081542969,29.073808670043945,22.7412166595459,20.59288787841797,19.545177459716797,18.489988327026367,14.065808296203613,12.869657516479492,22981.36328125,161.92079162597656,81.16182708740234,53.62334442138672,31.748027801513672,19.266380310058594,14.863816261291504
650000,660001,17,7,251,207,1,35770.54296875,468.7691650390625,196.7897491455078,121.05230712890625,99.25934600830078,76.54682159423828,61.789825439453125,56.202613830566406,50.86946105957031,35.86384201049805,29.341358184814453,22.957874298095703,19.871971130371094,18.955711364746094,18.44199562072754,16.026147842407227,12.952765464782715,22965.43359375,157.80914306640625,76.97817993164062,55.94076156616211,32.93617630004883,20.266380310058594,16.478914260864258
655000,665001,17,7,253,201,0,36233.95703125,431.92486572265625,212.16629028320312,130.92208862304688,91.8359146118164,70.58455657958984,58.882930755615234,50.78900909423828,38.88753890991211,34.08290100097656,26.397987365722656,25.53453826904297,21.20713996887207,19.66643714904785,14.795175552368164,12.639566421508789,12.183906555175781,23270.416015625,146.9888916015625,75.20724487304688,48.042945861816406,32.451717376708984,22.296051025390625,15.531108856201172
655000,665001,17,7,253,201,1,36211.78515625,435.8443298339844,212.9049530029297,129.58596801757812,89.33341979980469,68.04019165039062,58.41096878051758,52.52976608276367,39.792930603027344,31.592744827270508,23.72109603881836,21.052610397338867,18.20228385925293,16.687305450439453,12.396559715270996,11.499692916870117,11.226058006286621,23256.7421875,151.90419006347656,76.09429168701172,47.12725830078125,29.643667221069336,18.529226303100586,12.80930233001709
660000,670001,17,7,249,206,0,35126.2265625,364.41009521484375,174.29017639160156,114.1457290649414,77.08705139160156,62.5262451171875,59.89781951904297,42.22863006591797,29.869728088378906,28.179452896118164,23.214330673217773,20.89712142944336,19.02500343322754,14.572380065917969,13.923843383789062,13.122358322143555,10.586980819702148,22583.376953125,150.92752075195312,65.79723358154297,38.64680862426758,27.26353645324707,20.713930130004883,13.94326400756836
660000,670001,17,7,249,206,1,35118.48828125,366.88623046875,175.03253173828125,117.35942840576172,79.24772644042969,61.6385612487793,58.32155990600586,42.004127502441406,34.2125358581543,29.797765731811523,22.987945556640625,22.332033157348633,17.54242706298828,16.059417724609375,14.308085441589355,12.510599136352539,11.07850456237793,22579.646484375,152.7495574951172,67.30550384521484,40.8432502746582,26.63792610168457,19.145381927490234,15.394547462463379
665000,675001,17,7,252,207,0,36481.546875,366.07623291015625,183.48924255371094,139.39712524414062,97.6939697265625,69.02591705322266,61.5361328125,51.31074905395508,40.92821502685547,33.56793212890625,29.41271209716797,23.392009735107422,21.951940536499023,18.445636749267578,16.05016326904297,14.786892890930176,12.693710327148438,23423.263671875,189.87254333496094,80.19798278808594,46.228782653808594,28.731788635253906,19.790672302246094,13.425751686096191
665000,675001,17,7,252,207,1,36471.1796875,369.9538879394531,180.37135314941406,135.45565795898438,96.4820785522461,70.2685775756836,58.43358612060547,49.12085723876953,39.532962799072266,31.10599708557129,28.762996673583984,22.553110122680664,21.07611656188965,18.09066390991211,15.958125114440918,13.626677513122559,13.153349876403809,23415.40234375,182.70713806152344,78.60761260986328,47.941043853759766,27.256441116333008,20.28883934020996,15.050796508789062
670000,680001,17,7,251,210,0,35960.80859375,531.522216796875,178.2938690185547,118.81631469726562,79.15520477294922,65.0366439819336,59.254703521728516,50.080039978027344,32.90449523925781,30.169605255126953,24.858125686645508,23.51359748840332,20.582834243774414,16.142616271972656,13.945550918579102,12.86263370513916,10.759753227233887,23102.330078125,144.30029296875,68.12284088134766,45.23472595214844,27.53281021118164,18.41522979736328,11.866966247558594
670000,680001,17,7,251,210,1,35958.60546875,532.6130981445312,180.81671142578125,121.08661651611328,78.33975219726562,66.37235260009766,62.203155517578125,51.11203384399414,36.8558349609375,30.362581253051758,27.49848747253418,21.436708450317383,19.844942092895508,15.675536155700684,13.432171821594238,12.438314437866211,9.96126937866211,23100.828125,145.22109985351562,70.29390716552734,48.42399978637695,31.504619598388672,19.529132843017578,11.884142875671387
675000,685001,17,7,251,210,0,36412.3046875,525.2892456054688,168.90554809570312,123.83683013916016,96.14641571044922,73.00484466552734,55.13150405883789,52.37710952758789,37.907535552978516,32.521240234375,27.119253158569336,24.635873794555664,20.0681095123291,15.568291664123535,13.436355590820312,11.362051963806152,10.660340309143066,23378.169921875,185.5220947265625,78.57608032226562,55.1661262512207,28.904953002929688,22.854934692382812,13.93747615814209
675000,685001,17,7,251,210,1,36412.98828125,520.5994873046875,170.2707061767578,124.80451965332031,96.26280975341797,68.18579864501953,59.286834716796875,51.48860168457031,33.51594543457031,28.626737594604492,26.66420555114746,26.294179916381836,20.772647857666016,16.970077514648438,12.59465217590332,11.534564971923828,10.01870059967041,23378.978515625,186.8436737060547,76.86690521240234,58.83755111694336,27.9213924407959,24.4798641204834,13.422246932983398
680000,690001,17,7,247,206,0,36200.29296875,356.8421630859375,175.28573608398438,113.15055084228516,87.6233139038086,70.1494369506836,56.080833435058594,52.77486801147461,39.33038330078125,31.679729461669922,24.409765243530273,23.079269409179688,20.747190475463867,16.26740837097168,15.51341724395752,13.13025188446045,11.997360229492188,23252.6171875,135.0381317138672,74.07046508789062,46.52895736694336,27.634122848510742,17.59612464904785,13.709815979003906
680000,690001,17,7,247,206,1,36194.16796875,358.9319763183594,178.79306030273438,112.8323745727539,86.84539794921875,67.07150268554688,53.888458251953125,48.45094680786133,36.89226150512695,32.33449172973633,24.71111488342285,22.489717483520508,20.204959869384766,16.750152587890625,14.439696311950684,12.362496376037598,11.8167142868042,23247.96484375,135.15953063964844,72.4757308959961,44.0848388671875,27.897220611572266,19.281309127807617,12.635598182678223
685000,695001,17,7,251,217,0,37015.609375,708.2988891601562,216.16163635253906,113.99886322021484,84.2973861694336,61.1729621887207,50.07958984375,46.63248062133789,34.87551498413086,31.764589309692383,23.410799026489258,22.287370681762695,19.1146240234375,16.95787811279297,15.155129432678223,13.503337860107422,11.844927787780762,23775.951171875,155.81674194335938,66.0153579711914,41.906410217285156,27.75281524658203,19.363731384277344,14.779520034790039
685000,695001,17,7,251,217,1,37008.05859375,694.2401733398438,209.24281311035156,111.46426391601562,81.29743957519531,62.113548278808594,49.289207458496094,45.598331451416016,35.9624137878418,29.057283401489258,23.79496955871582,23.432842254638672,19.262971878051758,16.746400833129883,13.712104797363281,12.230541229248047,10.852727890014648,23771.65234375,155.35594177246094,66.59638977050781,40.1746711730957,24.865591049194336,19.29707145690918,15.834513664245605
690000,700001,17,7,251,210,0,36605.265625,486.8284606933594,239.19447326660156,133.70037841796875,99.65015411376953,90.17682647705078,62.38911437988281,50.081398010253906,43.72455978393555,37.69953155517578,31.928787231445312,27.778963088989258,23.75733757019043,21.95345687866211,18.22286033630371,13.948941230773926,12.931628227233887,23504.26171875,253.69760131835938,95.98395538330078,47.052101135253906,30.13426399230957,26.820472717285156,21.04228401184082
690000,700001,17,7,251,210,1,36602.2890625,486.5357666015625,237.32058715820312,127.4154052734375,102.25560760498047,91.71150970458984,61.9970588684082,54.63312530517578,43.70796585083008,38.970420837402344,29.30594825744629,24.29408836364746,20.61593246459961,17.935266494750977,13.952341079711914,12.092321395874023,11.175971984863281,23503.353515625,247.74424743652344,100.66294860839844,53.891624450683594,31.148683547973633,25.25909996032715,18.05221176147461
695000,705001,17,7,251,211,0,36600.71484375,331.9502258300781,167.70846557617188,122.34442138671875,89.87640380859375,66.19200897216797,56.731388092041016,48.7026481628418,36.99428176879883,31.915969848632812,25.528770446777344,21.4955997467041,18.3815975189209,17.789113998413086,15.73263931274414,14.512259483337402,11.675833702087402,23527.3125,139.67872619628906,74.43913269042969,43.354896545410156,28.217866897583008,18.605735778808594,15.914752006530762
695000,705001,17,7,251,211,1,36604.49609375,332.0774841308594,166.00514221191406,120.21724700927734,89.01936340332031,64.55585479736328,61.70962142944336,48.70825958251953,37.899871826171875,31.250484466552734,25.54703140258789,22.808164596557617,19.17806053161621,16.6551570892334,14.680456161499023,13.23819351196289,10.719298362731934,23530.845703125,137.45632934570312,73.37113952636719,42.1529426574707,27.383617401123047,18.975976943969727,14.97487735748291
700000,710001,17,7,253,209,0,37331.29296875,416.84075927734375,179.43228149414062,118.24189758300781,81.54845428466797,59.478843688964844,54.632259368896484,42.973121643066406,36.09154510498047,28.234933853149414,25.26188087463379,18.787677764892578,17.9962215423584,15.643941879272461,14.253718376159668,13.01914119720459,11.552839279174805,23988.529296875,163.1437530517578,75.74258422851562,43.48180389404297,30.310792922973633,17.516572952270508,14.401496887207031
700000,710001,17,7,253,209,1,37297.21484375,417.361572265625,176.91653442382812,123.98272705078125,81.9483871459961,57.87392807006836,54.63851547241211,46.106605529785156,39.285335540771484,31.89952278137207,23.68133544921875,21.005796432495117,19.458765029907227,14.659418106079102,13.610090255737305,12.258739471435547,11.686325073242188,23966.701171875,163.78567504882812,72.22897338867188,50.40953063964844,37.013553619384766,21.728759765625,13.721803665161133
705000,715001,17,7,253,215,0,37346.71875,1114.2314453125,308.01446533203125,151.1078338623047,137.75462341308594,88.89048767089844,79.2037124633789,75.20865631103516,50.617095947265625,47.0573844909668,38.4675407409668,30.439472198486328,26.87261199951172,22.802282333374023,19.897722244262695,16.181713104248047,15.936076164245605,23956.884765625,279.59197998046875,112.8258056640625,64.43488311767578,29.714187622070312,20.624055862426758,17.184219360351562
705000,715001,17,7,253,215,1,37353.35546875,1094.0955810546875,317.5429382324219,152.39990234375,128.5847930908203,88.42925262451172,75.2693099975586,69.89260864257812,46.56795883178711,38.85849380493164,32.04350280761719,24.565670013427734,22.707765579223633,20.27335548400879,18.50401496887207,17.476524353027344,12.403321266174316,23961.833984375,281.5356140136719,104.049072265625,63.30535888671875,33.27079391479492,19.99171257019043,18.039915084838867
710000,720001,17,7,253,214,0,37345.04296875,587.459716796875,244.50634765625,171.24021911621094,102.37660217285156,78.62831115722656,71.37886810302734,61.817054748535156,44.22138214111328,40.834285736083984,32.34320831298828,24.125905990600586,21.44487953186035,17.393301010131836,14.52730941772461,12.754294395446777,11.831993103027344,23979.060546875,274.55194091796875,78.41749572753906,57.79077911376953,44.01285934448242,30.831310272216797,15.062519073486328
710000,720001,17,7,253,214,1,37319.546875,587.202392578125,245.37254333496094,168.63697814941406,102.40100860595703,79.94401550292969,72.17509460449219,58.45518493652344,41.93577194213867,36.34103012084961,28.398347854614258,23.733905792236328,17.66981315612793,16.624610900878906,14.970951080322266,13.870221138000488,11.919332504272461,23962.189453125,277.9121398925781,85.28815460205078,60.4844970703125,40.68770980834961,25.202062606811523,15.225725173950195
715000,725001,17,7,252,212,0,37290.62109375,743.04638671875,165.6818389892578,99.61865997314453,88.99935913085938,68.9852294921875,55.91179275512695,45.645591735839844,35.13374710083008,33.082454681396484,26.06403350830078,21.542011260986328,19.688859939575195,17.309329986572266,13.338650703430176,12.271042823791504,11.53983211517334,23965.939453125,166.71743774414062,72.98465728759766,40.403865814208984,27.518831253051758,19.961027145385742,14.58281135559082
715000,725001,17,7,252,212,1,37271.1640625,729.2020263671875,163.07278442382812,100.60603332519531,86.38629150390625,69.24895477294922,53.13829803466797,47.424903869628906,37.893951416015625,31.52096939086914,24.879627227783203,21.961833953857422,19.33268928527832,17.399768829345703,15.532000541687012,12.428199768066406,10.768756866455078,23953.046875,173.49806213378906,77.71543884277344,44.41834259033203,28.075550079345703,19.08429718017578,13.598321914672852
720000,730001,17,7,252,208,0,37506.25,407.4603271484375,204.79498291015625,118.70439910888672,87.91211700439453,60.53204345703125,53.17765808105469,44.82696533203125,35.22773742675781,30.76401138305664,23.65253448486328,20.730756759643555,19.772380828857422,16.36627769470215,13.979278564453125,12.91592788696289,10.548958778381348,24117.9140625,213.69873046875,64.62922668457031,39.973392486572266,26.258159637451172,17.137224197387695,13.761235237121582
720000,730001,17,7,252,208,1,37494.2421875,409.769287109375,201.51499938964844,116.3228759765625,86.25396728515625,61.10820007324219,53.05814743041992,45.2882194519043,34.59581756591797,33.171607971191406,24.493953704833984,20.628835678100586,19.951705932617188,16.803991317749023,12.583760261535645,12.34457015991211,11.488612174987793,24108.5625,209.22349548339844,65.10472106933594,37.404876708984375,24.58501434326172,19.803726196289062,13.401372909545898
725000,735001,17,7,250,210,0,37902.796875,378.4817199707031,163.32470703125,115.86864471435547,76.35834503173828,59.843955993652344,57.06819534301758,49.2911262512207,33.31196975708008,26.19988250732422,23.46148681640625,21.243366241455078,20.94097328186035,16.933242797851562,15.165395736694336,13.23413372039795,10.855889320373535,24372.744140625,142.69546508789062,67.98860168457031,40.96413040161133,27.56304359436035,19.210948944091797,13.190062522888184
725000,735001,17,7,250,210,1,37940.97265625,381.1175537109375,162.83489990234375,115.037109375,74.8719253540039,60.126705169677734,56.44987487792969,48.13335037231445,32.478721618652344,28.78249168395996,25.712343215942383,23.271608352661133,18.80565643310547,16.773380279541016,16.239805221557617,14.613780975341797,12.243048667907715,24397.73046875,142.00665283203125,69.18693542480469,41.477874755859375,29.130661010742188,17.585498809814453,14.052103996276855
730000,740001,17,7,249,219,0,37358.26171875,448.15679931640625,190.33802795410156,128.09637451171875,83.264404296875,74.29473876953125,69.57405090332031,53.262115478515625,44.02420425415039,34.51689910888672,30.24994659423828,26.17592430114746,23.387548446655273,20.493297576904297,16.039255142211914,13.920157432556152,12.532750129699707,23989.90234375,192.58604431152344,67.44422149658203,45.96732711791992,33.09523010253906,23.784549713134766,15.172414779663086
730000,740001,17,7,249,219,1,37345.45703125,447.34124755859375,193.71592712402344,130.99337768554688,85.52954864501953,77.70152282714844,70.0755386352539,54.59278869628906,40.98344802856445,34.833614349365234,29.17890739440918,22.482297897338867,21.92197036743164,18.081228256225586,15.078911781311035,12.969545364379883,12.180938720703125,23981.49609375,191.99273681640625,70.94200897216797,46.98528289794922,30.384918212890625,16.468904495239258,13.674224853515625
735000,745001,17,7,255,217,0,38629.25390625,344.35009765625,180.83741760253906,134.9131622314453,107.88343048095703,76.61422729492188,59.73431396484375,55.360015869140625,46.74251174926758,38.72740173339844,32.93519973754883,27.56535530090332,20.689712524414062,18.933324813842773,17.044078826904297,15.85508918762207,12.98454761505127,24783.771484375,147.65965270996094,83.53514099121094,53.990135192871094,42.205162048339844,21.60103416442871,15.05887222290039
735000,745001,17,7,255,217,1,38612.24609375,345.5506896972656,181.80020141601562,134.0754852294922,106.72989654541016,78.69990539550781,64.22892761230469,56.8261833190918,47.42490005493164,35.87907791137695,33.49768829345703,27.957639694213867,24.107316970825195,19.59031867980957,19.007553100585938,14.542280197143555,13.99146556854248,24772.634765625,147.50100708007812,87.87464904785156,54.83031463623047,38.69575500488281,26.889575958251953,21.2929630279541
740000,750001,17,7,253,206,0,37687.81640625,618.5543823242188,228.43435668945312,127.92357635498047,91.25663757324219,70.42729187011719,55.96862030029297,51.51468276977539,39.11506652832031,32.46087646484375,26.83006477355957,20.979305267333984,19.24932289123535,18.358043670654297,13.931502342224121,13.058350563049316,12.45340347290039,24221.9921875,229.845703125,71.0484619140625,52.074790954589844,27.695358276367188,20.45905876159668,13.485836029052734
740000,750001,17,7,253,206,1,37691.828125,617.29638671875,231.5022430419922,130.42300415039062,89.9117431640625,67.553466796875,60.821720123291016,53.97459411621094,37.164794921875,30.964073181152344,27.884477615356445,20.976213455200195,20.43183135986328,17.38801383972168,14.503339767456055,13.29980754852295,11.531559944152832,24223.466796875,226.9195098876953,72.34554290771484,57.59621047973633,28.62679672241211,21.557186126708984,14.296260833740234
745000,755001,17,7,249,218,0,38091.67578125,357.2756042480469,167.1404571533203,108.56742095947266,73.37901306152344,67.14602661132812,60.44492721557617,51.718353271484375,41.327144622802734,31.457509994506836,28.796276092529297,24.07842254638672,19.077104568481445,16.6844539642334,16.076555252075195,13.589607238769531,12.518845558166504,24451.083984375,110.5479736328125,65.36196899414062,45.00299835205078,28.61951446533203,18.770620346069336,14.307406425476074
745000,755001,17,7,249,218,1,38048.6484375,357.480712890625,166.7669219970703,107.65303802490234,71.39444732666016,63.87212371826172,58.08902359008789,50.437286376953125,39.957366943359375,32.42204284667969,27.204496383666992,21.841402053833008,19.8713436126709,15.650372505187988,14.176375389099121,12.385258674621582,11.377114295959473,24423.599609375,110.07977294921875,64.27273559570312,44.42234802246094,28.515840530395508,16.65532875061035,12.221834182739258
750000,760001,17,7,252,214,0,38391.27734375,555.665283203125,261.5964660644531,142.24578857421875,118.76200866699219,84.22779846191406,74.99832916259766,63.81700897216797,47.911983489990234,40.700016021728516,35.248741149902344,25.857738494873047,24.164113998413086,16.649301528930664,16.283309936523438,14.434782028198242,13.6536226272583,24649.240234375,241.69430541992188,75.70614624023438,54.82481384277344,34.888145446777344,25.215465545654297,15.434791564941406
750000,760001,17,7,252,214,1,38387.28125,557.475341796875,256.52142333984375,147.0422821044922,124.51359558105469,97.37734985351562,77.67820739746094,70.64492797851562,50.40528869628906,45.75647735595703,37.622840881347656,25.256914138793945,22.407867431640625,20.132448196411133,17.15999984741211,16.38303565979004,14.273946762084961,24649.17578125,235.0692138671875,83.59036254882812,65.10453796386719,39.66023635864258,23.13117790222168,16.677793502807617
755000,765001,17,7,250,214,0,38406.125,369.6164245605469,200.84005737304688,115.21353912353516,99.09221649169922,72.29059600830078,55.13507080078125,53.71696853637695,45.909061431884766,35.651695251464844,30.618982315063477,23.86882781982422,20.364604949951172,17.29667091369629,16.796010971069336,14.243474006652832,12.086322784423828,24700.044921875,141.50308227539062,64.94042205810547,47.96927261352539,34.429443359375,20.806041717529297,15.56140422821045
755000,765001,17,7,250,214,1,38425.53125,370.1109619140625,196.1015625,114.38272094726562,93.57127380371094,69.76344299316406,54.72972869873047,48.871665954589844,43.985206604003906,35.37718963623047,30.339397430419922,23.354246139526367,21.32173728942871,20.074790954589844,16.756032943725586,15.85037899017334,12.707077026367188,24711.33984375,141.65902709960938,67.18016052246094,48.11729431152344,32.51968765258789,23.047250747680664,20.819406509399414
760000,770001,17,7,253,216,0,37983.05859375,668.017578125,170.9458770751953,127.84025573730469,89.24040985107422,70.05574035644531,63.199710845947266,53.333614349365234,44.60221481323242,33.26203918457031,29.48743438720703,25.34663200378418,22.324848175048828,20.00457763671875,15.245943069458008,14.268101692199707,12.747251510620117,24399.32421875,166.320556640625,76.55697631835938,47.14115524291992,31.216184616088867,21.988449096679688,14.515287399291992
760000,770001,17,7,253,216,1,37969.05859375,663.24560546875,172.0897979736328,127.8384780883789,91.06330871582031,73.72708129882812,67.52439880371094,59.04523849487305,43.522884368896484,38.93886947631836,34.85873031616211,26.042564392089844,24.026525497436523,22.10683250427246,20.813030242919922,15.868319511413574,13.448030471801758,24391.240234375,164.3103790283203,78.62799072265625,51.153114318847656,32.7940788269043,25.567119598388672,16.626649856567383
765000,775001,17,7,255,223,0,38446.94921875,414.4580078125,164.90333557128906,136.90301513671875,87.82628631591797,62.63134002685547,60.224849700927734,50.72929000854492,38.54021453857422,32.33281707763672,26.680082321166992,24.39707374572754,22.409006118774414,16.874691009521484,16.07948112487793,12.89287281036377,11.984475135803223,24715.330078125,134.46017456054688,69.04009246826172,43.38438034057617,27.40593910217285,21.159231185913086,13.480640411376953
765000,775001,17,7,255,223,1,38449.30859375,413.7066650390625,168.17056274414062,139.3336944580078,92.8183822631836,66.04156494140625,62.202842712402344,55.503047943115234,37.31303787231445,28.71867561340332,27.353059768676758,23.794055938720703,18.727760314941406,15.129310607910156,14.638999938964844,13.66634750366211,11.863968849182129,24716.330078125,138.09339904785156,71.00473022460938,48.32959747314453,27.564851760864258,20.758787155151367,14.26638412475586
770000,780001,17,7,253,216,0,39119.6953125,392.00628662109375,156.06866455078125,117.80406951904297,89.96659088134766,68.2076416015625,57.41450881958008,54.966651916503906,33.15409851074219,27.816286087036133,26.6137638092041,20.251480102539062,17.318140029907227,14.935812950134277,14.267541885375977,12.327922821044922,11.17916488647461,25169.62890625,144.98439025878906,74.9515151977539,44.79817581176758,28.39797592163086,18.285791397094727,14.332188606262207
770000,780001,17,7,253,216,1,39128.95703125,392.0229187011719,155.8009033203125,117.31024169921875,89.60440826416016,69.59303283691406,61.60750198364258,58.01645278930664,36.52547073364258,27.586328506469727,24.357484817504883,20.891735076904297,17.62812042236328,15.076555252075195,13.425972938537598,12.037527084350586,10.48829174041748,25175.396484375,144.34732055664062,75.84835815429688,48.61573791503906,27.799104690551758,18.499053955078125,14.565825462341309
775000,785001,17,7,252,211,0,39151.11328125,431.3181457519531,216.7932891845703,121.58692932128906,80.55449676513672,65.92008972167969,51.57352066040039,43.97030258178711,34.12019348144531,28.561386108398438,23.578990936279297,21.53236961364746,16.525165557861328,14.957873344421387,13.73965072631836,11.193052291870117,10.382722854614258,25140.46875,141.44451904296875,65.40013885498047,43.57140350341797,28.623910903930664,17.272531509399414,14.128786087036133
775000,785001,17,7,252,211,1,39140.203125,431.8375549316406,214.41595458984375,122.74923706054688,84.14006805419922,68.4557876586914,56.17353057861328,47.051910400390625,34.23979568481445,31.177719116210938,24.25749397277832,22.06777000427246,19.521129608154297,16.620832443237305,14.378137588500977,13.418173789978027,11.46291446685791,25133.490234375,140.3976593017578,65.45072174072266,45.978797912597656,28.104833602905273,20.658226013183594,14.119413375854492
780000,790001,17,7,251,215,0,38911.17578125,389.1287841796875,170.34190368652344,116.37042236328125,79.04132843017578,65.34363555908203,60.442138671875,47.96039581298828,37.00943374633789,30.333538055419922,25.074235916137695,23.620826721191406,18.950838088989258,17.415151596069336,15.773372650146484,13.822426795959473,12.09628677368164,24976.353515625,138.51922607421875,64.17659759521484,42.158077239990234,26.58953285217285,18.451730728149414,13.548286437988281
780000,790001,17,7,251,215,1,38918.9765625,389.1197509765625,169.33998107910156,115.92386627197266,81.39219665527344,63.345333099365234,60.82496643066406,44.9725456237793,35.78017807006836,26.882856369018555,25.538593292236328,22.946563720703125,19.12908935546875,16.843570709228516,16.185787200927734,13.642168045043945,11.19080638885498,24982.228515625,139.04637145996094,61.85969543457031,40.684635162353516,26.817537307739258,17.94283103942871,14.79218864440918
785000,795001,17,7,252,213,0,39142.765625,492.0374755859375,232.08399963378906,138.84886169433594,112.56440734863281,89.5812759399414,68.77129364013672,52.42903518676758,44.24281692504883,38.50334548950195,31.558151245117188,25.50990104675293,21.837310791015625,19.640033721923828,18.92563247680664,14.87231159210205,13.00412368774414,25115.330078125,224.77406311035156,98.0921630859375,49.50362014770508,33.69392776489258,24.902910232543945,15.403107643127441
785000,795001,17,7,252,213,1,39130.38671875,491.0229187011719,233.26560974121094,139.58544921875,114.05529022216797,85.05494689941406,63.228084564208984,52.164894104003906,48.45263671875,40.19879913330078,31.389394760131836,26.53607749938965,25.994937896728516,21.894733428955078,17.943994522094727,16.57042121887207,12.738441467285156,25108.869140625,232.52052307128906,97.88561248779297,50.23207092285156,33.66292953491211,29.008209228515625,17.88962173461914
790000,800001,17,7,251,210,0,38785.33984375,390.73968505859375,198.8146514892578,118.77684020996094,94.36572265625,76.06562042236328,63.978755950927734,56.152313232421875,44.53630828857422,35.65864181518555,30.75034523010254,29.52617835998535,23.9616756439209,21.037731170654297,20.421260833740234,16.76026725769043,13.746793746948242,24936.517578125,164.45123291015625,71.6099624633789,56.134273529052734,32.16544723510742,22.15948486328125,21.043394088745117
790000,800001,17,7,251,210,1,38780.50390625,393.0415344238281,200.5103302001953,120.49772644042969,97.67188262939453,81.65287017822266,66.65238952636719,59.61035919189453,50.16993713378906,40.46900939941406,37.91357421875,31.405344009399414,23.416357040405273,22.101428985595703,20.671043395996094,16.26709747314453,13.76578140258789,24932.65234375,166.5215301513672,77.02271270751953,61.46689224243164,40.195159912109375,25.08453941345215,21.424129486083984
795000,805001,17,7,254,215,0,39540.9609375,433.4546203613281,191.67111206054688,132.0129852294922,96.42018127441406,72.29327392578125,62.29484558105469,50.12183380126953,39.529945373535156,34.81742477416992,30.467891693115234,26.890209197998047,23.092472076416016,19.05204200744629,17.959224700927734,16.44791030883789,13.752473831176758,25423.67578125,178.95599365234375,67.43790435791016,47.64038848876953,30.527524948120117,18.89815902709961,18.283231735229492
795000,805001,17,7,254,215,1,39524.98046875,434.2650146484375,192.4057159423828,128.96888732910156,95.8171615600586,69.37162780761719,63.39522933959961,53.07306671142578,45.26913833618164,32.5522575378418,28.679719924926758,25.776165008544922,24.520246505737305,21.52656364440918,18.88201141357422,15.55179214477539,13.390829086303711,25412.666015625,178.46478271484375,67.349365234375,54.10176086425781,29.24612045288086,23.479995727539062,19.710426330566406
800000,810001,17,7,248,207,0,39270.60546875,465.5518798828125,194.31312561035156,125.85148620605469,98.42399597167969,73.80170440673828,67.16011810302734,59.3687744140625,44.13323974609375,33.244140625,31.093400955200195,26.887065887451172,22.82859992980957,18.6275634765625,18.245960235595703,14.6404447555542,14.296525001525879,25239.33203125,144.36660766601562,73.7425765991211,55.32062911987305,31.17372703552246,19.81136703491211,15.750662803649902
800000,810001,17,7,248,207,1,39272.69921875,456.3755798339844,192.15420532226562,125.45545196533203,99.41753387451172,77.51864624023438,66.06495666503906,58.97443771362305,44.15364456176758,36.79472351074219,29.407155990600586,27.722259521484375,26.417993545532227,19.74139404296875,19.011484146118164,13.640007019042969,12.29674243927002,25240.359375,146.0169219970703,73.84358978271484,48.15351867675781,29.18090057373047,21.347766876220703,13.988585472106934
805000,815001,17,7,253,214,0,39737.1796875,427.35321044921875,176.5056610107422,126.97590637207031,89.73721313476562,74.46379089355469,69.09770202636719,63.67911911010742,42.94578552246094,35.0965576171875,29.059324264526367,28.07551383972168,20.780994415283203,19.83552360534668,17.792800903320312,14.674247741699219,12.897306442260742,25547.05859375,151.94630432128906,74.94256591796875,45.64727020263672,31.224063873291016,21.745635986328125,15.248722076416016
805000,815001,17,7,253,214,1,39698.84375,431.9703674316406,180.80203247070312,125.44965362548828,89.18851470947266,72.83199310302734,68.488037109375,62.93458938598633,45.96708679199219,34.19029998779297,29.437414169311523,27.852842330932617,18.87091827392578,16.617231369018555,15.794867515563965,12.633877754211426,11.998138427734375,25521.171875,152.5540008544922,69.81400299072266,46.53490447998047,30.738719940185547,20.405879974365234,14.787732124328613
810000,820001,17,7,245,210,0,38552.79296875,452.9608154296875,211.0133819580078,146.57872009277344,106.4342269897461,80.8978271484375,65.61911010742188,59.799442291259766,47.47193908691406,34.09346389770508,24.962596893310547,24.205495834350586,20.975608825683594,19.01996421813965,17.357667922973633,15.997014999389648,11.654290199279785,24759.775390625,158.91883850097656,80.78862762451172,44.34278106689453,27.788846969604492,20.133272171020508,15.747769355773926
810000,820001,17,7,245,210,1,38549.86328125,456.0789794921875,202.9189453125,146.2032928466797,108.74429321289062,77.4325942993164,63.85550308227539,59.69301986694336,45.55870056152344,32.63518524169922,26.702072143554688,22.559986114501953,20.961502075195312,18.23104476928711,17.200185775756836,13.371871948242188,12.574649810791016,24758.224609375,158.46958923339844,77.67293548583984,45.128604888916016,29.73621940612793,20.72250747680664,13.1524019241333
815000,825001,17,7,249,208,0,40446.328125,480.55316162109375,224.74575805664062,143.15213012695312,108.47331237792969,79.57534790039062,71.85810089111328,61.71006774902344,43.103790283203125,41.36016845703125,34.13032913208008,30.947914123535156,27.59244728088379,23.030683517456055,18.176483154296875,16.537046432495117,15.631881713867188,25956.21484375,208.9989776611328,81.10637664794922,53.99018096923828,36.4319953918457,29.661956787109375,16.9288387298584
815000,825001,17,7,249,208,1,40456.6484375,481.31182861328125,222.54440307617188,142.34811401367188,105.60608673095703,78.13796997070312,68.84856414794922,58.464111328125,41.511619567871094,37.62900924682617,31.263734817504883,28.300756454467773,25.245830535888672,23.25548553466797,18.75504493713379,18.27247428894043,13.82814884185791,25962.912109375,208.61477661132812,79.98124694824219,49.55552291870117,31.819849014282227,26.3447208404541,18.629539489746094
820000,830001,17,7,252,223,0,39899.00390625,395.6355285644531,168.0233154296875,122.12847900390625,103.68672180175781,71.79664611816406,60.47751235961914,53.457542419433594,39.97557067871094,33.149314880371094,28.409812927246094,22.80179786682129,17.773954391479492,17.005741119384766,15.047165870666504,13.01849365234375,10.83193588256836,25641.416015625,140.1957550048828,75.36917114257812,45.144962310791016,29.847312927246094,17.757740020751953,15.103311538696289
820000,830001,17,7,252,223,1,39928.69140625,396.19696044921875,167.9753875732422,124.02384185791016,102.18187713623047,72.4067611694336,63.39385986328125,51.304141998291016,42.55426788330078,34.188201904296875,27.731834411621094,25.790998458862305,20.017261505126953,18.02667999267578,14.031033515930176,12.840485572814941,12.31882381439209,25661.1953125,139.52487182617188,72.50045013427734,42.18130874633789,29.955669403076172,19.035140991210938,14.54992961883545
825000,835001,17,7,251,213,0,40482.0703125,582.3146362304688,168.627685546875,124.58748626708984,85.63953399658203,68.03553771972656,60.52814865112305,49.40156936645508,36.365718841552734,31.01024055480957,26.739652633666992,21.56548309326172,17.204057693481445,16.350126266479492,15.320371627807617,12.165337562561035,11.582761764526367,26014.765625,187.64364624023438,68.74701690673828,45.563106536865234,28.104110717773438,18.314912796020508,12.547867774963379
825000,835001,17,7,251,213,1,40479.84765625,582.0010986328125,162.28125,124.45104217529297,85.17269897460938,66.5603256225586,60.680538177490234,47.49009704589844,36.79754638671875,31.44405174255371,25.514406204223633,22.706125259399414,17.524768829345703,16.800701141357422,14.149018287658691,12.6053466796875,10.872638702392578,26012.880859375,192.1007843017578,65.2332992553711,42.13420867919922,26.852128982543945,17.954509735107422,12.963422775268555
830000,840001,17,7,252,207,0,40446.9296875,342.487548828125,176.94244384765625,115.64020538330078,82.78431701660156,63.1662483215332,56.916343688964844,49.751556396484375,37.51865005493164,32.587886810302734,26.075162887573242,22.75531768798828,19.64077377319336,17.461515426635742,14.921761512756348,13.093403816223145,10.99819278717041,25997.677734375,148.20677185058594,72.14421081542969,45.54364776611328,28.755308151245117,18.257925033569336,12.765340805053711
830000,840001,17,7,252,207,1,40444.5546875,344.7677001953125,176.4733428955078,116.81368255615234,82.51971435546875,63.82094955444336,57.00264358520508,50.29880905151367,37.707340240478516,31.628644943237305,25.859058380126953,22.602964401245117,19.632455825805664,16.04496955871582,14.473511695861816,11.764093399047852,10.81428050994873,25996.7265625,148.27642822265625,69.71728515625,44.55622100830078,26.893383026123047,19.5196475982666,13.39687442779541
835000,845001,17,7,250,216,0,39848.07421875,526.8609008789062,177.46347045898438,135.31166076660156,87.57665252685547,69.75826263427734,53.08772277832031,50.21488952636719,35.9641227722168,33.08521270751953,29.697824478149414,22.42695426940918,20.079692840576172,19.71868324279785,16.558439254760742,12.943950653076172,12.359502792358398,25625.720703125,196.26438903808594,68.57835388183594,44.42216873168945,30.644527435302734,19.91861343383789,13.333545684814453
835000,845001,17,7,250,216,1,39840.35546875,528.8749389648438,177.02227783203125,134.03089904785156,86.41080474853516,69.1477279663086,56.67977523803711,48.96123504638672,36.280799865722656,31.552288055419922,28.898109436035156,22.96358871459961,21.504268646240234,18.418333053588867,16.555965423583984,12.975181579589844,12.230612754821777,25619.9765625,189.76083374023438,67.12989807128906,45.04415512084961,27.72258186340332,21.532459259033203,14.44925308227539
840000,850001,17,7,254,211,0,40161.4296875,437.8651428222656,177.75314331054688,125.10086059570312,82.23876953125,64.55084228515625,57.14042663574219,53.07912826538086,37.2879524230957,32.006736755371094,26.270231246948242,23.806467056274414,19.36158561706543,16.938451766967773,15.136392593383789,14.301056861877441,11.546967506408691,25824.380859375,152.01046752929688,63.481414794921875,45.18919372558594,28.46687126159668,18.481109619140625,13.302884101867676
840000,850001,17,7,254,211,1,40129.46484375,435.9723815917969,180.2292938232422,126.54209899902344,81.84980773925781,69.59464263916016,61.23331832885742,56.456539154052734,38.775291442871094,35.24940490722656,28.021644592285156,22.286664962768555,20.710927963256836,18.313936233520508,15.192584037780762,13.451212882995605,12.037639617919922,25804.037109375,151.47250366210938,65.87506866455078,46.89814376831055,30.81577491760254,19.845531463623047,13.886869430541992
845000,855001,17,7,253,218,0,40091.30859375,453.40869140625,208.9105682373047,128.6222381591797,103.42945098876953,70.25907135009766,67.03359985351562,56.179527282714844,36.93777847290039,32.00697708129883,27.74163246154785,25.966102600097656,21.124305725097656,19.66168785095215,16.714599609375,14.10535717010498,12.504470825195312,25764.361328125,165.0453643798828,78.85818481445312,43.6358642578125,29.750789642333984,23.412343978881836,14.261126518249512
845000,855001,17,7,253,218,1,40096.7109375,453.28936767578125,212.18344116210938,134.5796661376953,102.10250091552734,70.44776916503906,64.55885314941406,56.58940124511719,41.11188888549805,31.178865432739258,27.292205810546875,25.79601287841797,21.37932586669922,18.008264541625977,16.53441047668457,13.634076118469238,10.943228721618652,25768.037109375,173.00547790527344,81.16007995605469,42.7080192565918,30.408939361572266,23.030527114868164,14.757906913757324
850000,860001,17,7,252,213,0,39641.71484375,523.9840698242188,185.84889221191406,125.38253784179688,89.2784194946289,64.95646667480469,55.07144546508789,50.68833541870117,36.524017333984375,34.945899963378906,25.591140747070312,22.96147346496582,21.16826057434082,19.433557510375977,15.994623184204102,14.725197792053223,11.626582145690918,25482.984375,147.14356994628906,65.58074188232422,44.230655670166016,27.233821868896484,18.316024780273438,13.971391677856445
850000,860001,17,7,252,213,1,39620.91796875,525.021728515625,185.44891357421875,126.4705581665039,87.00210571289062,65.64192199707031,58.01487731933594,52.40677261352539,37.50794219970703,31.645814895629883,25.561321258544922,22.772539138793945,20.510929107666016,18.618810653686523,17.457094192504883,16.100696563720703,12.05408000946045,25469.00390625,145.7778778076172,64.91358184814453,45.202789306640625,26.970571517944336,19.659120559692383,13.318107604980469
855000,865001,17,7,252,218,0,41278.70703125,722.7352905273438,291.6971435546875,143.61993408203125,115.92459869384766,78.60921478271484,71.8986587524414,59.75156021118164,45.927310943603516,35.962528228759766,32.03120422363281,25.97339630126953,24.551570892333984,19.27189064025879,17.715457916259766,15.895631790161133,14.160414695739746,26473.19140625,238.7757110595703,97.87549591064453,59.33827209472656,40.41648483276367,33.56676483154297,19.83864974975586
855000,865001,17,7,252,218,1,41248.19140625,716.5557861328125,285.1082763671875,142.38766479492188,110.6236572265625,80.50007629394531,74.49613952636719,52.896732330322266,44.95015335083008,39.64976501464844,36.3176383972168,29.0640811920166,24.241708755493164,22.877391815185547,19.756879806518555,17.845027923583984,14.114668846130371,26453.55078125,246.26885986328125,94.63155364990234,51.96613693237305,40.09109115600586,27.450664520263672,23.338621139526367
860000,870001,17,7,253,222,0,40887.01171875,627.8961791992188,287.12908935546875,123.07689666748047,105.7452163696289,82.25542449951172,63.889835357666016,55.56606674194336,43.86575698852539,30.7813777923584,28.02379608154297,25.64213752746582,20.872657775878906,19.78790283203125,18.98925018310547,16.543071746826172,15.229333877563477,26237.275390625,231.50592041015625,85.12458038330078,51.603328704833984,28.6080265045166,21.943870544433594,17.393016815185547
860000,870001,17,7,253,222,1,40925.35546875,627.8864135742188,286.06884765625,124.11769104003906,105.28762817382812,77.20171356201172,63.0617790222168,55.48554611206055,48.182891845703125,33.04183578491211,28.665502548217773,24.73028564453125,23.275575637817383,17.44198226928711,16.529624938964844,15.147151947021484,13.093659400939941,26262.265625,225.35458374023438,83.3838119506836,54.28239822387695,31.2440128326416,23.260318756103516,16.011131286621094
865000,875001,17,7,253,208,0,41392.1328125,427.7328796386719,209.91958618164062,134.49954223632812,100.29329681396484,75.37678527832031,66.08557891845703,62.08765411376953,48.48397445678711,37.2842903137207,32.07646942138672,26.13932228088379,24.416257858276367,21.9479923248291,18.482135772705078,17.245452880859375,14.173608779907227,26556.673828125,155.9479217529297,77.24996185302734,59.395263671875,29.718839645385742,22.37082862854004,15.771803855895996
865000,875001,17,7,253,208,1,41405.140625,422.6466064453125,206.5188751220703,137.68386840820312,99.41326141357422,78.89313507080078,69.6978988647461,61.22599411010742,46.69291305541992,36.515724182128906,30.43370246887207,26.03908920288086,22.73776626586914,21.100587844848633,17.92256736755371,14.265739440917969,13.48057746887207,26565.91015625,160.09765625,80.6754150390625,57.37875747680664,36.57551574707031,23.65618324279785,17.764842987060547
870000,880001,17,7,250,210,0,40963.7734375,422.19085693359375,231.28842163085938,138.18917846679688,101.41781616210938,83.1171646118164,66.03607940673828,56.87715148925781,38.45260238647461,33.63777160644531,29.80402183532715,25.653770446777344,21.37716293334961,19.04143714904785,15.362777709960938,13.792198181152344,12.436147689819336,26313.90625,142.61341857910156,82.73638916015625,47.20602798461914,26.201322555541992,22.118465423583984,14.841107368469238
870000,880001,17,7,250,210,1,40946.36328125,421.5971984863281,228.62191772460938,139.05899047851562,97.55655670166016,81.11613464355469,74.51496124267578,58.03358840942383,38.52394485473633,35.58722686767578,29.465864181518555,26.603233337402344,23.155973434448242,18.963058471679688,17.627809524536133,12.905045509338379,12.531465530395508,26306.013671875,143.44778442382812,86.429443359375,46.31639862060547,30.385486602783203,25.712678909301758,13.809341430664062
875000,885001,17,7,251,215,0,40923.35546875,442.37200927734375,181.50234985351562,144.47744750976562,94.369384765625,72.8028793334961,62.104530334472656,58.11003875732422,39.974700927734375,32.06218338012695,28.7993221282959,25.858854293823242,19.976158142089844,18.081768035888672,14.800665855407715,13.526318550109863,10.898968696594238,26309.44140625,179.4882049560547,82.79070281982422,49.85773468017578,31.819202423095703,20.818727493286133,14.570651054382324
875000,885001,17,7,251,215,1,40914.97265625,440.87646484375,180.04466247558594,144.90011596679688,92.77237701416016,69.31588745117188,64.74890899658203,55.087860107421875,40.6572380065918,33.022796630859375,28.15510368347168,25.290884017944336,19.67185401916504,17.26521873474121,15.546089172363281,13.685868263244629,11.83072280883789,26304.47265625,180.30288696289062,80.43910217285156,50.76055145263672,30.589815139770508,18.194753646850586,16.357364654541016
880000,890001,17,7,255,225,0,40959.9609375,541.2735595703125,219.27317810058594,140.96385192871094,104.224365234375,77.07056427001953,75.5684814453125,68.120361328125,42.50128173828125,35.46175765991211,31.226531982421875,25.24952507019043,22.64164924621582,19.628173828125,15.236770629882812,14.39599609375,13.645666122436523,26321.78515625,210.48451232910156,83.74066162109375,59.53824234008789,33.9527473449707,24.68103790283203,15.4539155960083
880000,890001,17,7,255,225,1,40920.42578125,536.8182373046875,221.72230529785156,143.09866333007812,102.19163513183594,77.91886138916016,74.23368835449219,65.81787872314453,43.17361068725586,36.32659912109375,32.0018310546875,22.830881118774414,21.805707931518555,18.4619140625,16.746822357177734,14.022457122802734,12.824478149414062,26296.0078125,209.37364196777344,82.66029357910156,55.705318450927734,33.89961242675781,20.60222816467285,17.412460327148438
885000,895001,17,7,252,221,0,42061.5703125,388.7293701171875,192.47421264648438,134.13150024414062,90.53695678710938,67.35948944091797,59.028533935546875,51.82889938354492,37.7588996887207,31.82561492919922,29.43512725830078,24.650293350219727,20.34378433227539,19.267423629760742,17.089033126831055,14.810450553894043,12.670149803161621,27036.25390625,180.92079162597656,74.4388198852539,49.1844482421875,31.230667114257812,20.42401695251465,15.710564613342285
885000,895001,17,7,252,221,1,42064.9140625,389.056884765625,188.93167114257812,132.73031616210938,92.78866577148438,70.85589599609375,61.37040328979492,57.06656265258789,40.300994873046875,30.760883331298828,29.207273483276367,24.093219757080078,20.951351165771484,19.259662628173828,16.209087371826172,13.951878547668457,12.68095588684082,27038.5234375,179.91065979003906,76.50990295410156,51.94386291503906,33.958351135253906,20.255313873291016,16.398197174072266
890000,900001,17,7,252,215,0,41979.8125,527.65380859375,192.18185424804688,156.27420043945312,109.85893249511719,78.00881958007812,70.07671356201172,57.886322021484375,44.396148681640625,35.607444763183594,31.885786056518555,27.475399017333984,24.425649642944336,21.18003273010254,18.76882553100586,15.253351211547852,13.623998641967773,26963.591796875,162.99749755859375,90.531005859375,55.572532653808594,33.04898452758789,23.069501876831055,14.53222370147705
890000,900001,17,7,252,215,1,41979.34765625,528.9366455078125,194.07188415527344,153.26318359375,109.82907104492188,75.23574829101562,68.07711791992188,58.95610046386719,45.315914154052734,35.20539474487305,32.67182540893555,28.785839080810547,26.261409759521484,24.038040161132812,18.3551025390625,14.789280891418457,14.1536865234375,26962.779296875,165.51004028320312,91.6093978881836,54.46305847167969,37.17606735229492,27.494340896606445,15.593827247619629
895000,905001,17,7,253,217,0,41069.875,523.3048706054688,175.3148956298828,149.46632385253906,92.49317932128906,79.15469360351562,64.43439483642578,56.56934356689453,40.84292984008789,33.32807922363281,29.518983840942383,23.787927627563477,21.341739654541016,18.04729461669922,14.683618545532227,13.903637886047363,12.719560623168945,26370.208984375,162.22972106933594,85.73994445800781,52.9478759765625,30.87220573425293,20.502120971679688,14.401397705078125
895000,905001,17,7,253,217,1,41092.01953125,523.5470581054688,175.8830108642578,147.6851043701172,96.1220474243164,77.75066375732422,59.67805099487305,53.46638107299805,39.57955551147461,37.478790283203125,31.62657356262207,26.89321517944336,19.367359161376953,18.476276397705078,16.881263732910156,13.117302894592285,11.637938499450684,26386.654296875,162.81661987304688,84.63261413574219,51.204837799072266,34.646785736083984,20.184288024902344,13.240616798400879
900000,910001,17,7,252,217,0,41561.76171875,497.8494567871094,230.5492401123047,136.04075622558594,93.56410217285156,74.86819458007812,57.42396545410156,52.570037841796875,41.6918830871582,34.281341552734375,26.332975387573242,24.666242599487305,21.724727630615234,17.606075286865234,16.610382080078125,15.366606712341309,13.114151954650879,26702.40234375,171.03729248046875,84.04527282714844,46.906978607177734,30.618934631347656,20.39438819885254,15.239684104919434
900000,910001,17,7,252,217,1,41542.4375,490.2459411621094,227.3968963623047,135.26344299316406,90.20401000976562,75.41654968261719,56.258548736572266,51.63393783569336,40.67250061035156,32.495635986328125,25.6084041595459,24.616422653198242,21.477249145507812,17.53742790222168,16.247617721557617,15.249000549316406,11.833724975585938,26687.701171875,170.6747589111328,84.4907455444336,45.98711013793945,27.598709106445312,21.48556900024414,16.494016647338867
905000,915001,17,7,251,220,0,41470.9140625,431.15765380859375,187.0569610595703,126.6319580078125,94.4677734375,68.10711669921875,62.08015441894531,49.98689651489258,40.61591720581055,29.319196701049805,27.303634643554688,25.114641189575195,18.49248695373535,18.031370162963867,16.788427352905273,15.580387115478516,13.391805648803711,26641.490234375,156.57569885253906,66.60499572753906,49.446067810058594,28.974172592163086,18.95233154296875,14.047940254211426
905000,915001,17,7,251,220,1,41496.77734375,433.6309814453125,185.26763916015625,129.6948699951172,92.54545593261719,70.68899536132812,60.86216354370117,52.02031707763672,42.233787536621094,32.90927505493164,27.352867126464844,25.130739212036133,20.694984436035156,18.822893142700195,15.362180709838867,14.874470710754395,13.891388893127441,26658.3125,157.4124755859375,64.93209075927734,48.164546966552734,28.122785568237305,18.46776008605957,14.33989429473877
910000,920001,17,7,252,226,0,41122.39453125,468.2601623535156,223.54310607910156,132.23648071289062,89.11563873291016,76.5989990234375,66.44038391113281,54.458335876464844,40.140350341796875,31.609649658203125,27.995277404785156,23.614912033081055,19.380701065063477,18.139450073242188,14.176250457763672,14.046673774719238,12.54090404510498,26405.583984375,174.922119140625,81.09449005126953,53.190467834472656,32.493778228759766,20.27790641784668,16.73231315612793
910000,920001,17,7,252,226,1,41136.3515625,464.6551513671875,224.6250762939453,132.53399658203125,87.66303253173828,72.80018615722656,65.60661315917969,57.13325500488281,40.419647216796875,33.16490173339844,30.61250877380371,24.7274169921875,20.169605255126953,18.189157485961914,16.8972225189209,15.281755447387695,14.722136497497559,26415.43359375,173.5753936767578,78.27703857421875,54.3397216796875,34.8831672668457,22.40164566040039,17.51482391357422
915000,925001,17,7,252,224,0,41829.16015625,585.0751953125,223.95587158203125,155.92263793945312,105.63804626464844,81.87677764892578,73.02593994140625,64.20736694335938,47.300453186035156,35.66606521606445,32.74143981933594,25.76955223083496,21.526140213012695,19.16808319091797,17.392011642456055,16.279991149902344,13.136282920837402,26834.505859375,218.54873657226562,84.38707733154297,50.160057067871094,30.006990432739258,22.643360137939453,17.224288940429688
915000,925001,17,7,252,224,1,41827.375,580.3375854492188,223.52334594726562,156.32638549804688,105.37609100341797,86.07279205322266,74.90803527832031,64.93465423583984,47.82865905761719,33.804908752441406,31.892343521118164,25.48647689819336,20.13350486755371,17.541406631469727,15.862380981445312,13.736238479614258,11.98749828338623,26833.513671875,209.78656005859375,85.54739379882812,50.39586639404297,31.71686553955078,19.0893497467041,15.64295768737793
920000,930001,17,7,253,229,0,42094.96484375,452.7613220214844,202.24212646484375,123.4977798461914,99.17434692382812,83.30459594726562,66.68306732177734,57.96565246582031,43.683013916015625,34.65193176269531,30.464126586914062,24.274166107177734,22.219646453857422,19.074602127075195,17.508451461791992,14.49696159362793,12.838029861450195,27044.646484375,153.3821563720703,83.6681137084961,50.539756774902344,32.13435363769531,23.30624771118164,17.043682098388672
920000,930001,17,7,253,229,1,42092.4296875,447.7680969238281,204.53009033203125,120.50172424316406,98.94802856445312,76.97428131103516,63.597877502441406,55.88490295410156,38.57441329956055,32.383487701416016,27.608015060424805,23.754953384399414,20.13260269165039,17.413164138793945,16.733198165893555,16.13232421875,14.209257125854492,27045.162109375,151.30923461914062,82.96244049072266,46.27676773071289,31.888216018676758,21.84541130065918,17.321006774902344
925000,935001,17,7,252,224,0,40893.78515625,516.9335327148438,229.79934692382812,155.7265625,103.03871154785156,87.93351745605469,72.10154724121094,69.20848083496094,57.24753952026367,41.34136962890625,35.3271598815918,34.32848358154297,29.251501083374023,22.438032150268555,20.7813663482666,19.565080642700195,17.793987274169922,26256.275390625,186.87652587890625,82.39735412597656,61.306888580322266,37.719112396240234,30.59752082824707,20.754268646240234
925000,935001,17,7,252,224,1,40891.08203125,525.2186889648438,228.43020629882812,147.41624450683594,101.94632720947266,81.04249572753906,68.03565979003906,64.65127563476562,54.496978759765625,41.63240051269531,37.018245697021484,31.182270050048828,26.80473518371582,22.6721248626709,19.635761260986328,18.05813217163086,16.849252700805664,26253.703125,187.2720947265625,79.7135238647461,59.947444915771484,37.090213775634766,32.65940475463867,18.8690128326416
930000,940001,17,7,250,222,0,42202.765625,461.4168395996094,180.5980682373047,138.10140991210938,101.43441772460938,77.86530303955078,66.92630767822266,45.55360794067383,42.22449493408203,41.94303512573242,33.278961181640625,26.362398147583008,24.56521987915039,21.21767234802246,18.712751388549805,15.36501407623291,13.038761138916016,27110.052734375,151.98423767089844,82.36592864990234,45.960853576660156,32.27534484863281,25.93939971923828,15.808223724365234
930000,940001,17,7,250,222,1,42207.296875,452.3358154296875,184.09149169921875,142.59945678710938,107.46247100830078,85.05237579345703,69.83953094482422,61.87659454345703,53.127132415771484,42.87118148803711,33.490264892578125,26.237186431884766,23.019012451171875,21.082162857055664,19.559919357299805,15.487744331359863,14.198840141296387,27114.98828125,154.76251220703125,84.34581756591797,51.369529724121094,35.80001449584961,23.82760238647461,15.175963401794434
935000,945001,17,7,253,223,0,42381.20703125,450.0504455566406,273.1246337890625,142.72714233398438,108.08234405517578,90.12440490722656,71.16634368896484,56.2766227722168,48.85736846923828,35.1996955871582,27.38343620300293,25.360074996948242,22.855289459228516,20.939931869506836,18.44188690185547,14.488439559936523,13.225805282592773,27260.4765625,152.11065673828125,72.63346862792969,46.465782165527344,31.225818634033203,19.180274963378906,15.384033203125
935000,945001,17,7,253,223,1,42382.828125,454.73602294921875,269.8533630371094,145.43055725097656,108.63472747802734,96.06463623046875,70.39212799072266,53.501522064208984,45.622467041015625,36.84011459350586,27.181198120117188,24.116071701049805,20.753042221069336,19.9859676361084,15.681367874145508,13.356475830078125,11.778291702270508,27262.49609375,152.50131225585938,71.09859466552734,45.1291389465332,27.278390884399414,17.015594482421875,14.315549850463867
940000,950001,17,7,251,228,0,42548.3359375,574.8883666992188,274.037109375,136.72630310058594,108.06114196777344,84.66765594482422,81.86133575439453,70.71272277832031,50.13102340698242,41.02245330810547,38.99031448364258,30.831558227539062,22.358949661254883,21.866985321044922,20.273710250854492,16.801156997680664,13.25691032409668,27320.341796875,205.18418884277344,86.96314239501953,61.62504959106445,41.72835159301758,24.71422576904297,21.7425479888916
940000,950001,17,7,251,228,1,42548.859375,573.1904296875,278.64630126953125,134.57388305664062,104.7752685546875,84.66653442382812,83.17237854003906,68.26263427734375,51.95796203613281,40.40317916870117,39.3585319519043,31.674381256103516,24.348731994628906,19.69563865661621,17.38818359375,15.503556251525879,14.406107902526855,27321.392578125,204.5975799560547,87.69344329833984,59.49683380126953,40.21378707885742,22.417125701904297,16.774763107299805
945000,955001,17,7,255,225,0,43359.34765625,408.772705078125,180.6118621826172,115.1993408203125,94.1893539428711,74.16899871826172,63.00241470336914,50.36582565307617,42.17670440673828,34.34103775024414,29.51980972290039,26.8577938079834,22.038990020751953,21.737022399902344,19.573232650756836,17.539234161376953,15.617541313171387,27827.46484375,152.40948486328125,66.30335998535156,47.369564056396484,33.248779296875,23.03232765197754,17.965499877929688
945000,955001,17,7,255,225,1,43355.4609375,409.1610107421875,180.4037322998047,120.93695068359375,97.17804718017578,75.2057876586914,66.92609405517578,50.69162368774414,43.946311950683594,34.549537658691406,30.83814239501953,24.921310424804688,19.374282836914062,16.7640323638916,15.844632148742676,13.757539749145508,13.22276496887207,27825.67578125,153.14263916015625,70.1758041381836,50.704872131347656,34.002540588378906,17.945810317993164,15.140181541442871
950000,960001,17,7,255,234,0,43233.5859375,442.1898193359375,189.2284698486328,147.84506225585938,123.61396789550781,73.82865142822266,67.6996078491211,57.49078369140625,40.44621658325195,35.388336181640625,29.09357452392578,28.557090759277344,23.68840217590332,20.474353790283203,19.002965927124023,15.225906372070312,14.592930793762207,27750.97265625,162.7698211669922,73.95922088623047,55.34994888305664,32.73887252807617,23.635555267333984,16.163318634033203
950000,960001,17,7,255,234,1,43220.50390625,446.83636474609375,196.26617431640625,154.7319793701172,124.43013000488281,75.88837432861328,68.57624053955078,61.87569046020508,40.96779251098633,36.80500030517578,30.17146110534668,28.044212341308594,23.547395706176758,18.565038681030273,17.633548736572266,15.150716781616211,12.791451454162598,27741.25390625,167.07080078125,76.95494079589844,57.924869537353516,32.38442611694336,22.053142547607422,15.833786010742188
955000,965001,17,7,254,227,0,43804.6953125,425.6781921386719,191.16421508789062,126.44585418701172,86.06816864013672,75.25684356689453,62.33424377441406,46.50983428955078,39.573184967041016,36.10678482055664,31.335500717163086,25.86103057861328,21.267860412597656,16.975032806396484,16.2001895904541,13.55583667755127,10.85997486114502,28161.212890625,171.395751953125,75.56663513183594,40.894927978515625,31.175155639648438,22.66507339477539,15.713770866394043
955000,965001,17,7,254,227,1,43809.91015625,421.8023376464844,192.0623779296875,126.72819519042969,90.63155364990234,78.55804443359375,64.0188217163086,54.03234100341797,43.3759765625,36.886558532714844,32.49055480957031,26.24028778076172,25.411569595336914,21.127084732055664,19.74952507019043,15.174022674560547,12.08963680267334,28164.208984375,174.06918334960938,80.41487121582031,45.03928756713867,32.1993293762207,25.001529693603516,16.698610305786133
960000,970001,17,7,253,220,0,42958.90625,506.5288391113281,211.84413146972656,141.47598266601562,98.28621673583984,73.83940887451172,64.54780578613281,59.05150604248047,43.52607727050781,39.67983627319336,31.610624313354492,28.400936126708984,21.5231990814209,18.95909881591797,18.20166015625,16.017608642578125,14.588238716125488,27597.96484375,159.88189697265625,77.15492248535156,53.57380676269531,33.00632858276367,23.731807708740234,18.884368896484375
960000,970001,17,7,253,220,1,42969.69921875,507.3336486816406,217.8627471923828,143.7238311767578,94.30706787109375,72.0933837890625,65.23139190673828,56.775794982910156,45.279815673828125,34.1435546875,32.57792663574219,23.958921432495117,22.763452529907227,19.299795150756836,17.313655853271484,16.491788864135742,14.56340503692627,27603.34765625,164.21286010742188,80.80854034423828,55.058902740478516,33.60430908203125,21.982372283935547,17.507802963256836
965000,975001,17,7,248,220,0,42694.51171875,684.3646240234375,206.8518524169922,134.5004119873047,91.90309143066406,81.05223083496094,67.00426483154297,55.96096420288086,41.29183578491211,37.59651565551758,31.978116989135742,26.04442596435547,21.15016746520996,17.41505241394043,15.701687812805176,14.614755630493164,12.284768104553223,27403.384765625,187.3419189453125,77.83318328857422,47.04313278198242,35.67348098754883,22.5914306640625,14.218955039978027
965000,975001,17,7,248,220,1,42682.2734375,684.7978515625,210.032470703125,135.94395446777344,90.94410705566406,84.67627716064453,67.37886810302734,57.676734924316406,39.417232513427734,36.70368194580078,30.81610870361328,24.678951263427734,21.201417922973633,19.15632438659668,16.476375579833984,14.240337371826172,13.2229642868042,27396.060546875,192.3072509765625,80.66187286376953,51.61514663696289,35.159584045410156,21.939064025878906,16.58772087097168
970000,980001,17,7,254,213,0,43120.0859375,650.5138549804688,245.7667236328125,163.08653259277344,120.40361022949219,86.31697845458984,75.62290954589844,72.49847412109375,50.69212341308594,37.607818603515625,32.49312210083008,26.67104148864746,23.552804946899414,20.239845275878906,18.57234001159668,17.774736404418945,14.822440147399902,27697.083984375,190.3611297607422,109.25634002685547,62.671566009521484,40.23244857788086,23.866531372070312,19.02754783630371
970000,980001,17,7,254,213,1,43129.15625,643.6406860351562,244.59954833984375,158.9871368408203,119.36092376708984,86.62382507324219,76.1041259765625,69.33189392089844,49.130958557128906,35.598907470703125,31.46183204650879,25.883153915405273,22.74968147277832,19.716129302978516,18.609325408935547,16.521635055541992,13.86567211151123,27701.98828125,190.03817749023438,106.4617691040039,63.11717987060547,40.19149398803711,27.208267211914062,20.27779197692871
975000,985001,17,7,253,220,0,42456.89453125,955.4055786132812,234.2991943359375,149.5159454345703,109.11595153808594,86.10792541503906,69.09418487548828,62.264339447021484,46.721519470214844,43.02772903442383,33.14181137084961,27.439510345458984,22.841543197631836,20.719738006591797,19.127506256103516,16.763668060302734,14.722350120544434,27280.912109375,211.75173950195312,85.11528778076172,63.27231979370117,41.076011657714844,20.800275802612305,18.090219497680664
975000,985001,17,7,253,220,1,42454.03125,951.985107421875,233.31849670410156,147.5167236328125,102.95047760009766,83.91609954833984,66.31672668457031,60.104862213134766,47.708919525146484,42.077999114990234,34.305660247802734,27.87333869934082,24.697145462036133,20.91925048828125,20.850814819335938,16.537982940673828,14.856683731079102,27278.201171875,203.466796875,81.89859771728516,63.00222396850586,32.991371154785156,21.59349822998047,15.793030738830566
980000,990001,17,7,256,224,0,42416.89453125,610.4161376953125,231.34629821777344,152.62025451660156,105.88069152832031,74.51020812988281,72.42755126953125,58.45002365112305,50.15932846069336,38.18769073486328,35.65462875366211,31.806211471557617,28.180622100830078,21.9686222076416,21.464101791381836,17.87558937072754,15.160574913024902,27248.546875,226.81459045410156,78.6966781616211,55.18570327758789,34.624534606933594,31.076845169067383,20.017772674560547
980000,990001,17,7,256,224,1,42425.921875,615.7315673828125,237.76683044433594,151.254638671875,104.63015747070312,80.88197326660156,74.40631103515625,65.49706268310547,53.426109313964844,48.08222961425781,41.623172760009766,31.760616302490234,27.55796241760254,26.35763168334961,23.541894912719727,21.634729385375977,17.94520378112793,27254.326171875,236.60865783691406,82.99275207519531,58.74498748779297,44.56212615966797,30.069103240966797,24.791139602661133
985000,995001,17,7,253,229,0,43246.921875,440.57147216796875,220.8887481689453,127.96914672851562,105.23314666748047,82.5276107788086,67.23078155517578,55.44866943359375,40.19232177734375,35.246246337890625,28.611343383789062,28.330041885375977,23.248306274414062,19.1181697845459,17.847620010375977,13.04842472076416,12.406508445739746,27790.34375,186.3505096435547,86.22816467285156,47.239784240722656,33.466453552246094,20.321325302124023,18.507278442382812
985000,995001,17,7,253,229,1,43253.6328125,440.9766845703125,214.65838623046875,126.38936614990234,103.49694061279297,81.25371551513672,67.62422180175781,57.565208435058594,39.03518295288086,31.99261474609375,27.859514236450195,26.885637283325195,23.000078201293945,20.465715408325195,15.310267448425293,14.203691482543945,13.672164916992188,27796.16796875,179.37840270996094,82.80924224853516,49.16763687133789,31.05864143371582,21.168148040771484,15.868968963623047
