grad_step,env_steps,window_len,penalty_len,n_windows,unique_eps,critic,sv_01,sv_02,sv_03,sv_04,sv_05,sv_06,sv_07,sv_08,sv_09,sv_10,sv_11,sv_12,sv_13,sv_14,sv_15,sv_16,sv_17,pen_sv_01,pen_sv_02,pen_sv_03,pen_sv_04,pen_sv_05,pen_sv_06,pen_sv_07,pen_sv_08,pen_sv_09
0,10001,17,9,253,10,0,5.986733913421631,5.465390205383301,4.925043106079102,4.721660137176514,4.391888618469238,4.386207103729248,4.217885971069336,3.943232774734497,3.840052843093872,3.558417558670044,3.441065549850464,3.366920232772827,3.163396120071411,2.8326869010925293,2.5231635570526123,2.2941927909851074,2.2006735801696777,5.39923620223999,5.063134670257568,4.318239688873291,4.262060165405273,3.6042613983154297,3.570014476776123,3.3198330402374268,2.9237825870513916,2.266934394836426
0,10001,17,9,253,10,1,10.021190643310547,4.522153377532959,4.378021717071533,4.333817958831787,4.001008987426758,3.910081148147583,3.7914345264434814,3.6700363159179688,3.5484960079193115,3.4633967876434326,3.4029040336608887,3.206683874130249,3.0953314304351807,2.933817148208618,2.8640222549438477,2.706601142883301,2.6306753158569336,7.47377872467041,4.352887153625488,4.068164348602295,3.8288519382476807,3.5573010444641113,3.3945631980895996,3.270380973815918,3.0488648414611816,2.7336854934692383
5000,15001,17,9,254,15,0,2196.543701171875,78.0732192993164,50.678627014160156,36.070518493652344,33.18732833862305,27.49054718017578,23.672836303710938,21.465972900390625,19.572206497192383,17.6558837890625,16.64935302734375,14.821776390075684,13.430724143981934,13.231980323791504,12.59773063659668,12.252883911132812,11.465361595153809,1601.78369140625,48.96321105957031,32.8201904296875,24.507930755615234,19.78178596496582,16.52136993408203,14.25290298461914,13.735276222229004,12.554805755615234
5000,15001,17,9,254,15,1,2195.447021484375,79.19268798828125,51.74393081665039,37.50825500488281,34.08333969116211,27.654024124145508,24.750173568725586,22.329566955566406,19.251901626586914,17.900291442871094,16.832033157348633,14.932332992553711,14.833799362182617,13.72746753692627,12.702613830566406,11.834307670593262,11.363311767578125,1601.4569091796875,49.36885452270508,33.63022994995117,25.378427505493164,20.40380096435547,17.162334442138672,15.127384185791016,14.001376152038574,13.125868797302246
10000,20001,17,9,251,20,0,2190.046142578125,83.73388671875,59.26491165161133,39.57485580444336,34.02546691894531,27.80521583557129,23.90088653564453,19.651887893676758,18.192903518676758,17.554805755615234,14.972527503967285,13.740052223205566,13.446001052856445,12.091142654418945,11.87555980682373,10.719324111938477,9.895486831665039,1593.9207763671875,55.326576232910156,33.19071578979492,24.562862396240234,18.657947540283203,15.418472290039062,14.077454566955566,12.520868301391602,11.540053367614746
10000,20001,17,9,251,20,1,2172.4482421875,83.29817199707031,59.001502990722656,40.022274017333984,34.46941375732422,26.97803497314453,23.574024200439453,19.766700744628906,18.18897819519043,16.930511474609375,14.718188285827637,13.892691612243652,13.446284294128418,13.187137603759766,11.845701217651367,11.152238845825195,9.845901489257812,1581.04296875,55.91163635253906,32.92681884765625,24.11675262451172,19.426172256469727,16.002220153808594,13.34787654876709,13.041940689086914,11.248261451721191
15000,25001,17,9,255,25,0,2445.305908203125,118.42904663085938,59.33190155029297,44.38999557495117,37.972434997558594,33.05467987060547,26.341352462768555,22.69829750061035,19.74341583251953,19.451053619384766,16.653108596801758,15.588411331176758,14.76355266571045,14.323857307434082,13.595816612243652,11.998973846435547,11.798887252807617,1784.770751953125,57.53025436401367,36.94734191894531,27.779024124145508,21.738136291503906,17.481098175048828,15.604133605957031,14.112168312072754,12.61683464050293
15000,25001,17,9,255,25,1,2450.456787109375,119.62730407714844,60.190914154052734,43.884910583496094,38.19498062133789,34.074851989746094,25.926319122314453,22.290807723999023,19.894126892089844,19.15631866455078,16.705968856811523,16.20125961303711,15.303193092346191,14.35788631439209,13.827116966247559,13.50672721862793,12.232925415039062,1788.9813232421875,58.93278121948242,37.26316833496094,26.399404525756836,21.4078426361084,17.719446182250977,16.373659133911133,14.599894523620605,12.54212474822998
20000,30001,17,9,253,30,0,2510.261474609375,131.5879669189453,72.41917419433594,47.01512145996094,36.98360824584961,27.43708610534668,24.30288314819336,23.608163833618164,20.63042449951172,20.365375518798828,16.664159774780273,15.49954891204834,14.458971977233887,14.108076095581055,12.693985939025879,12.444452285766602,12.034733772277832,1833.6578369140625,76.13813018798828,42.687652587890625,25.021331787109375,20.943288803100586,16.651084899902344,16.19070816040039,13.730938911437988,12.845908164978027
20000,30001,17,9,253,30,1,2524.623291015625,130.70729064941406,71.81843566894531,47.04301452636719,37.7597770690918,27.11261558532715,23.76131248474121,22.658859252929688,19.921106338500977,18.890064239501953,17.40874671936035,15.79131031036377,15.010805130004883,14.010300636291504,13.440437316894531,12.85412311553955,11.087024688720703,1842.7589111328125,75.86386108398438,41.56440734863281,25.31269073486328,20.254133224487305,17.87754249572754,16.233617782592773,14.485908508300781,12.150887489318848
25000,35001,17,9,253,35,0,3193.990478515625,170.89707946777344,87.7936019897461,58.95836639404297,51.531341552734375,37.580387115478516,31.772130966186523,27.92307472229004,25.55126190185547,21.087013244628906,20.62152099609375,18.66057586669922,18.48853302001953,16.186235427856445,15.228337287902832,14.364274024963379,14.085409164428711,2333.166748046875,97.44538116455078,47.77085494995117,32.502601623535156,26.33234405517578,21.166643142700195,18.17388343811035,17.044036865234375,14.801213264465332
25000,35001,17,9,253,35,1,3183.83056640625,170.69091796875,87.80842590332031,56.89237976074219,50.69521713256836,39.217350006103516,31.815689086914062,28.18863868713379,24.72311782836914,21.154558181762695,20.29570770263672,19.38572883605957,18.167104721069336,17.036527633666992,15.081287384033203,14.631924629211426,13.641955375671387,2326.406982421875,98.78431701660156,48.75065612792969,33.549598693847656,26.071083068847656,20.737655639648438,19.313095092773438,18.01235580444336,15.117535591125488
30000,40001,17,9,254,40,0,4260.19140625,209.7536163330078,90.53450775146484,73.7403335571289,51.218162536621094,43.869869232177734,40.15363311767578,34.92921829223633,29.80409049987793,24.870067596435547,22.66441535949707,21.458271026611328,21.264375686645508,18.72660255432129,17.685514450073242,17.566802978515625,16.49226188659668,3109.376220703125,95.99544525146484,61.31110382080078,43.52173614501953,33.60845947265625,23.668865203857422,20.85895347595215,19.20223045349121,17.5504207611084
30000,40001,17,9,254,40,1,4260.7626953125,210.88751220703125,91.34358215332031,75.21080017089844,47.645103454589844,40.06064987182617,38.98282241821289,34.38702392578125,29.672134399414062,26.62375259399414,23.600154876708984,21.160961151123047,20.41727066040039,19.234262466430664,18.38927459716797,17.36587905883789,15.851329803466797,3109.8291015625,97.56682586669922,59.80921173095703,40.49308776855469,31.97381591796875,26.706527709960938,22.66058349609375,19.400239944458008,17.526248931884766
35000,45001,17,9,251,44,0,5684.94384765625,257.53778076171875,112.07733154296875,76.26152038574219,56.005950927734375,47.42521667480469,44.999210357666016,35.264102935791016,32.165565490722656,29.88236427307129,27.162023544311523,25.70789909362793,24.414321899414062,22.59351348876953,21.551279067993164,20.383249282836914,18.974424362182617,4125.00390625,141.69911193847656,59.0869140625,44.64350128173828,34.31199645996094,28.695646286010742,24.519363403320312,23.550764083862305,21.906503677368164
35000,45001,17,9,251,44,1,5704.09765625,257.98809814453125,110.45118713378906,76.28951263427734,58.11713790893555,47.54225158691406,41.3638916015625,35.29123306274414,31.339460372924805,30.57990837097168,27.92513656616211,25.00492286682129,24.403411865234375,23.04720687866211,20.78583526611328,20.542896270751953,19.527576446533203,4140.1455078125,142.1876220703125,60.1082649230957,43.318458557128906,34.04219436645508,29.750568389892578,26.809463500976562,23.5471134185791,21.79271697998047
40000,50001,17,9,252,50,0,6874.4677734375,299.37957763671875,137.1296844482422,97.54818725585938,62.859596252441406,51.437835693359375,49.43345642089844,39.353981018066406,35.06720733642578,30.922386169433594,29.11403465270996,28.460472106933594,26.586078643798828,25.841995239257812,23.568954467773438,22.519506454467773,20.22809600830078,4989.65283203125,147.75057983398438,66.09429931640625,48.76119613647461,37.201011657714844,31.39971923828125,28.015867233276367,25.397747039794922,23.850141525268555
40000,50001,17,9,252,50,1,6875.3486328125,300.7618408203125,136.46409606933594,97.0102767944336,64.8408203125,53.05574417114258,50.426246643066406,41.514915466308594,34.63620376586914,30.566146850585938,29.852169036865234,27.257680892944336,25.841617584228516,25.244487762451172,24.40138053894043,22.64373016357422,21.888626098632812,4989.70458984375,148.24855041503906,67.94528198242188,52.03564453125,36.99437713623047,29.449987411499023,27.12384033203125,25.554128646850586,22.62350845336914
45000,55001,17,9,249,54,0,8376.451171875,278.5817565917969,140.38294982910156,92.59352111816406,74.76826477050781,54.577537536621094,50.86387634277344,40.40946960449219,35.53429412841797,34.66982650756836,31.47715950012207,29.487773895263672,28.860137939453125,28.055330276489258,26.51042366027832,24.932411193847656,22.38039779663086,6122.6650390625,141.87437438964844,74.26029968261719,47.945716857910156,39.9448356628418,29.936681747436523,29.273399353027344,27.334617614746094,25.61602210998535
45000,55001,17,9,249,54,1,8381.2255859375,276.41162109375,138.67849731445312,93.6759262084961,76.83959197998047,55.7392692565918,52.698577880859375,42.017704010009766,36.575035095214844,33.843467712402344,31.488508224487305,30.264514923095703,29.388242721557617,26.67741584777832,26.134605407714844,25.58557891845703,23.256446838378906,6125.16259765625,140.92919921875,79.62642669677734,50.56032943725586,40.805973052978516,31.77457618713379,29.745580673217773,27.393367767333984,24.857332229614258
50000,60001,17,9,255,60,0,9428.2041015625,326.92669677734375,164.42665100097656,111.66959381103516,79.34080505371094,66.36198425292969,62.22117614746094,45.37761688232422,43.823944091796875,39.51621627807617,37.707122802734375,33.74994659423828,31.774778366088867,29.91233253479004,28.50078773498535,26.445627212524414,23.131893157958984,6856.2412109375,160.36978149414062,85.74152374267578,61.58476257324219,44.870147705078125,38.48701095581055,32.353172302246094,31.29548454284668,27.856653213500977
50000,60001,17,9,255,60,1,9415.6904296875,331.62066650390625,163.4885711669922,110.79932403564453,79.6599349975586,65.2551040649414,60.75068283081055,48.65378189086914,46.11686706542969,38.032081604003906,37.10728454589844,32.696495056152344,30.27263832092285,28.575420379638672,27.450904846191406,24.95620346069336,23.19770050048828,6847.0224609375,156.95635986328125,86.11261749267578,60.32981872558594,46.27608108520508,36.756141662597656,31.2000675201416,28.967710494995117,25.561954498291016
55000,65001,17,9,250,64,0,10841.798828125,350.3497619628906,173.47879028320312,108.98400115966797,72.78733825683594,61.76827621459961,56.737525939941406,47.39823532104492,39.592987060546875,39.32463455200195,34.807857513427734,32.63929748535156,32.02341079711914,29.90525245666504,28.177656173706055,26.98799705505371,24.396669387817383,7876.32275390625,164.77658081054688,78.01724243164062,56.0942497253418,42.52186965942383,38.862003326416016,31.391616821289062,28.39651870727539,26.9953556060791
55000,65001,17,9,250,64,1,10854.2734375,346.7485046386719,173.74168395996094,111.08550262451172,70.62959289550781,61.576904296875,56.090354919433594,45.32637023925781,38.99193572998047,37.293663024902344,32.86185073852539,31.886642456054688,30.10164451599121,29.420753479003906,26.980833053588867,25.05350685119629,24.29835319519043,7884.1396484375,165.56495666503906,79.4049301147461,58.071102142333984,41.50516891479492,34.51177215576172,31.991397857666016,28.454620361328125,27.232391357421875
60000,70001,17,9,252,67,0,11926.9365234375,374.0095520019531,168.6928253173828,114.93402862548828,87.08078002929688,69.96712493896484,57.81691360473633,46.62879180908203,43.06767654418945,40.38190841674805,37.746883392333984,34.56937789916992,32.39313507080078,31.622180938720703,29.210573196411133,26.678010940551758,25.694236755371094,8681.0830078125,165.2825164794922,90.4614486694336,59.4947395324707,45.04267120361328,39.36516189575195,35.634361267089844,28.81489372253418,27.481294631958008
60000,70001,17,9,252,67,1,11942.5234375,379.6106262207031,173.08164978027344,113.57461547851562,86.5758285522461,67.67145538330078,60.153709411621094,50.4741096496582,44.4919319152832,40.0196647644043,37.71645736694336,36.34736633300781,34.23035430908203,32.06755065917969,28.919937133789062,26.843233108520508,26.012128829956055,8691.7724609375,168.81642150878906,86.31956481933594,61.29383850097656,46.04477310180664,39.18753433227539,37.36614227294922,29.28022003173828,27.734601974487305
65000,75001,17,9,254,73,0,12494.0625,450.5394287109375,219.98294067382812,116.91380310058594,78.19056701660156,67.14839172363281,60.104530334472656,55.33444595336914,47.22117233276367,43.6136589050293,38.19381332397461,35.67677307128906,33.85617446899414,33.29059600830078,31.08339500427246,28.22277069091797,27.57617950439453,9061.310546875,240.1991729736328,88.00811004638672,64.23690032958984,49.8292121887207,44.4625244140625,37.15847396850586,33.73659133911133,28.656982421875
65000,75001,17,9,254,73,1,12486.640625,447.7054748535156,218.0686798095703,116.95458221435547,76.2379150390625,63.207088470458984,60.511959075927734,55.14536666870117,47.4859504699707,43.97876739501953,35.69058609008789,35.09722900390625,33.91493225097656,30.971839904785156,29.645095825195312,27.038179397583008,25.21275520324707,9056.0390625,236.92442321777344,89.98971557617188,62.41783905029297,48.60780715942383,44.220069885253906,35.52449035644531,31.145090103149414,26.699657440185547
70000,80001,17,9,252,77,0,13636.529296875,378.5335998535156,183.6498565673828,108.42491912841797,69.24127197265625,61.18631362915039,51.76142120361328,47.186824798583984,42.93336868286133,36.48339080810547,36.04511260986328,33.61845779418945,33.323387145996094,30.931570053100586,29.10195541381836,27.277278900146484,26.055370330810547,9934.390625,183.25592041015625,73.4686050415039,53.61637878417969,41.754703521728516,35.89350891113281,34.50176239013672,29.178287506103516,27.760395050048828
70000,80001,17,9,252,77,1,13633.931640625,375.669677734375,178.9500274658203,107.7846908569336,68.6603012084961,64.189697265625,56.616207122802734,49.759037017822266,46.637474060058594,39.34522247314453,35.80257797241211,32.94212341308594,30.728086471557617,30.374319076538086,28.927452087402344,27.228893280029297,24.84945297241211,9933.2294921875,182.12664794921875,74.62041473388672,55.93751907348633,47.42311096191406,37.54911804199219,32.94706726074219,28.627586364746094,25.393192291259766
75000,85001,17,9,254,81,0,14800.5205078125,339.1142883300781,173.2028045654297,96.9156265258789,81.79950714111328,67.8199234008789,57.67559051513672,51.5792350769043,43.848575592041016,40.518680572509766,39.3574333190918,36.814144134521484,32.3598518371582,31.10598373413086,29.644968032836914,28.570449829101562,25.89813804626465,10791.7958984375,152.52084350585938,87.56857299804688,61.46121597290039,48.37701416015625,39.39313888549805,32.913795471191406,30.427213668823242,27.37031364440918
75000,85001,17,9,254,81,1,14784.8095703125,339.5737609863281,169.44273376464844,96.29704284667969,82.9701919555664,71.33702850341797,62.679344177246094,55.391395568847656,46.78912353515625,41.44818878173828,38.788482666015625,37.09738540649414,34.5113639831543,32.92591094970703,31.808795928955078,31.31886100769043,28.112548828125,10780.080078125,149.21644592285156,88.79875183105469,61.98475646972656,52.88373565673828,37.5128288269043,36.145225524902344,32.80409240722656,31.4601993560791
80000,90001,17,9,251,83,0,14867.017578125,384.92449951171875,189.37362670898438,116.80647277832031,83.97569274902344,69.31328582763672,57.78757858276367,49.30662155151367,45.60392761230469,43.13456344604492,41.11392593383789,40.139347076416016,36.44099426269531,33.78984451293945,32.347618103027344,31.63691520690918,26.302675247192383,10830.203125,163.728515625,95.19635009765625,57.611812591552734,48.9416618347168,41.97309112548828,39.21113967895508,34.891353607177734,30.92388916015625
80000,90001,17,9,251,83,1,14907.1298828125,382.8178405761719,194.53396606445312,120.88341522216797,84.64554595947266,69.5563735961914,62.548892974853516,50.63508605957031,44.30751037597656,39.847740173339844,39.22499084472656,37.473960876464844,36.00604248046875,32.28388595581055,31.241687774658203,30.427934646606445,28.279239654541016,10857.3662109375,164.14955139160156,99.06166076660156,59.6903190612793,46.40701675415039,39.433040618896484,38.332420349121094,32.173866271972656,31.081308364868164
85000,95001,17,9,254,85,0,15994.044921875,347.86962890625,157.4692840576172,114.70193481445312,84.54521942138672,69.2568588256836,55.75629806518555,49.918792724609375,43.35252380371094,42.30758285522461,38.84994125366211,36.23386764526367,32.46152114868164,31.10820960998535,30.197969436645508,29.287397384643555,28.893550872802734,11656.208984375,173.27244567871094,85.00564575195312,53.3028678894043,44.88111114501953,42.50276565551758,35.643070220947266,30.65215492248535,29.73773193359375
85000,95001,17,9,254,85,1,16017.3623046875,350.9977111816406,156.89913940429688,110.32508850097656,84.79167938232422,70.2349624633789,64.57373809814453,49.8154182434082,45.79533386230469,40.571800231933594,36.98948287963867,34.09357833862305,32.32238006591797,29.653343200683594,28.09821319580078,27.763729095458984,26.190086364746094,11671.9560546875,171.6000213623047,86.9649429321289,59.87338638305664,47.71650314331055,39.27667999267578,31.008886337280273,29.535030364990234,28.59736442565918
90000,100001,17,9,251,91,0,16977.20703125,385.72161865234375,190.13516235351562,128.01792907714844,83.03392791748047,61.67959976196289,54.430538177490234,49.01919174194336,42.48216247558594,41.39818572998047,36.96727752685547,35.496910095214844,33.260536193847656,32.70869445800781,30.44696807861328,29.25336265563965,28.348093032836914,12347.166015625,211.128173828125,92.2575454711914,55.9591178894043,43.7576904296875,41.759239196777344,33.907772064208984,31.793659210205078,30.59087562561035
90000,100001,17,9,251,91,1,16991.66796875,379.3114013671875,185.5895233154297,124.31983184814453,80.70909118652344,62.753475189208984,54.398128509521484,49.13939666748047,44.8017578125,38.66147232055664,36.65602493286133,34.470481872558594,32.95859146118164,31.536550521850586,30.55318260192871,27.46587562561035,26.72513771057129,12358.6015625,204.46279907226562,92.13101196289062,59.096187591552734,46.993961334228516,38.34320831298828,34.919593811035156,33.404258728027344,30.1064453125
95000,105001,17,9,256,98,0,17847.39453125,403.6383972167969,154.41958618164062,127.77904510498047,86.57858276367188,72.4128646850586,61.64223861694336,54.8630256652832,51.909706115722656,42.74203872680664,40.597328186035156,40.06235122680664,39.067100524902344,37.82001876831055,33.41105651855469,32.37055206298828,27.108566284179688,12988.8603515625,169.6560516357422,86.01756286621094,60.609920501708984,49.70590591430664,41.842933654785156,37.58517837524414,35.12759780883789,29.134952545166016
95000,105001,17,9,256,98,1,17860.49609375,401.17425537109375,159.25538635253906,124.38861846923828,85.38103485107422,73.97916412353516,62.7246208190918,53.48927688598633,52.84795379638672,43.697967529296875,41.09092712402344,40.2877082824707,38.181800842285156,34.92268371582031,32.99722671508789,31.944089889526367,29.929662704467773,12998.275390625,163.51058959960938,88.02607727050781,63.621681213378906,49.50737380981445,40.83281707763672,35.67768859863281,34.564361572265625,31.399093627929688
100000,110001,17,9,251,103,0,18081.34765625,357.8961486816406,170.48776245117188,115.81242370605469,91.65757751464844,68.74557495117188,63.010459899902344,55.881980895996094,43.60993194580078,40.48297882080078,35.69057083129883,34.844886779785156,33.78857421875,33.083282470703125,31.51561164855957,30.518136978149414,28.19416618347168,13159.904296875,168.1356658935547,93.8214340209961,63.58819580078125,49.977230072021484,37.53199005126953,34.99860382080078,34.08341598510742,31.868595123291016
100000,110001,17,9,251,103,1,18040.373046875,355.8551940917969,174.7479705810547,121.17945098876953,93.8498764038086,74.8067626953125,56.94106674194336,52.47859191894531,47.973628997802734,42.22383117675781,40.60331344604492,37.46743392944336,35.58366012573242,33.07931900024414,32.15610885620117,28.343833923339844,27.357418060302734,13130.669921875,171.59922790527344,97.94468688964844,64.54012298583984,50.51139450073242,43.65362548828125,35.184322357177734,32.601966857910156,28.77722930908203
105000,115001,17,9,252,102,0,18582.5703125,352.57293701171875,175.9451141357422,119.07572174072266,90.01895904541016,76.16053771972656,72.18350219726562,63.28178024291992,46.164955139160156,45.15705871582031,40.07370376586914,37.37608337402344,35.43954086303711,33.67593002319336,31.7959041595459,30.29084587097168,27.260311126708984,13539.9755859375,198.1200408935547,94.81856536865234,71.07234954833984,50.892417907714844,42.12697982788086,36.957725524902344,34.41313171386719,31.230249404907227
105000,115001,17,9,252,102,1,18607.998046875,346.7490539550781,171.596923828125,120.11902618408203,82.12570190429688,73.63704681396484,68.45570373535156,55.09009552001953,48.14231872558594,45.69675064086914,43.2421760559082,37.703304290771484,37.3468017578125,34.466888427734375,33.76575469970703,29.277376174926758,26.485960006713867,13559.3603515625,195.40768432617188,91.44761657714844,68.6618423461914,49.372039794921875,45.35042190551758,39.1705322265625,34.183231353759766,29.924243927001953
110000,120001,17,9,256,108,0,19419.357421875,436.1773681640625,203.64378356933594,130.99794006347656,88.909423828125,73.52407836914062,64.54534912109375,54.11814498901367,50.143524169921875,41.86873245239258,39.591552734375,36.72200393676758,35.14349365234375,32.100215911865234,30.911945343017578,30.32020378112793,28.612091064453125,14130.4951171875,215.58358764648438,98.86849212646484,65.07913970947266,50.997901916503906,40.408348083496094,36.29233169555664,33.197303771972656,29.084758758544922
110000,120001,17,9,256,108,1,19423.560546875,430.5042419433594,199.7683868408203,129.9556121826172,88.4153060913086,77.52427673339844,65.62823486328125,56.21141052246094,43.8165397644043,41.29528045654297,41.136409759521484,40.20463943481445,33.61962127685547,32.543701171875,31.548734664916992,29.789138793945312,28.58087730407715,14133.8271484375,215.26695251464844,99.34010314941406,66.40452575683594,47.64976501464844,42.31853103637695,40.14799880981445,35.112342834472656,32.11960983276367
115000,125001,17,9,249,108,0,20173.958984375,398.98638916015625,204.24806213378906,130.87721252441406,83.56233215332031,72.79096221923828,63.6613655090332,50.094303131103516,48.77254104614258,42.92851638793945,39.671234130859375,39.21216583251953,36.88243865966797,34.43632507324219,32.129119873046875,29.702014923095703,28.21790313720703,14668.4677734375,225.75762939453125,92.2863540649414,62.06178665161133,48.063961029052734,42.97769546508789,38.918357849121094,35.645118713378906,29.905643463134766
115000,125001,17,9,249,108,1,20161.916015625,397.8819580078125,201.6844024658203,129.58477783203125,87.77099609375,78.11376190185547,67.11725616455078,57.51677322387695,52.10261917114258,48.01572799682617,42.384864807128906,37.929954528808594,35.7605094909668,35.483848571777344,33.265254974365234,31.60783576965332,29.672344207763672,14658.2041015625,222.34341430664062,98.44141387939453,68.33453369140625,52.44450378417969,45.574710845947266,38.497581481933594,36.99052429199219,33.25752258300781
120000,130001,17,9,252,112,0,20228.06640625,341.5875549316406,181.93658447265625,122.04681396484375,81.72615814208984,75.94696807861328,71.83744812011719,56.98401641845703,49.19658279418945,45.66785430908203,39.79663848876953,37.710880279541016,36.09192657470703,33.89634704589844,31.714765548706055,30.561235427856445,28.309720993041992,14733.314453125,173.22994995117188,98.29046630859375,64.65930938720703,52.12500762939453,40.009212493896484,35.50571060180664,33.206398010253906,31.00342559814453
120000,130001,17,9,252,112,1,20220.423828125,346.7048645019531,183.67117309570312,125.02896881103516,83.15428161621094,74.30205535888672,66.83171081542969,55.790321350097656,52.61901092529297,41.474327087402344,40.467933654785156,37.25423812866211,34.36334228515625,33.73875045776367,31.488807678222656,30.285125732421875,29.040037155151367,14728.5546875,174.9676513671875,99.11595153808594,63.31464385986328,46.51824188232422,39.22488021850586,34.34474563598633,33.529788970947266,30.29018783569336
125000,135001,17,9,249,122,0,20834.306640625,357.9223937988281,177.63504028320312,113.44512176513672,91.08062744140625,75.53401184082031,65.08013916015625,51.96977996826172,44.79901123046875,42.3974723815918,40.57797622680664,37.955745697021484,35.67925262451172,34.753334045410156,31.983991622924805,29.953899383544922,28.823772430419922,15176.201171875,178.5115966796875,90.39411926269531,64.66246032714844,51.37825012207031,45.23711395263672,38.208335876464844,36.679203033447266,30.565567016601562
125000,135001,17,9,249,122,1,20810.951171875,355.6133728027344,178.0809783935547,113.24990844726562,91.70220947265625,70.90963745117188,62.41731643676758,50.29167175292969,45.446590423583984,42.319122314453125,39.934844970703125,38.51259994506836,36.58052444458008,35.251976013183594,33.982059478759766,31.16628074645996,30.734100341796875,15160.26171875,176.7723846435547,90.4759521484375,62.70944595336914,51.73451232910156,42.590084075927734,38.56108856201172,36.50046920776367,34.34196472167969
130000,140001,17,9,251,122,0,21759.990234375,341.2167663574219,192.81593322753906,110.25111389160156,91.16144561767578,69.96387481689453,67.30396270751953,54.709468841552734,47.577796936035156,44.573524475097656,40.985321044921875,38.56146240234375,37.404151916503906,33.14714050292969,31.279788970947266,30.15316390991211,28.120691299438477,15872.4482421875,209.00717163085938,86.97396087646484,66.52365112304688,53.26272964477539,42.050052642822266,37.98565673828125,32.888790130615234,32.683284759521484
130000,140001,17,9,251,122,1,21767.287109375,344.45660400390625,190.62542724609375,110.47110748291016,90.64131927490234,72.9749526977539,68.06549072265625,54.110137939453125,44.96586608886719,43.12276077270508,40.78097915649414,40.3166618347168,37.44211959838867,36.733062744140625,34.613216400146484,33.173526763916016,31.600265502929688,15878.6943359375,210.01809692382812,88.62411499023438,66.80805206298828,49.973472595214844,44.295562744140625,39.16890335083008,36.17110061645508,34.606414794921875
135000,145001,17,9,251,121,0,22370.560546875,325.3303527832031,170.86187744140625,121.6540298461914,92.9074478149414,82.02450561523438,65.90587615966797,55.83441925048828,47.45857620239258,41.962928771972656,41.016117095947266,39.89095687866211,38.214046478271484,35.13737106323242,33.09346389770508,30.82697296142578,29.355512619018555,16289.6064453125,185.22348022460938,97.56455993652344,70.97537231445312,51.02119827270508,41.14472579956055,38.32468795776367,34.96664047241211,32.68190002441406
135000,145001,17,9,251,121,1,22360.361328125,325.8802795410156,175.30601501464844,117.45921325683594,98.69266510009766,81.28691864013672,65.11096954345703,54.374202728271484,46.610939025878906,42.465049743652344,39.74654006958008,38.850341796875,37.573028564453125,35.523719787597656,34.423065185546875,31.18270492553711,30.495525360107422,16281.8125,184.04148864746094,95.8544692993164,74.81031799316406,49.22042465209961,42.808345794677734,37.877891540527344,33.68117904663086,31.585466384887695
140000,150001,17,9,251,125,0,22450.72265625,429.6677551269531,205.58541870117188,122.14894104003906,98.44898223876953,79.99108123779297,61.784912109375,53.307796478271484,45.07658767700195,41.7119255065918,40.953758239746094,37.241458892822266,35.19355010986328,34.226097106933594,31.611520767211914,31.005634307861328,28.712417602539062,16370.0166015625,209.861328125,111.3028564453125,69.5402603149414,46.37027359008789,42.093318939208984,37.4439697265625,35.72669219970703,33.83984375
140000,150001,17,9,251,125,1,22410.83984375,429.4796142578125,203.417236328125,123.26004791259766,95.65863800048828,73.2447738647461,64.05514526367188,52.152099609375,47.43693161010742,45.10914993286133,40.83437728881836,40.115169525146484,35.963436126708984,34.53230285644531,33.13894271850586,31.02177619934082,28.27823829650879,16341.8818359375,205.94822692871094,110.0446548461914,68.1794662475586,48.462867736816406,43.09335708618164,36.0203857421875,33.76030349731445,29.570636749267578
145000,155001,17,9,254,132,0,23405.619140625,367.23284912109375,184.99984741210938,121.84379577636719,94.33721160888672,81.51239776611328,76.28455352783203,54.69926452636719,46.20886993408203,43.22145462036133,41.01581573486328,36.75899887084961,35.05812072753906,33.598899841308594,31.510522842407227,29.041179656982422,27.86936378479004,17062.9296875,220.60874938964844,98.9869613647461,76.77228546142578,52.629608154296875,40.907562255859375,38.77824783325195,36.419376373291016,30.757946014404297
145000,155001,17,9,254,132,1,23458.03125,365.2460632324219,183.4525146484375,123.02008819580078,93.74117279052734,80.61595916748047,73.70159912109375,54.93569564819336,47.4207878112793,43.41111755371094,39.48341369628906,38.586700439453125,36.37117004394531,35.22716522216797,33.30374526977539,32.69038391113281,29.737319946289062,17101.818359375,222.20738220214844,101.47906494140625,74.2950210571289,58.067474365234375,43.3539924621582,38.07793045043945,35.60417556762695,32.284725189208984
150000,160001,17,9,249,125,0,24112.791015625,400.733642578125,193.102783203125,115.61616516113281,87.13345336914062,78.06732940673828,69.22435760498047,58.25670623779297,47.52368927001953,43.26774215698242,41.891910552978516,40.3436164855957,39.21938705444336,36.088504791259766,33.4338264465332,31.83187484741211,31.114580154418945,17574.142578125,185.73794555664062,94.74162292480469,72.4535903930664,52.12758255004883,42.99842071533203,39.88483810424805,35.0841064453125,33.00608825683594
150000,160001,17,9,249,125,1,24127.90234375,392.59814453125,191.59130859375,116.41345977783203,86.7106704711914,82.60746002197266,71.61450958251953,64.29586791992188,50.859039306640625,49.6378059387207,43.9554443359375,41.757347106933594,39.65008544921875,38.10702896118164,34.134029388427734,33.6866569519043,28.8056640625,17584.603515625,187.44818115234375,91.11518096923828,75.96658325195312,57.59819030761719,44.6083869934082,43.254058837890625,38.57516098022461,31.84071159362793
155000,165001,17,9,254,125,0,24738.9765625,372.2868347167969,202.21359252929688,120.85989379882812,96.10382080078125,71.73271179199219,70.0252914428711,59.92384338378906,48.323917388916016,45.451210021972656,39.70663833618164,37.995574951171875,33.84110641479492,32.79911422729492,32.220176696777344,30.663463592529297,30.55010986328125,18002.150390625,200.97166442871094,97.84976196289062,70.30670166015625,48.44793701171875,40.3206672668457,38.39714813232422,33.74150848388672,31.84795570373535
155000,165001,17,9,254,125,1,24752.26171875,369.60870361328125,204.16787719726562,124.0606918334961,100.85861206054688,76.98270416259766,68.61320495605469,56.892913818359375,50.16761016845703,45.31203079223633,40.359928131103516,37.65425491333008,34.28068542480469,33.75919723510742,32.452537536621094,30.714536666870117,29.16144371032715,18014.40234375,201.52281188964844,104.23905181884766,66.38290405273438,51.131282806396484,41.41067886352539,37.67675018310547,34.59918212890625,32.731605529785156
160000,170001,17,9,254,133,0,25653.212890625,378.3415832519531,193.28016662597656,141.3874969482422,102.96452331542969,75.20531463623047,62.437171936035156,58.723995208740234,48.41083908081055,44.65928649902344,43.09164047241211,39.825042724609375,38.70900344848633,35.63673400878906,33.981224060058594,30.988096237182617,28.978639602661133,18694.47265625,225.6107635498047,110.26587677001953,63.45327377319336,57.88816452026367,41.127952575683594,38.1431770324707,36.48305892944336,30.132238388061523
160000,170001,17,9,254,133,1,25679.720703125,383.1077880859375,189.0288543701172,141.09056091308594,104.80754089355469,73.63167572021484,60.41455841064453,57.319366455078125,49.821006774902344,43.7590446472168,42.119510650634766,40.539798736572266,39.69661331176758,37.79975128173828,32.85280990600586,30.885786056518555,28.933841705322266,18713.8515625,223.13893127441406,110.99031829833984,62.36350631713867,57.348636627197266,41.28892517089844,40.206966400146484,39.3514518737793,32.496177673339844
165000,175001,17,9,253,131,0,25696.712890625,438.5028076171875,215.4546661376953,128.2174835205078,94.53015899658203,86.2417221069336,74.66060638427734,56.27077102661133,48.42669677734375,44.62556076049805,43.069217681884766,41.413448333740234,40.045631408691406,35.72944259643555,34.53506851196289,31.106321334838867,30.99260902404785,18747.021484375,223.26748657226562,99.93954467773438,80.22228240966797,55.248321533203125,41.07929229736328,38.71845245361328,37.115867614746094,31.41938591003418
165000,175001,17,9,253,131,1,25684.078125,439.02642822265625,216.7704315185547,127.240478515625,98.9948501586914,95.19820404052734,79.79649353027344,58.82565689086914,51.3099365234375,43.056705474853516,40.910274505615234,37.067195892333984,35.81041717529297,35.33574295043945,34.27938461303711,31.69320297241211,29.741975784301758,18738.076171875,227.92352294921875,104.60857391357422,81.95108032226562,54.853240966796875,39.24788284301758,35.74641036987305,34.686553955078125,32.49304962158203
170000,180001,17,9,249,138,0,26020.943359375,401.2631530761719,229.9391326904297,137.3185272216797,97.76094055175781,77.31600952148438,70.34515380859375,64.04305267333984,51.86071014404297,47.50627136230469,45.38234329223633,38.30842208862305,37.38058090209961,36.174888610839844,33.42049789428711,31.960302352905273,30.878339767456055,18964.50390625,198.3856201171875,94.27246856689453,69.59032440185547,51.94413375854492,41.613006591796875,37.37406539916992,35.51943588256836,32.522953033447266
170000,180001,17,9,249,138,1,25982.248046875,400.52532958984375,231.4960479736328,136.4963836669922,99.33989715576172,80.60212707519531,70.7835922241211,61.66441345214844,53.229522705078125,48.84693145751953,45.26066207885742,44.551551818847656,40.06724166870117,38.21853256225586,37.34128952026367,33.74589538574219,28.594276428222656,18935.03515625,199.9632568359375,94.3557357788086,71.62930297851562,54.691162109375,44.20439147949219,41.72282028198242,35.6575927734375,30.691261291503906
175000,185001,17,9,251,139,0,26689.48046875,405.5688781738281,188.74624633789062,125.54924774169922,97.48040771484375,87.124755859375,77.87090301513672,65.30803680419922,55.20095443725586,46.7308464050293,46.12910461425781,44.81211471557617,42.3634033203125,39.29275894165039,37.51128387451172,34.45595932006836,32.62478256225586,19463.365234375,211.71205139160156,105.23709869384766,73.94459533691406,65.40664672851562,46.481529235839844,44.7342529296875,40.35979461669922,35.98065185546875
175000,185001,17,9,251,139,1,26666.689453125,399.4015197753906,182.57994079589844,131.93841552734375,100.18984985351562,85.81676483154297,79.38986206054688,66.39926147460938,56.11009979248047,48.71860885620117,44.8459587097168,41.20275115966797,38.92002868652344,38.14262008666992,37.3128547668457,36.351051330566406,30.837995529174805,19447.814453125,209.3452911376953,106.3712387084961,77.1612319946289,63.93396759033203,44.356101989746094,40.68650436401367,39.75735855102539,35.057273864746094
180000,190001,17,9,247,136,0,26581.349609375,396.3270568847656,198.468505859375,142.91969299316406,98.27885437011719,84.45435333251953,61.394805908203125,55.47397232055664,51.150146484375,49.79216384887695,43.16328048706055,42.646419525146484,39.17466354370117,37.750125885009766,36.58106231689453,34.34962463378906,31.368820190429688,19356.89453125,213.96363830566406,106.40618896484375,65.77938842773438,52.74246597290039,46.8104248046875,41.417991638183594,38.013023376464844,34.226173400878906
180000,190001,17,9,247,136,1,26607.23828125,395.60174560546875,202.6318817138672,139.23902893066406,96.34123992919922,83.84728240966797,68.88308715820312,60.23687744140625,51.93792724609375,47.02845001220703,46.55939483642578,42.373565673828125,39.37411117553711,38.10087203979492,36.907196044921875,36.163185119628906,33.70672607421875,19376.2578125,215.57420349121094,106.27996826171875,68.97948455810547,52.26161193847656,46.03569412231445,45.254791259765625,38.79777145385742,38.0213623046875
185000,195001,17,9,254,137,0,27685.923828125,513.7384643554688,213.4470977783203,139.89181518554688,99.04712677001953,83.46253967285156,76.31945037841797,62.02093505859375,59.082645416259766,56.32262420654297,53.89564895629883,51.70885467529297,47.509334564208984,44.429412841796875,43.60498809814453,41.93492889404297,36.91539001464844,20140.220703125,253.65988159179688,120.99810791015625,78.36940002441406,61.419734954833984,56.00860595703125,49.59911346435547,44.919097900390625,40.45192337036133
185000,195001,17,9,254,137,1,27713.607421875,511.3717041015625,218.9700164794922,138.62391662597656,101.53184509277344,84.92878723144531,73.54643249511719,64.50237274169922,60.15321350097656,55.01240158081055,50.158714294433594,49.20439910888672,46.13418197631836,45.40229797363281,44.59499740600586,39.949039459228516,37.43039321899414,20163.716796875,255.8531494140625,118.39674377441406,77.27349853515625,63.46333694458008,60.01308059692383,50.87261199951172,43.972267150878906,41.668636322021484
190000,200001,17,9,250,149,0,27913.419921875,481.74139404296875,225.15980529785156,130.18089294433594,98.15106964111328,85.86347198486328,75.4229736328125,57.293460845947266,48.35116958618164,46.75901412963867,45.80887985229492,44.466888427734375,42.180171966552734,40.94284439086914,40.002685546875,37.22441101074219,33.793548583984375,20335.5546875,228.82460021972656,107.38529968261719,73.85177612304688,51.54838943481445,46.035404205322266,44.422706604003906,42.78093338012695,40.24432373046875
190000,200001,17,9,250,149,1,27940.525390625,478.1481018066406,223.80433654785156,133.08497619628906,100.61455535888672,82.31403350830078,72.61751556396484,60.78740692138672,53.53437805175781,50.092620849609375,46.299644470214844,44.95450973510742,43.61723327636719,42.49660110473633,38.79356384277344,36.4082145690918,35.860321044921875,20354.72265625,229.01473999023438,109.7340087890625,71.50654602050781,59.63433074951172,50.05766677856445,45.217403411865234,43.10567092895508,39.13187026977539
195000,205001,17,9,252,150,0,27818.423828125,484.02978515625,221.59124755859375,146.32579040527344,111.78138732910156,93.8658676147461,73.96087646484375,68.42283630371094,64.15141296386719,59.14533233642578,55.59455490112305,51.32793045043945,47.73670196533203,47.38248825073242,41.76076126098633,40.728614807128906,35.21879196166992,20273.958984375,249.9140625,123.65411376953125,80.49459075927734,68.48554229736328,58.396541595458984,54.106292724609375,43.43836212158203,38.87801742553711
195000,205001,17,9,252,150,1,27828.693359375,471.983642578125,218.5690155029297,149.57806396484375,109.43595123291016,92.26627349853516,71.29342651367188,64.94104766845703,59.808231353759766,57.820068359375,54.768795013427734,52.68839645385742,49.01541519165039,45.503944396972656,40.48087692260742,37.61220169067383,34.9001579284668,20280.974609375,244.3306121826172,119.35066986083984,79.67608642578125,62.25154113769531,56.9008674621582,52.248374938964844,45.39785385131836,37.48007583618164
200000,210001,17,9,253,153,0,28989.97265625,444.3553161621094,222.2517547607422,147.72341918945312,98.44149780273438,86.79740142822266,81.05799865722656,65.29750061035156,60.43234634399414,50.8609504699707,46.490787506103516,45.53523635864258,42.05605697631836,41.35090637207031,38.74379348754883,35.926658630371094,34.14486312866211,21093.494140625,240.95420837402344,116.4254379272461,78.56441497802734,63.21986389160156,46.70112609863281,43.568206787109375,41.78310012817383,35.605308532714844
200000,210001,17,9,253,153,1,29009.619140625,440.9923400878906,219.75527954101562,145.39169311523438,99.98876190185547,86.17119598388672,81.23072814941406,65.17742156982422,58.829872131347656,53.91173553466797,46.431190490722656,44.074588775634766,42.173057556152344,39.386634826660156,37.68513107299805,35.21059036254883,31.599620819091797,21108.50390625,233.31576538085938,119.67957305908203,78.65967559814453,64.42308044433594,44.66536331176758,42.87117004394531,39.908966064453125,34.4774169921875
205000,215001,17,9,253,157,0,29458.333984375,463.2347106933594,246.56007385253906,144.4051055908203,106.58783721923828,87.8967514038086,78.25579071044922,71.40251922607422,59.64410400390625,48.593475341796875,46.14798355102539,43.47981643676758,42.69033432006836,39.61603927612305,39.28654098510742,36.24510192871094,33.36424255371094,21453.82421875,276.1944580078125,112.55110168457031,82.55781555175781,69.21056365966797,50.9026985168457,43.578556060791016,39.791961669921875,35.441856384277344
205000,215001,17,9,253,157,1,29506.09375,461.48333740234375,240.6790771484375,144.0852508544922,105.85394287109375,80.81211853027344,68.99765014648438,65.07414245605469,56.85961151123047,52.74662399291992,50.86201477050781,47.11443328857422,45.68143844604492,41.51948928833008,40.4141845703125,37.98186111450195,35.753334045410156,21489.0859375,271.5221252441406,115.01969146728516,79.09175109863281,59.501220703125,57.107303619384766,51.103057861328125,46.21412658691406,41.66958999633789
210000,220001,17,9,254,149,0,29914.037109375,429.879638671875,249.35777282714844,161.4285430908203,115.35118103027344,97.20008087158203,85.25492858886719,64.25457000732422,52.629432678222656,51.89008331298828,47.970767974853516,46.052982330322266,44.0791015625,41.8370361328125,39.12002944946289,38.07929992675781,35.74120330810547,21787.54296875,249.5546417236328,124.0110855102539,85.67366790771484,61.75341796875,51.1395149230957,45.28436279296875,39.69432067871094,37.07402038574219
210000,220001,17,9,254,149,1,29966.076171875,430.3714599609375,251.4579620361328,158.98760986328125,117.03588104248047,98.08575439453125,80.02254486083984,68.039794921875,60.0863151550293,54.152679443359375,49.79107666015625,49.020286560058594,45.09013366699219,41.82717514038086,39.31178665161133,36.1268310546875,33.514862060546875,21822.025390625,249.77911376953125,125.83173370361328,82.61094665527344,67.65690612792969,52.462642669677734,50.450199127197266,41.17672348022461,36.7812614440918
215000,225001,17,9,251,163,0,30327.76171875,577.498291015625,236.87057495117188,150.66542053222656,105.38285827636719,100.81199645996094,83.34071350097656,68.80545806884766,61.49684143066406,57.082393646240234,49.113128662109375,46.207069396972656,45.579742431640625,42.47544479370117,38.82223892211914,36.97145462036133,36.50062942504883,22069.5078125,297.6266784667969,120.94579315185547,84.5633544921875,69.85248565673828,59.0777473449707,49.128944396972656,44.35269546508789,41.07417297363281
215000,225001,17,9,251,163,1,30332.873046875,577.8151245117188,233.20941162109375,144.95726013183594,111.80797576904297,99.78047943115234,81.1178207397461,65.60060119628906,57.34979248046875,53.470123291015625,50.296260833740234,47.43564224243164,46.090850830078125,40.07229232788086,39.17872619628906,35.82040786743164,33.8707160949707,22073.96875,293.5185546875,124.36756896972656,86.80368041992188,64.87359619140625,51.83376693725586,50.376399993896484,46.614959716796875,38.73992156982422
220000,230001,17,9,253,147,0,31299.125,580.4100341796875,249.5337677001953,163.6630859375,109.78397369384766,92.33858489990234,77.29151153564453,65.44873046875,55.652034759521484,52.64652633666992,49.831024169921875,45.325843811035156,43.933990478515625,41.205223083496094,38.36521911621094,38.13005828857422,33.0434684753418,22822.12890625,272.48577880859375,132.82342529296875,83.71160125732422,62.901336669921875,52.45853805541992,47.68372344970703,44.51242446899414,39.66410827636719
220000,230001,17,9,253,147,1,31336.251953125,581.7570190429688,247.09190368652344,165.48289489746094,107.95477294921875,95.07227325439453,87.76341247558594,73.60165405273438,63.07383728027344,53.00107955932617,49.285343170166016,43.27769088745117,42.188446044921875,38.70183181762695,37.372337341308594,35.901432037353516,32.7916145324707,22848.802734375,274.93310546875,135.78416442871094,87.19987487792969,66.38456726074219,58.10691833496094,45.46194839477539,39.55901336669922,38.10908508300781
225000,235001,17,9,253,153,0,30712.93359375,625.20751953125,243.8489990234375,158.7533416748047,114.22216796875,97.38593292236328,81.2915267944336,70.48770904541016,65.13658905029297,52.71699905395508,51.725955963134766,48.178062438964844,45.27434158325195,41.5489387512207,39.66170120239258,36.927879333496094,32.22528839111328,22335.52734375,260.37359619140625,140.39305114746094,93.14217376708984,73.21955108642578,57.80272674560547,48.915000915527344,41.44941711425781,38.04512405395508
225000,235001,17,9,253,153,1,30699.83984375,623.2554931640625,241.2793731689453,156.7398223876953,113.57524108886719,97.4063949584961,81.1779556274414,76.31622314453125,60.97199630737305,54.04965591430664,47.98387145996094,46.868690490722656,42.695960998535156,40.77484130859375,40.16075134277344,38.6126594543457,37.52792739868164,22327.48828125,260.9355773925781,135.37603759765625,91.48284912109375,70.80477142333984,51.63665008544922,47.075042724609375,42.77375411987305,39.468421936035156
230000,240001,17,9,249,159,0,31386.51171875,572.2501220703125,275.05670166015625,148.12353515625,114.8599853515625,93.23332977294922,79.8475112915039,69.89474487304688,62.9072265625,56.161827087402344,50.648529052734375,45.89878845214844,42.564876556396484,41.667091369628906,40.98128890991211,37.862022399902344,34.39966583251953,22849.939453125,246.38758850097656,109.65390014648438,77.6618423461914,61.176090240478516,51.927879333496094,45.34785842895508,41.37443161010742,39.88130569458008
230000,240001,17,9,249,159,1,31324.755859375,568.5889282226562,270.4295349121094,147.2742919921875,122.67595672607422,93.18247985839844,83.46114349365234,75.1152114868164,66.7377700805664,56.78915786743164,52.21664810180664,46.793556213378906,44.775413513183594,42.21112823486328,39.85392761230469,37.42237091064453,37.2266731262207,22803.107421875,244.62054443359375,111.69246673583984,79.21342468261719,62.66326904296875,51.75415802001953,47.49018096923828,42.43246841430664,39.86651611328125
235000,245001,17,9,252,152,0,31523.462890625,538.552734375,230.43470764160156,160.59471130371094,114.7181167602539,106.837158203125,92.48762512207031,74.7110595703125,60.42881774902344,55.221134185791016,52.33497619628906,50.20793533325195,47.409080505371094,42.91080856323242,41.506736755371094,37.78622817993164,35.23027420043945,22966.837890625,244.77139282226562,126.02590942382812,97.05138397216797,65.60939025878906,53.28924560546875,44.24032211303711,41.15119171142578,38.894187927246094
235000,245001,17,9,252,152,1,31536.28515625,544.4141845703125,236.57803344726562,155.37948608398438,122.27605438232422,111.43077850341797,109.2344970703125,85.45547485351562,66.66320037841797,60.20221710205078,58.85231399536133,53.71943664550781,47.36117172241211,45.529991149902344,44.580936431884766,42.535945892333984,37.8026123046875,22975.365234375,246.9961395263672,122.87464904785156,112.02764892578125,69.52855682373047,59.53582763671875,50.38310623168945,47.22824478149414,43.774757385253906
240000,250001,17,9,253,162,0,32911.80078125,724.5508422851562,261.5477600097656,143.91891479492188,117.11434173583984,86.19799041748047,73.63695526123047,69.47185516357422,60.89310073852539,53.810585021972656,51.097206115722656,48.650611877441406,44.44875717163086,39.332496643066406,38.57649612426758,35.001495361328125,34.889705657958984,23961.4921875,229.664306640625,129.7074432373047,83.98648834228516,62.82888412475586,50.05621337890625,48.341285705566406,38.33077621459961,35.74970626831055
240000,250001,17,9,253,162,1,32917.109375,731.446533203125,253.1053924560547,151.30020141601562,112.34762573242188,90.9671859741211,77.8642349243164,74.35562133789062,59.07354736328125,56.82472610473633,48.890079498291016,47.119136810302734,44.491241455078125,42.23274230957031,38.39111328125,37.94207000732422,34.29925537109375,23961.884765625,230.6295928955078,126.52572631835938,84.63066864013672,62.312660217285156,49.110626220703125,45.558570861816406,42.43159103393555,40.14440155029297
245000,255001,17,9,249,164,0,32861.359375,430.8794860839844,221.19485473632812,145.39227294921875,113.93689727783203,88.4773941040039,74.85894775390625,63.31988525390625,55.25389862060547,52.37509536743164,48.5945930480957,43.817073822021484,39.808109283447266,38.91854476928711,36.71721649169922,35.995967864990234,33.928043365478516,23948.36328125,225.75978088378906,116.58395385742188,73.44790649414062,56.144020080566406,48.41257095336914,47.99311828613281,39.38134002685547,36.25619888305664
245000,255001,17,9,249,164,1,32820.99609375,428.4967346191406,223.2550506591797,143.9071807861328,106.67925262451172,89.00218200683594,75.38890075683594,66.60985565185547,61.93659973144531,55.106746673583984,47.59385299682617,46.33714294433594,43.80588150024414,41.582698822021484,39.886741638183594,37.86688995361328,36.1763801574707,23923.232421875,228.21893310546875,113.82870483398438,74.191650390625,62.03383255004883,48.9693717956543,46.400238037109375,43.094669342041016,38.619712829589844
250000,260001,17,9,250,160,0,33639.96484375,413.1335754394531,187.05128479003906,126.97557830810547,107.52094268798828,94.36919403076172,80.85285186767578,62.307220458984375,54.988258361816406,46.7807502746582,43.57484436035156,40.78258514404297,39.61652755737305,36.86394119262695,32.70832443237305,31.84990882873535,30.628442764282227,24547.59765625,211.84837341308594,108.09611511230469,83.43293762207031,58.29431915283203,46.830352783203125,40.71574401855469,38.541015625,31.3481388092041
250000,260001,17,9,250,160,1,33634.015625,414.243408203125,189.14047241210938,128.18087768554688,105.36209106445312,95.61009979248047,80.6363754272461,63.421791076660156,54.185386657714844,52.64202880859375,42.874290466308594,39.90639877319336,38.74964141845703,36.8674201965332,34.365848541259766,32.54762649536133,29.823532104492188,24543.21484375,215.58267211914062,109.34286499023438,84.78250885009766,60.634334564208984,47.770668029785156,39.802459716796875,35.88907241821289,32.52688980102539
255000,265001,17,9,253,166,0,33557.20703125,622.7249755859375,223.9268035888672,173.192138671875,133.24542236328125,108.62201690673828,82.71481323242188,77.76619720458984,65.32313537597656,60.077423095703125,53.261348724365234,48.901710510253906,47.074764251708984,44.06424331665039,43.91743087768555,41.493919372558594,36.055789947509766,24434.896484375,272.4671325683594,137.63540649414062,90.26860046386719,77.72211456298828,59.21839904785156,51.764976501464844,44.80162811279297,42.552528381347656
255000,265001,17,9,253,166,1,33577.41015625,625.1610107421875,217.23834228515625,165.5436553955078,128.43165588378906,109.02434539794922,82.81848907470703,75.77545166015625,62.727909088134766,54.11262893676758,51.99689483642578,48.80397415161133,47.15271759033203,43.719058990478516,42.284088134765625,38.65596389770508,35.38767623901367,24450.861328125,267.3499755859375,128.363525390625,85.07270812988281,79.44915771484375,52.163692474365234,49.001705169677734,45.041664123535156,38.17649841308594
260000,270001,17,9,251,161,0,33504.05078125,450.2287292480469,223.51255798339844,144.2123565673828,105.95387268066406,85.2316665649414,72.6926498413086,63.437225341796875,51.40605163574219,47.61995315551758,45.817176818847656,44.77677536010742,41.40866470336914,37.53669357299805,35.94231033325195,35.1288948059082,31.525676727294922,24423.98828125,223.7956085205078,105.52189636230469,72.49800872802734,61.52686309814453,44.808284759521484,43.54782485961914,36.28580856323242,35.4944953918457
260000,270001,17,9,251,161,1,33490.0546875,451.1649169921875,227.0577850341797,147.54754638671875,106.76533508300781,84.63211822509766,74.57322692871094,70.89350891113281,58.557682037353516,51.310577392578125,47.12259292602539,45.840721130371094,43.9260139465332,41.162200927734375,39.138580322265625,37.56395721435547,33.8949089050293,24415.552734375,230.81874084472656,107.2552490234375,74.9884033203125,65.6421890258789,48.0962028503418,44.18321228027344,40.74935531616211,38.68958282470703
265000,275001,17,9,253,172,0,34630.640625,587.0763549804688,340.7909240722656,198.8512420654297,130.4055938720703,104.85554504394531,99.68416595458984,82.10990905761719,66.847412109375,55.01467514038086,49.69430160522461,47.4842643737793,46.53107833862305,40.722999572753906,39.99518966674805,38.386474609375,35.8614501953125,25231.20703125,406.7987365722656,151.26365661621094,98.29759216308594,70.22138214111328,56.49638748168945,46.87834548950195,40.287193298339844,39.86601257324219
265000,275001,17,9,253,172,1,34593.15625,581.9075317382812,339.83563232421875,197.13430786132812,134.5247344970703,112.0000228881836,106.97696685791016,80.91895294189453,66.29469299316406,55.4049072265625,52.06956481933594,50.717018127441406,45.928070068359375,44.779930114746094,43.95240020751953,38.469696044921875,36.806034088134766,25203.837890625,401.9439697265625,149.4041290283203,105.31282806396484,75.98902893066406,53.01081848144531,50.68614959716797,44.81779861450195,40.52531814575195
270000,280001,17,9,253,169,0,34447.890625,641.8631591796875,234.58201599121094,178.6829376220703,115.80696105957031,110.44485473632812,92.88011932373047,79.61216735839844,62.265533447265625,55.172401428222656,53.85444259643555,48.95753479003906,47.67059326171875,43.07236099243164,39.213111877441406,37.655029296875,32.331600189208984,25045.947265625,270.8628845214844,138.0140380859375,102.14505004882812,79.61763000488281,56.8359375,50.21868133544922,40.73384475708008,39.10626220703125
270000,280001,17,9,253,169,1,34475.046875,648.2649536132812,244.9922332763672,179.26393127441406,126.43683624267578,116.108154296875,101.50579833984375,87.35432434082031,69.66342163085938,60.20223617553711,56.87776565551758,55.2129020690918,52.657867431640625,45.139442443847656,42.10280227661133,41.16082000732422,38.92900848388672,25067.470703125,277.1843566894531,148.04107666015625,108.13431549072266,83.66410827636719,62.75052261352539,53.446006774902344,47.663787841796875,39.80189895629883
275000,285001,17,9,253,164,0,34976.03515625,447.44830322265625,222.564453125,141.22933959960938,108.43660736083984,83.00521850585938,74.45685577392578,64.99528503417969,55.35127258300781,53.92698287963867,44.856407165527344,44.03541564941406,40.524253845214844,38.29874801635742,37.29460525512695,35.87515640258789,33.47488021850586,25500.353515625,239.08018493652344,110.7960205078125,73.7115249633789,63.20195770263672,54.614688873291016,44.0379753112793,39.04629898071289,36.91504669189453
275000,285001,17,9,253,164,1,34996.5234375,443.16455078125,220.97427368164062,141.89022827148438,108.0141830444336,86.5728530883789,82.57552337646484,69.27531433105469,61.75410461425781,51.680477142333984,49.342987060546875,47.811927795410156,43.65998077392578,41.752281188964844,36.3044319152832,34.230472564697266,32.59160232543945,25516.716796875,236.40478515625,110.06170654296875,80.65843200683594,66.12755584716797,51.691917419433594,46.771156311035156,38.7120475769043,34.938758850097656
280000,290001,17,9,252,161,0,34916.58984375,626.2374877929688,261.6792297363281,162.14395141601562,112.55846405029297,108.6146011352539,96.18214416503906,68.14431762695312,63.16670227050781,56.49643325805664,49.57306671142578,46.33262252807617,45.949947357177734,43.49799346923828,42.809165954589844,38.627586364746094,38.115203857421875,25385.943359375,298.5239562988281,140.1378631591797,99.18883514404297,66.94766998291016,61.83836364746094,49.135799407958984,46.93903732299805,40.28106689453125
280000,290001,17,9,252,161,1,34886.01171875,613.1004028320312,259.7577209472656,165.33987426757812,123.3121109008789,117.40103912353516,102.8512191772461,74.83357238769531,67.05136108398438,62.91203308105469,54.80184555053711,48.05390930175781,46.956668853759766,45.91874313354492,41.140708923339844,39.52614974975586,33.9716796875,25365.38671875,290.6127014160156,151.28009033203125,101.18574523925781,74.72826385498047,63.459747314453125,51.573486328125,49.42994689941406,41.66391372680664
285000,295001,17,9,253,172,0,35998.16015625,535.3173217773438,228.27694702148438,132.4619140625,124.84906005859375,91.86062622070312,74.65715026855469,61.60325241088867,59.97334671020508,53.41899108886719,43.57158660888672,42.39299392700195,38.91387939453125,37.509464263916016,35.02045440673828,34.1639289855957,31.905183792114258,26223.736328125,237.87942504882812,123.58312225341797,77.55451965332031,61.787811279296875,46.9009895324707,43.24325180053711,40.89708709716797,36.464683532714844
285000,295001,17,9,253,172,1,35957.3984375,536.13671875,224.38592529296875,142.23583984375,132.3941650390625,101.40853118896484,90.0374755859375,70.58473205566406,65.10321807861328,54.69214630126953,51.28426742553711,44.585052490234375,40.95466995239258,39.305545806884766,39.01190185546875,36.8078498840332,35.5433349609375,26191.927734375,236.09202575683594,135.11639404296875,85.27879333496094,67.42034912109375,55.58900833129883,48.36320877075195,42.038818359375,40.62444305419922
290000,300001,17,9,253,170,0,36242.56640625,595.7965087890625,231.45071411132812,151.1365203857422,113.84955596923828,113.17889404296875,94.40888977050781,71.15506744384766,61.68748092651367,57.645111083984375,53.26838684082031,50.5037727355957,45.931846618652344,42.464176177978516,41.45197296142578,36.9919548034668,35.845855712890625,26420.12109375,278.78961181640625,117.2955093383789,101.93397521972656,76.91326904296875,58.43214797973633,45.399566650390625,42.805458068847656,37.80489730834961
290000,300001,17,9,253,170,1,36251.3359375,597.5269775390625,228.2969970703125,157.9657440185547,111.35091400146484,107.1319808959961,87.82178497314453,69.7768783569336,57.604740142822266,55.65998077392578,48.20862579345703,45.51609420776367,42.762176513671875,40.91928482055664,37.471824645996094,35.67216110229492,31.595190048217773,26428.556640625,283.7237854003906,117.46002197265625,97.39691925048828,75.17190551757812,53.058162689208984,47.31924057006836,39.53190231323242,33.79139709472656
295000,305001,17,9,248,175,0,35488.859375,446.4171447753906,221.6201934814453,146.7377471923828,103.09131622314453,93.30715942382812,84.94157409667969,65.84873962402344,56.8337516784668,50.5313606262207,49.77202606201172,49.04969024658203,43.58088302612305,42.94760513305664,39.36631393432617,35.165382385253906,33.57130813598633,25856.90234375,220.5631561279297,113.89075469970703,83.48419952392578,61.3319091796875,52.93964385986328,46.855079650878906,40.648460388183594,35.24811935424805
295000,305001,17,9,248,175,1,35492.84765625,447.72528076171875,217.15591430664062,142.70004272460938,96.55885314941406,92.9897232055664,84.14702606201172,64.89288330078125,58.95375442504883,55.37983322143555,50.794837951660156,45.69546890258789,44.529354095458984,41.82986831665039,39.56101989746094,39.00431442260742,35.12699508666992,25863.927734375,221.43829345703125,110.05802154541016,82.26335906982422,61.598201751708984,51.98973083496094,46.024349212646484,43.80807113647461,38.27889633178711
300000,310001,17,9,253,168,0,36257.0625,491.29632568359375,236.58428955078125,161.1204376220703,103.15261840820312,97.18846130371094,80.26051330566406,67.16616821289062,60.32628631591797,50.66604995727539,48.627803802490234,43.76014709472656,41.64858627319336,39.585105895996094,36.911922454833984,33.985172271728516,31.98366355895996,26422.650390625,236.0592803955078,119.80658721923828,82.4388427734375,60.768592834472656,48.94059371948242,43.619102478027344,42.49602508544922,37.75714111328125
300000,310001,17,9,253,168,1,36241.421875,485.3157653808594,243.59213256835938,165.43966674804688,115.6727066040039,103.7221450805664,93.99176025390625,74.5200424194336,59.6329345703125,51.08221435546875,46.590797424316406,45.915260314941406,43.40536117553711,41.06769561767578,38.726524353027344,37.48609161376953,32.74205780029297,26413.794921875,234.75291442871094,123.45797729492188,92.52339935302734,71.04049682617188,51.26841735839844,46.81740951538086,43.45597457885742,40.10319137573242
305000,315001,17,9,252,172,0,36544.3203125,506.87261962890625,231.28878784179688,145.50921630859375,118.26570129394531,104.05765533447266,86.20966339111328,72.94322204589844,59.65108871459961,53.47586441040039,51.04656219482422,46.29106903076172,45.44713592529297,40.45518493652344,38.832916259765625,37.09292984008789,33.96103286743164,26622.58203125,270.42681884765625,120.47537994384766,87.58064270019531,59.42256164550781,53.96060562133789,47.966758728027344,40.1448860168457,38.239444732666016
305000,315001,17,9,252,172,1,36546.99609375,500.7326354980469,232.59226989746094,141.01022338867188,116.67855834960938,89.66011810302734,76.54501342773438,67.15888977050781,57.578495025634766,52.59107971191406,46.61655044555664,46.08852767944336,44.93380355834961,40.11211395263672,38.680328369140625,37.54209518432617,35.27513885498047,26622.330078125,269.7068176269531,115.60673522949219,75.3035659790039,57.26246643066406,52.168704986572266,44.439579010009766,41.105281829833984,38.08332443237305
310000,320001,17,9,248,172,0,36889.82421875,468.21282958984375,223.22813415527344,162.55479431152344,120.09960174560547,93.94268798828125,86.93073272705078,71.42436981201172,66.23037719726562,62.92069625854492,60.53588104248047,58.15840148925781,50.672264099121094,46.09694290161133,43.891448974609375,39.50961685180664,39.281951904296875,26875.16015625,238.69638061523438,132.05908203125,102.78237915039062,71.22207641601562,64.16190338134766,58.60928726196289,48.64838409423828,43.06094741821289
310000,320001,17,9,248,172,1,36858.55859375,470.56964111328125,224.89620971679688,166.92440795898438,116.96051025390625,93.9388198852539,88.7227554321289,78.7185287475586,73.30087280273438,67.44596099853516,65.18936920166016,54.28131103515625,51.26426696777344,45.858306884765625,43.43258285522461,41.78900146484375,37.23509979248047,26850.83984375,241.04034423828125,131.8428955078125,104.68155670166016,76.0130844116211,69.47323608398438,60.636802673339844,47.118228912353516,43.12796401977539
315000,325001,17,9,251,170,0,37633.02734375,539.9912109375,230.97837829589844,147.8919219970703,115.6424560546875,103.61091613769531,90.19648742675781,65.41008758544922,61.371253967285156,51.75458526611328,48.10820388793945,44.65321350097656,42.9301872253418,41.64297866821289,40.37393569946289,36.80586242675781,32.09537887573242,27406.890625,248.81893920898438,132.04347229003906,101.71912384033203,63.34209060668945,48.76594924926758,44.709190368652344,41.396263122558594,33.003719329833984
315000,325001,17,9,251,170,1,37639.5703125,534.939208984375,228.1927947998047,146.20645141601562,115.7613525390625,94.88001251220703,84.94781494140625,70.1001968383789,62.904052734375,55.92240905761719,51.14229965209961,45.05497741699219,42.47976303100586,41.5482063293457,39.05881881713867,36.118255615234375,34.19033432006836,27413.248046875,248.16427612304688,130.75965881347656,89.86750030517578,66.07566833496094,52.24739456176758,46.636653900146484,41.63041687011719,35.86640930175781
320000,330001,17,9,254,169,0,37540.234375,500.7989807128906,200.31028747558594,131.2419891357422,112.38633728027344,100.32477569580078,89.04120635986328,63.401824951171875,62.925872802734375,51.43206024169922,45.92416000366211,42.98579025268555,42.902523040771484,40.532630920410156,37.24717712402344,34.52376937866211,29.50004005432129,27302.720703125,228.7123565673828,111.63713073730469,87.18590545654297,62.10013961791992,56.80885696411133,44.54985427856445,39.361915588378906,35.54904556274414
320000,330001,17,9,254,169,1,37501.875,499.73785400390625,205.3104248046875,134.2337646484375,113.1374740600586,105.19766235351562,92.53984069824219,68.30131530761719,56.845947265625,53.2947998046875,46.64302062988281,45.31144332885742,42.8653678894043,40.289878845214844,37.432640075683594,36.863101959228516,33.06924819946289,27275.15625,232.33355712890625,112.00010681152344,97.04513549804688,62.19659423828125,49.79278564453125,44.610755920410156,39.414485931396484,36.186134338378906
325000,335001,17,9,252,175,0,38532.5390625,564.6996459960938,197.93496704101562,131.6031951904297,110.24298858642578,92.85909271240234,79.78428649902344,63.269195556640625,53.19847869873047,49.020713806152344,46.74484634399414,44.4389533996582,42.53388214111328,39.0826416015625,37.016902923583984,34.122398376464844,32.845863342285156,28076.744140625,227.72900390625,117.71279907226562,75.92412567138672,56.784610748291016,42.40131759643555,41.23408508300781,39.56257247924805,35.37123107910156
325000,335001,17,9,252,175,1,38566.41796875,565.60791015625,201.63258361816406,133.53392028808594,104.85567474365234,91.8149642944336,85.17452239990234,67.35372924804688,52.37199783325195,49.21599578857422,45.90035629272461,43.13038635253906,41.6284294128418,41.14618682861328,39.548858642578125,35.83750534057617,30.849123001098633,28102.044921875,233.0380401611328,111.08262634277344,78.89756774902344,53.42314910888672,42.71403884887695,41.056827545166016,37.12675094604492,36.41421127319336
330000,340001,17,9,253,181,0,38158.79296875,415.6261901855469,209.1975860595703,145.35752868652344,108.54891967773438,89.8823013305664,73.24655151367188,57.59258270263672,51.38411331176758,47.93007278442383,45.674259185791016,41.8434944152832,40.53572082519531,39.854339599609375,36.89059066772461,35.318077087402344,32.1172981262207,27797.59765625,214.3022003173828,124.63666534423828,69.59442138671875,58.634132385253906,48.06736755371094,42.280662536621094,40.18557357788086,35.722755432128906
330000,340001,17,9,253,181,1,38153.015625,417.7337951660156,211.11529541015625,145.3699951171875,106.8106689453125,94.30854797363281,81.35179138183594,60.74150848388672,49.955875396728516,49.07402038574219,45.46316909790039,43.59436798095703,41.0120735168457,38.80729293823242,38.27863311767578,36.680904388427734,34.7729377746582,27792.322265625,212.893798828125,124.97215270996094,78.26194763183594,62.510284423828125,48.578914642333984,41.07892608642578,39.28296661376953,37.249427795410156
335000,345001,17,9,252,188,0,38644.48046875,555.1019287109375,217.62098693847656,140.89276123046875,100.34880065917969,86.90187072753906,73.31175231933594,57.55759048461914,55.5611686706543,47.63227081298828,43.51735305786133,42.017723083496094,41.23996353149414,35.229331970214844,33.373287200927734,32.21149444580078,30.708637237548828,28143.51953125,260.7314758300781,120.98072814941406,81.61992645263672,54.235626220703125,47.381717681884766,41.766868591308594,38.72005844116211,33.387638092041016
335000,345001,17,9,252,188,1,38594.30078125,555.404052734375,210.7237548828125,139.39871215820312,97.79763793945312,89.17693328857422,72.4654769897461,58.73085021972656,49.78446578979492,48.16243362426758,45.00399398803711,40.1849250793457,39.4539680480957,37.02354049682617,34.23076629638672,32.528968811035156,28.696321487426758,28106.958984375,252.05841064453125,118.63672637939453,81.40322875976562,49.549957275390625,46.93437194824219,42.72140121459961,38.06355285644531,35.93807601928711
340000,350001,17,9,250,178,0,39092.515625,664.8912963867188,250.4090576171875,154.39837646484375,110.49341583251953,90.47999572753906,70.69070434570312,66.82957458496094,60.41008377075195,57.55284118652344,53.464324951171875,48.25520706176758,46.06962966918945,43.04969024658203,41.149192810058594,39.934547424316406,37.17466354370117,28433.46875,334.8541259765625,127.56928253173828,79.32542419433594,59.69462585449219,52.60955047607422,47.61421585083008,44.225364685058594,38.08768081665039
340000,350001,17,9,250,178,1,39074.64453125,665.8759155273438,249.61416625976562,149.0065460205078,104.92411804199219,89.52059936523438,69.98661041259766,67.81285095214844,63.678741455078125,57.34302520751953,50.32440185546875,48.880558013916016,48.065162658691406,45.69095230102539,42.955257415771484,39.74850082397461,36.520694732666016,28420.68359375,338.4518127441406,125.63976287841797,80.96980285644531,65.39281463623047,52.36359405517578,48.540279388427734,45.206058502197266,41.62298583984375
345000,355001,17,9,254,180,0,38445.86328125,491.66180419921875,222.96839904785156,152.5850830078125,108.24637603759766,96.97998809814453,79.7540512084961,56.94614791870117,54.70535659790039,50.704994201660156,48.11076354980469,45.98043441772461,41.359920501708984,41.070865631103516,38.122589111328125,34.0074462890625,32.29469680786133,28007.716796875,238.92266845703125,106.32677459716797,81.45076751708984,54.79188919067383,45.9860954284668,41.82090377807617,36.67475128173828,34.834110260009766
345000,355001,17,9,254,180,1,38429.1953125,489.4185485839844,224.24095153808594,151.0826416015625,113.1537094116211,95.84415435791016,80.1959228515625,58.998497009277344,50.77529525756836,49.761531829833984,47.210208892822266,44.32674789428711,41.30710220336914,40.518272399902344,37.19144821166992,36.72764587402344,34.907264709472656,27994.408203125,238.66580200195312,101.84850311279297,86.30804443359375,50.296478271484375,48.86960983276367,43.839561462402344,40.92354965209961,39.431419372558594
350000,360001,17,9,254,186,0,39389.9375,479.19805908203125,210.4318389892578,145.4820556640625,107.62249755859375,101.55651092529297,82.91253662109375,66.87979125976562,57.33702850341797,53.940372467041016,48.86802291870117,46.23363494873047,41.65709686279297,40.819000244140625,38.47985076904297,35.02507400512695,33.493568420410156,28685.591796875,245.6658477783203,133.34190368652344,89.3124771118164,64.00482177734375,54.15790939331055,46.163082122802734,43.343353271484375,39.61693572998047
350000,360001,17,9,254,186,1,39365.42578125,477.9110107421875,209.85589599609375,145.9725341796875,107.27851104736328,100.37571716308594,84.59326171875,63.8892707824707,54.240875244140625,50.003780364990234,47.46617126464844,45.904666900634766,44.426116943359375,39.270320892333984,35.96327590942383,35.3680419921875,31.706462860107422,28669.048828125,253.0672607421875,131.147216796875,89.65924072265625,57.94429016113281,49.00397872924805,45.7689208984375,41.72835159301758,40.093021392822266
355000,365001,17,9,250,179,0,38671.80078125,515.5847778320312,263.71563720703125,163.19766235351562,117.16215515136719,100.67562103271484,91.75279998779297,73.73999786376953,57.04021453857422,53.091453552246094,50.10803985595703,48.64474105834961,42.156829833984375,41.65432357788086,39.3565559387207,38.34231185913086,34.503116607666016,28175.052734375,251.02508544921875,125.94931030273438,92.90534210205078,69.67742919921875,51.82674026489258,50.337345123291016,43.3687629699707,40.16569900512695
355000,365001,17,9,250,179,1,38662.65234375,508.4411315917969,262.9900817871094,166.5013427734375,115.04754638671875,96.53944396972656,87.56551361083984,70.14044189453125,57.18075942993164,54.489383697509766,50.692447662353516,47.37006378173828,41.63155746459961,39.901458740234375,38.382320404052734,36.749298095703125,33.30984115600586,28168.9453125,250.66868591308594,125.84029388427734,87.5365982055664,69.79402160644531,50.75469207763672,44.48694610595703,39.58289337158203,35.50187301635742
360000,370001,17,9,253,175,0,40037.578125,614.5719604492188,224.3320770263672,189.15000915527344,119.73350524902344,95.777587890625,91.1822738647461,80.56961822509766,56.10651779174805,52.654666900634766,49.396175384521484,45.66642379760742,42.47187805175781,41.28623962402344,38.917171478271484,36.60327911376953,36.14308166503906,29161.193359375,290.7806091308594,129.19520568847656,86.23439025878906,74.84761047363281,53.73136520385742,45.85505676269531,42.41352081298828,37.958030700683594
360000,370001,17,9,253,175,1,40037.33203125,623.32373046875,229.4228057861328,182.23770141601562,124.18132781982422,102.23477935791016,89.27509307861328,80.05516815185547,56.85857391357422,53.928016662597656,47.214195251464844,45.82689666748047,43.23893737792969,40.99677658081055,39.53748321533203,37.73855972290039,35.87779998779297,29162.74609375,279.0758361816406,131.71633911132812,83.6756362915039,74.06806182861328,54.51387405395508,45.76981735229492,40.65504455566406,39.11833953857422
365000,375001,17,9,251,187,0,39974.50390625,455.3631286621094,248.00205993652344,150.3477783203125,106.54496765136719,92.14706420898438,79.24876403808594,61.732173919677734,55.13092803955078,52.17406463623047,46.78373336791992,44.74406814575195,41.32914352416992,39.21371841430664,38.24237060546875,34.141963958740234,31.547565460205078,29106.232421875,259.0953063964844,125.55953979492188,84.91546630859375,62.471805572509766,47.579498291015625,47.11650848388672,40.66771697998047,39.645999908447266
365000,375001,17,9,251,187,1,39980.87890625,459.2166748046875,242.446044921875,149.9242706298828,111.39433288574219,92.67435455322266,82.7336654663086,68.75414276123047,53.800846099853516,49.34204864501953,47.57124710083008,45.49168395996094,41.58324432373047,39.209232330322266,37.69002914428711,36.033287048339844,32.70322799682617,29109.142578125,255.42092895507812,128.08905029296875,86.53019714355469,65.20682525634766,54.7685432434082,45.74910354614258,41.008480072021484,38.3035888671875
370000,380001,17,9,252,190,0,39955.49609375,497.541748046875,235.9129638671875,153.352294921875,109.21996307373047,91.2854232788086,81.38370513916016,74.72803497314453,60.72716522216797,53.67481231689453,52.13199234008789,48.782073974609375,45.891990661621094,42.681495666503906,41.82487487792969,37.540321350097656,34.71785354614258,29108.744140625,230.71475219726562,121.04951477050781,83.80854034423828,63.5556755065918,51.47228240966797,45.45143127441406,43.963600158691406,39.82331848144531
370000,380001,17,9,252,190,1,39945.76171875,499.471923828125,242.5640869140625,152.325927734375,112.86591339111328,88.44561767578125,81.35547637939453,72.3270492553711,60.966346740722656,57.26862716674805,52.077571868896484,45.95220184326172,45.06795120239258,42.98307800292969,39.453243255615234,37.754756927490234,36.21808624267578,29098.013671875,235.5880584716797,123.10502624511719,84.01920318603516,64.76158142089844,51.637813568115234,47.23277282714844,39.492549896240234,38.339813232421875
375000,385001,17,9,252,193,0,40493.83984375,453.5030212402344,218.350341796875,139.95523071289062,105.27153015136719,88.16262817382812,75.38855743408203,63.4898796081543,56.9451904296875,53.27585220336914,47.771759033203125,47.18937683105469,42.7186279296875,40.47901153564453,36.8213996887207,33.743743896484375,30.03219223022461,29506.921875,226.85081481933594,112.38556671142578,79.52314758300781,58.41536331176758,52.74970245361328,47.397972106933594,38.84256362915039,35.276039123535156
375000,385001,17,9,252,193,1,40494.42578125,456.7840576171875,221.85382080078125,138.5955047607422,105.79195404052734,87.49581909179688,71.04637908935547,63.61648941040039,56.390018463134766,53.34551239013672,50.53582000732422,47.333351135253906,43.949440002441406,39.35521697998047,36.55421447753906,35.703487396240234,31.27059555053711,29509.3515625,233.76707458496094,108.40672302246094,75.20352935791016,58.99148178100586,51.14458084106445,43.97802734375,39.64924240112305,37.017601013183594
380000,390001,17,9,252,188,0,41488.9296875,785.5931396484375,243.42333984375,143.428466796875,105.2378158569336,103.65111541748047,84.32355499267578,76.88861846923828,51.450836181640625,49.19298553466797,43.777278900146484,40.06068801879883,38.52548599243164,37.59713363647461,36.15824890136719,32.49034881591797,30.15891456604004,30217.00390625,311.01788330078125,107.78425598144531,87.1707763671875,69.98004913330078,44.63011932373047,40.10386276245117,37.073081970214844,32.0449104309082
380000,390001,17,9,252,188,1,41483.09765625,789.1641235351562,233.61749267578125,144.67010498046875,108.468017578125,98.70642852783203,83.1758041381836,69.84394836425781,59.68375778198242,52.11088943481445,50.1284065246582,42.59793472290039,41.28163528442383,38.593997955322266,36.98823547363281,36.474708557128906,33.72365951538086,30213.048828125,308.90582275390625,109.31600189208984,84.00394439697266,78.56334686279297,54.69482421875,42.949859619140625,38.936744689941406,38.191898345947266
385000,395001,17,9,248,186,0,40538.06640625,708.9104614257812,240.164306640625,156.2988739013672,117.0020751953125,91.0915756225586,86.36207580566406,67.13536834716797,63.196136474609375,50.11086654663086,46.113224029541016,45.32490921020508,43.10136032104492,39.89739990234375,39.60152053833008,37.92222595214844,35.99477005004883,29518.2421875,256.6783447265625,140.57110595703125,85.705322265625,60.9515380859375,47.608131408691406,44.724334716796875,42.308349609375,36.92619323730469
385000,395001,17,9,248,186,1,40525.96484375,709.0242309570312,245.12876892089844,150.0499267578125,115.823486328125,91.56243896484375,81.13465881347656,73.91574096679688,68.26415252685547,55.0948486328125,47.976802825927734,45.6425895690918,44.86901092529297,41.152950286865234,38.17753219604492,37.676536560058594,34.81789016723633,29509.193359375,263.5897521972656,140.67491149902344,86.5081787109375,68.49665832519531,49.327354431152344,43.08893966674805,41.33015060424805,39.60110855102539
390000,400001,17,9,252,194,0,41394.29296875,503.3983459472656,286.4118957519531,165.27780151367188,112.6090316772461,102.531005859375,88.11471557617188,73.6609878540039,63.91932678222656,57.26644515991211,50.13622283935547,47.47679138183594,46.42636489868164,42.72489547729492,42.18863296508789,39.98635482788086,38.25489044189453,30159.18359375,334.74041748046875,122.97125244140625,91.33053588867188,76.38147735595703,55.43739700317383,46.528507232666016,45.187950134277344,41.611106872558594
390000,400001,17,9,252,194,1,41376.03125,503.25732421875,289.0174560546875,163.5196075439453,117.03636932373047,99.3553695678711,87.43505096435547,75.74298858642578,64.25245666503906,53.37875747680664,51.458770751953125,45.666221618652344,41.467933654785156,41.27053451538086,38.7685432434082,38.43068313598633,35.071929931640625,30144.763671875,333.4729919433594,124.03019714355469,89.23193359375,74.3811264038086,54.46208953857422,45.411109924316406,39.72422790527344,39.50312805175781
395000,405001,17,9,250,182,0,40929.87890625,490.231689453125,222.73568725585938,133.48956298828125,94.25910949707031,85.28191375732422,72.37909698486328,68.54457092285156,53.36209487915039,50.870609283447266,46.16881561279297,44.851951599121094,42.28118133544922,40.09017562866211,38.1505012512207,35.73815155029297,34.145652770996094,29808.638671875,273.84564208984375,95.8206787109375,82.1314468383789,60.33888244628906,50.36489486694336,44.26934051513672,38.39732360839844,37.3365592956543
395000,405001,17,9,250,182,1,40932.64453125,490.7965393066406,226.31785583496094,132.09303283691406,93.71952819824219,87.44110870361328,78.01910400390625,66.7988510131836,57.472774505615234,52.062355041503906,48.26338577270508,46.16920471191406,42.33302688598633,39.542274475097656,38.13209533691406,36.57282257080078,33.99429702758789,29811.5390625,272.8297424316406,102.39576721191406,83.481689453125,58.6663932800293,54.59546661376953,44.32836151123047,40.62579345703125,39.80692672729492
400000,410001,17,9,255,193,0,41298.42578125,650.843505859375,231.31080627441406,174.09710693359375,132.916259765625,109.64254760742188,86.57177734375,84.08145141601562,61.10000228881836,57.309226989746094,50.54514694213867,46.01358413696289,45.21098709106445,41.79796600341797,38.70064163208008,36.38306427001953,33.424530029296875,30065.140625,294.85882568359375,130.89552307128906,97.63358306884766,73.04652404785156,64.95441436767578,45.94639205932617,43.451717376708984,38.88114929199219
400000,410001,17,9,255,193,1,41288.54296875,658.4537963867188,226.22535705566406,179.5963897705078,125.77759552001953,113.14593505859375,86.80631256103516,75.85686492919922,63.32030487060547,59.11770248413086,54.2479133605957,51.13040542602539,48.0559196472168,43.06591796875,41.391544342041016,41.0072135925293,37.05738067626953,30056.5078125,308.23712158203125,127.18496704101562,100.49472045898438,72.814208984375,63.20854568481445,48.30805206298828,41.803897857666016,40.93715286254883
405000,415001,17,9,252,192,0,41350.35546875,580.4998779296875,214.86912536621094,132.4208984375,99.70963287353516,87.07238006591797,71.99824523925781,67.45477294921875,54.50148391723633,53.499263763427734,49.50490951538086,43.95345687866211,41.34987258911133,38.41553497314453,37.130714416503906,36.282745361328125,34.41524124145508,30125.736328125,249.373291015625,110.6444320678711,76.76911926269531,60.64217758178711,54.73052978515625,45.55373001098633,40.14741516113281,38.19108963012695
405000,415001,17,9,252,192,1,41336.30078125,585.4287719726562,219.14463806152344,128.678955078125,103.42224884033203,87.13494873046875,75.11141967773438,65.68563079833984,54.49519729614258,51.284481048583984,49.98809814453125,42.26646041870117,40.83599090576172,35.5567741394043,35.5276985168457,33.95294952392578,33.01225662231445,30114.39453125,250.4240264892578,105.89175415039062,77.013427734375,60.44279861450195,50.98080062866211,43.83493423461914,38.600643157958984,35.789306640625
410000,420001,17,9,252,184,0,41331.55859375,684.4656372070312,264.9569091796875,163.6404266357422,106.4652099609375,101.0764389038086,81.45366668701172,65.1487808227539,60.49442672729492,54.77377700805664,53.64045333862305,50.331607818603516,43.53995132446289,43.17778396606445,39.96595001220703,34.39604568481445,31.847612380981445,30079.525390625,341.089599609375,111.33414459228516,85.14590454101562,62.21794509887695,52.397865295410156,42.545230865478516,37.92217254638672,33.52330780029297
410000,420001,17,9,252,184,1,41331.37890625,679.6832885742188,263.541259765625,158.62539672851562,102.98096466064453,93.4385986328125,80.48297882080078,64.10932159423828,57.39704132080078,53.13853454589844,49.80366134643555,47.42582702636719,44.832923889160156,39.99173355102539,36.29777526855469,34.9752082824707,32.812232971191406,30081.5546875,340.3675842285156,113.06369018554688,78.06988525390625,54.42552185058594,52.70830154418945,43.67634582519531,37.159751892089844,33.68159484863281
415000,425001,17,9,253,192,0,42643.8515625,445.30908203125,214.09156799316406,148.65695190429688,107.0022201538086,95.52833557128906,77.85855865478516,58.35141372680664,54.679168701171875,49.1850700378418,47.77805709838867,45.003936767578125,41.920631408691406,39.5369873046875,36.3120231628418,35.04496383666992,34.08058166503906,31060.6328125,228.45245361328125,111.75826263427734,73.39723205566406,55.6617317199707,48.17757797241211,44.980125427246094,40.50516128540039,35.44369125366211
415000,425001,17,9,253,192,1,42630.08984375,440.4151611328125,211.6026153564453,145.69967651367188,106.62091064453125,103.88208770751953,75.88916015625,63.69831466674805,53.329795837402344,48.90778350830078,44.12769317626953,40.95343780517578,39.6866340637207,38.35990905761719,35.6233024597168,34.62394714355469,32.48944091796875,31052.60546875,227.3616180419922,109.37908935546875,69.35443878173828,54.31251525878906,45.29759979248047,43.926273345947266,37.58341979980469,35.49605941772461
420000,430001,17,9,251,204,0,42338.11328125,491.04241943359375,229.93826293945312,147.00875854492188,101.23967742919922,93.94628143310547,81.76465606689453,66.62691497802734,55.36256790161133,52.22317886352539,49.3205680847168,47.987308502197266,43.46540069580078,37.21310043334961,36.575538635253906,34.7023811340332,31.701875686645508,30835.583984375,244.5123291015625,115.17771911621094,80.49163818359375,59.1702995300293,49.882415771484375,44.03253936767578,39.45820236206055,34.462257385253906
420000,430001,17,9,251,204,1,42382.41015625,492.9158935546875,231.48524475097656,147.01092529296875,102.0223159790039,85.00206756591797,76.10983276367188,68.25718688964844,58.60903549194336,55.60239791870117,51.40642547607422,49.281375885009766,46.99568557739258,45.63455581665039,40.37123489379883,37.38148498535156,32.4419059753418,30866.455078125,242.36920166015625,114.47344970703125,79.34283447265625,63.0698127746582,51.430816650390625,49.71044921875,42.8223762512207,34.764225006103516
425000,435001,17,9,252,204,0,42424.28515625,526.3015747070312,236.9280242919922,143.50552368164062,112.40042877197266,93.50413513183594,74.43547058105469,66.9281997680664,59.95256805419922,56.63045883178711,52.54866409301758,49.64840316772461,45.61019515991211,45.12467956542969,41.05536651611328,39.82716751098633,36.454612731933594,30879.46875,263.8109130859375,112.4281005859375,83.74586486816406,60.089385986328125,54.15453338623047,52.27234649658203,45.39052200317383,40.594520568847656
425000,435001,17,9,252,204,1,42396.296875,529.7931518554688,240.4259796142578,137.3101806640625,110.51111602783203,93.12469482421875,78.81813049316406,67.49170684814453,61.940696716308594,53.108604431152344,51.377864837646484,49.24393844604492,45.12685775756836,42.73779296875,38.71077346801758,38.161556243896484,35.92831802368164,30858.83203125,266.4399108886719,112.14036560058594,84.32334899902344,64.24750518798828,52.759822845458984,48.845611572265625,43.178619384765625,38.602840423583984
430000,440001,17,9,251,182,0,42217.390625,458.2835693359375,198.31973266601562,148.643310546875,114.84188842773438,105.695068359375,91.35228729248047,70.50810241699219,56.35599899291992,53.447914123535156,47.79164505004883,46.80169677734375,44.01315689086914,42.69525909423828,40.32308578491211,37.50894546508789,34.00130844116211,30770.046875,233.8304901123047,119.87135314941406,90.04996490478516,64.60516357421875,49.022178649902344,48.66752243041992,41.85843276977539,38.84854507446289
430000,440001,17,9,251,182,1,42254.93359375,460.4124755859375,197.80015563964844,152.1385498046875,118.61286163330078,111.52894592285156,99.9847183227539,70.78260803222656,54.948463439941406,50.76521301269531,48.11409378051758,43.101806640625,41.813194274902344,40.3137092590332,39.063865661621094,36.32706069946289,33.78971862792969,30798.40625,230.699462890625,127.16311645507812,97.43521118164062,66.21830749511719,52.31422424316406,44.93701934814453,41.111663818359375,37.64867401123047
435000,445001,17,9,252,197,0,43332.15234375,648.0845947265625,229.0283966064453,144.69961547851562,108.40001678466797,95.32647705078125,82.78863525390625,61.881317138671875,56.35365295410156,52.95904541015625,49.40447998046875,47.4881591796875,43.43320846557617,41.79600524902344,39.56108474731445,37.12146759033203,34.90796661376953,31551.677734375,292.98193359375,117.47331237792969,81.96212005615234,58.35892868041992,50.09395980834961,47.091453552246094,42.684425354003906,36.870262145996094
435000,445001,17,9,252,197,1,43336.3203125,634.8859252929688,230.80587768554688,146.23043823242188,108.5567398071289,99.08533477783203,83.90011596679688,67.83454132080078,59.77592849731445,54.216670989990234,50.74323272705078,49.42898941040039,43.59148406982422,40.64954376220703,38.8270149230957,37.43645477294922,35.049617767333984,31552.0,289.8470153808594,117.40463256835938,83.14212799072266,65.00878143310547,55.90299606323242,46.63394546508789,42.74309158325195,40.739784240722656
440000,450001,17,9,252,194,0,43044.45703125,407.5379943847656,243.02980041503906,157.13157653808594,115.12259674072266,96.96086120605469,71.720458984375,68.502685546875,57.606624603271484,52.63533401489258,49.31182098388672,47.33149337768555,46.003177642822266,42.78905487060547,39.68427276611328,37.00695037841797,33.137149810791016,31343.986328125,251.23692321777344,118.52220916748047,80.3910140991211,57.69504928588867,52.90565872192383,47.37813186645508,45.773563385009766,38.20975112915039
440000,450001,17,9,252,194,1,43060.921875,406.33758544921875,241.9715118408203,153.472900390625,109.29243469238281,98.10295104980469,78.11975860595703,68.32301330566406,61.42411804199219,55.974395751953125,53.0949592590332,49.020503997802734,45.38862991333008,42.52722930908203,42.114906311035156,38.12941360473633,35.26882553100586,31358.978515625,245.5020294189453,114.32926940917969,79.6753158569336,60.95944595336914,56.02381134033203,48.73015213012695,44.11766815185547,41.74488067626953
445000,455001,17,9,252,195,0,43345.1171875,468.23870849609375,201.2806396484375,159.8389892578125,105.81145477294922,82.51197814941406,72.05821990966797,58.799869537353516,52.95647430419922,49.77153015136719,44.23036193847656,42.957820892333984,40.82810592651367,38.757076263427734,38.044830322265625,35.40728759765625,33.36344528198242,31581.99609375,219.44871520996094,106.39376831054688,68.9747314453125,57.46284484863281,42.3022575378418,38.921382904052734,37.82322311401367,34.740631103515625
445000,455001,17,9,252,195,1,43323.0078125,467.0593566894531,196.29013061523438,150.58932495117188,104.63411712646484,81.70520782470703,69.27874755859375,59.51531219482422,52.8012809753418,46.955814361572266,44.4547233581543,42.41050720214844,40.448020935058594,38.134681701660156,36.963958740234375,35.1919059753418,31.08568572998047,31564.728515625,215.20457458496094,102.81342315673828,69.23029327392578,56.114234924316406,44.914710998535156,42.10914993286133,38.359291076660156,35.05449295043945
450000,460001,17,9,251,191,0,43902.10546875,420.8320007324219,163.50421142578125,123.37715148925781,91.39752960205078,83.45014953613281,82.38066101074219,55.5101432800293,51.836795806884766,47.32752990722656,43.747615814208984,41.551273345947266,38.08455276489258,35.06008529663086,33.30046844482422,30.9403018951416,29.68561553955078,31981.158203125,178.3686065673828,105.00948333740234,80.91150665283203,56.20100021362305,41.23583221435547,40.736305236816406,34.84702682495117,32.25081253051758
450000,460001,17,9,251,191,1,43885.484375,415.7757263183594,160.86276245117188,126.17723846435547,93.21122741699219,89.1006851196289,81.75777435302734,59.825748443603516,54.00980758666992,46.866024017333984,43.3841438293457,38.5228385925293,37.041542053222656,34.831214904785156,33.17091751098633,29.682201385498047,28.022871017456055,31966.16015625,174.1149444580078,103.06410217285156,84.12322998046875,59.00774002075195,43.48640060424805,37.99225997924805,35.01752853393555,31.22426986694336
455000,465001,17,9,250,192,0,43958.078125,427.8428649902344,221.8929901123047,142.53504943847656,106.42914581298828,100.56208801269531,80.29161071777344,62.0440673828125,58.834903717041016,51.6106071472168,45.22566604614258,44.17869567871094,40.677978515625,38.97224426269531,34.4482421875,33.74594497680664,30.03838348388672,32029.541015625,227.21707153320312,114.18285369873047,81.92491912841797,55.90595626831055,45.642948150634766,43.90174102783203,41.65188217163086,40.53989791870117
455000,465001,17,9,250,192,1,43968.3515625,427.39794921875,223.6585693359375,141.76620483398438,103.28605651855469,101.15444946289062,75.35503387451172,62.47874450683594,52.25049591064453,50.56458282470703,46.4253044128418,45.85406494140625,42.504371643066406,41.823974609375,38.615264892578125,35.67607116699219,32.553104400634766,32037.533203125,225.75144958496094,110.4578628540039,80.53054809570312,54.838356018066406,47.16301345825195,45.52690887451172,42.5775032043457,41.21632385253906
460000,470001,17,9,254,197,0,43904.10546875,536.3310546875,229.1092071533203,161.30751037597656,106.63285827636719,102.33959197998047,80.99986267089844,67.33822631835938,59.2519416809082,52.20400619506836,50.08364486694336,48.54065704345703,42.31086730957031,40.4354362487793,36.92509078979492,34.00033187866211,31.73247718811035,31978.90625,273.7554626464844,134.56515502929688,81.38153839111328,66.33773040771484,52.94945526123047,43.79047775268555,38.706748962402344,33.373016357421875
460000,470001,17,9,254,197,1,43894.7265625,535.6260986328125,233.06260681152344,160.53826904296875,113.12765502929688,103.96902465820312,81.7673110961914,66.8681869506836,58.36480712890625,50.313209533691406,48.156700134277344,45.95182800292969,43.0583610534668,41.42380142211914,36.112159729003906,34.55074691772461,33.33597946166992,31975.1796875,276.5934753417969,132.9158172607422,87.2742691040039,66.4427719116211,47.24092483520508,45.829345703125,42.39033126831055,35.49246597290039
465000,475001,17,9,253,189,0,44274.17578125,562.28515625,228.93865966796875,166.1193084716797,119.82284545898438,96.26102447509766,82.24989318847656,75.08162689208984,61.07770538330078,54.93851852416992,49.3365478515625,46.03179168701172,40.8488883972168,38.522647857666016,35.20512771606445,33.15629959106445,30.678791046142578,32237.0,270.6247253417969,128.61685180664062,83.62447357177734,74.48465728759766,60.11516189575195,44.12882995605469,37.631874084472656,34.3152961730957
465000,475001,17,9,253,189,1,44288.03515625,565.1387939453125,232.46913146972656,168.0702667236328,115.14319610595703,95.02310180664062,77.78252410888672,71.6808853149414,55.7580680847168,54.67978286743164,49.46052551269531,47.54383850097656,44.52529525756836,39.39201736450195,36.35542297363281,34.8739128112793,31.031352996826172,32249.154296875,268.6734924316406,124.37786102294922,83.16883087158203,66.2977523803711,54.46906661987305,47.435546875,37.00159454345703,36.25718307495117
470000,480001,17,9,252,188,0,43750.58984375,505.1529235839844,206.524658203125,133.48712158203125,98.85921478271484,88.31900787353516,77.28195190429688,65.46282958984375,55.74030685424805,48.41770553588867,46.59807205200195,43.75033950805664,41.717262268066406,37.7468147277832,33.71368408203125,33.031612396240234,29.506359100341797,31887.81640625,238.34033203125,96.08536529541016,77.13751220703125,58.07011413574219,45.54835891723633,44.992149353027344,36.45691680908203,32.858863830566406
470000,480001,17,9,252,188,1,43705.578125,503.0393981933594,210.64935302734375,135.25625610351562,101.48150634765625,97.76792907714844,91.01480102539062,72.19407653808594,61.659271240234375,50.10798645019531,48.71113586425781,47.38881301879883,45.207923889160156,42.103939056396484,36.987369537353516,35.545166015625,31.077089309692383,31854.169921875,242.53038024902344,100.72746276855469,87.61082458496094,64.6260986328125,49.36631774902344,43.49760437011719,40.162200927734375,33.2997932434082
475000,485001,17,9,254,198,0,44551.3828125,452.7919616699219,213.9969482421875,154.93919372558594,118.39729309082031,88.8494873046875,78.56356811523438,67.27922821044922,55.34184265136719,51.236915588378906,50.0100212097168,47.73753356933594,42.46942901611328,37.82704544067383,35.55630111694336,34.84735870361328,33.81624984741211,32449.177734375,244.95590209960938,118.42459869384766,84.47461700439453,54.47521209716797,48.3101692199707,43.62242889404297,37.51438903808594,34.68278503417969
475000,485001,17,9,254,198,1,44517.90234375,453.2135925292969,219.6232452392578,151.52027893066406,118.41216278076172,94.55555725097656,81.48619842529297,65.86466217041016,53.19386291503906,47.956382751464844,47.767974853515625,44.619815826416016,42.71663284301758,42.11579513549805,37.703128814697266,35.96958923339844,32.835365295410156,32425.416015625,250.4069366455078,117.52714538574219,80.2657241821289,60.34751892089844,45.26081466674805,42.97615051269531,39.914859771728516,37.481746673583984
480000,490001,17,9,255,195,0,44548.93359375,470.81817626953125,227.77340698242188,123.04702758789062,102.73441314697266,82.47924041748047,80.73396301269531,57.50345993041992,55.62847900390625,48.424251556396484,47.12370681762695,43.40211868286133,40.96795654296875,38.386600494384766,35.91096496582031,35.44160079956055,31.716474533081055,32463.189453125,210.9370880126953,93.875732421875,77.871826171875,56.676605224609375,46.883331298828125,42.39824676513672,37.53679656982422,33.94544219970703
480000,490001,17,9,255,195,1,44578.55078125,468.95068359375,229.4319305419922,112.47187042236328,97.12350463867188,82.20418548583984,76.82559967041016,60.70326232910156,53.5218620300293,48.07872009277344,47.348873138427734,44.09801483154297,42.91587829589844,41.72892379760742,37.39800262451172,36.31094741821289,33.89769744873047,32488.5234375,208.37730407714844,92.33723449707031,75.02812957763672,54.63044357299805,47.302791595458984,43.92637252807617,38.82017135620117,35.4294548034668
485000,495001,17,9,251,188,0,45168.99609375,409.8733215332031,198.2330780029297,130.0328369140625,123.11803436279297,89.98521423339844,68.97440338134766,61.09979248046875,55.30635452270508,53.39271545410156,46.907798767089844,43.745811462402344,40.86541748046875,37.62080764770508,34.12238311767578,31.673830032348633,30.558059692382812,32917.74609375,187.85203552246094,114.42484283447266,82.54423522949219,57.3864631652832,53.36985778808594,42.55436325073242,38.51250457763672,34.400508880615234
485000,495001,17,9,251,188,1,45144.02734375,412.1618347167969,202.06533813476562,129.6328582763672,110.38367462158203,93.66788482666016,74.35967254638672,66.44415283203125,61.02425765991211,52.852622985839844,49.239173889160156,44.046905517578125,40.36331558227539,39.580528259277344,35.243995666503906,34.11319351196289,33.521339416503906,32900.51171875,190.19203186035156,106.80665588378906,80.84811401367188,58.102027893066406,52.71773147583008,41.310916900634766,39.93959045410156,34.1882438659668
490000,500001,17,9,253,200,0,44441.41796875,500.0841064453125,239.7035369873047,136.02523803710938,109.90282440185547,96.16663360595703,81.9190444946289,63.03098678588867,58.74069595336914,51.49268341064453,49.05319595336914,46.00355911254883,43.44752883911133,42.193031311035156,39.576133728027344,36.22455978393555,33.21804428100586,32366.685546875,258.9967041015625,105.98062133789062,81.88788604736328,65.06122589111328,51.049808502197266,44.55479431152344,41.806270599365234,41.14377975463867
490000,500001,17,9,253,200,1,44453.65625,499.9520568847656,234.10330200195312,132.44618225097656,105.55130004882812,90.4050521850586,78.69080352783203,65.08662414550781,60.390254974365234,56.594791412353516,50.08492660522461,48.46232604980469,44.85459899902344,39.51717758178711,38.83041763305664,36.289161682128906,34.31684112548828,32378.31640625,257.5044250488281,105.87400817871094,82.2722396850586,60.10077667236328,58.00306701660156,47.34868240356445,42.223487854003906,39.35139083862305
495000,505001,17,9,251,195,0,44818.7265625,483.1932373046875,205.9530029296875,142.6803741455078,113.38651275634766,99.61128997802734,83.04759979248047,69.9521713256836,59.77379608154297,52.300392150878906,48.75507354736328,45.62452697753906,44.392112731933594,40.3588981628418,38.33186340332031,35.29679489135742,30.98279571533203,32636.0859375,255.64305114746094,121.19037628173828,80.85700225830078,69.92533874511719,50.247520446777344,47.8560905456543,41.53221130371094,37.66106033325195
495000,505001,17,9,251,195,1,44807.1015625,487.4856872558594,210.18661499023438,142.05284118652344,116.00348663330078,95.56460571289062,83.52212524414062,68.44342041015625,57.458740234375,54.010623931884766,47.15650939941406,45.184722900390625,42.67375564575195,40.00750732421875,38.40237045288086,37.92790985107422,30.358211517333984,32628.73828125,255.87220764160156,121.29205322265625,78.79484558105469,65.75238037109375,49.8417854309082,46.32846450805664,39.5656623840332,32.02875900268555
500000,510001,17,9,252,197,0,45314.625,444.27581787109375,201.0406494140625,144.16213989257812,114.2542724609375,82.34077453613281,71.31177520751953,63.47385025024414,55.23188018798828,51.5295295715332,50.140113830566406,45.00523376464844,42.199668884277344,41.40122604370117,37.369667053222656,34.25342559814453,32.52877426147461,33002.890625,233.11154174804688,116.3833236694336,85.70830535888672,63.02083969116211,51.070526123046875,44.965606689453125,40.60573959350586,37.47730255126953
500000,510001,17,9,252,197,1,45298.05859375,445.0669250488281,202.4893798828125,143.1358642578125,109.32780456542969,90.1736068725586,73.07887268066406,64.17129516601562,55.75934982299805,50.635345458984375,48.75065612792969,46.43498611450195,40.52688217163086,38.347415924072266,37.212371826171875,36.19736099243164,32.74848937988281,32989.26953125,231.22088623046875,115.4195785522461,93.35797119140625,64.7453842163086,50.62905502319336,47.43086624145508,37.6717643737793,36.24177169799805
505000,515001,17,9,250,199,0,44768.32421875,471.4598388671875,208.90736389160156,143.997314453125,103.88536071777344,91.61283111572266,79.25044250488281,58.76871871948242,54.293888092041016,47.2144775390625,45.38614273071289,42.267940521240234,41.21125411987305,39.74017333984375,38.1601448059082,34.3694953918457,32.370880126953125,32639.751953125,238.3977508544922,107.29940032958984,76.99140167236328,55.201515197753906,47.00870895385742,43.799476623535156,39.45885467529297,35.676124572753906
505000,515001,17,9,250,199,1,44754.91796875,475.6029357910156,207.6302032470703,144.38783264160156,101.54122161865234,86.58171844482422,80.91484832763672,60.37141036987305,55.660743713378906,50.25008010864258,46.58037567138672,43.44793701171875,40.419681549072266,38.30094528198242,36.39411544799805,34.426116943359375,30.727869033813477,32630.03125,235.9497833251953,105.2723617553711,80.78899383544922,57.51173782348633,48.366153717041016,42.98638916015625,40.33208465576172,39.432212829589844
510000,520001,17,9,253,193,0,45195.0703125,457.4201354980469,205.72817993164062,135.49258422851562,108.8419189453125,101.18109130859375,92.40225982666016,64.28445434570312,55.30525588989258,50.886714935302734,49.19429016113281,45.06452941894531,43.820098876953125,41.75614929199219,39.786190032958984,33.11482620239258,30.693782806396484,32915.76171875,232.2283935546875,118.69474792480469,92.88094329833984,61.989891052246094,49.30481719970703,46.16780090332031,42.5382080078125,36.60867691040039
510000,520001,17,9,253,193,1,45219.015625,459.6036071777344,200.64918518066406,134.85096740722656,104.97311401367188,97.84297943115234,91.15763854980469,63.5213623046875,54.06542205810547,47.969139099121094,46.618194580078125,44.058963775634766,43.02785873413086,42.21002197265625,36.21553039550781,34.84278869628906,28.579355239868164,32933.66796875,227.0684051513672,115.74937438964844,90.58714294433594,62.191688537597656,48.17357635498047,44.87487030029297,39.403743743896484,34.55080795288086
515000,525001,17,9,255,202,0,45372.75,411.624267578125,228.81768798828125,141.19290161132812,106.03353118896484,95.1047134399414,84.31810760498047,62.34969711303711,50.45201873779297,49.96248245239258,45.959468841552734,42.37675476074219,39.49351501464844,38.72095489501953,37.4407958984375,33.904842376708984,32.12910079956055,33029.578125,231.3477325439453,104.59962463378906,86.97610473632812,59.23488998413086,46.381431579589844,41.189796447753906,39.47763442993164,35.60383987426758
515000,525001,17,9,255,202,1,45371.45703125,407.6222229003906,225.14320373535156,142.77427673339844,107.3608627319336,98.51548767089844,86.5009536743164,67.13545227050781,51.30919647216797,48.766815185546875,45.565757751464844,44.632713317871094,41.189693450927734,40.321434020996094,37.204429626464844,35.7202033996582,31.732816696166992,33029.93359375,226.60057067871094,107.0732421875,86.82608795166016,62.328399658203125,47.28618240356445,41.29037857055664,39.51915740966797,33.434303283691406
520000,530001,17,9,252,201,0,45959.109375,430.5085754394531,204.61029052734375,146.0790557861328,118.48606872558594,98.42784881591797,81.24121856689453,68.38204956054688,62.010162353515625,50.250091552734375,47.87450408935547,46.69395446777344,43.04956817626953,42.302520751953125,39.08913803100586,38.67366027832031,33.21601867675781,33497.57421875,222.7303924560547,118.73541259765625,75.60203552246094,60.893333435058594,51.7148551940918,47.94784927368164,41.52898406982422,33.86188507080078
520000,530001,17,9,252,201,1,45919.69140625,434.5890197753906,206.920654296875,142.40457153320312,111.22993469238281,87.86100769042969,73.23330688476562,64.97075653076172,56.44721221923828,49.2766227722168,46.508846282958984,44.777015686035156,41.75102233886719,39.969539642333984,36.93701171875,36.50326919555664,32.878753662109375,33471.33984375,221.78614807128906,110.3158187866211,68.38798522949219,54.389244079589844,48.18628692626953,44.09858703613281,38.89499282836914,34.08940887451172
525000,535001,17,9,251,185,0,45166.06640625,494.1900939941406,236.5896759033203,143.404052734375,113.32135772705078,101.74103546142578,81.41957092285156,65.56021881103516,53.41152572631836,47.79603576660156,46.52050018310547,44.618682861328125,41.92323303222656,38.48828887939453,35.34697723388672,34.325599670410156,32.12069320678711,32874.16796875,250.6661376953125,121.96895599365234,92.39832305908203,63.028236389160156,47.44769287109375,46.360862731933594,38.90119552612305,37.032474517822266
525000,535001,17,9,251,185,1,45176.96875,495.5982666015625,233.1119842529297,145.63323974609375,106.77952575683594,96.55870819091797,80.19734191894531,65.87743377685547,57.3663444519043,54.52399444580078,46.50425338745117,44.068294525146484,42.72849655151367,40.470970153808594,38.69407653808594,35.43506622314453,31.669052124023438,32881.67578125,249.80877685546875,114.89232635498047,89.5478515625,60.11842346191406,48.10507583618164,43.51982498168945,40.66798400878906,35.138427734375
530000,540001,17,9,253,203,0,45638.171875,506.0816955566406,212.2977752685547,151.1348114013672,107.0679702758789,106.52500915527344,87.21147155761719,70.77821350097656,55.96638107299805,51.09077453613281,46.3745231628418,44.39476776123047,41.99225616455078,40.558990478515625,36.77479553222656,34.54471206665039,33.87094497680664,33247.734375,235.44664001464844,115.0789794921875,83.81139373779297,59.234439849853516,46.31794357299805,41.73897933959961,39.90607452392578,35.946529388427734
530000,540001,17,9,253,203,1,45612.7265625,510.4902648925781,215.05055236816406,149.1102294921875,111.21887969970703,103.40064239501953,86.25941467285156,67.2166519165039,57.177574157714844,50.1922492980957,45.61997985839844,43.19963836669922,41.505531311035156,39.66701126098633,37.849090576171875,36.947479248046875,32.47063446044922,33227.49609375,236.97108459472656,115.89994049072266,82.73162841796875,56.76354217529297,47.67234802246094,45.580223083496094,39.04436111450195,38.18463897705078
535000,545001,17,9,252,198,0,45999.57421875,439.69659423828125,202.0028533935547,121.15435028076172,90.03224182128906,83.84141540527344,81.39866638183594,60.46491241455078,57.56783676147461,51.7443962097168,46.97393035888672,43.42918014526367,42.389469146728516,41.40374755859375,37.02695846557617,34.41716003417969,29.507137298583984,33521.8046875,220.83551025390625,105.13447570800781,81.46197509765625,57.403533935546875,47.37165451049805,43.04828643798828,40.453643798828125,34.466522216796875
535000,545001,17,9,252,198,1,46011.01171875,439.0052490234375,199.33531188964844,120.51924133300781,94.03644561767578,82.21189880371094,78.762451171875,59.357078552246094,52.27052307128906,46.14493179321289,45.01240158081055,41.137393951416016,39.2927360534668,38.079227447509766,35.85603713989258,31.22787857055664,30.272911071777344,33529.25,217.8721466064453,104.88642883300781,74.93753814697266,54.30628204345703,43.42738342285156,40.224308013916016,37.5330924987793,35.231380462646484
540000,550001,17,9,251,205,0,46529.62890625,537.82958984375,209.9857635498047,141.28231811523438,93.35665130615234,78.93434143066406,74.25137329101562,69.11044311523438,55.06407165527344,52.23810958862305,44.05591583251953,43.46495819091797,40.71824645996094,39.40119934082031,36.18608856201172,32.740264892578125,27.955398559570312,33889.75,216.3890380859375,90.24067687988281,73.5230941772461,53.013526916503906,47.83747482299805,42.89586639404297,38.1165657043457,31.858638763427734
540000,550001,17,9,251,205,1,46507.5546875,543.3590698242188,207.81283569335938,137.8925323486328,92.6097412109375,77.01235961914062,70.31193542480469,59.756526947021484,54.77971267700195,51.20841979980469,49.5089225769043,46.41416931152344,43.13824462890625,39.02617263793945,35.767051696777344,33.602294921875,30.394105911254883,33870.734375,221.47406005859375,90.85113525390625,73.74375915527344,57.92195129394531,48.69685363769531,45.83710479736328,38.580116271972656,35.035282135009766
545000,555001,17,9,252,201,0,46287.72265625,468.8440246582031,194.8734588623047,138.14715576171875,105.17877197265625,91.1390609741211,81.93213653564453,64.88033294677734,56.062808990478516,48.542640686035156,43.895877838134766,41.30712127685547,39.881622314453125,38.27773666381836,35.2695198059082,33.28635787963867,31.696901321411133,33712.14453125,214.57371520996094,97.67816925048828,79.63423919677734,57.077857971191406,49.63750076293945,42.86700439453125,39.51456832885742,34.36201095581055
545000,555001,17,9,252,201,1,46299.921875,468.68670654296875,197.24884033203125,138.4913787841797,108.36801147460938,90.17693328857422,77.7104263305664,59.39846420288086,54.071624755859375,50.81424331665039,46.08525466918945,45.14778518676758,42.79233169555664,41.13906478881836,39.09457015991211,37.11775588989258,34.182090759277344,33723.6875,219.57325744628906,99.57421875,75.07108306884766,55.97699737548828,48.91269302368164,46.44413757324219,40.140865325927734,37.673221588134766
550000,560001,17,9,253,199,0,46425.85546875,460.4480285644531,201.33995056152344,131.3640899658203,91.93048858642578,75.73139190673828,63.617462158203125,56.34614181518555,47.29016876220703,44.603206634521484,42.4935417175293,41.103233337402344,39.02424621582031,36.48164749145508,35.130523681640625,30.082029342651367,29.151226043701172,33851.7578125,223.54891967773438,101.70223999023438,68.64584350585938,53.925228118896484,46.070125579833984,40.12815856933594,31.67802619934082,30.55071258544922
550000,560001,17,9,253,199,1,46443.8359375,465.3701171875,203.40579223632812,132.15530395507812,94.12376403808594,80.95098876953125,63.61021041870117,59.58079528808594,55.89180374145508,48.90141677856445,44.84910202026367,44.17012023925781,39.735713958740234,38.47758102416992,36.881412506103516,32.7407341003418,31.105012893676758,33863.93359375,228.5982666015625,104.21150207519531,73.89017486572266,56.05045700073242,47.90223693847656,38.9925422668457,36.723060607910156,31.958473205566406
555000,565001,17,9,254,206,0,46665.88671875,507.7900085449219,216.60501098632812,148.06826782226562,113.794677734375,98.4576187133789,80.40922546386719,62.829795837402344,54.12078857421875,50.35491180419922,49.376827239990234,46.218441009521484,41.771183013916016,40.566009521484375,37.517189025878906,33.91690444946289,33.73173522949219,33955.65625,242.27525329589844,123.90680694580078,87.08214569091797,58.348453521728516,47.55219268798828,44.14430618286133,41.10597610473633,37.39577865600586
555000,565001,17,9,254,206,1,46663.33203125,505.3586120605469,217.5709686279297,144.31890869140625,107.36331939697266,88.61750030517578,74.8698501586914,60.76167297363281,54.42081832885742,51.72595977783203,44.987464904785156,43.63560104370117,41.787078857421875,39.126380920410156,39.03828048706055,38.00571060180664,32.413246154785156,33954.29296875,244.8817138671875,123.88422393798828,79.0460433959961,57.041343688964844,47.640132904052734,44.113460540771484,41.97964859008789,38.849708557128906
