grad_step,env_steps,window_len,penalty_len,n_windows,unique_eps,critic,sv_01,sv_02,sv_03,sv_04,sv_05,sv_06,sv_07,sv_08,sv_09,sv_10,sv_11,sv_12,sv_13,sv_14,sv_15,sv_16,sv_17,pen_sv_01,pen_sv_02,pen_sv_03,pen_sv_04,pen_sv_05,pen_sv_06,pen_sv_07,pen_sv_08,pen_sv_09
0,10001,17,9,253,10,0,5.303475856781006,1.4191826581954956,1.013640284538269,0.7625401020050049,0.6757093667984009,0.6141887903213501,0.5637639164924622,0.5325133204460144,0.5279985666275024,0.5047092437744141,0.47751739621162415,0.44846582412719727,0.41364479064941406,0.3991391956806183,0.39048123359680176,0.38301578164100647,0.3532891273498535,4.015848159790039,0.9629586935043335,0.6881825923919678,0.5602203011512756,0.5166401863098145,0.4707542955875397,0.4406517446041107,0.41628697514533997,0.3866746723651886
0,10001,17,9,253,10,1,6.6288228034973145,2.0450289249420166,1.4467140436172485,0.9747354388237,0.9522674083709717,0.7971715927124023,0.7092528343200684,0.6354207396507263,0.5957428812980652,0.5749147534370422,0.5257099270820618,0.5122966766357422,0.4848478138446808,0.461916983127594,0.4473944306373596,0.40843844413757324,0.38764771819114685,4.998168468475342,1.4629720449447632,0.9257277846336365,0.7719613313674927,0.590807318687439,0.5267878770828247,0.5000616312026978,0.48085078597068787,0.4205363392829895
5000,15001,17,9,252,15,0,653.894775390625,64.02772521972656,35.5533447265625,22.901342391967773,17.658777236938477,12.574432373046875,10.095437049865723,8.84273910522461,7.687133312225342,7.000774383544922,5.965219497680664,5.505558967590332,5.195632457733154,5.140209197998047,4.8588433265686035,3.9738051891326904,3.7734625339508057,480.2010803222656,34.91108322143555,18.6230411529541,10.534729957580566,7.809175968170166,6.515081405639648,5.711765766143799,5.254385471343994,4.374365329742432
5000,15001,17,9,252,15,1,657.4274291992188,64.16016387939453,35.846107482910156,23.23605728149414,17.573144912719727,12.94892406463623,10.165969848632812,9.007378578186035,7.600619316101074,7.103238105773926,5.988708019256592,5.446416854858398,5.181530952453613,5.0692524909973145,4.709287166595459,3.9014410972595215,3.6913552284240723,482.500732421875,35.108924865722656,18.572221755981445,10.727643013000488,7.828533172607422,6.760130882263184,5.5716729164123535,5.127793312072754,4.219136714935303
10000,20001,17,9,251,20,0,1098.5850830078125,55.10041809082031,29.117061614990234,16.806535720825195,13.236641883850098,8.875349998474121,7.783686637878418,6.002691745758057,5.197404384613037,4.4181084632873535,3.797299861907959,3.54197096824646,3.4854848384857178,3.109968900680542,2.8838388919830322,2.645594358444214,2.4906158447265625,797.1177368164062,30.469831466674805,14.53274917602539,7.528229713439941,5.631765842437744,4.265975475311279,3.3695454597473145,3.2811999320983887,2.9138526916503906
10000,20001,17,9,251,20,1,1099.4517822265625,54.98970413208008,28.392282485961914,16.858352661132812,12.879868507385254,8.67786979675293,7.937117576599121,5.9715728759765625,5.238325119018555,4.40460729598999,3.8718607425689697,3.5228395462036133,3.224928855895996,3.043243885040283,2.801442861557007,2.653165340423584,2.3969173431396484,797.7968139648438,29.825002670288086,14.407511711120605,7.408855438232422,5.579852104187012,4.375611782073975,3.3514046669006348,3.1497812271118164,2.721517562866211
15000,25001,17,9,253,25,0,1205.8643798828125,69.02068328857422,33.28799057006836,16.732704162597656,8.992011070251465,5.993271350860596,4.7148756980896,3.4792487621307373,2.912708282470703,2.602686643600464,2.4702084064483643,2.131012439727783,2.0040407180786133,1.8572438955307007,1.8089350461959839,1.5510443449020386,1.484175682067871,877.1416015625,34.855438232421875,11.65430736541748,5.404867649078369,3.466120719909668,2.5035207271575928,2.0702996253967285,1.9360449314117432,1.6176522970199585
15000,25001,17,9,253,25,1,1206.1026611328125,68.98323059082031,33.405128479003906,16.425901412963867,9.034196853637695,6.056463718414307,4.456641674041748,3.4628701210021973,2.8506486415863037,2.6033554077148438,2.5103533267974854,2.311943292617798,1.9606432914733887,1.878281831741333,1.7732552289962769,1.5843476057052612,1.473626971244812,877.3308715820312,34.867523193359375,11.423118591308594,5.385490417480469,3.4022538661956787,2.7441861629486084,2.212817907333374,1.868148684501648,1.6675328016281128
20000,30001,17,9,253,30,0,1811.5244140625,68.31510162353516,31.85445213317871,17.055946350097656,12.38793659210205,6.488780975341797,5.860461235046387,5.6997833251953125,4.205399513244629,3.531237840652466,3.251539707183838,3.0911078453063965,2.608337163925171,2.3719165325164795,2.2427432537078857,2.096517562866211,1.762478232383728,1319.792236328125,34.393192291259766,13.679428100585938,6.082211971282959,4.549962520599365,3.5930988788604736,3.0058958530426025,2.4543070793151855,2.2407052516937256
20000,30001,17,9,253,30,1,1813.023193359375,67.7767105102539,31.993745803833008,16.6539249420166,12.400859832763672,6.895532608032227,5.852435111999512,5.626718997955322,4.008672714233398,3.7444963455200195,3.4946131706237793,3.0675487518310547,2.713934898376465,2.5541038513183594,2.3755035400390625,2.1545231342315674,1.9899165630340576,1320.8929443359375,34.19889831542969,13.310429573059082,6.000904560089111,4.694386005401611,3.624579668045044,3.167707920074463,2.7423534393310547,2.349947690963745
25000,35001,17,9,254,35,0,2137.178466796875,76.5218276977539,40.79711151123047,17.09532356262207,10.649341583251953,7.332741737365723,6.335269451141357,4.507501602172852,4.018372535705566,3.783756732940674,3.6430840492248535,3.2468698024749756,3.128159523010254,2.97529935836792,2.589566707611084,2.3774192333221436,2.3372957706451416,1560.91796875,40.5229606628418,12.254854202270508,6.472766876220703,4.452322006225586,3.971778154373169,3.2428722381591797,2.920194625854492,2.4981515407562256
25000,35001,17,9,254,35,1,2138.73681640625,75.549560546875,40.57526779174805,16.903770446777344,10.887425422668457,7.07066011428833,6.144367694854736,4.410673141479492,4.307205677032471,3.8378655910491943,3.6711513996124268,3.2858939170837402,2.961141347885132,2.815335750579834,2.5387015342712402,2.349587917327881,2.180246353149414,1561.8876953125,40.333194732666016,12.037287712097168,6.158412456512451,4.647337436676025,4.024479389190674,3.158167839050293,2.9730582237243652,2.3568601608276367
30000,40001,17,9,252,40,0,2403.040771484375,95.53221893310547,50.55287170410156,21.748760223388672,11.662198066711426,7.4762282371521,5.511965751647949,4.310042858123779,3.1808931827545166,3.026813268661499,2.9140334129333496,2.5662124156951904,2.2976667881011963,2.23538875579834,1.9761543273925781,1.7638347148895264,1.6411247253417969,1758.02587890625,48.90870666503906,16.763721466064453,7.169314861297607,3.9668023586273193,2.981799840927124,2.5915541648864746,2.2569477558135986,1.943476676940918
30000,40001,17,9,252,40,1,2402.075927734375,94.88963317871094,50.8002815246582,21.713308334350586,11.38149642944336,7.2294440269470215,5.567549228668213,4.151083469390869,3.0275630950927734,2.7932488918304443,2.482516288757324,2.438281774520874,2.37007737159729,2.2647817134857178,2.0131919384002686,1.8286938667297363,1.5467790365219116,1756.4114990234375,48.722862243652344,16.81184959411621,7.028931617736816,3.8204121589660645,2.852206230163574,2.346677303314209,2.069460391998291,2.0101318359375
35000,45001,17,9,252,45,0,2613.57470703125,81.66268157958984,42.37147903442383,16.057636260986328,8.876577377319336,5.189254283905029,3.934385061264038,3.4914674758911133,2.8280069828033447,2.4552507400512695,2.3029167652130127,1.935261607170105,1.8166970014572144,1.51999032497406,1.3046308755874634,1.2265746593475342,1.1130083799362183,1906.2777099609375,46.329620361328125,12.00184440612793,5.173789978027344,3.267550468444824,2.5065081119537354,2.164108991622925,1.9370373487472534,1.390401005744934
35000,45001,17,9,252,45,1,2616.8994140625,81.7048568725586,43.27119064331055,16.135377883911133,8.703930854797363,5.236015319824219,4.094328880310059,3.6018593311309814,3.00419020652771,2.4240634441375732,2.316722869873047,2.0198307037353516,1.890276551246643,1.5248078107833862,1.4286184310913086,1.2969964742660522,1.103693962097168,1908.445556640625,46.44898223876953,11.998626708984375,5.441757678985596,2.9777424335479736,2.4065182209014893,2.1315996646881104,1.8187822103500366,1.6045546531677246
40000,50001,17,9,254,50,0,2851.94677734375,86.36795043945312,46.938716888427734,16.565940856933594,11.067757606506348,7.0738420486450195,4.675054550170898,3.982325315475464,3.4731881618499756,2.934445381164551,2.4343581199645996,2.2158992290496826,1.8976712226867676,1.8264110088348389,1.7864243984222412,1.6696678400039673,1.4242336750030518,2075.498046875,49.33498001098633,14.042880058288574,6.560300350189209,3.400357961654663,2.4941859245300293,2.397583484649658,1.9293733835220337,1.7084555625915527
40000,50001,17,9,254,50,1,2864.67626953125,87.22054290771484,47.54409408569336,16.682788848876953,11.189939498901367,7.418365955352783,5.067330837249756,3.6359570026397705,3.361905336380005,2.8562724590301514,2.440370798110962,2.244443655014038,2.0675458908081055,1.7615351676940918,1.658536434173584,1.5259215831756592,1.4374490976333618,2085.004150390625,49.483543395996094,14.265169143676758,6.851720333099365,3.1129727363586426,2.5632550716400146,2.398653268814087,1.9418097734451294,1.7681888341903687
45000,55001,17,9,253,55,0,3202.2119140625,95.32648468017578,50.40482711791992,22.898317337036133,10.025527954101562,6.647508144378662,4.274265289306641,3.5716397762298584,2.953965187072754,2.5432515144348145,2.18572998046875,2.1253981590270996,1.7792565822601318,1.6939133405685425,1.6478979587554932,1.4162486791610718,1.3549989461898804,2332.835693359375,46.14390182495117,17.614648818969727,6.023375511169434,3.4622013568878174,2.422088146209717,2.0556423664093018,1.7124836444854736,1.507975697517395
45000,55001,17,9,253,55,1,3198.114990234375,94.61656951904297,49.8941535949707,22.461023330688477,9.828888893127441,6.693409442901611,4.269347667694092,3.5987188816070557,2.893458843231201,2.7327687740325928,2.3629918098449707,2.038707971572876,1.9949195384979248,1.7240724563598633,1.62804114818573,1.4667432308197021,1.355348825454712,2329.791259765625,45.87242889404297,17.391386032104492,6.019767761230469,3.488759756088257,2.4008102416992188,2.1907291412353516,1.7191152572631836,1.421626091003418
50000,60001,17,9,250,59,0,3316.839111328125,94.29304504394531,55.264095306396484,21.602052688598633,10.575981140136719,6.554314613342285,4.375339508056641,3.3672354221343994,2.8892462253570557,2.59123158454895,2.37807297706604,1.97759211063385,1.881157636642456,1.7070083618164062,1.4584331512451172,1.3637765645980835,1.2662826776504517,2417.205322265625,49.851200103759766,17.098142623901367,5.210308074951172,3.0346598625183105,2.640770196914673,2.3681869506835938,1.7273616790771484,1.4144638776779175
50000,60001,17,9,250,59,1,3314.456787109375,94.06973266601562,55.060203552246094,21.769554138183594,10.463078498840332,5.966729164123535,4.245491981506348,3.3040976524353027,2.8418641090393066,2.4342024326324463,2.2462527751922607,1.9474053382873535,1.7987397909164429,1.6639883518218994,1.5055800676345825,1.3253036737442017,1.1873189210891724,2415.574462890625,49.36602783203125,16.598712921142578,4.968105316162109,3.095219373703003,2.4148881435394287,2.171973466873169,1.7376550436019897,1.258413553237915
55000,65001,17,9,255,61,0,3447.965087890625,94.31840515136719,41.471805572509766,18.453411102294922,9.212794303894043,5.100201606750488,3.815633773803711,2.927241086959839,2.794374704360962,2.1726109981536865,2.07441782951355,1.9946547746658325,1.8045967817306519,1.4159221649169922,1.3891043663024902,1.2417501211166382,1.1637998819351196,2505.7900390625,44.5446662902832,12.957124710083008,4.426782608032227,3.122682809829712,2.2759809494018555,1.9626312255859375,1.6040501594543457,1.4673714637756348
55000,65001,17,9,255,61,1,3447.393310546875,94.11197662353516,41.25277328491211,18.070756912231445,9.495340347290039,4.947073459625244,3.789457321166992,3.060387372970581,2.7258453369140625,2.1849467754364014,2.1194756031036377,1.908765435218811,1.688441276550293,1.5570530891418457,1.3255170583724976,1.2751728296279907,1.0715901851654053,2505.40234375,44.0380744934082,12.956921577453613,4.302316188812256,3.0350475311279297,2.2981982231140137,2.0619986057281494,1.8522998094558716,1.3911973237991333
60000,70001,17,9,252,68,0,3720.3291015625,115.39285278320312,44.506038665771484,17.84132194519043,10.885292053222656,6.3912034034729,3.9414889812469482,3.1838207244873047,2.6517529487609863,2.3727331161499023,2.0925261974334717,2.030109167098999,1.5441523790359497,1.5133165121078491,1.369109034538269,1.20904541015625,1.0691760778427124,2709.5400390625,50.12527084350586,14.739669799804688,5.137174129486084,2.97826886177063,2.1951744556427,1.8440688848495483,1.550957202911377,1.509855031967163
60000,70001,17,9,252,68,1,3718.07861328125,115.86615753173828,44.90811538696289,17.91472625732422,10.690763473510742,6.433055400848389,3.8170058727264404,2.9172286987304688,2.7023372650146484,2.588615655899048,2.107174873352051,1.9016895294189453,1.6716842651367188,1.6586993932724,1.5719773769378662,1.4383409023284912,1.2636610269546509,2708.070556640625,50.35828399658203,14.586325645446777,5.067774295806885,2.979466676712036,2.4624462127685547,2.122035503387451,1.6781768798828125,1.498146891593933
65000,75001,17,9,250,72,0,3850.04345703125,115.10520935058594,49.46601486206055,24.183591842651367,10.03962516784668,5.4042181968688965,3.536405324935913,2.7787041664123535,2.433551073074341,2.068923234939575,1.9533292055130005,1.8150088787078857,1.6013330221176147,1.370246410369873,1.210736632347107,1.2032309770584106,1.0563063621520996,2801.592041015625,54.13151168823242,14.839014053344727,5.418218612670898,2.3857052326202393,2.0988924503326416,1.6730998754501343,1.49802827835083,1.2124197483062744
65000,75001,17,9,250,72,1,3847.971435546875,114.62861633300781,49.651065826416016,23.95393943786621,9.923898696899414,5.519566535949707,3.497795820236206,3.0297274589538574,2.779172420501709,2.220928907394409,1.8281785249710083,1.6700125932693481,1.505611777305603,1.4352424144744873,1.3089295625686646,1.2052035331726074,0.9949477314949036,2800.251708984375,53.85786819458008,14.988247871398926,5.506147861480713,2.606480836868286,2.3257992267608643,1.6388593912124634,1.4481829404830933,1.0432313680648804
70000,80001,17,9,253,79,0,3932.9169921875,104.71980285644531,42.236061096191406,19.050426483154297,9.772253036499023,5.436285018920898,3.1441972255706787,2.83414363861084,2.6787397861480713,2.2539477348327637,1.747685194015503,1.5606142282485962,1.4429242610931396,1.3271582126617432,1.1803689002990723,1.0954476594924927,0.9765961170196533,2860.061767578125,44.653987884521484,13.903519630432129,4.558104991912842,2.7113046646118164,2.1166436672210693,1.6312987804412842,1.339255690574646,1.0789806842803955
70000,80001,17,9,253,79,1,3930.367431640625,104.71807861328125,42.79173278808594,18.89399528503418,9.945289611816406,5.392082214355469,3.1220521926879883,2.8205010890960693,2.7621405124664307,2.4662911891937256,1.6561403274536133,1.6048790216445923,1.4154807329177856,1.2295700311660767,1.176912546157837,1.1157602071762085,0.9787523150444031,2858.2685546875,44.82914352416992,13.961400985717773,4.621160984039307,2.8393752574920654,2.2491185665130615,1.7676936388015747,1.268399953842163,1.2133195400238037
75000,85001,17,9,252,83,0,4083.865234375,112.57466125488281,54.221370697021484,20.243518829345703,9.376076698303223,4.95667028427124,3.4303905963897705,2.658647060394287,2.139080047607422,2.0389177799224854,1.7933733463287354,1.620613694190979,1.3581864833831787,1.2815937995910645,1.200721025466919,1.0279216766357422,0.9618070125579834,2975.636962890625,53.87837600708008,18.820863723754883,4.640967845916748,2.8348822593688965,1.8036130666732788,1.6027456521987915,1.3244248628616333,1.1472702026367188
75000,85001,17,9,252,83,1,4077.66845703125,111.29254150390625,54.32999038696289,19.916872024536133,9.111433029174805,4.946533203125,3.3388001918792725,2.4158098697662354,2.196995496749878,2.09134840965271,1.6743301153182983,1.4993559122085571,1.288133978843689,1.2645100355148315,1.0886130332946777,1.0443885326385498,0.8910266160964966,2971.077880859375,53.66377639770508,18.762401580810547,4.56793212890625,2.4408328533172607,2.0085175037384033,1.7761372327804565,1.3078737258911133,1.2121295928955078
80000,90001,17,9,248,81,0,4161.33349609375,114.58345794677734,55.15495300292969,21.538856506347656,8.525629997253418,6.282644271850586,3.6149213314056396,3.2512505054473877,2.1836962699890137,2.061962127685547,1.856499433517456,1.6199065446853638,1.5373144149780273,1.2784239053726196,1.2428590059280396,1.1642781496047974,0.9628681540489197,3031.425537109375,59.838253021240234,15.27699089050293,5.299620151519775,2.686678886413574,1.811806321144104,1.7949591875076294,1.2839374542236328,1.1728101968765259
80000,90001,17,9,248,81,1,4162.37939453125,114.1679916381836,55.53493118286133,21.429922103881836,8.478909492492676,6.25911283493042,3.748302459716797,3.4315226078033447,2.6368110179901123,2.2397561073303223,1.9185529947280884,1.621496558189392,1.5842595100402832,1.3294848203659058,1.3203840255737305,1.1575862169265747,0.9938548803329468,3032.104248046875,59.640953063964844,15.310870170593262,5.288071155548096,3.061237335205078,2.077481508255005,1.7307122945785522,1.3692219257354736,1.237076759338379
85000,95001,17,9,251,88,0,4379.4638671875,127.4083251953125,55.74041748046875,21.445486068725586,10.972240447998047,5.487926006317139,3.4170031547546387,2.7545554637908936,2.5718071460723877,2.0573270320892334,1.7810372114181519,1.4447729587554932,1.3864210844039917,1.3380272388458252,1.1771687269210815,1.0537387132644653,0.8919568657875061,3189.784423828125,58.599365234375,19.18305206298828,4.879765033721924,2.4924378395080566,2.0173797607421875,1.5705451965332031,1.283189296722412,1.1851946115493774
85000,95001,17,9,251,88,1,4381.478515625,127.08443450927734,55.3895378112793,21.93820571899414,10.957911491394043,5.725285053253174,3.6144800186157227,2.5724048614501953,2.4706857204437256,1.8789722919464111,1.7479840517044067,1.4559611082077026,1.3620496988296509,1.2221388816833496,1.1925883293151855,1.0857259035110474,0.9223731756210327,3191.2021484375,58.342864990234375,19.59343147277832,4.968160629272461,2.4098258018493652,1.8699346780776978,1.588805079460144,1.3004357814788818,1.1399163007736206
90000,100001,17,9,251,92,0,4593.57861328125,118.57093811035156,54.94124984741211,20.202844619750977,10.901470184326172,6.071957111358643,4.393561840057373,3.2009668350219727,2.7871012687683105,2.1668903827667236,1.8625097274780273,1.6585298776626587,1.6020188331604004,1.4258389472961426,1.323792576789856,1.2120811939239502,1.1374995708465576,3344.493896484375,56.183311462402344,19.687644958496094,6.246998310089111,3.0987391471862793,2.343937635421753,1.9653270244598389,1.4652307033538818,1.3142987489700317
90000,100001,17,9,251,92,1,4588.82958984375,118.98941040039062,54.92529296875,20.24228286743164,11.152474403381348,6.034266948699951,4.8141188621521,2.938699722290039,2.612684965133667,2.2407195568084717,1.8214449882507324,1.4865822792053223,1.478945016860962,1.434288501739502,1.3379663228988647,1.267331600189209,1.0653197765350342,3341.124755859375,56.093666076660156,19.537405014038086,6.170714855194092,3.035484790802002,2.1446290016174316,1.9329367876052856,1.4395331144332886,1.3971850872039795
95000,105001,17,9,252,97,0,4696.142578125,142.32313537597656,54.0632438659668,20.412349700927734,10.744805335998535,6.497147560119629,4.0364837646484375,3.0739402770996094,2.2865896224975586,2.26114559173584,2.043916940689087,1.7549800872802734,1.452681541442871,1.2669309377670288,1.2202590703964233,1.1450790166854858,1.041611909866333,3417.290283203125,65.94904327392578,14.698235511779785,5.021456241607666,2.773634195327759,1.8156660795211792,1.7298177480697632,1.2413275241851807,1.1444787979125977
95000,105001,17,9,252,97,1,4694.81396484375,143.2421875,54.06786346435547,20.50503921508789,10.644712448120117,6.437045097351074,4.0463433265686035,2.964512586593628,2.4353480339050293,2.252573251724243,1.9024218320846558,1.7726423740386963,1.5167335271835327,1.2781267166137695,1.2195208072662354,1.1744970083236694,1.0956082344055176,3416.228515625,65.93482971191406,14.741656303405762,5.093247890472412,2.981168031692505,1.8345171213150024,1.8108052015304565,1.419101357460022,1.1630395650863647
100000,110001,17,9,252,95,0,4924.14453125,142.23822021484375,63.80821228027344,19.19512939453125,11.890201568603516,6.1984477043151855,3.7883355617523193,3.4327127933502197,2.951247215270996,2.365126609802246,2.1859660148620605,1.631333827972412,1.5234895944595337,1.4834123849868774,1.3497552871704102,1.3190771341323853,1.2582957744598389,3582.855712890625,70.03053283691406,15.100113868713379,5.964023590087891,2.99247670173645,2.1320316791534424,2.000278949737549,1.459997296333313,1.4286859035491943
100000,110001,17,9,252,95,1,4926.89794921875,141.56094360351562,63.94253158569336,19.538267135620117,12.066701889038086,6.327922821044922,3.645738124847412,3.1388814449310303,2.8494069576263428,2.382828712463379,2.1905345916748047,1.7175226211547852,1.604816198348999,1.456577181816101,1.4392262697219849,1.2184150218963623,1.053718090057373,3584.739501953125,69.79058074951172,15.307330131530762,5.758368015289307,2.837444305419922,2.2972378730773926,1.9401432275772095,1.41380774974823,1.2460486888885498
105000,115001,17,9,254,105,0,5007.16748046875,138.7818603515625,60.88529968261719,20.812700271606445,10.673417091369629,5.714972496032715,4.1869049072265625,2.5689358711242676,2.2546744346618652,2.0870466232299805,1.795369267463684,1.4286624193191528,1.3906352519989014,1.2710877656936646,1.1454070806503296,1.08712637424469,1.0344418287277222,3637.92529296875,66.24616241455078,16.62679672241211,5.294422626495361,2.3595807552337646,1.7667465209960938,1.5835623741149902,1.3021018505096436,1.109329342842102
105000,115001,17,9,254,105,1,5007.72265625,138.1244354248047,60.49043273925781,20.516225814819336,10.642667770385742,5.874472618103027,3.8930797576904297,2.440983533859253,2.2747440338134766,2.0987625122070312,1.619244933128357,1.3712600469589233,1.251964807510376,1.1103156805038452,1.0232499837875366,0.983339250087738,0.8764297962188721,3638.27978515625,65.58116912841797,16.45619010925293,5.161824703216553,2.343168020248413,1.7560707330703735,1.4895845651626587,1.1727733612060547,1.031856656074524
110000,120001,17,9,250,102,0,5189.61279296875,137.60923767089844,57.158103942871094,17.637859344482422,9.804222106933594,5.788335800170898,3.3071110248565674,2.5648200511932373,2.2639691829681396,2.039644241333008,1.8127481937408447,1.410072922706604,1.279518723487854,1.2185437679290771,1.11214017868042,1.0825529098510742,0.9848571419715881,3782.620849609375,63.97312545776367,17.562816619873047,4.881425857543945,2.7020063400268555,1.9527442455291748,1.6382840871810913,1.2792965173721313,1.0997185707092285
110000,120001,17,9,250,102,1,5187.0771484375,138.23277282714844,57.35306167602539,17.578590393066406,9.862202644348145,5.851022243499756,3.402611017227173,2.486992120742798,2.163696765899658,2.0774784088134766,1.6343470811843872,1.5548136234283447,1.249079942703247,1.1420053243637085,1.0520341396331787,0.979299783706665,0.9172976016998291,3780.8857421875,64.11524200439453,17.515195846557617,4.762171268463135,2.5766146183013916,1.8209186792373657,1.6633796691894531,1.1957803964614868,1.054805874824524
115000,125001,17,9,253,113,0,5262.994140625,158.44049072265625,76.65162658691406,22.5322322845459,12.661643981933594,6.3033037185668945,4.666763782501221,2.893385648727417,2.3593902587890625,2.1081702709198,2.071593999862671,1.627066969871521,1.4862433671951294,1.1920090913772583,1.1793659925460815,1.1475043296813965,0.8592591881752014,3820.585205078125,79.9118423461914,19.219436645507812,5.353804588317871,3.0016868114471436,2.0655975341796875,1.858353614807129,1.344741702079773,1.1332502365112305
115000,125001,17,9,253,113,1,5261.62890625,159.6603240966797,76.38605499267578,22.284242630004883,12.653474807739258,6.108266353607178,4.535216808319092,3.00172758102417,2.4084415435791016,2.115349769592285,1.8204460144042969,1.584248661994934,1.4314546585083008,1.2313421964645386,1.0882902145385742,1.0746933221817017,1.0026224851608276,3819.734619140625,79.96976470947266,18.877946853637695,5.233093738555908,3.0628199577331543,1.9635732173919678,1.7746202945709229,1.2354220151901245,1.0703434944152832
120000,130001,17,9,253,115,0,5361.70166015625,161.73468017578125,77.15510559082031,21.116641998291016,10.131196975708008,6.527865409851074,4.245886325836182,2.648014783859253,2.397296905517578,2.33280873298645,1.727756142616272,1.64019775390625,1.3955376148223877,1.2634936571121216,1.21205472946167,1.1949092149734497,0.9493896961212158,3902.33740234375,78.98567962646484,19.53238868713379,6.410468101501465,2.9829020500183105,2.1427664756774902,1.5681859254837036,1.4929966926574707,1.069468379020691
120000,130001,17,9,253,115,1,5363.8955078125,160.40280151367188,76.08891296386719,21.2251033782959,10.001343727111816,6.399284362792969,4.322813034057617,2.4701449871063232,2.412670850753784,2.3386807441711426,1.684235692024231,1.4852595329284668,1.324562430381775,1.2846983671188354,1.2577917575836182,1.106194257736206,1.0653122663497925,3904.0556640625,78.02165222167969,19.552997589111328,6.319520473480225,2.749403238296509,1.9089832305908203,1.6600909233093262,1.3442509174346924,1.153395175933838
125000,135001,17,9,252,111,0,5498.287109375,143.46066284179688,74.23089599609375,20.906959533691406,10.376469612121582,5.968643665313721,3.8322293758392334,2.5806448459625244,2.281254529953003,1.9607470035552979,1.8396555185317993,1.6258385181427002,1.4098949432373047,1.1521083116531372,1.1320433616638184,1.0357040166854858,0.925554096698761,4004.296630859375,69.0108871459961,19.84119415283203,4.943734169006348,2.5143158435821533,1.9490714073181152,1.492767095565796,1.291650652885437,1.109145998954773
125000,135001,17,9,252,111,1,5503.166015625,142.9441375732422,73.97107696533203,20.9356746673584,10.362627983093262,6.0595879554748535,3.8144283294677734,2.6129133701324463,2.3887898921966553,1.7608965635299683,1.634783148765564,1.541831135749817,1.4049043655395508,1.3634052276611328,1.0732020139694214,1.0324569940567017,0.9093220829963684,4007.69970703125,68.95198822021484,19.507551193237305,4.866478443145752,2.606935739517212,1.816046953201294,1.4976321458816528,1.205157995223999,1.069898009300232
130000,140001,17,9,254,120,0,5656.87109375,168.19430541992188,73.70687103271484,26.939958572387695,11.205241203308105,6.068418979644775,4.435118198394775,2.9779601097106934,2.4450433254241943,2.0016794204711914,1.8520889282226562,1.6495389938354492,1.4430787563323975,1.28337562084198,1.2171630859375,1.1154403686523438,1.0167200565338135,4122.5087890625,77.03854370117188,23.32682228088379,6.3271870613098145,2.61012864112854,2.0561444759368896,1.741612195968628,1.5777907371520996,1.2336772680282593
130000,140001,17,9,254,120,1,5660.9912109375,167.9292755126953,73.49589538574219,26.94281578063965,11.507022857666016,5.943445205688477,4.365429401397705,2.782379388809204,2.4032793045043945,2.0989320278167725,1.926626205444336,1.6183621883392334,1.5119627714157104,1.3299306631088257,1.2901185750961304,1.230913758277893,1.018031358718872,4125.39892578125,76.82982635498047,23.345355987548828,6.197043418884277,2.6071579456329346,2.0710644721984863,1.7232670783996582,1.4942426681518555,1.3176255226135254
135000,145001,17,9,251,123,0,5853.28759765625,145.14022827148438,67.58702850341797,19.265146255493164,10.752294540405273,5.806379795074463,3.792287826538086,2.4119017124176025,1.9994093179702759,1.8214858770370483,1.7705985307693481,1.385319471359253,1.268682837486267,1.1193509101867676,1.0748860836029053,0.9868320822715759,0.8435484170913696,4262.41650390625,68.86808776855469,19.516904830932617,5.292262554168701,2.9772942066192627,1.6837056875228882,1.576778769493103,1.2178611755371094,1.0368895530700684
135000,145001,17,9,251,123,1,5844.451171875,145.66934204101562,67.44559478759766,18.972549438476562,10.842175483703613,5.792018413543701,3.703885316848755,2.3063511848449707,2.135446548461914,1.9690947532653809,1.7170265913009644,1.4867093563079834,1.234182357788086,1.1364365816116333,1.04889976978302,1.0125337839126587,0.9672991633415222,4256.01025390625,68.87049102783203,19.552064895629883,5.37325382232666,3.0356931686401367,1.7670491933822632,1.6503283977508545,1.1934725046157837,1.1199637651443481
140000,150001,17,9,254,118,0,6133.3994140625,141.7071990966797,64.88236236572266,20.532546997070312,11.05221939086914,6.271566390991211,3.6519625186920166,2.9562878608703613,2.3593318462371826,2.141512870788574,1.6408514976501465,1.5364729166030884,1.4683445692062378,1.3189691305160522,1.1664245128631592,1.0495319366455078,0.9304962754249573,4463.25732421875,63.91055679321289,20.535823822021484,5.487600326538086,3.1259257793426514,1.8238465785980225,1.6288533210754395,1.4726672172546387,1.1075750589370728
140000,150001,17,9,254,118,1,6132.85009765625,143.6613311767578,65.61963653564453,20.621850967407227,11.084233283996582,6.169587135314941,3.533759832382202,3.115940809249878,2.3187317848205566,2.233586072921753,1.6715997457504272,1.5389131307601929,1.4197735786437988,1.3708525896072388,1.057173728942871,1.0127570629119873,1.0017790794372559,4462.8681640625,64.6832275390625,20.54561424255371,5.495037078857422,3.050487756729126,1.8514808416366577,1.6309254169464111,1.3930937051773071,1.0724681615829468
145000,155001,17,9,251,122,0,6255.013671875,176.14007568359375,82.64302825927734,26.574020385742188,12.64477252960205,6.639932155609131,4.238815784454346,3.1723480224609375,2.627070188522339,2.168041706085205,1.8843131065368652,1.5981532335281372,1.3275601863861084,1.3141781091690063,1.190099835395813,1.0387506484985352,1.0177077054977417,4557.408203125,81.42222595214844,25.447038650512695,6.703092098236084,3.1714797019958496,2.181760311126709,1.8578405380249023,1.364654302597046,1.279269814491272
145000,155001,17,9,251,122,1,6255.42529296875,176.21212768554688,82.32050323486328,26.42132568359375,12.225419998168945,6.501418590545654,4.190098762512207,3.3067469596862793,2.436220407485962,2.019493818283081,1.851789116859436,1.5950710773468018,1.4183547496795654,1.2636030912399292,1.1514841318130493,1.0007998943328857,0.9761490225791931,4557.90380859375,81.36060333251953,25.00031280517578,6.314309120178223,3.1591126918792725,2.0592665672302246,1.7248400449752808,1.4444493055343628,1.2879958152770996
150000,160001,17,9,252,132,0,6448.85986328125,162.38949584960938,78.70469665527344,23.64751625061035,12.477827072143555,7.541227340698242,5.16721773147583,3.3829455375671387,2.775897264480591,2.1501781940460205,1.716910719871521,1.5830460786819458,1.383222222328186,1.2821065187454224,1.1351872682571411,1.0159624814987183,0.9704607725143433,4699.4375,79.49757385253906,19.288278579711914,6.953673362731934,3.1350009441375732,1.9771878719329834,1.8686695098876953,1.3343265056610107,1.1559330224990845
150000,160001,17,9,252,132,1,6443.43798828125,162.80783081054688,79.64559936523438,23.959815979003906,12.524055480957031,7.838413715362549,5.568224906921387,3.297881603240967,2.7533326148986816,2.1793203353881836,1.9806476831436157,1.4981449842453003,1.4901577234268188,1.3782374858856201,1.2646254301071167,1.1480093002319336,1.0829591751098633,4695.54443359375,79.63616180419922,19.092073440551758,7.21593713760376,3.158967971801758,2.077991247177124,1.6653697490692139,1.3062084913253784,1.1452093124389648
155000,165001,17,9,255,131,0,6652.8427734375,176.2195587158203,77.68362426757812,26.907880783081055,13.332338333129883,6.7019362449646,4.341237545013428,2.883427858352661,2.575305461883545,2.2025680541992188,1.702331781387329,1.6601574420928955,1.4852038621902466,1.3872710466384888,1.2200658321380615,1.1723601818084717,1.1197561025619507,4838.85009765625,82.48924255371094,22.120576858520508,5.7910475730896,2.817608118057251,2.0596089363098145,1.7290526628494263,1.482662320137024,1.2851698398590088
155000,165001,17,9,255,131,1,6653.03955078125,176.81814575195312,78.14575958251953,27.380056381225586,13.249719619750977,6.804991722106934,4.385761260986328,2.812727451324463,2.527428388595581,2.004796266555786,1.8778282403945923,1.8475269079208374,1.5107582807540894,1.293220043182373,1.1571485996246338,1.092684030532837,1.0672818422317505,4839.01171875,82.92847442626953,22.27389907836914,5.874743938446045,2.877251386642456,2.062110662460327,1.665170431137085,1.6054308414459229,1.2487037181854248
160000,170001,17,9,251,133,0,6782.35205078125,143.6915283203125,83.85726928710938,21.714996337890625,12.461763381958008,6.426414489746094,4.1681318283081055,3.015498399734497,2.732830286026001,2.591139793395996,1.809441328048706,1.6892354488372803,1.4423679113388062,1.3270294666290283,1.2061179876327515,1.1254736185073853,0.9508195519447327,4936.33251953125,76.00054168701172,21.63001823425293,5.682933807373047,3.2613067626953125,2.0701003074645996,1.7865116596221924,1.5706236362457275,1.0963633060455322
160000,170001,17,9,251,133,1,6782.65185546875,142.6735076904297,84.056884765625,21.868663787841797,12.333722114562988,6.752992630004883,3.9638986587524414,2.9255661964416504,2.751432180404663,2.5079915523529053,1.7725014686584473,1.624581217765808,1.3042609691619873,1.264382004737854,1.2039837837219238,1.1929714679718018,1.0611099004745483,4936.4716796875,76.39024353027344,21.703596115112305,5.639011383056641,3.2933526039123535,2.0528342723846436,1.733782410621643,1.5364350080490112,1.2184022665023804
165000,175001,17,9,255,138,0,7185.40283203125,157.0504913330078,77.38960266113281,25.580297470092773,13.333242416381836,6.954840183258057,3.9632065296173096,2.956770896911621,2.7342350482940674,1.9930576086044312,1.8449227809906006,1.4262456893920898,1.3534598350524902,1.2970554828643799,1.2109276056289673,1.1116383075714111,1.0390386581420898,5231.90380859375,79.46633911132812,21.236286163330078,5.723071098327637,2.962212324142456,1.7612566947937012,1.6418964862823486,1.2547097206115723,1.1733510494232178
165000,175001,17,9,255,138,1,7187.83935546875,158.05267333984375,77.445068359375,25.595956802368164,13.606501579284668,6.907667636871338,4.032495021820068,3.0532519817352295,2.8336799144744873,1.972339153289795,1.782490849494934,1.5064491033554077,1.3897310495376587,1.2483640909194946,1.1832481622695923,1.0914016962051392,1.0093735456466675,5233.7001953125,79.66828155517578,21.30792999267578,5.862375259399414,3.0178000926971436,2.1022636890411377,1.6109228134155273,1.327816128730774,1.149307131767273
170000,180001,17,9,249,140,0,7099.41357421875,180.24163818359375,82.11985778808594,24.929216384887695,13.496403694152832,6.704202175140381,3.888634204864502,2.6297383308410645,2.5216071605682373,2.286215305328369,2.0364770889282227,1.7501914501190186,1.5704721212387085,1.4081469774246216,1.2683792114257812,1.0901105403900146,1.0253373384475708,5160.80615234375,89.75920867919922,20.932798385620117,6.387253284454346,2.9290404319763184,2.050300121307373,1.767553448677063,1.3516151905059814,1.128387689590454
170000,180001,17,9,249,140,1,7104.607421875,180.60455322265625,82.30744171142578,24.811691284179688,13.6162691116333,6.708797454833984,4.1527299880981445,3.036860466003418,2.5832388401031494,2.2193405628204346,2.1727516651153564,1.7337268590927124,1.4450404644012451,1.3810073137283325,1.297092080116272,1.1498838663101196,1.1204662322998047,5164.62255859375,89.76874542236328,21.047073364257812,6.460710525512695,2.9375431537628174,2.405025005340576,1.620848298072815,1.4390283823013306,1.139398217201233
175000,185001,17,9,253,136,0,7560.8837890625,156.93994140625,83.51791381835938,24.142539978027344,12.93089771270752,6.875923156738281,3.609171152114868,2.6762726306915283,2.3952653408050537,2.0077502727508545,1.7677333354949951,1.5693494081497192,1.4078642129898071,1.34079110622406,1.1906180381774902,0.9997111558914185,0.9392783641815186,5505.31201171875,73.8484878540039,24.783607482910156,5.837338447570801,2.6859946250915527,1.8893576860427856,1.6397289037704468,1.195178747177124,1.0970051288604736
175000,185001,17,9,253,136,1,7560.80810546875,155.1097412109375,82.35189056396484,23.909944534301758,12.375819206237793,6.630486488342285,3.7711691856384277,2.7764534950256348,2.4306793212890625,1.9617857933044434,1.8691679239273071,1.7492060661315918,1.5996092557907104,1.3724327087402344,1.1436610221862793,1.1203416585922241,1.0319366455078125,5505.22705078125,72.8098373413086,24.722217559814453,5.798230171203613,2.5011308193206787,1.9727745056152344,1.8022897243499756,1.3573201894760132,1.1262638568878174
180000,190001,17,9,253,135,0,7793.24072265625,195.09112548828125,86.14395904541016,26.343482971191406,12.938594818115234,6.81982421875,4.635304927825928,3.19020938873291,2.9279491901397705,2.413578987121582,2.361574649810791,1.7961552143096924,1.684513807296753,1.3946247100830078,1.3657702207565308,1.1725813150405884,1.126868486404419,5662.57470703125,92.02198028564453,23.15412712097168,6.286921977996826,3.1859633922576904,2.419015407562256,2.1686882972717285,1.7086106538772583,1.3150089979171753
180000,190001,17,9,253,135,1,7796.93896484375,195.06613159179688,85.90303802490234,26.478134155273438,12.944489479064941,6.886963844299316,4.746959686279297,3.3303756713867188,2.877394676208496,2.487710475921631,2.3495218753814697,1.7470341920852661,1.6228867769241333,1.4684723615646362,1.395544171333313,1.250792145729065,1.140574336051941,5665.0986328125,91.77706146240234,23.213699340820312,6.530332565307617,3.1060609817504883,2.529193162918091,2.072824001312256,1.679258942604065,1.2841237783432007
185000,195001,17,9,252,143,0,7953.19775390625,147.90090942382812,80.06676483154297,23.19736671447754,13.360998153686523,6.797590255737305,4.700392723083496,2.995600938796997,2.9233460426330566,2.441401243209839,2.142378330230713,1.8669828176498413,1.6507763862609863,1.5627734661102295,1.2775498628616333,1.243100881576538,1.1030226945877075,5795.4248046875,74.39720916748047,24.730308532714844,6.299604415893555,3.1224067211151123,2.3630030155181885,1.9244118928909302,1.638177514076233,1.2872178554534912
185000,195001,17,9,252,143,1,7956.4287109375,148.6340789794922,79.76168060302734,23.26396369934082,13.190169334411621,6.922165870666504,4.630373954772949,3.43986439704895,3.1824638843536377,2.5715370178222656,2.2225844860076904,2.017838954925537,1.87129807472229,1.5641567707061768,1.4282872676849365,1.304808497428894,1.0400898456573486,5797.6923828125,74.41246795654297,24.70461654663086,6.313226222991943,3.5043129920959473,2.588496208190918,2.0420713424682617,1.8437033891677856,1.4757885932922363
190000,200001,17,9,252,156,0,8279.544921875,167.8692169189453,89.50679779052734,28.7462158203125,13.93782901763916,7.3299946784973145,4.314986705780029,3.755237102508545,3.2851526737213135,2.4993491172790527,2.381770610809326,1.868994951248169,1.6978439092636108,1.5139225721359253,1.4345738887786865,1.3223021030426025,1.2785608768463135,6032.42529296875,90.36540222167969,21.950162887573242,6.578083038330078,3.376662254333496,2.7797255516052246,2.098266363143921,1.5476503372192383,1.3865894079208374
190000,200001,17,9,252,156,1,8270.064453125,169.90975952148438,90.29589080810547,28.882596969604492,14.078794479370117,7.511591911315918,4.330118656158447,3.8410212993621826,2.9653007984161377,2.689131259918213,2.402863025665283,1.8443886041641235,1.737532377243042,1.586434245109558,1.5427565574645996,1.4026157855987549,1.1301538944244385,6025.6650390625,91.1253662109375,22.18735122680664,6.748774528503418,3.26003360748291,2.794867515563965,2.234555959701538,1.6942075490951538,1.4303467273712158
195000,205001,17,9,251,141,0,8468.845703125,199.7394561767578,82.92137908935547,30.737035751342773,13.914057731628418,7.234577655792236,4.215933799743652,2.8942558765411377,2.8692281246185303,2.4594414234161377,2.117154121398926,1.9936015605926514,1.6219305992126465,1.4445840120315552,1.331479549407959,1.1644114255905151,1.0685536861419678,6165.04638671875,90.94892120361328,26.23141860961914,6.482424259185791,2.973151922225952,2.3150668144226074,2.1555004119873047,1.3845711946487427,1.2182385921478271
195000,205001,17,9,251,141,1,8456.935546875,200.8881378173828,83.40147399902344,30.80052947998047,13.945355415344238,7.408113956451416,4.283979415893555,3.2702715396881104,2.6927120685577393,2.4293065071105957,2.2980494499206543,1.9008257389068604,1.7324984073638916,1.6246696710586548,1.3944745063781738,1.258236050605774,1.240053415298462,6156.29248046875,91.49134063720703,26.357421875,6.516580581665039,3.0178935527801514,2.6392533779144287,2.313631057739258,1.4779943227767944,1.3619693517684937
200000,210001,17,9,252,147,0,8954.3349609375,149.4365997314453,83.54808807373047,27.850616455078125,13.09079647064209,7.030252456665039,4.1212477684021,3.783752202987671,2.656378746032715,2.3369061946868896,1.922294020652771,1.7599830627441406,1.6785246133804321,1.5064691305160522,1.4189927577972412,1.336661458015442,1.193651795387268,6520.1044921875,75.57815551757812,24.364526748657227,5.942989826202393,3.1433441638946533,2.6837875843048096,1.759600281715393,1.6706643104553223,1.3134570121765137
200000,210001,17,9,252,147,1,8961.521484375,148.55921936035156,83.3486099243164,27.708993911743164,13.083089828491211,7.408688545227051,4.217863082885742,3.627211570739746,2.6436426639556885,2.287780284881592,1.9483973979949951,1.6997987031936646,1.534106969833374,1.4284212589263916,1.3264960050582886,1.295257806777954,1.2136973142623901,6525.5654296875,74.957763671875,24.515026092529297,6.1573076248168945,3.276522159576416,2.6908860206604004,1.6216551065444946,1.5187681913375854,1.3352216482162476
205000,215001,17,9,253,142,0,9076.7490234375,198.85769653320312,79.86852264404297,28.664936065673828,14.215521812438965,7.229989051818848,4.397581577301025,3.2061381340026855,2.8297266960144043,2.25262451171875,1.9069597721099854,1.773503065109253,1.657045602798462,1.465708613395691,1.3394826650619507,1.2866132259368896,0.9892406463623047,6599.30078125,96.28362274169922,22.44525718688965,6.642325401306152,3.305429458618164,2.706399440765381,2.0609939098358154,1.387412428855896,1.287337064743042
205000,215001,17,9,253,142,1,9070.728515625,197.58395385742188,79.85042572021484,29.246686935424805,14.222564697265625,7.275814056396484,4.491700172424316,3.0836572647094727,2.9318296909332275,2.3009274005889893,2.191985845565796,1.8138513565063477,1.7164795398712158,1.4320176839828491,1.3478686809539795,1.3005226850509644,1.027478575706482,6595.06103515625,96.21775817871094,22.829864501953125,6.736766338348389,3.4299731254577637,2.564763307571411,2.0938515663146973,1.5324376821517944,1.373965859413147
210000,220001,17,9,252,152,0,9316.6865234375,165.999755859375,74.61871337890625,27.67722511291504,12.94538688659668,7.289574146270752,4.169751167297363,3.642418384552002,2.9639570713043213,2.2217931747436523,1.7342188358306885,1.5922993421554565,1.5266358852386475,1.2649850845336914,1.2456620931625366,1.1569032669067383,1.037488341331482,6771.60205078125,73.30165100097656,25.741737365722656,6.362489700317383,3.00723934173584,2.660738706588745,1.6965843439102173,1.4003946781158447,1.2483018636703491
210000,220001,17,9,252,152,1,9313.7509765625,166.58168029785156,75.05638885498047,27.545520782470703,12.906747817993164,6.947880268096924,4.074414253234863,3.5104968547821045,2.9328737258911133,2.4107723236083984,1.8928849697113037,1.6169785261154175,1.4287892580032349,1.28657066822052,1.2601209878921509,1.1748042106628418,1.1191604137420654,6769.640625,73.41368865966797,25.937637329101562,6.172428131103516,2.9151957035064697,2.8402230739593506,1.8266892433166504,1.471925139427185,1.3315398693084717
215000,225001,17,9,253,147,0,9630.1474609375,188.43231201171875,88.38291931152344,25.098663330078125,15.442305564880371,7.718432903289795,3.9805541038513184,3.2667064666748047,2.7175557613372803,2.637542963027954,1.944145679473877,1.9265570640563965,1.6281183958053589,1.4658794403076172,1.3337898254394531,1.2058743238449097,1.1095818281173706,7004.30908203125,88.81094360351562,24.80790901184082,6.456883430480957,3.1291604042053223,2.2584469318389893,2.2298662662506104,1.6150197982788086,1.262985110282898
215000,225001,17,9,253,147,1,9630.3828125,188.3374481201172,88.63766479492188,25.58733367919922,15.87786865234375,8.084419250488281,4.0589704513549805,3.0713608264923096,3.048140048980713,2.646231174468994,2.070953130722046,1.9480448961257935,1.7037314176559448,1.6366952657699585,1.353686809539795,1.3206329345703125,1.174288034439087,7004.646484375,88.9168472290039,25.040407180786133,6.779796123504639,3.091482639312744,2.59342360496521,2.209536075592041,1.7126933336257935,1.3318465948104858
220000,230001,17,9,252,155,0,9752.6787109375,132.32833862304688,75.03699493408203,24.080854415893555,11.785402297973633,7.636532783508301,5.357374668121338,4.032546520233154,3.480717658996582,2.680832624435425,2.2315592765808105,1.8418086767196655,1.713348388671875,1.690989375114441,1.4955397844314575,1.4654875993728638,1.0407283306121826,7090.796875,70.03976440429688,22.608766555786133,6.300135135650635,3.291644811630249,2.9255495071411133,2.5837934017181396,1.6872813701629639,1.2341985702514648
220000,230001,17,9,252,155,1,9756.755859375,133.23605346679688,75.28841400146484,24.083459854125977,11.848036766052246,7.380290985107422,5.23093318939209,3.928189992904663,3.320396900177002,2.604299545288086,2.369168519973755,1.8973394632339478,1.7030690908432007,1.6733769178390503,1.5126267671585083,1.3141621351242065,1.0399963855743408,7093.82275390625,70.33439636230469,22.780935287475586,6.085989952087402,3.311265468597412,2.757662057876587,2.4762468338012695,1.5604963302612305,1.1789255142211914
225000,235001,17,9,253,152,0,10183.0869140625,148.5677490234375,82.2841796875,28.183868408203125,12.15618896484375,6.439072132110596,4.09968376159668,3.602492332458496,3.1874184608459473,2.2952816486358643,2.1019694805145264,1.8564364910125732,1.7532403469085693,1.5413963794708252,1.4959912300109863,1.4002398252487183,1.3063853979110718,7410.92431640625,76.59052276611328,26.68975830078125,6.159231662750244,3.0796427726745605,2.535144329071045,1.8420921564102173,1.6630302667617798,1.6099941730499268
225000,235001,17,9,253,152,1,10188.3369140625,147.53567504882812,81.74723052978516,28.760629653930664,12.378108978271484,6.501727104187012,3.8982088565826416,3.508977174758911,2.917147636413574,2.1503336429595947,1.9137908220291138,1.7637239694595337,1.6167057752609253,1.5375871658325195,1.4657214879989624,1.3677165508270264,1.204627275466919,7414.6904296875,75.97931671142578,26.995956420898438,6.329300403594971,2.8818211555480957,2.3527843952178955,1.8038923740386963,1.6203713417053223,1.4402213096618652
230000,240001,17,9,252,167,0,10294.8095703125,160.59327697753906,89.26107788085938,25.03481674194336,14.274760246276855,7.956802845001221,4.750388145446777,4.024568557739258,3.1259639263153076,2.4306674003601074,1.877354383468628,1.7615453004837036,1.6606992483139038,1.4767069816589355,1.304908275604248,1.151665210723877,1.0172550678253174,7495.4296875,88.35694122314453,22.677715301513672,6.157021999359131,3.560746908187866,2.71706223487854,1.947015643119812,1.5355345010757446,1.1050963401794434
230000,240001,17,9,252,167,1,10291.23828125,160.11715698242188,89.04873657226562,25.253246307373047,14.231181144714355,8.225457191467285,4.60715389251709,3.969851493835449,3.2398359775543213,2.4495327472686768,2.111750364303589,1.9542772769927979,1.5826890468597412,1.5577573776245117,1.3326536417007446,1.158867359161377,1.0673091411590576,7492.85009765625,88.26673889160156,22.65423583984375,6.3175458908081055,3.571751594543457,2.594489812850952,2.0514943599700928,1.4127665758132935,1.1974231004714966
235000,245001,17,9,253,154,0,10923.123046875,144.15309143066406,77.18877410888672,26.187318801879883,11.809577941894531,7.174790382385254,4.797143936157227,3.8534910678863525,2.9522111415863037,2.4709084033966064,2.0721895694732666,1.7663636207580566,1.6671791076660156,1.5009266138076782,1.3689502477645874,1.2343600988388062,1.042917013168335,7962.068359375,75.09825134277344,22.63731575012207,5.878631114959717,3.2760133743286133,2.6156601905822754,1.8021312952041626,1.509342908859253,1.2366995811462402
235000,245001,17,9,253,154,1,10913.666015625,142.25440979003906,76.5468978881836,26.41065788269043,11.82829475402832,7.292738914489746,4.721357345581055,4.086866855621338,2.896944284439087,2.507011651992798,1.925873041152954,1.8417303562164307,1.6186074018478394,1.5304204225540161,1.2272136211395264,1.221400499343872,1.1690490245819092,7954.79345703125,74.20378112792969,22.548084259033203,5.816962718963623,3.355451822280884,2.794471025466919,1.8170305490493774,1.58779776096344,1.2691237926483154
240000,250001,17,9,250,154,0,10854.78515625,179.76504516601562,83.8884506225586,30.943187713623047,14.34594440460205,6.313350677490234,4.083675861358643,2.858027458190918,2.6957647800445557,2.278353691101074,1.971246600151062,1.7450566291809082,1.4976636171340942,1.3144670724868774,1.270853042602539,1.2309315204620361,0.9291852712631226,7885.92919921875,87.82081604003906,25.444541931152344,5.785586357116699,2.694864511489868,2.342442274093628,1.9426441192626953,1.340638279914856,1.2997592687606812
240000,250001,17,9,250,154,1,10852.1142578125,179.48638916015625,83.5247802734375,30.820112228393555,14.359832763671875,6.457873344421387,4.114965915679932,3.309920072555542,2.5836024284362793,2.2491395473480225,1.8926637172698975,1.83719003200531,1.670488953590393,1.4145126342773438,1.1989531517028809,1.097273826599121,1.0428177118301392,7883.83251953125,87.2942886352539,25.350805282592773,5.7807183265686035,2.9865591526031494,2.4793860912323,1.9408992528915405,1.376702904701233,1.2237480878829956
245000,255001,17,9,256,163,0,11402.19921875,162.2616729736328,84.48319244384766,26.836957931518555,12.501431465148926,7.411370277404785,4.415548801422119,3.2901761531829834,3.1881160736083984,2.0615787506103516,1.9121551513671875,1.793067455291748,1.4485952854156494,1.362902283668518,1.20318603515625,1.076977014541626,1.0344642400741577,8297.4365234375,78.90332794189453,26.063770294189453,5.908019065856934,3.4048290252685547,2.4014124870300293,1.8666437864303589,1.41171133518219,1.096881628036499
245000,255001,17,9,256,163,1,11388.595703125,165.85012817382812,84.8013916015625,27.247310638427734,12.847838401794434,7.37839412689209,4.467365741729736,3.4478302001953125,3.301208019256592,2.161550760269165,1.9794080257415771,1.8175568580627441,1.4903780221939087,1.4314059019088745,1.2375932931900024,1.185369610786438,1.1143602132797241,8287.728515625,79.92145538330078,26.545530319213867,6.018810272216797,3.516402244567871,2.517077922821045,1.911787986755371,1.4690581560134888,1.2505841255187988
250000,260001,17,9,252,154,0,11577.404296875,169.74815368652344,77.16495513916016,28.980682373046875,11.751317977905273,7.130699157714844,4.889862060546875,4.422490119934082,3.935373067855835,3.1111459732055664,2.1817941665649414,2.0159623622894287,1.6768419742584229,1.4593250751495361,1.3434253931045532,1.3344833850860596,1.072300672531128,8429.8251953125,78.10420227050781,25.071447372436523,6.22231912612915,3.946444272994995,2.9413840770721436,2.728048086166382,1.557252049446106,1.4416379928588867
250000,260001,17,9,252,154,1,11576.296875,169.24014282226562,76.3550033569336,28.706727981567383,11.610915184020996,7.189589977264404,4.654452323913574,4.479873180389404,3.951306104660034,3.2588601112365723,2.064707040786743,1.8465067148208618,1.7202695608139038,1.622939944267273,1.5366178750991821,1.2233682870864868,1.1041685342788696,8428.9140625,77.57290649414062,24.818235397338867,6.3477935791015625,3.749507188796997,3.0569496154785156,2.7320547103881836,1.8038707971572876,1.3174347877502441
255000,265001,17,9,252,171,0,11726.50390625,178.64419555664062,74.03030395507812,28.601531982421875,13.30752182006836,7.836897373199463,4.284722805023193,3.917536973953247,3.051086664199829,2.463956832885742,2.0194497108459473,1.823299527168274,1.6570930480957031,1.4344888925552368,1.3229821920394897,1.2260491847991943,1.038706660270691,8534.2607421875,80.58729553222656,23.431304931640625,6.884425640106201,3.120605707168579,2.6148250102996826,1.958423137664795,1.5883337259292603,1.263033390045166
255000,265001,17,9,252,171,1,11719.8203125,178.45310974121094,74.52560424804688,29.289474487304688,13.389883995056152,7.550567150115967,4.207916736602783,3.4561760425567627,2.762904167175293,2.3544516563415527,2.0653622150421143,1.8045756816864014,1.6265413761138916,1.5536797046661377,1.4083818197250366,1.3436473608016968,1.1260892152786255,8529.3701171875,80.53018188476562,23.439138412475586,6.803477764129639,2.883668899536133,2.6478617191314697,1.9341241121292114,1.6286426782608032,1.3070701360702515
260000,270001,17,9,255,163,0,12188.0869140625,145.34463500976562,83.72594451904297,29.062864303588867,12.825897216796875,7.4454193115234375,4.231583595275879,3.1491947174072266,2.600332021713257,2.2185990810394287,2.028103828430176,1.8445428609848022,1.6023106575012207,1.3100709915161133,1.2360762357711792,1.226324439048767,1.0968070030212402,8865.3115234375,78.14508056640625,23.660890579223633,6.38818359375,2.9495153427124023,2.2170722484588623,1.936682105064392,1.3168563842773438,1.2564219236373901
260000,270001,17,9,255,163,1,12175.98046875,145.01602172851562,84.140380859375,29.308616638183594,13.113229751586914,7.526050090789795,4.2444071769714355,3.046661615371704,2.7508935928344727,2.2664499282836914,2.1256167888641357,1.912854552268982,1.5185681581497192,1.384708285331726,1.2429983615875244,1.1033192873001099,1.0533883571624756,8856.8212890625,78.44004821777344,23.847888946533203,6.418817043304443,3.023717164993286,2.1962902545928955,1.9012118577957153,1.348187804222107,1.1862519979476929
265000,275001,17,9,253,167,0,12403.677734375,156.92079162597656,80.73179626464844,28.155717849731445,13.548150062561035,7.197991371154785,4.657528400421143,3.842149019241333,2.880582332611084,2.4857051372528076,2.112778425216675,1.9554401636123657,1.6380620002746582,1.6067440509796143,1.2969163656234741,1.218436598777771,1.1441575288772583,9021.3427734375,85.0445556640625,23.27553939819336,6.012465953826904,3.3644661903381348,2.539778470993042,2.078235149383545,1.5760328769683838,1.4920145273208618
265000,275001,17,9,253,167,1,12391.263671875,156.4092559814453,79.77530670166016,27.807870864868164,13.245638847351074,6.962751388549805,4.487195014953613,3.608006238937378,2.9191555976867676,2.3468706607818604,2.0305535793304443,1.9313774108886719,1.7579399347305298,1.6504184007644653,1.3808717727661133,1.239937424659729,1.214762806892395,9012.28125,84.3602294921875,22.773405075073242,5.619744300842285,3.1962718963623047,2.6041014194488525,1.8532317876815796,1.6146173477172852,1.4028100967407227
270000,280001,17,9,254,164,0,12656.7138671875,142.8544464111328,77.88831329345703,27.549673080444336,11.271409034729004,6.874774932861328,4.494389057159424,3.085458517074585,2.8987200260162354,2.0463786125183105,1.9831311702728271,1.6679285764694214,1.3997176885604858,1.2885674238204956,1.1682406663894653,1.0681018829345703,1.0065364837646484,9218.826171875,73.78606414794922,22.587827682495117,6.285776615142822,3.0492379665374756,2.512219190597534,1.9672478437423706,1.4299575090408325,1.1233630180358887
270000,280001,17,9,254,164,1,12658.51171875,140.54408264160156,77.94084167480469,27.71640396118164,11.32592487335205,7.214300632476807,4.4673919677734375,3.2625935077667236,2.9969234466552734,2.1873884201049805,1.8573042154312134,1.770143985748291,1.4930856227874756,1.44061279296875,1.288399338722229,1.1876027584075928,1.0064877271652222,9219.974609375,73.28034973144531,22.519006729125977,6.406389236450195,3.10176682472229,2.507092237472534,1.8277908563613892,1.5024203062057495,1.0958212614059448
275000,285001,17,9,252,169,0,12715.9345703125,156.4942169189453,87.96383666992188,28.24479103088379,13.918903350830078,7.547117710113525,4.666848182678223,3.3218860626220703,2.9203851222991943,2.6431338787078857,2.1815531253814697,1.630346655845642,1.466537356376648,1.3066534996032715,1.2387200593948364,1.0500781536102295,0.9091272354125977,9257.2294921875,80.47711944580078,27.367733001708984,6.98966121673584,3.518350839614868,2.3853814601898193,1.656965732574463,1.5748682022094727,1.3075408935546875
275000,285001,17,9,252,169,1,12710.5810546875,155.6806640625,87.7940902709961,28.237384796142578,13.82596206665039,7.638053894042969,4.299177646636963,3.1136326789855957,2.794022798538208,2.534943103790283,2.2099554538726807,1.5891715288162231,1.4383394718170166,1.2792234420776367,1.0891118049621582,1.0462403297424316,0.9596706628799438,9253.20703125,80.18106842041016,27.21754264831543,7.099085330963135,3.40854811668396,2.10367488861084,1.7445709705352783,1.5124542713165283,1.218176245689392
280000,290001,17,9,254,163,0,13097.4814453125,154.08999633789062,81.0084228515625,25.607755661010742,13.725207328796387,7.397769927978516,4.785366058349609,3.3371646404266357,2.90936541557312,2.5474853515625,2.2715821266174316,1.939321517944336,1.7502284049987793,1.5494226217269897,1.4211926460266113,1.2719252109527588,1.1488487720489502,9534.7998046875,78.80469512939453,23.788785934448242,6.081870079040527,3.362567901611328,2.348078489303589,2.1653826236724854,1.8433902263641357,1.3427845239639282
280000,290001,17,9,254,163,1,13091.6083984375,153.69314575195312,80.4239273071289,25.39894676208496,13.912577629089355,7.350999355316162,4.801591396331787,3.307419538497925,2.787061929702759,2.5857326984405518,2.2464146614074707,1.8908888101577759,1.7495166063308716,1.4981026649475098,1.4151424169540405,1.3255770206451416,1.2347309589385986,9530.8115234375,78.46067810058594,23.75016212463379,5.990493297576904,3.37502384185791,2.45208740234375,2.110267400741577,1.6797186136245728,1.5020949840545654
285000,295001,17,9,254,170,0,13471.9404296875,150.92977905273438,80.05299377441406,27.183496475219727,12.810212135314941,7.239928245544434,4.600606441497803,3.1265311241149902,2.8536078929901123,2.103104829788208,1.99081552028656,1.7461086511611938,1.601256251335144,1.450528621673584,1.2846039533615112,1.1131370067596436,1.0754019021987915,9804.8740234375,74.45835876464844,24.561370849609375,5.43990421295166,3.286957263946533,2.216409683227539,1.7795411348342896,1.6712360382080078,1.3702638149261475
285000,295001,17,9,254,170,1,13465.96484375,148.354248046875,79.27227020263672,27.04987144470215,12.679903984069824,7.426037311553955,4.488893508911133,3.117422580718994,2.4479660987854004,1.9363242387771606,1.8733768463134766,1.7422038316726685,1.499921441078186,1.4099622964859009,1.3870539665222168,1.2311601638793945,1.079201102256775,9800.5126953125,73.44621276855469,24.36042022705078,5.491159439086914,3.148317575454712,2.0226006507873535,1.6925265789031982,1.6136928796768188,1.2963365316390991
290000,300001,17,9,249,167,0,13387.5556640625,174.36207580566406,83.2211685180664,27.661184310913086,12.363215446472168,6.736613750457764,4.406211853027344,2.4311232566833496,2.2219014167785645,1.9451608657836914,1.7504873275756836,1.6311452388763428,1.3236712217330933,1.2209552526474,1.1484836339950562,0.9817504286766052,0.9720258116722107,9734.083984375,81.66812133789062,27.00760269165039,5.640560626983643,2.50199556350708,1.9410923719406128,1.6976100206375122,1.2805370092391968,1.2107290029525757
290000,300001,17,9,249,167,1,13380.876953125,175.37576293945312,83.36660766601562,27.676197052001953,12.420286178588867,6.75971794128418,4.390665054321289,2.3180954456329346,2.1620266437530518,1.7348142862319946,1.6911793947219849,1.4868675470352173,1.4014780521392822,1.331654667854309,1.102748155593872,1.0421979427337646,0.9914804697036743,9729.3291015625,81.89546203613281,27.182720184326172,5.756715774536133,2.4625630378723145,1.8836719989776611,1.699630618095398,1.3013279438018799,1.1178416013717651
295000,305001,17,9,254,184,0,13864.7646484375,154.8638458251953,77.63871002197266,27.266111373901367,13.444901466369629,6.565019607543945,3.9521560668945312,3.4443821907043457,2.8884317874908447,2.2831451892852783,1.93062424659729,1.7450404167175293,1.6618165969848633,1.36620032787323,1.1576144695281982,1.1339231729507446,1.035385251045227,10093.25,77.3552017211914,22.569395065307617,5.657964706420898,3.0858287811279297,2.3243958950042725,1.8385356664657593,1.5318206548690796,1.2666829824447632
295000,305001,17,9,254,184,1,13857.2216796875,156.12692260742188,78.49739074707031,27.685352325439453,13.636003494262695,6.40386962890625,3.8521828651428223,2.977480888366699,2.732163429260254,2.2263567447662354,1.984681487083435,1.7496631145477295,1.6532988548278809,1.3770320415496826,1.2793951034545898,1.1436694860458374,1.1000657081604004,10087.908203125,78.02247619628906,23.07475471496582,5.740762710571289,3.0452656745910645,2.25654935836792,1.8682219982147217,1.5721080303192139,1.2478022575378418
300000,310001,17,9,252,165,0,14095.361328125,152.4859161376953,84.83392333984375,28.350208282470703,13.188361167907715,6.925017833709717,5.137024402618408,3.7017831802368164,3.360656976699829,2.343914270401001,1.5457181930541992,1.4261265993118286,1.38865065574646,1.2705297470092773,1.2065362930297852,1.1493823528289795,0.9852864146232605,10258.814453125,82.86807250976562,24.600072860717773,6.061737060546875,3.528298854827881,2.377669334411621,1.5938163995742798,1.3387160301208496,1.2995399236679077
300000,310001,17,9,252,165,1,14094.41015625,153.04953002929688,84.61312866210938,28.026914596557617,13.263291358947754,6.936863422393799,5.458269119262695,3.7964985370635986,3.651566982269287,2.4899895191192627,1.7944289445877075,1.4909981489181519,1.3947396278381348,1.2806226015090942,1.1911828517913818,1.0042896270751953,0.8675588965415955,10258.158203125,82.12971496582031,24.600107192993164,6.022404193878174,3.5498504638671875,2.5165669918060303,1.8037480115890503,1.543129324913025,1.3173120021820068
305000,315001,17,9,252,182,0,14271.615234375,162.6978759765625,90.21025085449219,26.61068344116211,11.302310943603516,6.470756530761719,3.716235637664795,2.93045973777771,2.715195894241333,2.2435402870178223,1.8878967761993408,1.6282635927200317,1.5028469562530518,1.3821625709533691,1.3000470399856567,1.173916220664978,1.0861209630966187,10383.609375,88.73832702636719,19.541282653808594,6.037140846252441,2.806942939758301,2.3796887397766113,1.6992366313934326,1.4029879570007324,1.2136788368225098
305000,315001,17,9,252,182,1,14261.7138671875,164.2755126953125,91.04721069335938,26.859163284301758,11.39453411102295,6.369857311248779,3.9934263229370117,2.713491916656494,2.517472743988037,1.9748281240463257,1.8061634302139282,1.5629913806915283,1.4975429773330688,1.380667805671692,1.3468017578125,1.2275643348693848,0.9097314476966858,10376.2890625,89.63908386230469,19.85390853881836,5.700015544891357,2.7051591873168945,2.1379199028015137,1.535746693611145,1.4058587551116943,1.021270990371704
310000,320001,17,9,249,172,0,14474.5205078125,143.20558166503906,82.43550109863281,25.193899154663086,11.95629596710205,6.5188069343566895,3.943824529647827,2.8387622833251953,2.753199815750122,2.2404956817626953,1.876172423362732,1.5719035863876343,1.395127773284912,1.3353872299194336,1.1717175245285034,1.164993166923523,0.993962287902832,10526.5078125,76.63240051269531,24.64237403869629,5.537632942199707,3.3996126651763916,2.135906934738159,1.6337865591049194,1.429511547088623,1.1880519390106201
310000,320001,17,9,249,172,1,14469.88671875,142.62155151367188,82.57626342773438,25.204545974731445,12.090822219848633,6.760181903839111,3.9442050457000732,3.1644999980926514,2.7103302478790283,2.4588356018066406,1.6048641204833984,1.5795098543167114,1.4225540161132812,1.2406634092330933,1.1888229846954346,1.1154800653457642,0.9557173848152161,10523.345703125,76.41111755371094,24.962453842163086,5.7337117195129395,3.3749306201934814,2.120173692703247,1.7718788385391235,1.50557541847229,1.2402269840240479
315000,325001,17,9,252,172,0,14810.046875,142.78369140625,85.45785522460938,28.64244270324707,13.554823875427246,6.964120388031006,4.453771114349365,3.200869083404541,2.7439775466918945,2.34181809425354,1.9264713525772095,1.8194180727005005,1.5590271949768066,1.3862764835357666,1.2307053804397583,1.1075408458709717,0.9758709073066711,10781.5546875,73.04344177246094,26.065166473388672,6.016098499298096,2.9703166484832764,2.414628505706787,1.930546522140503,1.2743428945541382,1.0734256505966187
315000,325001,17,9,252,172,1,14805.8974609375,143.05979919433594,85.82450866699219,28.49994659423828,13.595520973205566,6.890328884124756,4.211338996887207,3.0384907722473145,2.8570919036865234,2.266455888748169,1.9104969501495361,1.626977562904358,1.5340567827224731,1.2529313564300537,1.1543558835983276,1.0729460716247559,0.9244081377983093,10778.4794921875,73.265380859375,25.951120376586914,5.869039535522461,2.785550355911255,2.2439067363739014,1.7817766666412354,1.2066152095794678,1.00495445728302
320000,330001,17,9,248,172,0,14943.3681640625,149.17909240722656,78.1202621459961,29.577892303466797,12.268659591674805,6.930730819702148,4.177549362182617,3.2025556564331055,2.719475746154785,1.9461312294006348,1.8152096271514893,1.5575613975524902,1.5062330961227417,1.4031457901000977,1.2025251388549805,0.9355864524841309,0.8326012492179871,10878.06640625,70.41998291015625,25.96402359008789,5.592175483703613,3.1700518131256104,2.378751039505005,1.6762468814849854,1.4761451482772827,1.235974907875061
320000,330001,17,9,248,172,1,14947.634765625,146.5142822265625,77.0231704711914,29.096616744995117,11.704628944396973,6.498860836029053,4.199761867523193,3.2544023990631104,2.8714165687561035,2.084426164627075,1.7948137521743774,1.6139165163040161,1.5646781921386719,1.3339098691940308,1.2786674499511719,1.2027391195297241,0.7991853952407837,10880.9951171875,69.09526824951172,25.349395751953125,5.395630836486816,3.278508424758911,2.3345203399658203,1.6688984632492065,1.4506773948669434,1.270261526107788
325000,335001,17,9,252,178,0,15272.814453125,131.73114013671875,78.59129333496094,26.067686080932617,12.843050003051758,7.455756664276123,4.690959453582764,3.9939212799072266,2.7415053844451904,2.417772054672241,1.9366244077682495,1.9199877977371216,1.59098219871521,1.4221564531326294,1.2280622720718384,1.1527283191680908,1.0001314878463745,11112.4599609375,75.15489959716797,23.077232360839844,6.654430866241455,3.5570929050445557,2.0711798667907715,1.9211981296539307,1.5184752941131592,1.3398425579071045
325000,335001,17,9,252,178,1,15278.2763671875,131.9241943359375,78.91622924804688,26.532325744628906,12.9203519821167,7.422282695770264,4.975036144256592,3.7660562992095947,2.793398141860962,2.4174692630767822,1.924286127090454,1.7603514194488525,1.5878736972808838,1.4700528383255005,1.3996442556381226,1.2530375719070435,1.0611772537231445,11116.591796875,75.23744201660156,23.377450942993164,6.574419975280762,3.4903526306152344,2.2341556549072266,1.965777039527893,1.5239334106445312,1.4777097702026367
330000,340001,17,9,253,182,0,15580.68359375,154.70559692382812,80.94292449951172,25.381071090698242,12.835677146911621,7.094482898712158,3.7529168128967285,2.5756242275238037,2.4498417377471924,2.1302084922790527,1.789644718170166,1.6800488233566284,1.5456238985061646,1.424802541732788,1.2796891927719116,1.0568811893463135,0.9396312832832336,11334.619140625,75.2391128540039,24.674604415893555,5.864401340484619,2.643233299255371,2.139866352081299,1.6137760877609253,1.524296522140503,1.1172553300857544
330000,340001,17,9,253,182,1,15576.390625,155.56690979003906,81.10718536376953,25.35779571533203,12.63064193725586,7.082635879516602,3.897418975830078,2.7936618328094482,2.5804858207702637,1.9808540344238281,1.7347934246063232,1.4940783977508545,1.4464901685714722,1.4051355123519897,1.1937620639801025,1.150038242340088,0.994926929473877,11331.673828125,75.60556030273438,24.824562072753906,5.719755172729492,2.77493953704834,2.1691744327545166,1.6224050521850586,1.4801665544509888,1.265836477279663
335000,345001,17,9,254,180,0,15838.2978515625,166.21624755859375,74.92803192138672,30.718120574951172,15.037552833557129,7.451876163482666,4.239796161651611,3.6692397594451904,3.474827527999878,2.7320706844329834,2.3883728981018066,2.105376958847046,1.7984445095062256,1.5090478658676147,1.3555219173431396,1.3081873655319214,0.9552085399627686,11520.787109375,77.95849609375,27.62145233154297,6.726922035217285,3.385620594024658,2.5032501220703125,2.0125327110290527,1.454265832901001,1.1560606956481934
335000,345001,17,9,254,180,1,15844.052734375,166.05519104003906,74.31147766113281,29.890026092529297,15.103107452392578,7.474734306335449,3.8446013927459717,3.4183290004730225,3.1857972145080566,2.602752208709717,2.2670376300811768,2.1417171955108643,1.766269326210022,1.4640947580337524,1.275473952293396,1.168675422668457,0.9366173148155212,11525.072265625,77.49884033203125,27.57912826538086,6.664055824279785,3.266263961791992,2.433398485183716,2.0221433639526367,1.490435242652893,1.1541049480438232
340000,350001,17,9,248,178,0,15989.9150390625,168.7211151123047,83.9848403930664,31.518508911132812,13.625826835632324,6.903242588043213,4.34448766708374,3.0994369983673096,2.3140532970428467,2.1314899921417236,1.8901523351669312,1.6820999383926392,1.3576208353042603,1.3013203144073486,1.198085904121399,1.1109768152236938,1.020426630973816,11637.357421875,85.73851776123047,25.273822784423828,5.562550067901611,2.9685518741607666,1.861075758934021,1.6863352060317993,1.3824764490127563,1.2700148820877075
340000,350001,17,9,248,178,1,15978.5947265625,171.03309631347656,84.67195892333984,31.258453369140625,13.70985221862793,7.084407329559326,3.9599218368530273,2.9956889152526855,2.694366216659546,2.4337854385375977,1.817671775817871,1.7523982524871826,1.411131739616394,1.3423328399658203,1.1970064640045166,1.119240164756775,1.0338655710220337,11628.9892578125,86.62471771240234,25.247844696044922,5.737307548522949,2.9822561740875244,2.1509385108947754,1.7921736240386963,1.4061826467514038,1.336003303527832
345000,355001,17,9,253,182,0,16520.65234375,137.21063232421875,83.04864501953125,27.18381118774414,13.410579681396484,7.2616424560546875,3.571990489959717,2.884817361831665,2.4791059494018555,2.1503231525421143,1.6469618082046509,1.4870916604995728,1.3480161428451538,1.0761405229568481,1.036354660987854,0.9546964168548584,0.7913782000541687,12019.88671875,75.35455322265625,23.847400665283203,5.670416355133057,3.079883575439453,1.9263197183609009,1.5636059045791626,1.4407310485839844,1.0574418306350708
345000,355001,17,9,253,182,1,16524.822265625,138.0452880859375,83.89630126953125,27.47028350830078,13.339938163757324,6.9900946617126465,3.340181350708008,2.732135772705078,2.6558644771575928,2.2801454067230225,1.5566829442977905,1.4999765157699585,1.346145510673523,1.218186616897583,1.1502708196640015,1.0216867923736572,0.7447329759597778,12023.169921875,75.80123138427734,23.921173095703125,5.482693672180176,2.9034292697906494,1.8621501922607422,1.5607465505599976,1.2865370512008667,1.151776671409607
350000,360001,17,9,252,181,0,16500.75390625,148.79879760742188,86.11164855957031,27.68046760559082,12.984633445739746,7.182734489440918,4.670755386352539,3.918954372406006,2.965080976486206,2.438793182373047,2.2313590049743652,1.7128243446350098,1.6150097846984863,1.4176599979400635,1.2644776105880737,1.0895785093307495,0.8501967191696167,12011.755859375,79.10205078125,25.56104278564453,6.084463596343994,3.333799362182617,2.3489491939544678,2.154975414276123,1.374682903289795,1.0199981927871704
350000,360001,17,9,252,181,1,16496.40234375,148.06414794921875,85.56369018554688,27.51915168762207,12.733277320861816,7.17997407913208,4.849778175354004,4.077304363250732,3.6431405544281006,2.417607307434082,1.9719998836517334,1.769775390625,1.5162626504898071,1.3798458576202393,1.1622021198272705,0.9996263384819031,0.979318380355835,12008.4189453125,79.04718017578125,25.623199462890625,6.375274658203125,3.41536283493042,2.804309606552124,1.9412201642990112,1.408895492553711,1.1009212732315063
355000,365001,17,9,251,179,0,16800.111328125,151.0005645751953,84.72239685058594,27.67613983154297,12.60752010345459,6.318957805633545,5.386894226074219,3.3560781478881836,3.00380277633667,2.246256113052368,1.9846906661987305,1.7097917795181274,1.5331873893737793,1.4170960187911987,1.2289958000183105,1.1109548807144165,0.9199971556663513,12222.830078125,76.86445617675781,26.504295349121094,5.757106304168701,3.773705005645752,2.4274792671203613,1.7615870237350464,1.535240650177002,1.1565543413162231
355000,365001,17,9,251,179,1,16795.349609375,150.1650848388672,84.54803466796875,27.761491775512695,12.24398422241211,6.417779922485352,5.149407386779785,3.6522486209869385,2.981409788131714,2.0095508098602295,1.9947271347045898,1.7949888706207275,1.5598649978637695,1.2444919347763062,1.171107292175293,0.9999370574951172,0.9388133883476257,12219.3701171875,76.94287109375,26.42920684814453,6.004017353057861,3.7621572017669678,2.3942456245422363,1.870278239250183,1.6167395114898682,1.122350811958313
360000,370001,17,9,254,190,0,17191.197265625,150.38641357421875,72.86280822753906,29.203332901000977,12.53875732421875,8.063467025756836,5.336425304412842,4.678507328033447,3.969116687774658,2.4797556400299072,2.2534525394439697,1.7921569347381592,1.7310925722122192,1.4853421449661255,1.292008638381958,1.2171956300735474,1.1402747631072998,12519.7822265625,64.22709655761719,25.814804077148438,7.151067733764648,4.020038604736328,3.3247361183166504,1.7551825046539307,1.514078974723816,1.2329972982406616
360000,370001,17,9,254,190,1,17175.244140625,149.54896545410156,73.1641845703125,28.99031639099121,12.566083908081055,7.820464134216309,5.0889081954956055,4.444141387939453,3.948373317718506,2.4903016090393066,2.10455322265625,1.7229926586151123,1.408186435699463,1.35499906539917,1.2454438209533691,1.147168517112732,0.9990348219871521,12508.318359375,64.07047271728516,25.6846981048584,6.761265277862549,3.998535394668579,3.013345241546631,1.6616936922073364,1.355391025543213,1.2955785989761353
365000,375001,17,9,250,181,0,17459.82421875,161.0381622314453,87.60575103759766,31.252761840820312,11.81607723236084,7.286157608032227,4.223479270935059,3.25480580329895,2.6262094974517822,2.2646162509918213,1.937670111656189,1.6994069814682007,1.5228400230407715,1.3969942331314087,1.283494234085083,1.1016943454742432,0.9104169607162476,12705.1689453125,89.43060302734375,23.99140167236328,6.154024124145508,3.194044828414917,2.4971187114715576,1.7890068292617798,1.5669965744018555,1.2454657554626465
365000,375001,17,9,250,181,1,17444.9375,160.33177185058594,87.79898834228516,31.269006729125977,12.074368476867676,7.251893997192383,4.3410749435424805,3.0513756275177,2.8183393478393555,2.6067960262298584,1.9659860134124756,1.6517817974090576,1.449898600578308,1.4068714380264282,1.1668568849563599,1.084351658821106,1.0059075355529785,12694.3828125,89.5827407836914,24.168502807617188,6.20257043838501,3.3631134033203125,2.139345169067383,1.8060078620910645,1.545824408531189,1.3495216369628906
370000,380001,17,9,251,190,0,17482.20703125,163.25186157226562,85.86663055419922,28.79935073852539,14.261751174926758,6.521175861358643,4.472223281860352,3.507929801940918,2.3506851196289062,2.199289083480835,2.072521924972534,1.9327826499938965,1.7572247982025146,1.5030299425125122,1.3855187892913818,1.1921244859695435,1.1063023805618286,12725.09375,81.35964965820312,26.550094604492188,5.864043712615967,3.3530402183532715,2.2409443855285645,2.029186964035034,1.7014424800872803,1.4018744230270386
370000,380001,17,9,251,190,1,17482.21484375,161.65599060058594,86.09392547607422,28.745384216308594,14.260608673095703,6.629878997802734,4.206721305847168,3.2780919075012207,2.5040700435638428,2.1605823040008545,2.075517177581787,1.6794273853302002,1.3738682270050049,1.2557412385940552,1.1898903846740723,1.166476845741272,0.9424208998680115,12724.8544921875,81.07635498046875,26.23106575012207,5.695084095001221,3.3940117359161377,2.2837347984313965,1.7498942613601685,1.561020851135254,1.23770010471344
375000,385001,17,9,253,179,0,17872.04296875,134.0291290283203,79.02012634277344,26.01671600341797,12.151702880859375,6.388116359710693,3.7378451824188232,2.5401840209960938,2.2825284004211426,1.812008261680603,1.6254218816757202,1.5112420320510864,1.2306509017944336,1.1011009216308594,0.9338105916976929,0.8644964694976807,0.6856805086135864,13005.46875,66.8836669921875,26.850831985473633,5.298542499542236,2.6417858600616455,2.067962884902954,1.534494400024414,1.156964898109436,1.0672192573547363
375000,385001,17,9,253,179,1,17862.263671875,134.22879028320312,78.88252258300781,26.063364028930664,12.06203556060791,6.587828636169434,3.8647639751434326,2.732344388961792,2.526139736175537,1.9961156845092773,1.5947445631027222,1.5260140895843506,1.3008496761322021,1.0018693208694458,0.9595982432365417,0.8951742649078369,0.8676108717918396,12998.291015625,66.94470977783203,26.696626663208008,5.216179370880127,2.961491346359253,2.162065267562866,1.6154649257659912,1.0935945510864258,0.9268388152122498
380000,390001,17,9,252,188,0,18136.1640625,156.47686767578125,82.3974609375,29.520835876464844,12.599248886108398,7.2034687995910645,3.8304176330566406,2.8892223834991455,2.619393825531006,2.0637142658233643,1.8867428302764893,1.6024988889694214,1.518685221672058,1.37155282497406,1.2010101079940796,1.1514092683792114,0.9266520738601685,13197.74609375,80.11632537841797,23.82658576965332,5.9187331199646,3.05134916305542,2.025690793991089,1.8861515522003174,1.5062893629074097,1.0525288581848145
380000,390001,17,9,252,188,1,18130.7421875,155.1614990234375,81.72644805908203,29.576946258544922,12.298117637634277,6.98443603515625,3.851597309112549,3.1018002033233643,2.6684138774871826,2.15590763092041,1.8303477764129639,1.7458488941192627,1.482933759689331,1.399895191192627,1.3041255474090576,1.1569414138793945,1.0123813152313232,13193.81640625,79.86779022216797,23.817594528198242,5.865987777709961,2.9137279987335205,1.9612385034561157,1.8540757894515991,1.3628844022750854,1.2026596069335938
385000,395001,17,9,252,182,0,18322.275390625,136.62698364257812,79.9486083984375,27.276622772216797,12.795565605163574,7.769387245178223,4.249517917633057,2.9286043643951416,2.673758029937744,2.4074690341949463,2.0622549057006836,1.8464264869689941,1.697835922241211,1.323169469833374,1.3056399822235107,1.1879620552062988,1.0416735410690308,13332.439453125,73.12525177001953,22.276639938354492,6.402389049530029,2.9773151874542236,2.234696388244629,1.8272316455841064,1.5374120473861694,1.2731789350509644
385000,395001,17,9,252,182,1,18325.935546875,135.25425720214844,79.23282623291016,27.15723419189453,12.899864196777344,7.481558322906494,4.240910053253174,2.912773609161377,2.71663236618042,2.197542428970337,1.9152789115905762,1.7389731407165527,1.4959111213684082,1.3074100017547607,1.18761146068573,1.0026984214782715,0.9040616154670715,13335.1845703125,72.4197998046875,22.086687088012695,6.330012798309326,2.9501914978027344,2.0099711418151855,1.7309881448745728,1.390804409980774,1.3231925964355469
390000,400001,17,9,254,185,0,18735.033203125,143.64157104492188,84.88075256347656,26.910888671875,12.251006126403809,7.228792190551758,3.896237373352051,3.4257214069366455,2.9963202476501465,2.578145742416382,2.0401077270507812,1.8815171718597412,1.742751955986023,1.471710443496704,1.256402611732483,1.1074926853179932,0.9607465267181396,13635.576171875,77.38975524902344,23.04467010498047,6.277095317840576,3.1660406589508057,2.612060308456421,2.1570563316345215,1.3773105144500732,1.2322274446487427
390000,400001,17,9,254,185,1,18740.525390625,142.6612091064453,83.97013854980469,26.33087158203125,12.039017677307129,7.140773296356201,4.169628143310547,3.7431018352508545,2.7500579357147217,2.564605712890625,2.2090039253234863,1.805712103843689,1.593810796737671,1.4127894639968872,1.3776862621307373,1.1193643808364868,0.81522536277771,13639.6259765625,76.89371490478516,22.535430908203125,6.295848369598389,3.257140636444092,2.6500561237335205,2.325787305831909,1.4311530590057373,1.2068876028060913
395000,405001,17,9,250,183,0,18737.33984375,128.7089080810547,87.71047973632812,26.809268951416016,13.450201034545898,7.593615531921387,4.199939250946045,3.180140733718872,2.767606258392334,2.126782178878784,1.9527006149291992,1.6407439708709717,1.4020110368728638,1.3827369213104248,1.3127440214157104,1.1450228691101074,1.010115385055542,13623.78515625,75.27548217773438,26.489749908447266,6.151459217071533,3.171478509902954,2.109865427017212,1.6507608890533447,1.3745251893997192,1.2153818607330322
395000,405001,17,9,250,183,1,18731.80859375,126.96349334716797,87.86003875732422,27.011659622192383,13.925421714782715,7.54840087890625,4.13836145401001,2.631286859512329,2.429979085922241,2.1843254566192627,2.0948588848114014,1.7839679718017578,1.5830658674240112,1.5049800872802734,1.2780965566635132,1.2435204982757568,1.1280347108840942,13619.8662109375,75.08301544189453,26.672935485839844,6.1948723793029785,3.1415207386016846,1.9788415431976318,1.6403169631958008,1.411521077156067,1.231810450553894
400000,410001,17,9,252,191,0,19153.546875,162.6165771484375,84.09174346923828,29.772180557250977,14.633676528930664,7.611420154571533,5.345611095428467,3.1513490676879883,2.9332454204559326,2.3130996227264404,1.8331373929977417,1.7248520851135254,1.424425482749939,1.2805507183074951,1.199855089187622,1.078590750694275,1.0230036973953247,13938.7880859375,77.11009979248047,30.507970809936523,6.869436740875244,3.4644384384155273,2.2559266090393066,1.7485190629959106,1.5352058410644531,1.1562813520431519
400000,410001,17,9,252,191,1,19149.2109375,161.66661071777344,84.12907409667969,29.353994369506836,14.980856895446777,7.296940803527832,5.011883735656738,3.0915145874023438,3.0062432289123535,2.45386004447937,2.0262551307678223,1.662254810333252,1.5568312406539917,1.3497956991195679,1.1613372564315796,1.1066217422485352,0.9323039650917053,13935.568359375,76.69981384277344,30.43708038330078,6.646519660949707,3.3355777263641357,2.330313205718994,1.903510332107544,1.6713799238204956,0.9767114520072937
405000,415001,17,9,248,196,0,19257.03515625,144.09762573242188,84.42979431152344,29.22992515563965,12.640584945678711,7.493326663970947,4.338492393493652,3.1138851642608643,2.6186161041259766,1.8186814785003662,1.6899794340133667,1.6009584665298462,1.2210273742675781,1.1719075441360474,1.105603814125061,0.9144258499145508,0.8002924919128418,14018.4482421875,77.50508880615234,25.91602325439453,5.815647125244141,3.265571355819702,2.009002208709717,1.5575971603393555,1.2616760730743408,0.9923796057701111
405000,415001,17,9,248,196,1,19261.875,144.1992950439453,84.18671417236328,29.019853591918945,12.533863067626953,7.581219673156738,4.347679138183594,2.959172010421753,2.3421740531921387,1.9471495151519775,1.8109371662139893,1.5809767246246338,1.397976279258728,1.3467299938201904,1.172186255455017,1.0480272769927979,0.8820184469223022,14021.8271484375,77.35968017578125,25.870824813842773,5.866607189178467,3.2471349239349365,1.8614368438720703,1.673930048942566,1.332820177078247,0.9116697907447815
410000,420001,17,9,254,197,0,19759.03515625,131.08184814453125,79.6584243774414,26.720325469970703,13.435297012329102,7.223047733306885,3.5820822715759277,3.4702014923095703,3.13822078704834,2.641150951385498,2.0049750804901123,1.7045724391937256,1.6730358600616455,1.4749560356140137,1.3710275888442993,1.2629467248916626,1.0999444723129272,14379.150390625,72.5155029296875,22.869314193725586,5.963924884796143,3.242178440093994,2.714592695236206,1.7250301837921143,1.6026147603988647,1.3031506538391113
410000,420001,17,9,254,197,1,19748.177734375,132.658447265625,79.49021911621094,27.03565788269043,13.1844482421875,7.13096284866333,3.7353322505950928,3.536106586456299,3.1843295097351074,2.35336971282959,1.9247726202011108,1.7370364665985107,1.5691680908203125,1.3912272453308105,1.311029314994812,1.2159780263900757,1.1061333417892456,14371.5224609375,72.74629974365234,22.940635681152344,6.084185600280762,3.194253921508789,2.756103515625,1.9171967506408691,1.4945642948150635,1.2640854120254517
415000,425001,17,9,245,186,0,19607.54296875,151.6183624267578,75.25740051269531,27.85643768310547,13.472935676574707,6.991483688354492,4.159512042999268,3.1943039894104004,3.010288715362549,2.157557249069214,2.0480644702911377,1.6322834491729736,1.4309319257736206,1.3379839658737183,1.2298892736434937,1.059820294380188,0.8746641874313354,14262.4150390625,74.55992889404297,25.9862117767334,5.824972629547119,3.0424113273620605,2.4098422527313232,1.6139897108078003,1.433798909187317,1.0723835229873657
415000,425001,17,9,245,186,1,19612.244140625,150.33360290527344,75.32919311523438,27.581771850585938,13.336861610412598,6.877701282501221,4.074081897735596,3.5292344093322754,2.53348708152771,2.1595160961151123,1.8413861989974976,1.6977262496948242,1.535433292388916,1.3297386169433594,1.2456436157226562,0.9810321927070618,0.831598699092865,14266.1826171875,74.23957061767578,25.752235412597656,5.823798179626465,2.78719425201416,2.0521512031555176,1.7074179649353027,1.5668909549713135,1.0841004848480225
420000,430001,17,9,254,189,0,20500.28515625,152.4850616455078,87.26612854003906,30.477123260498047,12.483795166015625,7.7581024169921875,3.7623980045318604,2.993675947189331,2.793924331665039,2.053886890411377,1.7598295211791992,1.6287815570831299,1.5286264419555664,1.3526219129562378,1.0904802083969116,1.0389233827590942,0.8440053462982178,14909.57421875,82.48374938964844,25.892414093017578,6.006258010864258,2.808535099029541,2.148632287979126,1.5941358804702759,1.490714192390442,1.109360694885254
420000,430001,17,9,254,189,1,20500.724609375,152.90646362304688,86.82869720458984,29.903377532958984,12.206612586975098,7.752799987792969,3.9425411224365234,2.944911241531372,2.7389912605285645,2.001944065093994,1.7205463647842407,1.6004317998886108,1.5006630420684814,1.1352977752685547,1.0765854120254517,1.009622573852539,0.890844464302063,14909.7978515625,81.37164306640625,25.604480743408203,6.196585655212402,2.7642123699188232,2.1153228282928467,1.6300299167633057,1.2411001920700073,1.0935782194137573
425000,435001,17,9,249,186,0,20462.001953125,157.3478240966797,80.38026428222656,26.94502830505371,15.544576644897461,7.575973033905029,4.898885726928711,3.586549758911133,2.9997048377990723,2.1325528621673584,1.958480715751648,1.6115854978561401,1.41863214969635,1.3057175874710083,1.228060245513916,1.0038847923278809,0.9021872878074646,14889.6728515625,76.56702423095703,26.625978469848633,6.676350116729736,3.8365185260772705,2.5423264503479004,1.9964637756347656,1.4321143627166748,1.2919135093688965
425000,435001,17,9,249,186,1,20459.388671875,158.20480346679688,80.53407287597656,26.988168716430664,15.404354095458984,7.618900775909424,4.789383411407471,3.575817823410034,3.30047345161438,2.454773426055908,2.0524585247039795,1.5906002521514893,1.537161946296692,1.4729012250900269,1.358524203300476,1.1133321523666382,0.9327054023742676,14887.4501953125,77.00691986083984,26.55253028869629,6.944825649261475,3.839958906173706,2.612750291824341,2.0150864124298096,1.5756243467330933,1.4036494493484497
430000,440001,17,9,249,192,0,20562.224609375,137.51138305664062,87.29547119140625,28.56077003479004,13.169960021972656,6.937198162078857,4.241015911102295,2.9562883377075195,2.5412259101867676,2.07582950592041,1.8852732181549072,1.7444638013839722,1.558034896850586,1.3649765253067017,1.1822293996810913,1.0726436376571655,0.9397541284561157,14963.6220703125,74.47886657714844,27.3344669342041,6.156301021575928,2.959702491760254,2.161193370819092,1.9447494745254517,1.3591006994247437,1.026962399482727
430000,440001,17,9,249,192,1,20574.814453125,135.41537475585938,85.41413116455078,27.242246627807617,12.541038513183594,6.889387130737305,4.283415794372559,2.851569414138794,2.6756505966186523,2.309237241744995,1.7669892311096191,1.436206340789795,1.4122607707977295,1.2316135168075562,1.0736942291259766,1.017227292060852,0.9728793501853943,14972.720703125,72.7435073852539,26.422805786132812,5.94266939163208,3.040318250656128,2.2229409217834473,1.899318814277649,1.479246973991394,1.0538867712020874
435000,445001,17,9,252,195,0,21051.52734375,122.18789672851562,82.88255310058594,24.66379737854004,11.564004898071289,6.92079496383667,4.722733020782471,3.6158440113067627,2.4283576011657715,2.0979130268096924,1.912289023399353,1.618034839630127,1.4712949991226196,1.4077547788619995,1.2245579957962036,0.9633066058158875,0.9058992266654968,15319.9296875,73.32061767578125,23.035114288330078,5.626124858856201,3.4070262908935547,2.258530378341675,1.9424585103988647,1.5234678983688354,1.1529786586761475
435000,445001,17,9,252,195,1,21047.759765625,123.26763916015625,83.5952377319336,24.551366806030273,11.668437004089355,6.963944911956787,4.760739803314209,3.7062058448791504,2.501293659210205,2.2028515338897705,1.9787448644638062,1.6008816957473755,1.4657248258590698,1.3829978704452515,1.1812589168548584,1.1071218252182007,1.0654093027114868,15317.0888671875,73.75827026367188,23.182287216186523,5.779819011688232,3.471522569656372,2.434007167816162,1.9511117935180664,1.4009490013122559,1.2306125164031982
440000,450001,17,9,251,192,0,21202.611328125,131.43748474121094,82.89214324951172,27.308124542236328,12.69233226776123,7.93522834777832,4.640423774719238,3.222080707550049,2.3337085247039795,2.0520389080047607,1.857964038848877,1.5033166408538818,1.3840340375900269,1.3559595346450806,1.1645197868347168,1.0440415143966675,0.8908522725105286,15423.55859375,70.54112243652344,25.919151306152344,7.210249423980713,3.259437084197998,2.4130733013153076,1.8098558187484741,1.248069405555725,1.179368257522583
440000,450001,17,9,251,192,1,21208.185546875,132.1180419921875,83.16938018798828,27.653364181518555,12.971118927001953,8.378676414489746,4.333130836486816,2.9972100257873535,2.501230478286743,2.125415802001953,1.82789945602417,1.518503189086914,1.4479767084121704,1.3520324230194092,1.078547477722168,0.9258993864059448,0.830071210861206,15427.484375,70.86579132080078,25.8150691986084,7.4548749923706055,3.2032933235168457,2.370509386062622,1.717565894126892,1.317805528640747,1.1640599966049194
445000,455001,17,9,252,178,0,21748.267578125,150.3795623779297,84.38373565673828,29.855558395385742,13.613574981689453,7.636329174041748,4.573576927185059,3.4433841705322266,3.404468297958374,2.2653262615203857,1.7048264741897583,1.6647648811340332,1.5767287015914917,1.3186379671096802,1.2211049795150757,0.9294635057449341,0.9205335378646851,15836.990234375,78.69672393798828,23.556427001953125,5.8318562507629395,3.1432406902313232,2.4288055896759033,1.645355463027954,1.3437998294830322,1.036890983581543
445000,455001,17,9,252,178,1,21736.771484375,148.46859741210938,83.32878875732422,29.135013580322266,13.396512985229492,7.514061450958252,4.693503379821777,4.033187389373779,3.284874200820923,2.1668519973754883,1.8987172842025757,1.7583236694335938,1.6291083097457886,1.3370343446731567,1.1885353326797485,0.9775324463844299,0.8991345763206482,15828.5478515625,77.70320892333984,23.045286178588867,5.876681327819824,3.5424094200134277,2.7221860885620117,1.7966258525848389,1.3854880332946777,1.1020474433898926
450000,460001,17,9,255,195,0,22045.3125,141.45814514160156,90.54904174804688,27.507070541381836,13.915275573730469,7.306055068969727,4.736245155334473,3.243802547454834,2.687128782272339,2.3032102584838867,2.1186392307281494,1.857810139656067,1.6411532163619995,1.5206634998321533,1.3793386220932007,1.00654137134552,0.8890337347984314,16046.470703125,80.72039794921875,24.775470733642578,5.957057476043701,3.137355089187622,2.1816868782043457,1.9462467432022095,1.2011045217514038,1.0665310621261597
450000,460001,17,9,255,195,1,22046.80859375,140.31813049316406,90.01182556152344,27.348939895629883,13.866643905639648,7.293298244476318,4.859417915344238,3.041245222091675,2.929839611053467,2.3563411235809326,2.120339870452881,1.6758304834365845,1.5984711647033691,1.4444688558578491,1.0971373319625854,1.0126630067825317,0.932579755783081,16047.6376953125,80.23423767089844,24.65707015991211,6.056166648864746,3.034325122833252,2.2871110439300537,1.7587428092956543,1.2643142938613892,1.0156290531158447
455000,465001,17,9,252,203,0,21781.326171875,129.4115447998047,84.77973175048828,25.842103958129883,12.905655860900879,8.662163734436035,6.00782585144043,3.3719372749328613,3.0337557792663574,2.699815273284912,2.1829521656036377,2.031301975250244,1.8338878154754639,1.4623335599899292,1.3532938957214355,1.2597286701202393,1.076923131942749,15840.3681640625,76.09257507324219,25.282115936279297,7.690673351287842,3.7698686122894287,2.4693291187286377,2.2703216075897217,1.7932384014129639,1.428600549697876
455000,465001,17,9,252,203,1,21790.630859375,130.74371337890625,85.10865020751953,25.633663177490234,12.816896438598633,8.472772598266602,6.276028156280518,3.174387216567993,3.0339744091033936,2.420539617538452,2.2017300128936768,1.9899357557296753,1.7395952939987183,1.5649549961090088,1.441008448600769,1.259458065032959,1.1452230215072632,15847.158203125,76.48226165771484,25.675474166870117,7.811666011810303,3.449240207672119,2.458710193634033,2.2738165855407715,1.8015681505203247,1.4979143142700195
460000,470001,17,9,250,195,0,22528.94140625,134.74362182617188,80.94361877441406,26.795597076416016,13.984585762023926,7.79645299911499,4.911447048187256,4.136892318725586,3.2597339153289795,2.532752275466919,2.151498317718506,2.0626606941223145,1.8338192701339722,1.6457844972610474,1.4402153491973877,1.2850005626678467,1.2603590488433838,16403.4140625,76.74280548095703,24.6663818359375,6.109231472015381,3.754884958267212,2.8253767490386963,2.256544828414917,1.9784654378890991,1.2870543003082275
460000,470001,17,9,250,195,1,22516.701171875,137.64588928222656,81.61066436767578,27.554386138916016,14.025097846984863,7.981049060821533,4.948862075805664,3.8226301670074463,3.285127878189087,2.723792791366577,2.2687344551086426,2.14846134185791,2.099433660507202,1.7315804958343506,1.6564195156097412,1.3110471963882446,1.181962490081787,16394.458984375,77.88213348388672,24.789453506469727,6.45886754989624,3.5673136711120605,3.1923484802246094,2.2270138263702393,2.0948808193206787,1.4365386962890625
465000,475001,17,9,254,196,0,22509.71484375,131.1259002685547,82.93710327148438,26.292749404907227,11.985919952392578,7.34197998046875,5.267528533935547,4.560245513916016,3.327573776245117,2.3554768562316895,2.2074389457702637,1.8658273220062256,1.474730134010315,1.3634648323059082,1.2240833044052124,1.060950756072998,0.9382497668266296,16382.55859375,73.05619049072266,25.19659996032715,5.952858924865723,3.607983350753784,2.76680588722229,2.1102495193481445,1.5756043195724487,1.3745125532150269
465000,475001,17,9,254,196,1,22509.81640625,132.49537658691406,82.56246185302734,26.34344482421875,11.952902793884277,7.4555983543396,5.317373275756836,4.068328380584717,3.0515568256378174,2.4676673412323,2.1613879203796387,1.7959753274917603,1.531995415687561,1.351222038269043,1.1594396829605103,1.0996297597885132,0.8983590602874756,16382.3623046875,73.04098510742188,25.01921272277832,5.985068321228027,3.345121145248413,2.6641299724578857,2.241837739944458,1.507493257522583,1.3023005723953247
470000,480001,17,9,252,200,0,22837.728515625,151.97979736328125,83.20061492919922,27.682748794555664,13.455255508422852,8.356337547302246,5.5284647941589355,4.416694641113281,3.3570878505706787,2.7410356998443604,2.2429685592651367,1.8479771614074707,1.7190016508102417,1.3427402973175049,1.2501662969589233,1.1365190744400024,0.9991140365600586,16627.71484375,82.0893783569336,22.78921127319336,7.427846431732178,3.6029961109161377,2.751173257827759,2.566770553588867,1.5927274227142334,1.1986509561538696
470000,480001,17,9,252,200,1,22837.658203125,151.26437377929688,82.88175201416016,28.081789016723633,13.074617385864258,8.482893943786621,6.026547431945801,4.395789623260498,3.3813605308532715,2.787370443344116,2.3035974502563477,1.9368337392807007,1.8097014427185059,1.662994384765625,1.3957982063293457,1.2614935636520386,0.8858305215835571,16627.794921875,81.93426513671875,22.94770622253418,7.485682964324951,3.7516393661499023,2.6538290977478027,2.472229480743408,1.795360803604126,1.2208898067474365
475000,485001,17,9,251,194,0,23228.5859375,147.78701782226562,84.20812225341797,27.994749069213867,13.26701831817627,7.31624698638916,5.118165969848633,4.504998207092285,3.648266077041626,2.8178186416625977,2.5157711505889893,2.113024950027466,1.697985291481018,1.6294482946395874,1.325958251953125,1.1828540563583374,0.9965829849243164,16900.255859375,81.86688995361328,24.38298225402832,6.13238000869751,4.483484745025635,2.6618523597717285,1.9812712669372559,1.8198444843292236,1.6201465129852295
475000,485001,17,9,251,194,1,23224.12890625,143.75808715820312,82.8508071899414,27.293258666992188,13.019083976745605,6.855157375335693,4.8256330490112305,4.066515922546387,2.9836678504943848,2.4028689861297607,2.162602424621582,1.8670209646224976,1.5284357070922852,1.3968353271484375,1.1993764638900757,1.0367845296859741,0.9782316088676453,16897.29296875,80.08941650390625,23.760604858398438,5.752500534057617,4.045027732849121,2.148564100265503,1.9514687061309814,1.725492238998413,1.3125782012939453
480000,490001,17,9,255,196,0,23673.759765625,156.9603729248047,80.46843719482422,29.865243911743164,13.548970222473145,7.628485679626465,5.730033874511719,3.5320630073547363,2.6681995391845703,2.454451560974121,2.041782855987549,1.953424096107483,1.788965106010437,1.4292207956314087,1.3823051452636719,1.3030495643615723,1.2969167232513428,17236.580078125,77.89175415039062,24.839675903320312,6.6402177810668945,3.3837316036224365,2.7953851222991943,1.9547019004821777,1.8020484447479248,1.6160686016082764
480000,490001,17,9,255,196,1,23690.716796875,155.07196044921875,79.85633087158203,29.843564987182617,13.177781105041504,7.499341011047363,5.694969654083252,4.550515651702881,2.5486807823181152,2.4514286518096924,2.1237683296203613,1.8028311729431152,1.5694575309753418,1.4739923477172852,1.3325507640838623,1.1611676216125488,1.1230590343475342,17248.857421875,76.83065032958984,24.522815704345703,6.6821441650390625,3.918848752975464,2.9509661197662354,1.7844229936599731,1.698796033859253,1.3065547943115234
485000,495001,17,9,249,195,0,23402.3359375,139.98944091796875,83.47846221923828,26.279006958007812,13.90679931640625,7.524882793426514,4.2051496505737305,3.442976474761963,3.3872861862182617,2.6780474185943604,2.1028051376342773,1.769938588142395,1.5460065603256226,1.274269700050354,1.2202008962631226,1.1562161445617676,0.996200680732727,17035.859375,75.09400177001953,27.032958984375,6.429396152496338,3.1399707794189453,2.6072564125061035,2.3299379348754883,1.620187759399414,1.2292888164520264
485000,495001,17,9,249,195,1,23394.974609375,142.21754455566406,84.24700927734375,26.12485694885254,13.88969612121582,7.276983261108398,4.137725353240967,3.3173484802246094,3.1019797325134277,2.593306303024292,1.7560402154922485,1.4969959259033203,1.3200054168701172,1.1887552738189697,1.0909277200698853,0.9978266954421997,0.814724326133728,17030.4375,76.0486068725586,27.090883255004883,6.201455593109131,2.859273910522461,2.4486913681030273,2.1852056980133057,1.2011260986328125,1.138853669166565
490000,500001,17,9,253,202,0,23972.767578125,131.88247680664062,92.27906036376953,28.765409469604492,17.35808753967285,9.964082717895508,6.647902965545654,4.702774524688721,3.972209930419922,3.6092467308044434,2.795301914215088,2.6547133922576904,2.209362268447876,2.0551514625549316,1.914694905281067,1.723228931427002,1.5490143299102783,17439.529296875,82.14218139648438,27.758251190185547,8.597074508666992,4.519650936126709,3.0576717853546143,2.853633403778076,2.2465806007385254,1.6507995128631592
490000,500001,17,9,253,202,1,23979.994140625,131.22134399414062,92.16463470458984,28.58810043334961,17.316856384277344,9.89360237121582,6.527143955230713,4.638335227966309,3.8874573707580566,3.5285236835479736,2.785940647125244,2.562016010284424,2.295504331588745,1.9445881843566895,1.8025795221328735,1.6286011934280396,1.5669289827346802,17444.7265625,82.34822845458984,28.089555740356445,8.634690284729004,4.479187488555908,3.1438100337982178,2.847282648086548,2.0429375171661377,1.7845009565353394
495000,505001,17,9,251,200,0,24423.88671875,135.91102600097656,93.44033813476562,29.597091674804688,16.06128692626953,12.114128112792969,7.765824317932129,5.831197261810303,5.255889892578125,3.7512145042419434,3.121821165084839,2.443335771560669,2.3791661262512207,2.1619303226470947,1.9538642168045044,1.6334367990493774,1.5149590969085693,17777.75390625,80.58248138427734,29.543582916259766,9.695408821105957,4.867523193359375,3.7630505561828613,3.0493972301483154,2.001234292984009,1.7747188806533813
495000,505001,17,9,251,200,1,24426.474609375,134.75767517089844,92.43184661865234,29.274215698242188,15.88875675201416,11.92933464050293,7.714156627655029,5.48002290725708,4.921179294586182,3.8416829109191895,2.942958354949951,2.3370072841644287,2.1270101070404053,2.051046848297119,1.9222396612167358,1.7168954610824585,1.575501799583435,17779.66015625,80.19178009033203,28.95958709716797,9.704474449157715,4.819577693939209,3.6963536739349365,2.8311853408813477,2.0778872966766357,1.83234441280365
500000,510001,17,9,251,201,0,25417.56640625,150.91207885742188,99.18614959716797,34.74822235107422,18.932289123535156,13.0962495803833,9.638053894042969,6.287341594696045,5.085472106933594,4.625195026397705,3.7228002548217773,3.213104248046875,2.4958722591400146,2.2940893173217773,2.189845323562622,1.7283579111099243,1.677072286605835,18508.93359375,89.87310791015625,32.63245391845703,11.202140808105469,6.665677547454834,4.022391319274902,3.37321138381958,2.436058521270752,2.0577831268310547
500000,510001,17,9,251,201,1,25405.673828125,152.98049926757812,99.3956069946289,34.63824462890625,18.650678634643555,13.363807678222656,9.396695137023926,5.698798656463623,5.1656494140625,3.9592502117156982,3.548410654067993,3.162867307662964,2.724013328552246,2.2018325328826904,2.0910258293151855,1.9066022634506226,1.526336669921875,18499.685546875,90.24459838867188,32.1281623840332,11.174159049987793,6.622149467468262,3.870124340057373,3.1861214637756348,2.6172897815704346,2.0181846618652344
505000,515001,17,9,252,200,0,26392.078125,158.8477783203125,101.83287811279297,32.932823181152344,21.294221878051758,13.237325668334961,7.960352420806885,5.387017726898193,4.4997172355651855,4.009631633758545,3.6349494457244873,2.918195962905884,2.771371364593506,2.4689619541168213,2.310321807861328,2.003934383392334,1.8065683841705322,19206.3828125,91.50543975830078,33.88054275512695,10.002516746520996,5.81926155090332,3.467360734939575,3.2160720825195312,2.791776418685913,2.4228429794311523
505000,515001,17,9,252,200,1,26393.84765625,160.39932250976562,103.161865234375,33.78291702270508,21.561931610107422,13.268770217895508,7.679590225219727,5.569324016571045,4.490161418914795,4.2664971351623535,3.525325059890747,2.8463900089263916,2.7187840938568115,2.466681718826294,2.2734100818634033,2.102755546569824,1.9700520038604736,19208.443359375,92.70336151123047,33.9849739074707,10.053146362304688,5.4131975173950195,3.5458500385284424,3.2304539680480957,2.5859265327453613,2.2843210697174072
510000,520001,17,9,246,203,0,26731.3359375,171.4178466796875,100.99156951904297,38.32635498046875,23.045217514038086,13.434870719909668,9.923797607421875,7.43322229385376,6.048874378204346,5.0213303565979,4.737128257751465,4.096052646636963,3.6167068481445312,3.2722320556640625,2.9622232913970947,2.517500400543213,2.306379556655884,19465.736328125,87.80772399902344,31.311355590820312,10.697798728942871,6.286482810974121,4.9954833984375,4.220344066619873,3.663580894470215,2.4250965118408203
510000,520001,17,9,246,203,1,26736.513671875,171.7722625732422,101.47480773925781,37.596435546875,23.223670959472656,13.516151428222656,10.011240005493164,7.386586666107178,5.870007514953613,5.5709662437438965,4.774566650390625,3.546079397201538,3.3775243759155273,3.294705390930176,2.9668452739715576,2.599067449569702,2.5394694805145264,19469.5234375,87.69916534423828,31.60283660888672,10.697412490844727,6.279484272003174,5.778081893920898,4.103066921234131,3.1497914791107178,2.8294472694396973
515000,525001,17,9,251,200,0,27794.37890625,175.4059600830078,100.24319458007812,43.22047805786133,21.753252029418945,16.11715316772461,10.014331817626953,7.131225109100342,6.1523356437683105,4.895961284637451,4.150370121002197,3.894706964492798,3.7390313148498535,3.035573959350586,2.565545082092285,2.3784255981445312,2.082838296890259,20239.94921875,93.29891204833984,39.438804626464844,14.187809944152832,6.986400127410889,5.203833103179932,4.12424373626709,3.0976288318634033,2.645699977874756
515000,525001,17,9,251,200,1,27789.736328125,174.14199829101562,100.5868148803711,42.53266525268555,21.054397583007812,17.248043060302734,10.066106796264648,7.31601095199585,6.300534248352051,5.566316604614258,4.883912086486816,4.045775890350342,3.63310170173645,3.2308976650238037,2.774639844894409,2.615017890930176,2.2116098403930664,20236.935546875,93.22270965576172,38.82044982910156,15.188591003417969,7.367736339569092,5.8795576095581055,4.630917549133301,3.722212076187134,2.8525338172912598
520000,530001,17,9,255,205,0,28731.548828125,167.40069580078125,109.08682250976562,39.719871520996094,22.1650390625,14.517309188842773,9.920884132385254,7.499091625213623,6.381207466125488,6.053228855133057,5.374700546264648,5.110980987548828,4.595617294311523,3.84480619430542,3.6381444931030273,3.470594882965088,3.2550132274627686,20926.068359375,97.86936950683594,34.496402740478516,13.58549976348877,7.44875955581665,6.063861846923828,5.699360370635986,4.876818656921387,3.4835751056671143
520000,530001,17,9,255,205,1,28724.51953125,167.7579345703125,108.21983337402344,38.941856384277344,21.70003890991211,13.689269065856934,9.672557830810547,7.565107822418213,6.235673904418945,5.728414058685303,5.229597091674805,4.482265472412109,4.150489330291748,3.7272958755493164,3.5437374114990234,3.158597707748413,2.999342441558838,20921.927734375,96.91917419433594,34.187744140625,12.554620742797852,7.2457594871521,6.11576509475708,5.550451755523682,3.9668736457824707,3.2367992401123047
525000,535001,17,9,256,213,0,28997.345703125,157.96337890625,100.95648956298828,39.61122512817383,19.85025405883789,13.688653945922852,10.260091781616211,8.555974006652832,7.333117485046387,6.083649158477783,5.641480922698975,4.842942714691162,4.720003128051758,4.015857696533203,3.1294302940368652,2.976386308670044,2.7322864532470703,21117.765625,88.24253845214844,29.310823440551758,11.073508262634277,7.818021297454834,5.911383628845215,5.120951175689697,3.4590539932250977,3.063443660736084
525000,535001,17,9,256,213,1,29002.013671875,160.11351013183594,101.34819030761719,40.43281173706055,18.886573791503906,12.595258712768555,9.552641868591309,7.752802848815918,6.734762191772461,5.887329578399658,5.200393199920654,4.488894939422607,3.7253003120422363,3.2646467685699463,3.1994993686676025,2.910759210586548,2.5513217449188232,21121.341796875,88.79828643798828,29.352535247802734,10.563570976257324,6.787838459014893,5.147671699523926,4.86093282699585,3.534943103790283,2.9885034561157227
530000,540001,17,9,253,203,0,29529.958984375,169.69847106933594,104.97869873046875,37.303321838378906,20.123512268066406,13.275586128234863,8.720012664794922,6.185667514801025,5.742834568023682,5.211132526397705,4.838151454925537,3.5057456493377686,3.311929702758789,3.093618869781494,2.8526997566223145,2.596463918685913,2.3411543369293213,21508.962890625,92.83074188232422,33.46124267578125,10.690505981445312,6.531372547149658,5.008127689361572,5.000875473022461,3.167755365371704,2.6942853927612305
530000,540001,17,9,253,203,1,29518.046875,170.84556579589844,105.40525817871094,36.8509521484375,19.45810317993164,13.60897159576416,8.252449035644531,6.801948547363281,6.074668884277344,4.998202323913574,4.713138580322266,4.008085250854492,3.3937084674835205,3.350343704223633,3.049004554748535,2.6155600547790527,2.4664249420166016,21500.66796875,93.00923156738281,33.55457305908203,10.72047233581543,6.786646842956543,5.3724870681762695,4.025641918182373,3.3557074069976807,2.8419411182403564
535000,545001,17,9,254,205,0,30723.01171875,173.42771911621094,97.6852798461914,41.75035095214844,22.761920928955078,15.603285789489746,11.853947639465332,9.006328582763672,7.445017337799072,6.663145542144775,6.025335311889648,5.411036968231201,5.095750331878662,4.704191207885742,4.534201145172119,4.1325883865356445,3.5799736976623535,22384.73828125,89.03430938720703,35.697383880615234,13.000052452087402,8.014678955078125,6.047999382019043,5.376257419586182,4.648225784301758,3.780853748321533
535000,545001,17,9,254,205,1,30759.4140625,172.58717346191406,98.44339752197266,41.97223663330078,22.363122940063477,15.494699478149414,11.054837226867676,8.44605827331543,7.2953033447265625,7.022156238555908,5.566570281982422,5.167027950286865,5.010431289672852,4.70913553237915,4.5465593338012695,4.051986217498779,3.6576225757598877,22411.466796875,89.14619445800781,35.36642837524414,12.660924911499023,7.849160194396973,5.749603271484375,5.292384147644043,4.920119285583496,3.8798556327819824
540000,550001,17,9,255,194,0,30715.6484375,174.04029846191406,102.67142486572266,42.43775939941406,21.731998443603516,12.470049858093262,9.66208267211914,7.1738505363464355,6.045228004455566,5.6290507316589355,5.265705108642578,4.207024574279785,4.098117351531982,3.9017744064331055,3.3715641498565674,3.185002565383911,2.7310986518859863,22374.435546875,90.71072387695312,34.17898178100586,10.609321594238281,7.070927619934082,4.699376583099365,4.350048065185547,3.371487855911255,2.845926284790039
540000,550001,17,9,255,194,1,30716.98046875,174.17918395996094,101.9346694946289,42.75689697265625,20.33610725402832,12.340899467468262,9.921038627624512,7.4403910636901855,5.881202697753906,5.7022600173950195,4.980535984039307,4.243744850158691,3.4227755069732666,3.3527462482452393,3.1340065002441406,2.834352731704712,2.647625684738159,22375.75,90.93833923339844,33.6255989074707,10.419652938842773,7.5143585205078125,4.821473598480225,4.1249918937683105,3.2930054664611816,2.8316144943237305
545000,555001,17,9,253,205,0,31461.337890625,160.50149536132812,94.775634765625,40.93682861328125,23.743127822875977,13.07824993133545,11.366626739501953,9.146581649780273,8.404722213745117,6.025598526000977,5.083000659942627,5.016839027404785,4.501482009887695,3.8745205402374268,3.301952362060547,3.0895023345947266,2.256324052810669,22916.291015625,89.87963104248047,38.65821838378906,12.511689186096191,7.408243179321289,7.213389873504639,5.469849109649658,4.626117706298828,3.266282796859741
545000,555001,17,9,253,205,1,31476.056640625,159.5345458984375,95.33851623535156,40.13929748535156,22.47032928466797,12.735333442687988,10.841376304626465,8.151477813720703,6.987044811248779,6.002981185913086,5.7802734375,4.901601791381836,3.7885334491729736,3.408968925476074,3.0576281547546387,2.9714109897613525,2.5391790866851807,22927.541015625,89.77979278564453,38.0147590637207,12.381616592407227,6.473447799682617,6.08112096786499,5.121591567993164,3.8625457286834717,3.2733683586120605
550000,560001,17,9,248,203,0,33226.24609375,196.09254455566406,105.0243148803711,43.394325256347656,22.081390380859375,12.58553695678711,10.077077865600586,7.970569133758545,7.489584922790527,6.181736946105957,5.461320877075195,4.749277591705322,4.680761337280273,4.3872880935668945,3.8112564086914062,3.353968858718872,2.953385353088379,24229.326171875,100.99781036376953,33.82594299316406,10.576586723327637,7.923933506011963,5.92085599899292,5.3733367919921875,5.116134166717529,3.677170515060425
550000,560001,17,9,248,203,1,33234.24609375,195.10110473632812,103.50179290771484,42.47248840332031,21.23192024230957,12.647806167602539,9.682525634765625,7.469423294067383,6.405741214752197,6.30532169342041,5.3533616065979,4.829758644104004,4.593199253082275,3.7289061546325684,3.0844364166259766,2.9133377075195312,2.877603769302368,24235.3203125,99.78273010253906,33.552223205566406,10.341090202331543,7.501580238342285,6.573040008544922,4.617554187774658,4.327765941619873,3.0509982109069824
555000,565001,17,9,253,211,0,33829.67578125,172.7763671875,117.11873626708984,44.2105827331543,23.872100830078125,15.535035133361816,10.574498176574707,9.293075561523438,8.208765029907227,6.430843830108643,5.425334930419922,5.155885696411133,4.5387959480285645,4.34440803527832,3.500120162963867,3.240645170211792,3.1045241355895996,24640.1015625,99.72756958007812,38.271305084228516,12.403326034545898,8.63390064239502,7.28737735748291,5.457798004150391,4.895493984222412,3.7998929023742676
555000,565001,17,9,253,211,1,33832.328125,172.876220703125,116.5462417602539,44.077667236328125,24.391645431518555,16.364282608032227,10.53349781036377,9.075316429138184,8.20648193359375,6.5285515785217285,5.110808849334717,4.061568260192871,3.7325572967529297,3.636493682861328,3.4587454795837402,3.3339717388153076,3.2316598892211914,24642.66015625,99.2839126586914,38.40380096435547,13.048020362854004,8.697430610656738,6.143922805786133,4.743284702301025,3.9778242111206055,3.677276372909546
560000,570001,17,9,252,210,0,33301.80078125,183.08126831054688,99.26646423339844,42.384578704833984,21.471986770629883,15.90785026550293,10.053956985473633,8.193075180053711,7.518124580383301,7.037571430206299,6.288168907165527,5.806870460510254,5.267065048217773,4.830472946166992,4.322922229766846,4.103862762451172,3.96455979347229,24261.873046875,96.95394897460938,34.14848327636719,13.628679275512695,7.9529547691345215,7.2815093994140625,5.715564250946045,5.486971855163574,4.618128299713135
560000,570001,17,9,252,210,1,33341.375,182.63963317871094,96.7515869140625,41.906185150146484,20.72574234008789,14.341384887695312,10.110201835632324,8.181419372558594,7.140488147735596,6.11250114440918,5.344476699829102,5.004481792449951,4.783240795135498,4.343510627746582,4.128024101257324,3.8909201622009277,3.283277750015259,24291.552734375,94.0146484375,34.46160888671875,12.935760498046875,7.752566337585449,5.984325408935547,5.401734352111816,4.936030864715576,4.334542274475098
565000,575001,17,9,253,198,0,35282.34375,170.71170043945312,103.91714477539062,38.14252853393555,19.884187698364258,14.699010848999023,10.434219360351562,8.246100425720215,6.630163669586182,5.765394687652588,5.052196502685547,4.910743236541748,4.693740367889404,4.397652626037598,3.989504814147949,3.150491714477539,3.0340960025787354,25708.529296875,91.18994903564453,31.987655639648438,11.351961135864258,7.464898109436035,5.569328784942627,4.982247352600098,4.5794782638549805,3.9889752864837646
565000,575001,17,9,253,198,1,35281.5078125,168.57008361816406,103.22087860107422,37.88907241821289,19.92719268798828,14.846861839294434,9.262309074401855,7.887888431549072,6.497488021850586,6.26863431930542,5.7768731117248535,5.2275166511535645,4.479733467102051,4.231144905090332,3.7273926734924316,3.480499029159546,3.168853282928467,25708.076171875,90.52640533447266,31.872976303100586,11.355792045593262,7.150412082672119,6.008014678955078,5.688562393188477,4.236969947814941,4.001072406768799
570000,580001,17,9,253,208,0,36740.76953125,192.35006713867188,102.8516845703125,42.17792510986328,23.128137588500977,14.048425674438477,11.032873153686523,8.150259971618652,6.493834495544434,5.877188682556152,5.427361011505127,4.5153727531433105,4.390224456787109,4.011312007904053,3.6686959266662598,3.224353790283203,2.956718921661377,26770.4921875,99.70502471923828,35.98844528198242,12.907217025756836,8.462047576904297,5.376502990722656,5.187255859375,4.309784412384033,3.5844879150390625
570000,580001,17,9,253,208,1,36727.65625,193.05323791503906,103.34310150146484,42.90279006958008,23.11558723449707,14.009664535522461,9.929497718811035,8.157926559448242,7.869029998779297,5.475803852081299,5.235193252563477,4.748990058898926,4.672928810119629,3.8573780059814453,3.5921709537506104,3.2968626022338867,2.8084185123443604,26761.23828125,99.93663787841797,35.44601821899414,13.004987716674805,8.369552612304688,5.290340900421143,4.684177875518799,4.376054763793945,3.6340696811676025
575000,585001,17,9,255,199,0,36799.21484375,213.84498596191406,106.48782348632812,42.6308708190918,23.449308395385742,13.1936674118042,10.548086166381836,9.000120162963867,7.175436973571777,5.949717044830322,5.419248580932617,4.443981647491455,4.090562343597412,3.8262221813201904,3.6830780506134033,3.316767692565918,2.3748250007629395,26817.923828125,107.83826446533203,36.54608917236328,12.605195045471191,9.336877822875977,6.093185901641846,5.0670390129089355,4.114354133605957,3.7155814170837402
575000,585001,17,9,255,199,1,36778.64453125,214.34982299804688,104.53801727294922,42.262882232666016,22.587875366210938,12.637103080749512,9.915494918823242,8.223394393920898,6.899057388305664,6.377272605895996,5.499671936035156,4.424605846405029,4.187444686889648,3.7182416915893555,3.4037740230560303,3.0443003177642822,2.6914260387420654,26803.025390625,106.42074584960938,35.76925277709961,12.156245231628418,8.283513069152832,5.687023162841797,4.963368892669678,3.8997063636779785,3.4510769844055176
580000,590001,17,9,255,202,0,37709.65234375,181.13731384277344,106.15323638916016,42.03573226928711,20.911325454711914,14.041346549987793,10.642598152160645,9.495965957641602,8.269694328308105,7.774372577667236,7.55374813079834,6.542654991149902,5.948324680328369,5.731266021728516,5.328939914703369,4.833899974822998,3.295142889022827,27477.763671875,95.12477111816406,34.13136672973633,12.560586929321289,9.66522216796875,8.073060035705566,6.787495136260986,5.9721150398254395,4.234328746795654
580000,590001,17,9,255,202,1,37732.73046875,178.9746856689453,104.76518249511719,41.281707763671875,20.54837417602539,13.458227157592773,10.44581413269043,8.58495807647705,7.615048408508301,6.824192047119141,6.442649841308594,5.734546661376953,5.246366500854492,4.775938987731934,4.006801128387451,3.9698524475097656,3.477647066116333,27494.814453125,93.5118408203125,33.632530212402344,11.036446571350098,9.2783842086792,6.663674831390381,5.947621822357178,4.9846272468566895,4.344841003417969
585000,595001,17,9,254,205,0,39073.27734375,183.6951446533203,108.97575378417969,45.905235290527344,25.68675994873047,18.995580673217773,13.68472671508789,10.105037689208984,8.709376335144043,7.782956123352051,7.012822151184082,5.629701137542725,5.31252384185791,4.598645210266113,4.3411865234375,3.8180553913116455,3.4069015979766846,28466.236328125,98.71292114257812,41.41611099243164,16.230823516845703,10.29259204864502,7.565816879272461,6.789910793304443,5.194518566131592,4.601618766784668
585000,595001,17,9,254,205,1,39061.41796875,183.75485229492188,107.5073471069336,44.971317291259766,24.726282119750977,18.54033660888672,12.999944686889648,10.021400451660156,8.492572784423828,7.517410755157471,6.133512496948242,5.658651828765869,5.525083541870117,5.141107559204102,4.815713882446289,4.134424686431885,3.8622798919677734,28458.33984375,97.48037719726562,40.12200927734375,15.847541809082031,9.898696899414062,7.145083427429199,6.3017072677612305,5.127469062805176,4.880406856536865
590000,600001,17,9,255,214,0,40193.64453125,187.58828735351562,107.2240982055664,47.49250793457031,22.281740188598633,16.406627655029297,11.120821952819824,9.301436424255371,6.765951156616211,6.110353469848633,5.284870624542236,5.107178211212158,4.355252742767334,3.632495880126953,3.520416736602783,3.039210081100464,2.6743531227111816,29303.23828125,100.69408416748047,35.7786865234375,13.991433143615723,8.180229187011719,5.3449015617370605,4.788013458251953,4.135296821594238,3.5231308937072754
590000,600001,17,9,255,214,1,40180.9921875,188.14097595214844,106.48441314697266,48.1734619140625,22.9974422454834,15.934857368469238,11.437230110168457,9.160097122192383,6.5331315994262695,5.954116344451904,5.036945343017578,4.615760803222656,4.276047706604004,3.73302960395813,3.3718953132629395,3.3239054679870605,2.843325614929199,29294.212890625,100.73651123046875,35.75743865966797,13.9397611618042,8.433760643005371,5.269523620605469,5.137060642242432,3.7710535526275635,3.411022663116455
595000,605001,17,9,252,203,0,39376.8515625,193.19906616210938,105.70417022705078,39.494659423828125,20.57012176513672,15.329655647277832,10.253274917602539,7.445866584777832,7.038078308105469,6.343297481536865,5.957479476928711,5.254784107208252,4.908583641052246,4.730381011962891,3.7815935611724854,3.6931090354919434,3.22845458984375,28695.78125,95.34312438964844,34.558250427246094,11.557147979736328,7.216054439544678,6.412442207336426,5.6048054695129395,5.153215408325195,4.255785942077637
595000,605001,17,9,252,203,1,39380.51953125,192.3834991455078,105.76799011230469,39.47800064086914,20.99611473083496,16.811176300048828,10.047209739685059,7.872715473175049,6.897963047027588,6.619388103485107,6.119330883026123,5.439864158630371,4.77935791015625,4.591033935546875,4.191208362579346,3.944662094116211,3.1856353282928467,28699.076171875,95.54425048828125,34.12849044799805,12.370335578918457,8.28531551361084,6.603848934173584,5.629642486572266,4.9366583824157715,3.746058702468872
600000,610001,17,9,250,208,0,41062.96875,200.41873168945312,95.42459869384766,42.82794952392578,19.413938522338867,14.121596336364746,10.022395133972168,7.999996662139893,6.063666820526123,5.753557205200195,5.477006912231445,5.016851425170898,4.693406581878662,4.398080348968506,3.874096155166626,3.267969846725464,3.249990701675415,29941.2734375,92.90303802490234,33.40590286254883,11.338269233703613,6.9179277420043945,5.485226154327393,4.762184143066406,4.1035308837890625,3.700045585632324
600000,610001,17,9,250,208,1,41110.55859375,196.38839721679688,93.37934112548828,41.66302490234375,18.490028381347656,12.211845397949219,9.403438568115234,8.060153007507324,6.539196491241455,5.8918232917785645,5.519135475158691,5.0732645988464355,4.771412372589111,4.164272785186768,3.828024387359619,3.4519853591918945,3.2473597526550293,29977.505859375,89.8171615600586,33.8692512512207,10.518599510192871,6.900477409362793,5.544031143188477,5.092304706573486,3.733870267868042,3.5202701091766357
605000,615001,17,9,253,208,0,39542.26171875,182.12271118164062,108.5802001953125,48.8653564453125,22.70174789428711,18.109119415283203,12.574466705322266,10.27619743347168,8.469799041748047,8.07076358795166,7.670140743255615,6.099174499511719,5.576859951019287,4.8297295570373535,4.535707950592041,4.108419895172119,3.7550740242004395,28815.560546875,101.52560424804688,37.23173522949219,15.556958198547363,10.264824867248535,7.397033214569092,6.713158130645752,5.561099529266357,4.224926471710205
605000,615001,17,9,253,208,1,39552.12109375,181.97659301757812,109.39443969726562,48.385894775390625,22.626401901245117,18.045412063598633,13.052474021911621,10.821046829223633,9.098645210266113,8.291690826416016,7.722527980804443,6.337740898132324,6.162206172943115,5.092682838439941,4.7357306480407715,4.602628707885742,3.5852577686309814,28822.478515625,101.7796859741211,36.60541915893555,15.67881965637207,10.776467323303223,7.829153060913086,6.761009216308594,5.2856621742248535,4.576803684234619
610000,620001,17,9,252,196,0,40480.15625,203.8557891845703,114.25146484375,46.74002456665039,23.66314697265625,18.32920265197754,12.930347442626953,9.51728630065918,8.57255744934082,7.475866317749023,6.670160293579102,6.060783386230469,5.328560829162598,5.180474281311035,4.217849254608154,3.8349769115448,3.15163516998291,29504.505859375,106.73631286621094,37.70745849609375,15.824466705322266,8.220212936401367,6.3487982749938965,5.949721813201904,4.774954319000244,3.8308639526367188
610000,620001,17,9,252,196,1,40460.734375,203.08518981933594,114.92288208007812,46.35446548461914,24.59028434753418,18.2720890045166,12.801916122436523,9.113432884216309,7.996321201324463,7.000630855560303,6.301455974578857,5.8354668617248535,5.478362083435059,4.911541938781738,4.739021301269531,4.227452278137207,3.4946324825286865,29490.5,106.38314819335938,37.6981086730957,16.46956443786621,8.480112075805664,6.480752944946289,5.657472610473633,4.697876930236816,4.231943607330322
615000,625001,17,9,251,207,0,40933.30859375,205.2552490234375,110.38381958007812,45.415443420410156,26.87714195251465,17.861732482910156,13.739227294921875,10.694730758666992,8.928213119506836,7.333804607391357,6.8712992668151855,5.244724273681641,5.127519607543945,4.5038557052612305,4.3181538581848145,3.760535717010498,3.4722914695739746,29821.4765625,104.28208923339844,39.96908187866211,15.382542610168457,9.983207702636719,7.204995632171631,5.3610734939575195,4.539454936981201,3.872960329055786
615000,625001,17,9,251,207,1,40958.890625,203.50787353515625,109.92225646972656,45.096046447753906,26.80021858215332,17.65210723876953,13.930929183959961,11.035269737243652,8.80654239654541,7.656056880950928,6.962119102478027,5.9053239822387695,5.308736801147461,4.533259868621826,4.272515296936035,3.668118715286255,3.2518601417541504,29839.44921875,104.30789947509766,39.76876449584961,14.96616268157959,9.966727256774902,7.2027482986450195,6.335817813873291,4.908269882202148,4.281370162963867
620000,630001,17,9,252,207,0,42685.1640625,180.0498809814453,115.58806610107422,44.65678787231445,24.26200294494629,17.791547775268555,12.671289443969727,10.674779891967773,8.745452880859375,7.936783790588379,6.964077949523926,6.651243686676025,5.741334438323975,5.196866512298584,4.387437343597412,4.106992244720459,3.559354066848755,31096.4140625,104.4488525390625,34.416690826416016,15.311538696289062,9.629645347595215,7.3954973220825195,6.133360862731934,4.796248912811279,4.2012810707092285
620000,630001,17,9,252,207,1,42714.94921875,180.45330810546875,115.79460144042969,46.265289306640625,25.00770378112793,18.396961212158203,12.394375801086426,10.439162254333496,8.255424499511719,7.895184516906738,7.741072177886963,6.240629196166992,5.649257183074951,5.198949337005615,4.566414833068848,4.149974346160889,3.5536611080169678,31119.359375,104.33174896240234,35.61676025390625,15.593262672424316,9.694278717041016,7.162615776062012,6.493598937988281,4.779085636138916,4.202976226806641
625000,635001,17,9,255,208,0,44446.765625,212.41064453125,115.38471984863281,48.329166412353516,22.577497482299805,16.286174774169922,14.184205055236816,10.94551944732666,9.634507179260254,9.124679565429688,8.51915168762207,7.7974324226379395,7.471026420593262,6.336528301239014,5.2667236328125,5.034203052520752,4.855639457702637,32399.306640625,103.84587097167969,38.317474365234375,14.104955673217773,9.7931489944458,8.001945495605469,7.786679744720459,6.396446704864502,5.116305828094482
625000,635001,17,9,255,208,1,44429.57421875,212.96652221679688,115.87010955810547,48.12472915649414,22.165910720825195,15.920802116394043,13.5968599319458,10.955791473388672,9.70889949798584,8.275090217590332,7.771673202514648,7.373607158660889,6.701982498168945,6.069397449493408,5.431466102600098,5.01979923248291,4.586468696594238,32385.783203125,104.42398834228516,38.07492446899414,13.192776679992676,10.203176498413086,7.454994201660156,6.751940727233887,5.875814914703369,4.733087062835693
630000,640001,17,9,253,208,0,45935.6875,197.89413452148438,100.06771850585938,44.556758880615234,24.378469467163086,17.155864715576172,11.775330543518066,10.536538124084473,9.216264724731445,7.66390323638916,6.969974994659424,6.223690986633301,6.02394437789917,5.822333812713623,4.991227626800537,4.680910587310791,4.281761169433594,33484.84765625,101.41918182373047,34.20328140258789,15.037694931030273,10.807985305786133,8.270330429077148,6.419743537902832,5.859854698181152,5.558828353881836
630000,640001,17,9,253,208,1,45921.71875,199.22450256347656,101.18514251708984,44.11699295043945,23.17481803894043,17.875099182128906,12.946237564086914,10.162372589111328,9.632498741149902,8.26819896697998,7.360235214233398,6.662595748901367,6.324324607849121,6.110215187072754,4.957842826843262,4.664903163909912,4.3140740394592285,33474.6875,102.56016540527344,33.604557037353516,16.341793060302734,10.822964668273926,8.305816650390625,6.573170185089111,5.468958854675293,4.829166412353516
635000,645001,17,9,249,209,0,44330.9453125,189.71067810058594,106.97691345214844,50.579776763916016,24.69093894958496,19.049869537353516,15.197882652282715,11.344928741455078,10.26788330078125,8.615860939025879,8.087892532348633,6.777235507965088,6.451068878173828,5.496429443359375,5.313519477844238,4.547920227050781,4.286602020263672,32304.609375,104.12036895751953,39.411293029785156,15.733695983886719,11.273602485656738,8.288448333740234,6.659419059753418,5.198864459991455,4.611108779907227
635000,645001,17,9,249,209,1,44330.5625,189.46469116210938,105.89015197753906,50.387088775634766,24.926132202148438,18.89231300354004,15.3053617477417,11.395166397094727,10.196106910705566,8.305098533630371,8.108417510986328,7.010439395904541,6.146185398101807,5.723465442657471,5.538451671600342,4.87944221496582,4.0322980880737305,32303.98046875,103.60231018066406,39.317073822021484,16.0006160736084,11.174087524414062,8.280722618103027,6.295456886291504,5.6689653396606445,4.791319370269775
640000,650001,17,9,252,208,0,47130.6328125,218.8090057373047,107.19068908691406,47.213741302490234,22.8685245513916,17.378923416137695,13.872150421142578,12.304872512817383,9.807421684265137,8.231827735900879,7.412170886993408,6.852606773376465,6.528031349182129,6.101998329162598,5.515603065490723,5.072291851043701,4.7217020988464355,34347.34375,103.41560363769531,39.511268615722656,16.60291290283203,9.721656799316406,8.196429252624512,6.734106540679932,6.030367374420166,5.6012983322143555
640000,650001,17,9,252,208,1,47176.109375,217.5449981689453,107.702880859375,47.53989791870117,25.515295028686523,17.979103088378906,13.5433349609375,11.802616119384766,10.571846008300781,9.547616004943848,7.8038506507873535,7.086742877960205,6.252570629119873,6.098464012145996,5.718111515045166,5.422693729400635,4.58444881439209,34381.2421875,104.29336547851562,40.21169662475586,16.56427001953125,10.518056869506836,8.508224487304688,8.090821266174316,6.365787029266357,5.8749098777771
645000,655001,17,9,251,214,0,46712.94140625,216.74868774414062,122.27473449707031,48.83695602416992,24.089996337890625,17.65871238708496,14.311407089233398,10.895608901977539,9.600403785705566,9.321826934814453,7.293828964233398,6.5417799949646,5.562222957611084,5.226035118103027,4.747021675109863,4.659022331237793,4.182372570037842,34052.05078125,115.1664047241211,35.673744201660156,14.079035758972168,10.92839241027832,8.609811782836914,6.601189136505127,5.028199195861816,4.7751359939575195
645000,655001,17,9,251,214,1,46668.2890625,216.0906219482422,122.4174575805664,48.97520446777344,24.30023956298828,18.512165069580078,13.80522632598877,10.351789474487305,8.998709678649902,8.387306213378906,7.060158729553223,6.375253677368164,5.254520416259766,4.930792808532715,4.359626770019531,4.055725574493408,3.886524200439453,34020.984375,115.20613098144531,35.78602981567383,14.192882537841797,10.292442321777344,7.468584060668945,6.500966548919678,4.894675254821777,4.23390007019043
650000,660001,17,9,251,208,0,48328.30078125,215.76718139648438,131.00375366210938,56.30186080932617,31.727643966674805,19.66288948059082,17.428421020507812,12.160805702209473,10.91042423248291,9.200892448425293,7.555420398712158,7.028348445892334,6.156590461730957,5.442127704620361,5.282568454742432,4.548765182495117,4.099658012390137,35228.02734375,115.8974380493164,43.50253677368164,18.0755615234375,11.48094367980957,7.716254711151123,6.010191917419434,5.517251491546631,4.800233364105225
650000,660001,17,9,251,208,1,48319.23828125,215.7934112548828,129.86207580566406,54.707584381103516,29.66054916381836,19.91383171081543,16.93849754333496,12.147665023803711,10.74671459197998,9.760488510131836,7.8798322677612305,7.110401153564453,6.450721740722656,5.714409351348877,5.660592079162598,5.273796081542969,4.814399242401123,35223.2890625,115.84535217285156,42.2569580078125,18.071182250976562,11.77072525024414,8.69916820526123,6.489555358886719,5.668806076049805,5.512414455413818
655000,665001,17,9,249,211,0,47732.328125,235.90240478515625,121.07025909423828,50.26545715332031,28.309019088745117,20.198087692260742,14.093310356140137,11.142727851867676,9.463293075561523,8.439484596252441,7.707345962524414,7.202493190765381,6.236196041107178,5.8364481925964355,5.425703525543213,5.220473289489746,4.758214950561523,34785.6640625,119.50762176513672,42.25388717651367,17.800430297851562,9.625884056091309,7.957260608673096,7.611440658569336,6.420846939086914,5.502923488616943
655000,665001,17,9,249,211,1,47726.4453125,233.86669921875,120.84884643554688,50.494754791259766,29.03230857849121,19.876991271972656,14.03939151763916,10.597223281860352,9.47136116027832,8.283477783203125,7.105223178863525,6.569394588470459,5.618805408477783,5.508975982666016,5.367687225341797,4.802398681640625,4.585347652435303,34782.0625,119.10523223876953,42.29193115234375,17.37714958190918,9.2121000289917,7.51525354385376,6.822307586669922,5.9905219078063965,4.923219203948975
660000,670001,17,9,251,208,0,51673.3828125,248.66738891601562,130.3903350830078,59.77566909790039,30.988462448120117,21.802963256835938,16.64603042602539,14.618797302246094,10.205801963806152,9.274971961975098,8.654498100280762,6.967923641204834,6.398945331573486,6.144105911254883,5.361165523529053,4.67844820022583,4.6081695556640625,37653.4453125,128.07867431640625,52.876739501953125,19.753347396850586,13.25253963470459,8.624439239501953,7.2632927894592285,5.580200672149658,4.849175930023193
660000,670001,17,9,251,208,1,51681.14453125,248.16796875,130.37258911132812,59.44736099243164,30.49894905090332,22.171932220458984,16.15188217163086,13.509860038757324,9.264887809753418,7.620158672332764,7.4701409339904785,6.901471138000488,6.08194637298584,5.9591193199157715,5.2216973304748535,4.709218502044678,4.603193759918213,37661.2734375,127.84335327148438,52.07267379760742,19.52434539794922,12.987581253051758,7.540765762329102,6.827749252319336,6.038191795349121,5.354907035827637
665000,675001,17,9,252,215,0,52641.79296875,237.8777313232422,127.6965103149414,57.72999954223633,29.3455753326416,22.828838348388672,16.74095916748047,12.760480880737305,10.680436134338379,7.882874011993408,7.571082592010498,7.164919853210449,6.838067054748535,6.667638778686523,5.657365322113037,5.062410354614258,4.475775241851807,38392.47265625,126.75886535644531,41.792911529541016,18.097599029541016,12.406965255737305,7.622949123382568,7.044715881347656,5.635627269744873,4.7066216468811035
665000,675001,17,9,252,215,1,52607.2109375,237.68821716308594,127.74040985107422,58.26151657104492,29.43030548095703,22.282283782958984,16.034988403320312,12.448601722717285,10.312743186950684,10.051502227783203,8.072388648986816,7.585038661956787,7.183282375335693,6.6545257568359375,5.588047504425049,4.973606586456299,4.430479049682617,38367.4140625,126.09298706054688,41.31021499633789,17.328458786010742,12.265850067138672,8.4583101272583,7.622474193572998,5.396310806274414,4.867320537567139
670000,680001,17,9,253,209,0,52185.8125,260.38604736328125,142.06858825683594,61.13447189331055,32.74501419067383,22.22316551208496,17.995798110961914,14.379317283630371,10.096802711486816,9.197592735290527,7.687839508056641,6.563302040100098,6.229501724243164,6.012552738189697,5.1144490242004395,4.501633644104004,4.427031993865967,38032.41015625,130.34083557128906,51.27220916748047,19.259658813476562,12.320734977722168,8.913921356201172,6.793910980224609,6.075106620788574,4.587602138519287
670000,680001,17,9,253,209,1,52160.9609375,259.4781188964844,140.78939819335938,61.76838302612305,33.72921371459961,22.39101791381836,18.27834129333496,13.70472526550293,10.906661987304688,9.862431526184082,8.103252410888672,7.180119514465332,6.542770862579346,6.247537136077881,5.841315746307373,5.371310234069824,4.323234558105469,38014.1171875,129.17849731445312,51.19348907470703,19.193883895874023,12.57002067565918,9.566591262817383,7.385568141937256,6.238845348358154,4.638404846191406
675000,685001,17,9,252,212,0,50462.375,247.90924072265625,135.25460815429688,66.37670135498047,30.004545211791992,21.834421157836914,15.976515769958496,11.500865936279297,9.264997482299805,7.899520397186279,7.1438069343566895,6.127944469451904,5.718600749969482,5.532275199890137,5.380338668823242,5.0980095863342285,4.550090312957764,36781.58203125,134.9748992919922,51.87446212768555,18.34003257751465,12.134173393249512,7.6809563636779785,6.525968551635742,5.727780818939209,5.370911121368408
675000,685001,17,9,252,212,1,50438.71484375,248.22824096679688,134.62918090820312,67.37030029296875,31.837257385253906,22.185527801513672,15.54752254486084,10.978081703186035,8.514347076416016,7.61198091506958,7.5622100830078125,6.479016304016113,6.192312240600586,5.9048237800598145,5.628493309020996,5.276294231414795,5.0461201667785645,36765.203125,134.36778259277344,52.59699249267578,18.2774715423584,11.597334861755371,7.55903959274292,6.791964054107666,6.180482387542725,5.481194496154785
680000,690001,17,9,253,205,0,53887.16015625,247.8549041748047,133.420654296875,55.233917236328125,29.75282859802246,18.770267486572266,15.522937774658203,12.045794486999512,9.645581245422363,9.056068420410156,8.082220077514648,7.163234710693359,6.398404121398926,5.750749588012695,5.35181999206543,4.779314041137695,4.588690280914307,39296.20703125,126.4557876586914,43.56594467163086,16.39195442199707,11.01596450805664,8.900938987731934,7.103392601013184,5.945061683654785,4.827579021453857
680000,690001,17,9,253,205,1,53901.38671875,247.9698486328125,132.41734313964844,54.45711135864258,29.696638107299805,19.235952377319336,16.305391311645508,12.484795570373535,9.656797409057617,9.272025108337402,8.445497512817383,7.819472789764404,7.303900718688965,6.388857364654541,5.8314385414123535,5.508715629577637,5.156544208526611,39307.1015625,125.71720886230469,43.506980895996094,16.426958084106445,11.37637710571289,8.619958877563477,7.648816108703613,6.375011444091797,5.9205780029296875
685000,695001,17,9,252,208,0,54040.7734375,245.64041137695312,146.32044982910156,61.11737823486328,32.319244384765625,21.123336791992188,17.410207748413086,12.603767395019531,9.697547912597656,8.392715454101562,7.9390058517456055,7.4941935539245605,7.059302806854248,6.6691575050354,5.932315349578857,5.591567039489746,5.280245304107666,39389.05859375,133.9559326171875,46.86140823364258,17.521629333496094,11.913594245910645,8.3131685256958,7.369933605194092,6.8568949699401855,5.878973960876465
685000,695001,17,9,252,208,1,54064.7734375,244.17236328125,145.34201049804688,60.54405975341797,31.187047958374023,20.44524383544922,16.916105270385742,12.159472465515137,9.24472427368164,8.234253883361816,7.765255928039551,7.402637481689453,6.695990562438965,6.397294998168945,5.757268905639648,5.316775798797607,5.125134468078613,39406.6875,132.6088104248047,45.9505729675293,16.763193130493164,11.8256196975708,7.782420635223389,6.849617004394531,6.483814716339111,5.4808669090271
690000,700001,17,9,252,210,0,56737.015625,254.78977966308594,133.59732055664062,62.387229919433594,29.994047164916992,23.859664916992188,17.159412384033203,12.272021293640137,10.96787166595459,9.36055850982666,8.23241138458252,7.468120098114014,6.85880184173584,6.319884300231934,5.9862961769104,5.634259223937988,4.937586307525635,41367.046875,132.62203979492188,46.67938995361328,21.27535629272461,11.793391227722168,8.898153305053711,7.501822471618652,6.397673606872559,5.160068511962891
690000,700001,17,9,252,210,1,56733.82421875,255.5853271484375,133.7214813232422,61.12729263305664,30.05255699157715,24.35487174987793,17.311647415161133,12.519542694091797,10.781757354736328,9.96129322052002,8.136240005493164,7.611093044281006,7.489706516265869,6.851308345794678,6.251569747924805,5.781306743621826,5.248443603515625,41364.875,133.0098876953125,46.12989044189453,21.82807731628418,11.935705184936523,8.836649894714355,7.7429962158203125,6.20786190032959,5.492582321166992
695000,705001,17,9,253,204,0,57092.23828125,245.0600128173828,119.68646240234375,54.815269470214844,30.783933639526367,20.675495147705078,16.624162673950195,12.357110023498535,11.88222885131836,9.085155487060547,7.691885948181152,7.085946083068848,6.838823318481445,6.124837875366211,5.422608375549316,5.224535942077637,4.529361724853516,41610.6953125,119.314697265625,50.35968017578125,20.10503578186035,12.42767333984375,9.083477020263672,7.425987243652344,6.269453048706055,5.474183559417725
695000,705001,17,9,253,204,1,57109.921875,245.01194763183594,121.13916015625,57.006858825683594,32.4017333984375,21.636882781982422,18.532384872436523,13.946671485900879,11.640408515930176,9.865309715270996,8.01033878326416,7.716058254241943,6.9588093757629395,6.413946151733398,5.638430118560791,5.48246431350708,5.094663143157959,41623.6484375,120.55329895019531,51.801422119140625,20.539505004882812,12.543810844421387,9.835559844970703,7.921365737915039,6.590835094451904,6.1424360275268555
700000,710001,17,9,254,212,0,55899.171875,264.4308166503906,132.8104248046875,60.050838470458984,30.95939064025879,20.118614196777344,17.113941192626953,12.376903533935547,10.261712074279785,8.83961296081543,8.109823226928711,7.790743827819824,6.665085792541504,6.274869441986084,5.750975131988525,5.506960391998291,4.623132228851318,40754.12109375,137.0963897705078,45.79163360595703,18.485692977905273,11.563849449157715,8.29768180847168,7.628535270690918,6.089838981628418,5.1845784187316895
700000,710001,17,9,254,212,1,55901.8984375,261.4826354980469,133.17117309570312,60.73881149291992,31.481584548950195,20.60171890258789,17.4377498626709,12.177717208862305,10.556011199951172,8.74764633178711,8.12950611114502,7.049347400665283,6.461421489715576,6.204610347747803,5.642225742340088,5.582372188568115,4.558444976806641,40757.015625,136.87623596191406,45.64993667602539,18.482717514038086,11.9674654006958,8.193881034851074,7.443690776824951,5.8810200691223145,4.939234733581543
705000,715001,17,9,251,206,0,57352.640625,250.00442504882812,137.51329040527344,60.01467514038086,33.2332763671875,22.3514461517334,16.65935707092285,13.191606521606445,9.830978393554688,8.641054153442383,8.373716354370117,6.777749061584473,6.573930740356445,6.077641010284424,5.974712371826172,5.727811813354492,5.0345683097839355,41807.67578125,130.00509643554688,45.62491226196289,16.742494583129883,11.388094902038574,7.752871036529541,7.1364874839782715,6.190077304840088,5.640264987945557
705000,715001,17,9,251,206,1,57353.1328125,250.3719940185547,140.34243774414062,61.649723052978516,34.67429733276367,23.4051513671875,17.64291000366211,13.174566268920898,9.796699523925781,8.631359100341797,7.749292373657227,7.4338202476501465,6.535693645477295,6.319510459899902,5.911789894104004,5.622644424438477,4.844574928283691,41808.17578125,131.0604705810547,47.42563247680664,17.379343032836914,11.693143844604492,7.827213287353516,7.4942779541015625,6.198000431060791,5.309952259063721
710000,720001,17,9,255,219,0,56546.4375,241.111328125,135.1560821533203,60.12285614013672,32.18852233886719,21.5596981048584,17.270727157592773,12.690803527832031,9.606841087341309,9.168754577636719,8.515938758850098,7.057328701019287,6.662382125854492,6.554396152496338,5.898172855377197,5.571864128112793,4.893280029296875,41201.7734375,119.27214813232422,49.19108581542969,19.37226676940918,10.781890869140625,9.100065231323242,7.231440544128418,6.102276802062988,5.573958396911621
710000,720001,17,9,255,219,1,56598.5703125,239.6975555419922,133.99681091308594,60.31095886230469,31.499387741088867,21.400955200195312,17.014928817749023,12.350481033325195,9.42281723022461,9.209939002990723,8.299857139587402,7.246679306030273,6.99247407913208,6.36290168762207,5.984467029571533,5.884568214416504,5.635692119598389,41237.62109375,118.61807250976562,48.88641357421875,19.53423309326172,10.631058692932129,9.072244644165039,7.092355728149414,6.302616596221924,6.013095855712891
715000,725001,17,9,253,215,0,59132.0703125,242.0475311279297,123.76374816894531,55.29501724243164,33.116939544677734,21.0003604888916,18.137758255004883,11.045649528503418,8.660459518432617,8.58679485321045,6.893524646759033,6.589179039001465,5.939368724822998,5.330015659332275,5.306190490722656,4.912197113037109,4.255393981933594,43098.83984375,124.68017578125,49.27659225463867,20.16478729248047,11.081757545471191,8.522480964660645,6.887373924255371,5.862548828125,5.478160858154297
715000,725001,17,9,253,215,1,59082.77734375,241.6135711669922,122.04035949707031,54.77290725708008,32.743858337402344,20.670778274536133,17.948013305664062,11.25083065032959,9.642334938049316,9.000021934509277,7.781609535217285,6.633025169372559,5.997942924499512,5.307765483856201,5.0859694480896,4.286869049072266,4.034990310668945,43062.609375,122.6449966430664,48.334075927734375,20.261016845703125,10.96043872833252,8.74698543548584,7.684619903564453,6.133385181427002,5.078206539154053
720000,730001,17,9,253,220,0,58483.44140625,255.7558135986328,122.52774047851562,54.70528030395508,31.267250061035156,20.37073516845703,14.892353057861328,10.5861177444458,9.635236740112305,9.2616605758667,7.583137512207031,6.903406620025635,6.497732639312744,6.144623756408691,5.5144805908203125,5.296332359313965,4.24984073638916,42629.671875,127.34492492675781,44.81868362426758,18.51619529724121,10.556560516357422,8.672751426696777,7.498035430908203,6.966094017028809,5.522128582000732
720000,730001,17,9,253,220,1,58452.1484375,256.4797058105469,123.3981704711914,54.94961929321289,29.938343048095703,20.244890213012695,14.574328422546387,10.595488548278809,9.802925109863281,8.686644554138184,6.998947620391846,6.674137115478516,6.353243350982666,5.645536422729492,5.288822174072266,4.861957550048828,4.16404914855957,42606.88671875,127.95763397216797,44.11979293823242,18.064170837402344,9.720555305480957,7.997448921203613,7.011892318725586,6.498465061187744,5.24483060836792
725000,735001,17,9,254,215,0,60819.796875,254.2365264892578,119.19027709960938,54.582969665527344,32.924072265625,21.486572265625,14.677106857299805,10.670928955078125,8.973878860473633,7.779062271118164,6.891502857208252,6.772094249725342,6.426782131195068,5.80618953704834,5.641829490661621,5.046139240264893,4.5775532722473145,44350.1484375,131.76644897460938,41.50767135620117,18.350677490234375,10.674068450927734,7.908761024475098,6.67003870010376,6.2282795906066895,5.521688461303711
725000,735001,17,9,254,215,1,60838.46484375,252.80999755859375,119.69947052001953,55.119136810302734,33.0554084777832,21.075632095336914,15.008023262023926,10.461382865905762,9.117741584777832,7.797414779663086,7.1233391761779785,6.910697937011719,6.461474895477295,6.295338153839111,5.806218147277832,5.008940696716309,4.86641263961792,44362.875,131.25564575195312,41.41488265991211,18.84067153930664,10.186725616455078,8.20336627960205,6.863685131072998,6.595699310302734,5.445974349975586
730000,740001,17,9,254,231,0,60648.9453125,230.45526123046875,127.36756896972656,56.182281494140625,30.975933074951172,21.75564956665039,15.184656143188477,11.844198226928711,9.753999710083008,8.709503173828125,8.624198913574219,7.991780757904053,6.869762897491455,6.344162464141846,5.977631568908691,5.46464204788208,5.32232141494751,44212.12890625,123.38164520263672,42.259281158447266,17.59088706970215,11.047137260437012,8.139643669128418,7.328222751617432,6.509146690368652,5.495917320251465
730000,740001,17,9,254,231,1,60667.73828125,229.0328826904297,130.0825958251953,58.68810272216797,32.701663970947266,22.3603572845459,15.862667083740234,12.575581550598145,9.73877239227295,8.88403606414795,8.484565734863281,7.959282398223877,7.683753490447998,6.474063396453857,6.075843334197998,5.268784046173096,4.754030704498291,44224.25390625,123.71514129638672,43.19466018676758,18.016508102416992,11.70300006866455,8.41572093963623,7.971317768096924,6.4286723136901855,4.935180187225342
735000,745001,17,9,252,213,0,61097.5546875,234.60604858398438,119.43547058105469,56.80204772949219,29.825193405151367,20.608596801757812,14.937417030334473,11.29257869720459,10.647483825683594,8.242250442504883,7.615033149719238,7.029824733734131,6.395599365234375,6.056029796600342,5.6417951583862305,5.024977207183838,4.652292728424072,44545.71484375,118.30622863769531,44.73350143432617,18.325416564941406,12.236238479614258,8.220090866088867,7.448460102081299,6.801713943481445,5.88648796081543
735000,745001,17,9,252,213,1,61137.16015625,233.98306274414062,121.22439575195312,56.99578094482422,31.346454620361328,21.894207000732422,18.052995681762695,14.926651954650879,11.137229919433594,10.943665504455566,8.359552383422852,7.980240821838379,7.090496063232422,6.420339584350586,6.2324652671813965,5.693422317504883,5.224433422088623,44575.14453125,119.05803680419922,45.71746826171875,20.102407455444336,14.245177268981934,10.521794319152832,9.337632179260254,7.07218599319458,6.616118431091309
740000,750001,17,9,249,214,0,62784.01953125,228.09832763671875,124.89082336425781,57.366432189941406,31.7362117767334,23.257837295532227,17.422168731689453,12.449721336364746,9.509805679321289,8.768136024475098,8.185173988342285,7.3928608894348145,6.728976249694824,6.475275993347168,5.530947208404541,5.284539699554443,5.041851043701172,45765.29296875,125.06961059570312,43.5700569152832,22.44921875,11.960382461547852,8.81485366821289,7.388317108154297,6.844165325164795,5.737810134887695
740000,750001,17,9,249,214,1,62762.21875,230.32945251464844,123.7444076538086,57.100101470947266,31.948955535888672,23.81100845336914,17.5742130279541,12.465750694274902,10.133169174194336,8.47126293182373,8.197227478027344,7.663279056549072,6.788088798522949,6.126035213470459,5.675101280212402,5.321743011474609,4.460396766662598,45749.734375,125.0622787475586,43.88825988769531,23.31643295288086,12.25710391998291,8.848566055297852,7.161091327667236,6.902279376983643,5.332133769989014
745000,755001,17,9,249,216,0,63954.53515625,226.5867462158203,120.04112243652344,48.48308563232422,26.709196090698242,18.80259132385254,14.36240291595459,11.230918884277344,8.47929573059082,7.753780841827393,6.790140151977539,6.179916858673096,5.802833080291748,5.506413459777832,4.982572555541992,4.786879539489746,4.058996200561523,46617.26953125,119.14035034179688,40.28187942504883,18.007204055786133,10.272171974182129,6.805943012237549,6.072969436645508,5.852787017822266,5.037268161773682
745000,755001,17,9,249,216,1,63958.1796875,226.89920043945312,120.77449798583984,47.503719329833984,27.071813583374023,18.241092681884766,14.23025131225586,11.403688430786133,8.32824993133545,6.841893672943115,6.632521629333496,6.410112380981445,5.880088806152344,5.034815788269043,4.865915775299072,4.681465148925781,4.459725379943848,46620.84765625,119.1252670288086,39.96470642089844,17.010896682739258,9.855177879333496,7.9321770668029785,6.505099296569824,5.200542449951172,4.895540714263916
750000,760001,17,9,254,214,0,65380.26171875,225.55152893066406,116.3153305053711,53.65186309814453,26.099651336669922,16.686420440673828,13.336052894592285,10.159180641174316,8.700782775878906,7.180185317993164,6.961356163024902,5.975409030914307,5.598408222198486,5.273219108581543,4.999475002288818,4.354999542236328,4.140310764312744,47670.0859375,118.27739715576172,37.609989166259766,14.207779884338379,9.25089168548584,6.926368236541748,6.0162200927734375,4.8077826499938965,4.475452899932861
750000,760001,17,9,254,214,1,65315.015625,224.056884765625,116.64974975585938,55.79838180541992,25.947664260864258,17.33997344970703,13.024079322814941,10.256608963012695,7.562142372131348,6.550802230834961,6.1008076667785645,5.558620929718018,4.659852981567383,4.299173355102539,4.105673313140869,3.682180643081665,3.4687483310699463,47620.06640625,118.98163604736328,38.42937469482422,14.494888305664062,8.781253814697266,6.562943935394287,4.97868013381958,4.103490352630615,3.9212024211883545
755000,765001,17,9,246,211,0,66241.828125,230.09434509277344,112.49304962158203,50.0794677734375,26.841655731201172,15.085199356079102,10.976859092712402,9.428426742553711,7.798949718475342,6.737895488739014,5.984064102172852,5.659324645996094,5.600924491882324,4.959898948669434,4.576605796813965,4.060534954071045,3.553097724914551,48283.8671875,112.53380584716797,39.7335205078125,13.80187702178955,9.35068416595459,6.108875751495361,5.532458305358887,4.791861057281494,4.005999565124512
755000,765001,17,9,246,211,1,66216.140625,230.4380340576172,111.97027587890625,48.6147575378418,26.00293731689453,14.772555351257324,11.768774032592773,10.214764595031738,8.743332862854004,7.541545391082764,6.34122896194458,5.941342353820801,5.357101917266846,4.680677890777588,4.578333854675293,4.143721103668213,3.5910544395446777,48265.015625,112.96592712402344,38.537227630615234,13.459236145019531,9.748915672302246,7.045964241027832,6.387330055236816,4.9275031089782715,3.924212694168091
760000,770001,17,9,246,209,0,67197.3671875,248.96487426757812,124.27947998046875,53.78139877319336,22.48046875,18.696176528930664,13.556567192077637,11.05424690246582,9.377937316894531,8.10201358795166,6.97316312789917,6.610565662384033,5.988243579864502,5.531223773956299,4.918158054351807,4.676074504852295,4.435902118682861,48974.05859375,128.58143615722656,35.36664962768555,17.285537719726562,10.950528144836426,7.823205471038818,6.693107604980469,5.691709518432617,4.677114486694336
760000,770001,17,9,246,209,1,67183.9296875,248.00439453125,124.00048065185547,53.86852264404297,23.935626983642578,18.472909927368164,12.776288986206055,11.985405921936035,8.931658744812012,8.33340072631836,7.150479316711426,6.124108791351318,6.0149312019348145,5.714683532714844,5.038015365600586,4.852141380310059,4.5668535232543945,48964.26171875,128.6756591796875,36.83608627319336,17.60419273376465,11.801870346069336,8.485538482666016,6.608394622802734,6.022995471954346,5.024999141693115
765000,775001,17,9,252,213,0,68706.6484375,236.0740203857422,95.69345092773438,50.25178146362305,27.703079223632812,17.199663162231445,13.138252258300781,11.1367826461792,10.545577049255371,9.148338317871094,7.504856109619141,7.312272071838379,7.05612850189209,6.17855978012085,5.996365547180176,5.169955253601074,4.864173889160156,50093.515625,104.25198364257812,39.633201599121094,14.954803466796875,10.973954200744629,9.013282775878906,7.489802360534668,6.741694927215576,5.656103134155273
765000,775001,17,9,252,213,1,68666.421875,234.6250457763672,98.18309020996094,53.43134307861328,28.22060203552246,18.639427185058594,14.327442169189453,12.090523719787598,10.387321472167969,9.441039085388184,8.217265129089355,7.407837867736816,7.365706920623779,6.611823081970215,5.9634809494018555,5.319688320159912,5.040313720703125,50062.8671875,105.04299926757812,40.28365707397461,15.552257537841797,11.662225723266602,8.875554084777832,8.007680892944336,6.329648494720459,5.884866714477539
770000,780001,17,9,252,219,0,68103.953125,220.96945190429688,115.36705780029297,49.97977828979492,22.833539962768555,14.726632118225098,12.961174011230469,10.380097389221191,9.736186027526855,8.580714225769043,8.172511100769043,7.171060085296631,5.952847003936768,5.407044410705566,5.287242889404297,4.95548677444458,4.072610855102539,49653.2890625,116.55503845214844,33.31704330444336,13.375706672668457,9.578621864318848,8.507091522216797,7.2089362144470215,5.900700092315674,4.392414093017578
770000,780001,17,9,252,219,1,68083.0546875,220.22265625,115.02427673339844,49.49041748046875,23.627981185913086,14.387889862060547,12.964301109313965,11.40524673461914,9.097192764282227,8.329510688781738,7.03265380859375,6.181140899658203,6.065604209899902,5.40938663482666,4.860049247741699,4.619915962219238,3.685708999633789,49638.04296875,116.37515258789062,32.74821090698242,13.361146926879883,11.799996376037598,8.876852035522461,6.615812301635742,6.026551246643066,3.886025905609131
775000,785001,17,9,253,223,0,71042.640625,274.0561828613281,110.49250793457031,51.98925018310547,27.553386688232422,19.1954288482666,15.916271209716797,12.387862205505371,10.585229873657227,8.471705436706543,7.339684009552002,7.168960094451904,6.428521156311035,5.503198623657227,4.9270429611206055,4.6431779861450195,4.02227783203125,51802.4921875,120.99442291259766,37.220672607421875,16.234010696411133,12.245161056518555,7.515575408935547,7.195472240447998,5.544049263000488,4.518689155578613
775000,785001,17,9,253,223,1,71012.40625,278.20355224609375,110.81857299804688,54.79037094116211,29.500749588012695,20.665061950683594,17.61803436279297,12.502480506896973,10.534131050109863,8.94926929473877,7.627094268798828,7.071935176849365,6.614229202270508,6.137928485870361,5.569803714752197,5.371690273284912,4.9276509284973145,51780.55859375,121.67810821533203,40.41886901855469,17.73189353942871,12.329968452453613,8.054665565490723,7.064521789550781,5.447051525115967,5.272722244262695
780000,790001,17,9,256,218,0,70156.9375,231.7317657470703,96.85700225830078,46.25091552734375,24.834598541259766,14.177130699157715,13.32046127319336,10.705455780029297,9.478493690490723,8.934599876403809,7.858394622802734,6.992306232452393,5.788650989532471,5.385332107543945,4.90617561340332,4.553117275238037,4.3984856605529785,51152.609375,101.58863067626953,33.11914825439453,16.18569564819336,11.124247550964355,8.178777694702148,6.274572849273682,5.552305698394775,5.394546031951904
780000,790001,17,9,256,218,1,70123.4609375,229.60281372070312,98.24921417236328,45.62786102294922,24.620468139648438,14.091093063354492,13.04189682006836,10.20602798461914,9.803754806518555,8.931147575378418,7.717316627502441,6.325277805328369,5.505651473999023,5.045854091644287,4.8871965408325195,4.479050636291504,4.021585941314697,51127.8125,103.4238052368164,32.6528205871582,14.61412239074707,9.916866302490234,8.452820777893066,7.945124626159668,5.794729232788086,4.91741418838501
785000,795001,17,9,251,220,0,69447.7109375,244.0303192138672,94.80018615722656,40.84844207763672,20.01441192626953,12.906310081481934,9.817567825317383,8.665870666503906,7.979950428009033,7.164535999298096,6.013749599456787,5.338240146636963,5.065973281860352,4.833138942718506,4.535854816436768,4.357800483703613,3.798398971557617,50631.19140625,119.5752182006836,33.22966384887695,12.016176223754883,8.732309341430664,6.36214017868042,5.793975353240967,5.071446895599365,4.702032089233398
785000,795001,17,9,251,220,1,69352.265625,243.3115234375,94.97806549072266,41.31011962890625,20.254383087158203,13.151247024536133,9.643741607666016,7.62509298324585,7.235370635986328,6.190423011779785,5.756307125091553,5.124267578125,4.865886211395264,4.465849876403809,4.255190849304199,4.226228713989258,3.8108651638031006,50561.3046875,118.28466796875,32.45562744140625,12.463936805725098,8.072463035583496,5.9698333740234375,5.6225738525390625,4.727799892425537,4.556860446929932
790000,800001,17,9,252,208,0,71339.0234375,258.34100341796875,107.52664947509766,44.53813934326172,20.93329620361328,15.161768913269043,10.9718017578125,8.91239070892334,8.030851364135742,7.677345275878906,7.109537601470947,6.925962924957275,6.433103084564209,5.59630823135376,5.18172550201416,4.968287467956543,4.873242378234863,52015.77734375,118.0895767211914,34.452789306640625,13.475713729858398,8.837494850158691,8.143445014953613,7.146642208099365,6.454659461975098,5.446105003356934
790000,800001,17,9,252,208,1,71355.6875,256.4992980957031,107.19908142089844,43.78540802001953,21.951610565185547,15.507224082946777,11.166970252990723,8.700806617736816,8.413236618041992,7.4856858253479,7.0488715171813965,6.8229146003723145,6.540168762207031,6.014220237731934,5.486902236938477,4.819525241851807,4.499730587005615,52027.41796875,118.00263977050781,34.98400115966797,13.621902465820312,9.063223838806152,8.217645645141602,7.290716171264648,6.368444442749023,4.802892208099365
795000,805001,17,9,251,224,0,70720.421875,216.98231506347656,106.35136413574219,43.58747863769531,18.983320236206055,12.469501495361328,8.865023612976074,7.740248203277588,7.258894920349121,6.349035739898682,6.063063621520996,5.3252177238464355,4.825340270996094,4.2795090675354,3.8159639835357666,3.3101491928100586,3.247969627380371,51551.31640625,108.93987274169922,31.60013771057129,12.061195373535156,7.406453609466553,6.03814172744751,5.699370384216309,4.6788530349731445,3.662123441696167
795000,805001,17,9,251,224,1,70736.3984375,218.33364868164062,107.20783233642578,44.8113899230957,19.951892852783203,11.608552932739258,8.461528778076172,7.4319915771484375,6.566437721252441,6.455191612243652,5.695896625518799,5.350478172302246,5.132116317749023,4.328211784362793,3.733015537261963,3.435431718826294,3.2465522289276123,51563.3125,108.29116821289062,31.901920318603516,12.409079551696777,6.924280643463135,6.008208274841309,5.4193267822265625,4.570383548736572,3.6170735359191895
800000,810001,17,9,251,211,0,71528.640625,260.7928466796875,99.04871368408203,41.935909271240234,18.262489318847656,11.62913703918457,8.837964057922363,8.011088371276855,6.894678115844727,6.2601447105407715,5.859988212585449,5.44378137588501,4.980835914611816,4.537597179412842,4.137301921844482,3.866328001022339,3.616680383682251,52163.45703125,117.77766418457031,31.407649993896484,9.8209810256958,7.293198585510254,6.033230781555176,5.675960540771484,4.248870372772217,4.201125144958496
800000,810001,17,9,251,211,1,71567.0703125,261.54736328125,98.57565307617188,42.00773620605469,16.527729034423828,11.13003158569336,8.081361770629883,7.330300807952881,6.520497798919678,6.039677619934082,5.572644233703613,5.16718864440918,4.5297698974609375,4.087533950805664,3.772599220275879,3.683436393737793,3.4418811798095703,52190.02734375,117.6494369506836,30.65603256225586,9.470827102661133,7.124788761138916,6.091835021972656,5.365215301513672,4.376474857330322,3.926800489425659
805000,815001,17,9,250,215,0,73165.46875,240.880615234375,102.11936950683594,48.2703971862793,18.402990341186523,14.687665939331055,11.083626747131348,9.511259078979492,8.564805030822754,7.826519012451172,6.5814290046691895,6.304671764373779,5.925626754760742,5.694607734680176,5.2336225509643555,5.139301776885986,3.839529275894165,53320.94140625,110.72447967529297,31.761110305786133,12.0101900100708,8.281412124633789,7.769405841827393,6.141740798950195,5.8341169357299805,4.4861531257629395
805000,815001,17,9,250,215,1,73154.21875,241.30801391601562,100.91846466064453,47.27661895751953,17.00567626953125,15.310478210449219,10.668379783630371,9.17681884765625,7.908732891082764,7.347898006439209,6.432914733886719,6.234456539154053,5.405073642730713,5.173152923583984,5.009588241577148,4.597487926483154,4.1966023445129395,53312.62109375,109.86519622802734,30.019229888916016,12.719511032104492,7.909039497375488,6.633394718170166,5.996740818023682,5.561601638793945,4.589537143707275
810000,820001,17,9,252,220,0,75067.75,258.6272277832031,119.01573944091797,46.13867950439453,22.451128005981445,14.886832237243652,12.475476264953613,10.031967163085938,9.410502433776855,7.626940727233887,6.585097312927246,6.057557582855225,5.581291198730469,5.174354076385498,4.727039337158203,4.341712474822998,3.741673707962036,54706.1875,123.28004455566406,35.805816650390625,13.947537422180176,9.257837295532227,6.574863433837891,6.307618618011475,5.765217304229736,4.748561859130859
810000,820001,17,9,252,220,1,75099.1171875,255.8538818359375,115.37033081054688,45.66263198852539,22.214305877685547,14.065777778625488,12.172322273254395,9.976125717163086,8.94422435760498,7.251116752624512,6.313109397888184,5.621612071990967,5.415729999542236,4.860860824584961,4.587183475494385,4.509567737579346,4.008660316467285,54727.9765625,121.66600036621094,35.3033561706543,13.044805526733398,9.900053024291992,6.412243843078613,6.096198558807373,5.178671360015869,4.858308792114258
815000,825001,17,9,254,218,0,76070.203125,228.65969848632812,115.7907485961914,42.84925842285156,18.51342010498047,13.669268608093262,9.48995590209961,8.239986419677734,7.34918212890625,6.75529670715332,6.329409599304199,5.806567668914795,5.497476577758789,5.018334865570068,4.609097480773926,4.144711494445801,3.827388286590576,55457.31640625,113.65644836425781,29.95224380493164,11.208932876586914,7.560616970062256,6.786102771759033,5.253148078918457,5.017916202545166,4.41347599029541
815000,825001,17,9,254,218,1,76088.78125,227.90199279785156,113.90904998779297,42.61922073364258,18.714292526245117,14.201791763305664,10.760666847229004,7.942776203155518,6.597747325897217,6.3288798332214355,5.904813766479492,5.841649532318115,4.895719528198242,4.402138710021973,4.19395637512207,3.6677699089050293,3.537550449371338,55471.2578125,111.84973907470703,30.318857192993164,12.005927085876465,7.072290897369385,6.087635517120361,5.418452262878418,4.8061981201171875,3.921227216720581
820000,830001,17,9,252,215,0,76933.7421875,231.6763916015625,105.16442108154297,42.17296600341797,22.907730102539062,13.979349136352539,11.875228881835938,11.536314010620117,8.222676277160645,7.452176570892334,6.383685111999512,6.329237461090088,5.531198024749756,5.1709699630737305,4.98577880859375,4.274723529815674,4.184084415435791,56072.98828125,108.63217163085938,33.37257766723633,12.915562629699707,9.354085922241211,7.546692371368408,6.38686466217041,5.403951168060303,4.985416412353516
820000,830001,17,9,252,215,1,76943.984375,233.45159912109375,104.39228057861328,42.302528381347656,21.38141632080078,13.8001127243042,10.849312782287598,8.655288696289062,7.898410320281982,7.395140171051025,6.772747993469238,6.130632400512695,5.7237701416015625,5.097100257873535,5.042492866516113,4.321604251861572,3.8470494747161865,56079.6640625,108.43378448486328,33.68605041503906,11.4158353805542,7.567440032958984,7.057973384857178,5.864047527313232,5.294213771820068,4.3875603675842285
825000,835001,17,9,252,219,0,74958.4296875,241.30963134765625,95.62300872802734,43.28517532348633,19.820226669311523,13.376717567443848,8.931056022644043,8.37038516998291,7.936265468597412,6.764435768127441,5.996193885803223,5.670201301574707,5.087344646453857,4.61054801940918,4.56205415725708,4.122638702392578,3.880805730819702,54643.6484375,105.41377258300781,30.74728775024414,10.7680025100708,8.71599292755127,6.9311981201171875,5.876528263092041,5.5436506271362305,4.710215091705322
825000,835001,17,9,252,219,1,74948.625,239.6239776611328,96.66849517822266,43.88936996459961,19.692136764526367,13.24637222290039,8.335302352905273,7.5977935791015625,7.425239562988281,6.590259552001953,6.188172817230225,5.799051284790039,4.662374496459961,4.509365081787109,4.121133327484131,3.804286241531372,3.4501798152923584,54637.60546875,105.79590606689453,31.279754638671875,10.94328784942627,7.41503381729126,6.631532669067383,5.40786075592041,5.11108922958374,3.904982328414917
830000,840001,17,9,250,223,0,75661.4765625,234.72915649414062,95.76021575927734,42.04542922973633,19.879602432250977,12.857497215270996,9.702413558959961,7.904479503631592,7.262548923492432,6.6173601150512695,6.208453178405762,5.903810024261475,4.990842342376709,4.843536376953125,4.471490859985352,4.232804298400879,3.957862138748169,55128.8984375,109.36695098876953,33.405433654785156,11.203618049621582,6.557276248931885,6.068198204040527,4.884652614593506,4.6174726486206055,4.509755611419678
830000,840001,17,9,250,223,1,75639.328125,235.19818115234375,95.6238021850586,43.926910400390625,20.55891990661621,13.274791717529297,9.27277660369873,8.217303276062012,7.33716344833374,6.7356696128845215,6.119829177856445,5.609612464904785,5.180398464202881,4.794808387756348,4.520261764526367,4.226208686828613,3.6357462406158447,55113.38671875,108.5575942993164,34.58110427856445,10.8654146194458,6.468548774719238,6.154978275299072,5.168773651123047,4.838111400604248,3.940889358520508
835000,845001,17,9,253,211,0,78352.421875,277.7889709472656,106.18824005126953,43.51475143432617,20.352069854736328,14.192374229431152,9.171061515808105,8.674117088317871,7.685644626617432,7.180051326751709,6.026614665985107,5.360050201416016,4.9381422996521,4.546187400817871,4.188534259796143,3.7700743675231934,3.6951613426208496,57123.1875,123.54389953613281,30.144243240356445,12.772175788879395,8.001106262207031,6.702132701873779,5.275881767272949,4.539894104003906,3.8783435821533203
835000,845001,17,9,253,211,1,78328.609375,279.70965576171875,108.21998596191406,44.97433853149414,21.348026275634766,14.133925437927246,9.47189998626709,8.764421463012695,7.797438621520996,6.606800556182861,5.916052341461182,5.196593761444092,4.809209823608398,4.391809463500977,4.053511619567871,3.925601005554199,3.5566000938415527,57108.125,124.83287048339844,30.585607528686523,12.477923393249512,8.180484771728516,6.013956069946289,5.71856164932251,4.144057750701904,3.8482770919799805
840000,850001,17,9,248,222,0,76930.984375,260.0556335449219,106.50556945800781,44.173587799072266,21.9419002532959,14.197896003723145,10.571409225463867,8.314849853515625,7.145425319671631,6.730901718139648,6.107882022857666,5.595324993133545,5.33778715133667,4.828906536102295,4.629549980163574,4.149407863616943,3.683570623397827,56088.9921875,122.83350372314453,32.53993225097656,12.53095531463623,7.58627986907959,6.503188610076904,5.357057094573975,4.747687339782715,3.912564754486084
840000,850001,17,9,248,222,1,76916.578125,258.1884460449219,106.84797668457031,43.47543716430664,20.993776321411133,13.800042152404785,10.165521621704102,8.550344467163086,7.026413917541504,6.158093452453613,5.901902675628662,5.675788402557373,5.5296430587768555,4.630400657653809,4.487756252288818,4.233878135681152,3.78580904006958,56079.453125,122.34191131591797,31.81702995300293,12.392254829406738,7.432309627532959,5.834744453430176,4.982657432556152,4.698678493499756,4.489600658416748
845000,855001,17,9,253,217,0,75326.9609375,232.31942749023438,111.34954833984375,45.70811080932617,23.37137794494629,15.038763999938965,11.74554443359375,10.521010398864746,9.686279296875,6.850823402404785,6.279323101043701,5.626379013061523,5.305246829986572,5.202007293701172,5.024964332580566,4.179389476776123,3.5266380310058594,54888.7265625,119.21908569335938,34.30360794067383,13.589269638061523,8.168963432312012,6.210447311401367,5.718420028686523,5.3071441650390625,4.740109920501709
845000,855001,17,9,253,217,1,75359.2109375,230.81703186035156,111.60688781738281,47.68483352661133,24.175052642822266,15.861080169677734,11.724939346313477,9.106459617614746,7.373249530792236,6.7713751792907715,6.458584785461426,5.9522552490234375,5.402987003326416,4.525704860687256,4.0754804611206055,3.937131404876709,3.6749277114868164,54913.41015625,118.69941711425781,36.36970901489258,13.79541301727295,8.069348335266113,6.301785469055176,5.919713497161865,4.255032539367676,4.044449806213379
850000,860001,17,9,251,220,0,80691.5234375,259.8108215332031,109.44322204589844,45.5635986328125,22.316726684570312,17.179805755615234,11.329805374145508,10.366560935974121,9.167240142822266,7.779791355133057,7.567286014556885,6.76134729385376,5.86491060256958,5.238800525665283,4.745515823364258,4.023967742919922,3.937218427658081,58818.22265625,117.49322509765625,32.11384582519531,13.606402397155762,9.640484809875488,7.60745906829834,7.104107856750488,5.380410194396973,4.493030548095703
850000,860001,17,9,251,220,1,80714.2421875,260.6996765136719,109.9040298461914,45.96266174316406,23.48700714111328,18.61612892150879,10.675823211669922,9.778214454650879,8.565373420715332,8.076696395874023,7.165994644165039,6.662322044372559,6.5264811515808105,5.485449314117432,4.62786340713501,4.343938827514648,4.228471755981445,58835.47265625,118.00965881347656,33.24357986450195,14.736989974975586,9.20184326171875,7.622219085693359,6.985522747039795,5.9955010414123535,4.776286602020264
855000,865001,17,9,254,224,0,80471.8203125,265.39520263671875,118.25039672851562,49.46462631225586,25.388565063476562,17.698501586914062,12.833664894104004,9.99969482421875,8.374868392944336,6.975980758666992,6.449995040893555,6.076470375061035,5.2435302734375,5.170474052429199,4.438002109527588,4.245322227478027,3.7263197898864746,58650.32421875,127.97120666503906,36.28728485107422,15.542390823364258,8.883009910583496,6.729892730712891,5.375144004821777,4.850547790527344,4.384620666503906
855000,865001,17,9,254,224,1,80482.2109375,262.952880859375,116.6328353881836,47.72916030883789,23.855510711669922,17.54956817626953,12.153481483459473,9.060137748718262,8.196552276611328,6.6740522384643555,6.2236409187316895,5.85344123840332,5.441586017608643,4.8298115730285645,4.357557773590088,4.102484226226807,3.695866107940674,58657.703125,127.65788269042969,34.317466735839844,14.419439315795898,8.405189514160156,6.446549892425537,5.660345077514648,4.359175682067871,4.180331230163574
860000,870001,17,9,252,222,0,83851.6484375,250.63055419921875,111.06675720214844,51.75122833251953,25.507328033447266,18.544353485107422,12.300345420837402,10.654945373535156,9.38364315032959,8.507518768310547,8.092626571655273,7.69883394241333,7.022665023803711,6.036863327026367,5.706646919250488,4.8661417961120605,4.3073344230651855,61120.9453125,120.33351135253906,38.70648193359375,16.224960327148438,9.486442565917969,8.084959030151367,7.039879322052002,6.081398963928223,5.491542816162109
860000,870001,17,9,252,222,1,83784.0234375,248.90432739257812,109.15754699707031,49.5131721496582,23.31678009033203,18.915952682495117,11.311739921569824,10.46025276184082,8.855690956115723,8.366981506347656,7.735403060913086,6.786543369293213,6.660499572753906,5.751883029937744,5.001944541931152,4.658290863037109,4.088179111480713,61070.18359375,118.79597473144531,37.4985237121582,15.227520942687988,9.3046875,6.954342842102051,6.6580891609191895,5.951146125793457,4.845980644226074
865000,875001,17,9,250,216,0,81877.7734375,258.63372802734375,115.34734344482422,53.312198638916016,23.674880981445312,19.89344596862793,13.598580360412598,10.460701942443848,9.35457706451416,8.822585105895996,7.154753684997559,6.9676384925842285,6.416136741638184,5.168947219848633,4.8754167556762695,4.526726722717285,4.262142181396484,59686.42578125,124.07035827636719,36.44264221191406,16.09388542175293,10.284257888793945,8.051610946655273,6.5731706619262695,5.532039642333984,4.40273904800415
865000,875001,17,9,250,216,1,81899.640625,254.95968627929688,116.11378479003906,55.977622985839844,24.590450286865234,20.440595626831055,13.763602256774902,10.573505401611328,8.926976203918457,8.42768383026123,7.637589454650879,6.976559638977051,6.654759883880615,5.278139591217041,5.014970779418945,4.8034186363220215,4.045373439788818,59702.10546875,124.28597259521484,37.711429595947266,15.052050590515137,9.721497535705566,7.768394947052002,7.045043468475342,5.13802433013916,4.721404552459717
870000,880001,17,9,249,217,0,78694.5234375,229.19166564941406,115.72264862060547,48.51025390625,21.80373191833496,15.858222961425781,12.356600761413574,9.678826332092285,9.298186302185059,8.54457950592041,8.234829902648926,6.6656036376953125,6.2697553634643555,5.622830390930176,4.937901496887207,4.791421413421631,3.9551665782928467,57360.0546875,116.67852783203125,34.6702766418457,13.249298095703125,9.46155071258545,8.651681900024414,7.530374526977539,6.229424476623535,4.469517230987549
870000,880001,17,9,249,217,1,78722.9765625,229.03506469726562,116.56275177001953,47.60234832763672,21.108739852905273,17.16509437561035,13.270669937133789,9.750139236450195,8.717476844787598,7.102021217346191,6.768640041351318,6.322616100311279,6.0874857902526855,5.3999505043029785,4.7516255378723145,4.586435317993164,4.203554630279541,57380.87890625,116.65765380859375,33.35107421875,15.208786964416504,8.918971061706543,6.9891357421875,6.3589935302734375,5.3507561683654785,4.945844650268555
875000,885001,17,9,254,223,0,82111.3828125,252.82408142089844,120.00902557373047,56.71320724487305,28.23551368713379,18.98978614807129,14.627352714538574,11.425812721252441,9.213149070739746,8.42880630493164,7.776427745819092,6.5536603927612305,6.263052463531494,5.49423885345459,4.8171563148498535,4.7929887771606445,4.4027252197265625,59840.51171875,126.16429901123047,42.922569274902344,16.207733154296875,11.008432388305664,8.161835670471191,6.768316745758057,5.320745944976807,4.878401279449463
875000,885001,17,9,254,223,1,82065.3125,249.73809814453125,117.08135223388672,53.478511810302734,25.72348403930664,18.26367950439453,13.371417999267578,11.568557739257812,9.535598754882812,8.804197311401367,7.0106425285339355,6.777750015258789,6.246667861938477,5.432154178619385,5.001764297485352,4.810545444488525,4.726611614227295,59806.1484375,124.06021881103516,40.67030715942383,14.179200172424316,11.695209503173828,8.51208782196045,6.90545129776001,5.6477837562561035,4.9051713943481445
880000,890001,17,9,248,211,0,83441.484375,271.1915283203125,113.8678970336914,50.49748611450195,27.994367599487305,18.431163787841797,15.051959991455078,11.45914077758789,9.243894577026367,7.7898430824279785,7.207367897033691,6.949222087860107,6.386274814605713,5.839271068572998,5.572710990905762,4.93393611907959,4.363013744354248,60822.01953125,130.95184326171875,42.2481575012207,16.953018188476562,10.862340927124023,7.9821062088012695,7.02128791809082,6.590854644775391,5.885789394378662
880000,890001,17,9,248,211,1,83368.5,272.5359802246094,113.44588470458984,51.82958221435547,28.512849807739258,19.541664123535156,14.562719345092773,11.313936233520508,10.561115264892578,9.557043075561523,9.172986030578613,8.581536293029785,7.302098751068115,6.283454895019531,6.1036272048950195,5.781381130218506,5.121820449829102,60768.7578125,131.78013610839844,43.038291931152344,18.032695770263672,11.145357131958008,9.560730934143066,8.267476081848145,6.821295738220215,6.06082820892334
885000,895001,17,9,250,219,0,85528.4609375,276.34521484375,113.66078186035156,53.586795806884766,27.508359909057617,18.757673263549805,15.44084358215332,11.305013656616211,10.193617820739746,8.967249870300293,7.7445268630981445,6.9419474601745605,6.582106590270996,6.162221431732178,5.527576446533203,5.323359489440918,4.839385032653809,62321.8046875,130.56295776367188,41.69465637207031,17.515291213989258,11.393799781799316,7.8534064292907715,7.453568458557129,5.794039726257324,5.114544868469238
885000,895001,17,9,250,219,1,85545.515625,278.9237060546875,111.95027923583984,54.64580154418945,26.255870819091797,18.114938735961914,14.789710998535156,10.979207992553711,10.79886531829834,8.034433364868164,7.370790958404541,6.676624774932861,6.217986583709717,5.629126071929932,5.501488208770752,4.957251071929932,4.759314060211182,62332.9765625,128.48123168945312,41.763771057128906,17.201330184936523,11.306224822998047,7.843788146972656,6.568564414978027,5.757107257843018,5.3604326248168945
890000,900001,17,9,253,220,0,85238.1484375,254.83766174316406,113.62815856933594,50.344879150390625,27.486242294311523,18.47010040283203,14.824719429016113,11.030579566955566,8.290434837341309,8.103902816772461,7.438461780548096,6.945895671844482,6.417386054992676,5.901021957397461,5.451505184173584,5.030994892120361,4.751878261566162,62133.82421875,123.3407974243164,38.76580047607422,16.180904388427734,9.228470802307129,7.41546106338501,6.454646587371826,6.060215473175049,5.24916934967041
890000,900001,17,9,253,220,1,85350.203125,253.5232696533203,113.30609130859375,50.085697174072266,28.058238983154297,19.471033096313477,15.34443187713623,11.53748607635498,10.049482345581055,8.567309379577637,8.090014457702637,7.427286148071289,6.878320693969727,6.498392105102539,6.085447788238525,5.542121887207031,4.675698757171631,62215.16796875,122.52735900878906,37.819820404052734,16.799846649169922,10.230884552001953,8.340005874633789,7.428085803985596,6.5475568771362305,5.361587047576904
895000,905001,17,9,248,209,0,85608.859375,262.5362548828125,116.71644592285156,55.507137298583984,24.22771644592285,20.229278564453125,14.941885948181152,11.504748344421387,9.396408081054688,8.861420631408691,8.144248008728027,7.15549373626709,6.300389766693115,5.870658874511719,5.7094550132751465,5.012758255004883,4.704188346862793,62390.11328125,129.08006286621094,37.02919387817383,16.612743377685547,11.239666938781738,8.684814453125,6.024927616119385,5.57830286026001,4.895333290100098
895000,905001,17,9,248,209,1,85560.0625,262.2774963378906,116.73497009277344,58.29197311401367,25.922157287597656,21.250667572021484,15.58338737487793,11.902091026306152,10.880191802978516,9.514348983764648,9.10042667388916,8.029943466186523,6.952783107757568,6.673310279846191,5.6893157958984375,5.345007419586182,4.9421234130859375,62354.7421875,129.720458984375,38.377899169921875,17.55511474609375,12.00922679901123,8.648850440979004,7.562475681304932,5.974177360534668,5.441145420074463
900000,910001,17,9,253,219,0,86811.9296875,265.4330139160156,113.74249267578125,53.92142105102539,27.730207443237305,18.834558486938477,13.377705574035645,11.940465927124023,10.128572463989258,8.838348388671875,8.120796203613281,6.854771614074707,6.485841274261475,6.290341854095459,5.6504807472229,5.400629043579102,4.814155101776123,63246.87890625,120.44734191894531,38.40574645996094,15.414422988891602,10.353568077087402,9.020511627197266,6.836274147033691,5.691980361938477,5.272368431091309
900000,910001,17,9,253,219,1,86851.2890625,265.1311340332031,113.68651580810547,54.90955352783203,28.589401245117188,19.513856887817383,14.353798866271973,12.126151084899902,9.801974296569824,8.87943172454834,7.682719707489014,6.9176740646362305,6.528391361236572,5.824577808380127,5.633828639984131,4.7205491065979,4.60690450668335,63275.1640625,121.01968383789062,38.560550689697266,15.377211570739746,10.882187843322754,8.155961036682129,6.44758939743042,5.6376953125,4.682200908660889
905000,915001,17,9,251,220,0,85295.1796875,257.9927673339844,121.30326080322266,58.40798568725586,27.835430145263672,19.13071632385254,14.691583633422852,12.81074333190918,9.534444808959961,7.653843879699707,6.996836185455322,6.489902973175049,6.150118350982666,6.025461673736572,5.548584461212158,5.134786128997803,4.694748401641846,62170.57421875,122.66854095458984,45.03636169433594,15.973122596740723,10.15368938446045,7.438742637634277,6.230926036834717,6.0812506675720215,4.9984846115112305
905000,915001,17,9,251,220,1,85328.9296875,256.357177734375,121.47377014160156,57.43595886230469,29.47583770751953,20.07549476623535,15.34585952758789,13.505435943603516,9.966592788696289,8.689739227294922,7.700658321380615,6.498741626739502,6.272250175476074,6.085312843322754,5.58803129196167,5.459286212921143,5.0187907218933105,62196.21875,123.4014663696289,44.74459457397461,16.96350860595703,10.774700164794922,8.322924613952637,6.968140602111816,6.41559362411499,5.182825565338135
910000,920001,17,9,253,218,0,87627.75,277.2127990722656,110.17366790771484,56.02590560913086,27.20503044128418,19.885143280029297,13.559494018554688,11.934199333190918,8.895233154296875,8.74593448638916,8.241293907165527,6.929569244384766,6.26959228515625,5.727226257324219,5.523434162139893,5.126270771026611,4.742814064025879,63841.1328125,130.64068603515625,39.932167053222656,16.32547378540039,9.925411224365234,7.877189636230469,7.676062107086182,6.219951152801514,5.499506950378418
910000,920001,17,9,253,218,1,87657.7421875,277.81341552734375,109.58111572265625,54.97007751464844,27.547199249267578,19.515256881713867,14.535099983215332,12.657739639282227,9.481348037719727,8.5437593460083,7.058022975921631,7.0045881271362305,6.482311725616455,6.074014186859131,5.606761455535889,5.532312393188477,4.3130269050598145,63862.4765625,130.44924926757812,40.2402229309082,16.742748260498047,11.085795402526855,7.923238277435303,6.73876428604126,6.054738998413086,5.281881809234619
915000,925001,17,9,253,217,0,91195.0546875,284.9724426269531,119.06565856933594,59.02387237548828,29.50248146057129,20.11531639099121,15.989142417907715,11.52694034576416,9.701061248779297,8.444514274597168,8.080110549926758,7.533143997192383,7.187147617340088,6.422205448150635,6.03950834274292,5.185520648956299,5.054084777832031,66480.125,128.06295776367188,39.71218490600586,15.59309196472168,10.364264488220215,7.959444522857666,7.363113880157471,6.0581207275390625,5.75575065612793
915000,925001,17,9,253,217,1,91285.3671875,285.11761474609375,116.94400024414062,57.00475311279297,27.6334228515625,22.067485809326172,13.705940246582031,11.878938674926758,10.960247039794922,9.868256568908691,8.955617904663086,7.964865684509277,7.170441150665283,6.677675724029541,6.301994323730469,5.858208179473877,5.487046718597412,66547.71875,126.55567932128906,38.11751937866211,16.33163070678711,11.026381492614746,9.10546588897705,8.109238624572754,6.933416843414307,5.910158634185791
920000,930001,17,9,254,210,0,86465.578125,268.3624267578125,125.45001220703125,60.63019943237305,28.697988510131836,19.912595748901367,13.732749938964844,11.54926586151123,10.946074485778809,8.43211841583252,8.099990844726562,7.767508029937744,7.177561283111572,6.425724029541016,5.759705543518066,5.592141628265381,5.2440690994262695,62992.67578125,137.07662963867188,44.20283126831055,17.06082534790039,11.539260864257812,7.837337493896484,7.21610689163208,6.124662399291992,5.51234245300293
920000,930001,17,9,254,210,1,86519.5703125,267.3965148925781,123.86161041259766,58.967166900634766,28.277366638183594,20.089218139648438,13.922194480895996,10.695988655090332,9.550840377807617,8.385704040527344,7.343016624450684,7.327739238739014,6.890347480773926,6.731474876403809,6.177261829376221,5.666232109069824,5.491899013519287,63031.734375,135.767578125,43.091190338134766,17.34177589416504,10.548381805419922,7.2872633934021,7.170914173126221,6.041537284851074,5.585604190826416
925000,935001,17,9,252,215,0,91378.2890625,273.9418029785156,110.3735122680664,52.40989303588867,25.230606079101562,18.66734504699707,16.423503875732422,14.163023948669434,11.087116241455078,10.32977294921875,9.32780933380127,8.565988540649414,8.081461906433105,6.644389629364014,6.477952003479004,6.003829002380371,5.060436248779297,66596.765625,123.58467864990234,37.092647552490234,16.812992095947266,13.229873657226562,10.013614654541016,8.997607231140137,7.369944095611572,6.081330299377441
925000,935001,17,9,252,215,1,91324.0703125,272.4041442871094,112.09180450439453,53.0471076965332,26.477434158325195,20.493183135986328,15.200295448303223,12.668142318725586,11.379805564880371,10.135200500488281,8.407658576965332,7.503703594207764,7.234396457672119,6.8301777839660645,6.364218235015869,5.797571659088135,5.081505298614502,66557.890625,124.79093933105469,37.301963806152344,16.70490074157715,12.032753944396973,10.77424144744873,7.976884365081787,6.811928749084473,6.1074299812316895
930000,940001,17,9,254,224,0,89112.6328125,261.1589660644531,122.53263854980469,52.4639778137207,27.31724739074707,18.874317169189453,14.244377136230469,11.4265775680542,10.841617584228516,8.955005645751953,7.737636566162109,7.471266269683838,7.0498881340026855,6.528073787689209,5.94307279586792,5.342141628265381,4.818141460418701,64927.93359375,132.75408935546875,41.72023391723633,16.819276809692383,10.94500732421875,8.452675819396973,7.566555023193359,6.983351230621338,5.687929153442383
930000,940001,17,9,254,224,1,89118.09375,264.6888732910156,122.5400619506836,50.140628814697266,27.180892944335938,18.550594329833984,14.259764671325684,10.202481269836426,10.109841346740723,8.640286445617676,7.619203567504883,6.9754815101623535,6.430936336517334,6.211999416351318,5.951770305633545,5.650746822357178,4.766484260559082,64931.23828125,133.60333251953125,40.18043899536133,16.311071395874023,10.70041561126709,7.730795860290527,7.334526538848877,6.236794471740723,5.567220211029053
935000,945001,17,9,253,220,0,90723.984375,287.39581298828125,129.8690185546875,53.7577018737793,26.860525131225586,19.705141067504883,15.238703727722168,11.26259994506836,10.5383882522583,9.97176456451416,8.095189094543457,7.733443737030029,6.845118522644043,6.0778117179870605,5.79245138168335,5.4518022537231445,4.660650253295898,66100.6796875,135.5137176513672,39.132450103759766,16.723876953125,10.131210327148438,8.12999153137207,6.972588539123535,6.087705135345459,5.418914318084717
935000,945001,17,9,253,220,1,90731.515625,284.1188049316406,128.5759735107422,53.244163513183594,27.01519775390625,19.724201202392578,16.618438720703125,11.117989540100098,9.860466003417969,8.879090309143066,8.225056648254395,7.57029914855957,7.087261199951172,6.364339828491211,5.671902179718018,5.245588779449463,4.980710029602051,66106.375,134.38482666015625,39.631202697753906,16.906208038330078,10.255064964294434,8.249350547790527,7.164870262145996,6.782582759857178,5.504152297973633
940000,950001,17,9,252,218,0,90486.7109375,267.68572998046875,134.28077697753906,56.4815559387207,28.186811447143555,20.82663345336914,15.78660774230957,13.18690013885498,10.127708435058594,9.32897663116455,8.846932411193848,8.09290599822998,6.990091800689697,6.612129211425781,6.334716320037842,5.727940559387207,5.455811023712158,65927.84375,131.79495239257812,42.263648986816406,17.472240447998047,12.43209457397461,9.427450180053711,7.609601974487305,6.7778215408325195,6.3947248458862305
940000,950001,17,9,252,218,1,90553.953125,270.41595458984375,137.2249755859375,56.06277084350586,27.800472259521484,20.32378578186035,15.52968978881836,12.319662094116211,10.637152671813965,9.87195110321045,9.015616416931152,8.58452033996582,7.547710418701172,7.225424289703369,6.735447406768799,6.0361857414245605,5.468935966491699,65977.578125,132.84339904785156,42.66655349731445,16.967330932617188,12.206873893737793,9.217318534851074,8.049308776855469,7.649990081787109,6.690007209777832
945000,955001,17,9,255,224,0,93984.8984375,273.46514892578125,127.01397705078125,57.83604049682617,32.073612213134766,19.87609100341797,15.010656356811523,12.708187103271484,9.734722137451172,8.296365737915039,7.841617584228516,6.936758518218994,6.735053539276123,6.5028581619262695,5.639187812805176,5.413718223571777,5.0412163734436035,68459.7578125,130.93849182128906,46.92279052734375,16.775609970092773,11.783265113830566,8.638164520263672,6.774590015411377,6.0658721923828125,5.2932281494140625
945000,955001,17,9,255,224,1,93929.8671875,273.2670593261719,125.03385162353516,56.919952392578125,29.71796226501465,20.05885887145996,16.08315086364746,13.766317367553711,9.861715316772461,8.975543975830078,8.40870189666748,7.4917378425598145,6.54286527633667,6.4979095458984375,6.230884552001953,5.8679351806640625,5.383470058441162,68420.6875,128.98849487304688,45.284637451171875,17.121835708618164,11.698423385620117,8.813715934753418,7.025779724121094,6.5071563720703125,6.05750036239624
950000,960001,17,9,253,222,0,91777.46875,286.05450439453125,127.16361236572266,54.496063232421875,30.47406005859375,18.38154411315918,14.54421329498291,13.970734596252441,11.281987190246582,11.03543758392334,10.058575630187988,8.108302116394043,7.595009803771973,6.5130615234375,6.398889064788818,5.644335746765137,5.272015571594238,66873.9375,132.551025390625,42.65104675292969,16.191612243652344,13.352354049682617,10.905766487121582,8.935699462890625,6.6549201011657715,6.028743267059326
950000,960001,17,9,253,222,1,91755.9609375,284.0600891113281,127.42609405517578,55.81572341918945,30.666339874267578,18.86190414428711,14.105586051940918,10.596982955932617,9.555590629577637,9.427814483642578,8.486781120300293,7.536031723022461,7.098706245422363,5.973455429077148,5.691226482391357,5.329041481018066,5.2094573974609375,66858.703125,131.20204162597656,42.40275955200195,16.0437068939209,10.328335762023926,8.32450008392334,7.510693550109863,6.225470066070557,5.520319938659668
955000,965001,17,9,253,211,0,93261.6328125,270.1934814453125,123.87362670898438,54.773963928222656,27.085189819335938,20.76764678955078,15.591795921325684,11.345345497131348,10.10807991027832,8.470641136169434,8.115888595581055,7.40027379989624,6.632267951965332,6.485692501068115,5.984691619873047,5.573896408081055,4.902416706085205,67946.9609375,136.43930053710938,44.026885986328125,17.313650131225586,11.015148162841797,8.475458145141602,7.100944519042969,6.35669469833374,6.063910961151123
955000,965001,17,9,253,211,1,93269.984375,270.736083984375,124.66937255859375,55.35721969604492,28.114837646484375,20.834352493286133,15.234604835510254,11.218295097351074,9.63239574432373,8.622888565063477,8.164690971374512,7.779706001281738,6.847466468811035,6.769678592681885,6.0798773765563965,5.637960910797119,5.340073108673096,67953.7734375,136.94241333007812,45.28657150268555,17.738754272460938,10.550359725952148,8.709779739379883,7.578836441040039,6.565418243408203,5.715563774108887
960000,970001,17,9,254,218,0,97778.546875,263.05133056640625,125.25604248046875,53.28636169433594,24.885499954223633,17.641300201416016,14.105199813842773,11.14238452911377,9.471190452575684,7.584560871124268,7.216349124908447,6.360713005065918,5.795354843139648,5.505920886993408,5.16462516784668,4.819441318511963,4.71645975112915,71223.6640625,127.98500061035156,39.14171600341797,15.925429344177246,10.150483131408691,7.053831577301025,6.386162281036377,5.3253397941589355,4.904438018798828
960000,970001,17,9,254,218,1,97803.4140625,265.6969909667969,127.05917358398438,52.624027252197266,25.604957580566406,17.574695587158203,14.520118713378906,11.570908546447754,9.784368515014648,7.425195217132568,7.209409236907959,6.682227611541748,6.068763732910156,5.440730094909668,5.35012674331665,4.666928291320801,4.503128528594971,71242.078125,129.70777893066406,39.406105041503906,16.004791259765625,10.64890193939209,6.734122276306152,5.855186939239502,5.348956108093262,5.019647598266602
965000,975001,17,9,252,227,0,92778.984375,264.94195556640625,122.703857421875,56.247684478759766,26.112998962402344,19.304372787475586,15.314591407775879,12.389533042907715,10.463844299316406,9.696612358093262,7.924800872802734,7.407973289489746,7.274017810821533,6.5811991691589355,5.918097496032715,5.724611759185791,5.130651473999023,67560.5625,128.55764770507812,43.64265060424805,16.475276947021484,12.316404342651367,9.204813957214355,7.057420253753662,6.635615825653076,5.7295331954956055
965000,975001,17,9,252,227,1,92797.578125,268.3073425292969,124.27532958984375,56.79945755004883,26.68538475036621,19.407718658447266,15.929661750793457,12.289702415466309,9.239367485046387,8.745160102844238,6.960099220275879,6.792026042938232,6.493216514587402,6.218195915222168,5.780041694641113,5.450664520263672,4.937013626098633,67572.2578125,130.92945861816406,44.05181884765625,17.47332763671875,12.247969627380371,7.905511856079102,6.768758773803711,6.210825443267822,5.43660831451416
970000,980001,17,9,252,222,0,95942.4921875,250.58505249023438,125.46996307373047,52.87376022338867,30.782730102539062,19.255447387695312,14.250738143920898,12.760371208190918,10.07294750213623,9.117838859558105,8.870546340942383,7.840653896331787,7.089510917663574,6.035213470458984,5.56500768661499,5.48696231842041,5.042341709136963,69901.3515625,127.15978240966797,41.66327667236328,16.32520294189453,11.4949369430542,8.3344144821167,6.60377311706543,6.25566291809082,5.406559467315674
970000,980001,17,9,252,222,1,95894.515625,248.09703063964844,126.10871124267578,53.44869613647461,31.378559112548828,20.638639450073242,15.315564155578613,13.498883247375488,10.128427505493164,9.804786682128906,8.63294792175293,7.943515300750732,6.5856170654296875,6.359497547149658,5.765376091003418,5.598142147064209,5.142383575439453,69868.0859375,127.00176239013672,41.88384246826172,16.57142448425293,12.069506645202637,9.226664543151855,7.331921100616455,6.345441818237305,5.789151191711426
975000,985001,17,9,254,226,0,97990.2265625,298.2159118652344,137.09506225585938,53.72661209106445,28.437332153320312,19.377010345458984,14.784412384033203,12.231465339660645,10.928288459777832,9.062146186828613,8.893680572509766,7.908748149871826,6.8045735359191895,6.599285125732422,5.887088775634766,5.603029251098633,5.301987648010254,71399.125,154.59068298339844,40.39236068725586,18.828773498535156,11.648139953613281,8.511918067932129,7.659329414367676,5.758231163024902,5.595200538635254
975000,985001,17,9,254,226,1,97991.5390625,299.2710266113281,138.68978881835938,54.06881332397461,28.59425926208496,19.6658935546875,14.658068656921387,10.788972854614258,9.771443367004395,8.97346019744873,8.072598457336426,7.33329439163208,7.131367206573486,6.258498191833496,6.139080047607422,5.727349281311035,5.0611066818237305,71400.65625,155.83407592773438,41.30308151245117,18.72804832458496,10.43168830871582,8.682591438293457,7.401485919952393,6.491300582885742,5.145727157592773
980000,990001,17,9,253,225,0,92416.421875,280.57000732421875,139.76461791992188,64.14752960205078,31.766639709472656,24.870079040527344,18.387170791625977,13.786131858825684,11.825791358947754,9.87752914428711,8.874465942382812,8.199042320251465,7.145993709564209,6.397959232330322,5.7198567390441895,5.4570183753967285,4.70980167388916,67326.2421875,138.7886199951172,53.94198226928711,20.40081214904785,13.894241333007812,11.193821907043457,8.815604209899902,6.929464817047119,5.75413179397583
980000,990001,17,9,253,225,1,92446.328125,283.30047607421875,139.17381286621094,62.8802604675293,31.66638946533203,23.4475040435791,19.582679748535156,13.770106315612793,11.262086868286133,9.612249374389648,8.842573165893555,7.8372111320495605,6.937225818634033,6.352526664733887,5.501810073852539,5.166830539703369,4.572222709655762,67347.359375,139.67904663085938,53.636024475097656,20.312084197998047,12.867093086242676,10.862457275390625,8.354939460754395,6.931626796722412,5.751021385192871
985000,995001,17,9,252,224,0,98697.96875,321.4021301269531,118.4139633178711,55.8574104309082,27.92401885986328,22.883174896240234,17.662874221801758,12.385356903076172,10.24303150177002,9.249528884887695,8.097882270812988,7.00423002243042,6.665525913238525,5.876309871673584,5.697228908538818,4.496735095977783,4.4458842277526855,71885.0859375,144.43414306640625,47.430152893066406,19.16316795349121,12.737119674682617,8.099541664123535,7.626534938812256,6.181550025939941,5.857545375823975
985000,995001,17,9,252,224,1,98662.921875,321.7686767578125,118.13249206542969,54.87212371826172,27.930843353271484,22.41946029663086,16.900644302368164,11.507906913757324,10.268634796142578,9.24206256866455,7.789903163909912,7.49032735824585,6.352583885192871,5.9430623054504395,5.455841064453125,5.161200046539307,4.817394256591797,71859.8828125,147.8828582763672,46.34199523925781,19.75316047668457,11.84401798248291,8.324556350708008,7.4006733894348145,6.7432074546813965,5.215856552124023
