grad_step,env_steps,window_len,penalty_len,n_windows,unique_eps,critic,sv_01,sv_02,sv_03,sv_04,sv_05,sv_06,sv_07,sv_08,sv_09,sv_10,sv_11,sv_12,sv_13,sv_14,sv_15,sv_16,sv_17,pen_sv_01,pen_sv_02,pen_sv_03
0,10001,17,3,228,38,0,2.307575225830078,1.8166738748550415,1.711220145225525,1.6640880107879639,1.4648654460906982,1.3555653095245361,1.2937610149383545,1.2091271877288818,1.1799936294555664,1.0546625852584839,1.0007379055023193,0.9530656337738037,0.9235692620277405,0.8730521202087402,0.8258544206619263,0.7876093983650208,0.7055797576904297,1.6813263893127441,1.1891299486160278,0.9905462265014648
0,10001,17,3,228,38,1,8.625537872314453,1.6403930187225342,1.5365763902664185,1.4502100944519043,1.395132303237915,1.3900656700134277,1.3236933946609497,1.2332252264022827,1.1847833395004272,1.1180694103240967,1.048572301864624,0.952154278755188,0.9100533723831177,0.856909453868866,0.8335950970649719,0.755979597568512,0.7284493446350098,3.7972304821014404,1.1781818866729736,0.9312713742256165
5000,15001,17,3,238,38,0,417.42779541015625,94.22882843017578,56.2564811706543,38.5639533996582,31.19661521911621,25.35099220275879,21.854284286499023,17.742733001708984,17.349824905395508,14.94879150390625,13.78274917602539,12.261822700500488,11.745477676391602,11.033049583435059,9.966395378112793,9.538919448852539,8.774737358093262,180.38258361816406,22.470197677612305,11.93315315246582
5000,15001,17,3,238,38,1,419.63787841796875,94.37968444824219,56.030452728271484,38.926631927490234,30.47319984436035,25.42984390258789,22.18449592590332,17.904239654541016,17.009782791137695,15.476129531860352,13.584712028503418,12.560872077941895,11.601143836975098,11.036201477050781,9.925457000732422,9.137706756591797,8.182886123657227,180.594970703125,22.353055953979492,11.548718452453613
10000,20001,17,3,238,39,0,654.5404052734375,98.5627670288086,71.36493682861328,45.11471176147461,38.560760498046875,29.833593368530273,25.3348445892334,21.332414627075195,19.75238037109375,17.822284698486328,17.339801788330078,15.666857719421387,14.550439834594727,14.021783828735352,13.267960548400879,12.993377685546875,11.503012657165527,276.3478698730469,28.27290916442871,16.144588470458984
10000,20001,17,3,238,39,1,652.144775390625,99.2303237915039,71.8987808227539,45.329017639160156,37.97071838378906,30.45599937438965,24.899137496948242,21.217161178588867,20.63232421875,18.78273582458496,17.363584518432617,15.816576957702637,14.56527328491211,13.81312370300293,13.54515552520752,12.559113502502441,10.691070556640625,275.3058776855469,28.382051467895508,16.371784210205078
15000,25001,17,3,239,53,0,717.6620483398438,111.42259216308594,69.57986450195312,46.210548400878906,36.67558670043945,26.12417221069336,22.088502883911133,17.813800811767578,15.31896686553955,14.135436058044434,11.67782974243164,11.20490837097168,9.941832542419434,8.99409294128418,8.773717880249023,8.229072570800781,6.795192241668701,306.3038330078125,25.88714027404785,11.23650074005127
15000,25001,17,3,239,53,1,720.6267700195312,111.80393981933594,67.48453521728516,46.711185455322266,35.08559799194336,25.824209213256836,22.318477630615234,17.45018196105957,15.233549118041992,14.087214469909668,12.266534805297852,10.111356735229492,9.787967681884766,9.013580322265625,8.41086196899414,7.684122562408447,7.403022766113281,308.7471923828125,26.280996322631836,11.325621604919434
20000,30001,17,3,246,60,0,870.4929809570312,124.51380157470703,82.96903228759766,48.08778762817383,39.276283264160156,27.93475914001465,23.557857513427734,19.865367889404297,18.0515193939209,14.578089714050293,14.397188186645508,12.895445823669434,10.951018333435059,10.769780158996582,9.205744743347168,8.485695838928223,8.009772300720215,353.283447265625,25.233989715576172,13.424256324768066
20000,30001,17,3,246,60,1,874.8204345703125,124.44795989990234,83.20808410644531,49.79717254638672,39.090885162353516,28.560455322265625,22.87605094909668,19.877262115478516,17.672883987426758,14.638816833496094,13.663636207580566,12.801922798156738,11.632161140441895,10.335310935974121,9.390533447265625,8.983274459838867,8.89779281616211,355.1966857910156,25.857845306396484,13.677337646484375
25000,35001,17,3,247,66,0,965.23681640625,135.57095336914062,82.10248565673828,53.72472381591797,40.15769577026367,33.478759765625,26.071821212768555,21.867000579833984,17.384605407714844,15.280686378479004,13.611018180847168,12.729992866516113,10.833002090454102,10.658644676208496,10.347349166870117,10.117788314819336,9.096772193908691,405.14593505859375,29.475614547729492,13.148876190185547
25000,35001,17,3,247,66,1,972.9902954101562,136.9257354736328,82.57801818847656,52.93288803100586,40.28488540649414,33.7690315246582,26.393848419189453,22.352338790893555,16.997516632080078,16.905969619750977,14.72786808013916,12.479425430297852,11.70135498046875,11.016120910644531,10.357830047607422,9.857585906982422,9.235482215881348,408.8243103027344,28.75153350830078,14.351263046264648
30000,40001,17,3,242,73,0,1012.8563232421875,150.54347229003906,87.28692626953125,52.3416862487793,36.977630615234375,32.13063049316406,24.71750831604004,23.94243621826172,18.730295181274414,17.273225784301758,14.602614402770996,14.084437370300293,12.24383544921875,11.328713417053223,10.767311096191406,10.630654335021973,9.576066017150879,416.87957763671875,28.29715347290039,13.020539283752441
30000,40001,17,3,242,73,1,1019.0635375976562,151.45309448242188,87.52793884277344,53.396785736083984,37.12317657470703,33.65520095825195,24.113658905029297,22.733409881591797,18.036754608154297,17.319828033447266,14.172513008117676,13.550005912780762,13.23658561706543,12.39647388458252,11.294570922851562,10.574944496154785,10.283500671386719,418.3253479003906,29.263530731201172,12.89771556854248
35000,45001,17,3,244,79,0,1065.08837890625,137.91293334960938,79.18753051757812,50.408748626708984,41.15582275390625,30.415273666381836,27.50542640686035,20.745546340942383,17.523418426513672,15.666386604309082,14.846498489379883,13.24756908416748,12.015246391296387,11.22640609741211,10.700998306274414,9.972558975219727,8.951682090759277,451.1127624511719,29.19539451599121,13.38994026184082
35000,45001,17,3,244,79,1,1065.0947265625,137.9495086669922,79.09686279296875,51.46236038208008,41.10056686401367,29.85120964050293,27.363351821899414,22.271203994750977,18.57097816467285,16.909381866455078,14.512481689453125,13.185566902160645,12.61719799041748,10.829816818237305,10.723334312438965,9.828656196594238,9.556931495666504,451.136474609375,29.53399658203125,14.027900695800781
40000,50001,17,3,245,77,0,1152.640869140625,130.789794921875,86.99787902832031,55.485076904296875,43.963768005371094,33.729896545410156,27.89920997619629,23.479961395263672,20.04949951171875,16.628694534301758,14.896207809448242,14.454448699951172,13.280736923217773,11.790711402893066,11.46052074432373,10.674405097961426,8.88410758972168,486.8738098144531,30.66458511352539,13.567628860473633
40000,50001,17,3,245,77,1,1151.0811767578125,129.14361572265625,85.87924194335938,56.12742614746094,43.66056442260742,34.7689323425293,29.572071075439453,24.03973388671875,19.06114959716797,17.88953971862793,14.506380081176758,13.46420955657959,11.975414276123047,11.478157043457031,10.584857940673828,10.262466430664062,8.954113960266113,484.8488464355469,30.715662002563477,13.87922191619873
45000,55001,17,3,244,79,0,1240.6884765625,114.99945831298828,71.32237243652344,47.628562927246094,40.21790313720703,28.186105728149414,25.257156372070312,19.51322364807129,18.466838836669922,15.691173553466797,14.007227897644043,13.35580825805664,11.845017433166504,11.22834587097168,10.26699447631836,9.529178619384766,8.7911958694458,524.4199829101562,23.765079498291016,13.527305603027344
45000,55001,17,3,244,79,1,1237.005859375,112.84388732910156,71.8796615600586,47.56589126586914,40.32168960571289,26.390016555786133,24.362476348876953,18.65851402282715,17.907672882080078,15.186310768127441,13.858853340148926,12.530728340148926,12.385673522949219,10.330917358398438,9.940497398376465,9.346383094787598,9.184329986572266,522.0913696289062,24.23773956298828,13.04158878326416
50000,60001,17,3,239,91,0,1336.97314453125,136.18093872070312,74.52417755126953,46.16120147705078,33.01234436035156,26.134056091308594,23.785573959350586,20.102298736572266,15.712326049804688,14.421451568603516,13.819469451904297,11.324792861938477,10.920940399169922,10.621392250061035,10.19456672668457,10.095209121704102,9.291152000427246,563.41552734375,23.012065887451172,11.391270637512207
50000,60001,17,3,239,91,1,1336.8167724609375,137.39401245117188,74.5631332397461,44.82157516479492,33.89975357055664,26.291261672973633,23.11907386779785,18.919883728027344,14.832895278930664,14.113430976867676,13.10135555267334,12.608247756958008,11.790081024169922,11.293091773986816,10.711668968200684,9.666915893554688,9.040417671203613,563.10791015625,22.178739547729492,12.423563003540039
55000,65001,17,3,243,87,0,1387.9576416015625,125.4516830444336,70.21256256103516,48.4072380065918,33.29542922973633,25.791820526123047,21.787607192993164,20.726749420166016,17.73297691345215,15.04078483581543,13.522860527038574,12.013690948486328,11.652868270874023,10.664030075073242,9.11363410949707,8.830185890197754,8.358905792236328,590.5029907226562,22.967679977416992,10.781233787536621
55000,65001,17,3,243,87,1,1386.79833984375,125.52439880371094,69.98787689208984,50.1146125793457,33.04485321044922,26.045772552490234,21.642309188842773,20.72223472595215,18.68423080444336,15.987627983093262,13.879626274108887,12.475399017333984,11.711437225341797,10.872597694396973,9.321727752685547,8.750835418701172,7.51278829574585,590.9255981445312,22.606279373168945,11.256702423095703
60000,70001,17,3,241,92,0,1529.3663330078125,119.37680053710938,65.10206604003906,50.213558197021484,33.80852127075195,27.12302017211914,22.430978775024414,18.28740692138672,16.866012573242188,16.19365119934082,14.003008842468262,12.796270370483398,12.335465431213379,11.498590469360352,10.884063720703125,10.51718521118164,10.201367378234863,647.8699951171875,26.44032859802246,14.05517578125
60000,70001,17,3,241,92,1,1526.3563232421875,118.70227813720703,64.94349670410156,51.078041076660156,33.423851013183594,25.54296875,20.21255111694336,19.16747283935547,17.04168128967285,15.492120742797852,13.954435348510742,12.260337829589844,11.702263832092285,11.268415451049805,11.110305786132812,9.939854621887207,8.710223197937012,645.0663452148438,26.90771484375,13.553958892822266
65000,75001,17,3,242,94,0,1616.199951171875,103.0599594116211,80.21487426757812,52.37726974487305,36.13931655883789,28.065940856933594,23.64377784729004,20.711729049682617,19.324256896972656,16.153532028198242,14.71427059173584,13.090558052062988,11.79513931274414,10.448927879333496,8.8118314743042,8.539873123168945,8.277223587036133,679.4788208007812,26.81830406188965,12.352792739868164
65000,75001,17,3,242,94,1,1614.2882080078125,101.38211822509766,78.36407470703125,49.6171875,35.07643508911133,26.40966033935547,23.420692443847656,19.757797241210938,19.311738967895508,15.167335510253906,14.756902694702148,13.027914047241211,11.419904708862305,10.665420532226562,10.055829048156738,8.978548049926758,8.329588890075684,677.6434326171875,24.219863891601562,14.800455093383789
70000,80001,17,3,247,101,0,1775.4044189453125,138.24716186523438,70.98641967773438,47.18846130371094,38.499717712402344,31.831449508666992,24.323205947875977,20.18821907043457,19.417749404907227,15.343451499938965,14.651278495788574,13.650901794433594,12.891559600830078,12.081439018249512,10.124013900756836,9.731821060180664,8.186436653137207,748.7169799804688,30.8546199798584,15.694892883300781
70000,80001,17,3,247,101,1,1779.8907470703125,137.83348083496094,70.01956939697266,47.74248123168945,36.45902633666992,31.24740982055664,24.131677627563477,21.39539337158203,19.2042236328125,16.791728973388672,15.32780647277832,14.650739669799805,13.537508010864258,11.06296443939209,10.23758602142334,9.885029792785645,9.132509231567383,750.8455810546875,29.78836441040039,15.578048706054688
75000,85001,17,3,247,108,0,1877.362548828125,116.68170928955078,82.8826675415039,49.17759704589844,42.622276306152344,30.140947341918945,24.780214309692383,21.59507179260254,20.178071975708008,16.829347610473633,15.179076194763184,13.313587188720703,12.439411163330078,12.37579345703125,9.637771606445312,9.281384468078613,7.925617218017578,788.058349609375,28.650720596313477,15.610458374023438
75000,85001,17,3,247,108,1,1870.278564453125,118.08134460449219,83.07538604736328,50.668025970458984,42.619422912597656,30.652896881103516,24.313718795776367,22.233577728271484,19.749074935913086,16.53566551208496,15.461252212524414,14.11898136138916,13.548008918762207,12.209099769592285,11.515913963317871,9.949185371398926,8.319024085998535,785.0944213867188,29.75609016418457,14.409062385559082
80000,90001,17,3,241,106,0,1919.631591796875,143.2713623046875,72.63775634765625,48.7362174987793,35.4436149597168,30.48872947692871,24.99152374267578,21.376441955566406,19.200159072875977,18.37638282775879,14.33899974822998,14.2205228805542,12.753823280334473,11.676628112792969,11.269210815429688,10.325418472290039,9.28994083404541,808.4249877929688,26.42197036743164,14.355875015258789
80000,90001,17,3,241,106,1,1920.364013671875,141.6189727783203,72.2903823852539,47.27470016479492,37.49605941772461,30.695995330810547,25.168813705444336,22.659996032714844,19.678342819213867,15.77970027923584,14.959892272949219,13.172588348388672,11.628256797790527,11.222734451293945,10.993563652038574,9.150111198425293,8.202581405639648,807.7946166992188,27.366958618164062,12.760168075561523
85000,95001,17,3,247,104,0,2018.230224609375,132.41212463378906,86.62684631347656,52.52248001098633,41.91527557373047,31.775146484375,26.565959930419922,20.120983123779297,18.20884132385254,17.70967674255371,16.321332931518555,13.660102844238281,13.104849815368652,12.328585624694824,11.595602035522461,9.855751991271973,8.962705612182617,856.3369140625,34.486385345458984,14.43207836151123
85000,95001,17,3,247,104,1,2014.36181640625,132.01959228515625,86.13662719726562,50.053321838378906,43.64141845703125,31.770963668823242,25.93755340576172,19.889345169067383,18.446332931518555,17.56591033935547,15.864459991455078,15.471250534057617,12.805543899536133,11.493102073669434,11.109439849853516,9.706724166870117,8.97694206237793,852.9317016601562,33.07082748413086,15.193830490112305
90000,100001,17,3,238,114,0,2053.076904296875,141.44729614257812,75.34159088134766,52.005271911621094,39.26097869873047,32.78156661987305,25.272918701171875,21.740140914916992,19.65538787841797,16.68381118774414,15.559282302856445,14.064523696899414,12.840348243713379,12.29481315612793,11.556589126586914,10.741597175598145,9.600568771362305,860.4775390625,23.339832305908203,15.972125053405762
90000,100001,17,3,238,114,1,2053.144775390625,145.16677856445312,74.70966339111328,52.63946533203125,40.45148468017578,32.610740661621094,27.019908905029297,22.05797576904297,20.5721492767334,16.45741081237793,16.298160552978516,15.029454231262207,12.9373140335083,12.236873626708984,11.767770767211914,10.431678771972656,8.785642623901367,861.2609252929688,25.70184898376465,15.311119079589844
95000,105001,17,3,242,116,0,2119.61328125,120.57866668701172,67.55127716064453,47.33253860473633,46.348731994628906,29.46739959716797,25.838775634765625,21.217758178710938,19.60633659362793,16.848180770874023,15.318426132202148,14.17963695526123,12.901507377624512,12.166181564331055,11.596833229064941,10.762327194213867,10.044562339782715,894.1826171875,26.880050659179688,11.98306941986084
95000,105001,17,3,242,116,1,2128.867431640625,121.70201110839844,68.6091079711914,48.88595199584961,45.01000213623047,28.293245315551758,24.561723709106445,21.31123924255371,20.251052856445312,17.886417388916016,15.27509880065918,13.010662078857422,12.698509216308594,12.29458999633789,10.988994598388672,10.653482437133789,9.216646194458008,899.6235961914062,26.926881790161133,12.104935646057129
100000,110001,17,3,248,120,0,2181.757080078125,146.2474822998047,86.11710357666016,60.65284729003906,37.12864303588867,30.409812927246094,25.287824630737305,24.05582618713379,20.906116485595703,18.813880920410156,17.792598724365234,15.04453182220459,14.02309799194336,13.368170738220215,12.077228546142578,10.452712059020996,10.066007614135742,916.816650390625,23.64925193786621,14.089343070983887
100000,110001,17,3,248,120,1,2181.205322265625,147.1603546142578,85.48396301269531,59.29473876953125,36.95790481567383,31.66775894165039,26.404972076416016,23.547697067260742,21.642526626586914,17.432912826538086,16.2830753326416,14.495354652404785,13.720303535461426,12.71954345703125,11.98716926574707,11.561266899108887,9.853314399719238,917.1453857421875,23.455657958984375,13.789225578308105
105000,115001,17,3,246,124,0,2248.113525390625,151.62449645996094,75.9225082397461,53.22416687011719,40.07428741455078,28.492462158203125,25.2227840423584,19.77859878540039,18.527589797973633,17.693464279174805,16.164657592773438,14.201337814331055,13.571779251098633,12.658984184265137,12.002016067504883,10.696572303771973,10.110250473022461,953.4562377929688,27.981294631958008,13.116905212402344
105000,115001,17,3,246,124,1,2245.139892578125,149.86477661132812,76.12922668457031,51.87211990356445,41.43931198120117,28.749786376953125,22.755704879760742,20.747936248779297,19.535701751708984,17.90212059020996,16.410236358642578,14.667134284973145,13.058247566223145,11.704095840454102,11.365819931030273,10.562630653381348,9.3157377243042,953.1234130859375,26.681814193725586,12.465523719787598
110000,120001,17,3,245,131,0,2239.0322265625,141.06143188476562,68.814453125,54.775333404541016,36.88844680786133,27.576705932617188,23.934438705444336,21.86135482788086,19.86258316040039,17.780738830566406,16.73738670349121,16.03314781188965,14.471796989440918,12.61169147491455,11.9992094039917,11.323442459106445,10.754132270812988,945.8833618164062,25.33504867553711,16.772682189941406
110000,120001,17,3,245,131,1,2243.3251953125,140.9702911376953,68.42107391357422,54.46957015991211,38.4593620300293,29.074451446533203,22.853389739990234,20.94253158569336,19.660432815551758,16.033967971801758,15.871596336364746,15.004602432250977,13.822417259216309,12.736001014709473,12.360620498657227,11.291850090026855,10.014141082763672,948.5594482421875,25.19027328491211,16.998172760009766
115000,125001,17,3,246,126,0,2412.07177734375,146.9447479248047,77.32429504394531,52.99407196044922,38.20257568359375,34.25852584838867,24.33039093017578,20.221595764160156,19.508634567260742,17.56688117980957,16.285619735717773,15.29063606262207,14.1399564743042,12.803912162780762,12.262763977050781,11.425941467285156,9.819872856140137,1018.8965454101562,26.361482620239258,13.951590538024902
115000,125001,17,3,246,126,1,2404.52294921875,146.67172241210938,78.6289291381836,52.544281005859375,38.56480407714844,33.02644348144531,23.32754898071289,21.0399112701416,19.438196182250977,18.66671371459961,16.099885940551758,14.5573091506958,13.041916847229004,12.152953147888184,11.636944770812988,10.67851734161377,9.072770118713379,1015.0614624023438,24.19037628173828,14.386987686157227
120000,130001,17,3,246,129,0,2314.974365234375,150.4039764404297,85.25731658935547,61.98521041870117,40.742835998535156,29.712636947631836,26.35790252685547,22.035648345947266,19.34660530090332,17.575387954711914,16.13640022277832,15.13792610168457,13.664863586425781,12.810827255249023,11.806791305541992,11.741231918334961,10.626679420471191,977.9428100585938,27.194616317749023,16.352901458740234
120000,130001,17,3,246,129,1,2310.062255859375,150.814453125,87.44381713867188,62.30238342285156,40.78895568847656,31.134918212890625,26.14278221130371,23.047740936279297,19.266088485717773,18.881811141967773,17.842262268066406,15.991074562072754,14.523500442504883,13.265326499938965,12.544265747070312,11.66041088104248,10.894939422607422,975.1314697265625,26.312572479248047,16.89611053466797
125000,135001,17,3,250,127,0,2536.546875,153.40798950195312,96.28104400634766,46.2180061340332,44.70719528198242,32.4586067199707,25.844255447387695,23.242094039916992,19.52074432373047,18.536523818969727,16.74076271057129,13.682913780212402,12.81088638305664,11.874432563781738,11.413263320922852,10.683351516723633,9.970860481262207,1067.25830078125,36.247920989990234,16.075180053710938
125000,135001,17,3,250,127,1,2540.468505859375,150.29617309570312,95.11128234863281,47.733097076416016,44.83162307739258,31.455869674682617,25.338180541992188,23.6290225982666,19.693632125854492,17.346317291259766,15.938982009887695,14.538789749145508,13.51701545715332,11.525627136230469,11.120485305786133,9.912205696105957,9.14954662322998,1070.5478515625,34.3799934387207,17.63035011291504
130000,140001,17,3,245,138,0,2583.94384765625,155.18385314941406,84.72846984863281,48.54036331176758,34.31097412109375,30.512451171875,24.659282684326172,21.045589447021484,18.988494873046875,18.315675735473633,17.085512161254883,15.497173309326172,14.391623497009277,13.03964900970459,11.791812896728516,11.150823593139648,10.80838680267334,1086.03857421875,28.44422149658203,14.116998672485352
130000,140001,17,3,245,138,1,2586.409912109375,153.15847778320312,84.44734191894531,47.17415237426758,33.94526672363281,30.13606071472168,26.28011703491211,21.837289810180664,20.978559494018555,18.515832901000977,17.286182403564453,15.02236557006836,14.175220489501953,13.652619361877441,12.093832969665527,11.098357200622559,9.568428039550781,1086.5350341796875,26.986785888671875,14.19759464263916
135000,145001,17,3,245,136,0,2520.63037109375,154.5226593017578,83.75635528564453,59.154296875,38.48714828491211,29.685270309448242,23.37519073486328,22.393388748168945,19.774280548095703,17.250715255737305,15.948473930358887,15.290732383728027,13.696004867553711,12.843768119812012,10.743863105773926,10.548351287841797,10.130231857299805,1066.8973388671875,26.878355026245117,13.795778274536133
135000,145001,17,3,245,136,1,2525.642578125,151.30685424804688,87.94639587402344,58.2091178894043,37.86188888549805,29.41057777404785,22.808034896850586,21.82526969909668,20.320293426513672,17.026506423950195,15.901566505432129,15.24325942993164,13.714914321899414,13.115316390991211,12.913796424865723,11.315648078918457,10.780474662780762,1068.3897705078125,26.83590316772461,15.4881591796875
140000,150001,17,3,244,137,0,2581.41162109375,147.8008575439453,86.60592651367188,51.17074966430664,40.10444641113281,33.440555572509766,26.066022872924805,23.605573654174805,21.24281883239746,19.167932510375977,18.994873046875,16.084280014038086,14.512625694274902,13.665332794189453,12.79582405090332,11.79919147491455,11.396373748779297,1086.2081298828125,29.40120506286621,16.099472045898438
140000,150001,17,3,244,137,1,2575.731689453125,144.48074340820312,88.2087631225586,55.78890609741211,39.36521530151367,34.107025146484375,26.053524017333984,22.96019172668457,20.100370407104492,19.06656837463379,17.916887283325195,16.49005889892578,15.177644729614258,13.752187728881836,13.365140914916992,12.014030456542969,11.026141166687012,1084.4195556640625,27.810426712036133,15.671101570129395
145000,155001,17,3,244,136,0,2577.325439453125,174.7703399658203,95.29378509521484,61.381072998046875,38.8124885559082,32.988712310791016,26.301416397094727,24.74027442932129,21.809446334838867,18.074615478515625,17.036375045776367,16.167367935180664,14.66550064086914,13.097393989562988,12.317353248596191,10.868496894836426,10.118563652038574,1084.697021484375,27.125938415527344,15.219663619995117
145000,155001,17,3,244,136,1,2576.62939453125,174.9946746826172,93.62911224365234,59.7963752746582,40.689571380615234,33.13619613647461,26.243906021118164,23.63117790222168,20.7879695892334,17.961233139038086,15.797442436218262,15.154026985168457,14.161142349243164,12.96764850616455,12.578618049621582,11.528162002563477,11.119918823242188,1083.37255859375,29.12748908996582,13.792732238769531
150000,160001,17,3,244,143,0,2580.409912109375,144.06866455078125,77.90220642089844,53.46070861816406,41.59037399291992,32.61052322387695,25.821685791015625,22.458744049072266,20.94424057006836,19.120494842529297,16.532636642456055,15.706136703491211,14.538379669189453,13.315688133239746,12.174351692199707,11.207472801208496,10.69855785369873,1090.77490234375,30.06454849243164,13.384136199951172
150000,160001,17,3,244,143,1,2586.9921875,147.78713989257812,77.09862518310547,54.24723815917969,42.675052642822266,34.04709243774414,27.694974899291992,24.039501190185547,21.451505661010742,19.99253273010254,17.30866241455078,14.766541481018066,14.405110359191895,13.102486610412598,12.093488693237305,11.266544342041016,11.095804214477539,1093.62939453125,30.170223236083984,14.399603843688965
155000,165001,17,3,242,140,0,2705.054443359375,140.53421020507812,90.05168914794922,58.68635559082031,36.04185485839844,29.7117919921875,28.458614349365234,25.256925582885742,20.988344192504883,20.175384521484375,17.846832275390625,15.00577163696289,13.508370399475098,13.086698532104492,12.666834831237793,10.154735565185547,9.910086631774902,1141.114501953125,32.28025817871094,16.47650718688965
155000,165001,17,3,242,140,1,2702.0078125,138.5452880859375,91.45130157470703,58.622833251953125,39.28742980957031,29.56947898864746,27.97025489807129,23.461416244506836,21.150541305541992,18.03700828552246,16.078397750854492,14.864916801452637,14.649933815002441,12.805651664733887,12.317885398864746,10.829946517944336,10.584808349609375,1139.2701416015625,28.099149703979492,15.293817520141602
160000,170001,17,3,240,139,0,2722.23291015625,143.0492401123047,100.65499114990234,55.17210388183594,39.58975601196289,33.09955596923828,29.952905654907227,24.95598030090332,22.065584182739258,18.339012145996094,17.033979415893555,15.888406753540039,15.219315528869629,13.229360580444336,12.215245246887207,11.5081205368042,10.661969184875488,1143.7703857421875,33.3738899230957,16.748437881469727
160000,170001,17,3,240,139,1,2721.838623046875,144.343017578125,100.78300476074219,55.612876892089844,41.153900146484375,33.097572326660156,28.568645477294922,25.70087432861328,22.751068115234375,19.530698776245117,17.7777099609375,16.47735023498535,15.852941513061523,14.499717712402344,13.029557228088379,12.241726875305176,11.456276893615723,1143.0499267578125,31.110469818115234,18.048826217651367
165000,175001,17,3,246,147,0,2656.944580078125,173.78692626953125,72.59290313720703,61.25537872314453,42.41834259033203,34.346778869628906,28.68464469909668,25.868690490722656,24.90441131591797,19.301591873168945,18.81558609008789,18.26917266845703,17.67696762084961,15.674925804138184,14.624760627746582,12.971065521240234,11.929558753967285,1122.8536376953125,30.145870208740234,18.94606590270996
165000,175001,17,3,246,147,1,2655.986328125,176.6790771484375,76.72396087646484,63.88713073730469,41.55239486694336,34.869720458984375,28.974395751953125,26.054500579833984,24.605262756347656,20.432287216186523,18.287639617919922,17.37451171875,16.396408081054688,14.759312629699707,14.528109550476074,13.053396224975586,12.30579948425293,1122.236083984375,30.437946319580078,17.91634178161621
170000,180001,17,3,245,147,0,2773.085205078125,171.75926208496094,80.9255142211914,53.01810073852539,46.30585861206055,30.56332015991211,27.77442169189453,24.024089813232422,22.517074584960938,19.526330947875977,17.25578498840332,16.23784637451172,14.989412307739258,12.89505672454834,12.33419418334961,11.220492362976074,10.463499069213867,1169.6737060546875,32.06332778930664,17.584657669067383
170000,180001,17,3,245,147,1,2772.225341796875,169.061767578125,79.5244140625,49.18006896972656,45.5816764831543,32.734596252441406,27.316768646240234,25.439420700073242,20.873140335083008,17.988256454467773,16.941761016845703,15.491745948791504,14.343974113464355,13.582429885864258,13.058701515197754,11.698020935058594,10.526143074035645,1169.9654541015625,31.79441261291504,17.502410888671875
175000,185001,17,3,242,144,0,2708.41552734375,149.1182098388672,88.7335205078125,55.01251983642578,38.86648941040039,35.440677642822266,30.312421798706055,24.220399856567383,21.381731033325195,19.51114845275879,17.33517074584961,15.834083557128906,15.272944450378418,14.860368728637695,14.15423583984375,12.919109344482422,11.818207740783691,1140.5716552734375,30.575841903686523,14.825139999389648
175000,185001,17,3,242,144,1,2712.040771484375,151.41456604003906,87.51487731933594,52.60630798339844,39.64747619628906,34.46333694458008,29.138790130615234,27.216724395751953,20.770418167114258,20.144577026367188,18.482677459716797,16.78186798095703,15.537593841552734,13.995658874511719,13.134391784667969,12.78037166595459,10.658600807189941,1143.3087158203125,29.223718643188477,16.91522216796875
180000,190001,17,3,241,145,0,2665.2177734375,184.13827514648438,83.24217224121094,55.46235656738281,42.04258728027344,34.147911071777344,28.916622161865234,26.03860855102539,23.492040634155273,19.947044372558594,18.738170623779297,17.09775161743164,16.401891708374023,15.083871841430664,14.55583667755127,13.54227352142334,13.102291107177734,1121.555908203125,32.42905807495117,17.05545425415039
180000,190001,17,3,241,145,1,2667.73095703125,183.68968200683594,84.1885986328125,58.873779296875,41.79510498046875,34.94514846801758,28.21439552307129,26.493852615356445,23.372549057006836,18.893352508544922,18.27178192138672,16.266761779785156,15.226336479187012,15.169316291809082,13.183270454406738,12.896477699279785,11.911762237548828,1123.674072265625,32.50061798095703,16.845958709716797
185000,195001,17,3,246,154,0,2716.527587890625,155.99017333984375,97.12419891357422,60.84947967529297,42.566871643066406,37.49513626098633,32.718116760253906,28.68651008605957,22.722206115722656,20.948728561401367,20.234542846679688,18.67347526550293,17.649930953979492,16.489301681518555,15.83504867553711,13.114337921142578,12.82403564453125,1143.2061767578125,42.19343948364258,20.083778381347656
185000,195001,17,3,246,154,1,2723.307373046875,156.19345092773438,99.46721649169922,63.78382110595703,45.025474548339844,35.78348922729492,30.525766372680664,27.44023895263672,25.749818801879883,21.458898544311523,20.74237823486328,18.41908836364746,17.370779037475586,15.689560890197754,15.294540405273438,14.486989974975586,13.878655433654785,1145.92431640625,41.78875732421875,21.059463500976562
190000,200001,17,3,245,154,0,2732.310302734375,157.84266662597656,94.7139892578125,52.99911880493164,36.321144104003906,32.289634704589844,29.89234161376953,24.474546432495117,20.64647674560547,19.57611083984375,18.0761661529541,16.087608337402344,14.179117202758789,13.729325294494629,13.011917114257812,11.293585777282715,10.644384384155273,1154.1243896484375,30.165000915527344,15.925731658935547
190000,200001,17,3,245,154,1,2730.183837890625,158.71363830566406,98.2014389038086,55.413387298583984,35.56857681274414,30.851154327392578,28.57505226135254,25.98494529724121,21.138742446899414,18.09097671508789,17.7486572265625,15.580397605895996,15.257344245910645,14.324771881103516,12.078795433044434,11.480371475219727,10.191449165344238,1153.95947265625,28.820852279663086,14.39920425415039
195000,205001,17,3,250,160,0,2911.491455078125,150.07684326171875,82.5034408569336,56.22388458251953,44.71162796020508,32.51296615600586,26.82547378540039,24.803525924682617,20.518529891967773,18.106796264648438,17.55801773071289,16.429170608520508,15.163369178771973,14.396477699279785,13.24067211151123,12.568585395812988,10.319319725036621,1226.5457763671875,37.4443244934082,17.435977935791016
195000,205001,17,3,250,160,1,2913.390380859375,149.62982177734375,82.47247314453125,55.9688720703125,43.16242599487305,32.448184967041016,26.676620483398438,23.420644760131836,19.031482696533203,17.83208465576172,17.044265747070312,15.215639114379883,14.506634712219238,13.128805160522461,12.704298973083496,12.052789688110352,10.718889236450195,1228.262451171875,37.057037353515625,16.21475601196289
200000,210001,17,3,248,155,0,2911.835693359375,173.73825073242188,81.8311767578125,51.331817626953125,43.654048919677734,37.24164581298828,27.820199966430664,23.695999145507812,22.146976470947266,19.362079620361328,18.68426513671875,17.578289031982422,17.119766235351562,16.04131317138672,14.614479064941406,13.620211601257324,11.206032752990723,1223.4671630859375,36.77685546875,21.85792350769043
200000,210001,17,3,248,155,1,2912.6884765625,174.41429138183594,81.14241027832031,54.8609504699707,43.05646896362305,38.80586624145508,26.957300186157227,25.79214859008789,23.776277542114258,21.106184005737305,17.18055534362793,16.814586639404297,15.651158332824707,14.112486839294434,13.391785621643066,11.7572660446167,10.393346786499023,1224.2979736328125,37.5641975402832,18.12700843811035
205000,215001,17,3,246,158,0,2876.103515625,170.8865509033203,81.7614974975586,62.36980438232422,54.86469650268555,34.553897857666016,28.186216354370117,27.61916160583496,21.25617218017578,19.893096923828125,18.905736923217773,17.297569274902344,15.669661521911621,15.365947723388672,13.467391014099121,13.255481719970703,11.396291732788086,1210.339111328125,36.754215240478516,17.989120483398438
205000,215001,17,3,246,158,1,2867.20458984375,174.2225799560547,84.24113464355469,60.494876861572266,53.24414825439453,38.95781326293945,29.161890029907227,24.45556640625,22.113277435302734,20.903072357177734,18.047752380371094,16.29621124267578,15.855432510375977,14.911624908447266,13.51819896697998,12.425503730773926,11.076820373535156,1208.7587890625,34.95951843261719,17.779253005981445
210000,220001,17,3,246,166,0,2866.71044921875,162.63546752929688,79.82343292236328,55.84022521972656,38.30240249633789,30.5150089263916,28.840147018432617,26.264301300048828,22.122182846069336,19.48416519165039,17.69891929626465,16.239673614501953,16.03907585144043,14.751749992370605,13.365726470947266,12.32559871673584,11.808491706848145,1210.44189453125,28.44961166381836,18.862178802490234
210000,220001,17,3,246,166,1,2861.3662109375,165.8149871826172,76.63892364501953,55.42051696777344,43.50197982788086,31.882076263427734,28.621753692626953,25.33937644958496,22.078777313232422,20.317447662353516,17.45810890197754,16.560171127319336,15.726897239685059,14.700181007385254,14.397305488586426,13.383076667785645,11.413304328918457,1207.400146484375,29.204572677612305,18.98255157470703
215000,225001,17,3,243,163,0,2925.4990234375,184.30946350097656,84.64675903320312,55.98635482788086,39.70517349243164,35.36576461791992,29.731847763061523,25.634279251098633,19.728376388549805,18.93931007385254,17.57229232788086,16.537845611572266,16.053096771240234,15.378083229064941,13.613789558410645,12.234513282775879,10.311344146728516,1235.0933837890625,31.79946517944336,17.042993545532227
215000,225001,17,3,243,163,1,2925.18603515625,184.71434020996094,85.31221771240234,54.6141242980957,42.325965881347656,34.83527374267578,29.50066375732422,24.650026321411133,20.569759368896484,20.15131187438965,18.108604431152344,16.32465362548828,15.733781814575195,14.413427352905273,13.978116035461426,13.104388236999512,11.069870948791504,1234.244873046875,33.490074157714844,17.01570701599121
220000,230001,17,3,248,163,0,2846.36865234375,166.21307373046875,77.18891143798828,55.79010772705078,37.62205123901367,33.64735794067383,29.250192642211914,24.473155975341797,22.41703987121582,20.230552673339844,17.859182357788086,16.205381393432617,14.733040809631348,14.272258758544922,13.833038330078125,11.462949752807617,9.946649551391602,1193.7738037109375,26.222919464111328,14.648641586303711
220000,230001,17,3,248,163,1,2845.670654296875,162.4795379638672,76.57971954345703,57.15340805053711,33.61896896362305,32.48954772949219,29.05200958251953,23.555889129638672,20.11484146118164,18.65915870666504,18.43235969543457,16.492666244506836,15.713944435119629,14.453285217285156,12.994091033935547,12.398548126220703,11.502549171447754,1192.758056640625,23.962316513061523,15.276497840881348
225000,235001,17,3,247,165,0,2912.5703125,159.69390869140625,91.1143798828125,55.73136901855469,44.696407318115234,38.2607536315918,32.517784118652344,28.813467025756836,22.80274200439453,21.178274154663086,16.887588500976562,16.382776260375977,14.388694763183594,13.55131721496582,11.89838981628418,10.978837966918945,9.848871231079102,1218.5888671875,42.88777160644531,17.649795532226562
225000,235001,17,3,247,165,1,2913.5087890625,161.39825439453125,93.71570587158203,54.2719841003418,45.96937942504883,42.34425354003906,32.67078399658203,27.378437042236328,21.59082794189453,19.215917587280273,17.572649002075195,16.218896865844727,15.015555381774902,14.426236152648926,12.588364601135254,10.554978370666504,9.13983154296875,1217.6768798828125,45.75490188598633,18.63225746154785
230000,240001,17,3,249,170,0,2907.9208984375,158.28341674804688,77.35637664794922,54.47510528564453,39.18254852294922,36.29733657836914,27.630348205566406,26.94740104675293,24.92939567565918,20.08652687072754,18.068206787109375,16.95970916748047,16.10015296936035,14.749597549438477,13.975955963134766,13.083040237426758,12.313909530639648,1231.389892578125,29.5517520904541,15.937548637390137
230000,240001,17,3,249,170,1,2902.576171875,158.30258178710938,82.30412292480469,56.150726318359375,39.7221794128418,35.090614318847656,28.26618003845215,27.122465133666992,23.40478515625,20.63701820373535,19.798307418823242,18.289264678955078,16.730520248413086,15.315439224243164,13.711328506469727,12.851497650146484,11.291875839233398,1229.8203125,29.78786849975586,17.554136276245117
235000,245001,17,3,245,166,0,2846.396728515625,156.9987335205078,92.61163330078125,55.5441780090332,37.25387954711914,33.8232421875,31.315311431884766,23.472015380859375,22.255876541137695,19.17361831665039,18.030345916748047,15.7709379196167,15.45188045501709,14.263131141662598,13.886617660522461,13.368783950805664,11.710515022277832,1198.8519287109375,32.25592803955078,18.199996948242188
235000,245001,17,3,245,166,1,2855.339599609375,154.28866577148438,89.44480895996094,53.1724739074707,40.32313919067383,36.838253021240234,30.768333435058594,28.479080200195312,20.84695053100586,19.523420333862305,18.068613052368164,17.26929473876953,16.40695571899414,15.036062240600586,13.192046165466309,11.838956832885742,10.80716609954834,1201.5252685546875,33.06992721557617,18.276981353759766
240000,250001,17,3,240,160,0,2920.821533203125,168.5930938720703,89.10767364501953,56.09928512573242,36.57381820678711,31.812238693237305,28.0932559967041,23.696388244628906,21.361698150634766,18.926576614379883,17.942827224731445,17.055709838867188,15.975024223327637,15.206748008728027,14.650285720825195,12.778639793395996,11.767828941345215,1220.4757080078125,32.89217758178711,18.052715301513672
240000,250001,17,3,240,160,1,2920.87060546875,166.93780517578125,88.86488342285156,58.71304702758789,37.40202331542969,28.777565002441406,27.289329528808594,25.002620697021484,22.482288360595703,20.96593475341797,19.592744827270508,18.013275146484375,15.874469757080078,14.172388076782227,13.139122009277344,12.237228393554688,11.516515731811523,1220.0294189453125,31.057126998901367,19.504613876342773
245000,255001,17,3,245,167,0,2921.4404296875,187.91111755371094,92.89551544189453,57.05100631713867,42.05193328857422,39.95042037963867,32.63062286376953,22.964319229125977,22.528282165527344,20.549074172973633,18.307825088500977,18.185453414916992,16.869966506958008,15.293315887451172,13.674104690551758,13.076494216918945,11.022459983825684,1229.188720703125,41.285037994384766,17.780139923095703
245000,255001,17,3,245,167,1,2919.323974609375,187.93917846679688,92.12078857421875,61.06315612792969,43.135982513427734,37.903724670410156,32.10968017578125,25.731111526489258,22.202226638793945,20.93758201599121,19.98380470275879,18.318321228027344,15.463248252868652,15.05516529083252,13.56309986114502,12.576272010803223,12.275094985961914,1228.666015625,42.83674240112305,19.921905517578125
250000,260001,17,3,246,164,0,2966.873046875,150.0228729248047,99.9277114868164,52.454166412353516,44.94915771484375,37.699432373046875,30.395156860351562,25.081911087036133,22.50477409362793,21.241790771484375,17.341754913330078,16.674488067626953,15.071624755859375,13.905900955200195,11.61345386505127,11.575748443603516,11.357406616210938,1250.3648681640625,26.081748962402344,14.38132381439209
250000,260001,17,3,246,164,1,2966.3291015625,149.5524444580078,97.92012023925781,54.34431076049805,43.47686767578125,40.26842498779297,30.349037170410156,25.210651397705078,22.719398498535156,19.609455108642578,18.70428466796875,16.521522521972656,15.927544593811035,14.430381774902344,13.277023315429688,10.969612121582031,9.340188980102539,1249.9874267578125,27.554777145385742,16.307493209838867
255000,265001,17,3,248,169,0,3011.534423828125,188.9541015625,95.32445526123047,55.56779479980469,43.23951721191406,31.080760955810547,29.9775333404541,25.75992774963379,23.51091957092285,22.505413055419922,19.58676528930664,17.52284812927246,16.452978134155273,14.744140625,13.534911155700684,12.7733793258667,11.968071937561035,1258.0728759765625,29.983320236206055,16.753795623779297
255000,265001,17,3,248,169,1,3009.207763671875,190.41690063476562,95.16773223876953,58.18421173095703,46.065643310546875,34.66625213623047,30.900745391845703,24.496309280395508,22.603593826293945,21.27824592590332,19.691476821899414,18.33905029296875,17.362749099731445,14.175081253051758,13.878457069396973,12.612348556518555,10.60274887084961,1256.2509765625,31.956148147583008,18.691022872924805
260000,270001,17,3,243,173,0,2899.396240234375,199.9962158203125,103.20426177978516,67.473388671875,54.85194778442383,38.84480667114258,32.094642639160156,27.593368530273438,25.48332977294922,25.047164916992188,22.04347801208496,20.261272430419922,18.949291229248047,17.655540466308594,15.837615013122559,14.830720901489258,14.314239501953125,1213.984130859375,45.520843505859375,20.284337997436523
260000,270001,17,3,243,173,1,2900.362060546875,200.88294982910156,108.0017318725586,65.79402923583984,58.37020492553711,39.4395637512207,32.52737808227539,31.504636764526367,26.33055877685547,24.896400451660156,23.684844970703125,20.903074264526367,18.230812072753906,17.6805362701416,16.732994079589844,15.01810073852539,13.370983123779297,1212.7935791015625,43.753509521484375,22.726150512695312
265000,275001,17,3,247,168,0,2938.263427734375,173.55258178710938,85.386474609375,56.57113265991211,47.105995178222656,38.60222625732422,31.332929611206055,27.285926818847656,25.442218780517578,22.766193389892578,21.56553840637207,19.683916091918945,18.269662857055664,16.027353286743164,15.061834335327148,14.286504745483398,12.97497844696045,1237.0479736328125,31.379243850708008,19.62624168395996
265000,275001,17,3,247,168,1,2938.39013671875,181.1210174560547,85.92279052734375,55.33021926879883,48.52846145629883,36.89631271362305,31.762022018432617,26.93052864074707,24.585630416870117,21.6043758392334,20.112354278564453,19.41520881652832,17.62040138244629,16.9636287689209,16.33781623840332,14.755767822265625,13.877513885498047,1239.2286376953125,34.89769744873047,17.253177642822266
270000,280001,17,3,244,180,0,2887.944091796875,167.8004913330078,105.84110260009766,66.15557098388672,49.7165641784668,36.224605560302734,34.17780685424805,28.834911346435547,27.49868392944336,22.929405212402344,21.430147171020508,19.29619598388672,17.35624885559082,15.685820579528809,14.443010330200195,14.276598930358887,12.62711238861084,1215.8065185546875,40.0600471496582,16.968931198120117
270000,280001,17,3,244,180,1,2887.438720703125,167.02960205078125,102.92288208007812,70.21571350097656,51.780120849609375,33.7054328918457,31.81105613708496,27.658178329467773,24.16196632385254,22.90393829345703,21.288005828857422,20.085140228271484,17.73845100402832,16.258657455444336,15.3103609085083,14.756115913391113,12.55860424041748,1215.3291015625,38.66461944580078,17.57976531982422
275000,285001,17,3,250,176,0,2878.36865234375,233.44187927246094,121.8309326171875,80.2120590209961,55.24604034423828,44.591331481933594,37.86250686645508,31.487707138061523,29.771608352661133,27.37539291381836,25.416057586669922,24.390764236450195,23.82349967956543,22.48260498046875,20.618330001831055,17.82709312438965,16.325044631958008,1217.311279296875,39.882694244384766,22.93187713623047
275000,285001,17,3,250,176,1,2883.355712890625,236.82904052734375,123.53252410888672,83.99763488769531,56.183040618896484,43.86330795288086,38.982242584228516,34.141075134277344,28.938899993896484,26.356470108032227,25.413169860839844,23.311594009399414,21.64456558227539,20.117952346801758,18.827110290527344,17.358051300048828,16.76925277709961,1219.212890625,41.34333038330078,24.718795776367188
280000,290001,17,3,246,172,0,2907.164306640625,191.0780029296875,106.79407501220703,65.2602310180664,53.595924377441406,41.53530502319336,33.8584098815918,31.542081832885742,29.611656188964844,25.023447036743164,23.609500885009766,22.458484649658203,20.981107711791992,18.717018127441406,17.218584060668945,15.622825622558594,15.06368350982666,1224.0582275390625,38.35839080810547,21.526865005493164
280000,290001,17,3,246,172,1,2909.639404296875,184.5555419921875,106.66655731201172,67.0780258178711,54.604557037353516,41.885982513427734,33.29189682006836,30.9542179107666,29.55251121520996,25.41564178466797,23.69996452331543,22.027502059936523,20.347536087036133,18.78587532043457,17.85869598388672,16.158096313476562,13.72249984741211,1225.15087890625,41.0208854675293,23.088563919067383
285000,295001,17,3,245,180,0,2868.531005859375,222.97927856445312,107.08506774902344,78.32340240478516,57.69207000732422,44.88728713989258,40.52763366699219,32.57345962524414,29.89228057861328,29.02517318725586,25.875823974609375,24.758838653564453,23.708282470703125,20.793567657470703,19.67945671081543,18.354997634887695,17.182090759277344,1205.9869384765625,55.32676315307617,29.828340530395508
285000,295001,17,3,245,180,1,2861.84521484375,219.95980834960938,107.26091003417969,78.46489715576172,56.652259826660156,44.894935607910156,42.1652946472168,31.81083106994629,29.884946823120117,28.611270904541016,26.955181121826172,23.558879852294922,22.634899139404297,20.2664794921875,18.708375930786133,17.4862117767334,15.370523452758789,1201.1982421875,58.40696334838867,29.322389602661133
290000,300001,17,3,248,175,0,3030.220458984375,169.61988830566406,88.424560546875,67.61811828613281,47.223934173583984,38.93247604370117,34.8293342590332,31.75130844116211,30.517892837524414,25.135713577270508,21.905500411987305,21.490053176879883,19.34815216064453,18.2421932220459,15.323981285095215,15.007740020751953,13.327999114990234,1270.0860595703125,35.765132904052734,18.847972869873047
290000,300001,17,3,248,175,1,3028.975341796875,169.2475128173828,88.9892578125,67.22103881835938,44.76162338256836,37.7986946105957,35.62837600708008,27.739240646362305,25.893896102905273,24.109155654907227,20.964609146118164,19.816652297973633,18.962646484375,16.82787322998047,16.48806381225586,14.325583457946777,11.99842643737793,1270.8321533203125,38.37490463256836,20.935678482055664
295000,305001,17,3,245,184,0,2894.913818359375,241.2699737548828,115.69282531738281,85.94844818115234,52.251224517822266,47.078208923339844,39.25867462158203,35.4658203125,31.903366088867188,28.796733856201172,25.56703758239746,21.96297836303711,21.461275100708008,19.86323356628418,18.200204849243164,17.09895896911621,14.823714256286621,1219.4769287109375,49.15192794799805,24.67323112487793
295000,305001,17,3,245,184,1,2896.11767578125,242.82839965820312,114.91934967041016,88.60286712646484,52.55650329589844,42.60128402709961,39.66437911987305,33.16214370727539,29.97611427307129,27.096174240112305,24.082426071166992,23.853708267211914,22.46596908569336,21.358566284179688,19.873119354248047,18.356477737426758,14.439209938049316,1220.0596923828125,43.139923095703125,26.142574310302734
300000,310001,17,3,241,179,0,2952.989013671875,246.6243438720703,102.19647216796875,69.40821075439453,61.84312438964844,45.02913284301758,37.36399841308594,33.88242721557617,27.58831214904785,26.180233001708984,23.881948471069336,21.530364990234375,20.380325317382812,19.77794647216797,17.82770347595215,17.346149444580078,14.789995193481445,1246.9600830078125,49.5770263671875,22.93894386291504
300000,310001,17,3,241,179,1,2954.67236328125,248.0308380126953,103.70730590820312,67.85157775878906,62.57755661010742,48.38625717163086,34.67457962036133,34.63808822631836,27.280908584594727,26.605926513671875,23.380443572998047,22.706748962402344,20.794593811035156,19.366668701171875,17.719802856445312,17.143583297729492,15.657682418823242,1247.5224609375,49.92050552368164,22.7835750579834
305000,315001,17,3,238,176,0,3076.565185546875,233.34625244140625,123.64066314697266,74.17180633544922,53.4859733581543,40.93115997314453,37.96532440185547,31.816509246826172,28.27495765686035,26.122020721435547,22.649009704589844,21.36637306213379,20.25225067138672,19.1673583984375,18.06265640258789,17.48496437072754,16.451168060302734,1288.1529541015625,51.04802322387695,23.08640480041504
305000,315001,17,3,238,176,1,3071.321533203125,236.75692749023438,122.47095489501953,70.26606750488281,54.959415435791016,42.7319221496582,37.20259094238281,32.59573745727539,29.775314331054688,28.9108943939209,24.645193099975586,22.972774505615234,21.486356735229492,19.929161071777344,19.041887283325195,18.665678024291992,15.987671852111816,1286.82763671875,49.05679702758789,23.082792282104492
310000,320001,17,3,247,174,0,3207.731689453125,262.6120300292969,116.42720794677734,75.43343353271484,55.284305572509766,44.41933059692383,41.60275650024414,33.01350402832031,32.2955322265625,29.011465072631836,26.240022659301758,25.177955627441406,23.392723083496094,19.65606117248535,19.31501579284668,18.581180572509766,17.756053924560547,1327.3455810546875,44.58528137207031,25.109296798706055
310000,320001,17,3,247,174,1,3210.8857421875,260.01458740234375,117.29777526855469,71.59739685058594,55.6882438659668,50.01935958862305,42.52410125732422,32.06391143798828,29.815271377563477,26.697643280029297,25.07610511779785,22.84577178955078,22.201799392700195,20.167499542236328,19.136592864990234,16.956418991088867,15.713164329528809,1331.6727294921875,44.346126556396484,25.279449462890625
315000,325001,17,3,245,186,0,3181.257568359375,245.5192413330078,143.23910522460938,73.08281707763672,56.34916687011719,55.184532165527344,39.692291259765625,32.73891067504883,32.04248046875,29.843610763549805,29.008380889892578,25.137948989868164,24.662546157836914,22.5451717376709,18.024642944335938,17.40191078186035,16.2954158782959,1336.8572998046875,45.23432922363281,24.896751403808594
315000,325001,17,3,245,186,1,3180.9912109375,244.5985107421875,145.1606903076172,78.01319122314453,61.50263595581055,50.53619384765625,41.10938262939453,32.60419464111328,31.757396697998047,27.67922592163086,26.117504119873047,23.64022445678711,22.895416259765625,22.275814056396484,20.683650970458984,18.842578887939453,18.174272537231445,1337.120361328125,42.491943359375,24.102258682250977
320000,330001,17,3,246,179,0,3169.853759765625,294.0360412597656,130.77781677246094,76.8500747680664,67.35623168945312,45.818115234375,43.529293060302734,38.02430725097656,36.268184661865234,33.931114196777344,29.545351028442383,28.51201057434082,24.79364776611328,23.096115112304688,22.321008682250977,17.65572738647461,17.16678810119629,1333.7689208984375,40.073184967041016,30.512392044067383
320000,330001,17,3,246,179,1,3160.648681640625,294.1451416015625,122.82103729248047,78.81890869140625,65.23741912841797,47.29943084716797,44.188385009765625,41.12700653076172,35.78667449951172,30.930728912353516,27.147640228271484,25.05672836303711,24.12775421142578,22.645355224609375,20.92521095275879,18.778078079223633,17.63348388671875,1332.6920166015625,42.28264617919922,26.457931518554688
325000,335001,17,3,239,176,0,3159.89697265625,325.4255676269531,160.4473876953125,83.07954406738281,68.2595443725586,56.93291091918945,46.504459381103516,39.45166015625,36.30943298339844,30.405858993530273,29.796140670776367,28.53188133239746,24.794179916381836,23.504560470581055,21.197063446044922,18.975248336791992,17.179649353027344,1316.842529296875,53.0294189453125,27.300304412841797
325000,335001,17,3,239,176,1,3168.51416015625,326.0893859863281,159.66319274902344,89.06282043457031,70.22626495361328,59.03483581542969,48.43925857543945,39.32563018798828,34.20359802246094,30.469633102416992,29.832704544067383,28.83031463623047,26.03537368774414,23.279739379882812,22.534454345703125,19.148405075073242,17.466054916381836,1318.0784912109375,55.06547927856445,28.62819480895996
330000,340001,17,3,250,177,0,3323.9658203125,336.9926452636719,152.11636352539062,87.7072982788086,62.4807243347168,52.82613754272461,45.189945220947266,37.71664047241211,33.61857986450195,32.72575378417969,30.05916404724121,28.17791748046875,25.529748916625977,24.867822647094727,23.143945693969727,22.66434097290039,19.001384735107422,1395.285400390625,47.919132232666016,25.27703285217285
330000,340001,17,3,250,177,1,3304.702880859375,334.7086181640625,148.06216430664062,84.23400115966797,60.72258377075195,55.11178207397461,44.560081481933594,40.284244537353516,36.334266662597656,33.96196365356445,30.340185165405273,28.38193130493164,26.833528518676758,23.650611877441406,21.85842514038086,20.705684661865234,19.902143478393555,1387.7294921875,49.426021575927734,24.752498626708984
335000,345001,17,3,247,178,0,3469.742919921875,309.6240539550781,141.2463836669922,92.5972900390625,67.49034881591797,60.33727264404297,47.57173538208008,42.899356842041016,40.29798889160156,35.729454040527344,33.90444564819336,31.42208480834961,29.089126586914062,28.356914520263672,27.08063316345215,26.312753677368164,24.275880813598633,1471.0518798828125,52.77357482910156,28.762754440307617
335000,345001,17,3,247,178,1,3468.239501953125,308.6204528808594,144.72323608398438,96.20209503173828,69.81979370117188,59.99730682373047,47.734493255615234,42.12515640258789,40.48086929321289,32.86137771606445,32.02742004394531,31.238113403320312,29.75177001953125,24.99378204345703,24.254497528076172,23.528594970703125,21.823965072631836,1472.0828857421875,54.31475830078125,30.616289138793945
340000,350001,17,3,248,193,0,3250.999267578125,338.2592468261719,158.81661987304688,96.52916717529297,68.75069427490234,62.04032516479492,47.01755142211914,45.793148040771484,39.21590805053711,32.883216857910156,31.705476760864258,30.04532241821289,26.66706085205078,24.887563705444336,22.17583656311035,20.02552604675293,19.474641799926758,1367.4727783203125,63.939849853515625,36.48947525024414
340000,350001,17,3,248,193,1,3245.73876953125,339.8287658691406,159.43601989746094,98.22607421875,69.15422821044922,59.60034942626953,49.86829376220703,47.75066375732422,40.202056884765625,37.22718811035156,32.213287353515625,28.760000228881836,27.955570220947266,24.463680267333984,23.842689514160156,21.3273983001709,19.820606231689453,1366.0299072265625,59.865928649902344,42.26487731933594
345000,355001,17,3,247,187,0,3349.583740234375,295.89373779296875,152.09677124023438,94.12515258789062,72.59552001953125,56.02772903442383,50.25653839111328,46.688011169433594,42.51816177368164,39.72767639160156,36.788578033447266,31.823137283325195,30.2520809173584,27.671560287475586,27.028675079345703,26.247577667236328,24.369930267333984,1392.3983154296875,59.91633987426758,32.70304870605469
345000,355001,17,3,247,187,1,3336.55419921875,305.7747497558594,145.9369354248047,95.13692474365234,72.1140365600586,54.766143798828125,53.50141525268555,47.69075393676758,39.192779541015625,38.08061981201172,36.3348503112793,33.738826751708984,30.877561569213867,28.223899841308594,26.86553192138672,26.33696174621582,25.374753952026367,1390.966552734375,59.31448745727539,33.606685638427734
350000,360001,17,3,247,184,0,3467.062255859375,294.98828125,184.3437042236328,112.02057647705078,72.72303771972656,69.37014770507812,53.9763069152832,50.93804168701172,41.76444625854492,38.02559280395508,36.646446228027344,34.23796081542969,32.92694091796875,30.10988426208496,28.57154655456543,26.266855239868164,24.40730857849121,1449.9349365234375,64.4497299194336,35.05149459838867
350000,360001,17,3,247,184,1,3467.64013671875,297.4239807128906,178.05662536621094,114.90352630615234,74.2774429321289,68.68811798095703,53.9428596496582,45.31421661376953,44.06548309326172,38.97926330566406,35.21513366699219,32.70464324951172,28.880847930908203,26.651718139648438,26.596878051757812,23.777904510498047,23.027076721191406,1452.8472900390625,64.04962158203125,36.5371208190918
355000,365001,17,3,249,190,0,3235.767578125,302.9985656738281,179.46920776367188,104.90921020507812,73.56239318847656,57.077266693115234,48.147769927978516,39.39970397949219,37.82371520996094,35.54425048828125,31.701749801635742,29.794118881225586,28.435457229614258,26.527860641479492,25.8453426361084,23.46216583251953,22.48200798034668,1353.223388671875,58.66675567626953,30.614490509033203
355000,365001,17,3,249,190,1,3243.1396484375,297.9877624511719,181.19607543945312,112.40302276611328,80.96821594238281,55.99417495727539,52.199275970458984,41.49106216430664,40.47743225097656,34.874061584472656,33.86800765991211,30.62462043762207,29.012298583984375,27.22670555114746,25.637802124023438,20.817337036132812,20.089799880981445,1352.22802734375,60.71747970581055,31.346412658691406
360000,370001,17,3,248,184,0,3335.722900390625,282.0605773925781,156.55703735351562,111.72271728515625,71.8835678100586,61.67668533325195,52.40797805786133,48.45865249633789,42.06727981567383,38.33091354370117,34.25870132446289,31.60348129272461,28.701465606689453,27.527618408203125,26.501235961914062,23.542776107788086,21.04962730407715,1390.2379150390625,63.490455627441406,33.58579635620117
360000,370001,17,3,248,184,1,3323.819091796875,283.37420654296875,158.371337890625,115.86775207519531,73.53668975830078,59.07783889770508,54.73658752441406,44.56452560424805,38.83645248413086,36.12697219848633,33.55060958862305,31.53435707092285,31.407514572143555,28.684101104736328,27.51529884338379,24.448711395263672,23.691436767578125,1379.9478759765625,65.13977813720703,34.200218200683594
365000,375001,17,3,250,190,0,3715.951416015625,413.92706298828125,177.22686767578125,101.52393341064453,80.41151428222656,63.89214324951172,52.11499786376953,50.64160919189453,48.09343338012695,41.97013473510742,39.15626525878906,36.88395690917969,34.590370178222656,31.920696258544922,29.256019592285156,26.322311401367188,23.574195861816406,1576.59423828125,60.826663970947266,34.289207458496094
365000,375001,17,3,250,190,1,3695.16455078125,426.11572265625,178.802490234375,104.53453826904297,77.95529174804688,65.16213989257812,52.66451644897461,49.36442565917969,45.992000579833984,41.615577697753906,40.52082443237305,35.44931411743164,32.902286529541016,32.296775817871094,28.671375274658203,27.84660530090332,24.36743927001953,1571.10009765625,62.904205322265625,34.09190368652344
370000,380001,17,3,248,187,0,3873.480224609375,333.4966735839844,182.19491577148438,111.36978149414062,90.13237762451172,65.88383483886719,52.16933822631836,50.28048324584961,43.96200180053711,41.49900817871094,38.759971618652344,35.5084228515625,34.128849029541016,32.09721374511719,28.270910263061523,27.510713577270508,26.048503875732422,1611.051513671875,88.16857147216797,39.877601623535156
370000,380001,17,3,248,187,1,3865.7392578125,337.72174072265625,192.62094116210938,119.32612609863281,91.95053100585938,58.74745559692383,54.373233795166016,52.50774383544922,46.26298904418945,44.63426971435547,39.531944274902344,36.33123779296875,33.5710334777832,32.29113006591797,26.83989143371582,25.226858139038086,24.71410369873047,1608.9117431640625,100.98505401611328,42.05644226074219
375000,385001,17,3,250,186,0,3961.3388671875,315.968994140625,168.4737548828125,113.48519897460938,91.40923309326172,70.90335845947266,61.75307083129883,54.00876998901367,44.82416534423828,42.93905258178711,42.630393981933594,37.81073760986328,35.89129638671875,34.18242263793945,31.272184371948242,28.426876068115234,27.833473205566406,1669.9027099609375,60.168174743652344,38.42626953125
375000,385001,17,3,250,186,1,3965.150634765625,314.952880859375,168.3017120361328,116.6711196899414,90.1639175415039,77.28060150146484,65.49153900146484,57.296600341796875,50.90647888183594,47.20016860961914,41.817832946777344,40.22569274902344,38.182640075683594,35.897220611572266,31.888315200805664,29.27753448486328,25.284000396728516,1670.4266357421875,64.16545104980469,39.80149459838867
380000,390001,17,3,249,191,0,3682.89892578125,360.5608825683594,169.73513793945312,118.12574768066406,90.48111724853516,83.45133209228516,62.73986053466797,56.84999084472656,50.9967041015625,45.81005096435547,43.924320220947266,37.59544372558594,36.44505310058594,34.13714599609375,30.96457290649414,30.067113876342773,25.204715728759766,1524.9603271484375,79.5130615234375,43.176513671875
380000,390001,17,3,249,191,1,3690.30810546875,354.77081298828125,167.43589782714844,128.5753936767578,99.73416900634766,84.36873626708984,65.00839233398438,60.29499435424805,54.78948211669922,44.85184860229492,42.25154113769531,40.529747009277344,35.43572235107422,35.090980529785156,32.838523864746094,28.871675491333008,26.339780807495117,1530.3277587890625,75.30183410644531,41.687255859375
385000,395001,17,3,244,187,0,4147.05126953125,436.16717529296875,243.5074005126953,130.08900451660156,97.46180725097656,81.67510223388672,63.51777267456055,57.72064971923828,55.096336364746094,50.47706985473633,44.19717025756836,41.5705451965332,41.35391616821289,39.01499557495117,32.26827621459961,31.261655807495117,29.5550537109375,1709.673583984375,68.83588409423828,39.71480178833008
385000,395001,17,3,244,187,1,4149.01904296875,435.04681396484375,236.6719970703125,135.09262084960938,104.13375091552734,71.71167755126953,67.65081024169922,59.397666931152344,54.35676193237305,46.9838981628418,46.10517120361328,39.50983428955078,37.18753433227539,33.45781326293945,32.393943786621094,30.989490509033203,27.63467788696289,1706.96240234375,72.46884155273438,39.35087585449219
390000,400001,17,3,247,190,0,4078.603759765625,399.6003723144531,184.0220489501953,149.5626983642578,102.17337036132812,73.9932861328125,59.61096954345703,57.93549346923828,51.822784423828125,48.43115997314453,47.986148834228516,43.70334243774414,39.48563766479492,34.814537048339844,31.542560577392578,29.732717514038086,25.225637435913086,1707.8135986328125,74.37843322753906,45.26126480102539
390000,400001,17,3,247,190,1,4080.171142578125,403.9759521484375,181.19163513183594,141.07899475097656,101.65953826904297,73.50386047363281,57.70940399169922,55.0079460144043,51.93330764770508,50.33015060424805,47.19017028808594,42.68183135986328,35.57235336303711,35.139888763427734,33.079986572265625,31.36745262145996,29.877647399902344,1709.54248046875,72.15711975097656,37.037742614746094
395000,405001,17,3,251,195,0,4351.9091796875,353.47271728515625,190.2064666748047,129.86476135253906,113.41275024414062,70.73011016845703,63.073848724365234,52.06515884399414,49.39364242553711,47.147483825683594,41.17219924926758,39.97289276123047,34.961849212646484,33.124210357666016,32.1701774597168,30.365737915039062,26.002355575561523,1806.724365234375,78.14823913574219,39.53877258300781
395000,405001,17,3,251,195,1,4327.06201171875,357.091064453125,195.97315979003906,134.65081787109375,108.22721099853516,77.99822998046875,67.7528076171875,55.29146957397461,49.14609146118164,46.58689880371094,44.07417678833008,37.69129943847656,34.802650451660156,34.72406768798828,30.9398250579834,28.582429885864258,24.214622497558594,1794.8394775390625,85.6163101196289,37.951988220214844
400000,410001,17,3,248,191,0,4719.86669921875,391.0848388671875,182.29542541503906,125.94735717773438,86.44966125488281,79.64665985107422,59.981021881103516,52.845890045166016,44.61625671386719,42.16533279418945,40.275028228759766,37.34345626831055,36.4737434387207,34.072574615478516,29.749134063720703,28.388750076293945,25.10359001159668,1984.933349609375,64.00118255615234,39.98238754272461
400000,410001,17,3,248,191,1,4732.17333984375,397.9866027832031,180.77960205078125,123.29000091552734,86.41820526123047,78.9206771850586,61.12981033325195,56.093482971191406,48.65163803100586,46.67093276977539,39.99786376953125,38.79887390136719,36.88722610473633,36.338809967041016,33.561683654785156,29.032087326049805,26.113426208496094,1986.477783203125,65.06849670410156,41.552711486816406
405000,415001,17,3,247,198,0,4458.09814453125,444.2853088378906,241.26333618164062,140.19815063476562,98.98464965820312,88.46198272705078,79.63850402832031,64.54413604736328,53.53168869018555,50.49564743041992,49.31244659423828,45.25048065185547,43.83972930908203,40.64806365966797,35.899349212646484,34.32658386230469,30.380313873291016,1850.3228759765625,77.6240005493164,51.09505844116211
405000,415001,17,3,247,198,1,4425.0439453125,440.045654296875,234.96124267578125,130.95361328125,102.28482055664062,81.59810638427734,70.64695739746094,62.15782928466797,56.05967712402344,52.38884735107422,49.367313385009766,43.95982360839844,43.520442962646484,39.96205520629883,38.00032043457031,34.998443603515625,27.10451889038086,1848.13720703125,77.41118621826172,46.79829025268555
410000,420001,17,3,243,197,0,4590.033203125,534.5147094726562,209.01126098632812,124.96806335449219,84.12615966796875,79.66333770751953,67.41995239257812,63.843528747558594,58.981536865234375,52.12970733642578,44.97553634643555,41.71208953857422,36.482276916503906,34.422096252441406,31.5941162109375,30.837194442749023,26.690107345581055,1964.8514404296875,73.18012237548828,44.54682159423828
410000,420001,17,3,243,197,1,4586.06591796875,525.8319091796875,208.18746948242188,138.39511108398438,82.11406707763672,80.2988052368164,72.9083251953125,61.422508239746094,55.320186614990234,49.371055603027344,46.412681579589844,42.31755447387695,41.04349899291992,37.7974739074707,36.5352897644043,34.239356994628906,28.905698776245117,1961.7060546875,68.27339935302734,43.763641357421875
415000,425001,17,3,245,197,0,4867.5673828125,488.81146240234375,202.0977325439453,126.27178192138672,104.1942138671875,76.80567932128906,67.02204132080078,55.70482635498047,50.30747604370117,45.767887115478516,39.85359191894531,38.57124710083008,37.58988571166992,35.22362518310547,33.654808044433594,29.573686599731445,27.119998931884766,2046.37890625,71.63788604736328,37.498905181884766
415000,425001,17,3,245,197,1,4844.8603515625,479.30877685546875,192.66909790039062,136.22239685058594,101.47881317138672,71.8399429321289,67.97691345214844,53.88504409790039,48.29020309448242,45.496971130371094,41.860877990722656,39.863704681396484,37.6201057434082,35.87306213378906,33.1502685546875,30.571353912353516,27.0775146484375,2035.0062255859375,64.60957336425781,42.87993240356445
420000,430001,17,3,252,199,0,4932.09716796875,484.2375183105469,247.2103271484375,149.24705505371094,116.9801025390625,84.26190185546875,80.22061920166016,68.723876953125,59.141319274902344,56.60805892944336,49.964111328125,48.40836715698242,47.5367546081543,40.14350128173828,37.74689483642578,35.235286712646484,30.519804000854492,2056.9140625,100.31221771240234,53.87025451660156
420000,430001,17,3,252,199,1,4931.60986328125,482.76800537109375,244.0620880126953,150.21322631835938,118.2066421508789,90.7841796875,77.14154052734375,63.749359130859375,56.27029037475586,53.14487838745117,48.07313537597656,45.63288497924805,42.60697937011719,40.13310241699219,36.16160583496094,30.55403709411621,27.876483917236328,2050.95849609375,100.76277160644531,48.06739044189453
425000,435001,17,3,246,198,0,5317.73681640625,489.73712158203125,197.3174591064453,137.83544921875,96.22079467773438,79.87914276123047,73.17843627929688,64.11376190185547,58.55522537231445,48.29621124267578,44.61166000366211,43.51799392700195,40.6878776550293,38.188255310058594,35.842830657958984,31.781654357910156,29.093412399291992,2235.285888671875,75.8235092163086,48.44081497192383
425000,435001,17,3,246,198,1,5266.91357421875,478.2972106933594,192.80587768554688,133.00689697265625,101.86458587646484,79.0605239868164,67.91346740722656,57.627376556396484,55.4782829284668,45.9094352722168,44.46821212768555,41.688209533691406,40.37211227416992,37.74234390258789,34.968902587890625,32.8824577331543,31.69567108154297,2220.1572265625,66.22162628173828,43.95088577270508
430000,440001,17,3,247,199,0,4803.5361328125,376.0037841796875,195.34298706054688,120.34769439697266,88.22489166259766,78.97134399414062,71.94295501708984,60.695125579833984,53.216949462890625,48.96358871459961,47.34930419921875,40.66563034057617,38.74374771118164,35.91056823730469,34.64186096191406,30.71289825439453,27.25229835510254,2045.7689208984375,76.08231353759766,43.93757247924805
430000,440001,17,3,247,199,1,4825.31494140625,391.68255615234375,200.8500213623047,128.35882568359375,84.25949096679688,83.3913803100586,68.18655395507812,63.65477752685547,59.32088088989258,47.902137756347656,43.01213455200195,40.56061935424805,39.4371223449707,34.735164642333984,33.21629333496094,31.472240447998047,26.6368465423584,2055.993408203125,71.48675537109375,40.724708557128906
435000,445001,17,3,243,194,0,5072.21826171875,512.5346069335938,203.9010009765625,123.22821807861328,103.47490692138672,78.74542236328125,75.72687530517578,65.01776123046875,57.05310821533203,54.33376693725586,50.08285140991211,46.032684326171875,43.54076385498047,38.36915588378906,36.0699348449707,33.668338775634766,26.920591354370117,2111.982421875,71.76683044433594,41.514217376708984
435000,445001,17,3,243,194,1,5091.55712890625,502.2505187988281,203.47503662109375,125.7542953491211,106.74771881103516,82.57465362548828,70.19458770751953,59.2733039855957,57.66510009765625,49.23185348510742,43.7689208984375,41.079345703125,38.6895637512207,36.24031066894531,34.61663818359375,33.109195709228516,28.888952255249023,2113.387939453125,66.75431823730469,45.75065994262695
440000,450001,17,3,247,193,0,5643.97021484375,396.99652099609375,202.3148193359375,129.12892150878906,93.5564956665039,81.44973754882812,74.72183990478516,69.00485229492188,55.251827239990234,51.25130844116211,49.30896759033203,46.82179641723633,45.49888610839844,42.35688018798828,38.070465087890625,35.3579216003418,30.480968475341797,2371.466552734375,69.20381927490234,43.870521545410156
440000,450001,17,3,247,193,1,5665.43408203125,394.73968505859375,198.838623046875,126.1051025390625,97.84679412841797,86.30096435546875,77.71006774902344,74.63208770751953,55.28738784790039,54.389198303222656,45.0329704284668,44.4144287109375,40.45186996459961,38.890438079833984,36.770755767822266,32.3829231262207,29.895586013793945,2380.3310546875,67.61222839355469,42.77070236206055
445000,455001,17,3,248,192,0,5674.7841796875,515.42919921875,237.55459594726562,142.666259765625,111.99092864990234,97.9803695678711,80.45137786865234,73.20549774169922,61.19281768798828,48.989376068115234,48.36537551879883,47.1457633972168,46.253875732421875,40.93790817260742,38.752769470214844,35.53504180908203,30.673219680786133,2373.68212890625,92.21371459960938,52.11493682861328
445000,455001,17,3,248,192,1,5691.7939453125,503.6250305175781,236.75509643554688,151.07723999023438,114.12504577636719,90.36036682128906,79.87350463867188,75.08909606933594,61.09835433959961,52.361724853515625,50.659088134765625,47.317298889160156,44.741336822509766,39.073482513427734,36.178001403808594,34.16868209838867,28.993671417236328,2375.568603515625,87.21245574951172,45.23238754272461
450000,460001,17,3,248,198,0,5686.94580078125,515.3876342773438,279.059814453125,166.62705993652344,140.9326629638672,104.01966857910156,90.44355773925781,74.27100372314453,60.89483642578125,60.26155090332031,55.188743591308594,46.91478729248047,44.51460266113281,43.873023986816406,38.31039810180664,37.467201232910156,32.527435302734375,2367.2265625,132.95950317382812,60.243812561035156
450000,460001,17,3,248,198,1,5681.4736328125,525.1771850585938,271.03350830078125,168.5684051513672,132.70504760742188,98.12897491455078,84.73981475830078,74.14558410644531,66.2576675415039,56.735660552978516,54.22220230102539,45.846229553222656,42.252174377441406,38.15705490112305,36.410274505615234,34.862186431884766,30.593910217285156,2362.088623046875,122.43790435791016,65.03023529052734
455000,465001,17,3,250,202,0,6278.7119140625,442.3982849121094,228.51724243164062,138.31942749023438,119.30342864990234,93.6758804321289,79.53109741210938,67.9415512084961,63.295997619628906,53.404571533203125,51.182674407958984,46.63828659057617,44.87624740600586,40.73136901855469,40.051570892333984,34.2451057434082,31.584716796875,2612.02392578125,113.31263732910156,45.489192962646484
455000,465001,17,3,250,202,1,6293.7353515625,449.6917419433594,234.20787048339844,136.07171630859375,123.97130584716797,92.1221923828125,75.69871520996094,68.79590606689453,60.847633361816406,56.99364471435547,53.082767486572266,48.71624755859375,43.32743453979492,40.507843017578125,39.64653396606445,36.57648849487305,34.00021743774414,2620.975830078125,111.9971694946289,41.851322174072266
460000,470001,17,3,252,206,0,6242.8154296875,576.218505859375,267.8818664550781,162.31912231445312,116.04634094238281,96.58365631103516,85.8394775390625,68.97576141357422,66.26251983642578,56.8139533996582,55.21596908569336,50.52819061279297,46.926536560058594,45.38470458984375,42.856422424316406,38.87239456176758,31.228731155395508,2621.527587890625,82.25591278076172,57.564910888671875
460000,470001,17,3,252,206,1,6206.189453125,569.8436279296875,252.80381774902344,163.2690887451172,122.01476287841797,97.690673828125,91.48684692382812,76.07127380371094,70.96121215820312,61.89360427856445,54.77928924560547,51.0285758972168,45.99308776855469,43.2568359375,41.643333435058594,35.91383743286133,34.99203872680664,2607.33447265625,84.10279083251953,56.02396011352539
465000,475001,17,3,242,202,0,6222.2265625,429.3498229980469,221.97027587890625,129.43907165527344,116.61332702636719,77.42121887207031,72.16541290283203,68.31539154052734,61.81977462768555,55.81425476074219,47.89521408081055,46.27776336669922,42.45072555541992,42.007301330566406,38.672882080078125,36.40366744995117,34.093406677246094,2619.2041015625,73.4629135131836,57.74480438232422
465000,475001,17,3,242,202,1,6208.35546875,446.101318359375,231.32350158691406,139.61135864257812,116.08849334716797,87.42110443115234,74.17183685302734,72.29912567138672,64.7879409790039,53.25284957885742,48.801387786865234,45.400638580322266,41.14434051513672,36.88471984863281,33.14311218261719,31.405675888061523,30.714282989501953,2609.646728515625,78.86046600341797,54.24339294433594
470000,480001,17,3,251,205,0,6794.48291015625,562.6362915039062,303.8428649902344,189.39926147460938,124.02613067626953,108.0614013671875,93.3528060913086,73.225830078125,64.22099304199219,60.863155364990234,56.5095100402832,55.953556060791016,52.46116638183594,46.49669647216797,45.55391311645508,40.64665985107422,35.647438049316406,2834.58740234375,109.41976165771484,56.677494049072266
470000,480001,17,3,251,205,1,6767.73681640625,562.502685546875,305.2467041015625,180.41343688964844,124.90827941894531,105.20315551757812,86.13197326660156,81.20252990722656,67.88381958007812,65.3499526977539,57.54484558105469,56.101295471191406,53.30869674682617,47.599361419677734,40.39730453491211,37.34346008300781,36.02238082885742,2820.31396484375,94.83670806884766,62.20170974731445
475000,485001,17,3,250,204,0,6484.91796875,523.3735961914062,226.2621307373047,173.7021026611328,114.8756332397461,109.66220092773438,88.87834167480469,73.07633209228516,68.57875061035156,59.50907897949219,58.343109130859375,52.58876037597656,49.1622314453125,44.79356384277344,42.49553680419922,41.00255584716797,31.46900177001953,2682.77392578125,117.21363067626953,55.5911979675293
475000,485001,17,3,250,204,1,6468.67529296875,531.8980712890625,231.50120544433594,172.21646118164062,128.28570556640625,112.88452911376953,81.86832427978516,74.17056274414062,70.981201171875,58.937557220458984,56.78598403930664,49.73323059082031,48.35831069946289,45.62198257446289,42.547157287597656,37.577125549316406,35.4253044128418,2677.461669921875,123.66764831542969,57.052188873291016
480000,490001,17,3,252,206,0,6742.05126953125,617.1014404296875,279.7552490234375,218.44461059570312,148.62327575683594,122.52476501464844,101.16754150390625,78.1617202758789,77.15172576904297,71.70524597167969,62.65149688720703,61.652976989746094,60.126953125,51.57369613647461,49.60469055175781,40.90671920776367,39.546409606933594,2823.065673828125,158.35646057128906,57.70265579223633
480000,490001,17,3,252,206,1,6747.15234375,629.2119140625,298.2774353027344,222.4415283203125,135.14694213867188,118.94649505615234,107.31674194335938,87.2822265625,79.44061279296875,78.89030456542969,64.46299743652344,61.061031341552734,58.00543212890625,53.39259338378906,51.57505798339844,44.650150299072266,38.87586975097656,2824.40625,158.2423095703125,49.896995544433594
485000,495001,17,3,250,201,0,6995.2939453125,499.77850341796875,241.9352264404297,153.96896362304688,123.75044250488281,96.01817321777344,87.1622314453125,70.25403594970703,64.44711303710938,56.02014923095703,49.25042724609375,48.689273834228516,44.94926834106445,42.77141189575195,39.71083450317383,33.805519104003906,32.43427276611328,2966.004638671875,85.04856872558594,45.97864532470703
485000,495001,17,3,250,201,1,7017.7666015625,503.15008544921875,249.9796600341797,152.1405487060547,130.88339233398438,96.13972473144531,83.822265625,62.00226974487305,60.70914840698242,56.239383697509766,51.77979278564453,47.96648406982422,43.23751449584961,42.40806198120117,39.92079544067383,36.52137756347656,31.99825668334961,2970.1572265625,87.29000854492188,51.25823974609375
490000,500001,17,3,249,197,0,6399.1884765625,548.6538696289062,265.7250061035156,192.23138427734375,132.07611083984375,101.4745101928711,88.71273040771484,77.96026611328125,70.72265625,66.93461608886719,60.038700103759766,54.759395599365234,50.11659240722656,48.364784240722656,46.168922424316406,37.78030014038086,37.10382080078125,2664.29150390625,100.12652587890625,53.24462890625
490000,500001,17,3,249,197,1,6413.166015625,574.1016845703125,264.1246032714844,195.24635314941406,135.8661651611328,96.4267807006836,87.35735321044922,77.21155548095703,70.74751281738281,67.86468505859375,60.58717346191406,59.35353469848633,55.36808776855469,50.3181266784668,43.81264877319336,40.353397369384766,36.6013069152832,2665.968505859375,118.74061584472656,55.696937561035156
495000,505001,17,3,248,197,0,7125.2548828125,495.1210021972656,268.5643615722656,175.81947326660156,116.37254333496094,110.27952575683594,85.82133483886719,78.85535430908203,68.32781982421875,62.744327545166016,56.006744384765625,51.83934020996094,48.07117462158203,45.406375885009766,42.88463592529297,40.52004623413086,35.89612579345703,2999.341796875,103.72763061523438,59.61996078491211
495000,505001,17,3,248,197,1,7104.08056640625,494.625732421875,271.9035339355469,183.0595703125,112.37212371826172,107.01338195800781,86.21929931640625,76.46941375732422,62.64509201049805,61.2422981262207,51.57488250732422,48.13370895385742,43.4946403503418,41.73832321166992,40.54819869995117,36.82810592651367,31.569374084472656,2987.400634765625,107.4518814086914,52.825164794921875
500000,510001,17,3,248,201,0,7530.78662109375,409.2403259277344,212.8955078125,152.00538635253906,97.48180389404297,86.3867416381836,79.23731231689453,72.310302734375,64.41415405273438,54.664894104003906,52.473812103271484,48.364112854003906,46.485435485839844,44.08741760253906,39.81114959716797,38.47425079345703,36.35257339477539,3170.235107421875,87.18933868408203,49.79914474487305
500000,510001,17,3,248,201,1,7527.42626953125,399.9635314941406,224.20863342285156,159.01512145996094,108.53056335449219,91.01671600341797,83.27743530273438,75.87152099609375,63.75130844116211,62.38920211791992,60.77836608886719,53.920806884765625,44.3940544128418,43.00762939453125,40.582550048828125,35.16828536987305,34.18819046020508,3165.478271484375,92.25288391113281,46.43101501464844
505000,515001,17,3,249,196,0,7272.6630859375,561.946044921875,285.5162658691406,161.74691772460938,123.03662872314453,111.95308685302734,89.91521453857422,72.28929138183594,70.62613677978516,66.66670227050781,56.07473373413086,51.42196273803711,49.90032958984375,47.282798767089844,44.83317184448242,41.58367156982422,37.237239837646484,3026.729736328125,118.50076293945312,56.70247268676758
505000,515001,17,3,249,196,1,7259.478515625,563.1287231445312,283.77874755859375,163.81117248535156,124.36857604980469,101.96939086914062,79.50282287597656,74.86353302001953,68.0901870727539,62.222511291503906,61.45661163330078,53.400169372558594,48.5325927734375,45.099483489990234,44.19987106323242,40.180328369140625,39.32475662231445,3017.910400390625,94.74320983886719,64.58183288574219
510000,520001,17,3,246,196,0,7262.70263671875,460.248779296875,257.51251220703125,141.0876922607422,110.07019805908203,85.3209228515625,70.10547637939453,64.70333862304688,58.1691780090332,54.319820404052734,50.3579216003418,49.55500411987305,45.200584411621094,43.03856658935547,41.908912658691406,36.43254089355469,35.130821228027344,3032.483154296875,90.8591537475586,54.111873626708984
510000,520001,17,3,246,196,1,7289.1015625,474.20440673828125,255.38690185546875,137.14138793945312,110.41606140136719,84.52388000488281,73.26434326171875,68.06314086914062,64.12405395507812,61.28445816040039,52.396217346191406,50.410743713378906,46.987693786621094,43.84638595581055,41.861572265625,40.599876403808594,36.32424545288086,3042.9609375,94.92984008789062,56.60930633544922
515000,525001,17,3,242,206,0,7355.14306640625,648.8035888671875,272.7414855957031,200.19215393066406,148.6222381591797,115.11126708984375,95.55622863769531,92.65141296386719,74.35820770263672,65.656005859375,63.352352142333984,56.23085021972656,52.46760559082031,51.042938232421875,45.16864776611328,41.673282623291016,39.170711517333984,3102.787353515625,139.20181274414062,61.19047927856445
515000,525001,17,3,242,206,1,7344.00341796875,669.3994140625,271.4225769042969,189.9430694580078,152.91815185546875,111.75912475585938,104.35445404052734,93.20721435546875,78.95927429199219,67.0202407836914,64.224609375,59.76563262939453,57.57111358642578,52.80112838745117,46.701515197753906,43.42952346801758,35.7867317199707,3091.291259765625,136.9901123046875,58.19335174560547
520000,530001,17,3,253,210,0,7703.70556640625,671.9326171875,238.8170166015625,178.1427459716797,125.928466796875,112.0893325805664,102.0064697265625,79.60665893554688,76.4859848022461,68.68212127685547,60.67694091796875,58.74037170410156,53.25785446166992,49.05025100708008,45.42824172973633,43.154361724853516,37.999454498291016,3237.859375,94.26756286621094,55.53962707519531
520000,530001,17,3,253,210,1,7695.80517578125,663.1857299804688,235.2226104736328,182.59405517578125,139.41287231445312,115.15773010253906,111.30966186523438,85.42054748535156,71.15238189697266,62.454864501953125,61.08708572387695,53.015750885009766,48.37480163574219,46.563148498535156,43.69676971435547,41.25126266479492,39.617332458496094,3240.527099609375,104.2912826538086,44.093414306640625
525000,535001,17,3,246,199,0,8015.98046875,593.6195068359375,276.3719482421875,165.39669799804688,146.54600524902344,100.47659301757812,85.7118911743164,81.1304931640625,72.19524383544922,63.89306640625,59.06631851196289,55.747188568115234,54.41975402832031,50.52201461791992,47.306488037109375,43.0434684753418,41.24723434448242,3304.737548828125,110.16524505615234,53.173885345458984
525000,535001,17,3,246,199,1,8011.86865234375,591.0488891601562,267.9507141113281,154.88059997558594,148.59690856933594,101.36502838134766,83.8940658569336,77.38041687011719,73.66905212402344,69.58883666992188,66.30854034423828,60.50143051147461,53.85951232910156,50.33921813964844,45.09464645385742,39.689491271972656,37.60984420776367,3307.196044921875,115.0741195678711,53.148231506347656
530000,540001,17,3,244,201,0,8138.94287109375,499.5132751464844,256.1048278808594,143.35450744628906,126.92346954345703,95.90550994873047,83.38703155517578,71.12635040283203,66.6519546508789,62.140357971191406,57.83230972290039,52.93450927734375,51.04680633544922,50.114967346191406,43.17444610595703,41.182029724121094,38.08633041381836,3403.25146484375,93.39164733886719,54.500274658203125
530000,540001,17,3,244,201,1,8130.9423828125,504.0108642578125,267.31610107421875,143.8372039794922,125.4881820678711,104.32919311523438,85.57913208007812,80.54734802246094,65.87853240966797,62.861366271972656,62.29578399658203,55.28978729248047,52.593040466308594,50.861663818359375,44.69709396362305,37.29179382324219,35.53055191040039,3393.353515625,102.24238586425781,63.58799362182617
535000,545001,17,3,252,204,0,8206.44921875,526.1806030273438,258.5771179199219,194.5015411376953,150.8889617919922,107.30075073242188,99.81317138671875,88.87052917480469,84.01556396484375,68.5029067993164,65.52098083496094,59.55755615234375,58.52849578857422,52.72257995605469,50.3998908996582,48.04167175292969,42.023040771484375,3446.29296875,99.66694641113281,58.82117462158203
535000,545001,17,3,252,204,1,8222.193359375,535.677490234375,268.29998779296875,195.6441650390625,152.5592498779297,105.38098907470703,100.33782958984375,90.58815002441406,76.56184387207031,70.11831665039062,68.09790802001953,65.7048568725586,58.86433792114258,55.259525299072266,46.78129959106445,46.21931838989258,41.33390426635742,3455.271484375,102.52294158935547,58.00745391845703
540000,550001,17,3,245,211,0,8167.53173828125,670.21923828125,268.8956298828125,183.20631408691406,128.28237915039062,117.5005874633789,95.05924224853516,90.28935241699219,85.9350814819336,80.51737213134766,65.4379653930664,63.184425354003906,57.635005950927734,55.898006439208984,52.907161712646484,46.480003356933594,38.555538177490234,3448.001953125,121.31497192382812,62.72168731689453
540000,550001,17,3,245,211,1,8186.36572265625,673.0604858398438,243.99903869628906,172.40858459472656,124.51189422607422,108.04936981201172,94.98185729980469,85.93219757080078,80.33843231201172,71.57614135742188,62.159751892089844,57.92107391357422,53.833885192871094,51.856834411621094,48.10847091674805,45.744720458984375,37.11688232421875,3456.230712890625,119.38932037353516,65.1807632446289
545000,555001,17,3,247,205,0,7873.30712890625,553.9608764648438,324.2002868652344,218.9729766845703,153.74256896972656,131.49009704589844,104.23016357421875,87.7973861694336,84.83883666992188,74.90465545654297,63.622955322265625,58.339786529541016,55.46168899536133,52.8007926940918,45.679683685302734,41.239501953125,38.323429107666016,3303.02978515625,148.18975830078125,94.0388412475586
545000,555001,17,3,247,205,1,7892.93212890625,545.0787963867188,321.6854553222656,214.58677673339844,158.4487762451172,128.48194885253906,99.90066528320312,95.70925903320312,79.64324188232422,70.7033920288086,67.63072204589844,58.13633728027344,58.02132034301758,54.00566101074219,42.23555374145508,41.09397506713867,39.06438446044922,3312.52880859375,149.65371704101562,86.13326263427734
550000,560001,17,3,251,204,0,8483.4677734375,696.0658569335938,307.41253662109375,212.76535034179688,135.21337890625,125.03665161132812,99.70808410644531,87.47147369384766,79.62055206298828,69.66888427734375,67.8228988647461,64.0575942993164,55.96394729614258,50.77509307861328,49.438175201416016,46.56703186035156,44.44768142700195,3540.22119140625,132.29025268554688,76.05836486816406
550000,560001,17,3,251,204,1,8481.369140625,678.0115356445312,306.2431640625,225.3054962158203,144.7924346923828,121.49009704589844,103.25318145751953,90.7996826171875,76.7008285522461,71.31703186035156,66.98087310791016,64.97825622558594,57.61326599121094,49.982383728027344,48.779502868652344,46.65326690673828,40.990684509277344,3540.102783203125,125.10641479492188,80.2222671508789
555000,565001,17,3,247,206,0,7987.06494140625,680.8321533203125,276.9650573730469,186.03634643554688,117.28753662109375,95.42445373535156,93.08158111572266,87.55875396728516,72.35545349121094,68.54739379882812,64.96626281738281,61.43791580200195,58.52370834350586,53.11386489868164,50.07833480834961,44.98271942138672,40.88279342651367,3337.534912109375,92.87472534179688,58.748268127441406
555000,565001,17,3,247,206,1,7973.89404296875,667.056396484375,277.26092529296875,177.79806518554688,128.30665588378906,105.97809600830078,94.48302459716797,76.65503692626953,71.02666473388672,67.82921600341797,64.37630462646484,59.166202545166016,56.13446807861328,52.0803337097168,48.614471435546875,46.15308380126953,41.71045684814453,3326.82763671875,88.73128509521484,59.6586799621582
560000,570001,17,3,249,204,0,8408.3154296875,723.0283813476562,241.7891082763672,139.78294372558594,130.51084899902344,103.71599578857422,84.2767333984375,81.406494140625,75.61821746826172,70.72262573242188,67.1275863647461,60.220272064208984,54.38347625732422,52.47251510620117,45.37063217163086,44.078392028808594,41.07600402832031,3528.976318359375,89.48988342285156,64.63790893554688
560000,570001,17,3,249,204,1,8424.3642578125,718.8626708984375,238.74652099609375,157.1067352294922,132.0154266357422,114.38932037353516,97.5692367553711,84.29042053222656,73.55543518066406,69.67976379394531,62.550106048583984,58.642555236816406,50.305259704589844,49.48076248168945,41.61014938354492,39.41931915283203,37.06658172607422,3539.48388671875,100.17302703857422,51.63624954223633
565000,575001,17,3,244,205,0,8731.7412109375,647.8903198242188,322.001953125,202.15126037597656,130.2618865966797,113.07892608642578,96.58905792236328,89.87711334228516,81.40186309814453,69.24919128417969,64.36021423339844,61.129234313964844,56.676937103271484,50.43986129760742,48.10838317871094,45.10499954223633,44.34840774536133,3687.507080078125,82.11708068847656,60.609989166259766
565000,575001,17,3,244,205,1,8705.39453125,654.1715698242188,335.6315002441406,209.5609588623047,155.68618774414062,129.72889709472656,104.2057876586914,92.40139770507812,87.29529571533203,71.57182312011719,64.50601959228516,61.562862396240234,60.059085845947266,54.651580810546875,47.12676239013672,42.49538040161133,39.79876708984375,3679.453857421875,100.34954833984375,57.57010269165039
570000,580001,17,3,250,208,0,9377.962890625,549.3557739257812,293.3453063964844,171.05186462402344,131.10169982910156,109.41451263427734,104.94017791748047,86.2986068725586,72.51139068603516,67.19505310058594,59.45086669921875,56.431724548339844,54.391845703125,53.75432205200195,48.13102340698242,46.535400390625,39.090179443359375,3910.896484375,120.51143646240234,66.92152404785156
570000,580001,17,3,250,208,1,9391.7197265625,549.1276245117188,301.8809509277344,171.2996368408203,133.29095458984375,117.20887756347656,101.5982894897461,88.32721710205078,77.94860076904297,69.2114486694336,68.4225845336914,59.59095001220703,53.977264404296875,50.7783203125,48.530818939208984,45.2620735168457,37.350746154785156,3915.302734375,127.67847442626953,67.02375793457031
575000,585001,17,3,242,203,0,9239.5361328125,558.510009765625,247.0460968017578,177.4836883544922,136.22410583496094,112.53670501708984,99.18397521972656,77.88502502441406,72.89527130126953,71.85716247558594,60.61289596557617,51.82497787475586,49.191139221191406,46.21652603149414,43.20173263549805,40.071041107177734,35.17823028564453,3874.404541015625,104.36913299560547,62.477535247802734
575000,585001,17,3,242,203,1,9203.470703125,569.658203125,260.6892395019531,169.36964416503906,136.7910614013672,115.60755920410156,104.23612213134766,95.42459106445312,74.8890380859375,71.68504333496094,62.56592559814453,58.86262512207031,54.84386444091797,52.56675338745117,48.430477142333984,44.498531341552734,41.075199127197266,3860.7685546875,112.65076446533203,63.35516357421875
580000,590001,17,3,252,215,0,9524.0791015625,617.0479125976562,341.25164794921875,207.90501403808594,159.06382751464844,139.47402954101562,96.55783081054688,92.22559356689453,84.19743347167969,76.15402221679688,74.77031707763672,70.55238342285156,62.51566696166992,61.614051818847656,59.95598220825195,53.00663757324219,50.35248565673828,3976.414306640625,122.66911315917969,74.4278564453125
580000,590001,17,3,252,215,1,9506.1220703125,630.3195190429688,346.45159912109375,218.5002899169922,166.41795349121094,140.8730010986328,111.25433349609375,95.40895080566406,84.92335510253906,81.76863098144531,74.41322326660156,69.6985855102539,62.71341323852539,59.394954681396484,57.54689407348633,55.61493682861328,45.31542205810547,3970.033935546875,140.82125854492188,80.19156646728516
585000,595001,17,3,247,204,0,9405.4951171875,635.655517578125,333.63818359375,214.83065795898438,141.71609497070312,118.61953735351562,103.18690490722656,84.64350128173828,80.14814758300781,75.91637420654297,71.85244750976562,62.79359817504883,56.934165954589844,52.642826080322266,46.71813201904297,45.33275604248047,42.01919937133789,3973.981201171875,103.71003723144531,68.646240234375
585000,595001,17,3,247,204,1,9432.259765625,623.3423461914062,350.86712646484375,210.82310485839844,148.4056854248047,117.72296142578125,102.95853424072266,87.97244262695312,83.5313720703125,81.23990631103516,69.59601593017578,66.54928588867188,58.44690704345703,56.914703369140625,53.542118072509766,49.92475509643555,42.90116882324219,3985.325927734375,96.08163452148438,61.28238296508789
590000,600001,17,3,248,209,0,9540.7294921875,431.08544921875,240.1340789794922,174.84613037109375,143.39906311035156,128.72085571289062,105.02143096923828,92.37622833251953,88.3322525024414,68.38053131103516,62.38124084472656,60.41325759887695,57.27801513671875,48.982139587402344,46.09025955200195,44.788570404052734,36.47966384887695,4017.874267578125,90.23361206054688,52.470191955566406
590000,600001,17,3,248,209,1,9534.4404296875,429.4789123535156,249.94398498535156,171.66639709472656,140.39382934570312,116.4090576171875,94.99945068359375,87.4048843383789,72.60308837890625,65.29755401611328,60.301029205322266,58.1840934753418,54.98769760131836,48.13788986206055,43.660526275634766,42.643795013427734,38.542118072509766,4008.966064453125,94.6109619140625,50.8145866394043
595000,605001,17,3,247,211,0,9962.126953125,886.916015625,333.40118408203125,235.23500061035156,172.8278350830078,137.33877563476562,104.26528930664062,86.07599639892578,79.33907318115234,68.69195556640625,65.23954772949219,63.496307373046875,56.8364372253418,52.96708679199219,51.292205810546875,49.987091064453125,40.1690559387207,4188.1943359375,116.4539794921875,69.50335693359375
595000,605001,17,3,247,211,1,9952.4375,887.8126831054688,334.2709045410156,235.0815887451172,174.34637451171875,128.3743438720703,117.94197082519531,95.2939682006836,81.15374755859375,73.82722473144531,70.77861785888672,64.82410430908203,55.26729965209961,54.31202697753906,48.066017150878906,44.66654968261719,40.194522857666016,4191.0234375,121.98059844970703,66.61151123046875
600000,610001,17,3,247,211,0,9860.150390625,724.8427734375,399.373291015625,215.93211364746094,170.2323455810547,128.93360900878906,117.64319610595703,91.2093505859375,86.3913803100586,76.70793914794922,74.74592590332031,67.32745361328125,61.155487060546875,55.970550537109375,51.416805267333984,50.3607063293457,43.81752014160156,4143.998046875,122.00131225585938,76.99800109863281
600000,610001,17,3,247,211,1,9881.283203125,742.9210205078125,380.8185729980469,221.54649353027344,187.27835083007812,124.67019653320312,109.52729034423828,92.6268310546875,90.8738784790039,85.47724151611328,77.2284164428711,73.44679260253906,66.77606201171875,55.97530746459961,54.86246109008789,52.56075668334961,43.7224006652832,4157.61181640625,129.64561462402344,78.90888214111328
605000,615001,17,3,245,196,0,9842.08203125,522.2720947265625,272.02142333984375,226.25839233398438,135.6930694580078,131.6046600341797,102.43436431884766,94.3825912475586,86.41100311279297,81.43508911132812,68.16010284423828,62.93668746948242,59.97807693481445,57.59034729003906,50.892147064208984,49.86198043823242,43.6649284362793,4158.4990234375,88.79350280761719,63.99345016479492
605000,615001,17,3,245,196,1,9826.71875,524.7304077148438,282.9583740234375,219.78726196289062,134.12734985351562,126.83798217773438,98.98484802246094,91.47612762451172,84.17659759521484,81.64775848388672,75.3463134765625,66.66980743408203,59.47349548339844,57.683837890625,49.94799041748047,49.08658981323242,48.11112594604492,4151.31640625,90.20769500732422,60.67457580566406
610000,620001,17,3,246,202,0,10247.822265625,694.2791137695312,340.4288635253906,216.38941955566406,149.38671875,127.00143432617188,102.19376373291016,93.31626892089844,76.86189270019531,74.02989196777344,71.25867462158203,66.1552734375,58.283119201660156,55.0855827331543,49.33961486816406,48.5113639831543,42.35593032836914,4267.5654296875,139.3719024658203,80.36243438720703
610000,620001,17,3,246,202,1,10259.6982421875,696.478759765625,331.1893005371094,226.31484985351562,153.00509643554688,128.46022033691406,94.24788665771484,87.15028381347656,85.15747833251953,78.01183319091797,71.91829681396484,67.58576202392578,62.269039154052734,52.8652458190918,47.989139556884766,43.15340805053711,38.93629455566406,4270.03466796875,151.32650756835938,79.22708892822266
615000,625001,17,3,248,215,0,10285.236328125,554.0208740234375,333.4463195800781,254.053955078125,145.6830291748047,122.74187469482422,109.18769836425781,91.83856201171875,85.23084259033203,74.26883697509766,61.63715362548828,60.14299392700195,54.89802169799805,51.80766296386719,49.934173583984375,46.96857833862305,44.831573486328125,4314.81103515625,120.56031799316406,72.81440734863281
615000,625001,17,3,248,215,1,10255.3154296875,531.7412719726562,335.3652648925781,259.1127624511719,154.0016632080078,126.14888763427734,101.47528839111328,86.26185607910156,80.42303466796875,77.8047103881836,63.356082916259766,60.060569763183594,56.80216598510742,50.70110321044922,48.60622787475586,46.586849212646484,43.39285659790039,4303.666015625,141.1964111328125,77.6412582397461
620000,630001,17,3,247,215,0,10549.529296875,686.8271484375,292.66571044921875,204.13328552246094,148.82034301757812,126.46761322021484,109.07110595703125,103.46711730957031,84.85587310791016,82.53882598876953,70.850830078125,62.59873962402344,60.325164794921875,56.84206771850586,56.04716873168945,51.8978271484375,47.397544860839844,4426.91943359375,142.29473876953125,85.25877380371094
620000,630001,17,3,247,215,1,10536.154296875,675.8902587890625,289.1068115234375,197.71127319335938,146.32107543945312,125.61068725585938,108.7294921875,101.81244659423828,86.48567962646484,75.79399108886719,70.89044189453125,62.11458969116211,58.762874603271484,58.393611907958984,56.42106246948242,52.49006652832031,47.99103546142578,4425.28271484375,129.0625762939453,76.30804443359375
625000,635001,17,3,251,214,0,10449.2626953125,716.648193359375,301.79486083984375,198.90863037109375,166.69183349609375,115.64059448242188,105.95850372314453,94.29293823242188,81.59162902832031,75.87208557128906,69.49639892578125,65.01417541503906,61.65745544433594,60.172874450683594,58.42103958129883,48.48143005371094,43.73920440673828,4406.048828125,92.69091033935547,63.60102081298828
625000,635001,17,3,251,214,1,10448.1640625,705.0518798828125,306.8612060546875,192.6438446044922,165.90586853027344,127.82622528076172,104.05762481689453,87.19178771972656,79.01043701171875,76.14518737792969,72.26838684082031,67.55226135253906,64.5589599609375,57.72633743286133,56.46013259887695,49.492881774902344,42.922142028808594,4400.2666015625,98.16022491455078,71.91426849365234
630000,640001,17,3,250,207,0,10824.2724609375,521.0032958984375,307.7471008300781,179.38075256347656,146.53924560546875,116.19487762451172,96.8989486694336,92.54972076416016,80.08563232421875,70.67388153076172,65.69124603271484,60.473243713378906,56.75022506713867,53.957008361816406,46.916107177734375,44.34541320800781,40.40509796142578,4558.2392578125,122.50636291503906,56.899208068847656
630000,640001,17,3,250,207,1,10804.611328125,519.6857299804688,306.15631103515625,182.12794494628906,148.21803283691406,109.00862884521484,102.97058868408203,88.33966827392578,74.17300415039062,73.80534362792969,64.88902282714844,60.58671569824219,55.78935623168945,53.507667541503906,48.523040771484375,45.50858688354492,43.72759246826172,4549.61328125,101.45348358154297,51.21949005126953
635000,645001,17,3,249,216,0,10849.193359375,558.6331787109375,299.1220397949219,184.9306182861328,175.0149383544922,111.54642486572266,104.18446350097656,90.35881042480469,82.66658782958984,72.6406478881836,68.37139129638672,66.1981201171875,60.134647369384766,53.80400466918945,52.70894241333008,48.2071647644043,45.71418762207031,4595.21484375,95.61061096191406,62.94778823852539
635000,645001,17,3,249,216,1,10847.853515625,556.1277465820312,291.3723449707031,188.33970642089844,168.7254180908203,114.172607421875,103.45772552490234,94.42809295654297,80.50931549072266,70.88463592529297,65.23672485351562,64.15169525146484,57.476436614990234,53.45093536376953,51.48984146118164,45.62282943725586,42.593902587890625,4589.6962890625,96.58291625976562,58.30038833618164
640000,650001,17,3,252,212,0,10976.041015625,484.4726257324219,266.51544189453125,216.8597869873047,147.344970703125,115.61276245117188,110.77973175048828,90.20459747314453,75.27845001220703,72.25347900390625,66.78993225097656,59.75484848022461,56.93940353393555,53.25389862060547,49.22648239135742,47.03265380859375,42.164798736572266,4620.724609375,89.89643859863281,54.60250473022461
640000,650001,17,3,252,212,1,10965.8603515625,488.57916259765625,275.5421447753906,223.97682189941406,146.36529541015625,126.1207504272461,106.69185638427734,87.8838882446289,80.69137573242188,74.42626190185547,68.1286849975586,59.865570068359375,57.70751953125,48.28514099121094,46.886287689208984,44.04008865356445,39.1845588684082,4612.08447265625,93.61038970947266,53.5483283996582
645000,655001,17,3,250,211,0,10714.15625,725.0014038085938,290.02813720703125,240.4574737548828,145.7626190185547,131.63539123535156,114.55247497558594,99.66914367675781,91.29822540283203,74.65333557128906,65.59381103515625,60.55305862426758,56.14885711669922,54.490657806396484,51.72190475463867,48.817787170410156,40.70554733276367,4507.98681640625,120.08969116210938,52.395362854003906
645000,655001,17,3,250,211,1,10702.673828125,730.437255859375,276.95111083984375,241.1958770751953,131.90951538085938,114.43994903564453,100.86968231201172,96.1363296508789,84.47765350341797,72.26174926757812,64.08330535888672,60.05196762084961,58.07267761230469,54.50773239135742,51.912513732910156,44.84294891357422,40.64738845825195,4504.21875,100.79319763183594,53.4386100769043
650000,660001,17,3,253,218,0,10834.3876953125,728.7545166015625,328.3819885253906,200.2659912109375,138.49473571777344,115.75613403320312,103.89398956298828,92.83295440673828,80.99317169189453,74.64720916748047,67.33875274658203,65.30088806152344,56.54322814941406,52.0165901184082,50.190284729003906,48.31640625,42.9534912109375,4531.3271484375,120.0281982421875,74.23906707763672
650000,660001,17,3,253,218,1,10816.2802734375,745.386474609375,325.9136657714844,202.3861083984375,129.14907836914062,118.45205688476562,102.14497375488281,84.87065124511719,79.7331314086914,73.57015228271484,69.28726196289062,62.103492736816406,57.13761901855469,50.88383865356445,46.33882141113281,45.241065979003906,43.58799743652344,4528.294921875,94.27867126464844,70.95858001708984
655000,665001,17,3,243,208,0,10681.3310546875,693.3544921875,389.35943603515625,232.70567321777344,172.29966735839844,137.97894287109375,113.21160888671875,94.60344696044922,79.12955474853516,77.59063720703125,70.3200454711914,64.25992584228516,58.330692291259766,54.77861022949219,48.96674728393555,46.96988296508789,41.57726287841797,4491.255859375,151.40516662597656,63.509090423583984
655000,665001,17,3,243,208,1,10693.54296875,691.2261962890625,373.7054748535156,237.9181365966797,172.1999053955078,124.61956024169922,106.92449951171875,95.73381042480469,92.4985122680664,79.31058502197266,70.4504623413086,68.21968841552734,66.36524963378906,56.35572814941406,50.50551223754883,47.495323181152344,41.87572479248047,4492.9775390625,171.17959594726562,71.90327453613281
660000,670001,17,3,247,217,0,11310.3798828125,687.1178588867188,312.23565673828125,214.0052947998047,159.0458984375,136.46502685546875,109.56102752685547,106.76468658447266,84.78348541259766,81.93610382080078,71.39324951171875,67.17543029785156,61.328678131103516,55.8137321472168,53.02398681640625,48.21078872680664,42.229522705078125,4723.87255859375,142.5074005126953,84.49969482421875
660000,670001,17,3,247,217,1,11302.5654296875,670.5255737304688,293.343505859375,222.16506958007812,152.23634338378906,130.84727478027344,101.4692153930664,93.15955352783203,83.56434631347656,78.79722595214844,74.94265747070312,61.85466766357422,59.042362213134766,54.43381881713867,48.183719635009766,44.10213851928711,40.807220458984375,4721.1494140625,131.50669860839844,73.70138549804688
665000,675001,17,3,247,209,0,11117.6171875,691.0980834960938,382.1239929199219,209.43812561035156,150.4525909423828,131.74758911132812,112.54732513427734,95.79912567138672,89.85575103759766,83.97623443603516,74.42709350585938,68.03898620605469,65.94398498535156,56.57113265991211,54.33003234863281,52.0606803894043,42.48076629638672,4691.36376953125,89.86978149414062,73.91070556640625
665000,675001,17,3,247,209,1,11124.13671875,711.819091796875,376.27301025390625,213.86257934570312,155.28224182128906,118.69188690185547,107.20751953125,104.45328521728516,88.91018676757812,81.66241455078125,74.39334106445312,67.47794342041016,65.61309051513672,63.23393630981445,57.34306335449219,50.11110305786133,43.63267517089844,4692.7412109375,88.71821594238281,67.32757568359375
670000,680001,17,3,250,213,0,11026.0712890625,889.5167236328125,394.5583801269531,239.78321838378906,147.4788818359375,135.6181640625,104.83245849609375,101.25241088867188,88.74967193603516,78.09598541259766,75.18571472167969,63.56495666503906,56.281856536865234,51.92754364013672,45.98743438720703,40.085166931152344,39.36408996582031,4632.3642578125,109.18385314941406,56.89344787597656
670000,680001,17,3,250,213,1,11056.3359375,869.4403686523438,386.37835693359375,239.37713623046875,154.9971160888672,119.44273376464844,111.79305267333984,90.97566223144531,82.2536392211914,77.84928894042969,71.57654571533203,62.09027862548828,59.27170181274414,55.78456115722656,51.888587951660156,48.53854751586914,38.72128677368164,4645.80322265625,95.47135925292969,64.90545654296875
675000,685001,17,3,247,210,0,11276.162109375,671.4312133789062,267.0033264160156,206.0848846435547,159.9860382080078,150.78515625,114.53076934814453,98.21726989746094,85.59555053710938,73.58866882324219,69.95560455322266,62.38324737548828,57.76126480102539,52.178863525390625,49.32718276977539,41.76859664916992,35.036808013916016,4743.0986328125,124.5290756225586,59.91018295288086
675000,685001,17,3,247,210,1,11294.4072265625,668.9468383789062,252.871826171875,191.77833557128906,158.8950958251953,155.64256286621094,127.46360778808594,100.00098419189453,91.82294464111328,84.0859146118164,70.73052978515625,68.00126647949219,55.02366256713867,50.817138671875,48.88420104980469,43.203067779541016,38.5770149230957,4749.77587890625,107.7159194946289,60.54664611816406
680000,690001,17,3,254,210,0,11803.669921875,690.5294189453125,346.5911560058594,207.1273651123047,145.21566772460938,131.2085418701172,114.0748291015625,100.40758514404297,87.28728485107422,81.3150405883789,80.88420104980469,73.13529205322266,67.78636169433594,58.756797790527344,55.977081298828125,48.65018081665039,46.29779052734375,4971.53369140625,134.89108276367188,58.31373596191406
680000,690001,17,3,254,210,1,11787.509765625,707.4275512695312,359.1897277832031,206.8533172607422,146.50592041015625,126.28129577636719,115.75857543945312,97.07035827636719,94.95509338378906,91.86427307128906,78.3752212524414,74.40298461914062,69.48926544189453,59.70774841308594,54.36772918701172,45.43711853027344,44.10807418823242,4965.8310546875,129.7899627685547,61.58277893066406
685000,695001,17,3,252,210,0,11847.5361328125,788.0858154296875,344.4765930175781,207.0809326171875,182.33238220214844,130.57229614257812,119.00541687011719,105.4164810180664,96.98580169677734,84.63312530517578,81.60675811767578,71.86693572998047,65.96070861816406,61.398033142089844,57.76396179199219,51.45559310913086,41.448429107666016,5007.607421875,120.33635711669922,66.8359146118164
685000,695001,17,3,252,210,1,11842.0927734375,771.1727905273438,368.37335205078125,222.36497497558594,181.52516174316406,133.49371337890625,115.8002700805664,108.48483276367188,101.35009765625,90.13335418701172,77.2430648803711,73.6944351196289,67.20122528076172,57.071266174316406,53.56297302246094,51.35688781738281,48.31770706176758,5006.447265625,122.54717254638672,72.3203125
690000,700001,17,3,249,220,0,11600.4609375,888.7266235351562,336.68280029296875,201.29527282714844,156.60601806640625,127.99806213378906,123.4665756225586,105.6141586303711,98.49356079101562,80.08842468261719,73.17401123046875,70.32112121582031,62.153289794921875,56.905052185058594,52.815032958984375,46.437591552734375,45.57695007324219,4914.205078125,104.54345703125,70.55058288574219
690000,700001,17,3,249,220,1,11574.4951171875,899.0214233398438,341.6364440917969,200.14419555664062,178.08799743652344,141.8728485107422,118.82964324951172,103.40523529052734,91.8387451171875,76.20123291015625,66.86412048339844,64.95661163330078,57.26316452026367,53.31179428100586,49.10444641113281,46.253047943115234,43.09022521972656,4907.91259765625,126.61212921142578,61.539588928222656
695000,705001,17,3,250,205,0,11675.63671875,897.9340209960938,402.92864990234375,197.39767456054688,167.7508544921875,138.1611328125,123.45221710205078,105.33255767822266,94.1092529296875,80.63558197021484,77.2099609375,70.38458251953125,62.074493408203125,57.67609405517578,53.14982604980469,49.28888702392578,45.63031005859375,4902.10546875,138.39935302734375,75.93045043945312
695000,705001,17,3,250,205,1,11689.7373046875,894.148193359375,394.8660888671875,189.68162536621094,155.95201110839844,131.68307495117188,121.13602447509766,106.5616455078125,85.6894760131836,79.54801177978516,69.25313568115234,64.8768539428711,61.37028884887695,57.34698486328125,53.3900146484375,52.25514221191406,44.5592155456543,4903.59326171875,156.0906219482422,83.0832290649414
700000,710001,17,3,243,211,0,12007.6396484375,764.4993286132812,290.5389709472656,207.86207580566406,145.58372497558594,136.8264923095703,98.21632385253906,86.71024322509766,78.37383270263672,75.4925765991211,71.69719696044922,61.96354293823242,57.537139892578125,52.298797607421875,48.7995491027832,46.99290466308594,41.646949768066406,5043.44873046875,147.1580810546875,72.5311508178711
700000,710001,17,3,243,211,1,11999.8330078125,783.8121337890625,299.65924072265625,206.49880981445312,147.3534393310547,139.9443359375,109.6927261352539,91.68819427490234,83.4594955444336,72.79533386230469,68.74813842773438,66.51769256591797,60.2448616027832,54.587947845458984,52.7326545715332,50.84428024291992,37.33794021606445,5042.82080078125,137.020263671875,74.54266357421875
705000,715001,17,3,247,216,0,12116.646484375,698.51611328125,340.3648986816406,204.59518432617188,171.0103302001953,152.15994262695312,122.4343490600586,110.70282745361328,87.48438262939453,82.0745620727539,74.6605224609375,65.6871109008789,61.48004150390625,60.63579559326172,54.56910705566406,50.57386779785156,45.420345306396484,5089.93505859375,127.94294738769531,69.09139251708984
705000,715001,17,3,247,216,1,12041.8779296875,690.3359985351562,342.6207275390625,207.187255859375,165.5547637939453,141.04586791992188,117.38943481445312,113.59092712402344,86.92462158203125,80.71001434326172,73.83685302734375,70.06001281738281,62.632232666015625,59.54682540893555,53.948692321777344,51.349510192871094,47.08895492553711,5059.775390625,125.89737701416016,60.975624084472656
710000,720001,17,3,244,215,0,12433.7080078125,504.4581298828125,309.8677978515625,185.03790283203125,130.48802185058594,109.34017181396484,93.45854949951172,80.13846588134766,69.11602783203125,67.03939819335938,63.243221282958984,55.19629669189453,52.98530960083008,44.45900344848633,41.99594497680664,38.24082565307617,34.81079864501953,5245.248046875,92.41880798339844,49.97109603881836
710000,720001,17,3,244,215,1,12461.9658203125,522.3357543945312,331.4066162109375,187.26377868652344,131.43272399902344,113.4904556274414,100.72666931152344,80.89877319335938,76.3941650390625,69.82117462158203,61.034915924072266,52.27095413208008,46.5317268371582,44.253318786621094,43.8795166015625,40.499908447265625,37.28516387939453,5256.185546875,81.30797576904297,56.95273208618164
715000,725001,17,3,247,212,0,11725.72265625,525.9019165039062,357.9693908691406,204.00912475585938,145.97174072265625,125.3296890258789,100.98173522949219,94.27129364013672,76.30709075927734,68.7113265991211,65.83025360107422,60.083106994628906,57.55168533325195,53.926239013671875,52.01877212524414,42.68788528442383,42.36001968383789,4933.57275390625,110.54586029052734,51.55062484741211
715000,725001,17,3,247,212,1,11734.1416015625,529.0558471679688,365.5547790527344,217.27890014648438,164.86195373535156,138.86019897460938,106.58112335205078,102.62338256835938,84.26068878173828,74.93559265136719,68.47579956054688,61.659584045410156,60.76675033569336,54.3043327331543,48.623741149902344,47.558467864990234,43.416961669921875,4932.41015625,114.01261901855469,61.88420867919922
720000,730001,17,3,247,219,0,12535.1142578125,714.5974731445312,310.63385009765625,218.8020782470703,165.90065002441406,142.89430236816406,125.1826400756836,109.59765625,95.98191833496094,83.69617462158203,73.03606414794922,68.31763458251953,59.400054931640625,56.79286575317383,52.59496307373047,45.50730895996094,44.98038864135742,5270.40380859375,145.7698516845703,76.7601547241211
720000,730001,17,3,247,219,1,12519.9052734375,703.07958984375,307.667236328125,219.4261016845703,163.1638946533203,155.63906860351562,131.91526794433594,104.14746856689453,94.0863037109375,91.77079010009766,77.72140502929688,65.1451187133789,61.78843307495117,59.56909942626953,57.80805587768555,53.24510192871094,44.59263610839844,5266.27294921875,145.072265625,71.90657043457031
725000,735001,17,3,252,220,0,12364.5498046875,632.2349243164062,374.5712585449219,228.7764129638672,188.1621856689453,145.26234436035156,118.57836151123047,109.89282989501953,98.3763656616211,84.79412078857422,83.64463806152344,79.4745101928711,69.763427734375,66.34639739990234,61.84183883666992,57.94894790649414,48.066200256347656,5191.654296875,142.64227294921875,86.67609405517578
725000,735001,17,3,252,220,1,12382.1611328125,642.8041381835938,375.42449951171875,222.7930450439453,189.87254333496094,141.06109619140625,133.7587127685547,102.76319885253906,92.62452697753906,82.48540496826172,78.85575103759766,74.97775268554688,69.1752700805664,62.3874626159668,56.91804504394531,53.204349517822266,48.997745513916016,5202.12451171875,163.14334106445312,83.52998352050781
730000,740001,17,3,247,217,0,12737.013671875,724.0081787109375,308.412109375,177.98976135253906,164.91921997070312,111.78582763671875,102.61621856689453,93.64301300048828,89.71273803710938,80.41303253173828,78.83300018310547,71.50091552734375,63.61859893798828,60.17148971557617,55.376129150390625,48.830055236816406,45.167747497558594,5335.23974609375,94.58802032470703,81.08966827392578
730000,740001,17,3,247,217,1,12758.416015625,734.73193359375,326.7590026855469,179.20303344726562,166.84347534179688,110.36077880859375,105.44558715820312,98.7142562866211,90.72105407714844,77.31759643554688,73.24223327636719,65.5907211303711,65.19142150878906,58.445472717285156,56.390560150146484,46.337188720703125,42.197837829589844,5342.92626953125,109.70001220703125,69.0575942993164
735000,745001,17,3,249,211,0,12752.5849609375,472.53289794921875,327.418701171875,212.2943572998047,157.36041259765625,116.35655975341797,95.55892944335938,76.47893524169922,72.7623519897461,67.30591583251953,64.1596908569336,59.0591926574707,56.236656188964844,50.23188018798828,47.27138137817383,45.38990020751953,41.5667610168457,5345.83642578125,127.56826782226562,61.861061096191406
735000,745001,17,3,249,211,1,12749.1611328125,483.4273376464844,333.58673095703125,213.84719848632812,174.7373046875,103.97016143798828,93.69775390625,87.45116424560547,80.16168212890625,73.76988983154297,67.8661117553711,63.044376373291016,60.44276428222656,53.7110710144043,52.3534049987793,47.95869064331055,39.751487731933594,5338.09130859375,134.17037963867188,77.10066223144531
740000,750001,17,3,255,213,0,13183.0068359375,822.4151000976562,359.245849609375,265.092041015625,194.56341552734375,154.4075164794922,113.46124267578125,104.1612319946289,89.0967025756836,81.89175415039062,74.46691131591797,69.4206314086914,66.93744659423828,63.2482795715332,56.255489349365234,50.951377868652344,47.971923828125,5524.32177734375,126.41848754882812,77.6513671875
740000,750001,17,3,255,213,1,13247.541015625,826.4607543945312,356.83831787109375,269.8406982421875,187.04151916503906,162.41029357910156,124.90081787109375,98.16552734375,92.89020538330078,88.07901763916016,86.15145874023438,77.66374206542969,66.04121398925781,63.963409423828125,56.86651611328125,55.73969650268555,52.54751205444336,5547.93505859375,115.14876556396484,83.68991088867188
745000,755001,17,3,251,221,0,13346.20703125,638.3104858398438,344.36553955078125,176.75088500976562,137.74644470214844,134.4557342529297,124.60237121582031,98.89320373535156,90.8203353881836,72.26759338378906,65.99128723144531,63.15357208251953,60.80184555053711,57.0430793762207,54.15192794799805,52.9317741394043,45.07787322998047,5588.32861328125,143.65135192871094,63.57378387451172
745000,755001,17,3,251,221,1,13327.923828125,657.1165771484375,344.1143798828125,195.3254852294922,151.5319366455078,126.31299591064453,101.28492736816406,94.35259246826172,84.75882720947266,78.76132202148438,65.45403289794922,62.44928741455078,55.106353759765625,53.47124481201172,45.48688888549805,43.14231872558594,36.51283264160156,5575.49267578125,168.93182373046875,74.44048309326172
750000,760001,17,3,249,211,0,13499.7587890625,604.8089599609375,301.02191162109375,205.44497680664062,146.0546875,129.12164306640625,101.06861114501953,83.88919830322266,76.12696075439453,69.41043090820312,60.617069244384766,59.364437103271484,55.388771057128906,52.457489013671875,47.857322692871094,43.694969177246094,42.77132797241211,5663.958984375,89.05179595947266,57.449825286865234
750000,760001,17,3,249,211,1,13466.6650390625,619.5828247070312,280.12060546875,195.33001708984375,133.7983856201172,109.29254150390625,96.96055603027344,76.68318939208984,74.74002838134766,72.10577392578125,64.53884887695312,57.4603385925293,52.934818267822266,50.38942337036133,48.37176513671875,43.877811431884766,42.137847900390625,5656.8193359375,85.71913146972656,54.81523513793945
755000,765001,17,3,248,219,0,12239.7666015625,532.673828125,326.9819030761719,203.0577392578125,153.35049438476562,123.46086120605469,102.86809539794922,89.23603057861328,79.2036361694336,69.79476928710938,65.82133483886719,62.950870513916016,57.38528060913086,52.5683479309082,51.655574798583984,48.205928802490234,38.001922607421875,5107.58935546875,107.58275604248047,74.36602020263672
755000,765001,17,3,248,219,1,12231.7021484375,527.21923828125,348.7167663574219,203.06112670898438,173.9635772705078,131.43653869628906,99.3178939819336,82.62056732177734,78.09371185302734,74.3650131225586,67.62377166748047,63.1106071472168,57.40679931640625,53.247459411621094,52.16933822631836,45.5103874206543,38.12138748168945,5099.7841796875,130.07366943359375,67.4686279296875
760000,770001,17,3,245,211,0,13025.2197265625,584.6333618164062,239.9757080078125,191.97023010253906,158.36328125,121.51689147949219,101.51532745361328,84.90079498291016,79.89796447753906,78.69317626953125,75.52082824707031,63.82906723022461,59.99980163574219,55.36444854736328,49.64649200439453,48.01613998413086,44.96950149536133,5497.794921875,114.85700225830078,69.61016845703125
760000,770001,17,3,245,211,1,13034.5107421875,583.1725463867188,248.0046844482422,189.68936157226562,157.83079528808594,133.93553161621094,102.66536712646484,94.6358642578125,82.65056610107422,74.1463851928711,71.58734893798828,63.73197937011719,58.89118194580078,54.065086364746094,48.9505500793457,46.67379379272461,41.45296859741211,5495.154296875,119.01334381103516,60.49996566772461
765000,775001,17,3,251,222,0,13272.53515625,771.0896606445312,340.419677734375,232.2128448486328,157.41690063476562,130.04995727539062,111.32105255126953,93.55814361572266,83.28469848632812,73.30941009521484,64.54852294921875,59.00467300415039,55.20398712158203,54.00738525390625,45.89910888671875,45.35260009765625,43.8190803527832,5576.009765625,154.5218505859375,67.89176940917969
765000,775001,17,3,251,222,1,13286.1123046875,799.6267700195312,341.0055236816406,239.9052276611328,164.05162048339844,146.5245819091797,112.15753936767578,100.2219467163086,85.18638610839844,76.99966430664062,72.90005493164062,62.39216232299805,60.82262420654297,55.24287414550781,53.96444320678711,47.95689392089844,45.531700134277344,5582.6806640625,155.67457580566406,72.00045776367188
770000,780001,17,3,251,216,0,13536.4287109375,789.4243774414062,394.9748229980469,260.8825988769531,170.4253387451172,143.70614624023438,119.6285171508789,114.9795150756836,101.20794677734375,91.77051544189453,80.12103271484375,71.49410247802734,67.9796142578125,62.601112365722656,57.226898193359375,54.678306579589844,51.520263671875,5654.78759765625,169.76304626464844,73.20187377929688
770000,780001,17,3,251,216,1,13539.671875,797.1770629882812,385.30413818359375,253.91441345214844,170.80470275878906,129.30294799804688,118.0468978881836,109.62318420410156,102.54625701904297,85.41078186035156,73.80561828613281,71.329345703125,65.82548522949219,64.3744888305664,61.32600784301758,58.30110168457031,48.543521881103516,5659.96875,152.8874053955078,68.03892517089844
775000,785001,17,3,249,222,0,13210.267578125,797.9888916015625,331.7799377441406,208.74838256835938,145.84300231933594,133.37322998046875,103.95738983154297,86.5168228149414,74.31731414794922,65.48981475830078,61.991493225097656,57.31509780883789,55.14267349243164,49.19322204589844,47.94398498535156,41.12240219116211,39.724632263183594,5570.923828125,120.2671890258789,64.5130615234375
775000,785001,17,3,249,222,1,13204.9736328125,786.7677612304688,329.33319091796875,209.29942321777344,148.57073974609375,122.46468353271484,105.67842864990234,79.68655395507812,73.68498992919922,66.93840789794922,58.51927947998047,54.68952941894531,49.47550964355469,45.687721252441406,44.8845100402832,41.26242446899414,38.394718170166016,5569.55908203125,125.13732147216797,65.5474624633789
780000,790001,17,3,249,217,0,13349.9755859375,832.4273071289062,411.3250732421875,207.05535888671875,172.24880981445312,125.42520904541016,108.8341064453125,98.15511322021484,77.6463394165039,61.54186248779297,60.70626449584961,57.32353591918945,52.237525939941406,50.23033905029297,47.48752975463867,42.64879608154297,37.82594299316406,5602.326171875,129.94068908691406,64.4650650024414
780000,790001,17,3,249,217,1,13366.4013671875,866.2040405273438,422.79730224609375,207.3327178955078,167.5186767578125,129.71495056152344,106.30302429199219,103.50138854980469,88.72085571289062,80.81224060058594,74.48123168945312,58.940799713134766,57.90609359741211,55.93037033081055,50.87856674194336,43.926734924316406,42.997901916503906,5606.69921875,116.78059387207031,59.83199691772461
785000,795001,17,3,251,219,0,13573.90234375,698.9866943359375,338.1696472167969,246.27639770507812,169.6238555908203,110.77590942382812,103.41084289550781,94.59358978271484,80.03073120117188,75.34066009521484,69.97409057617188,63.20967102050781,60.50584411621094,56.3879508972168,51.48956298828125,47.95955276489258,45.31077575683594,5680.126953125,114.16309356689453,62.70158767700195
785000,795001,17,3,251,219,1,13559.3916015625,720.7467041015625,347.4292297363281,252.78480529785156,168.43142700195312,133.33203125,112.15291595458984,98.28821563720703,85.99358367919922,79.2504653930664,71.18293762207031,65.5534439086914,61.8380012512207,55.80470657348633,53.384586334228516,50.601749420166016,47.34529495239258,5677.60986328125,138.86746215820312,63.20054626464844
790000,800001,17,3,251,213,0,13707.8232421875,652.001220703125,375.98040771484375,235.95216369628906,194.58432006835938,159.41079711914062,111.72943878173828,100.2724609375,90.76948547363281,84.00965118408203,76.14720153808594,73.49676513671875,68.15220642089844,60.65761184692383,53.27907180786133,48.78413772583008,42.53193283081055,5787.76806640625,185.06610107421875,97.47510528564453
790000,800001,17,3,251,213,1,13671.0185546875,645.6083984375,386.8814697265625,241.32882690429688,187.85989379882812,153.0518341064453,113.45970153808594,105.7750244140625,93.26823425292969,84.8145523071289,77.31671905517578,68.0792007446289,66.78057861328125,58.90946578979492,51.84185028076172,51.238983154296875,49.733577728271484,5779.482421875,199.57278442382812,101.32488250732422
795000,805001,17,3,250,216,0,13497.6591796875,643.4063720703125,329.74102783203125,185.9405517578125,150.0555877685547,121.67088317871094,105.96477508544922,95.1435546875,80.37976837158203,74.86991119384766,69.6379623413086,65.70745849609375,59.6112174987793,56.73587417602539,52.8086051940918,48.036190032958984,44.26646041870117,5669.68505859375,98.57022857666016,62.13898468017578
795000,805001,17,3,250,216,1,13535.4169921875,644.1887817382812,336.7132568359375,192.00877380371094,164.3236541748047,120.86936950683594,117.53536224365234,88.23526000976562,80.18574523925781,73.65696716308594,69.8975830078125,65.49429321289062,64.82266235351562,56.87997817993164,52.617469787597656,50.639801025390625,47.46406173706055,5684.4462890625,103.64900207519531,74.54397583007812
800000,810001,17,3,251,219,0,13820.482421875,756.6148681640625,370.3033142089844,233.56619262695312,182.18594360351562,150.530029296875,126.4261474609375,111.28327941894531,92.00679016113281,82.29529571533203,74.86943054199219,73.67463684082031,62.99650573730469,60.58900833129883,55.5634765625,54.90321731567383,47.3776969909668,5773.384765625,135.6575927734375,70.75274658203125
800000,810001,17,3,251,219,1,13810.2705078125,747.6762084960938,386.21905517578125,229.52537536621094,193.80572509765625,153.35067749023438,131.07073974609375,105.82628631591797,96.9389877319336,84.8645248413086,72.0112075805664,67.2472152709961,62.879127502441406,59.2882194519043,54.01066589355469,52.015254974365234,45.056888580322266,5772.85498046875,114.57066345214844,62.89506912231445
805000,815001,17,3,251,213,0,13985.0,750.8322143554688,385.9916687011719,220.08297729492188,183.11428833007812,130.5533905029297,112.12068939208984,104.87725067138672,92.22440338134766,85.564697265625,76.54945373535156,72.65097045898438,66.46388244628906,62.564186096191406,57.77435302734375,50.13855743408203,45.16456604003906,5880.38427734375,147.1678924560547,81.92115783691406
805000,815001,17,3,251,213,1,14016.2900390625,752.0682373046875,376.2824401855469,224.89105224609375,177.09165954589844,130.8023223876953,109.48481750488281,101.57250213623047,89.24817657470703,79.60675048828125,75.91445922851562,65.6904525756836,62.996742248535156,58.111637115478516,56.69831085205078,53.55278015136719,43.208194732666016,5893.4208984375,164.8551788330078,74.6273422241211
810000,820001,17,3,250,217,0,14238.345703125,709.2511596679688,336.2209167480469,199.39663696289062,148.1967010498047,124.71833801269531,115.77362060546875,96.12123107910156,94.98699951171875,85.4615707397461,75.1730728149414,73.5240249633789,65.18489837646484,57.20758056640625,52.124549865722656,51.27000427246094,45.08850860595703,5964.84228515625,127.08759307861328,78.97684478759766
810000,820001,17,3,250,217,1,14197.595703125,730.4166870117188,324.5493469238281,201.35792541503906,141.1577606201172,123.17377471923828,118.72606658935547,92.3317642211914,86.58196258544922,78.77159118652344,64.62310028076172,63.026885986328125,61.865169525146484,57.56374740600586,47.7122688293457,45.60829544067383,41.8408317565918,5947.50390625,129.39895629882812,85.7017822265625
815000,825001,17,3,251,223,0,13466.49609375,794.4714965820312,414.11920166015625,267.4502258300781,156.2100830078125,134.8008270263672,117.95877838134766,86.94093322753906,81.22615051269531,78.62373352050781,63.13959884643555,61.61249542236328,59.6418342590332,53.802547454833984,47.346126556396484,45.337493896484375,38.649200439453125,5658.0078125,121.98737335205078,55.81234359741211
815000,825001,17,3,251,223,1,13430.654296875,800.320068359375,418.9023132324219,253.22109985351562,156.7421112060547,142.43096923828125,118.21150207519531,101.67079162597656,79.85580444335938,78.78790283203125,61.93777084350586,58.90428161621094,55.82500457763672,48.216243743896484,45.68693542480469,41.356224060058594,40.285667419433594,5638.0205078125,150.63633728027344,60.650535583496094
820000,830001,17,3,248,216,0,14270.046875,809.8623046875,339.8261413574219,214.8628387451172,155.5261993408203,114.20243072509766,105.97054290771484,96.23149108886719,84.99752044677734,78.98954772949219,71.34640502929688,70.55619049072266,62.41801452636719,55.36223220825195,54.83717346191406,50.54608917236328,48.50872802734375,5957.9951171875,115.4698486328125,66.61043548583984
820000,830001,17,3,248,216,1,14273.94140625,809.9951171875,366.3044128417969,214.82235717773438,143.35504150390625,124.80308532714844,106.71473693847656,90.50958251953125,86.19733428955078,83.39435577392578,75.52439880371094,63.29124069213867,60.88970184326172,58.009056091308594,54.82109069824219,49.91794204711914,47.594234466552734,5962.04931640625,117.19373321533203,74.18296813964844
825000,835001,17,3,248,220,0,14112.3134765625,573.1925659179688,379.90533447265625,247.25311279296875,201.68655395507812,138.63763427734375,121.45471954345703,112.32471466064453,98.51136016845703,84.50283813476562,77.60723876953125,69.43937683105469,67.59120178222656,59.17418670654297,54.798362731933594,48.30339813232422,43.516414642333984,5935.40771484375,130.294189453125,74.13265991210938
825000,835001,17,3,248,220,1,14108.7265625,561.6489868164062,374.25048828125,254.46530151367188,180.80857849121094,141.93865966796875,117.70760345458984,102.38034057617188,97.56707000732422,81.92142486572266,75.30995178222656,66.71478271484375,61.188350677490234,56.783267974853516,52.93524932861328,47.71980285644531,46.671897888183594,5929.6123046875,124.5517807006836,59.96695327758789
830000,840001,17,3,252,223,0,13760.984375,731.899169921875,398.73297119140625,217.38677978515625,195.75991821289062,135.04908752441406,118.89217376708984,114.26436614990234,96.1619644165039,84.03112030029297,75.21441650390625,70.90176391601562,66.97539520263672,60.46478271484375,56.95628356933594,52.512691497802734,42.81144714355469,5776.21923828125,147.19900512695312,89.45536804199219
830000,840001,17,3,252,223,1,13782.7333984375,731.9116821289062,378.9031066894531,224.5760040283203,181.2898712158203,142.43292236328125,126.12554931640625,121.68974304199219,104.04239654541016,85.72005462646484,74.4562759399414,67.75994873046875,64.87503814697266,55.34638977050781,52.24631881713867,50.43394470214844,46.8038330078125,5784.2216796875,138.43331909179688,107.26771545410156
835000,845001,17,3,249,221,0,14181.1376953125,625.2149047851562,306.0689392089844,197.75357055664062,157.85739135742188,125.01162719726562,110.9586181640625,98.0421371459961,76.09864807128906,72.38172149658203,69.00634002685547,62.68913269042969,61.94744110107422,58.361549377441406,54.257179260253906,48.35214614868164,43.781471252441406,5961.05322265625,113.5746078491211,67.14708709716797
835000,845001,17,3,249,221,1,14174.4541015625,616.5390625,304.1244812011719,189.10769653320312,144.22035217285156,114.32406616210938,106.81956481933594,94.26728057861328,89.4234390258789,79.16666412353516,75.37179565429688,64.09564208984375,55.022403717041016,53.87941360473633,51.019020080566406,49.61345672607422,41.51884460449219,5961.869140625,109.6198501586914,61.292503356933594
840000,850001,17,3,249,218,0,14438.677734375,592.5537719726562,283.6669006347656,186.70925903320312,154.74713134765625,130.6240997314453,104.50223541259766,100.86637115478516,79.3177261352539,72.05291748046875,70.1427001953125,63.13218307495117,60.99048614501953,53.6349983215332,48.6462516784668,46.65977478027344,40.84407043457031,6089.43603515625,107.11804962158203,57.3025016784668
840000,850001,17,3,249,218,1,14471.19140625,582.7301635742188,263.9091796875,182.9141845703125,141.91188049316406,130.44081115722656,100.72090911865234,86.59624481201172,75.01073455810547,70.42594146728516,66.6739273071289,60.515987396240234,59.356536865234375,53.0631103515625,50.27531051635742,48.56220626831055,45.439537048339844,6092.41064453125,107.58694458007812,55.75447082519531
845000,855001,17,3,251,218,0,14602.767578125,623.4584350585938,283.57586669921875,161.3199462890625,137.4824981689453,120.56321716308594,92.38928985595703,80.65174865722656,78.29244232177734,71.85132598876953,67.90042114257812,61.21257400512695,56.68632888793945,54.24229431152344,51.90443420410156,45.975494384765625,39.699161529541016,6118.52783203125,89.98228454589844,67.26615142822266
845000,855001,17,3,251,218,1,14599.0087890625,625.6348876953125,285.14617919921875,170.129150390625,147.8214874267578,111.19822692871094,93.40383911132812,87.0964584350586,85.2695083618164,66.0489501953125,62.39472198486328,58.5399169921875,57.61091232299805,55.2914924621582,51.752593994140625,48.57646179199219,42.53103256225586,6114.533203125,104.70157623291016,62.926597595214844
850000,860001,17,3,248,224,0,14861.498046875,672.7875366210938,262.2807922363281,209.72706604003906,167.0115509033203,142.47369384765625,133.75729370117188,104.95692443847656,89.96939849853516,85.05242156982422,82.78240966796875,68.91812896728516,60.890045166015625,58.365081787109375,55.358734130859375,48.830711364746094,41.53525924682617,6273.40966796875,130.25091552734375,67.2635726928711
850000,860001,17,3,248,224,1,14862.779296875,688.747802734375,279.3126525878906,218.70005798339844,187.46316528320312,146.2001953125,138.6672821044922,105.73348236083984,95.87674713134766,92.0508041381836,76.36278533935547,72.65339660644531,68.86095428466797,64.1277847290039,58.75837326049805,56.29072570800781,53.556663513183594,6276.3603515625,151.7227783203125,65.45133209228516
855000,865001,17,3,249,205,0,14430.0732421875,638.5811767578125,302.9248352050781,216.62347412109375,164.2689666748047,115.35548400878906,108.64290618896484,95.86056518554688,83.0654067993164,78.09427642822266,72.33333587646484,67.87770080566406,62.803321838378906,57.35364532470703,53.487762451171875,48.11492156982422,43.71100616455078,6087.1484375,104.99951934814453,65.13631439208984
855000,865001,17,3,249,205,1,14476.6103515625,637.0945434570312,297.2810974121094,206.4267120361328,154.957275390625,119.977294921875,113.73277282714844,106.17540740966797,100.40638732910156,84.29231262207031,79.74055480957031,70.88713836669922,64.79164123535156,61.681095123291016,57.56047821044922,52.481327056884766,45.26578903198242,6111.59814453125,110.38433074951172,78.0655746459961
860000,870001,17,3,245,216,0,14250.1669921875,758.5733032226562,342.91265869140625,233.83981323242188,128.49977111816406,109.10028839111328,98.3392333984375,82.44182586669922,77.67183685302734,72.53460693359375,71.39749145507812,64.9957046508789,62.571651458740234,53.98995590209961,50.226314544677734,49.01298904418945,44.0632209777832,5950.74658203125,101.48616790771484,65.19964599609375
860000,870001,17,3,245,216,1,14277.17578125,753.3467407226562,329.53607177734375,244.11451721191406,137.07212829589844,124.19356536865234,109.10663604736328,88.5049819946289,79.72216796875,74.31452178955078,70.57288360595703,63.273738861083984,60.489810943603516,54.64891815185547,49.07554244995117,47.16969680786133,43.68485641479492,5966.41845703125,109.42494201660156,67.72491455078125
865000,875001,17,3,253,220,0,14376.9892578125,847.0823364257812,262.43560791015625,207.52471923828125,169.2617645263672,139.91241455078125,123.60169982910156,119.58493041992188,88.06867218017578,80.94364166259766,78.84423065185547,66.16592407226562,62.268436431884766,57.86676788330078,52.42900848388672,48.97513198852539,40.73444747924805,6065.5703125,140.04638671875,65.32950592041016
865000,875001,17,3,253,220,1,14394.48828125,845.097412109375,285.0340270996094,226.91256713867188,161.5331268310547,131.58204650878906,123.15011596679688,107.81266784667969,85.89044189453125,79.57432556152344,75.5898208618164,70.02839660644531,60.738441467285156,59.76792907714844,56.97763442993164,47.720123291015625,45.34273910522461,6073.84521484375,132.50814819335938,66.4751968383789
870000,880001,17,3,252,222,0,14859.2626953125,504.062744140625,277.02484130859375,173.29159545898438,122.67832946777344,107.22638702392578,89.18678283691406,83.08538055419922,79.53258514404297,69.04605102539062,58.96643829345703,57.73048400878906,56.11079025268555,52.52444076538086,50.72981262207031,47.36465072631836,40.34162139892578,6271.5087890625,90.92105102539062,61.188961029052734
870000,880001,17,3,252,222,1,14825.3701171875,505.99591064453125,268.8089294433594,180.36428833007812,121.87821960449219,108.75125122070312,91.4075698852539,85.53787231445312,77.68785095214844,69.97382354736328,66.73666381835938,61.70849609375,58.22005844116211,54.25440979003906,47.20054626464844,44.99917221069336,40.350406646728516,6260.54150390625,80.93705749511719,58.47637176513672
875000,885001,17,3,250,222,0,14921.5458984375,864.8766479492188,383.1499938964844,191.57293701171875,171.7537078857422,137.99195861816406,127.54676818847656,97.57576751708984,86.94822692871094,75.03138732910156,70.93463134765625,66.90982055664062,65.60516357421875,57.70395278930664,52.961265563964844,52.36370849609375,48.58059310913086,6255.42578125,151.67091369628906,77.87153625488281
875000,885001,17,3,250,222,1,14912.0205078125,856.0925903320312,365.65557861328125,198.48036193847656,175.00575256347656,147.55868530273438,124.77947998046875,95.0791015625,83.86680603027344,69.1058349609375,64.85997009277344,60.30949020385742,58.53989791870117,54.68800354003906,52.50723648071289,51.52172088623047,46.90769577026367,6250.2255859375,135.373291015625,68.49065399169922
880000,890001,17,3,251,221,0,15243.2734375,847.2989501953125,348.59344482421875,203.79052734375,169.02517700195312,131.69198608398438,115.1296615600586,104.48677062988281,91.42208862304688,82.33665466308594,78.13154602050781,72.64057159423828,62.7840690612793,59.265419006347656,55.86368179321289,53.81819152832031,45.40079116821289,6394.5166015625,137.6118621826172,73.40855407714844
880000,890001,17,3,251,221,1,15224.6025390625,818.1273803710938,356.7725830078125,201.85450744628906,184.40269470214844,135.96531677246094,130.2554473876953,105.74595642089844,97.36201477050781,84.64154815673828,79.48111724853516,69.33211517333984,67.25076293945312,63.999027252197266,59.889190673828125,53.17916488647461,44.69019317626953,6385.5908203125,146.35537719726562,78.45349884033203
885000,895001,17,3,250,212,0,14718.341796875,583.7373046875,288.2441711425781,216.2248992919922,174.4075469970703,136.7173309326172,110.71156311035156,100.81745910644531,94.3049087524414,79.03353118896484,73.96021270751953,66.70367431640625,64.57171630859375,62.91337203979492,55.3676872253418,48.29573440551758,47.999271392822266,6167.6982421875,123.42961120605469,62.95989227294922
885000,895001,17,3,250,212,1,14743.0751953125,567.0289916992188,290.0042419433594,220.79673767089844,177.79136657714844,132.6698455810547,122.07754516601562,97.33241271972656,90.37232208251953,77.31961059570312,75.57160949707031,72.3161392211914,64.1676025390625,59.89036178588867,55.60867691040039,48.258365631103516,46.81507873535156,6181.35107421875,126.68541717529297,63.73521423339844
890000,900001,17,3,247,227,0,15270.6494140625,909.3778076171875,405.0982666015625,284.5100402832031,172.34512329101562,142.996337890625,131.59445190429688,112.54074096679688,102.60269165039062,95.80207061767578,81.89139556884766,80.1518783569336,68.26351928710938,67.2231216430664,60.69438934326172,51.77508544921875,48.32596206665039,6394.10693359375,139.40191650390625,88.70124816894531
890000,900001,17,3,247,227,1,15243.1943359375,884.9765014648438,394.41473388671875,299.93231201171875,182.5630645751953,141.47494506835938,120.68660736083984,116.64200592041016,112.06597137451172,83.71314239501953,76.92191314697266,72.7454833984375,68.5573501586914,64.13481140136719,61.2838134765625,54.04199981689453,46.20634460449219,6378.7890625,143.00247192382812,82.5460205078125
895000,905001,17,3,250,222,0,14862.544921875,983.9017944335938,381.9671936035156,221.85789489746094,172.9398193359375,144.66456604003906,123.5707015991211,101.76744842529297,86.87638854980469,83.50922393798828,76.7303466796875,69.63758850097656,63.484474182128906,60.65389633178711,54.461036682128906,52.71762466430664,49.12712860107422,6278.4091796875,121.80814361572266,78.01197052001953
895000,905001,17,3,250,222,1,14887.5615234375,999.8780517578125,378.6961364746094,228.23989868164062,180.24935913085938,142.72132873535156,116.17252349853516,109.23117065429688,88.27569580078125,82.78231811523438,76.02994537353516,71.89720153808594,67.6151123046875,58.7157096862793,56.388858795166016,52.343326568603516,46.63318634033203,6287.41748046875,125.18362426757812,67.64713287353516
900000,910001,17,3,251,219,0,15136.4453125,852.1040649414062,383.4735107421875,307.9146728515625,192.41604614257812,149.13131713867188,132.2586669921875,121.59600830078125,108.42640686035156,105.80683135986328,97.43830108642578,88.29959869384766,82.85101318359375,73.39665222167969,65.00738525390625,62.03093338012695,46.79288101196289,6355.08642578125,193.66506958007812,107.41918182373047
900000,910001,17,3,251,219,1,15102.0087890625,870.1257934570312,397.9682312011719,286.21881103515625,197.11453247070312,145.97442626953125,135.30670166015625,129.6616668701172,118.02073669433594,97.74983215332031,91.33261108398438,78.80713653564453,75.78789520263672,72.05133056640625,60.704715728759766,52.150203704833984,49.57448196411133,6337.3486328125,167.7486572265625,112.00616455078125
905000,915001,17,3,249,220,0,15171.3193359375,856.869873046875,363.0697326660156,252.2589111328125,166.84951782226562,159.7518768310547,122.2553939819336,105.49945831298828,88.35218048095703,86.54592895507812,73.76007080078125,70.39112091064453,65.21479034423828,61.07737350463867,58.846073150634766,50.05850601196289,48.175167083740234,6359.61181640625,155.4283447265625,62.965919494628906
905000,915001,17,3,249,220,1,15172.9462890625,852.6688842773438,364.9465637207031,270.4202880859375,158.69482421875,153.79257202148438,121.20112609863281,110.15438079833984,91.41590118408203,85.05615997314453,74.22611999511719,65.8328628540039,63.48286437988281,56.925167083740234,55.072975158691406,51.08277130126953,47.2022590637207,6356.6025390625,151.35501098632812,73.19916534423828
910000,920001,17,3,248,221,0,15465.0576171875,882.4364013671875,324.8466796875,261.1481018066406,153.87033081054688,128.0570831298828,96.44731140136719,87.90637969970703,79.70645904541016,76.82667541503906,71.79291534423828,64.83464813232422,63.166133880615234,62.41105651855469,53.93655776977539,53.54029083251953,51.735050201416016,6479.30224609375,107.34681701660156,68.7485580444336
910000,920001,17,3,248,221,1,15419.2626953125,863.3674926757812,328.40765380859375,260.05035400390625,161.6038055419922,125.31817626953125,101.19998931884766,96.66522216796875,87.50041961669922,83.20111846923828,76.00220489501953,68.65988159179688,67.01546478271484,60.677085876464844,55.805755615234375,51.42960739135742,47.85161590576172,6463.1025390625,95.41255950927734,72.17283630371094
915000,925001,17,3,251,222,0,15468.4091796875,702.4761352539062,368.5840759277344,296.3154602050781,187.10479736328125,150.74356079101562,133.27732849121094,120.77590942382812,102.7154541015625,91.78116607666016,86.53836822509766,77.77574157714844,70.80928802490234,67.56534576416016,59.09498596191406,53.14680099487305,46.47587585449219,6482.294921875,180.85585021972656,76.57234954833984
915000,925001,17,3,251,222,1,15447.2666015625,685.2491455078125,364.37933349609375,311.7768249511719,190.2073974609375,156.0771484375,138.161376953125,114.45964813232422,107.26187896728516,94.14688110351562,90.78422546386719,87.06153869628906,73.85179901123047,65.38151550292969,64.96732330322266,60.10099792480469,48.66347885131836,6476.912109375,182.71255493164062,101.74205780029297
920000,930001,17,3,250,219,0,15513.2333984375,881.6765747070312,469.10528564453125,252.26260375976562,217.67958068847656,128.14688110351562,107.29560089111328,105.9034423828125,88.91923522949219,80.5697021484375,74.75037384033203,71.00452423095703,65.47360229492188,56.32072448730469,54.74422836303711,51.66810607910156,49.88499069213867,6506.18603515625,256.41302490234375,100.7965316772461
920000,930001,17,3,250,219,1,15509.134765625,861.9044189453125,464.20208740234375,237.5713653564453,206.7855224609375,122.52980041503906,117.01958465576172,97.86196899414062,93.15666961669922,86.36997985839844,82.01529693603516,67.22889709472656,64.89781188964844,63.3966064453125,52.3884391784668,48.94440841674805,42.04238510131836,6505.3662109375,214.3485565185547,93.346923828125
925000,935001,17,3,255,221,0,15815.3779296875,732.8811645507812,470.973388671875,261.9856262207031,229.5074462890625,148.03573608398438,139.31483459472656,111.88280487060547,94.45726776123047,88.9123764038086,78.12830352783203,69.02668762207031,66.35282135009766,58.18915557861328,57.62100601196289,55.775596618652344,48.27445983886719,6650.98193359375,146.5465087890625,73.3801040649414
925000,935001,17,3,255,221,1,15807.0126953125,717.93115234375,440.2682800292969,248.51617431640625,197.36456298828125,145.9929656982422,136.22972106933594,106.14373016357422,94.14289093017578,90.18231201171875,85.3293228149414,77.87049102783203,74.91093444824219,69.39120483398438,63.62819290161133,57.241458892822266,53.69127655029297,6645.44091796875,131.36289978027344,81.47868347167969
930000,940001,17,3,248,219,0,15525.9091796875,947.128173828125,546.2012939453125,323.8537902832031,196.19422912597656,161.5469207763672,137.89578247070312,135.2790069580078,113.0663833618164,86.2602310180664,82.40055847167969,79.31391143798828,78.77994537353516,70.37650299072266,63.54531478881836,56.88703536987305,48.999237060546875,6512.13330078125,227.23268127441406,90.7898941040039
930000,940001,17,3,248,219,1,15544.5556640625,937.1873779296875,553.3598022460938,323.4831848144531,193.55369567871094,153.6333465576172,148.451904296875,131.4642791748047,118.69100189208984,103.35458374023438,98.95263671875,89.93968200683594,71.64263916015625,70.9839859008789,68.60894012451172,61.17127990722656,53.16461944580078,6520.345703125,172.87794494628906,94.94733428955078
935000,945001,17,3,247,221,0,15551.78125,1227.2598876953125,421.71307373046875,337.38153076171875,207.7935333251953,163.42384338378906,131.86863708496094,118.32353973388672,110.01799011230469,100.60011291503906,94.61225128173828,85.29902648925781,78.33570098876953,69.62299346923828,66.21434783935547,64.6423568725586,60.33892059326172,6538.92041015625,157.3779754638672,86.50923919677734
935000,945001,17,3,247,221,1,15562.8076171875,1231.736572265625,409.2677001953125,337.5180358886719,211.142822265625,152.92552185058594,136.97494506835938,116.40238952636719,96.51956939697266,94.7199935913086,92.04537200927734,82.31316375732422,72.58811950683594,65.78607177734375,64.74949645996094,60.70704650878906,53.48894119262695,6545.2734375,160.4015655517578,97.32958984375
940000,950001,17,3,255,226,0,15890.3837890625,984.4788818359375,398.881103515625,244.4020233154297,177.8196258544922,154.70936584472656,115.69908905029297,114.7907485961914,85.59394836425781,83.00022888183594,75.46649169921875,72.52860260009766,65.22035217285156,62.44284439086914,55.752647399902344,47.31219482421875,40.860504150390625,6650.57958984375,227.13790893554688,76.31562805175781
940000,950001,17,3,255,226,1,15906.0595703125,973.505859375,386.79156494140625,239.7591552734375,184.23471069335938,150.54713439941406,117.75977325439453,108.12885284423828,96.71733856201172,83.21239471435547,74.48226928710938,63.015281677246094,62.23526382446289,57.73161315917969,52.92258071899414,49.1209831237793,45.418006896972656,6662.61376953125,213.02989196777344,76.2088623046875
945000,955001,17,3,253,226,0,16109.2421875,698.6453857421875,434.3569030761719,231.11326599121094,183.5656280517578,147.71731567382812,120.18973541259766,108.37763977050781,94.29129028320312,81.6961898803711,76.26116180419922,71.37323760986328,68.12886047363281,60.916988372802734,57.8718147277832,51.50733184814453,50.145362854003906,6750.072265625,144.92784118652344,65.74632263183594
945000,955001,17,3,253,226,1,16099.86328125,716.1326293945312,434.9801330566406,228.6410369873047,207.26292419433594,136.0843963623047,129.1477813720703,110.54528045654297,99.56107330322266,78.3912353515625,74.32786560058594,72.70586395263672,65.25177764892578,62.145294189453125,58.61391067504883,55.525020599365234,49.20854187011719,6745.3623046875,119.7292709350586,104.5307388305664
950000,960001,17,3,247,220,0,15870.220703125,563.6682739257812,350.16302490234375,195.66053771972656,150.58309936523438,126.75679779052734,107.92352294921875,94.51412963867188,81.97875213623047,74.1863784790039,69.36117553710938,61.62922286987305,59.12590408325195,55.52821731567383,49.36281967163086,46.2193603515625,43.04448699951172,6697.5703125,135.82752990722656,76.2750473022461
950000,960001,17,3,247,220,1,15919.2509765625,567.3902587890625,353.82452392578125,214.2821807861328,158.83067321777344,142.9187469482422,103.200439453125,99.19945526123047,89.48580932617188,80.1119613647461,71.56682586669922,64.6112060546875,63.30842971801758,57.699459075927734,47.642066955566406,45.5275993347168,39.286739349365234,6717.19482421875,131.76229858398438,70.16569519042969
955000,965001,17,3,249,227,0,15774.359375,720.97412109375,360.0633850097656,263.3805236816406,189.51622009277344,149.71722412109375,133.88668823242188,120.40009307861328,90.60848236083984,83.298583984375,69.85504150390625,66.50951385498047,64.688232421875,59.25651931762695,53.689022064208984,49.919620513916016,47.55451202392578,6633.82080078125,133.23123168945312,73.98711395263672
955000,965001,17,3,249,227,1,15726.869140625,719.8262939453125,349.128662109375,241.42745971679688,199.12191772460938,153.91233825683594,134.61822509765625,113.14753723144531,102.39800262451172,89.84740447998047,81.98936462402344,73.054443359375,70.01285552978516,63.197811126708984,52.96794891357422,51.56173324584961,45.14164733886719,6612.291015625,131.27349853515625,72.3558349609375
960000,970001,17,3,247,220,0,16082.0693359375,770.8585205078125,318.388671875,233.68992614746094,171.06382751464844,125.50067138671875,109.7617416381836,101.67796325683594,88.3440170288086,80.69395446777344,69.04952239990234,63.63929748535156,60.21949005126953,57.71000671386719,56.786827087402344,51.83195495605469,44.67656326293945,6764.7783203125,156.0570831298828,81.8250961303711
960000,970001,17,3,247,220,1,16077.5419921875,773.1854248046875,324.3170471191406,246.13995361328125,167.64402770996094,136.69381713867188,121.5223388671875,97.39007568359375,84.37628936767578,78.6069564819336,75.6327896118164,67.11082458496094,59.59035110473633,56.874488830566406,53.26946258544922,46.517826080322266,44.68522644042969,6763.0322265625,171.95602416992188,83.24295806884766
965000,975001,17,3,250,226,0,16321.4736328125,658.7312622070312,430.3877868652344,273.66302490234375,162.51766967773438,142.68626403808594,127.604736328125,114.92010498046875,105.75194549560547,89.945068359375,84.8990707397461,79.84536743164062,70.51275634765625,63.91968536376953,57.2386474609375,53.29242706298828,45.54921340942383,6871.05517578125,134.06732177734375,64.13191986083984
965000,975001,17,3,250,226,1,16322.9580078125,640.09912109375,422.4233093261719,281.249267578125,176.64280700683594,141.79983520507812,125.10143280029297,103.88581085205078,90.72903442382812,80.8434829711914,79.67412567138672,71.63214874267578,68.91059112548828,59.280845642089844,57.97214126586914,50.283485412597656,44.974857330322266,6873.44873046875,137.59388732910156,67.20496368408203
970000,980001,17,3,247,226,0,16037.90625,922.9000244140625,368.79071044921875,272.3117370605469,208.33560180664062,133.88839721679688,126.94850158691406,97.7902603149414,88.95529174804688,85.31061553955078,71.41405487060547,67.32656860351562,59.10604476928711,55.06795120239258,51.75029373168945,44.110992431640625,43.86970520019531,6770.3466796875,142.6280975341797,74.12439727783203
970000,980001,17,3,247,226,1,16046.6943359375,934.2007446289062,328.4359130859375,248.71331787109375,199.4542236328125,139.62216186523438,127.11123657226562,103.2998046875,100.1923599243164,81.83379364013672,71.15599060058594,65.15495300292969,62.17742156982422,56.342384338378906,51.761051177978516,47.34590530395508,46.06953430175781,6771.49609375,156.90725708007812,63.88569259643555
975000,985001,17,3,254,231,0,16598.044921875,803.0775146484375,370.900634765625,226.83714294433594,197.4835662841797,160.84878540039062,110.53340148925781,106.01594543457031,102.45201873779297,93.37720489501953,82.3041000366211,74.62678527832031,70.80909729003906,66.21624755859375,63.66994857788086,56.518550872802734,54.26018524169922,7000.06982421875,142.90109252929688,72.88249206542969
975000,985001,17,3,254,231,1,16587.369140625,824.8259887695312,349.4293518066406,209.5258026123047,195.58656311035156,181.95094299316406,115.41133880615234,98.6221694946289,96.2211685180664,86.07670593261719,79.3946304321289,72.40250396728516,71.58137512207031,66.7883071899414,65.02124786376953,57.37950897216797,49.546630859375,6992.734375,129.4434051513672,98.45838165283203
980000,990001,17,3,251,228,0,17028.669921875,860.3871459960938,483.26739501953125,261.5717468261719,220.29672241210938,142.909912109375,126.71944427490234,113.6756820678711,105.39923095703125,90.89100646972656,85.73272705078125,77.02444458007812,70.2495346069336,66.04239654541016,61.81175994873047,55.14533615112305,50.61201858520508,7156.06884765625,146.5419921875,82.86022186279297
980000,990001,17,3,251,228,1,17011.654296875,858.134765625,489.6207580566406,282.3338623046875,231.6829833984375,156.8732452392578,122.64187622070312,120.80782318115234,105.55575561523438,91.41630554199219,88.94628143310547,78.40009307861328,75.61122131347656,70.37773895263672,57.177223205566406,52.559940338134766,50.444419860839844,7141.408203125,178.54615783691406,81.87296295166016
985000,995001,17,3,251,224,0,16547.724609375,829.17236328125,340.0722351074219,243.3040771484375,202.846923828125,174.9081573486328,125.67646026611328,112.20012664794922,96.06974029541016,87.88697814941406,85.4067611694336,80.54124450683594,71.08855438232422,61.40757369995117,60.39292526245117,58.99272155761719,46.46599197387695,6933.5703125,111.44364166259766,69.232177734375
985000,995001,17,3,251,224,1,16534.326171875,833.5386352539062,327.8681640625,224.55564880371094,190.10794067382812,183.31973266601562,138.68421936035156,119.83097076416016,112.39188385009766,95.66477966308594,83.66816711425781,81.34912109375,73.46823120117188,71.29789733886719,58.86359405517578,50.80196762084961,48.543357849121094,6925.03271484375,120.69414520263672,68.22818756103516
