grad_step,env_steps,window_len,penalty_len,n_windows,unique_eps,critic,sv_01,sv_02,sv_03,sv_04,sv_05,sv_06,sv_07,sv_08,sv_09,sv_10,sv_11,sv_12,sv_13,sv_14,sv_15,sv_16,sv_17,pen_sv_01,pen_sv_02,pen_sv_03
0,10001,17,3,253,10,0,5.303475856781006,1.4191826581954956,1.013640284538269,0.7625401020050049,0.6757093667984009,0.6141887903213501,0.5637639164924622,0.5325133204460144,0.5279985666275024,0.5047092437744141,0.47751739621162415,0.44846582412719727,0.41364479064941406,0.3991391956806183,0.39048123359680176,0.38301578164100647,0.3532891273498535,2.4582273960113525,0.562795877456665,0.4328153729438782
0,10001,17,3,253,10,1,6.6288228034973145,2.0450289249420166,1.4467140436172485,0.9747354388237,0.9522674083709717,0.7971715927124023,0.7092528343200684,0.6354207396507263,0.5957428812980652,0.5749147534370422,0.5257099270820618,0.5122966766357422,0.4848478138446808,0.461916983127594,0.4473944306373596,0.40843844413757324,0.38764771819114685,3.0994908809661865,0.7028485536575317,0.5190213322639465
5000,15001,17,3,252,15,0,653.894775390625,64.02772521972656,35.5533447265625,22.901342391967773,17.658777236938477,12.574432373046875,10.095437049865723,8.84273910522461,7.687133312225342,7.000774383544922,5.965219497680664,5.505558967590332,5.195632457733154,5.140209197998047,4.8588433265686035,3.9738051891326904,3.7734625339508057,277.0238037109375,11.770437240600586,6.073319911956787
5000,15001,17,3,252,15,1,657.4274291992188,64.16016387939453,35.846107482910156,23.23605728149414,17.573144912719727,12.94892406463623,10.165969848632812,9.007378578186035,7.600619316101074,7.103238105773926,5.988708019256592,5.446416854858398,5.181530952453613,5.0692524909973145,4.709287166595459,3.9014410972595215,3.6913552284240723,278.2432556152344,11.485955238342285,6.154216289520264
10000,20001,17,3,251,20,0,1098.5850830078125,55.10041809082031,29.117061614990234,16.806535720825195,13.236641883850098,8.875349998474121,7.783686637878418,6.002691745758057,5.197404384613037,4.4181084632873535,3.797299861907959,3.54197096824646,3.4854848384857178,3.109968900680542,2.8838388919830322,2.645594358444214,2.4906158447265625,460.63671875,8.209466934204102,3.4801464080810547
10000,20001,17,3,251,20,1,1099.4517822265625,54.98970413208008,28.392282485961914,16.858352661132812,12.879868507385254,8.67786979675293,7.937117576599121,5.9715728759765625,5.238325119018555,4.40460729598999,3.8718607425689697,3.5228395462036133,3.224928855895996,3.043243885040283,2.801442861557007,2.653165340423584,2.3969173431396484,460.9887390136719,8.394344329833984,3.515131711959839
15000,25001,17,3,253,25,0,1210.0443115234375,69.73551940917969,34.11421585083008,16.63317108154297,9.381110191345215,6.422197341918945,4.549482822418213,3.857606887817383,3.092613697052002,2.927025556564331,2.7221500873565674,2.6122965812683105,2.3538990020751953,2.117701292037964,2.055299758911133,1.9230595827102661,1.7681639194488525,508.5554504394531,7.822402000427246,2.8094019889831543
15000,25001,17,3,253,25,1,1208.39208984375,69.57073974609375,33.98615264892578,16.416507720947266,9.09341812133789,6.414977073669434,4.4570465087890625,3.7522172927856445,3.078014612197876,2.9530985355377197,2.7276835441589355,2.576512575149536,2.3818483352661133,2.1844499111175537,1.9850398302078247,1.8606661558151245,1.5328484773635864,507.58856201171875,7.689570426940918,2.6187217235565186
20000,30001,17,3,253,30,0,1628.827392578125,78.98676300048828,30.08873748779297,14.385017395019531,10.284346580505371,7.081874847412109,5.048763275146484,4.517248630523682,3.7800958156585693,3.648773193359375,3.0219333171844482,2.9752156734466553,2.9468023777008057,2.507617950439453,2.3411178588867188,2.0683038234710693,1.9002649784088135,681.1822509765625,8.512250900268555,3.0946078300476074
20000,30001,17,3,253,30,1,1623.494140625,79.0626449584961,30.39693832397461,14.400562286376953,9.974613189697266,6.911013603210449,4.679346084594727,4.347416400909424,3.748882532119751,3.464466094970703,3.0891711711883545,2.904078722000122,2.6500113010406494,2.3962132930755615,2.3007125854492188,2.0489718914031982,1.9275099039077759,678.9466552734375,8.524802207946777,3.050466299057007
25000,35001,17,3,254,35,0,2215.26220703125,76.65555572509766,33.503639221191406,18.878990173339844,12.370471000671387,9.108915328979492,6.2916669845581055,4.928314685821533,3.7992804050445557,3.17897891998291,2.8600680828094482,2.600277900695801,2.562206506729126,2.2819862365722656,2.077509641647339,2.0263936519622803,1.7098952531814575,939.519287109375,8.216293334960938,2.685265302658081
25000,35001,17,3,254,35,1,2218.6416015625,78.19468688964844,34.39295196533203,19.422365188598633,13.1069974899292,8.801863670349121,6.989494800567627,4.708135604858398,4.086458206176758,3.716815710067749,2.8563129901885986,2.7976338863372803,2.592390298843384,2.3592288494110107,2.090812921524048,1.9610955715179443,1.880880355834961,940.9669799804688,8.814851760864258,2.9236490726470947
30000,40001,17,3,252,40,0,2546.886962890625,97.46746063232422,50.90193176269531,23.74614143371582,14.78416633605957,11.423083305358887,6.5356268882751465,5.782036304473877,4.79962158203125,3.837850570678711,3.665447473526001,3.201139211654663,2.80371356010437,2.5087900161743164,2.3626160621643066,2.2857775688171387,2.0424888134002686,1069.80712890625,12.104201316833496,3.3364503383636475
30000,40001,17,3,252,40,1,2537.47265625,97.10779571533203,49.93342590332031,23.6887149810791,14.96351432800293,11.783773422241211,6.902949810028076,6.107910633087158,4.872916221618652,4.214781284332275,3.578071117401123,3.3344945907592773,2.9390575885772705,2.428032159805298,2.339498996734619,2.2200558185577393,2.0956132411956787,1066.1546630859375,12.422256469726562,3.435169219970703
35000,45001,17,3,252,45,0,2694.069091796875,99.87135314941406,40.59209442138672,15.861599922180176,9.932442665100098,5.7633562088012695,4.399392604827881,3.672654867172241,3.3714544773101807,2.638610601425171,2.486072063446045,2.2272472381591797,2.0897977352142334,2.0480740070343018,1.4788908958435059,1.420175552368164,1.2470641136169434,1143.5430908203125,8.998032569885254,3.067763566970825
35000,45001,17,3,252,45,1,2698.2705078125,98.82067108154297,40.65747833251953,15.988731384277344,9.73006534576416,5.2102274894714355,4.197049617767334,3.5664799213409424,3.3626880645751953,2.730409622192383,2.5559184551239014,2.339463233947754,2.2445173263549805,1.8768372535705566,1.749058485031128,1.644467830657959,1.4542498588562012,1144.8468017578125,9.035078048706055,2.995190382003784
40000,50001,17,3,254,50,0,3465.696533203125,90.24002838134766,50.48119354248047,22.215211868286133,13.51965045928955,8.57590389251709,5.608097076416016,4.87551736831665,4.1569647789001465,3.3723700046539307,2.8407397270202637,2.5817747116088867,2.2582476139068604,2.1719892024993896,1.9562437534332275,1.8468044996261597,1.756201982498169,1453.1119384765625,9.933947563171387,2.8865668773651123
40000,50001,17,3,254,50,1,3463.180908203125,90.5946273803711,50.82050323486328,22.086347579956055,13.80624008178711,8.762232780456543,5.527329444885254,5.059648513793945,4.115757942199707,3.3028101921081543,3.0671870708465576,2.7571494579315186,2.349141836166382,2.1314780712127686,1.9818294048309326,1.7640821933746338,1.7023907899856567,1452.8248291015625,10.186627388000488,2.835939407348633
45000,55001,17,3,253,55,0,3878.085693359375,109.53807067871094,52.50641632080078,23.41965103149414,14.844489097595215,9.721174240112305,6.161318302154541,4.972867012023926,4.1345977783203125,3.6668832302093506,3.2903788089752197,2.9323041439056396,2.6899633407592773,2.539710283279419,2.5021376609802246,2.1280770301818848,1.786281704902649,1632.9456787109375,10.685254096984863,3.091421604156494
45000,55001,17,3,253,55,1,3876.525146484375,109.18151092529297,52.43189239501953,23.109594345092773,15.039520263671875,9.7498779296875,6.2212748527526855,5.381649971008301,4.013277530670166,3.434117555618286,3.273054599761963,3.072768211364746,2.7120540142059326,2.593048095703125,2.485409736633301,2.1618659496307373,1.8487032651901245,1632.295166015625,10.831008911132812,3.112119436264038
50000,60001,17,3,250,59,0,4313.48779296875,116.51885223388672,46.94548416137695,26.58128547668457,12.446568489074707,6.920304298400879,5.52758264541626,4.263485431671143,3.867675542831421,3.1556568145751953,2.8618626594543457,2.4917104244232178,2.3649089336395264,2.323772668838501,2.0701088905334473,1.873321771621704,1.520551323890686,1818.686767578125,12.603973388671875,2.9152913093566895
50000,60001,17,3,250,59,1,4313.16552734375,116.17066955566406,47.771392822265625,26.02311134338379,12.274144172668457,6.587876796722412,5.387739658355713,3.85970139503479,3.550722122192383,3.1068761348724365,2.96865177154541,2.690450429916382,2.570352554321289,2.242844343185425,2.04018497467041,1.8711581230163574,1.7522660493850708,1818.306396484375,12.47508430480957,2.807271718978882
55000,65001,17,3,255,61,0,4859.62158203125,103.3543701171875,54.49265670776367,21.85293960571289,9.960598945617676,5.913405895233154,4.575435161590576,3.8079140186309814,3.5279622077941895,3.2250404357910156,2.6184208393096924,2.3702094554901123,2.31535267829895,2.0496699810028076,1.9941531419754028,1.66300368309021,1.4906527996063232,2050.601318359375,11.040671348571777,2.833463668823242
55000,65001,17,3,255,61,1,4855.30029296875,102.45728302001953,54.10237121582031,21.686798095703125,10.362149238586426,5.7602410316467285,3.9379124641418457,3.6193692684173584,3.271641492843628,2.930518627166748,2.522031545639038,2.291620969772339,2.114000082015991,2.010138988494873,1.8887224197387695,1.7022480964660645,1.5536296367645264,2048.477783203125,10.538374900817871,2.6440348625183105
60000,70001,17,3,252,68,0,5002.455078125,101.90436553955078,49.1106071472168,24.634004592895508,13.3600435256958,7.855886459350586,5.686884880065918,5.187580108642578,4.099244117736816,3.452683925628662,3.012636661529541,2.515371084213257,2.4400227069854736,2.2816338539123535,2.2106144428253174,1.9833180904388428,1.9211639165878296,2111.4541015625,12.14794921875,3.2588467597961426
60000,70001,17,3,252,68,1,5008.642578125,101.9540023803711,48.976043701171875,24.982059478759766,13.244519233703613,8.245697021484375,5.151493072509766,4.72553825378418,4.135222434997559,3.487710475921631,3.268704652786255,2.95168399810791,2.37732195854187,2.327761650085449,2.205491542816162,1.981850504875183,1.906790852546692,2113.938232421875,12.163212776184082,3.217205047607422
65000,75001,17,3,250,72,0,5784.59716796875,111.8247299194336,59.39773941040039,30.922903060913086,11.79251480102539,7.585909843444824,6.24576997756958,5.204126358032227,4.1509785652160645,3.8423233032226562,3.260146379470825,2.8784313201904297,2.5829737186431885,2.3276379108428955,2.1761698722839355,1.8889081478118896,1.8129346370697021,2438.673095703125,13.776093482971191,3.1419239044189453
65000,75001,17,3,250,72,1,5798.791015625,112.95377349853516,59.77193069458008,30.90044593811035,11.6319580078125,7.160162448883057,5.972291469573975,5.176558017730713,4.215766429901123,3.970733165740967,2.776008367538452,2.752809762954712,2.646561861038208,2.594097375869751,2.253385305404663,2.0737087726593018,1.79793381690979,2445.362060546875,13.869757652282715,3.1090595722198486
70000,80001,17,3,253,79,0,7440.5947265625,110.92913055419922,53.94554138183594,23.537092208862305,12.437224388122559,7.88277530670166,4.80720853805542,4.290456771850586,3.402583360671997,3.3117213249206543,2.625274896621704,2.494166612625122,2.2658309936523438,2.1862857341766357,2.047065019607544,1.932477593421936,1.6213427782058716,3140.56787109375,12.452934265136719,2.865858554840088
70000,80001,17,3,253,79,1,7417.58837890625,110.73566436767578,53.67697525024414,22.97386932373047,12.470687866210938,7.9106574058532715,4.90107536315918,4.307780742645264,3.613055944442749,3.362931966781616,2.8074867725372314,2.4538326263427734,2.2802395820617676,2.1876704692840576,1.8963983058929443,1.721956729888916,1.6488460302352905,3130.563720703125,12.312228202819824,2.68062162399292
75000,85001,17,3,252,83,0,8963.1162109375,157.27882385253906,59.80778121948242,25.795921325683594,14.66183090209961,8.296934127807617,6.42031717300415,5.337414264678955,4.89032506942749,4.442925930023193,3.612407684326172,3.522127151489258,3.3197076320648193,2.9416468143463135,2.5585429668426514,2.5159342288970947,2.024517059326172,3791.27587890625,16.29739761352539,3.868427038192749
75000,85001,17,3,252,83,1,8970.244140625,158.89976501464844,59.6049919128418,24.794706344604492,14.466143608093262,8.954955101013184,5.916871070861816,4.9172234535217285,4.418708324432373,4.036002159118652,3.597062349319458,3.39498233795166,2.8874056339263916,2.7540507316589355,2.704141616821289,2.3614654541015625,2.2517471313476562,3793.50927734375,16.056657791137695,3.7329535484313965
80000,90001,17,3,248,81,0,9645.029296875,152.00149536132812,52.523189544677734,22.817760467529297,10.551291465759277,8.578058242797852,5.69974946975708,4.7820634841918945,4.035863876342773,3.7890899181365967,3.3883190155029297,2.9778919219970703,2.8029913902282715,2.4677882194519043,2.2435617446899414,2.1271543502807617,2.093287944793701,4074.873291015625,12.955252647399902,3.0052084922790527
80000,90001,17,3,248,81,1,9660.3115234375,153.17791748046875,52.642765045166016,22.196876525878906,10.633293151855469,7.325906753540039,6.1075215339660645,4.506322860717773,4.225390434265137,3.6347525119781494,3.2411763668060303,3.0926101207733154,2.7206759452819824,2.618640422821045,2.3935232162475586,2.1256282329559326,1.83155357837677,4081.318603515625,12.957182884216309,3.1539578437805176
85000,95001,17,3,251,88,0,11823.4658203125,175.42503356933594,63.72908020019531,26.233285903930664,18.64240074157715,10.110977172851562,7.654399394989014,5.440769195556641,4.475985050201416,4.026492595672607,3.7174010276794434,3.2211287021636963,3.0765106678009033,2.8929922580718994,2.611363649368286,2.4133338928222656,2.1078779697418213,4993.52587890625,16.88681411743164,3.5502476692199707
85000,95001,17,3,251,88,1,11827.3193359375,175.50299072265625,61.61072540283203,25.93963050842285,17.75996971130371,9.968629837036133,7.170795917510986,5.425218105316162,4.743374347686768,3.916714906692505,3.5223100185394287,3.4167425632476807,3.1744937896728516,2.883005380630493,2.583531141281128,2.3279025554656982,2.07417893409729,4994.953125,16.338136672973633,3.0654196739196777
90000,100001,17,3,251,92,0,12468.880859375,152.9695281982422,77.18315887451172,29.850555419921875,14.70267391204834,11.466695785522461,7.77395486831665,6.978415489196777,5.461936950683594,4.667572021484375,3.7850396633148193,3.7005257606506348,2.9726147651672363,2.602318286895752,2.468773603439331,2.310340166091919,2.1911892890930176,5272.65087890625,19.396459579467773,5.228794574737549
90000,100001,17,3,251,92,1,12468.26171875,153.15286254882812,76.67215728759766,30.55318832397461,15.944889068603516,13.07643985748291,8.610152244567871,6.501459121704102,5.564705848693848,4.870726585388184,4.401780605316162,4.190439224243164,3.5962491035461426,3.0570600032806396,2.8050694465637207,2.613194465637207,2.5472776889801025,5273.41259765625,19.345924377441406,7.410846710205078
95000,105001,17,3,252,97,0,14093.1962890625,173.51544189453125,62.860939025878906,26.289348602294922,21.31024169921875,11.694822311401367,9.90634822845459,8.010417938232422,6.146389007568359,5.035684585571289,4.803744792938232,4.275387287139893,4.172379016876221,4.032272815704346,3.0328593254089355,2.6234560012817383,2.16555118560791,5966.15234375,15.252813339233398,4.3600263595581055
95000,105001,17,3,252,97,1,14079.0615234375,172.49879455566406,63.607826232910156,26.795639038085938,20.174631118774414,11.908407211303711,7.842514514923096,7.160461902618408,5.459522247314453,4.469900131225586,4.216464996337891,4.180616855621338,3.820829391479492,3.2631824016571045,3.1649558544158936,2.811542510986328,2.737056016921997,5959.53369140625,15.205084800720215,4.220460891723633
100000,110001,17,3,252,95,0,14174.509765625,192.77926635742188,73.33782958984375,40.57832717895508,17.230918884277344,12.184877395629883,8.151087760925293,6.881623268127441,5.436034679412842,5.16420316696167,4.411329746246338,4.1366353034973145,4.00177526473999,3.66768479347229,3.4211857318878174,3.1938748359680176,2.73193621635437,5981.259765625,20.425067901611328,4.327195167541504
100000,110001,17,3,252,95,1,14173.4580078125,191.86045837402344,72.21744537353516,40.009300231933594,18.071746826171875,11.889124870300293,8.094040870666504,7.094948768615723,5.737161159515381,5.483856678009033,4.60630989074707,4.505251884460449,4.304929256439209,3.887078285217285,3.7894091606140137,3.338374137878418,2.907334804534912,5981.0458984375,19.956533432006836,4.658499240875244
105000,115001,17,3,254,105,0,15765.2626953125,160.64227294921875,74.72844696044922,31.035587310791016,22.19150733947754,12.064522743225098,8.34073257446289,6.720770835876465,5.68317985534668,4.992245197296143,4.548332691192627,4.050641059875488,4.022328853607178,3.598905086517334,3.34846568107605,2.830338478088379,2.6374404430389404,6648.30419921875,17.232622146606445,5.764527797698975
105000,115001,17,3,254,105,1,15768.517578125,159.5635223388672,75.22783660888672,31.509309768676758,20.822908401489258,11.595386505126953,7.959371089935303,6.376026630401611,5.348718643188477,4.950789451599121,4.451930999755859,4.119336128234863,3.825909376144409,3.326117515563965,2.961054563522339,2.662957191467285,2.5157079696655273,6649.42529296875,17.337326049804688,5.553293228149414
110000,120001,17,3,250,102,0,16183.013671875,175.4789276123047,67.80879974365234,26.824935913085938,13.699647903442383,10.17311954498291,6.738179683685303,6.054206848144531,4.9229512214660645,4.656797885894775,4.1698503494262695,3.8709657192230225,3.3764543533325195,3.1782169342041016,2.9252688884735107,2.8009204864501953,2.610938787460327,6833.66845703125,14.526451110839844,3.5723257064819336
110000,120001,17,3,250,102,1,16153.892578125,174.84185791015625,66.92167663574219,25.41208839416504,13.555158615112305,9.653153419494629,6.842082500457764,6.198266983032227,5.701961994171143,4.875911712646484,4.481714725494385,3.6879873275756836,3.438093900680542,3.2232961654663086,3.1650328636169434,2.760194778442383,2.582897186279297,6821.1162109375,13.902362823486328,4.2637104988098145
115000,125001,17,3,253,113,0,16268.51171875,186.29432678222656,72.84890747070312,27.495773315429688,16.484344482421875,9.515251159667969,7.577755451202393,6.424640655517578,5.8599395751953125,5.567659854888916,4.668423175811768,4.221213340759277,3.958334445953369,3.4574148654937744,3.2652323246002197,2.8513402938842773,2.789884567260742,6876.90087890625,18.663890838623047,4.646603107452393
115000,125001,17,3,253,113,1,16268.5380859375,185.33055114746094,73.12976837158203,27.73746109008789,16.47304916381836,9.19133472442627,6.98288631439209,6.418945789337158,5.458114147186279,5.332367420196533,4.267101764678955,3.963365316390991,3.811572790145874,3.4801509380340576,3.216660261154175,3.0200963020324707,2.4940359592437744,6876.26513671875,18.07569694519043,4.742343902587891
120000,130001,17,3,253,115,0,17117.041015625,191.31275939941406,75.79136657714844,32.148704528808594,14.593883514404297,10.778077125549316,7.472667217254639,7.2182769775390625,5.3271379470825195,4.954097270965576,4.529138088226318,4.2549943923950195,4.045749187469482,3.626971483230591,3.22982120513916,3.006178617477417,2.671283483505249,7243.341796875,18.4598445892334,4.490105628967285
120000,130001,17,3,253,115,1,17116.115234375,191.39125061035156,76.5996322631836,32.17290115356445,13.964783668518066,10.022446632385254,7.503222942352295,6.835555553436279,6.268502235412598,5.066973686218262,4.617532253265381,4.28739595413208,4.001457691192627,3.485311508178711,3.3440675735473633,2.777937412261963,2.711191177368164,7242.90185546875,19.252029418945312,4.886106967926025
125000,135001,17,3,252,111,0,18452.056640625,219.28831481933594,72.2177963256836,27.518205642700195,14.147397994995117,9.908203125,7.578341960906982,6.88633918762207,5.706352233886719,4.719484329223633,4.479707717895508,3.886880397796631,3.544457197189331,3.409517526626587,3.048654317855835,3.0201797485351562,2.3833115100860596,7805.81298828125,18.464372634887695,4.411527633666992
125000,135001,17,3,252,111,1,18470.521484375,221.84617614746094,73.62877655029297,27.020553588867188,14.422053337097168,9.505660057067871,8.042560577392578,7.260740756988525,5.6301798820495605,5.129098892211914,4.5825700759887695,4.207432270050049,4.180253028869629,3.832850933074951,3.397470235824585,2.8959264755249023,2.726348876953125,7815.3759765625,18.90283966064453,4.497039318084717
130000,140001,17,3,254,120,0,18026.30859375,209.49505615234375,66.96062469482422,27.13239860534668,13.980144500732422,9.5965576171875,8.158719062805176,5.694003582000732,5.248356342315674,4.935602188110352,4.8874831199646,4.575887203216553,3.8492531776428223,3.698479413986206,3.103050470352173,2.8768439292907715,2.737722873687744,7613.54248046875,16.33421516418457,4.621140480041504
130000,140001,17,3,254,120,1,18008.79296875,207.89109802246094,68.13542938232422,27.30183982849121,15.084290504455566,9.784452438354492,9.058048248291016,6.91048526763916,6.321443557739258,5.4580888748168945,5.148093223571777,4.551556587219238,4.406850814819336,3.9644393920898438,3.6776983737945557,3.273709774017334,2.6639764308929443,7605.40576171875,16.748859405517578,5.435738563537598
135000,145001,17,3,251,123,0,19367.966796875,205.85220336914062,69.39169311523438,29.938556671142578,16.845426559448242,11.855205535888672,8.624898910522461,6.919337749481201,6.3798065185546875,5.550451278686523,5.370055198669434,5.160313129425049,4.523075580596924,4.4205098152160645,4.250598430633545,3.7190675735473633,3.4747474193573,8189.79736328125,18.26857566833496,5.240572929382324
135000,145001,17,3,251,123,1,19372.283203125,206.68707275390625,69.29717254638672,29.425643920898438,16.787195205688477,11.065211296081543,7.673044681549072,7.602252006530762,7.306463718414307,6.62306022644043,6.1291327476501465,4.928656578063965,4.759492874145508,4.6734700202941895,4.535764217376709,3.5201869010925293,3.441183090209961,8191.08740234375,17.951488494873047,6.258377552032471
140000,150001,17,3,254,118,0,20625.98046875,212.27857971191406,66.69964599609375,27.242076873779297,14.570211410522461,10.066038131713867,8.698704719543457,6.7340779304504395,5.937209606170654,5.821530818939209,5.061061382293701,4.42250919342041,4.209574222564697,3.883652925491333,3.7917702198028564,3.6297647953033447,3.1205520629882812,8716.7412109375,16.966428756713867,4.962614059448242
140000,150001,17,3,254,118,1,20629.01953125,210.29461669921875,66.15269470214844,26.09288787841797,14.610167503356934,10.527219772338867,8.743861198425293,6.6352458000183105,5.927696704864502,5.513896942138672,4.924095630645752,4.643068790435791,4.533271312713623,4.028576850891113,3.778095006942749,3.7002429962158203,3.096283197402954,8716.7353515625,17.459308624267578,4.938929557800293
145000,155001,17,3,251,122,0,21994.212890625,230.86349487304688,70.07479095458984,29.091127395629883,15.42264175415039,10.0581693649292,7.038768291473389,6.334902763366699,5.554374694824219,4.997459888458252,4.6279449462890625,4.182153224945068,3.875840187072754,3.544818639755249,3.399552822113037,3.357198476791382,3.0742645263671875,9292.94921875,18.355186462402344,4.673666954040527
145000,155001,17,3,251,122,1,22003.21875,229.5927734375,69.20861053466797,29.559709548950195,16.125829696655273,10.395316123962402,7.6876301765441895,6.563558578491211,5.90559196472168,4.933688640594482,4.257751941680908,4.214941501617432,3.963963031768799,3.6172497272491455,3.526329517364502,3.338010311126709,3.1539411544799805,9296.505859375,18.81618309020996,4.027410984039307
150000,160001,17,3,252,132,0,22635.89453125,203.81231689453125,74.5877685546875,25.42079734802246,14.097949028015137,9.405115127563477,7.6689629554748535,5.894219398498535,5.708076000213623,5.54890251159668,5.30323600769043,4.729089260101318,4.309173583984375,4.034436225891113,3.6568617820739746,3.594210624694824,3.276010036468506,9545.6962890625,19.097427368164062,4.338731288909912
150000,160001,17,3,252,132,1,22620.55859375,204.33154296875,75.07935333251953,24.975486755371094,14.776432037353516,9.239931106567383,7.150124549865723,6.8319902420043945,6.378357410430908,6.1656951904296875,5.380189895629883,4.733799934387207,4.05017614364624,3.966902494430542,3.87085223197937,3.2495765686035156,3.024071455001831,9540.939453125,19.79240608215332,5.147638320922852
155000,165001,17,3,255,131,0,21697.08984375,246.82998657226562,75.25287628173828,27.41643524169922,15.572319030761719,10.76124095916748,7.467875957489014,7.083797931671143,6.5167036056518555,5.441914081573486,5.108131408691406,4.84528112411499,4.637105464935303,4.346577167510986,3.9508800506591797,3.7463490962982178,3.631322145462036,9191.978515625,22.41969871520996,5.143444538116455
155000,165001,17,3,255,131,1,21746.724609375,244.60568237304688,74.7247085571289,28.700393676757812,15.172637939453125,9.403757095336914,8.061112403869629,7.563807487487793,6.764163494110107,5.958858489990234,5.174537181854248,4.777416229248047,4.179961681365967,3.960718870162964,3.906606435775757,3.237255573272705,2.9351210594177246,9213.0068359375,22.42422866821289,4.8349995613098145
160000,170001,17,3,251,133,0,23008.787109375,222.9861297607422,78.02958679199219,29.60457992553711,20.36817741394043,10.43019962310791,9.36713695526123,7.583459377288818,6.6737823486328125,5.650245189666748,5.264699935913086,4.6238813400268555,4.486718654632568,4.027445316314697,3.919877052307129,3.7105023860931396,3.2741761207580566,9716.390625,20.27236557006836,5.371978759765625
160000,170001,17,3,251,133,1,23018.345703125,224.73143005371094,78.7953872680664,29.289798736572266,20.160945892333984,11.111467361450195,8.748804092407227,8.058850288391113,6.579606056213379,6.129276752471924,5.695823669433594,5.2848124504089355,4.498562812805176,4.13525390625,3.8893470764160156,3.622802972793579,3.2823550701141357,9720.365234375,19.730100631713867,5.1222662925720215
165000,175001,17,3,255,138,0,23238.046875,232.52960205078125,75.3243408203125,28.5672664642334,15.043184280395508,9.685234069824219,8.582574844360352,6.813745975494385,6.350981712341309,5.40300989151001,4.981147766113281,4.492570400238037,4.039722919464111,3.893662214279175,3.554689645767212,3.436204433441162,3.132796287536621,9827.8662109375,20.766029357910156,4.601048469543457
165000,175001,17,3,255,138,1,23228.46484375,231.86668395996094,76.78106689453125,29.211769104003906,15.616704940795898,10.506616592407227,8.219528198242188,6.778730869293213,6.119258880615234,5.113588333129883,5.056766033172607,4.720889568328857,3.9720983505249023,3.8024299144744873,3.5708720684051514,3.3356425762176514,2.8697054386138916,9824.19921875,21.372873306274414,5.117220878601074
170000,180001,17,3,249,140,0,22516.439453125,218.1910400390625,83.00115203857422,26.203901290893555,20.918760299682617,12.404548645019531,9.820432662963867,7.552460670471191,6.629298686981201,5.783968448638916,5.1841511726379395,4.77315092086792,4.519166469573975,4.274255752563477,4.079420566558838,3.2625632286071777,3.164435863494873,9514.5029296875,20.324878692626953,5.842790126800537
170000,180001,17,3,249,140,1,22508.078125,217.00181579589844,82.61227416992188,26.34438705444336,21.078210830688477,10.878137588500977,9.382652282714844,7.019984245300293,6.377203941345215,5.422029972076416,4.850208759307861,4.087493896484375,3.848891258239746,3.7915544509887695,3.395728826522827,3.1493353843688965,2.9070568084716797,9511.1728515625,20.017498016357422,4.262423515319824
175000,185001,17,3,253,136,0,25176.318359375,238.2759246826172,74.36161041259766,25.918743133544922,14.578703880310059,9.997572898864746,8.155826568603516,8.115361213684082,6.760912895202637,5.865712642669678,5.240076541900635,4.370595455169678,4.1159515380859375,3.797640323638916,3.5399298667907715,3.3371942043304443,3.151991605758667,10638.4970703125,20.165321350097656,4.5469770431518555
175000,185001,17,3,253,136,1,25155.240234375,237.85446166992188,74.78118896484375,26.675376892089844,14.623376846313477,10.619114875793457,8.916038513183594,8.478788375854492,6.2980241775512695,5.811089515686035,5.051133155822754,4.559157371520996,4.338216304779053,4.027807235717773,3.552614450454712,3.3999388217926025,3.090568780899048,10630.6318359375,20.7042293548584,4.619834899902344
180000,190001,17,3,253,135,0,24225.107421875,218.40231323242188,67.92681884765625,37.93787384033203,21.159893035888672,11.784382820129395,8.01223087310791,6.581134796142578,6.128841400146484,5.645730495452881,5.199224948883057,4.373238563537598,3.7562460899353027,3.541435718536377,3.1882991790771484,2.9828882217407227,2.7608325481414795,10220.607421875,20.55888557434082,5.1541032791137695
180000,190001,17,3,253,135,1,24218.578125,217.3927459716797,67.76034545898438,36.57532501220703,20.800643920898438,12.308928489685059,7.5534586906433105,7.121789932250977,6.364664077758789,5.273804664611816,5.047694206237793,4.433221340179443,3.9389545917510986,3.485210657119751,3.3439481258392334,3.0785233974456787,2.8242225646972656,10217.611328125,20.602794647216797,5.7164530754089355
185000,195001,17,3,252,143,0,25064.29296875,230.9296417236328,78.44107818603516,34.697269439697266,18.802396774291992,11.690542221069336,8.115053176879883,7.361938953399658,6.904117107391357,6.11550760269165,5.443246841430664,5.093042850494385,4.812884330749512,4.701787948608398,4.169742107391357,4.022068023681641,3.6785190105438232,10581.8349609375,19.92620277404785,5.3468523025512695
185000,195001,17,3,252,143,1,25092.83984375,229.03762817382812,76.17842864990234,33.79022216796875,18.77802276611328,10.876228332519531,8.085451126098633,7.179782390594482,6.387550354003906,5.615520000457764,5.571242332458496,5.066586494445801,4.859862804412842,4.6262030601501465,4.249782085418701,3.7771828174591064,3.6794159412384033,10593.4541015625,21.24090003967285,5.218183994293213
190000,200001,17,3,252,156,0,25056.291015625,212.28395080566406,81.28693389892578,32.53580856323242,16.270565032958984,9.227423667907715,7.979389190673828,6.418539047241211,5.9058003425598145,5.45313024520874,4.725767612457275,4.594611167907715,4.2674455642700195,3.7999963760375977,3.575056552886963,3.241753101348877,3.1155972480773926,10573.35546875,21.320842742919922,4.932570934295654
190000,200001,17,3,252,156,1,25051.861328125,213.28468322753906,81.0260009765625,31.887123107910156,16.20161247253418,9.055368423461914,8.284749984741211,7.047058582305908,6.002405166625977,5.0388922691345215,4.799571990966797,4.5161519050598145,4.184732913970947,3.999903917312622,3.7394285202026367,3.107361316680908,3.0269415378570557,10571.044921875,21.080724716186523,4.526591777801514
195000,205001,17,3,251,141,0,24604.880859375,239.1665496826172,84.36065673828125,36.34584426879883,18.496971130371094,13.427560806274414,7.701550483703613,6.775089740753174,6.214515686035156,5.371819972991943,5.128337860107422,4.33717679977417,4.2390923500061035,4.074982166290283,3.396195888519287,3.1461057662963867,3.092900037765503,10392.1318359375,20.66432762145996,4.714476108551025
195000,205001,17,3,251,141,1,24616.251953125,241.20567321777344,86.95947265625,36.94453048706055,17.29134750366211,12.32668399810791,8.003111839294434,6.383084297180176,6.082061767578125,5.688783645629883,5.050061225891113,4.625586032867432,4.381858825683594,3.7668426036834717,3.5914015769958496,3.240588903427124,3.08243727684021,10396.5478515625,20.617708206176758,4.466536521911621
200000,210001,17,3,252,147,0,27636.564453125,237.96078491210938,90.46671295166016,32.29109191894531,19.74099349975586,14.269365310668945,8.84524154663086,6.2378830909729,5.927615165710449,5.160693168640137,4.872044086456299,4.376649379730225,4.301226615905762,3.726576805114746,3.516829252243042,3.309792995452881,3.1082353591918945,11679.0771484375,21.635387420654297,4.710628986358643
200000,210001,17,3,252,147,1,27634.416015625,237.63479614257812,90.22782897949219,32.6064453125,21.38300323486328,14.302666664123535,9.408143997192383,6.456117630004883,6.0713934898376465,5.552954196929932,5.134504318237305,4.900920867919922,4.285203456878662,4.20478630065918,3.891883611679077,3.481016159057617,3.3523201942443848,11678.4033203125,21.462862014770508,6.1871209144592285
205000,215001,17,3,253,142,0,28203.236328125,255.34213256835938,81.32113647460938,35.69472122192383,19.35251808166504,12.91948413848877,8.838739395141602,6.986213684082031,6.289432048797607,6.169472694396973,5.613218307495117,5.462797164916992,4.997652530670166,4.6662797927856445,4.312161922454834,3.8588547706604004,3.6355326175689697,11906.0166015625,24.012157440185547,6.21904182434082
205000,215001,17,3,253,142,1,28190.212890625,254.78240966796875,80.24027252197266,36.024715423583984,18.800691604614258,12.49901294708252,9.558886528015137,7.273314952850342,6.927642345428467,6.2559356689453125,5.8113555908203125,5.272035121917725,4.9097371101379395,4.5857253074646,4.162227153778076,3.900278329849243,3.7693135738372803,11900.8623046875,24.354421615600586,5.398194313049316
210000,220001,17,3,252,152,0,27603.130859375,225.142822265625,86.64030456542969,30.95040512084961,18.38627052307129,11.78940200805664,9.680892944335938,9.371444702148438,8.197031021118164,6.126859664916992,5.64447021484375,4.763366222381592,4.597498416900635,4.132616996765137,3.9455175399780273,3.7574708461761475,3.4073593616485596,11665.03515625,19.918148040771484,5.63435697555542
210000,220001,17,3,252,152,1,27621.884765625,223.67144775390625,86.07657623291016,31.89352035522461,18.360305786132812,11.988025665283203,10.302104949951172,8.295047760009766,7.045194625854492,6.835694313049316,5.967958927154541,5.540393829345703,5.092848300933838,4.541495323181152,4.148087978363037,3.8371737003326416,3.6502344608306885,11671.265625,20.69757843017578,6.042763710021973
215000,225001,17,3,253,147,0,27820.19921875,259.2895202636719,77.5418701171875,27.862817764282227,20.527402877807617,12.446579933166504,9.566516876220703,8.273222923278809,6.5642476081848145,6.287135124206543,5.811045169830322,5.3518548011779785,5.027207374572754,4.211102485656738,3.734076738357544,3.5360965728759766,3.4488120079040527,11757.5576171875,22.655120849609375,5.566600799560547
215000,225001,17,3,253,147,1,27844.6484375,260.1817321777344,78.9337387084961,29.482906341552734,21.2614803314209,14.405261993408203,10.5194091796875,9.332296371459961,7.206962585449219,6.851281642913818,6.338274955749512,5.166372776031494,5.02665901184082,4.586357593536377,4.35022497177124,3.7677571773529053,3.486786127090454,11768.2890625,22.103347778320312,5.399329662322998
220000,230001,17,3,252,155,0,28067.419921875,227.0865020751953,92.59486389160156,32.956600189208984,22.82642364501953,17.998502731323242,13.59282112121582,8.20174503326416,6.737621307373047,6.290060043334961,5.701990604400635,5.4515557289123535,4.942322254180908,4.247413635253906,3.831218957901001,3.811385154724121,3.4522619247436523,11831.4951171875,19.923330307006836,5.973310947418213
220000,230001,17,3,252,155,1,28101.529296875,226.24356079101562,92.01692962646484,32.99482727050781,22.965980529785156,17.331951141357422,11.674084663391113,8.880427360534668,6.762976169586182,6.472649574279785,5.4882659912109375,5.163548469543457,4.999197483062744,4.686943054199219,4.178586959838867,3.7088842391967773,3.593796968460083,11847.455078125,19.344688415527344,5.584992408752441
225000,235001,17,3,253,152,0,28441.458984375,230.7152862548828,85.43792724609375,34.03995132446289,22.57953453063965,11.1648588180542,10.081304550170898,9.757043838500977,8.298110961914062,7.049316883087158,6.422024250030518,5.095781326293945,4.9712934494018555,4.504729747772217,4.211735248565674,3.844789743423462,3.4220635890960693,12007.8291015625,21.86481475830078,6.846337795257568
225000,235001,17,3,253,152,1,28453.736328125,228.2505340576172,86.5216293334961,33.53772735595703,24.249662399291992,10.748051643371582,9.953028678894043,9.024682998657227,7.883060455322266,7.068087100982666,6.073366641998291,5.797142028808594,4.954598426818848,4.689039707183838,4.406885623931885,3.7186086177825928,3.161949634552002,12012.6083984375,21.70536231994629,6.632980823516846
230000,240001,17,3,252,167,0,28565.220703125,252.04391479492188,78.7408676147461,33.939659118652344,19.302759170532227,11.113649368286133,8.999930381774902,7.830048084259033,7.005151748657227,6.4275078773498535,6.39191198348999,5.198578357696533,4.839872360229492,4.637283802032471,4.382020950317383,4.241860389709473,3.532834053039551,12043.5966796875,22.032407760620117,6.325213432312012
230000,240001,17,3,252,167,1,28566.400390625,252.0262451171875,77.24302673339844,32.930809020996094,19.742128372192383,11.894636154174805,8.49296760559082,7.7760820388793945,7.294101715087891,6.594274997711182,5.740438461303711,5.426206111907959,5.280991554260254,4.583865165710449,4.353773593902588,4.076247692108154,3.6695339679718018,12043.8349609375,22.941972732543945,5.886287212371826
235000,245001,17,3,253,154,0,30461.5546875,252.357177734375,86.0018081665039,28.707233428955078,23.747098922729492,11.883362770080566,9.613337516784668,8.464362144470215,7.905328750610352,6.928228855133057,6.437372207641602,5.776902675628662,5.491427898406982,5.06403112411499,4.93939208984375,4.061009883880615,3.6459810733795166,12862.4306640625,21.50566291809082,6.669900894165039
235000,245001,17,3,253,154,1,30427.10546875,252.59896850585938,85.71715545654297,30.47766876220703,24.290040969848633,13.09253215789795,9.365402221679688,9.306400299072266,8.447275161743164,7.836085319519043,6.684898853302002,5.615888595581055,5.455136299133301,5.315370082855225,4.791446685791016,4.401764392852783,4.2599334716796875,12848.6689453125,22.1633358001709,6.034936428070068
240000,250001,17,3,250,154,0,28790.1484375,248.8778076171875,74.3598861694336,27.768823623657227,15.343905448913574,10.161322593688965,7.506984233856201,6.703087329864502,5.888474464416504,5.254103660583496,4.925373077392578,4.558435916900635,4.185838222503662,3.852897882461548,3.4223525524139404,3.190570831298828,2.8433446884155273,12150.26953125,20.236244201660156,4.622829914093018
240000,250001,17,3,250,154,1,28770.447265625,248.71751403808594,73.42569732666016,27.899736404418945,15.03993034362793,12.494136810302734,7.758030891418457,6.192953586578369,5.742985725402832,5.2816481590271,4.846553802490234,4.615481376647949,4.4381818771362305,3.9573662281036377,3.542856454849243,3.4495348930358887,3.087557792663574,12142.26171875,21.10230255126953,5.753775119781494
245000,255001,17,3,256,163,0,31167.841796875,239.411376953125,86.68635559082031,29.418638229370117,16.260950088500977,11.950339317321777,8.920071601867676,7.540388107299805,6.85084342956543,6.052464962005615,5.858758449554443,5.363144874572754,5.079375743865967,4.896060943603516,4.365353107452393,4.067074775695801,3.263792037963867,13160.916015625,26.21889305114746,6.041492938995361
245000,255001,17,3,256,163,1,31161.90625,238.52899169921875,85.90125274658203,30.85943031311035,17.131582260131836,11.259992599487305,9.105649948120117,7.649094581604004,6.761867046356201,6.4712910652160645,5.929948806762695,5.410772800445557,5.3001532554626465,4.886318683624268,4.178144931793213,3.7919745445251465,3.548049211502075,13157.8515625,25.846769332885742,6.986959934234619
250000,260001,17,3,252,154,0,31077.37890625,237.47427368164062,81.52876281738281,28.269197463989258,15.715216636657715,10.700550079345703,7.931201934814453,7.3990607261657715,6.145446300506592,5.718245029449463,5.05165433883667,4.559493541717529,4.4037604331970215,3.926387071609497,3.6534252166748047,3.307659387588501,3.1464426517486572,13116.6953125,21.9148006439209,5.054138660430908
250000,260001,17,3,252,154,1,31075.669921875,237.3293914794922,81.01033782958984,28.76214599609375,16.27216911315918,10.661454200744629,7.733795166015625,7.0498809814453125,6.923877239227295,5.926588535308838,5.6427836418151855,5.15227746963501,4.539215564727783,4.152055740356445,3.997885227203369,3.708327054977417,3.348533868789673,13116.189453125,21.941265106201172,4.690456867218018
255000,265001,17,3,252,171,0,31111.490234375,241.4667510986328,73.59225463867188,27.586292266845703,14.655549049377441,11.051898956298828,8.28048038482666,6.6741461753845215,5.959137916564941,5.720001697540283,4.7923054695129395,4.4109039306640625,4.138328552246094,3.993177652359009,3.6995177268981934,3.386155366897583,3.147911787033081,13119.7294921875,19.285497665405273,4.918837547302246
255000,265001,17,3,252,171,1,31102.814453125,240.64968872070312,73.40689849853516,28.13393211364746,15.586064338684082,12.466443061828613,8.113280296325684,7.014638900756836,6.0234150886535645,5.649891376495361,4.963534832000732,4.456995487213135,3.8218321800231934,3.725928544998169,3.658299446105957,3.326099157333374,3.1416990756988525,13117.810546875,21.302215576171875,5.075830936431885
260000,270001,17,3,255,163,0,32427.1640625,261.07135009765625,78.15547943115234,29.421438217163086,19.839248657226562,14.0099515914917,8.505785942077637,8.34886646270752,7.557208061218262,6.181376934051514,5.239160060882568,5.1400275230407715,4.642587661743164,4.424211025238037,3.9655163288116455,3.6964292526245117,3.2643747329711914,13670.783203125,20.82280731201172,5.025284767150879
260000,270001,17,3,255,163,1,32387.373046875,260.37713623046875,78.14543151855469,28.234556198120117,20.56566619873047,12.001361846923828,8.895966529846191,7.689926624298096,6.969218730926514,6.114476680755615,5.743907451629639,4.816588878631592,4.270146369934082,3.9823503494262695,3.8322203159332275,3.543074131011963,3.3486666679382324,13653.92578125,20.844207763671875,5.510688304901123
265000,275001,17,3,253,167,0,31317.9453125,220.90530395507812,84.90621948242188,25.994932174682617,20.33221435546875,12.037971496582031,8.676136016845703,7.833487510681152,6.424437046051025,5.988977909088135,5.527790069580078,5.36793327331543,4.08899450302124,3.894562005996704,3.707141160964966,3.390484094619751,2.936148166656494,13215.3818359375,23.30171012878418,5.353320598602295
265000,275001,17,3,253,167,1,31307.654296875,221.44699096679688,82.91292572021484,27.325393676757812,19.24518394470215,11.5213041305542,7.824002742767334,7.504842758178711,7.0250444412231445,6.58886194229126,5.290441989898682,4.943466663360596,4.555079936981201,4.093752384185791,3.840111494064331,3.40035080909729,3.262869358062744,13211.189453125,22.88368034362793,5.501927852630615
270000,280001,17,3,254,164,0,32475.2421875,224.84007263183594,72.25299072265625,35.30134582519531,19.07547378540039,11.03354549407959,9.431687355041504,8.083284378051758,6.770388603210449,5.816936016082764,5.029465198516846,4.6123833656311035,4.313721179962158,3.902169704437256,3.6237757205963135,3.5637388229370117,3.3629653453826904,13702.740234375,19.596153259277344,5.292971611022949
270000,280001,17,3,254,164,1,32489.240234375,225.48239135742188,72.85487365722656,34.21459197998047,19.9316463470459,10.28331470489502,8.664688110351562,7.543524265289307,6.664527893066406,5.908474445343018,5.002503871917725,4.669334888458252,4.490540027618408,4.283732891082764,3.893468141555786,3.5093443393707275,3.2618789672851562,13709.177734375,19.522632598876953,5.102331161499023
275000,285001,17,3,252,169,0,32050.345703125,214.85198974609375,100.65526580810547,35.3940315246582,16.402997970581055,11.917332649230957,9.008076667785645,7.146356582641602,6.320016860961914,5.870424270629883,5.190552234649658,4.917246341705322,4.59624719619751,4.048681735992432,3.6440517902374268,3.204876661300659,2.9839231967926025,13505.3359375,23.329818725585938,5.785849571228027
275000,285001,17,3,252,169,1,32060.953125,215.03221130371094,100.69473266601562,34.763885498046875,16.237098693847656,11.473526000976562,7.910850524902344,7.118957042694092,6.495316028594971,5.748568534851074,5.633674144744873,5.294382095336914,4.310381889343262,4.170456409454346,3.5872883796691895,3.2981817722320557,2.914708375930786,13510.703125,23.655012130737305,6.242303371429443
280000,290001,17,3,254,163,0,32844.6484375,230.0010986328125,82.82915496826172,29.27313804626465,19.520503997802734,10.959965705871582,8.993555068969727,7.289980888366699,6.206705570220947,5.488582134246826,5.0269341468811035,4.605400562286377,4.327583312988281,3.9449830055236816,3.4761455059051514,3.242701292037964,2.8019564151763916,13851.83203125,20.635087966918945,5.041306018829346
280000,290001,17,3,254,163,1,32820.27734375,228.80845642089844,83.1485366821289,30.423704147338867,19.730276107788086,10.725640296936035,8.912970542907715,6.776646137237549,6.15922212600708,5.308277606964111,4.696761131286621,4.562891960144043,4.07630729675293,3.9435596466064453,3.738142490386963,3.555877447128296,3.140357494354248,13840.6240234375,20.16796112060547,4.943426132202148
285000,295001,17,3,254,170,0,33607.3125,244.6726837158203,93.77603912353516,32.25257873535156,15.847463607788086,9.783393859863281,7.734138011932373,6.543331146240234,6.086211681365967,5.063898086547852,4.658100605010986,4.2865986824035645,4.003956317901611,3.510932683944702,3.4591681957244873,3.221651315689087,2.900350332260132,14187.3232421875,22.565956115722656,3.9840099811553955
285000,295001,17,3,254,170,1,33586.76953125,245.73399353027344,94.17398834228516,31.68370819091797,15.883148193359375,8.941055297851562,8.142736434936523,7.035131931304932,6.106942653656006,5.304818630218506,5.054974555969238,4.095998287200928,3.8950302600860596,3.7360165119171143,3.5915873050689697,3.49039626121521,2.8821189403533936,14178.90234375,23.011905670166016,4.329870223999023
290000,300001,17,3,249,167,0,33597.40234375,200.62161254882812,80.75951385498047,31.67852783203125,17.480487823486328,10.793027877807617,6.740345001220703,6.393858909606934,5.118824481964111,4.212332248687744,3.8439888954162598,3.6571247577667236,3.5448875427246094,3.22774076461792,3.099334478378296,2.9629693031311035,2.7317311763763428,14160.0595703125,18.597431182861328,3.8808236122131348
290000,300001,17,3,249,167,1,33576.26171875,200.36557006835938,80.76649475097656,33.42765426635742,17.285842895507812,10.544047355651855,6.764067649841309,5.520568370819092,4.623281002044678,4.4530487060546875,3.8159968852996826,3.3967881202697754,3.2884297370910645,3.0996220111846924,3.0751445293426514,2.8652098178863525,2.6158511638641357,14150.5966796875,19.218862533569336,3.614621877670288
295000,305001,17,3,254,184,0,34179.4140625,251.2950897216797,88.32955169677734,31.173263549804688,15.974300384521484,10.541424751281738,7.213059902191162,6.753206253051758,5.870195388793945,5.357513427734375,4.998533248901367,4.50960636138916,4.250495910644531,3.9418890476226807,3.5756218433380127,3.3290328979492188,3.0613038539886475,14397.4541015625,22.205242156982422,5.619900226593018
295000,305001,17,3,254,184,1,34169.61328125,251.46685791015625,88.05210876464844,31.02773094177246,17.230485916137695,11.380678176879883,8.344917297363281,6.267269611358643,6.121708869934082,5.922173976898193,5.216312885284424,4.950990676879883,4.482077598571777,4.160902976989746,3.9184980392456055,3.373469591140747,3.0348894596099854,14393.55078125,22.98723793029785,5.757902145385742
300000,310001,17,3,252,165,0,35159.59765625,237.19580078125,76.63422393798828,30.124130249023438,15.917542457580566,8.759528160095215,7.076084136962891,6.373112678527832,5.415369510650635,4.465427875518799,3.7975850105285645,3.6080217361450195,3.3882157802581787,3.246114730834961,2.980726718902588,2.8136069774627686,2.6545157432556152,14822.228515625,21.680065155029297,3.922117233276367
300000,310001,17,3,252,165,1,35175.03515625,237.54202270507812,76.2657699584961,28.216890335083008,15.632295608520508,9.157909393310547,7.18143892288208,5.719341278076172,4.8868207931518555,4.418147087097168,3.982405662536621,3.7024221420288086,3.4119820594787598,3.2688493728637695,3.061305522918701,2.788403272628784,2.496752977371216,14828.9951171875,21.04265594482422,4.0529584884643555
305000,315001,17,3,252,182,0,34278.1953125,227.63021850585938,89.93309020996094,29.482460021972656,19.311201095581055,9.561335563659668,8.585363388061523,7.006990432739258,6.802097320556641,5.655856132507324,5.090272426605225,4.793625831604004,4.402562141418457,4.289768695831299,3.6475534439086914,3.255730152130127,3.0138537883758545,14433.341796875,20.29006576538086,5.213713645935059
305000,315001,17,3,252,182,1,34275.25,227.7078857421875,88.48448944091797,32.0435905456543,18.945388793945312,10.93972110748291,8.873942375183105,7.450475215911865,7.256470203399658,6.047731876373291,5.098519325256348,4.418326377868652,4.051724910736084,3.806246519088745,3.57035231590271,3.202829360961914,2.9056949615478516,14431.513671875,21.02902603149414,5.33986759185791
310000,320001,17,3,249,172,0,35120.7109375,247.49464416503906,84.93389129638672,30.996273040771484,19.241680145263672,13.960091590881348,12.975356101989746,7.007451057434082,6.908812046051025,5.953532695770264,4.379948616027832,4.031765937805176,3.882305145263672,3.748399496078491,3.2483787536621094,3.0482733249664307,2.864283561706543,14811.685546875,21.30454444885254,6.691039562225342
310000,320001,17,3,249,172,1,35063.84765625,244.81748962402344,84.33673095703125,29.667814254760742,19.28369903564453,13.33449649810791,10.987689971923828,7.223498821258545,6.403236389160156,5.950143337249756,4.7754807472229,4.384807586669922,4.174781799316406,3.7887942790985107,3.414929151535034,3.363063335418701,2.726210355758667,14786.6962890625,21.11592674255371,6.200246810913086
315000,325001,17,3,252,172,0,35270.2734375,243.33932495117188,84.79084777832031,29.84491729736328,16.85501480102539,11.356740951538086,8.692811965942383,5.719558238983154,5.456717014312744,4.999343395233154,4.559275150299072,4.252924919128418,3.9160399436950684,3.441009521484375,3.2263343334198,2.849498987197876,2.666476011276245,14866.8740234375,23.625146865844727,5.258023262023926
315000,325001,17,3,252,172,1,35248.078125,242.08578491210938,83.52263641357422,29.700294494628906,17.434537887573242,13.829591751098633,10.029823303222656,6.359671115875244,5.513585090637207,5.133912086486816,5.000877857208252,4.449729919433594,3.8435890674591064,3.579897165298462,3.3767895698547363,3.111034870147705,2.981229066848755,14857.634765625,22.92222023010254,5.5437445640563965
320000,330001,17,3,248,172,0,34832.19140625,222.40646362304688,79.78831481933594,29.373872756958008,14.738014221191406,9.164958953857422,7.727298736572266,7.501257419586182,6.177342414855957,5.94158935546875,5.251824855804443,4.5149760246276855,4.2912278175354,3.950775384902954,3.6126532554626465,3.2777514457702637,3.0771546363830566,14683.48828125,20.379640579223633,6.527353286743164
320000,330001,17,3,248,172,1,34835.16796875,222.09426879882812,82.33199310302734,28.71508026123047,15.507370948791504,9.642364501953125,7.893165111541748,6.534008026123047,6.178054332733154,5.224681377410889,4.7103166580200195,4.13542366027832,3.6521506309509277,3.422351598739624,3.2517199516296387,2.9093589782714844,2.829857587814331,14684.9765625,21.050029754638672,5.699283123016357
325000,335001,17,3,252,178,0,35885.125,238.49972534179688,90.48513793945312,28.30643081665039,14.7943754196167,10.327000617980957,7.574160575866699,6.824517250061035,5.780170917510986,4.807974338531494,4.428644180297852,4.349209308624268,4.031978607177734,3.6022324562072754,3.4567134380340576,3.1111505031585693,2.87396240234375,15125.908203125,22.168188095092773,5.135858058929443
325000,335001,17,3,252,178,1,35920.90625,240.99655151367188,91.16839599609375,27.826608657836914,15.230233192443848,9.75037956237793,7.081882953643799,6.183626174926758,5.996515274047852,5.500025749206543,4.858311176300049,4.167606353759766,4.146653175354004,3.628650426864624,3.0382328033447266,2.7890820503234863,2.6570661067962646,15140.8583984375,22.288501739501953,3.93380069732666
330000,340001,17,3,253,182,0,36461.39453125,210.77052307128906,89.06366729736328,29.448150634765625,16.84062957763672,9.848477363586426,7.708678245544434,6.181466102600098,5.4907426834106445,4.830942630767822,4.184789180755615,4.051259994506836,4.003129482269287,3.5076184272766113,3.126150608062744,2.9241111278533936,2.7688980102539062,15359.77734375,21.01405906677246,5.197341442108154
330000,340001,17,3,253,182,1,36474.48828125,209.58517456054688,88.1328125,29.537885665893555,15.328701972961426,9.481096267700195,7.484040260314941,6.319693088531494,5.453013896942139,4.852606773376465,4.190450191497803,3.7398924827575684,3.2071518898010254,3.0444421768188477,2.814802408218384,2.7150356769561768,2.425103187561035,15366.125,20.33608055114746,4.705662250518799
335000,345001,17,3,254,180,0,36909.484375,235.70700073242188,80.83610534667969,29.24684715270996,15.668571472167969,10.2029390335083,7.955665111541748,6.261145114898682,5.3771185874938965,4.924872875213623,4.507596969604492,4.207967281341553,3.774411916732788,3.317298412322998,3.165343999862671,2.972501039505005,2.6554973125457764,15558.6318359375,21.395736694335938,4.787678241729736
335000,345001,17,3,254,180,1,36893.25,235.1455535888672,82.10621643066406,30.026294708251953,16.60470199584961,8.683650970458984,7.624552249908447,6.520226955413818,5.10806941986084,4.336849689483643,3.8219807147979736,3.6576337814331055,3.4100749492645264,3.163100004196167,2.9819300174713135,2.8360097408294678,2.5723483562469482,15551.99609375,22.374013900756836,3.8908190727233887
340000,350001,17,3,248,178,0,36272.98828125,240.40060424804688,83.54918670654297,26.98318862915039,17.33966827392578,8.721100807189941,6.312199115753174,6.133439064025879,5.2981977462768555,4.631285190582275,4.15620756149292,3.8388240337371826,3.315438747406006,2.9212634563446045,2.900423049926758,2.850620985031128,2.456427574157715,15287.9921875,22.63495635986328,4.368349552154541
340000,350001,17,3,248,178,1,36246.08984375,237.87513732910156,83.2510757446289,29.286075592041016,16.345775604248047,8.238846778869629,6.42109489440918,6.334874153137207,5.392545700073242,4.991179466247559,4.266984462738037,3.906219482421875,3.5751895904541016,3.22853946685791,3.116987466812134,2.9829840660095215,2.658327341079712,15277.4306640625,22.494461059570312,4.777513027191162
345000,355001,17,3,253,182,0,37415.96875,234.12881469726562,86.9527359008789,31.95667839050293,16.998226165771484,10.258502006530762,8.020459175109863,6.162278175354004,5.403727054595947,5.2206196784973145,4.705240249633789,4.169785022735596,3.8758111000061035,3.724782943725586,3.312869071960449,3.0824482440948486,2.640512228012085,15783.6220703125,21.88448143005371,4.525416374206543
345000,355001,17,3,253,182,1,37430.52734375,233.94395446777344,86.24049377441406,30.729793548583984,16.267175674438477,9.938910484313965,7.533903121948242,6.126252174377441,5.081974983215332,5.007538795471191,4.530037879943848,4.193820476531982,3.771135091781616,3.3512301445007324,3.0550549030303955,2.7292697429656982,2.6387863159179688,15789.7802734375,21.80830192565918,3.9058079719543457
350000,360001,17,3,252,181,0,37448.79296875,217.70050048828125,78.18303680419922,30.227663040161133,17.799169540405273,9.666600227355957,6.86840295791626,6.086458683013916,5.925513744354248,4.512031078338623,4.419611930847168,4.002015590667725,3.8936245441436768,3.294928789138794,2.989570379257202,2.800410747528076,2.4754459857940674,15780.8330078125,19.60487174987793,4.168609142303467
350000,360001,17,3,252,181,1,37475.63671875,217.05421447753906,78.77470397949219,29.04042625427246,17.132715225219727,8.878661155700684,7.424436092376709,6.458995342254639,5.710590839385986,4.9503703117370605,4.259376049041748,4.100068092346191,3.8682665824890137,3.426560640335083,3.264721632003784,2.9794938564300537,2.718749523162842,15791.8857421875,19.865863800048828,4.435842037200928
355000,365001,17,3,251,179,0,37374.0234375,227.69309997558594,84.01715850830078,29.02781105041504,13.89433479309082,7.949945449829102,6.335622787475586,5.544788837432861,4.6980791091918945,4.361311435699463,4.066320896148682,3.8060691356658936,3.664968967437744,3.378241539001465,3.050884485244751,2.9475786685943604,2.6960389614105225,15749.6884765625,22.504819869995117,4.066713333129883
355000,365001,17,3,251,179,1,37363.53515625,226.3348846435547,84.47274017333984,30.81942367553711,15.102583885192871,8.601338386535645,7.069088935852051,6.184895992279053,5.644231796264648,4.526304721832275,4.360998153686523,3.555673122406006,3.4448020458221436,3.28238582611084,2.9609789848327637,2.669363498687744,2.528989791870117,15745.24609375,23.17296600341797,4.472441673278809
360000,370001,17,3,254,190,0,37449.20703125,224.1043243408203,65.98670196533203,23.056190490722656,12.949305534362793,7.905061721801758,5.982381820678711,4.960699081420898,4.698383808135986,4.190644264221191,3.873237371444702,3.563652515411377,3.2359354496002197,3.0200724601745605,2.820559501647949,2.707205295562744,2.5579235553741455,15780.021484375,17.51226234436035,4.005955696105957
360000,370001,17,3,254,190,1,37429.890625,222.72561645507812,67.24689483642578,24.39068031311035,13.169474601745605,7.301885604858398,6.185248851776123,5.5110979080200195,5.034590721130371,4.320379734039307,3.6338515281677246,3.463772773742676,3.063063621520996,3.033531665802002,2.81343412399292,2.5968856811523438,2.268275022506714,15771.6611328125,17.5433292388916,3.712644338607788
365000,375001,17,3,250,181,0,37734.42578125,236.1355438232422,87.51354217529297,28.10868263244629,15.936979293823242,10.293725967407227,6.629554271697998,6.198083400726318,5.234614372253418,4.866861820220947,4.182188034057617,3.7557482719421387,3.482419729232788,3.227630615234375,3.130572557449341,3.076641321182251,2.7637648582458496,15906.1025390625,22.16012954711914,4.784986972808838
365000,375001,17,3,250,181,1,37740.875,233.8946990966797,87.08850860595703,28.02358055114746,15.721564292907715,9.243487358093262,8.326197624206543,7.408504486083984,6.087760925292969,5.42477560043335,5.174729824066162,4.737931728363037,3.8993337154388428,3.88289213180542,3.6584997177124023,3.382474660873413,3.223883628845215,15909.2080078125,21.38616180419922,4.9907636642456055
370000,380001,17,3,251,190,0,37898.75390625,253.94715881347656,77.14116668701172,26.136995315551758,13.070756912231445,8.8082914352417,6.38031530380249,6.009488582611084,5.434084892272949,4.420855522155762,3.972426652908325,3.4559717178344727,3.2859323024749756,2.878434419631958,2.6207737922668457,2.3580427169799805,1.9634106159210205,15975.7060546875,21.766502380371094,4.561973571777344
370000,380001,17,3,251,190,1,37880.50390625,253.09326171875,77.81490325927734,26.520492553710938,13.40357780456543,8.441725730895996,6.4116997718811035,6.02992057800293,5.591096878051758,4.300468444824219,3.6065263748168945,3.46227765083313,3.1651763916015625,2.8824524879455566,2.721372127532959,2.522125244140625,2.193918228149414,15968.1025390625,22.157676696777344,4.303504467010498
375000,385001,17,3,253,179,0,38804.05078125,251.9827117919922,87.55565643310547,24.68708610534668,12.778650283813477,8.22280216217041,6.187278747558594,5.668664932250977,5.086380958557129,4.088009834289551,3.748851776123047,3.5755038261413574,3.298781156539917,3.036482334136963,2.7898545265197754,2.582664728164673,2.30588698387146,16356.0068359375,21.295272827148438,4.701839447021484
375000,385001,17,3,253,179,1,38829.65234375,249.8531494140625,86.57290649414062,24.06403350830078,13.79830551147461,8.492504119873047,6.850212097167969,5.833357334136963,4.910017967224121,4.3773322105407715,3.7556393146514893,3.2305476665496826,3.0286903381347656,2.8351643085479736,2.627150058746338,2.3637962341308594,2.3109588623046875,16367.421875,21.04991912841797,4.514773368835449
380000,390001,17,3,252,188,0,38395.578125,246.05747985839844,85.2399673461914,26.002185821533203,16.12869644165039,12.208775520324707,6.632976531982422,6.044500827789307,4.824215888977051,4.606498718261719,3.84258770942688,3.1924145221710205,2.9790000915527344,2.792558431625366,2.625621795654297,2.377990245819092,2.2095694541931152,16192.109375,22.060503005981445,3.546909809112549
380000,390001,17,3,252,188,1,38424.3203125,244.7251739501953,83.77806854248047,28.03024673461914,17.106595993041992,11.470951080322266,8.000266075134277,6.759125709533691,6.055062294006348,4.984982967376709,4.829432487487793,3.66597056388855,3.3112306594848633,3.1784114837646484,2.7928667068481445,2.7781219482421875,2.5327823162078857,16204.3212890625,22.419727325439453,4.374856472015381
385000,395001,17,3,252,182,0,39500.265625,222.22561645507812,86.41204833984375,28.01297378540039,14.39840030670166,9.327807426452637,6.457895278930664,5.748820781707764,5.039104461669922,4.817570209503174,4.181787014007568,3.6280128955841064,3.5725388526916504,3.1557440757751465,3.0327277183532715,2.6765403747558594,2.2829930782318115,16657.1796875,20.211471557617188,3.8702945709228516
385000,395001,17,3,252,182,1,39495.5078125,221.74278259277344,85.2754135131836,28.290494918823242,14.454005241394043,8.989322662353516,7.3768768310546875,5.863864421844482,4.697023391723633,3.9773857593536377,3.6263625621795654,3.356616258621216,3.0759167671203613,2.963890790939331,2.81970477104187,2.685889959335327,2.539973497390747,16655.509765625,20.516319274902344,3.720331907272339
390000,400001,17,3,254,185,0,39731.65625,234.8315887451172,79.42752838134766,26.481225967407227,17.17143440246582,10.93589973449707,7.120110511779785,6.573947429656982,5.334272384643555,4.768772125244141,4.144160270690918,3.7417993545532227,3.394601345062256,2.9993529319763184,2.777777910232544,2.6528027057647705,2.478135585784912,16738.47265625,19.337549209594727,4.201719284057617
390000,400001,17,3,254,185,1,39721.70703125,234.2903289794922,79.2865982055664,26.841846466064453,16.595611572265625,10.030932426452637,6.424868106842041,5.872037410736084,4.779263496398926,4.198569297790527,3.926776885986328,3.677149772644043,3.3172032833099365,2.8776044845581055,2.669487476348877,2.565108299255371,2.3366751670837402,16733.6796875,19.021434783935547,3.983269453048706
395000,405001,17,3,250,183,0,39660.23828125,240.87969970703125,89.53369903564453,26.221965789794922,18.094335556030273,8.332056045532227,7.262567520141602,5.1741108894348145,4.378138065338135,4.037768363952637,3.9075167179107666,3.4145452976226807,3.1828980445861816,2.898833990097046,2.7104103565216064,2.529575824737549,2.3651719093322754,16729.8984375,20.83501625061035,3.659393310546875
395000,405001,17,3,250,183,1,39679.37890625,240.9812774658203,88.1532974243164,25.573354721069336,17.11958122253418,7.823141098022461,7.564995288848877,4.560402870178223,4.3963422775268555,4.226426124572754,3.9958767890930176,3.8133461475372314,3.376594066619873,3.204275131225586,2.7594377994537354,2.735078811645508,2.6227869987487793,16738.322265625,20.772663116455078,3.917344093322754
400000,410001,17,3,252,191,0,39931.71484375,247.59515380859375,77.65918731689453,32.99774169921875,14.886626243591309,10.13299560546875,7.4699625968933105,5.658749103546143,4.820224285125732,4.473824501037598,4.203814506530762,3.8686270713806152,3.368034601211548,3.2100155353546143,2.953514575958252,2.7423110008239746,2.2729876041412354,16817.896484375,22.16650390625,3.847508668899536
400000,410001,17,3,252,191,1,39920.78515625,245.9931182861328,77.66793823242188,33.06988525390625,15.780445098876953,10.942968368530273,6.82991886138916,5.869234561920166,5.594414710998535,4.737796306610107,4.379376411437988,3.8158202171325684,3.4858086109161377,3.1444613933563232,2.997486114501953,2.8165416717529297,2.6138105392456055,16812.904296875,22.17169189453125,6.727832794189453
405000,415001,17,3,248,196,0,40116.09765625,233.83316040039062,87.75563049316406,30.227718353271484,16.395465850830078,8.941181182861328,7.6791672706604,5.058361530303955,4.932289123535156,4.253597259521484,3.935161590576172,3.6631486415863037,3.4754040241241455,3.1517839431762695,2.826549530029297,2.7564380168914795,2.3995838165283203,16901.775390625,23.72797393798828,3.7844393253326416
405000,415001,17,3,248,196,1,40122.26953125,232.3590850830078,88.26016235351562,29.48729133605957,15.917811393737793,9.435785293579102,6.521735668182373,4.827245235443115,4.460090160369873,4.026022911071777,3.7782483100891113,3.372551679611206,3.0110692977905273,2.876535654067993,2.783442735671997,2.586369037628174,2.1152517795562744,16904.01953125,23.702619552612305,4.082563400268555
410000,420001,17,3,254,197,0,40408.0703125,246.38510131835938,90.85890197753906,30.29155158996582,14.258716583251953,9.603975296020508,6.261733055114746,5.070664882659912,4.585273742675781,3.9489500522613525,3.827327013015747,3.5442824363708496,3.3613853454589844,3.189666748046875,2.7834243774414062,2.4596495628356934,2.1089274883270264,17030.94140625,22.964406967163086,3.6578266620635986
410000,420001,17,3,254,197,1,40346.64453125,245.14842224121094,89.33966064453125,28.736047744750977,13.2119722366333,8.55107307434082,6.103382110595703,5.575623512268066,4.45848274230957,4.2668232917785645,3.714282512664795,3.6124024391174316,3.4242398738861084,2.969590425491333,2.9231653213500977,2.624156951904297,2.4076051712036133,17004.724609375,22.168956756591797,3.6926403045654297
415000,425001,17,3,245,186,0,39904.5859375,229.9690704345703,78.14617156982422,25.25083351135254,11.399116516113281,7.701012134552002,5.1496782302856445,4.372686862945557,4.211996078491211,3.482057571411133,3.185911178588867,3.0694808959960938,2.8021926879882812,2.5484986305236816,2.32067608833313,2.19793963432312,1.9265602827072144,16804.818359375,18.182605743408203,3.592064142227173
415000,425001,17,3,245,186,1,39929.15625,228.72720336914062,76.92281341552734,26.540664672851562,11.174572944641113,8.171196937561035,5.2026143074035645,4.246500492095947,3.6083147525787354,3.379880666732788,3.2410943508148193,3.1456406116485596,2.9562957286834717,2.762143135070801,2.697272777557373,2.5497379302978516,2.087728500366211,16814.7734375,18.540027618408203,3.6256213188171387
420000,430001,17,3,254,189,0,41200.56640625,283.3090515136719,89.11105346679688,31.22635269165039,18.25858497619629,13.202669143676758,8.010791778564453,5.654164791107178,5.158708095550537,4.84379243850708,4.163517475128174,3.792059898376465,3.5427801609039307,3.391047954559326,3.108565092086792,2.8225457668304443,2.419384717941284,17382.390625,24.613971710205078,3.5456058979034424
420000,430001,17,3,254,189,1,41199.6484375,284.6267395019531,88.77383422851562,32.578670501708984,19.426816940307617,13.846355438232422,7.048505783081055,5.538486480712891,5.120096206665039,4.516676425933838,4.083264350891113,3.7212870121002197,3.557451009750366,3.139946222305298,3.1000428199768066,2.82258939743042,2.4458327293395996,17383.1171875,25.679393768310547,3.6721103191375732
425000,435001,17,3,249,186,0,41588.62890625,258.7128601074219,89.0965576171875,27.046178817749023,15.497364044189453,8.704212188720703,6.895974636077881,6.7030439376831055,5.250967502593994,4.726613521575928,4.315798759460449,3.7627809047698975,3.5440280437469482,3.3000645637512207,3.082987070083618,2.586773633956909,2.102639675140381,17528.62109375,22.330501556396484,4.774481296539307
425000,435001,17,3,249,186,1,41635.50390625,258.4452209472656,90.29338073730469,27.562307357788086,15.262725830078125,8.974961280822754,6.738534450531006,5.630227565765381,4.985292434692383,4.457332134246826,3.980931520462036,3.48026180267334,3.147780179977417,3.070627450942993,2.659599542617798,2.3857243061065674,2.1845388412475586,17547.345703125,22.19955825805664,3.778181314468384
430000,440001,17,3,249,192,0,41651.84375,274.688232421875,91.96281433105469,31.375139236450195,15.485280990600586,9.888118743896484,6.807948589324951,5.7994794845581055,4.6693525314331055,3.809253692626953,3.649480104446411,3.318190813064575,3.2904467582702637,2.8902251720428467,2.7324588298797607,2.5831596851348877,2.0863349437713623,17547.97265625,23.018362045288086,3.665459632873535
430000,440001,17,3,249,192,1,41670.2578125,275.54388427734375,92.19963836669922,31.351821899414062,15.958135604858398,9.775925636291504,6.911464214324951,5.064043045043945,4.337930679321289,4.101840972900391,3.6804275512695312,3.422136068344116,3.340461492538452,3.0332887172698975,2.86272931098938,2.4271888732910156,2.343850612640381,17556.375,23.171226501464844,3.7412095069885254
435000,445001,17,3,252,195,0,42140.0859375,255.9322967529297,87.46381378173828,30.713573455810547,16.34126853942871,9.915580749511719,7.56639289855957,6.0652642250061035,5.374743461608887,4.67970609664917,4.230024814605713,3.5368261337280273,3.482508420944214,3.2555203437805176,2.89522647857666,2.45418381690979,2.3503119945526123,17758.1015625,20.99769401550293,4.033597469329834
435000,445001,17,3,252,195,1,42110.5859375,256.63043212890625,86.52489471435547,30.942047119140625,17.430212020874023,10.73499584197998,6.769563674926758,5.175228595733643,4.810379981994629,4.32039213180542,4.050420761108398,3.3570055961608887,3.137547492980957,2.96748423576355,2.7778024673461914,2.4264745712280273,2.370549440383911,17745.7734375,21.905750274658203,3.6587955951690674
440000,450001,17,3,251,192,0,41670.16015625,246.96871948242188,79.83499908447266,29.910869598388672,14.335033416748047,9.330693244934082,6.149336814880371,5.517685890197754,4.201084136962891,3.860933542251587,3.2570173740386963,3.1121411323547363,2.8224165439605713,2.711272954940796,2.3906853199005127,2.249729871749878,1.9097226858139038,17570.46484375,19.395526885986328,3.713238477706909
440000,450001,17,3,251,192,1,41714.94140625,246.81478881835938,80.24940490722656,29.140134811401367,14.418587684631348,9.329272270202637,6.156917095184326,4.965377330780029,4.5373711585998535,4.218814849853516,3.5097873210906982,2.965242862701416,2.7330892086029053,2.606501340866089,2.466909646987915,2.3094284534454346,1.9344381093978882,17589.369140625,20.008167266845703,3.9539480209350586
445000,455001,17,3,252,178,0,42971.3203125,248.63792419433594,91.59427642822266,33.12586212158203,15.900907516479492,9.410600662231445,6.812196254730225,5.253722190856934,4.668930530548096,3.8879942893981934,3.743804693222046,3.4064316749572754,3.1831040382385254,2.927997589111328,2.6540608406066895,2.2973155975341797,2.269320487976074,18098.98046875,23.4271297454834,3.476423501968384
445000,455001,17,3,252,178,1,43000.87890625,249.6945037841797,92.53890228271484,33.960296630859375,15.991767883300781,9.44827651977539,7.165948867797852,5.10807991027832,4.88240385055542,4.629341125488281,4.2868523597717285,3.8224222660064697,3.015221118927002,2.857163906097412,2.7550623416900635,2.6205906867980957,2.528303384780884,18112.12890625,22.88935661315918,3.8758323192596436
450000,460001,17,3,255,195,0,42812.25390625,228.16506958007812,91.74535369873047,25.821834564208984,13.433469772338867,9.985672950744629,5.973339557647705,4.613919258117676,4.439189434051514,3.877875566482544,3.6827199459075928,3.4338977336883545,3.1553609371185303,2.703209400177002,2.58516788482666,2.373107433319092,2.3606269359588623,18043.6015625,19.47670555114746,3.8131511211395264
450000,460001,17,3,255,195,1,42818.85546875,228.1433868408203,92.39957427978516,25.87001609802246,13.208128929138184,9.350068092346191,6.1147003173828125,5.618560791015625,4.491098880767822,4.216333866119385,3.5431766510009766,3.38431453704834,2.6547179222106934,2.5875911712646484,2.5299859046936035,2.2535128593444824,1.823922872543335,18047.02734375,19.59345817565918,4.115598678588867
455000,465001,17,3,252,203,0,42425.01953125,236.56744384765625,94.14303588867188,28.029766082763672,16.653133392333984,9.24793815612793,6.945695877075195,5.531377792358398,5.401965618133545,4.433104991912842,4.167759895324707,3.7333195209503174,3.4058117866516113,3.245633363723755,2.9405269622802734,2.818777322769165,2.7430806159973145,17885.4375,22.891206741333008,3.4965624809265137
455000,465001,17,3,252,203,1,42361.56640625,236.4658966064453,94.00186157226562,27.19204330444336,17.900991439819336,11.454401016235352,6.748443603515625,6.201961994171143,5.009326934814453,4.051572322845459,3.7886974811553955,3.5370771884918213,3.19797945022583,2.6728336811065674,2.5143232345581055,2.2156248092651367,1.9620479345321655,17857.986328125,22.028322219848633,3.7710318565368652
460000,470001,17,3,250,195,0,42613.7734375,245.5277557373047,86.38932800292969,26.488056182861328,14.268046379089355,7.676778316497803,5.4998273849487305,4.489680290222168,4.30546760559082,3.664222478866577,3.3973395824432373,3.1565980911254883,2.900933027267456,2.662447690963745,2.4365427494049072,2.3397457599639893,2.1539700031280518,17951.3515625,21.31259536743164,3.927351474761963
460000,470001,17,3,250,195,1,42626.1171875,245.9008026123047,86.14347076416016,25.4404354095459,14.224285125732422,7.5291032791137695,5.41212272644043,4.2791547775268555,3.9626290798187256,3.7997920513153076,3.186746120452881,3.0104589462280273,2.7658920288085938,2.690155029296875,2.571981430053711,2.1742472648620605,2.131065607070923,17956.736328125,20.817798614501953,3.9008610248565674
465000,475001,17,3,254,196,0,43845.125,264.7445373535156,87.03890228271484,32.728214263916016,16.73503303527832,9.618490219116211,6.5556640625,5.674168586730957,5.235105991363525,4.054205894470215,3.7516679763793945,3.391817331314087,3.3548076152801514,3.0550663471221924,2.7852180004119873,2.500974178314209,2.2817142009735107,18473.4453125,21.798717498779297,4.089494705200195
465000,475001,17,3,254,196,1,43835.89453125,262.7845764160156,87.5159912109375,32.94870376586914,16.79483413696289,9.239212989807129,6.530934810638428,5.682668209075928,4.663954734802246,4.463577747344971,3.9146978855133057,3.6897811889648438,3.4972469806671143,3.146721601486206,3.0667755603790283,2.5555155277252197,2.4489407539367676,18470.126953125,22.284099578857422,3.7645747661590576
470000,480001,17,3,252,200,0,43318.625,225.7977294921875,85.79393768310547,26.577306747436523,15.384246826171875,8.34498405456543,6.022538185119629,4.6053996086120605,4.504014492034912,4.308657169342041,3.32370924949646,2.985872983932495,2.8879106044769287,2.675579071044922,2.3729236125946045,2.2835309505462646,2.2447335720062256,18237.125,20.516016006469727,3.548295259475708
470000,480001,17,3,252,200,1,43282.46875,225.95086669921875,85.5162124633789,26.729276657104492,15.417126655578613,8.454524040222168,6.439634799957275,4.584620952606201,3.859832525253296,3.799654483795166,3.482431650161743,3.334951162338257,2.975808620452881,2.8579983711242676,2.6273012161254883,2.4782676696777344,2.298921823501587,18223.72265625,20.642501831054688,3.919663429260254
475000,485001,17,3,251,194,0,43893.66015625,256.21356201171875,96.67788696289062,34.708290100097656,16.079517364501953,11.569217681884766,7.257574558258057,5.493031978607178,4.935687065124512,4.638028621673584,3.775507688522339,3.2724032402038574,3.0919153690338135,2.650702953338623,2.53774094581604,2.3638381958007812,2.1529200077056885,18476.345703125,23.819137573242188,3.996807336807251
475000,485001,17,3,251,194,1,43884.265625,256.2174072265625,98.2088851928711,33.4305305480957,16.459611892700195,11.274260520935059,7.688540935516357,5.44374942779541,5.10429573059082,4.547839164733887,3.609865427017212,3.284054756164551,2.946881055831909,2.7750470638275146,2.5762393474578857,2.366163730621338,2.2127246856689453,18473.060546875,23.71815299987793,3.6749191284179688
480000,490001,17,3,255,196,0,44138.89453125,259.7337341308594,75.46686553955078,25.231765747070312,13.877375602722168,8.304471015930176,5.516369819641113,4.851622104644775,4.669757843017578,4.3705244064331055,3.737579345703125,3.521857500076294,3.4661943912506104,2.904299259185791,2.7578864097595215,2.5789055824279785,2.007061004638672,18595.6875,19.46575355529785,3.933563709259033
480000,490001,17,3,255,196,1,44151.66015625,261.4364318847656,75.74433135986328,25.187885284423828,13.240108489990234,7.606900215148926,5.926084995269775,5.241406440734863,4.661747932434082,4.4006428718566895,3.7441606521606445,3.5624611377716064,3.2146413326263428,3.0297417640686035,2.7770450115203857,2.6951518058776855,2.135199785232544,18600.80859375,19.578460693359375,4.844176769256592
485000,495001,17,3,249,195,0,43419.98828125,253.72076416015625,80.17845153808594,25.3682804107666,13.323171615600586,7.849225044250488,6.2424774169921875,5.015191078186035,4.940794944763184,4.303188800811768,3.611093044281006,3.3054592609405518,3.2302684783935547,2.678553342819214,2.4105165004730225,2.3145177364349365,2.1092875003814697,18305.337890625,20.933849334716797,3.8010518550872803
485000,495001,17,3,249,195,1,43409.6796875,252.08029174804688,81.08641815185547,25.750850677490234,12.280173301696777,9.031607627868652,6.065347194671631,4.702233791351318,4.449874401092529,4.221287250518799,3.6439380645751953,3.1431632041931152,2.7837040424346924,2.729187488555908,2.5775718688964844,2.342583417892456,1.88809335231781,18300.453125,20.837724685668945,3.840656280517578
490000,500001,17,3,253,202,0,44160.90234375,237.22274780273438,88.63202667236328,29.71380043029785,15.738957405090332,8.57868480682373,6.531662940979004,4.839813709259033,4.753889083862305,4.078711032867432,3.8317201137542725,3.758291721343994,3.2908878326416016,3.0617542266845703,2.929051399230957,2.643850088119507,2.499816656112671,18587.560546875,19.868227005004883,3.683567762374878
490000,500001,17,3,253,202,1,44157.2265625,236.400390625,87.84991455078125,29.656633377075195,16.135894775390625,9.373835563659668,6.825585842132568,5.116494178771973,4.65413236618042,4.178985595703125,4.0113325119018555,3.4932138919830322,3.2730166912078857,2.8817172050476074,2.7531847953796387,2.445251703262329,2.092015266418457,18587.14453125,20.358095169067383,3.0446932315826416
495000,505001,17,3,251,200,0,44129.9765625,220.26092529296875,87.38613891601562,26.257810592651367,14.467293739318848,8.935760498046875,6.8504743576049805,5.403143882751465,4.5391669273376465,4.124227046966553,3.896183490753174,3.626518964767456,3.156832456588745,2.836066722869873,2.8279736042022705,2.4484825134277344,2.070145606994629,18583.787109375,20.40951919555664,3.8583168983459473
495000,505001,17,3,251,200,1,44094.05859375,223.58665466308594,88.7344741821289,26.05277442932129,13.73976993560791,8.81631088256836,6.393165111541748,4.913399696350098,4.5040178298950195,4.478457450866699,4.264344692230225,3.603928327560425,3.1503853797912598,2.8776440620422363,2.702789068222046,2.471078634262085,2.165797710418701,18569.39453125,20.687898635864258,4.661593914031982
500000,510001,17,3,251,201,0,44566.453125,250.10345458984375,91.10301208496094,26.414005279541016,16.39361572265625,9.23971939086914,6.8624114990234375,4.889991283416748,4.7647857666015625,3.964142322540283,3.6889901161193848,3.3351831436157227,3.112927198410034,3.017350912094116,2.69344425201416,2.4422316551208496,2.1556947231292725,18775.4375,22.106595993041992,3.21518874168396
500000,510001,17,3,251,201,1,44549.203125,250.6006317138672,91.8391342163086,26.351741790771484,16.238872528076172,8.294602394104004,5.907299995422363,5.319207191467285,4.770233631134033,4.522677421569824,4.252431392669678,3.8423750400543213,3.422945976257324,3.3979530334472656,2.7263827323913574,2.456800937652588,2.4407095909118652,18768.173828125,22.48780059814453,3.817131280899048
505000,515001,17,3,252,200,0,44644.07421875,252.98214721679688,84.05133056640625,27.743104934692383,15.46687126159668,8.878535270690918,6.2885613441467285,4.993452072143555,4.23134183883667,3.9493720531463623,3.6222078800201416,3.2247304916381836,2.9392168521881104,2.711785078048706,2.4614415168762207,2.3443171977996826,2.19869065284729,18811.61328125,22.07105255126953,3.0001718997955322
505000,515001,17,3,252,200,1,44663.734375,251.7117156982422,84.54054260253906,28.854373931884766,15.64953327178955,9.372669219970703,6.110405445098877,5.569308280944824,4.278068542480469,3.9981484413146973,3.5382351875305176,3.485180377960205,3.3663814067840576,2.815908432006836,2.7491140365600586,2.6298890113830566,2.3226559162139893,18820.126953125,21.858694076538086,3.8772549629211426
510000,520001,17,3,246,203,0,44339.96484375,239.51771545410156,76.63616180419922,29.204303741455078,13.893757820129395,8.747084617614746,6.6639018058776855,6.193808078765869,4.6490159034729,4.188239574432373,3.974517583847046,3.2964537143707275,3.0702755451202393,2.8090133666992188,2.7231903076171875,2.575573682785034,2.4218902587890625,18662.177734375,19.334369659423828,4.419470310211182
510000,520001,17,3,246,203,1,44330.44140625,241.15220642089844,77.40233612060547,29.382781982421875,14.181416511535645,8.439669609069824,5.9436469078063965,5.0953168869018555,4.809585094451904,4.200263500213623,3.4839251041412354,3.2484323978424072,2.9829368591308594,2.8757708072662354,2.5031983852386475,2.20157527923584,2.04437518119812,18657.869140625,19.601205825805664,3.8873260021209717
515000,525001,17,3,251,200,0,45570.796875,257.98614501953125,85.2054672241211,29.090160369873047,13.960491180419922,8.958418846130371,8.055093765258789,5.2076215744018555,5.055702209472656,4.157556533813477,3.8329215049743652,3.797682046890259,3.1252059936523438,2.8904550075531006,2.856214761734009,2.2525315284729004,2.099116802215576,19192.4921875,21.442855834960938,3.7458608150482178
515000,525001,17,3,251,200,1,45587.48828125,257.429931640625,84.46891021728516,29.014245986938477,14.853546142578125,8.908672332763672,8.377495765686035,6.025618076324463,4.779842853546143,4.117456436157227,3.981391191482544,3.3865280151367188,3.1986019611358643,2.8409435749053955,2.6469173431396484,2.4405291080474854,2.161020278930664,19200.38671875,21.674758911132812,3.507711887359619
520000,530001,17,3,255,205,0,45495.84765625,238.87107849121094,86.10008239746094,30.944183349609375,16.741256713867188,8.758644104003906,5.821656703948975,5.023781776428223,4.353700160980225,3.9378769397735596,3.4703142642974854,3.4207725524902344,3.18896746635437,2.8307173252105713,2.588191032409668,2.3920485973358154,2.357302665710449,19157.5625,22.71419906616211,4.080901145935059
520000,530001,17,3,255,205,1,45520.6953125,237.3063201904297,86.72431945800781,31.50238800048828,17.035980224609375,8.259702682495117,6.536942481994629,6.277379512786865,4.490421295166016,4.135754108428955,3.813321590423584,3.4220669269561768,3.172269344329834,2.8754031658172607,2.8376502990722656,2.6150388717651367,2.460052728652954,19168.46484375,23.12356185913086,4.014610290527344
525000,535001,17,3,256,213,0,45767.65625,238.05767822265625,81.41468048095703,33.81053924560547,16.736474990844727,11.614104270935059,7.525105953216553,5.965534210205078,5.4660210609436035,4.498267650604248,4.189055442810059,4.070282459259033,3.6347405910491943,3.264716148376465,3.1650936603546143,3.012603521347046,2.709758758544922,19269.9765625,24.411375045776367,4.891984939575195
525000,535001,17,3,256,213,1,45776.25390625,237.34896850585938,76.54524230957031,28.987770080566406,14.645355224609375,9.192607879638672,5.797208786010742,4.980652809143066,4.134077548980713,3.989575147628784,3.4938437938690186,3.32415509223938,3.261537790298462,2.989417314529419,2.894333600997925,2.5950775146484375,2.351055145263672,19277.447265625,22.112802505493164,3.6089277267456055
530000,540001,17,3,253,203,0,45825.67578125,236.98988342285156,92.38916778564453,31.40265655517578,14.927481651306152,10.391830444335938,7.574998378753662,5.292241096496582,4.994344711303711,3.9172558784484863,3.5680301189422607,3.3751447200775146,3.0475640296936035,2.8271195888519287,2.5544683933258057,2.4616715908050537,2.0186071395874023,19294.9453125,22.11846351623535,3.7926025390625
530000,540001,17,3,253,203,1,45794.05859375,237.04869079589844,92.57261657714844,30.741548538208008,14.657014846801758,9.014609336853027,8.195068359375,5.247593879699707,4.478150844573975,4.13857889175415,3.714766025543213,3.461132764816284,2.861804485321045,2.7951173782348633,2.613770008087158,2.4868099689483643,2.315065622329712,19281.361328125,22.165285110473633,3.9713046550750732
535000,545001,17,3,254,205,0,45159.84765625,252.8665313720703,79.86676788330078,26.663639068603516,13.650546073913574,6.654379367828369,5.228464603424072,4.322326183319092,3.681018114089966,3.4295663833618164,3.269371509552002,2.9219558238983154,2.6019346714019775,2.4398419857025146,2.290663480758667,2.2121973037719727,2.0475802421569824,19016.66796875,20.314353942871094,3.0500595569610596
535000,545001,17,3,254,205,1,45195.5546875,254.22935485839844,80.18093872070312,26.836517333984375,14.153116226196289,7.280071258544922,5.439162731170654,4.71748161315918,4.285861015319824,3.8386964797973633,3.455921173095703,3.1180081367492676,2.9220333099365234,2.735675573348999,2.5181074142456055,2.292773485183716,2.1508681774139404,19031.501953125,20.038673400878906,3.309584617614746
540000,550001,17,3,255,194,0,46153.42578125,261.66949462890625,85.4707260131836,26.884014129638672,15.880119323730469,9.179762840270996,6.308257102966309,4.952988147735596,4.497010707855225,4.357834815979004,3.614987373352051,3.2771682739257812,3.0070667266845703,2.782905101776123,2.5030159950256348,2.2545382976531982,1.9811025857925415,19426.556640625,21.294164657592773,3.6931021213531494
540000,550001,17,3,255,194,1,46083.09765625,264.7965087890625,85.0838623046875,26.15627670288086,16.386262893676758,8.440317153930664,6.64567232131958,4.94439172744751,4.329407215118408,3.7507002353668213,3.4611692428588867,3.035339117050171,2.916175127029419,2.5805747509002686,2.4064507484436035,2.103750467300415,1.9713712930679321,19397.037109375,21.597488403320312,3.2811341285705566
545000,555001,17,3,253,205,0,46676.08984375,241.96295166015625,85.42000579833984,29.921859741210938,12.82371997833252,6.546187400817871,5.954099655151367,4.982975006103516,4.304109573364258,3.481374979019165,3.152146339416504,3.0449602603912354,2.713219404220581,2.495753288269043,2.335562229156494,2.200932502746582,2.0301036834716797,19656.962890625,20.35564422607422,3.5399720668792725
545000,555001,17,3,253,205,1,46613.44140625,241.9171600341797,84.75213623046875,29.22247314453125,12.660765647888184,6.344289779663086,4.746950149536133,4.296240329742432,4.109375953674316,3.5506882667541504,2.924677610397339,2.7654166221618652,2.5803139209747314,2.4613592624664307,2.202066659927368,2.0350191593170166,1.8681784868240356,19630.34375,20.652563095092773,3.0057759284973145
550000,560001,17,3,248,203,0,45349.1484375,257.3508605957031,84.37098693847656,30.245058059692383,13.921401977539062,8.823798179626465,5.652655601501465,4.680184364318848,4.216947078704834,4.091452598571777,3.7823352813720703,3.4861133098602295,3.3161661624908447,2.7623627185821533,2.577479600906372,2.3789074420928955,2.255293369293213,19093.14453125,21.350112915039062,3.3723175525665283
550000,560001,17,3,248,203,1,45351.41796875,255.04026794433594,84.74382019042969,30.672321319580078,12.94784164428711,9.170634269714355,5.749218940734863,5.326109409332275,4.930940628051758,4.411096572875977,3.750716209411621,3.338975429534912,2.7320220470428467,2.6719868183135986,2.382981300354004,2.3587920665740967,2.0105316638946533,19093.98828125,21.015392303466797,3.640970468521118
555000,565001,17,3,253,211,0,46901.0390625,211.28929138183594,84.94171905517578,26.101526260375977,12.400294303894043,9.245671272277832,6.816017150878906,5.223602294921875,4.480404853820801,4.106069087982178,3.68780779838562,3.2861602306365967,3.195505380630493,2.941133975982666,2.766159772872925,2.722620725631714,1.9335062503814697,19741.240234375,20.831300735473633,4.4032087326049805
555000,565001,17,3,253,211,1,46815.79296875,212.4723358154297,84.34468078613281,24.976655960083008,12.870926856994629,8.929495811462402,5.969141960144043,4.51835823059082,4.269298076629639,3.3844823837280273,3.2049641609191895,3.1285037994384766,2.8818910121917725,2.7291667461395264,2.397779703140259,2.2709546089172363,1.950284719467163,19705.10546875,20.145395278930664,3.558732271194458
560000,570001,17,3,252,210,0,46579.52734375,247.40016174316406,84.45587158203125,23.592567443847656,12.200102806091309,8.133832931518555,6.6773176193237305,5.24919319152832,4.137173175811768,3.971619129180908,3.7362654209136963,3.2877955436706543,2.79206919670105,2.7494797706604004,2.5957932472229004,2.399575710296631,2.29249906539917,19608.4453125,21.41764259338379,3.609562873840332
560000,570001,17,3,252,210,1,46489.42578125,245.54966735839844,83.58900451660156,24.738615036010742,12.195466041564941,8.254435539245605,5.898458480834961,4.465271949768066,3.888925075531006,3.7432219982147217,3.6272635459899902,3.207437515258789,2.675980806350708,2.517542839050293,2.3133466243743896,2.1586623191833496,2.1063616275787354,19571.7109375,21.51976203918457,3.9903602600097656
565000,575001,17,3,253,198,0,46970.31640625,254.9512481689453,73.14925384521484,26.426523208618164,13.318940162658691,7.619955062866211,5.577446460723877,5.058649063110352,4.5718536376953125,4.125032424926758,3.7885594367980957,3.395543336868286,2.9463934898376465,2.7618985176086426,2.743964910507202,2.6132595539093018,2.2355401515960693,19766.314453125,19.12743377685547,4.272217273712158
565000,575001,17,3,253,198,1,46959.77734375,253.8349609375,73.34413146972656,25.85586166381836,13.52774429321289,7.416728973388672,5.893597602844238,4.737571716308594,4.34332275390625,3.867882490158081,3.559434413909912,3.3693480491638184,3.208794355392456,2.7547607421875,2.671520471572876,2.4368135929107666,2.266061305999756,19761.81640625,19.090084075927734,3.9723310470581055
570000,580001,17,3,253,208,0,47022.59765625,227.74391174316406,97.0722427368164,31.719467163085938,15.847939491271973,8.143876075744629,5.289579391479492,4.366917610168457,4.05806827545166,3.916095495223999,3.780710220336914,3.4534718990325928,2.990151882171631,2.8208909034729004,2.3750662803649902,2.2975046634674072,1.9201092720031738,19791.673828125,22.61092185974121,3.130610942840576
570000,580001,17,3,253,208,1,47078.9375,228.2626953125,97.23918914794922,31.057750701904297,15.964987754821777,7.962211608886719,5.163827896118164,4.582479000091553,4.499197959899902,3.819784641265869,3.2280986309051514,2.9561681747436523,2.7770843505859375,2.589107036590576,2.391862392425537,2.2174644470214844,2.087012529373169,19815.572265625,22.074695587158203,3.2533118724823
575000,585001,17,3,255,199,0,47308.2421875,248.715087890625,80.8519515991211,26.878385543823242,13.245752334594727,7.505420207977295,5.8337812423706055,5.147733688354492,4.279167652130127,3.4751527309417725,3.3921332359313965,3.1700427532196045,2.875605821609497,2.597397804260254,2.5208144187927246,2.215479850769043,1.7801319360733032,19921.673828125,21.019573211669922,3.579319953918457
575000,585001,17,3,255,199,1,47251.69921875,246.38792419433594,81.75440979003906,28.181568145751953,13.016486167907715,8.11756706237793,6.328888416290283,4.636191368103027,3.9875988960266113,3.2655551433563232,3.122047185897827,3.009984016418457,2.7314107418060303,2.452263593673706,2.239455461502075,2.0133914947509766,1.954249382019043,19897.71484375,20.88582992553711,3.3666136264801025
580000,590001,17,3,255,202,0,47389.265625,236.7203369140625,78.48426818847656,30.202486038208008,14.513774871826172,7.861081123352051,5.4841132164001465,4.993858337402344,3.9718339443206787,3.6740658283233643,3.597569704055786,3.2864246368408203,2.9775679111480713,2.5416433811187744,2.4623398780822754,2.4604544639587402,2.239245891571045,19951.71875,20.134811401367188,3.530390501022339
580000,590001,17,3,255,202,1,47388.2265625,236.6680145263672,78.8288803100586,29.697551727294922,15.245858192443848,8.300010681152344,6.06990385055542,4.5019378662109375,4.17482852935791,3.65981125831604,3.3575098514556885,3.1499931812286377,2.969696521759033,2.4317002296447754,2.2259926795959473,2.044435501098633,1.7879444360733032,19950.5703125,20.18051528930664,3.792583703994751
585000,595001,17,3,254,205,0,46785.6484375,254.80731201171875,88.7857894897461,30.3468017578125,13.86347770690918,7.417490005493164,5.4660964012146,4.103468418121338,3.937330484390259,3.3933138847351074,3.145552396774292,3.1123130321502686,2.896111488342285,2.530456066131592,2.46437406539917,2.068527936935425,1.939192295074463,19696.408203125,22.879812240600586,3.3702473640441895
585000,595001,17,3,254,205,1,46754.328125,257.197265625,89.5119857788086,30.254594802856445,14.23397159576416,7.89282751083374,6.12382698059082,4.065195560455322,3.7953989505767822,3.2178237438201904,3.125678539276123,3.026726722717285,2.86604380607605,2.4016432762145996,2.265981674194336,2.014404058456421,1.8405821323394775,19683.8828125,22.445270538330078,2.9743521213531494
590000,600001,17,3,255,214,0,47655.61328125,238.09432983398438,85.15867614746094,25.861711502075195,13.575844764709473,7.3331146240234375,5.785285472869873,4.700819969177246,3.899000406265259,3.165588617324829,3.0800974369049072,3.0042059421539307,2.7709081172943115,2.4792771339416504,2.400554895401001,2.0908756256103516,1.8641592264175415,20057.107421875,19.46751594543457,3.1494503021240234
590000,600001,17,3,255,214,1,47597.30078125,236.9910125732422,84.72783660888672,25.71259307861328,12.992019653320312,7.822610378265381,5.911155700683594,4.520698547363281,3.900836706161499,3.6579055786132812,3.156296968460083,2.8969926834106445,2.860990047454834,2.6245603561401367,2.371513605117798,2.3420188426971436,1.9584664106369019,20031.994140625,19.36931610107422,3.7192087173461914
595000,605001,17,3,252,203,0,46974.8515625,247.30238342285156,92.03594207763672,26.24553680419922,15.144556999206543,7.836549758911133,5.0804619789123535,4.175372123718262,4.041957855224609,3.589487075805664,3.2037534713745117,3.0469980239868164,2.9215855598449707,2.607813835144043,2.4502336978912354,2.3563992977142334,2.227447748184204,19764.349609375,19.910978317260742,3.582369804382324
595000,605001,17,3,252,203,1,46975.5546875,247.33717346191406,91.91812896728516,25.9176082611084,15.702089309692383,7.149917125701904,4.791906356811523,4.095954418182373,3.9286184310913086,3.297508955001831,3.0496127605438232,2.9044535160064697,2.6329400539398193,2.5789337158203125,2.337958335876465,2.2810750007629395,1.7811074256896973,19765.173828125,19.738040924072266,3.4265780448913574
600000,610001,17,3,250,208,0,47055.390625,237.77281188964844,77.81350708007812,25.90281105041504,12.479373931884766,7.493390083312988,5.132649898529053,5.078637599945068,4.296985626220703,3.5143463611602783,3.265634775161743,3.0164003372192383,2.9196200370788574,2.659548282623291,2.4457550048828125,2.2444682121276855,2.040872573852539,19801.990234375,19.62624168395996,4.153372287750244
600000,610001,17,3,250,208,1,47023.7265625,237.5484619140625,78.888916015625,24.733165740966797,11.81010913848877,7.500168800354004,5.391020774841309,4.671926498413086,4.153016567230225,3.8591787815093994,3.389892101287842,3.0747125148773193,2.619302749633789,2.5845696926116943,2.2511065006256104,2.132979393005371,1.9643545150756836,19788.2109375,19.50548553466797,4.3319010734558105
605000,615001,17,3,253,208,0,47081.8359375,240.43492126464844,93.165283203125,29.22970962524414,13.600691795349121,8.112081527709961,5.675568580627441,4.595799922943115,4.059680461883545,3.7280478477478027,3.566298484802246,3.135829210281372,2.9088518619537354,2.6467747688293457,2.316465139389038,2.1526856422424316,1.9347630739212036,19805.302734375,21.812238693237305,2.7879629135131836
605000,615001,17,3,253,208,1,47034.88671875,239.4711151123047,92.76913452148438,29.394655227661133,13.58189868927002,7.8592448234558105,5.156978130340576,4.297808647155762,4.122780799865723,3.4966137409210205,3.077606201171875,2.84249210357666,2.6031301021575928,2.468842029571533,2.4398746490478516,2.1099135875701904,2.029837131500244,19786.013671875,21.474702835083008,3.015892267227173
610000,620001,17,3,252,196,0,47558.13671875,267.0021667480469,77.25487518310547,27.809249877929688,13.596112251281738,8.695611953735352,5.63769006729126,4.7410173416137695,3.6648612022399902,3.4915003776550293,3.3060247898101807,2.936473846435547,2.7879292964935303,2.39642596244812,2.2758219242095947,2.1237854957580566,2.008629560470581,20013.033203125,20.915502548217773,4.381577491760254
610000,620001,17,3,252,196,1,47569.10546875,264.71240234375,76.39981842041016,26.835981369018555,13.227542877197266,7.421570301055908,5.515931606292725,3.8722026348114014,3.605787515640259,3.142256736755371,2.9569947719573975,2.55680513381958,2.5198094844818115,2.4479684829711914,2.2608232498168945,2.0334455966949463,1.8484458923339844,20017.873046875,21.06891632080078,3.8635404109954834
615000,625001,17,3,251,207,0,47726.29296875,214.06573486328125,80.35256958007812,26.73773956298828,14.221516609191895,7.454010009765625,5.646487236022949,4.413637161254883,3.853437662124634,3.2397348880767822,3.162266492843628,2.9422178268432617,2.849263906478882,2.5542232990264893,2.4482827186584473,2.163738965988159,1.9968676567077637,20078.880859375,19.44259262084961,3.204232692718506
615000,625001,17,3,251,207,1,47701.4765625,212.8686065673828,79.5765609741211,26.575109481811523,14.100818634033203,7.430763244628906,6.178817272186279,4.504311561584473,3.711534023284912,3.2228596210479736,3.0696377754211426,2.66835355758667,2.474869728088379,2.413670539855957,2.1615123748779297,1.9944021701812744,1.8432214260101318,20068.169921875,19.1801700592041,3.1937763690948486
620000,630001,17,3,252,207,0,47940.1953125,218.7299041748047,84.73839569091797,25.732402801513672,12.681279182434082,7.254825592041016,4.920269966125488,4.242918014526367,4.019763946533203,3.877729654312134,3.4676663875579834,3.2533044815063477,2.8393871784210205,2.6356201171875,2.43412184715271,2.089029312133789,1.8509522676467896,20178.041015625,20.332744598388672,3.515347957611084
620000,630001,17,3,252,207,1,47954.29296875,218.943115234375,84.9229507446289,26.038183212280273,12.444388389587402,7.585232257843018,5.235184192657471,4.7829694747924805,4.4305009841918945,3.865757465362549,3.3440442085266113,3.1969189643859863,2.653465509414673,2.5214340686798096,2.365530014038086,2.1821064949035645,1.967800259590149,20183.986328125,20.85720443725586,3.7480697631835938
625000,635001,17,3,255,208,0,48065.7421875,242.97659301757812,76.5603256225586,26.106338500976562,12.1963472366333,7.96972131729126,4.8181233406066895,3.8763418197631836,3.62900972366333,3.4402523040771484,3.1656606197357178,2.7451958656311035,2.6036040782928467,2.309314250946045,2.269005537033081,2.0448005199432373,1.877151370048523,20209.306640625,20.392513275146484,2.891483783721924
625000,635001,17,3,255,208,1,48002.34375,242.2943878173828,76.1890640258789,26.18821144104004,12.30008602142334,7.557382106781006,5.70442533493042,4.141327381134033,3.419482946395874,3.2701170444488525,2.9713149070739746,2.7250401973724365,2.4464194774627686,2.353863000869751,2.1586174964904785,2.0870447158813477,1.6284738779067993,20182.4140625,20.469249725341797,2.820735454559326
630000,640001,17,3,253,208,0,48113.40625,241.07028198242188,95.3178482055664,26.885475158691406,13.209904670715332,7.734678745269775,5.550900459289551,4.615935325622559,3.8092257976531982,3.7404732704162598,3.4205052852630615,2.9979257583618164,2.7625226974487305,2.586571216583252,2.378422260284424,2.0241966247558594,1.9367841482162476,20236.9609375,24.132909774780273,3.1839308738708496
630000,640001,17,3,253,208,1,48089.8125,243.07070922851562,95.32548522949219,27.179590225219727,13.161051750183105,7.815675258636475,6.03139591217041,4.515968322753906,4.080481052398682,3.5789434909820557,3.0729868412017822,2.78255033493042,2.547903537750244,2.4414234161376953,2.1323726177215576,1.9280153512954712,1.8315216302871704,20227.189453125,23.60103416442871,3.302159309387207
635000,645001,17,3,249,209,0,47773.53515625,222.19493103027344,89.67182922363281,23.797481536865234,11.574203491210938,7.483726501464844,5.510485649108887,3.7877511978149414,3.6136698722839355,3.2098889350891113,2.923790693283081,2.528289556503296,2.5077202320098877,2.311033248901367,2.2921504974365234,2.137150764465332,1.867882490158081,20106.87890625,20.415328979492188,2.897840738296509
635000,645001,17,3,249,209,1,47778.13671875,221.92991638183594,89.9161148071289,24.14537239074707,12.309041023254395,7.392639636993408,5.097477436065674,4.1645050048828125,3.695685863494873,3.1999237537384033,3.07254695892334,2.668877601623535,2.5711545944213867,2.3582534790039062,2.052182674407959,1.9674851894378662,1.8852084875106812,20109.044921875,20.677732467651367,3.5353598594665527
640000,650001,17,3,252,208,0,48080.26953125,246.07650756835938,82.98474884033203,28.5909481048584,12.623449325561523,7.238766193389893,4.744114875793457,4.5757365226745605,3.7939960956573486,3.295116424560547,3.124906063079834,2.7793755531311035,2.6735405921936035,2.449253797531128,2.2384707927703857,2.0328621864318848,1.878750205039978,20218.7265625,22.266572952270508,2.572968006134033
640000,650001,17,3,252,208,1,48038.17578125,245.8765106201172,83.15986633300781,28.88195037841797,11.987449645996094,7.767154693603516,4.635248184204102,4.4628729820251465,4.071872711181641,3.721074342727661,3.132124900817871,2.742750406265259,2.631901502609253,2.4779956340789795,2.235955238342285,2.0801174640655518,1.9953035116195679,20200.296875,22.206039428710938,2.8275017738342285
645000,655001,17,3,251,214,0,48091.06640625,252.14622497558594,89.4240493774414,29.741195678710938,13.016261100769043,8.977690696716309,5.478189945220947,4.768425941467285,4.138065338134766,3.738950490951538,3.500983715057373,3.208930253982544,2.983999013900757,2.8350794315338135,2.6730854511260986,2.424358367919922,2.125580310821533,20221.884765625,22.489376068115234,3.658578872680664
645000,655001,17,3,251,214,1,48024.078125,254.15740966796875,90.2391357421875,30.307493209838867,13.67175579071045,9.4667387008667,5.844812393188477,5.344003677368164,4.1753973960876465,4.063904285430908,3.520907402038574,3.357211112976074,3.13999342918396,2.7847695350646973,2.657601833343506,2.5762481689453125,2.350665330886841,20192.68359375,22.61141586303711,4.183090686798096
650000,660001,17,3,251,208,0,48283.01953125,245.3627166748047,78.49674987792969,27.622325897216797,14.802939414978027,7.441644668579102,5.0467071533203125,4.319514274597168,3.64094614982605,3.355557680130005,3.0906431674957275,2.8002865314483643,2.5135281085968018,2.4829862117767334,2.1439430713653564,2.0754189491271973,1.8830429315567017,20304.423828125,19.52499771118164,2.7126166820526123
650000,660001,17,3,251,208,1,48280.35546875,242.14431762695312,77.32244873046875,27.56976890563965,14.43930435180664,7.120725631713867,5.474273204803467,4.192508220672607,3.4220376014709473,3.199204683303833,3.030172824859619,2.8271493911743164,2.4829461574554443,2.3498592376708984,2.322624683380127,2.142428159713745,1.8819081783294678,20303.646484375,19.39091682434082,2.7588582038879395
655000,665001,17,3,249,211,0,47748.76953125,226.857177734375,91.17705535888672,24.56751823425293,12.784639358520508,7.942920684814453,6.878695964813232,4.4749579429626465,3.9717538356781006,3.515169382095337,3.402085065841675,3.1467320919036865,2.9199042320251465,2.7041733264923096,2.3012070655822754,2.177673101425171,2.0959572792053223,20111.74609375,21.205347061157227,3.171095371246338
655000,665001,17,3,249,211,1,47748.37890625,226.91029357910156,91.1924057006836,23.86939811706543,13.415300369262695,8.400901794433594,7.451153755187988,5.247158050537109,4.686496257781982,3.6370275020599365,3.4821548461914062,3.2026476860046387,3.0853397846221924,2.7181596755981445,2.5943281650543213,2.3943657875061035,1.9866855144500732,20111.060546875,21.488723754882812,2.914836883544922
660000,670001,17,3,251,208,0,48053.1875,253.5414581298828,89.29747009277344,29.026689529418945,13.667800903320312,7.31458854675293,5.538955211639404,4.489792346954346,3.9249765872955322,3.1707184314727783,3.0249228477478027,2.7706668376922607,2.597339391708374,2.5122318267822266,2.1241512298583984,1.9119524955749512,1.8763272762298584,20210.23046875,21.92281150817871,2.8014817237854004
660000,670001,17,3,251,208,1,48072.2890625,255.26821899414062,91.01646423339844,29.255067825317383,14.123153686523438,7.360138893127441,5.608852386474609,4.729328632354736,3.599155902862549,3.1937737464904785,3.1122593879699707,2.8183481693267822,2.7146549224853516,2.2060844898223877,2.093019723892212,2.02508807182312,1.8211421966552734,20218.765625,22.220476150512695,3.102044105529785
665000,675001,17,3,252,215,0,48590.75390625,253.6418914794922,84.06993103027344,25.462486267089844,13.541319847106934,8.527750968933105,5.114513874053955,4.0295729637146,3.669142007827759,3.0538742542266846,2.86129093170166,2.684676170349121,2.411705255508423,2.09165096282959,1.907225489616394,1.766064167022705,1.6536227464675903,20428.5859375,20.75261878967285,3.181408166885376
665000,675001,17,3,252,215,1,48619.50390625,253.5135498046875,83.44331359863281,24.883378982543945,13.134156227111816,7.601708889007568,5.414668560028076,3.778186798095703,3.252002239227295,3.0762410163879395,2.8779897689819336,2.555727958679199,2.4064464569091797,2.1741113662719727,2.018017053604126,1.852384328842163,1.6931726932525635,20440.232421875,20.977205276489258,2.860804796218872
670000,680001,17,3,253,209,0,48670.38671875,227.1497039794922,85.94742584228516,29.657564163208008,14.023248672485352,7.803798675537109,5.25950288772583,4.399247646331787,3.733191728591919,3.4681813716888428,3.196693181991577,2.73160457611084,2.615840435028076,2.2371652126312256,2.083000898361206,1.9989103078842163,1.8943891525268555,20459.001953125,22.46058464050293,2.8086540699005127
670000,680001,17,3,253,209,1,48656.5234375,227.72984313964844,86.70068359375,28.82282066345215,15.095231056213379,8.14237117767334,5.756470680236816,4.895552158355713,4.458127021789551,3.7658114433288574,3.5225417613983154,3.2572500705718994,2.9845211505889893,2.8772518634796143,2.6787993907928467,2.452916383743286,2.209804058074951,20452.837890625,22.493051528930664,3.531013250350952
675000,685001,17,3,252,212,0,48591.07421875,247.36753845214844,92.63948059082031,31.056045532226562,13.819724082946777,7.951478481292725,5.552304744720459,4.720308780670166,3.7051730155944824,3.3915858268737793,3.1068220138549805,2.8538389205932617,2.5427074432373047,2.2906534671783447,2.230161666870117,2.078460454940796,1.9441370964050293,20442.931640625,21.483919143676758,2.7943947315216064
675000,685001,17,3,252,212,1,48565.1171875,248.8166046142578,92.35386657714844,31.120569229125977,13.494596481323242,7.957207202911377,5.620025634765625,4.549751281738281,3.869318962097168,3.143573760986328,2.701526641845703,2.5453782081604004,2.353184461593628,2.328306198120117,2.1301486492156982,1.9180244207382202,1.8656926155090332,20432.69921875,21.32583236694336,2.935274600982666
680000,690001,17,3,253,205,0,48058.76171875,236.72705078125,89.9161605834961,27.060470581054688,13.768953323364258,8.289515495300293,6.41929292678833,4.931736469268799,4.010483741760254,3.727081537246704,3.2711262702941895,2.8798139095306396,2.6020236015319824,2.5390543937683105,2.25766921043396,2.1076886653900146,1.7280266284942627,20209.765625,19.671491622924805,3.2582263946533203
680000,690001,17,3,253,205,1,48106.56640625,237.5343780517578,91.05655670166016,26.5665225982666,13.48330307006836,8.375109672546387,6.060179233551025,4.49479866027832,4.04132080078125,3.362590789794922,3.229999542236328,2.8257696628570557,2.459089517593384,2.31318998336792,2.234912633895874,1.9482876062393188,1.842329740524292,20230.177734375,19.657062530517578,2.7926814556121826
685000,695001,17,3,252,208,0,48547.0703125,231.41517639160156,97.6943130493164,28.224079132080078,14.564661979675293,7.651529312133789,5.115299701690674,4.025712013244629,3.516038417816162,3.0762686729431152,2.670637607574463,2.4942119121551514,2.257200002670288,2.053797483444214,1.8148945569992065,1.7961660623550415,1.6228389739990234,20413.6875,20.279727935791016,2.354018449783325
685000,695001,17,3,252,208,1,48590.84765625,231.00550842285156,99.5939712524414,28.436891555786133,14.093348503112793,7.5536580085754395,4.880853176116943,3.997889995574951,3.343430280685425,3.035773277282715,2.7555904388427734,2.3670434951782227,2.2053940296173096,2.0287907123565674,1.9902405738830566,1.8662670850753784,1.7054113149642944,20432.078125,20.73384666442871,2.2848353385925293
690000,700001,17,3,252,210,0,48735.55859375,236.99070739746094,94.25579071044922,28.845539093017578,14.43851375579834,7.935904502868652,4.989455223083496,4.166872501373291,3.935323476791382,3.0306966304779053,2.941412925720215,2.8636391162872314,2.725520372390747,2.533942461013794,2.319981098175049,2.0908517837524414,2.0105865001678467,20511.232421875,21.86397933959961,3.0824806690216064
690000,700001,17,3,252,210,1,48754.90234375,236.88050842285156,94.40453338623047,28.887298583984375,14.834918975830078,7.691987991333008,4.92214298248291,4.685102939605713,3.810373544692993,3.4070611000061035,2.9579930305480957,2.838239908218384,2.5244505405426025,2.4155755043029785,2.102940082550049,1.9493682384490967,1.7855298519134521,20519.345703125,21.538665771484375,3.598263740539551
695000,705001,17,3,253,204,0,48841.02734375,227.43067932128906,82.7160415649414,27.822839736938477,12.81166934967041,7.439496040344238,4.826536655426025,4.448792934417725,3.158975839614868,2.992865800857544,2.6596715450286865,2.6011440753936768,2.464818239212036,2.2469263076782227,2.135114908218384,1.95658278465271,1.769519567489624,20523.412109375,20.928985595703125,2.9111404418945312
695000,705001,17,3,253,204,1,48845.1953125,228.33560180664062,83.67813873291016,28.57281494140625,12.594597816467285,6.577831745147705,4.446338176727295,3.83362078666687,3.6029467582702637,2.8414788246154785,2.7832067012786865,2.5798256397247314,2.348243474960327,2.219594955444336,2.1830036640167236,1.9414126873016357,1.5081887245178223,20525.62109375,21.73420524597168,2.807382583618164
700000,710001,17,3,254,212,0,48423.48828125,243.62527465820312,93.56525421142578,29.940868377685547,15.391231536865234,7.834301471710205,5.827357769012451,4.753530979156494,3.937382698059082,3.309998035430908,2.969200849533081,2.867535352706909,2.5409724712371826,2.4545836448669434,2.111560583114624,2.0007340908050537,1.8379756212234497,20369.263671875,23.46269416809082,3.189647674560547
700000,710001,17,3,254,212,1,48446.8203125,240.92059326171875,94.26622009277344,29.009260177612305,15.161704063415527,7.557734489440918,5.030308723449707,4.488522052764893,3.7742786407470703,3.195023775100708,2.9042372703552246,2.6034605503082275,2.4882640838623047,2.3118815422058105,2.2662782669067383,2.0457794666290283,1.9230592250823975,20378.9609375,23.55729103088379,3.0892105102539062
705000,715001,17,3,251,206,0,48653.08984375,242.1404571533203,87.82325744628906,32.244789123535156,14.462575912475586,8.112760543823242,5.949856758117676,4.2640557289123535,4.163383483886719,3.583390235900879,3.312002658843994,2.8061649799346924,2.6196372509002686,2.5800652503967285,2.293743848800659,2.2514989376068115,1.8765580654144287,20448.169921875,22.95539665222168,3.4814839363098145
705000,715001,17,3,251,206,1,48661.69921875,242.980224609375,88.0376205444336,31.672672271728516,14.642147064208984,7.616506576538086,5.956684589385986,4.3876519203186035,4.236449241638184,3.1461398601531982,3.0339810848236084,2.9518308639526367,2.5949368476867676,2.370208740234375,2.091790199279785,1.8441985845565796,1.605818510055542,20451.775390625,23.630844116210938,3.640228509902954
710000,720001,17,3,255,219,0,48697.98828125,239.88180541992188,89.63530731201172,31.38912010192871,14.39555835723877,7.882467269897461,5.852051258087158,4.082976341247559,4.003710746765137,3.6921186447143555,3.3242809772491455,3.1030125617980957,2.6556293964385986,2.4175479412078857,2.4109749794006348,2.200923204421997,2.1021459102630615,20478.3359375,23.44588279724121,3.3714253902435303
710000,720001,17,3,255,219,1,48681.8828125,239.00289916992188,89.90226745605469,30.225671768188477,15.454659461975098,8.155180931091309,5.957239627838135,4.6185808181762695,4.344372749328613,3.715470314025879,3.5700294971466064,3.2345659732818604,2.774960994720459,2.7639992237091064,2.458380699157715,2.156808376312256,1.953845500946045,20472.2265625,22.97458267211914,3.964155673980713
715000,725001,17,3,253,215,0,48749.90234375,236.47645568847656,81.2919921875,26.428625106811523,13.01325798034668,7.680134296417236,5.0258660316467285,4.333432674407959,3.7592644691467285,3.1789913177490234,2.7954635620117188,2.664092779159546,2.399912118911743,2.304447889328003,2.2047088146209717,2.0018513202667236,1.844778060913086,20492.98828125,19.98343849182129,2.734989643096924
715000,725001,17,3,253,215,1,48734.77734375,235.59255981445312,80.54386901855469,26.760330200195312,12.979888916015625,8.0867280960083,5.041255950927734,4.634060382843018,3.582878351211548,3.102447032928467,2.9128270149230957,2.818178653717041,2.296434164047241,2.2865138053894043,2.1917054653167725,2.013698101043701,1.8353185653686523,20485.755859375,19.772424697875977,2.8380236625671387
720000,730001,17,3,253,220,0,48988.96484375,223.59278869628906,87.11568450927734,26.819303512573242,12.699681282043457,7.617888450622559,5.31695556640625,3.850465774536133,3.568847179412842,3.191519260406494,2.666853666305542,2.5116465091705322,2.230956792831421,2.214681386947632,2.011423110961914,1.8860021829605103,1.7212049961090088,20605.876953125,20.187021255493164,2.944770097732544
720000,730001,17,3,253,220,1,48961.7578125,223.4957275390625,86.16614532470703,27.337745666503906,13.07024097442627,7.033398151397705,4.76556921005249,4.065084457397461,3.145442247390747,3.0584206581115723,2.774266242980957,2.6062402725219727,2.35575270652771,2.197472095489502,2.0227596759796143,1.858763575553894,1.5826914310455322,20595.32421875,20.390125274658203,2.4945902824401855
725000,735001,17,3,254,215,0,48812.34765625,247.23141479492188,85.86075592041016,25.73040199279785,14.092218399047852,6.643666744232178,5.026370525360107,4.1504316329956055,3.875444173812866,3.2082157135009766,2.7514734268188477,2.606356620788574,2.2986655235290527,2.1581904888153076,1.9272136688232422,1.817193627357483,1.5896950960159302,20548.326171875,20.557218551635742,2.8201396465301514
725000,735001,17,3,254,215,1,48786.6953125,246.90939331054688,84.82986450195312,24.596744537353516,14.075000762939453,7.548542022705078,5.103051662445068,4.181999683380127,3.1241536140441895,2.626358985900879,2.4723262786865234,2.372302293777466,2.184404134750366,2.082887649536133,1.7899974584579468,1.6816067695617676,1.6058906316757202,20538.181640625,20.520347595214844,2.5186963081359863
730000,740001,17,3,254,231,0,49095.53515625,218.8694610595703,79.45122528076172,24.94552993774414,12.769518852233887,7.485560417175293,5.314123630523682,4.138982772827148,3.1184592247009277,2.9579830169677734,2.857895612716675,2.435572385787964,2.339869976043701,2.112257242202759,1.8586704730987549,1.6102381944656372,1.565332055091858,20641.498046875,20.007062911987305,2.2125067710876465
730000,740001,17,3,254,231,1,49085.4140625,219.10757446289062,80.26498413085938,25.061582565307617,12.784789085388184,7.834997177124023,5.15675687789917,3.9805376529693604,3.524216413497925,3.4462332725524902,2.838874578475952,2.5024685859680176,2.263589859008789,2.218778133392334,2.0239062309265137,1.7102488279342651,1.5660748481750488,20637.400390625,19.90938949584961,2.5162112712860107
735000,745001,17,3,252,213,0,48872.28125,216.04620361328125,86.44950103759766,25.268451690673828,11.45405387878418,8.15195083618164,4.961487293243408,4.6005167961120605,3.969959259033203,3.453157424926758,3.414903163909912,2.922200918197632,2.551159620285034,2.385193109512329,2.1438798904418945,1.7753612995147705,1.658692717552185,20543.30078125,19.08266830444336,3.9207286834716797
735000,745001,17,3,252,213,1,48909.63671875,215.9468231201172,86.61553955078125,24.55818748474121,11.110158920288086,8.462112426757812,5.186177730560303,4.559359550476074,4.185949802398682,3.6853010654449463,3.5010316371917725,3.172959327697754,2.7943320274353027,2.436305522918701,2.234579563140869,2.054762125015259,1.8278065919876099,20558.44921875,19.358753204345703,4.556134223937988
740000,750001,17,3,249,214,0,48366.9375,232.31808471679688,95.2537841796875,26.602052688598633,13.438299179077148,7.9369916915893555,5.555149555206299,5.459140777587891,3.9621219635009766,2.9976961612701416,2.8278679847717285,2.587834119796753,2.1765825748443604,2.091470241546631,1.8785816431045532,1.7030255794525146,1.5976144075393677,20334.298828125,21.582996368408203,3.945632219314575
740000,750001,17,3,249,214,1,48352.8828125,232.5254364013672,96.2000503540039,25.423892974853516,14.918975830078125,8.402901649475098,6.979720592498779,5.4682464599609375,3.8551063537597656,3.0713369846343994,2.7948379516601562,2.4749596118927,2.2998571395874023,2.194740056991577,2.1382551193237305,1.8892000913619995,1.6590749025344849,20330.330078125,22.172277450561523,3.0512099266052246
745000,755001,17,3,249,216,0,48639.4453125,232.38462829589844,82.84374237060547,26.671340942382812,12.578193664550781,9.245780944824219,5.985733985900879,5.173466682434082,4.428179740905762,3.474773406982422,3.3948285579681396,3.012303590774536,2.6124634742736816,2.228685140609741,2.071075916290283,1.9895654916763306,1.7577792406082153,20455.828125,20.42992401123047,2.9409141540527344
745000,755001,17,3,249,216,1,48637.265625,231.4980926513672,82.63957214355469,27.77520179748535,12.67326831817627,7.804244518280029,5.352155685424805,4.584682464599609,4.05997371673584,3.1103670597076416,2.7979118824005127,2.615767240524292,2.4568684101104736,2.3543806076049805,2.18272066116333,1.922830581665039,1.8876497745513916,20455.171875,20.383237838745117,2.8854076862335205
750000,760001,17,3,254,214,0,49660.64453125,225.74185180664062,86.19654083251953,27.360624313354492,15.174680709838867,7.994143486022949,5.708541393280029,4.808196067810059,4.277891635894775,3.281672954559326,2.963233232498169,2.5877161026000977,2.4960384368896484,2.2710041999816895,2.122018337249756,1.884255051612854,1.5968213081359863,20882.642578125,21.557703018188477,3.432399034500122
750000,760001,17,3,254,214,1,49610.37109375,224.1847686767578,86.69230651855469,27.338979721069336,14.373581886291504,8.205702781677246,5.694912433624268,4.607782363891602,3.433786630630493,3.185067653656006,2.91517972946167,2.6378579139709473,2.629815101623535,2.34663462638855,2.1235311031341553,1.8979781866073608,1.7178171873092651,20861.421875,21.243072509765625,2.9378106594085693
755000,765001,17,3,246,211,0,48308.2578125,238.2913818359375,91.89109802246094,28.281278610229492,16.198219299316406,8.099907875061035,5.381638050079346,4.569025993347168,4.290724277496338,3.422760248184204,3.3795340061187744,2.8647899627685547,2.2495696544647217,2.1667404174804688,1.9981600046157837,1.9170609712600708,1.7341398000717163,20327.240234375,21.128501892089844,2.90230655670166
755000,765001,17,3,246,211,1,48322.203125,238.25900268554688,92.39639282226562,28.02384376525879,17.46004295349121,9.001690864562988,5.844017028808594,4.28047513961792,3.4195311069488525,3.2357938289642334,3.0879859924316406,2.8868303298950195,2.5236432552337646,2.2906980514526367,2.2591168880462646,2.027162551879883,1.8751871585845947,20333.228515625,21.513792037963867,2.998492956161499
760000,770001,17,3,246,209,0,48737.45703125,233.66957092285156,79.32108306884766,23.457536697387695,11.959721565246582,7.230419158935547,5.119334697723389,3.9051945209503174,3.3416974544525146,3.2066078186035156,2.7779226303100586,2.6139121055603027,2.430832862854004,2.272521495819092,2.0173988342285156,1.6639807224273682,1.4822436571121216,20496.2890625,20.42357635498047,2.95397686958313
760000,770001,17,3,246,209,1,48707.77734375,234.05393981933594,78.49420928955078,23.146869659423828,11.492742538452148,6.930068492889404,6.570119380950928,3.721932888031006,3.65632963180542,3.2337584495544434,3.0790441036224365,2.552131175994873,2.4286458492279053,2.160606861114502,2.001133680343628,1.7398481369018555,1.670718789100647,20483.716796875,20.4263858795166,3.315723180770874
765000,775001,17,3,252,213,0,49246.0078125,232.4220428466797,86.01345825195312,25.44615936279297,12.24665355682373,6.966859340667725,5.3987603187561035,4.219541549682617,3.962340831756592,3.336129665374756,3.0452568531036377,2.8063621520996094,2.5154635906219482,2.1518537998199463,2.0309789180755615,1.9430474042892456,1.8129734992980957,20712.2890625,20.835372924804688,3.063375234603882
765000,775001,17,3,252,213,1,49228.5625,233.1625213623047,83.93440246582031,25.941171646118164,11.511948585510254,6.9112372398376465,4.707152366638184,4.0455217361450195,3.474925994873047,2.9935495853424072,2.9367501735687256,2.8478548526763916,2.366753101348877,2.2182424068450928,2.14749813079834,1.8270076513290405,1.6783256530761719,20706.173828125,20.42572593688965,2.906771659851074
770000,780001,17,3,252,219,0,49080.01171875,226.41221618652344,84.48692321777344,25.306241989135742,12.842585563659668,8.875341415405273,5.7159552574157715,4.387670040130615,3.7508513927459717,3.5396621227264404,3.404452323913574,3.302257776260376,2.8015308380126953,2.503720998764038,2.233156681060791,1.8600704669952393,1.7687058448791504,20655.287109375,20.698253631591797,2.8136563301086426
770000,780001,17,3,252,219,1,49011.78125,224.5936737060547,85.85610961914062,25.620786666870117,12.644060134887695,8.937509536743164,6.131181240081787,4.556632041931152,4.104378700256348,3.7460763454437256,3.6175384521484375,3.051694869995117,2.6230275630950928,2.59731125831604,2.405306816101074,2.110806703567505,1.9432041645050049,20625.9296875,21.158647537231445,2.8310470581054688
775000,785001,17,3,253,223,0,49477.94921875,232.0077667236328,86.25387573242188,30.249744415283203,13.071676254272461,7.558626651763916,5.567839622497559,3.945063591003418,3.802035331726074,3.6122450828552246,3.3034775257110596,2.6228857040405273,2.449669361114502,2.306887626647949,2.265953540802002,1.9966793060302734,1.8129223585128784,20807.677734375,20.95676612854004,3.1321680545806885
775000,785001,17,3,253,223,1,49480.9921875,231.80043029785156,86.19744110107422,29.11443328857422,12.90082836151123,7.331413745880127,5.838270664215088,4.565277576446533,3.541246175765991,3.318660020828247,3.090503454208374,2.7623770236968994,2.5036566257476807,2.2125484943389893,2.1258697509765625,1.8484770059585571,1.788877010345459,20808.900390625,20.739070892333984,3.3142683506011963
780000,790001,17,3,256,218,0,49641.6015625,253.49160766601562,85.95189666748047,26.48198890686035,14.327320098876953,7.5448479652404785,4.893826007843018,4.025488376617432,3.513331174850464,2.8055379390716553,2.6902241706848145,2.5771474838256836,2.3709187507629395,2.225663900375366,2.0956196784973145,1.822696566581726,1.6625767946243286,20865.98046875,21.185043334960938,2.8637564182281494
780000,790001,17,3,256,218,1,49635.8125,255.6462860107422,86.05684661865234,27.098047256469727,14.040043830871582,8.009649276733398,4.603400230407715,3.829120635986328,3.3082993030548096,3.1672091484069824,2.8035993576049805,2.547300100326538,2.340761423110962,2.066645860671997,1.9750897884368896,1.9172749519348145,1.732554316520691,20863.70703125,21.520200729370117,2.7351293563842773
785000,795001,17,3,251,220,0,49028.2421875,254.187255859375,77.62674713134766,21.89617156982422,10.904261589050293,8.10733699798584,5.102073669433594,3.9137933254241943,3.1595969200134277,2.823936700820923,2.598689556121826,2.501077651977539,2.211669683456421,2.109370470046997,1.9517951011657715,1.788577914237976,1.658860206604004,20623.951171875,22.24640464782715,2.926798105239868
785000,795001,17,3,251,220,1,49026.640625,253.4085693359375,79.30427551269531,21.455703735351562,11.741244316101074,8.101973533630371,5.853974342346191,3.5982658863067627,3.4001517295837402,3.368788719177246,2.931877613067627,2.6085057258605957,2.336883068084717,2.2364416122436523,1.952345848083496,1.8755874633789062,1.7649104595184326,20623.8515625,22.146411895751953,3.264911413192749
790000,800001,17,3,252,208,0,49354.10546875,263.47100830078125,76.59577941894531,27.1571044921875,13.992302894592285,10.738556861877441,4.7249836921691895,3.8148374557495117,3.269035577774048,2.652186870574951,2.540311813354492,2.340131998062134,2.2889909744262695,1.902237892150879,1.6487183570861816,1.5342135429382324,1.479404091835022,20752.90625,21.079700469970703,2.6790719032287598
790000,800001,17,3,252,208,1,49346.41796875,260.4543762207031,76.12289428710938,26.916746139526367,11.83811092376709,8.887431144714355,5.355967044830322,3.9515936374664307,3.4972829818725586,2.7990355491638184,2.549482583999634,2.287653923034668,2.1025118827819824,2.0223958492279053,1.8354742527008057,1.6931132078170776,1.65964937210083,20750.181640625,20.754911422729492,2.5673253536224365
795000,805001,17,3,251,224,0,49559.97265625,258.2934875488281,86.64579772949219,23.034822463989258,14.635843276977539,7.440080642700195,4.930929183959961,4.078519344329834,3.42270827293396,2.98351788520813,2.896432876586914,2.5878491401672363,2.449584484100342,2.260911226272583,2.007685422897339,1.8807518482208252,1.671352505683899,20850.818359375,20.789745330810547,2.8801348209381104
795000,805001,17,3,251,224,1,49536.5234375,259.36175537109375,86.08574676513672,22.50996208190918,13.842157363891602,7.142861366271973,4.908548355102539,4.008572578430176,3.422194719314575,3.2921555042266846,3.0341358184814453,2.7075092792510986,2.5545153617858887,2.14966082572937,1.9726427793502808,1.693253517150879,1.4751307964324951,20840.859375,20.582988739013672,3.138137102127075
800000,810001,17,3,251,211,0,49425.66796875,230.57186889648438,83.26374053955078,26.894012451171875,14.450037956237793,7.711522102355957,5.477649211883545,4.100719928741455,3.8496108055114746,3.249509811401367,3.0601511001586914,2.7489612102508545,2.3252079486846924,2.2141380310058594,2.166691303253174,1.931126594543457,1.6627745628356934,20784.42578125,20.432762145996094,3.162672281265259
800000,810001,17,3,251,211,1,49386.47265625,230.1815948486328,83.8582534790039,26.75020980834961,15.359570503234863,8.042335510253906,5.335973262786865,4.5776190757751465,4.020985126495361,3.637695074081421,2.8833324909210205,2.6718149185180664,2.443763017654419,2.264218807220459,2.2344419956207275,1.869327425956726,1.7288137674331665,20768.544921875,20.204666137695312,3.2305185794830322
805000,815001,17,3,250,215,0,49081.40625,231.77597045898438,78.81242370605469,22.123910903930664,12.106836318969727,7.756253242492676,4.5850677490234375,4.006885528564453,3.2157979011535645,2.72485089302063,2.654280662536621,2.41986083984375,2.208970546722412,2.0103964805603027,1.8672056198120117,1.6719557046890259,1.576816439628601,20659.576171875,19.898693084716797,3.046922445297241
805000,815001,17,3,250,215,1,49074.40234375,232.14517211914062,78.70201110839844,22.285860061645508,12.175627708435059,7.59361457824707,4.724740505218506,3.9901211261749268,3.334475517272949,3.0345427989959717,2.8441007137298584,2.4034414291381836,2.327763557434082,2.0445613861083984,1.976514220237732,1.8307591676712036,1.5839582681655884,20656.427734375,19.63884925842285,2.852202892303467
810000,820001,17,3,252,220,0,49649.5625,238.41505432128906,95.08612060546875,27.37441062927246,12.743452072143555,6.407827377319336,4.54470682144165,3.5856332778930664,3.2673184871673584,2.6434454917907715,2.388634443283081,2.315180778503418,2.087099313735962,1.9221879243850708,1.7935161590576172,1.601683497428894,1.4823676347732544,20879.2421875,21.693828582763672,2.304032802581787
810000,820001,17,3,252,220,1,49635.73046875,238.4506378173828,96.12956237792969,28.09336280822754,12.869208335876465,6.48771333694458,4.439558029174805,4.30764102935791,3.2656705379486084,3.2003800868988037,2.7442283630371094,2.4040443897247314,2.252311944961548,2.128133773803711,2.0369062423706055,1.7813433408737183,1.6873953342437744,20873.14453125,21.530248641967773,2.3201494216918945
815000,825001,17,3,254,218,0,50102.9140625,220.94268798828125,90.12120056152344,26.996604919433594,14.223079681396484,8.379982948303223,4.3135833740234375,4.182469367980957,3.2449581623077393,3.1430740356445312,2.829301357269287,2.437854766845703,2.3197743892669678,2.0848934650421143,1.8148950338363647,1.7128281593322754,1.5660641193389893,21073.810546875,20.74681282043457,2.8648529052734375
815000,825001,17,3,254,218,1,50109.66015625,222.00770568847656,90.26699829101562,27.003559112548828,14.06321907043457,7.868050575256348,6.202175617218018,4.1328911781311035,3.275604248046875,3.068451404571533,2.762777805328369,2.705510139465332,2.4274725914001465,2.299344062805176,2.0507209300994873,1.7062348127365112,1.5287350416183472,21076.046875,21.117053985595703,2.7175660133361816
820000,830001,17,3,252,215,0,49870.99609375,238.9629364013672,86.67833709716797,29.7058162689209,11.496267318725586,7.572658061981201,4.544644832611084,4.168308734893799,3.049248218536377,2.626600980758667,2.275754451751709,2.233509063720703,2.1658780574798584,1.8818970918655396,1.814653992652893,1.6787956953048706,1.5589971542358398,20980.287109375,20.895906448364258,2.513739585876465
820000,830001,17,3,252,215,1,49919.359375,238.417236328125,87.40951538085938,29.64598846435547,11.189126968383789,6.829960823059082,5.275876998901367,4.117152214050293,3.3936729431152344,2.8952555656433105,2.7207415103912354,2.4986572265625,2.163613796234131,2.079127073287964,1.9716544151306152,1.8432117700576782,1.6885018348693848,21001.265625,20.75286293029785,2.7798047065734863
825000,835001,17,3,252,219,0,49390.31640625,234.32656860351562,85.14674377441406,27.420656204223633,11.834908485412598,6.071629524230957,4.474445819854736,3.512007713317871,2.8483664989471436,2.5179226398468018,2.464794874191284,2.211677312850952,2.0664873123168945,1.9516717195510864,1.829788327217102,1.6956756114959717,1.57655930519104,20771.12109375,20.708080291748047,2.6399900913238525
825000,835001,17,3,252,219,1,49340.94140625,235.82508850097656,86.12847137451172,27.27298355102539,11.694666862487793,6.385275363922119,4.117412090301514,3.618356466293335,3.211068630218506,2.912458658218384,2.4791455268859863,2.2016167640686035,1.9531159400939941,1.9418498277664185,1.8545866012573242,1.7551218271255493,1.3971301317214966,20750.19140625,20.947240829467773,2.7267873287200928
830000,840001,17,3,250,223,0,49279.8203125,251.95045471191406,84.42610168457031,25.686899185180664,13.24664306640625,6.581695079803467,5.540948390960693,3.7860779762268066,3.4072303771972656,3.0338873863220215,2.8021023273468018,2.56569766998291,2.3322980403900146,2.3118717670440674,1.9737602472305298,1.7654844522476196,1.6219837665557861,20721.9609375,21.264249801635742,2.708620309829712
830000,840001,17,3,250,223,1,49261.20703125,251.06143188476562,85.13294982910156,26.94049644470215,13.409379959106445,7.762348651885986,5.0027594566345215,3.874210834503174,3.4232616424560547,3.0596392154693604,3.009765625,2.7133407592773438,2.3467864990234375,2.149181365966797,1.8821353912353516,1.7819409370422363,1.7466793060302734,20713.208984375,21.219484329223633,2.84749174118042
835000,845001,17,3,253,211,0,49513.3828125,235.86280822753906,80.24923706054688,23.959794998168945,13.021347999572754,7.316092014312744,6.960875034332275,4.330692768096924,3.773422956466675,3.331857919692993,3.139425754547119,2.8281071186065674,2.6172852516174316,2.491227626800537,2.219437599182129,1.981129765510559,1.6168497800827026,20816.318359375,19.70248794555664,3.2155654430389404
835000,845001,17,3,253,211,1,49544.265625,236.59811401367188,80.22706604003906,23.196186065673828,13.07160472869873,7.454205513000488,5.71648645401001,4.81105899810791,4.185980319976807,3.1253247261047363,2.8368711471557617,2.700131416320801,2.4737565517425537,2.282158613204956,2.158902406692505,2.0346527099609375,1.7365692853927612,20828.998046875,19.382389068603516,3.306128978729248
840000,850001,17,3,248,222,0,49022.265625,266.86846923828125,87.73688507080078,23.847837448120117,11.961021423339844,6.835788726806641,4.6865129470825195,3.5198161602020264,3.0083320140838623,2.704773426055908,2.3482422828674316,2.3177037239074707,1.8691128492355347,1.775904893875122,1.7066634893417358,1.657761812210083,1.4142049551010132,20609.216796875,21.643756866455078,2.633065700531006
840000,850001,17,3,248,222,1,49030.32421875,262.8581237792969,86.86624908447266,24.750751495361328,12.991430282592773,6.79796028137207,4.714743137359619,4.071290969848633,3.136765241622925,2.908539295196533,2.524279832839966,2.2521519660949707,2.2127678394317627,1.9256247282028198,1.865682601928711,1.7160694599151611,1.5501787662506104,20612.98828125,21.440959930419922,2.907993793487549
845000,855001,17,3,253,217,0,49636.47265625,246.59661865234375,78.064697265625,24.080663681030273,11.658504486083984,7.385013103485107,5.567287921905518,3.993260383605957,3.707230567932129,3.103628396987915,2.5632426738739014,2.3852221965789795,2.0283567905426025,1.9900813102722168,1.840232253074646,1.7985222339630127,1.5544962882995605,20876.94921875,20.918615341186523,2.638129472732544
845000,855001,17,3,253,217,1,49620.8984375,247.0779571533203,78.08903503417969,24.845460891723633,11.589330673217773,7.69076681137085,4.732364654541016,4.17257022857666,3.7275190353393555,3.4385406970977783,2.7959787845611572,2.5245792865753174,2.3849036693573,2.1185059547424316,1.956506371498108,1.8477015495300293,1.6703112125396729,20870.404296875,20.998899459838867,2.8314974308013916
850000,860001,17,3,251,220,0,49734.23828125,235.49330139160156,79.66730499267578,25.25121307373047,13.262740135192871,8.868008613586426,6.651095867156982,4.2593231201171875,3.4616081714630127,3.1723246574401855,2.8036797046661377,2.6989023685455322,2.295750379562378,2.176353693008423,1.9809584617614746,1.7194209098815918,1.6525651216506958,20925.64453125,20.157060623168945,4.691788673400879
850000,860001,17,3,251,220,1,49734.12890625,235.91897583007812,79.35490417480469,25.19245719909668,13.971604347229004,11.252788543701172,6.482594966888428,4.8827805519104,3.7754883766174316,3.432711362838745,2.9025120735168457,2.5223870277404785,2.2562122344970703,2.023890733718872,1.9192919731140137,1.8959722518920898,1.7289093732833862,20925.9140625,20.351076126098633,6.236053943634033
855000,865001,17,3,254,224,0,49685.01953125,239.19000244140625,85.72569274902344,26.235088348388672,12.397746086120605,6.857954025268555,4.927618503570557,4.150337219238281,2.952277183532715,2.6753506660461426,2.4898805618286133,2.2902541160583496,2.1713812351226807,2.0044870376586914,1.7620033025741577,1.5606964826583862,1.5104119777679443,20891.865234375,19.825637817382812,3.716474771499634
855000,865001,17,3,254,224,1,49672.9140625,240.2950439453125,85.7101058959961,25.7528076171875,12.443185806274414,7.1664509773254395,5.6472296714782715,3.8868801593780518,3.184103012084961,2.780193328857422,2.5429394245147705,2.3475077152252197,2.120873212814331,1.9522252082824707,1.8344814777374268,1.5108363628387451,1.4434858560562134,20886.515625,20.133668899536133,4.828166961669922
860000,870001,17,3,252,222,0,49823.38671875,237.29905700683594,80.44165802001953,23.775821685791016,12.700127601623535,10.726168632507324,7.32086706161499,4.294239521026611,3.523164987564087,3.07743239402771,2.655909299850464,2.54904842376709,2.2074098587036133,2.0902342796325684,1.868479609489441,1.717954397201538,1.6114801168441772,20965.77734375,21.58302116394043,4.239326477050781
860000,870001,17,3,252,222,1,49811.59375,236.6107635498047,78.9261703491211,23.339975357055664,12.949239730834961,11.197945594787598,6.862412452697754,4.629024505615234,3.63012433052063,2.9612162113189697,2.7620127201080322,2.590047836303711,2.53619384765625,2.358747959136963,2.1656100749969482,1.8280874490737915,1.6981984376907349,20960.8203125,21.042428970336914,4.195340156555176
865000,875001,17,3,250,216,0,49439.79296875,241.02557373046875,88.67192840576172,22.984416961669922,12.869644165039062,7.8583855628967285,6.668467998504639,4.348780632019043,3.386303186416626,3.2637929916381836,2.742290496826172,2.396134376525879,2.313448667526245,2.164266586303711,1.8419485092163086,1.7339798212051392,1.535666823387146,20791.634765625,21.48634147644043,3.7291078567504883
865000,875001,17,3,250,216,1,49442.578125,241.64793395996094,89.31898498535156,23.49004554748535,12.890264511108398,7.912359714508057,7.380981922149658,4.5116353034973145,3.3232028484344482,2.9620885848999023,2.7604875564575195,2.61759614944458,2.18601393699646,2.080864429473877,1.873573899269104,1.7679356336593628,1.613607406616211,20793.228515625,21.37118911743164,3.153106689453125
870000,880001,17,3,249,217,0,48929.29296875,204.840576171875,79.40786743164062,27.59346580505371,11.915050506591797,6.901798248291016,4.172023296356201,3.725367784500122,3.4112071990966797,2.9201509952545166,2.5578582286834717,2.1803245544433594,2.033097267150879,1.9273231029510498,1.8337011337280273,1.6731927394866943,1.4308619499206543,20569.97265625,20.336456298828125,2.5660464763641357
870000,880001,17,3,249,217,1,48915.203125,205.10206604003906,79.55463409423828,27.777742385864258,11.078330993652344,6.565386772155762,4.708563804626465,4.238446235656738,3.3010029792785645,2.7782483100891113,2.33361554145813,2.2210047245025635,2.0194449424743652,1.9374350309371948,1.810347318649292,1.6376099586486816,1.4570366144180298,20563.7109375,20.13295555114746,2.4257490634918213
875000,885001,17,3,254,223,0,49917.78515625,232.21873474121094,76.8449478149414,24.987316131591797,11.386971473693848,7.407104015350342,4.789222717285156,4.34787654876709,3.7999513149261475,3.28640079498291,2.8306400775909424,2.6691436767578125,2.4485766887664795,2.324554920196533,1.8260607719421387,1.696319580078125,1.6176069974899292,20983.169921875,20.113140106201172,2.8278586864471436
875000,885001,17,3,254,223,1,49871.61328125,230.3450927734375,76.18441009521484,24.71599769592285,11.176763534545898,7.678645610809326,4.6605706214904785,3.94232177734375,3.4594545364379883,3.167773723602295,2.829209566116333,2.5119080543518066,2.1048452854156494,2.060382127761841,1.9295378923416138,1.7038986682891846,1.527052879333496,20964.220703125,19.217330932617188,2.841646432876587
880000,890001,17,3,248,211,0,49179.03125,228.81068420410156,88.22258758544922,26.754104614257812,14.921918869018555,7.068459987640381,4.816390037536621,3.9574296474456787,3.3019938468933105,3.056471109390259,2.415156126022339,2.389835834503174,2.255713939666748,2.0982747077941895,1.7905515432357788,1.6806640625,1.5009390115737915,20689.99609375,20.298852920532227,3.0729517936706543
880000,890001,17,3,248,211,1,49187.75390625,228.34042358398438,88.1466293334961,26.937671661376953,15.295230865478516,6.722120761871338,4.737346649169922,4.119477272033691,3.0727508068084717,2.935257911682129,2.5907294750213623,2.173125743865967,2.054891347885132,1.9216269254684448,1.775823712348938,1.6643154621124268,1.5775394439697266,20693.5703125,20.24544906616211,2.6460742950439453
885000,895001,17,3,250,219,0,49499.77734375,212.5576171875,73.06536865234375,22.838926315307617,12.701062202453613,6.876996994018555,4.9630022048950195,4.029716491699219,2.9012739658355713,2.6817877292633057,2.409101963043213,2.0056469440460205,1.8436753749847412,1.7428529262542725,1.6782902479171753,1.5524858236312866,1.4999349117279053,20825.48828125,18.40082359313965,2.4027891159057617
885000,895001,17,3,250,219,1,49529.24609375,213.9449920654297,73.13337707519531,22.51654052734375,12.327796936035156,8.007229804992676,5.823495388031006,3.8052682876586914,3.073657512664795,2.90362286567688,2.701242208480835,2.316581964492798,2.2433323860168457,2.0758719444274902,1.8641986846923828,1.8185900449752808,1.5885311365127563,20838.720703125,18.844301223754883,2.661360740661621
890000,900001,17,3,253,220,0,49684.12890625,246.8336944580078,84.59030151367188,25.24235725402832,12.950632095336914,7.0689802169799805,4.646766662597656,3.9680063724517822,3.474976062774658,3.345391035079956,2.873722553253174,2.663818836212158,2.4269063472747803,2.3215715885162354,1.7232286930084229,1.6503103971481323,1.5850290060043335,20879.966796875,21.713306427001953,3.107691764831543
890000,900001,17,3,253,220,1,49704.19921875,245.1485137939453,83.9549560546875,25.38066291809082,12.765117645263672,6.910277843475342,4.9615654945373535,4.269237041473389,3.744802474975586,3.116913080215454,2.894360303878784,2.6680305004119873,2.5370571613311768,2.5262272357940674,2.139241933822632,2.049160957336426,1.8822535276412964,20888.2265625,20.96831512451172,2.8788137435913086
895000,905001,17,3,248,209,0,49172.70703125,244.54129028320312,82.18871307373047,24.537628173828125,9.8381929397583,6.734564304351807,4.895321846008301,3.271951913833618,3.016658067703247,2.5314178466796875,2.1980295181274414,2.1415951251983643,2.0639021396636963,1.9177039861679077,1.7498340606689453,1.5417965650558472,1.4139351844787598,20689.91796875,21.094642639160156,2.3166918754577637
895000,905001,17,3,248,209,1,49176.11328125,244.9283447265625,82.47056579589844,24.56667709350586,10.087642669677734,6.7689313888549805,4.772809028625488,3.7467594146728516,3.4762635231018066,2.9993367195129395,2.6228208541870117,2.3568015098571777,2.186737537384033,1.9447559118270874,1.857949137687683,1.692851185798645,1.5356045961380005,20691.849609375,20.976085662841797,2.5765743255615234
900000,910001,17,3,253,219,0,49905.2109375,250.86549377441406,84.96435546875,27.71005630493164,13.124504089355469,7.111562252044678,5.713961124420166,4.071446418762207,3.263324022293091,3.0352869033813477,2.775705575942993,2.4212634563446045,2.2799153327941895,2.082991123199463,2.0571234226226807,1.7930184602737427,1.5272448062896729,20985.107421875,23.197877883911133,2.42503023147583
900000,910001,17,3,253,219,1,49904.4140625,251.03146362304688,86.2007827758789,28.219114303588867,13.361668586730957,7.656530380249023,4.677547454833984,3.9448530673980713,3.845038890838623,3.227226972579956,2.9446043968200684,2.4034578800201416,2.29136323928833,2.1132237911224365,1.886648178100586,1.7566337585449219,1.536407709121704,20984.4453125,22.84340476989746,2.011007308959961
905000,915001,17,3,251,220,0,49655.51953125,247.03433227539062,85.066650390625,26.023483276367188,14.344988822937012,6.239307403564453,4.496549606323242,3.639096736907959,3.0059151649475098,2.8145840167999268,2.2916197776794434,2.2098307609558105,2.0455620288848877,1.7687733173370361,1.7401065826416016,1.596067190170288,1.4821844100952148,20884.126953125,22.104618072509766,2.4573960304260254
905000,915001,17,3,251,220,1,49638.5234375,247.48574829101562,84.91806030273438,26.242168426513672,14.39574146270752,6.881183624267578,4.7703094482421875,3.5150153636932373,2.891143560409546,2.3680226802825928,2.236131191253662,2.136566400527954,2.03086519241333,1.7755162715911865,1.6509336233139038,1.536189317703247,1.466288685798645,20877.279296875,21.687232971191406,2.5242538452148438
910000,920001,17,3,253,218,0,49801.06640625,239.61422729492188,79.16503143310547,28.693954467773438,14.91467571258545,7.730288028717041,4.942829132080078,4.310575008392334,3.793962240219116,3.0066733360290527,2.8524365425109863,2.749516010284424,2.342251777648926,2.035177707672119,1.9631456136703491,1.7987239360809326,1.6166222095489502,20945.181640625,20.71150779724121,2.8141603469848633
910000,920001,17,3,253,218,1,49782.78125,242.93728637695312,78.53694915771484,28.745912551879883,15.168607711791992,7.848913669586182,6.406765937805176,4.811417579650879,3.748788356781006,3.125112771987915,2.899597406387329,2.6901419162750244,2.2880682945251465,2.1896073818206787,1.9706462621688843,1.906151533126831,1.7868287563323975,20937.9375,20.832637786865234,2.557593822479248
915000,925001,17,3,253,217,0,49928.1640625,242.5732879638672,92.39437866210938,27.318326950073242,13.138199806213379,7.235480308532715,4.961732864379883,3.7844836711883545,3.309187173843384,2.7862982749938965,2.6052162647247314,2.2401580810546875,2.106839179992676,1.9995763301849365,1.815616250038147,1.737597942352295,1.6267865896224976,20991.5,22.86132049560547,2.624382972717285
915000,925001,17,3,253,217,1,49892.58203125,242.93531799316406,93.59428405761719,27.37159538269043,12.543368339538574,7.66879940032959,4.93932580947876,4.301738739013672,3.3374123573303223,3.065138339996338,2.833846092224121,2.388045072555542,2.1005523204803467,2.0049362182617188,1.8405779600143433,1.6944760084152222,1.492558240890503,20977.404296875,22.727949142456055,3.0560407638549805
920000,930001,17,3,254,210,0,49868.56640625,271.9083557128906,85.52018737792969,26.575883865356445,15.438699722290039,7.335660934448242,4.742184162139893,4.289449691772461,3.4765141010284424,3.2295546531677246,2.851006507873535,2.6009762287139893,2.103558301925659,1.9217934608459473,1.7693495750427246,1.6854232549667358,1.3603477478027344,20960.849609375,20.778873443603516,3.00917649269104
920000,930001,17,3,254,210,1,49876.54296875,271.28857421875,85.24191284179688,26.970226287841797,14.776347160339355,7.57780647277832,5.036067962646484,4.719321250915527,3.387815475463867,2.937622547149658,2.604555130004883,2.4966728687286377,2.2775015830993652,1.9594370126724243,1.9090077877044678,1.765497088432312,1.7009570598602295,20964.22265625,20.490854263305664,2.712246894836426
925000,935001,17,3,252,215,0,50032.51953125,231.29039001464844,84.37428283691406,23.865137100219727,13.538494110107422,7.098348140716553,4.437028884887695,3.608377695083618,3.179520606994629,2.908618688583374,2.6207058429718018,2.4812402725219727,2.3198585510253906,1.9623222351074219,1.9526809453964233,1.5964951515197754,1.4174165725708008,21034.265625,19.665748596191406,2.7472002506256104
925000,935001,17,3,252,215,1,50049.93359375,229.0293731689453,84.09162902832031,23.988224029541016,13.908585548400879,7.172046184539795,4.305867671966553,3.385490894317627,2.9479823112487793,2.882376194000244,2.439181089401245,2.339230537414551,2.0916714668273926,1.9825364351272583,1.7944074869155884,1.6344308853149414,1.6018511056900024,21041.490234375,19.65350914001465,2.4535505771636963
930000,940001,17,3,254,224,0,50092.3515625,222.2490692138672,74.23065948486328,21.777076721191406,12.846805572509766,6.204996585845947,5.140102386474609,3.6480884552001953,3.383680582046509,3.154978036880493,2.7793703079223633,2.648946762084961,2.3827109336853027,2.1209464073181152,1.9189655780792236,1.7933967113494873,1.6520923376083374,21060.88671875,19.994205474853516,3.192054033279419
930000,940001,17,3,254,224,1,50117.97265625,224.0598602294922,75.57803344726562,22.350868225097656,12.851799011230469,6.572789192199707,5.070504665374756,4.842877388000488,3.7202553749084473,3.034619092941284,2.8945796489715576,2.470301866531372,2.3863372802734375,2.219622850418091,2.031442403793335,1.950525164604187,1.7645759582519531,21071.935546875,20.24161148071289,3.709902763366699
935000,945001,17,3,253,220,0,49884.52734375,239.6237335205078,97.63674926757812,24.169099807739258,12.894043922424316,7.256608009338379,4.772623538970947,3.573697090148926,2.9018585681915283,2.588761329650879,2.4050447940826416,2.182753801345825,2.0652477741241455,1.9264687299728394,1.758675456047058,1.5879647731781006,1.5387153625488281,20980.58984375,23.018159866333008,2.449690818786621
935000,945001,17,3,253,220,1,49917.9765625,241.3675537109375,97.01956939697266,25.17845916748047,12.967545509338379,7.059117794036865,5.361857891082764,3.917725086212158,3.2442398071289062,2.602142333984375,2.525158643722534,2.3446483612060547,2.3256654739379883,2.0339736938476562,1.9234373569488525,1.804059386253357,1.6195628643035889,20994.94140625,22.745763778686523,2.374724864959717
940000,950001,17,3,252,218,0,49924.39453125,229.98373413085938,84.0618896484375,24.165380477905273,12.773533821105957,6.619167804718018,4.987630844116211,4.338886260986328,3.7437236309051514,3.4653797149658203,2.842681407928467,2.1587674617767334,2.1378228664398193,1.9288721084594727,1.7936040163040161,1.6922414302825928,1.3427667617797852,21007.83203125,20.114599227905273,2.79490065574646
940000,950001,17,3,252,218,1,49955.5078125,229.89306640625,83.9921646118164,24.46034812927246,14.098774909973145,7.065858840942383,5.176843166351318,5.086086750030518,4.192080974578857,3.7442147731781006,3.04555606842041,2.645155429840088,2.3015527725219727,2.1294548511505127,1.9446521997451782,1.8112071752548218,1.5587546825408936,21021.00390625,20.35671043395996,2.9143741130828857
945000,955001,17,3,255,224,0,50196.79296875,256.8136291503906,90.34197235107422,26.69137191772461,12.950814247131348,7.640887260437012,4.808711528778076,4.43109655380249,3.9329662322998047,3.4145007133483887,3.0805680751800537,2.7754030227661133,2.628460645675659,2.479602575302124,2.2197062969207764,2.0185129642486572,1.8767971992492676,21106.24609375,21.47327995300293,2.931541919708252
945000,955001,17,3,255,224,1,50206.06640625,257.99932861328125,90.28749084472656,26.732784271240234,14.352396965026855,7.343443393707275,5.456310749053955,4.872526168823242,3.705760955810547,3.301241874694824,2.7141098976135254,2.608024835586548,2.33233642578125,2.185926914215088,2.1686291694641113,1.952940583229065,1.7219332456588745,21110.271484375,21.502727508544922,3.260216474533081
950000,960001,17,3,253,222,0,49876.55859375,243.86465454101562,92.91839599609375,28.23355484008789,12.97580623626709,7.415596961975098,5.028626918792725,4.327412128448486,3.547105550765991,3.0926318168640137,2.7794387340545654,2.534263849258423,2.2590372562408447,2.0288989543914795,1.9114540815353394,1.7905097007751465,1.5121679306030273,20963.84375,21.46238136291504,2.945934295654297
950000,960001,17,3,253,222,1,49887.7109375,244.9439697265625,93.72017669677734,28.324026107788086,13.463324546813965,8.026336669921875,5.6039276123046875,4.169931411743164,3.517106533050537,2.834818124771118,2.649287223815918,2.223144292831421,2.1182281970977783,2.0070624351501465,1.9223326444625854,1.8076304197311401,1.6850676536560059,20968.623046875,21.681074142456055,2.8976633548736572
955000,965001,17,3,253,211,0,49855.99609375,225.35330200195312,83.94989776611328,26.45013427734375,13.472918510437012,7.295875549316406,4.614090442657471,3.741338014602661,3.418732166290283,3.2522809505462646,2.8080968856811523,2.126821756362915,2.010051727294922,1.8917055130004883,1.702691912651062,1.6149225234985352,1.4710612297058105,20963.544921875,19.4066104888916,2.5999948978424072
955000,965001,17,3,253,211,1,49852.296875,225.78001403808594,85.49581909179688,26.428998947143555,14.313271522521973,7.852207660675049,6.772069454193115,5.300552845001221,4.7210001945495605,3.8666133880615234,3.3033230304718018,3.0552256107330322,2.783372640609741,2.5040159225463867,2.118544816970825,2.1013119220733643,1.8025050163269043,20961.685546875,19.152202606201172,3.5415596961975098
960000,970001,17,3,254,218,0,50443.765625,224.77273559570312,78.87864685058594,25.161640167236328,10.650760650634766,5.523427963256836,4.5872721672058105,3.6805877685546875,3.4520578384399414,3.1218385696411133,2.629707098007202,2.3656299114227295,2.0419487953186035,1.8716928958892822,1.6617021560668945,1.5552020072937012,1.4071639776229858,21216.181640625,18.733043670654297,2.3704841136932373
960000,970001,17,3,254,218,1,50423.9375,225.4860076904297,78.38124084472656,25.2082576751709,10.760063171386719,6.012094497680664,4.321930408477783,3.705331563949585,3.2004218101501465,2.6970345973968506,2.250822067260742,2.2320022583007812,1.9430838823318481,1.7407000064849854,1.6442809104919434,1.5048425197601318,1.4800153970718384,21207.208984375,18.892385482788086,2.242809772491455
965000,975001,17,3,252,227,0,49586.53515625,248.7291717529297,81.18372344970703,26.924306869506836,10.925503730773926,7.5600175857543945,4.629920482635498,4.119187831878662,3.454111337661743,3.109376907348633,2.909782886505127,2.897717237472534,2.5462892055511475,2.2411649227142334,1.9350227117538452,1.677698016166687,1.6683706045150757,20850.787109375,21.46291732788086,2.9802956581115723
965000,975001,17,3,252,227,1,49542.99609375,247.91372680664062,80.29499053955078,26.418455123901367,12.05671501159668,7.117466449737549,5.874270915985107,4.818058013916016,3.7927236557006836,3.2766644954681396,2.7672832012176514,2.690551519393921,2.4653432369232178,2.286857843399048,2.1732916831970215,1.829295039176941,1.6009626388549805,20831.109375,21.85121726989746,3.0088822841644287
970000,980001,17,3,252,222,0,49711.37890625,257.6552734375,83.93618774414062,27.88066291809082,12.067424774169922,7.5619683265686035,4.675012588500977,3.3635642528533936,3.0186495780944824,2.6740939617156982,2.476653575897217,2.2460122108459473,2.169785737991333,2.041764736175537,1.866994023323059,1.5869513750076294,1.533632755279541,20900.4296875,19.958478927612305,2.541705369949341
970000,980001,17,3,252,222,1,49709.22265625,256.5959777832031,83.03113555908203,27.007198333740234,12.559202194213867,7.427979469299316,4.070481777191162,3.877941846847534,3.0533039569854736,2.8637664318084717,2.37272310256958,2.144580364227295,1.976662516593933,1.9311338663101196,1.7105733156204224,1.5831520557403564,1.4228383302688599,20899.46484375,20.42104148864746,2.3040060997009277
975000,985001,17,3,254,226,0,49781.42578125,248.75633239746094,83.82545471191406,23.20878791809082,12.959033966064453,6.756899356842041,4.130134105682373,3.666361093521118,3.1456704139709473,2.673069477081299,2.462932586669922,2.204558849334717,2.0640084743499756,1.855649471282959,1.610625147819519,1.5513439178466797,1.4358466863632202,20932.314453125,20.007160186767578,2.2075231075286865
975000,985001,17,3,254,226,1,49783.3671875,249.20863342285156,83.61035919189453,22.13942527770996,12.680872917175293,6.528601169586182,4.022748947143555,3.683501720428467,2.886784553527832,2.561002254486084,2.475980520248413,2.188161849975586,2.061124801635742,1.8305656909942627,1.7354282140731812,1.5481241941452026,1.4200494289398193,20933.794921875,19.50309181213379,2.304931879043579
980000,990001,17,3,253,225,0,49477.5,235.29202270507812,84.8507308959961,24.86267852783203,10.107784271240234,7.336393356323242,4.642641067504883,3.4175243377685547,3.08164381980896,2.5092101097106934,2.175919532775879,2.033435821533203,1.9836593866348267,1.8570499420166016,1.7406208515167236,1.6643905639648438,1.3974645137786865,20805.15625,22.422122955322266,2.742048501968384
980000,990001,17,3,253,225,1,49470.203125,235.6118927001953,84.6295394897461,25.6051025390625,10.176745414733887,7.167167663574219,4.618327617645264,3.4800193309783936,3.1069936752319336,2.653615713119507,2.3913400173187256,2.219860076904297,1.9198246002197266,1.8325071334838867,1.7026017904281616,1.4983551502227783,1.407338261604309,20802.66015625,22.60500717163086,2.340033769607544
985000,995001,17,3,252,224,0,50014.06640625,243.3841094970703,86.24356079101562,26.039735794067383,10.980138778686523,6.553889274597168,4.187161445617676,3.575111150741577,3.0490009784698486,2.8999485969543457,2.5842697620391846,2.3700547218322754,2.0556859970092773,1.9501824378967285,1.8860809803009033,1.759108543395996,1.4945263862609863,21032.580078125,19.351043701171875,2.8470938205718994
985000,995001,17,3,252,224,1,49992.921875,242.721435546875,85.24897766113281,26.18659019470215,10.882661819458008,6.743178367614746,4.237451076507568,3.592791795730591,3.534299612045288,3.095125675201416,2.4127731323242188,2.155214786529541,2.07370662689209,1.960644006729126,1.8198052644729614,1.660246729850769,1.3087002038955688,21023.45703125,19.31637954711914,2.3523647785186768
