grad_step,env_steps,window_len,penalty_len,n_windows,unique_eps,critic,sv_01,sv_02,sv_03,sv_04,sv_05,sv_06,sv_07,sv_08,sv_09,sv_10,sv_11,sv_12,sv_13,sv_14,sv_15,sv_16,sv_17,pen_sv_01,pen_sv_02,pen_sv_03
0,10001,17,3,251,10,0,30.969772338867188,5.814277172088623,5.64529275894165,5.286403656005859,5.173933982849121,5.082076549530029,4.957974910736084,4.788843631744385,4.712527751922607,4.66795015335083,4.3827409744262695,4.236853122711182,4.103732585906982,3.9185891151428223,3.89013671875,3.64985990524292,3.3852968215942383,13.61765193939209,5.0077104568481445,4.85329008102417
0,10001,17,3,251,10,1,11.392635345458984,5.3013834953308105,5.079228401184082,5.009217262268066,4.789391994476318,4.713188648223877,4.42846155166626,4.371886730194092,4.035211563110352,3.9492299556732178,3.7757112979888916,3.7114670276641846,3.6343801021575928,3.3515307903289795,3.1182610988616943,2.6588943004608154,2.5009512901306152,5.381723403930664,4.06348180770874,4.041187763214111
5000,15001,17,3,252,15,0,2158.355224609375,66.699462890625,43.124691009521484,32.322837829589844,28.231300354003906,25.20243263244629,22.20784568786621,20.820178985595703,17.9757137298584,15.941155433654785,13.75745677947998,12.80632495880127,11.674181938171387,11.196266174316406,10.882170677185059,10.225892066955566,9.193848609924316,909.589111328125,19.84721565246582,12.851436614990234
5000,15001,17,3,252,15,1,2161.31982421875,65.14334869384766,42.56401824951172,32.96906661987305,29.9641056060791,25.958681106567383,21.60577964782715,20.475059509277344,18.357786178588867,15.275641441345215,14.892801284790039,12.627287864685059,12.30008602142334,12.15837574005127,11.458745956420898,10.460953712463379,10.019330024719238,910.6130981445312,19.843868255615234,13.189294815063477
10000,20001,17,3,254,20,0,1970.550537109375,82.07328796386719,52.39628219604492,38.12691879272461,30.286136627197266,26.606441497802734,24.163854598999023,19.32632827758789,17.205825805664062,15.729799270629883,13.853917121887207,13.2746000289917,12.858633041381836,12.110272407531738,11.615213394165039,11.435415267944336,9.607542037963867,824.7423095703125,22.760202407836914,12.860174179077148
10000,20001,17,3,254,20,1,1973.20947265625,81.40833282470703,53.23816680908203,37.41905975341797,30.238645553588867,26.99759292602539,23.88812828063965,18.351694107055664,16.705631256103516,15.243947982788086,13.952393531799316,12.82163143157959,12.219217300415039,11.424308776855469,11.01602840423584,10.663002967834473,10.0977201461792,824.7094116210938,21.843076705932617,13.836341857910156
15000,25001,17,3,255,25,0,1489.7197265625,91.37427520751953,49.775794982910156,34.68452072143555,29.764753341674805,25.59589195251465,17.248275756835938,15.420319557189941,13.709461212158203,11.306368827819824,9.237847328186035,8.953584671020508,7.859540939331055,6.786740779876709,6.4658050537109375,6.109390735626221,5.965672492980957,627.7890625,20.186540603637695,7.87598180770874
15000,25001,17,3,255,25,1,1482.7662353515625,92.51385498046875,49.983699798583984,34.788856506347656,29.31743621826172,24.523454666137695,15.889601707458496,14.294289588928223,13.436676025390625,9.86788558959961,9.502513885498047,8.034811973571777,6.99353551864624,6.562999725341797,6.4319000244140625,5.936577796936035,4.9998459815979,625.5988159179688,19.84740447998047,8.658618927001953
20000,30001,17,3,254,30,0,1289.4105224609375,100.5531005859375,56.771488189697266,39.9659309387207,26.590576171875,22.785106658935547,16.4222469329834,15.82593822479248,12.332131385803223,10.384284973144531,9.481697082519531,9.170210838317871,7.618745803833008,7.11984395980835,6.407196521759033,6.1545233726501465,5.606931686401367,542.9744873046875,16.85689926147461,9.943146705627441
20000,30001,17,3,254,30,1,1282.4869384765625,101.66156768798828,57.142181396484375,41.5812873840332,27.747982025146484,22.337709426879883,15.816646575927734,13.721051216125488,12.374183654785156,9.85112476348877,8.383118629455566,7.9807233810424805,7.126173973083496,6.625312805175781,6.3198370933532715,5.5089030265808105,5.167560577392578,540.3545532226562,15.510844230651855,8.29429817199707
25000,35001,17,3,253,35,0,2127.601806640625,144.92581176757812,78.1915054321289,49.019039154052734,37.161434173583984,29.125659942626953,24.511865615844727,22.098800659179688,18.426782608032227,14.795843124389648,13.262028694152832,12.738969802856445,12.228793144226074,11.094578742980957,10.654377937316895,10.136869430541992,8.988728523254395,900.7448120117188,23.295501708984375,11.952863693237305
25000,35001,17,3,253,35,1,2122.447021484375,145.7633514404297,77.35987091064453,47.95030212402344,36.75707244873047,30.061599731445312,23.206640243530273,20.858226776123047,17.167236328125,15.163843154907227,12.298328399658203,11.473018646240234,11.130701065063477,9.850720405578613,8.992720603942871,8.714402198791504,7.999042987823486,897.3034057617188,22.31253433227539,11.962590217590332
30000,40001,17,3,245,39,0,3037.654052734375,197.5753173828125,96.3555679321289,61.60100173950195,45.15534973144531,34.17315673828125,28.667512893676758,25.568777084350586,24.240962982177734,17.21611976623535,16.315900802612305,15.265942573547363,13.802841186523438,12.605560302734375,12.515403747558594,11.413276672363281,10.597356796264648,1279.3922119140625,28.345951080322266,14.643577575683594
30000,40001,17,3,245,39,1,3042.26220703125,199.638916015625,97.25968170166016,61.80447006225586,45.66217803955078,35.445716857910156,28.64006805419922,25.317516326904297,23.08000946044922,18.066240310668945,17.12409782409668,15.763089179992676,13.549827575683594,12.652349472045898,11.819863319396973,11.024402618408203,9.80298900604248,1281.31494140625,27.594207763671875,13.678438186645508
35000,45001,17,3,253,44,0,4801.92138671875,220.3558807373047,117.03213500976562,71.03557586669922,62.01917266845703,46.36924743652344,39.05596923828125,35.754581451416016,29.068159103393555,25.60861587524414,21.832916259765625,20.646575927734375,19.47500228881836,17.576156616210938,16.274818420410156,15.699612617492676,14.153803825378418,2026.8670654296875,37.76198196411133,19.64165687561035
35000,45001,17,3,253,44,1,4818.72412109375,220.54576110839844,116.66224670410156,72.37617492675781,60.817745208740234,46.318599700927734,39.187828063964844,37.08692932128906,31.01409912109375,25.14528465270996,21.965559005737305,21.12228012084961,19.101972579956055,18.038530349731445,16.59893226623535,16.208599090576172,13.946873664855957,2033.4041748046875,38.32151412963867,19.488784790039062
40000,50001,17,3,252,49,0,6805.23681640625,289.3554992675781,122.32019805908203,84.02902221679688,61.04429626464844,54.166133880615234,48.44849395751953,39.67583084106445,34.80691146850586,25.671249389648438,23.3084659576416,22.126056671142578,20.852237701416016,19.53941535949707,19.378429412841797,18.191978454589844,16.231998443603516,2851.290283203125,46.15657424926758,22.21797752380371
40000,50001,17,3,252,49,1,6795.76123046875,284.73095703125,121.56359100341797,83.12156677246094,62.052486419677734,56.254329681396484,45.671199798583984,38.07231140136719,35.868370056152344,28.03679084777832,25.249788284301758,22.310062408447266,21.157955169677734,20.7916316986084,18.57451820373535,16.098234176635742,14.673253059387207,2845.404052734375,43.39042663574219,22.200241088867188
45000,55001,17,3,252,54,0,7990.2216796875,257.5263671875,136.91531372070312,91.85151672363281,71.75579833984375,54.81800842285156,44.32113265991211,42.379249572753906,34.140647888183594,29.229888916015625,27.105735778808594,24.2556209564209,22.952539443969727,22.692434310913086,20.775253295898438,20.1854305267334,18.93517303466797,3361.748046875,45.84538650512695,22.27267074584961
45000,55001,17,3,252,54,1,7985.515625,255.06951904296875,136.81932067871094,89.59600830078125,70.5835952758789,54.92656326293945,49.28969192504883,45.44439697265625,36.71837615966797,30.525835037231445,27.230947494506836,25.81614112854004,22.823204040527344,22.164979934692383,21.07562255859375,19.639225006103516,18.299835205078125,3359.420654296875,47.919761657714844,20.798574447631836
50000,60001,17,3,250,60,0,9086.6181640625,338.6204833984375,166.8267059326172,110.71846771240234,84.65301513671875,60.705936431884766,47.5286865234375,43.360137939453125,37.31008529663086,33.46235275268555,29.96181869506836,27.848974227905273,26.55756378173828,25.501861572265625,23.96617889404297,22.622432708740234,22.077869415283203,3836.6298828125,57.27198791503906,28.461366653442383
50000,60001,17,3,250,60,1,9089.9736328125,335.9991455078125,165.4595947265625,108.86344909667969,83.81706237792969,59.80195999145508,51.402896881103516,44.49454116821289,38.06527328491211,33.6627197265625,29.445192337036133,28.392459869384766,27.020885467529297,26.297077178955078,23.5699462890625,22.528438568115234,21.78746795654297,3839.39111328125,54.27181625366211,29.532121658325195
55000,65001,17,3,255,64,0,11096.8427734375,301.3846130371094,177.01129150390625,107.93079376220703,80.87357330322266,67.18876647949219,49.72265625,44.22296142578125,38.64573287963867,35.85665512084961,29.34847640991211,28.668954849243164,24.953588485717773,23.791040420532227,22.417926788330078,21.908119201660156,21.498493194580078,4669.9814453125,53.10344314575195,28.199527740478516
55000,65001,17,3,255,64,1,11089.8564453125,300.0843811035156,175.2278594970703,109.4666519165039,80.87214660644531,68.40839385986328,47.8086051940918,42.93814468383789,36.2994384765625,31.481475830078125,29.47765350341797,27.52862548828125,25.581384658813477,24.739803314208984,22.647403717041016,21.536582946777344,19.47637176513672,4665.9873046875,51.19108581542969,27.191165924072266
60000,70001,17,3,253,69,0,12433.6826171875,305.9198303222656,157.1198272705078,102.92704010009766,84.20488739013672,63.52106475830078,49.192176818847656,45.28758239746094,40.12289047241211,33.85499572753906,29.811569213867188,29.00704574584961,26.295427322387695,25.771175384521484,23.768970489501953,22.876466751098633,21.32530975341797,5216.6064453125,59.5343132019043,32.076297760009766
60000,70001,17,3,253,69,1,12440.5322265625,302.0417175292969,157.49136352539062,107.2278823852539,83.54302215576172,64.57835388183594,51.708580017089844,41.477420806884766,37.418704986572266,32.383209228515625,29.306377410888672,27.558198928833008,26.161075592041016,23.963436126708984,22.79521942138672,21.71724510192871,17.425973892211914,5219.1337890625,58.55965042114258,28.79791259765625
65000,75001,17,3,252,72,0,13881.4326171875,361.6213073730469,179.37371826171875,123.6186294555664,87.27220153808594,68.12435913085938,62.695587158203125,59.34457778930664,49.01654815673828,39.86476516723633,37.196502685546875,31.8746337890625,30.108238220214844,27.183507919311523,26.350618362426758,24.67875099182129,24.105770111083984,5822.330078125,68.41529846191406,31.93680191040039
65000,75001,17,3,252,72,1,13874.3564453125,360.1166687011719,175.60569763183594,122.70169830322266,87.60572814941406,68.44540405273438,61.447845458984375,58.15589904785156,44.032073974609375,41.556915283203125,36.87302017211914,30.789670944213867,29.29253387451172,26.218605041503906,24.417224884033203,22.662832260131836,21.646249771118164,5820.14453125,66.63876342773438,31.05155372619629
70000,80001,17,3,251,74,0,14733.8681640625,332.5247802734375,154.65740966796875,97.82373046875,79.17398834228516,63.09343719482422,56.23661422729492,47.3942756652832,39.565147399902344,33.224178314208984,31.013647079467773,29.023801803588867,27.43082618713379,26.628925323486328,24.77400016784668,21.788476943969727,21.14211082458496,6207.462890625,54.61688995361328,29.91008949279785
70000,80001,17,3,251,74,1,14726.7626953125,332.4184265136719,154.04367065429688,103.91088104248047,82.04843139648438,62.97757339477539,54.392913818359375,48.487735748291016,45.201717376708984,34.4040641784668,30.420242309570312,29.103605270385742,26.921079635620117,26.702680587768555,25.0916748046875,22.385255813598633,21.674205780029297,6205.05419921875,54.944664001464844,33.198543548583984
75000,85001,17,3,251,79,0,16470.3359375,359.79925537109375,184.54759216308594,121.27082061767578,83.93671417236328,71.24279022216797,57.52812576293945,51.883182525634766,42.543853759765625,34.03867721557617,32.1485710144043,30.031728744506836,28.15087127685547,26.379180908203125,24.906856536865234,22.935251235961914,20.512975692749023,6940.60791015625,60.689456939697266,26.671920776367188
75000,85001,17,3,251,79,1,16452.25390625,363.973876953125,188.93775939941406,121.146728515625,81.3534927368164,68.81012725830078,55.09470748901367,49.870426177978516,43.53592300415039,34.697113037109375,32.969276428222656,31.676374435424805,27.53106689453125,26.22332763671875,24.500320434570312,22.979524612426758,22.793590545654297,6932.93310546875,59.6192512512207,29.916017532348633
80000,90001,17,3,252,86,0,17073.625,397.2159423828125,173.27536010742188,103.96331787109375,84.96450805664062,61.85953903198242,46.27970886230469,42.86833190917969,38.27008819580078,35.070220947265625,30.73745346069336,27.95566749572754,26.011459350585938,25.67632293701172,24.36530876159668,23.23300552368164,20.6015567779541,7162.41650390625,63.9412727355957,30.290739059448242
80000,90001,17,3,252,86,1,17094.541015625,392.23486328125,176.940185546875,106.42253112792969,86.11489868164062,62.095985412597656,45.85262680053711,43.137332916259766,37.597103118896484,31.678190231323242,29.965015411376953,28.310359954833984,25.971811294555664,24.729001998901367,22.226898193359375,21.872652053833008,20.441633224487305,7167.302734375,64.3545913696289,25.539064407348633
85000,95001,17,3,251,89,0,17413.478515625,413.4780578613281,198.4550018310547,131.64537048339844,77.34212493896484,63.83794403076172,54.60396194458008,43.96644592285156,41.78700637817383,38.54322052001953,32.06939697265625,30.667646408081055,29.240489959716797,25.253515243530273,24.95073127746582,22.25905990600586,21.814680099487305,7328.427734375,62.50661849975586,27.62512969970703
85000,95001,17,3,251,89,1,17435.544921875,411.1845703125,198.59243774414062,130.85186767578125,77.94799041748047,64.38057708740234,57.25654983520508,51.709903717041016,43.07090759277344,37.25126266479492,31.671234130859375,30.458059310913086,27.633235931396484,26.670358657836914,24.895763397216797,22.452999114990234,20.696060180664062,7335.78662109375,59.91265869140625,29.776758193969727
90000,100001,17,3,249,91,0,18024.29296875,318.9808349609375,171.5187530517578,106.9640121459961,78.87494659423828,61.154151916503906,47.59638977050781,41.995418548583984,37.090694427490234,31.945772171020508,29.52916717529297,27.206510543823242,24.790584564208984,23.84134292602539,21.712312698364258,20.60214614868164,19.603092193603516,7592.22607421875,62.46155548095703,26.732324600219727
90000,100001,17,3,249,91,1,18017.357421875,323.07916259765625,175.91624450683594,106.69696807861328,86.01963806152344,66.0172119140625,50.325103759765625,46.18180847167969,39.002708435058594,33.86756134033203,31.356664657592773,30.634462356567383,29.192598342895508,27.88584327697754,26.625802993774414,25.454519271850586,21.874961853027344,7588.9794921875,65.60464477539062,30.10056495666504
95000,105001,17,3,249,96,0,18320.607421875,395.0785827636719,170.20973205566406,100.45895385742188,86.92084503173828,61.64243698120117,50.958534240722656,47.07559585571289,41.034576416015625,37.7659912109375,30.184236526489258,29.253318786621094,28.233539581298828,25.27457618713379,22.823179244995117,22.24025535583496,21.374099731445312,7684.33056640625,51.4627799987793,34.62897491455078
95000,105001,17,3,249,96,1,18318.9140625,397.0757751464844,170.12484741210938,99.90296173095703,87.66461944580078,63.94428253173828,50.55262756347656,46.640811920166016,37.94144058227539,34.16804504394531,31.649700164794922,28.36613655090332,26.672365188598633,24.447614669799805,23.046100616455078,22.092559814453125,19.92561912536621,7681.15478515625,58.04940414428711,28.454504013061523
100000,110001,17,3,254,102,0,19090.42578125,393.944091796875,191.15184020996094,119.15303802490234,84.6341552734375,62.459632873535156,54.390296936035156,50.006473541259766,38.320743560791016,37.94621276855469,33.66009521484375,27.137842178344727,25.63033676147461,24.461261749267578,24.28819465637207,22.553255081176758,21.37641716003418,8028.68994140625,66.79881286621094,27.305850982666016
100000,110001,17,3,254,102,1,19085.84375,393.45904541015625,188.83778381347656,122.46028137207031,80.15141296386719,64.03360748291016,55.982181549072266,50.93011474609375,37.85088348388672,36.868431091308594,34.75770950317383,31.991073608398438,28.81839942932129,27.60314178466797,26.040712356567383,25.55730438232422,23.93869400024414,8024.28076171875,63.61268997192383,30.649822235107422
105000,115001,17,3,252,109,0,19845.794921875,321.9172058105469,174.456298828125,111.04805755615234,74.53943634033203,60.611083984375,47.96014404296875,46.669532775878906,39.80763626098633,36.64564514160156,30.143796920776367,29.095203399658203,26.35579490661621,24.998592376708984,24.281408309936523,21.610397338867188,21.306123733520508,8356.1171875,47.98024368286133,28.83039093017578
105000,115001,17,3,252,109,1,19824.7421875,328.01593017578125,174.9369659423828,110.65510559082031,78.18074035644531,65.71025085449219,59.67432403564453,55.48951721191406,45.06452560424805,37.04487991333008,36.27718734741211,30.2491397857666,29.16006088256836,27.698871612548828,25.884305953979492,24.930810928344727,23.419296264648438,8346.1376953125,54.644874572753906,32.77541732788086
110000,120001,17,3,250,107,0,20197.13671875,386.4830627441406,175.50193786621094,114.09022521972656,79.83326721191406,65.62796783447266,52.47421646118164,48.25851821899414,41.376834869384766,39.531944274902344,37.54238510131836,34.95211410522461,31.040021896362305,27.61483383178711,26.21253204345703,23.42038917541504,21.312360763549805,8486.9375,62.79243469238281,32.08183670043945
110000,120001,17,3,250,107,1,20198.25,383.3985290527344,172.6033935546875,113.30207061767578,73.31838989257812,63.554988861083984,56.21602249145508,54.737281799316406,46.626373291015625,38.32836151123047,35.597225189208984,29.30712127685547,28.692670822143555,27.836563110351562,26.38994598388672,24.06569480895996,22.367977142333984,8487.158203125,58.4900016784668,31.320819854736328
115000,125001,17,3,253,105,0,21080.201171875,315.2264709472656,147.6495819091797,96.26427459716797,70.3261489868164,60.7750129699707,53.7933464050293,46.01622772216797,40.11576843261719,34.43745040893555,32.26749801635742,27.683391571044922,25.403173446655273,25.105194091796875,22.60604476928711,20.70996856689453,19.114822387695312,8880.6142578125,48.9571647644043,28.53765869140625
115000,125001,17,3,253,105,1,21058.67578125,313.4237060546875,145.1106414794922,98.44332122802734,70.72196960449219,59.77582931518555,53.85661315917969,45.868370056152344,41.0224609375,36.9660758972168,27.592561721801758,26.736976623535156,25.762414932250977,24.534181594848633,23.29783058166504,22.316036224365234,19.624553680419922,8871.0029296875,48.745487213134766,27.231813430786133
120000,130001,17,3,251,117,0,21004.091796875,390.47320556640625,160.43748474121094,115.41160583496094,79.08863067626953,68.74098205566406,57.48370361328125,49.118194580078125,43.107269287109375,36.830108642578125,31.759069442749023,28.21922492980957,27.570825576782227,26.192861557006836,24.9100399017334,23.54374122619629,20.337461471557617,8843.26953125,49.72471618652344,30.456533432006836
120000,130001,17,3,251,117,1,20994.830078125,388.9317321777344,163.6791534423828,116.54692840576172,80.63497924804688,68.97454071044922,57.57123565673828,48.739402770996094,42.28450393676758,34.09851837158203,32.8974494934082,30.72649383544922,28.855878829956055,27.555830001831055,25.544363021850586,24.209882736206055,20.861299514770508,8837.3291015625,48.61503982543945,32.65671920776367
125000,135001,17,3,254,116,0,21882.59375,440.4011535644531,171.56568908691406,118.51516723632812,95.88237762451172,77.08332061767578,54.06371307373047,52.97058868408203,46.80281066894531,40.12480926513672,33.060829162597656,30.36351203918457,28.406312942504883,26.1761531829834,25.36753273010254,24.168237686157227,19.85833168029785,9221.96484375,69.93075561523438,29.92771339416504
125000,135001,17,3,254,116,1,21862.529296875,442.6158752441406,168.41864013671875,119.5445785522461,93.26058959960938,72.70884704589844,48.32789611816406,44.69450378417969,42.652587890625,39.36894226074219,33.236732482910156,32.517494201660156,30.490312576293945,27.79062843322754,25.260908126831055,24.269264221191406,22.53132438659668,9214.2236328125,64.28824615478516,32.04472351074219
130000,140001,17,3,247,115,0,22355.822265625,391.72918701171875,168.04469299316406,126.4903335571289,85.9745864868164,62.95396423339844,54.296241760253906,45.376121520996094,37.244571685791016,32.75579833984375,31.387916564941406,29.101581573486328,27.891332626342773,26.292600631713867,23.821842193603516,21.471166610717773,21.178863525390625,9398.7998046875,65.9124526977539,29.827381134033203
130000,140001,17,3,247,115,1,22362.08984375,388.8426208496094,170.78927612304688,126.68646240234375,87.4231948852539,68.74480438232422,52.506866455078125,43.630863189697266,41.11787414550781,34.84418869018555,30.080209732055664,28.513614654541016,27.72212791442871,26.91888999938965,24.039079666137695,23.793466567993164,22.40852165222168,9403.193359375,65.75971984863281,25.783679962158203
135000,145001,17,3,251,115,0,21940.650390625,398.5569763183594,178.56204223632812,128.7884979248047,81.97615814208984,72.833251953125,56.212738037109375,48.295772552490234,44.06148147583008,35.494354248046875,33.842079162597656,32.50460433959961,31.0423583984375,28.665817260742188,26.973787307739258,22.89211082458496,19.50352668762207,9232.94921875,61.090118408203125,31.977575302124023
135000,145001,17,3,251,115,1,21908.458984375,407.6916809082031,180.4406280517578,127.46806335449219,80.20793914794922,74.08932495117188,58.40781784057617,48.7637825012207,46.35917663574219,36.77444839477539,34.212833404541016,30.56723403930664,27.414731979370117,26.646940231323242,25.878398895263672,24.827777862548828,21.353736877441406,9221.1103515625,57.975643157958984,30.774127960205078
140000,150001,17,3,252,126,0,23098.74609375,318.8254089355469,166.2039794921875,115.62477111816406,73.95828247070312,61.41371154785156,59.22861099243164,54.669456481933594,46.085567474365234,37.748069763183594,32.85649871826172,31.69693946838379,28.85427474975586,27.865510940551758,26.97359275817871,25.821001052856445,23.210329055786133,9701.1494140625,62.73330307006836,30.354278564453125
140000,150001,17,3,252,126,1,23066.85546875,315.4128723144531,158.1656036376953,108.76934051513672,74.43406677246094,61.02722930908203,56.256900787353516,47.12685012817383,45.096126556396484,34.186058044433594,32.48368835449219,30.996265411376953,29.069169998168945,26.8902645111084,26.357629776000977,23.46681785583496,22.52218246459961,9686.876953125,57.346771240234375,28.532039642333984
145000,155001,17,3,253,126,0,23474.1328125,402.8274841308594,203.14767456054688,117.58736419677734,87.61097717285156,66.66250610351562,54.817115783691406,50.658504486083984,41.99089050292969,35.5693244934082,34.702266693115234,31.105533599853516,28.503082275390625,28.062652587890625,25.276697158813477,23.3541202545166,21.685653686523438,9850.826171875,66.81939697265625,37.06401443481445
145000,155001,17,3,253,126,1,23510.59375,398.5592346191406,198.5071563720703,117.79341125488281,89.0897216796875,70.23365783691406,60.83350372314453,55.748085021972656,45.39921951293945,36.00077819824219,33.26966094970703,31.012365341186523,29.426362991333008,27.850811004638672,24.838592529296875,23.473020553588867,21.46558380126953,9867.046875,66.57933807373047,35.39282989501953
150000,160001,17,3,254,127,0,23702.982421875,454.4557800292969,180.364501953125,114.23993682861328,78.41532135009766,59.227664947509766,55.96577835083008,44.02357482910156,40.071102142333984,38.26476287841797,31.108497619628906,29.79267120361328,27.527929306030273,25.40361785888672,24.512306213378906,23.99700164794922,21.883684158325195,9983.3203125,59.55718994140625,26.040414810180664
150000,160001,17,3,254,127,1,23712.146484375,456.7994689941406,178.5944061279297,110.47183227539062,77.79802703857422,65.92450714111328,58.951560974121094,47.548988342285156,43.36602020263672,36.63969802856445,33.77536392211914,31.05535316467285,30.2663516998291,28.42758560180664,27.918184280395508,26.333518981933594,24.46050262451172,9987.9501953125,60.95476531982422,29.722042083740234
155000,165001,17,3,251,123,0,24019.93359375,409.7183837890625,192.58978271484375,102.64334869384766,74.97391510009766,67.31981658935547,54.72793197631836,50.466064453125,36.720130920410156,31.83989143371582,30.997655868530273,27.72686004638672,24.933656692504883,21.902318954467773,21.77960205078125,21.351409912109375,19.57231330871582,10081.310546875,63.10452651977539,26.326984405517578
155000,165001,17,3,251,123,1,24070.068359375,404.00054931640625,187.70997619628906,102.59024047851562,76.25588989257812,66.19831085205078,56.40255355834961,53.23286437988281,38.384281158447266,31.88448143005371,30.763751983642578,27.79820442199707,27.048681259155273,26.445688247680664,22.87761878967285,22.368505477905273,21.29217529296875,10102.048828125,65.5023193359375,29.52744483947754
160000,170001,17,3,250,127,0,24841.478515625,306.1836853027344,176.26043701171875,111.36299133300781,79.72551727294922,67.68180084228516,52.828704833984375,49.15659713745117,39.206138610839844,34.83029556274414,31.04230308532715,29.87700080871582,25.547033309936523,23.983800888061523,22.80577278137207,21.500612258911133,19.804039001464844,10454.3759765625,60.536376953125,27.30299186706543
160000,170001,17,3,250,127,1,24832.38671875,300.6242370605469,175.42620849609375,111.02074432373047,80.73562622070312,62.12979507446289,51.76344299316406,41.96733474731445,36.43706512451172,34.48903274536133,31.06696891784668,28.629369735717773,27.65679359436035,25.22315788269043,24.554988861083984,23.4224853515625,21.296432495117188,10449.845703125,57.68607711791992,27.70289421081543
165000,175001,17,3,253,133,0,24344.298828125,355.3874816894531,164.08380126953125,118.1051254272461,85.4302978515625,60.67252731323242,48.105892181396484,42.831878662109375,35.77076721191406,33.713951110839844,31.61283302307129,30.723997116088867,28.883636474609375,27.032258987426758,24.541973114013672,23.632108688354492,21.503103256225586,10270.2275390625,57.29528045654297,30.604202270507812
165000,175001,17,3,253,133,1,24305.08203125,353.649658203125,164.24603271484375,113.89441680908203,84.48896026611328,62.83261489868164,52.96526336669922,47.22077178955078,39.96125793457031,33.925716400146484,33.11469650268555,31.701719284057617,30.064361572265625,27.62369155883789,26.441986083984375,25.716249465942383,22.226558685302734,10255.6484375,62.02476501464844,29.023780822753906
170000,180001,17,3,250,137,0,25204.224609375,320.212646484375,184.04400634765625,101.92469024658203,75.99847412109375,63.985042572021484,62.177425384521484,53.53811264038086,41.32438659667969,36.812286376953125,33.66640090942383,31.59783172607422,30.27012825012207,28.99380874633789,27.653535842895508,24.578643798828125,23.239465713500977,10596.75390625,59.357601165771484,29.983613967895508
170000,180001,17,3,250,137,1,25176.9453125,325.9521789550781,183.63336181640625,102.39654541015625,76.55516815185547,63.71409225463867,56.252349853515625,52.657958984375,38.800987243652344,37.810585021972656,37.16759490966797,33.72187423706055,29.95653533935547,28.786487579345703,26.494224548339844,25.67962074279785,21.973133087158203,10585.8955078125,53.974857330322266,29.756254196166992
175000,185001,17,3,250,134,0,25151.498046875,568.3973388671875,180.84385681152344,132.21542358398438,88.1910400390625,70.44123840332031,54.07533645629883,51.60431671142578,43.59770965576172,41.32439041137695,34.35713195800781,30.9036922454834,28.910869598388672,27.57179832458496,26.219432830810547,23.489585876464844,22.573030471801758,10554.7236328125,82.24451446533203,33.80352020263672
175000,185001,17,3,250,134,1,25140.1875,575.5538940429688,182.00465393066406,128.4163055419922,79.74842834472656,71.64537048339844,56.28950119018555,49.798927307128906,43.67527770996094,37.041290283203125,36.86360549926758,31.189659118652344,29.07129669189453,28.216665267944336,26.607532501220703,24.506139755249023,21.229740142822266,10548.8408203125,81.45601654052734,31.664039611816406
180000,190001,17,3,255,146,0,25934.048828125,488.3326416015625,183.76470947265625,118.22588348388672,89.90978240966797,73.46334075927734,58.74799728393555,48.68092346191406,45.45231628417969,41.597835540771484,36.167236328125,33.26728820800781,30.642333984375,29.085371017456055,28.372962951660156,26.122642517089844,25.227603912353516,10883.3447265625,68.548095703125,30.519235610961914
180000,190001,17,3,255,146,1,25952.232421875,482.9667663574219,182.38970947265625,116.75264739990234,91.93513488769531,70.37567901611328,51.574859619140625,47.081016540527344,38.955291748046875,37.78594207763672,33.36390686035156,31.464662551879883,28.69049644470215,26.027435302734375,25.129528045654297,24.355077743530273,22.988676071166992,10891.5576171875,65.00079345703125,31.969223022460938
185000,195001,17,3,252,140,0,26019.98046875,342.29132080078125,174.07138061523438,109.65176391601562,81.23335266113281,66.4256591796875,56.19554138183594,47.7287712097168,46.528099060058594,36.49741744995117,35.72848129272461,32.694969177246094,29.63452911376953,28.77290153503418,27.457462310791016,26.15534210205078,24.905561447143555,10947.5341796875,55.4628791809082,29.7970027923584
185000,195001,17,3,252,140,1,26064.322265625,343.5714111328125,176.72012329101562,113.67613220214844,80.35665893554688,71.16924285888672,61.32042694091797,53.07069778442383,47.74477767944336,38.338134765625,35.839805603027344,33.355499267578125,29.548376083374023,28.684507369995117,27.80833625793457,26.06938362121582,25.217092514038086,10966.6611328125,55.982421875,29.258499145507812
190000,200001,17,3,254,155,0,26615.078125,360.15234375,164.28707885742188,108.26724243164062,84.25537872314453,66.15168762207031,57.510250091552734,48.36216354370117,40.640380859375,33.42486572265625,32.00325393676758,30.534671783447266,29.547147750854492,26.0638427734375,24.53484344482422,23.658323287963867,21.75641441345215,11196.7734375,59.01685333251953,29.24846076965332
190000,200001,17,3,254,155,1,26641.638671875,358.82977294921875,165.83334350585938,108.80120086669922,83.02873992919922,66.8563003540039,55.15034866333008,50.570499420166016,39.36080551147461,35.66215515136719,33.42973709106445,30.11480712890625,27.541118621826172,26.62535858154297,26.080211639404297,24.83369255065918,22.4317569732666,11204.8369140625,55.8952751159668,33.97737503051758
195000,205001,17,3,251,144,0,26641.68359375,488.4706115722656,172.32183837890625,120.32001495361328,84.57643127441406,74.72875213623047,60.97319030761719,49.52291488647461,40.138492584228516,38.14780044555664,32.82464599609375,32.47516632080078,30.431743621826172,28.39464569091797,27.708812713623047,26.82406234741211,23.908262252807617,11198.0341796875,61.44862365722656,32.83960723876953
195000,205001,17,3,251,144,1,26667.95703125,488.6840515136719,173.3572998046875,123.25453186035156,86.63456726074219,75.69779968261719,58.19927215576172,52.99248504638672,41.864383697509766,37.38743591308594,32.69529724121094,31.404932022094727,30.50112533569336,28.10122299194336,27.455978393554688,25.768949508666992,23.1263427734375,11206.8681640625,62.720237731933594,38.214115142822266
200000,210001,17,3,255,152,0,27203.08984375,360.4716491699219,193.85081481933594,116.50106048583984,89.45639038085938,69.54077911376953,52.58995056152344,50.75159454345703,42.46803665161133,36.99265670776367,30.368558883666992,29.781965255737305,27.61294937133789,26.484010696411133,24.1776123046875,22.64111328125,20.160823822021484,11449.5546875,56.47025680541992,25.273042678833008
200000,210001,17,3,255,152,1,27189.322265625,360.9393615722656,194.44488525390625,115.51409912109375,87.8810806274414,73.9022445678711,56.51913833618164,48.87091064453125,44.012168884277344,35.74822235107422,31.63374137878418,29.591890335083008,27.227113723754883,25.079891204833984,24.43902015686035,23.359983444213867,22.90933609008789,11446.451171875,56.80944061279297,25.245737075805664
205000,215001,17,3,252,150,0,26628.99609375,415.0965576171875,181.87510681152344,119.88414764404297,84.44296264648438,62.62309265136719,52.02033996582031,47.7376594543457,42.72945022583008,36.821041107177734,32.04770278930664,27.646324157714844,26.992773056030273,25.976171493530273,24.218425750732422,23.372257232666016,21.221416473388672,11212.2294921875,53.896034240722656,28.851396560668945
205000,215001,17,3,252,150,1,26601.8359375,410.4696350097656,181.74205017089844,122.11717987060547,88.47924041748047,70.75476837158203,56.655517578125,53.962772369384766,42.20969772338867,42.18928527832031,36.42052459716797,32.00259780883789,30.111141204833984,28.310821533203125,26.75835418701172,26.586183547973633,22.018749237060547,11202.9990234375,58.357879638671875,35.062477111816406
210000,220001,17,3,253,152,0,27723.71875,417.8485412597656,181.82876586914062,116.3931655883789,83.17412567138672,65.73682403564453,51.867767333984375,46.708518981933594,44.01504898071289,34.044822692871094,32.311588287353516,30.96050453186035,28.252723693847656,27.551677703857422,25.811002731323242,23.197999954223633,22.4488468170166,11677.671875,58.76033401489258,30.50156593322754
210000,220001,17,3,253,152,1,27674.43359375,415.19671630859375,180.17291259765625,119.98966217041016,84.34639739990234,68.37462615966797,60.13819122314453,53.72580337524414,46.186973571777344,39.72210693359375,34.819671630859375,33.24457931518555,30.850770950317383,28.9615478515625,26.995128631591797,25.716506958007812,23.494367599487305,11659.1025390625,61.74192810058594,33.285377502441406
215000,225001,17,3,250,151,0,27609.46484375,341.0728454589844,189.02682495117188,132.87741088867188,87.54080200195312,61.84667205810547,58.5894889831543,48.058372497558594,40.00895309448242,35.224830627441406,32.990631103515625,31.4935302734375,30.24933624267578,26.75494956970215,25.18329429626465,23.344661712646484,22.426101684570312,11616.107421875,60.084651947021484,31.671091079711914
215000,225001,17,3,250,151,1,27578.376953125,338.6502990722656,181.51422119140625,125.58829498291016,84.9209213256836,63.13783645629883,56.989410400390625,51.22139358520508,40.71844482421875,34.47570037841797,33.60395431518555,30.784652709960938,29.79897689819336,28.75469970703125,27.52960777282715,24.543275833129883,23.80013084411621,11603.7138671875,60.6923713684082,27.481760025024414
220000,230001,17,3,251,147,0,28206.6171875,484.8292236328125,184.77279663085938,127.32807159423828,94.06961059570312,68.71096801757812,55.18597412109375,47.84718704223633,41.714935302734375,35.314632415771484,34.70180130004883,30.685354232788086,29.703868865966797,29.232337951660156,28.49721336364746,26.180416107177734,22.322917938232422,11849.3291015625,78.03350830078125,32.708412170410156
220000,230001,17,3,251,147,1,28216.43359375,484.60137939453125,186.05624389648438,127.4825210571289,95.56742095947266,66.92552185058594,54.84696578979492,46.43077087402344,41.26540756225586,38.9583740234375,33.127418518066406,31.862173080444336,30.873519897460938,29.89805030822754,28.07100486755371,25.451791763305664,23.680875778198242,11854.9404296875,81.5357437133789,32.58445358276367
225000,235001,17,3,250,154,0,28392.755859375,376.1021728515625,172.51612854003906,113.14110565185547,86.72499084472656,66.18464660644531,56.650978088378906,49.62973403930664,42.82773971557617,37.97053146362305,35.275028228759766,33.95240020751953,30.952383041381836,29.419471740722656,28.328182220458984,25.593170166015625,23.760120391845703,11941.484375,58.01630783081055,35.300048828125
225000,235001,17,3,250,154,1,28444.173828125,376.3806457519531,172.7500457763672,115.35424041748047,89.11692810058594,68.30350494384766,53.486202239990234,48.27325439453125,42.1313591003418,37.2045783996582,34.310672760009766,31.41323471069336,30.05274772644043,28.003786087036133,26.35111427307129,25.099245071411133,24.176958084106445,11962.52734375,57.40937805175781,32.566200256347656
230000,240001,17,3,250,155,0,28788.27734375,378.58526611328125,176.60826110839844,116.05422973632812,91.06893157958984,69.65613555908203,54.674442291259766,51.742408752441406,43.007755279541016,38.37053298950195,33.92499542236328,32.54377746582031,31.129281997680664,30.346338272094727,27.90459442138672,26.246135711669922,25.8024959564209,12131.453125,61.214111328125,32.655433654785156
230000,240001,17,3,250,155,1,28836.830078125,375.3915710449219,178.53759765625,120.9547348022461,90.22095489501953,70.9725570678711,55.575740814208984,48.54822540283203,45.009033203125,40.46566390991211,34.50040054321289,32.984886169433594,32.154605865478516,29.025814056396484,28.316011428833008,26.626209259033203,24.064205169677734,12150.244140625,59.28151321411133,35.05659866333008
235000,245001,17,3,252,163,0,29162.9296875,346.0227355957031,174.94236755371094,118.068603515625,88.35169982910156,68.66796112060547,54.541419982910156,47.415626525878906,42.7802734375,34.77953338623047,33.117794036865234,31.947053909301758,30.013166427612305,28.934959411621094,28.28607177734375,26.159332275390625,22.345354080200195,12261.9375,63.223609924316406,30.77981948852539
235000,245001,17,3,252,163,1,29200.232421875,345.2431640625,179.76695251464844,116.89291381835938,88.11865234375,68.77041625976562,54.65095138549805,47.365821838378906,41.032997131347656,34.71820068359375,32.677398681640625,30.681760787963867,29.60781478881836,28.652116775512695,25.821645736694336,25.418352127075195,22.82123565673828,12276.5888671875,60.96108627319336,29.36687469482422
240000,250001,17,3,256,165,0,30208.427734375,378.8271179199219,175.86412048339844,132.58831787109375,92.4944076538086,68.73444366455078,62.17058563232422,48.12424087524414,44.600433349609375,39.514591217041016,34.8372802734375,30.940677642822266,29.299142837524414,28.628625869750977,27.260026931762695,24.24899673461914,23.557231903076172,12716.8154296875,55.22056579589844,33.4492301940918
240000,250001,17,3,256,165,1,30184.787109375,381.42730712890625,179.90887451171875,130.07481384277344,88.91371154785156,71.04866027832031,63.51801681518555,49.86751937866211,42.187835693359375,38.7983283996582,36.53038787841797,33.83757781982422,30.92227554321289,30.26593589782715,26.39300537109375,25.21931266784668,24.875102996826172,12706.275390625,54.02830123901367,34.02184295654297
245000,255001,17,3,253,154,0,30141.37109375,411.8515930175781,241.3353729248047,114.01620483398438,85.62945556640625,63.37900161743164,53.32781982421875,52.19584274291992,43.350460052490234,37.40946578979492,35.92913818359375,31.627893447875977,29.282358169555664,27.1850643157959,26.16123390197754,23.998058319091797,23.36054229736328,12686.1357421875,53.847923278808594,33.33995819091797
245000,255001,17,3,253,154,1,30173.9765625,414.77850341796875,234.97544860839844,112.42733764648438,82.88275146484375,64.2015380859375,50.97008514404297,48.46768569946289,41.50137710571289,38.63786315917969,33.6681022644043,30.910282135009766,30.637475967407227,29.670690536499023,25.67637825012207,24.135692596435547,22.93402099609375,12702.458984375,52.41135025024414,31.843656539916992
250000,260001,17,3,251,167,0,30129.6796875,611.08447265625,233.47940063476562,129.16407775878906,94.14384460449219,79.71125793457031,65.79447937011719,64.94379425048828,58.99803924560547,50.526123046875,37.102298736572266,34.02094650268555,33.49942398071289,31.123552322387695,26.762361526489258,24.954383850097656,24.52558708190918,12661.958984375,82.87964630126953,40.48086166381836
250000,260001,17,3,251,167,1,30191.431640625,594.7808837890625,229.04786682128906,136.45260620117188,83.92547607421875,68.89241790771484,62.52357482910156,52.22685241699219,48.51030731201172,44.848838806152344,34.794681549072266,31.88995933532715,31.557605743408203,28.30678367614746,27.55392074584961,27.388219833374023,23.588491439819336,12689.095703125,78.68563842773438,36.03813934326172
255000,265001,17,3,252,158,0,30416.009765625,360.5671081542969,205.73358154296875,137.1995086669922,94.17532348632812,72.30126190185547,58.93027114868164,53.11880111694336,48.45392990112305,38.32097244262695,35.24177932739258,31.830047607421875,30.4154052734375,28.715307235717773,25.685209274291992,25.208829879760742,23.2969970703125,12783.2958984375,68.85778045654297,31.641389846801758
255000,265001,17,3,252,158,1,30389.685546875,364.0269470214844,203.49801635742188,140.33084106445312,87.95472717285156,69.91899871826172,63.34737777709961,60.34273910522461,46.391178131103516,44.527244567871094,34.61302185058594,33.101905822753906,30.75835418701172,29.63405418395996,28.156845092773438,27.631908416748047,24.903474807739258,12768.8251953125,67.58654022216797,33.65303039550781
260000,270001,17,3,253,161,0,31014.490234375,588.1860961914062,185.9831085205078,121.95670318603516,87.93612670898438,70.12167358398438,62.18169021606445,54.91823196411133,47.450439453125,43.60818862915039,39.17323684692383,35.60545349121094,30.991796493530273,28.147891998291016,27.634639739990234,26.976137161254883,25.19131851196289,13056.271484375,72.21749877929688,32.931541442871094
260000,270001,17,3,253,161,1,30984.603515625,573.8994140625,187.14784240722656,123.12531280517578,95.43299865722656,70.42657470703125,65.36480712890625,56.01832962036133,44.89006042480469,42.43230438232422,41.84183883666992,38.60130310058594,31.722021102905273,29.3898868560791,26.91991424560547,26.588638305664062,24.45095443725586,13045.5341796875,72.78290557861328,35.24078369140625
265000,275001,17,3,251,158,0,31043.830078125,383.7926330566406,201.00584411621094,121.35399627685547,93.21746826171875,67.95354461669922,62.52806854248047,60.73714065551758,47.520687103271484,40.911773681640625,35.627994537353516,33.182373046875,31.542543411254883,28.954036712646484,27.60871124267578,26.592670440673828,22.78536033630371,13071.1552734375,67.18888092041016,32.0579719543457
265000,275001,17,3,251,158,1,31025.689453125,380.6501159667969,206.0061798095703,124.841064453125,95.78945922851562,74.390869140625,70.48706817626953,64.75128173828125,50.14615249633789,41.962135314941406,36.757293701171875,31.93499755859375,30.243085861206055,28.87197494506836,28.062286376953125,25.42691421508789,23.220651626586914,13064.279296875,67.7617416381836,32.28934860229492
270000,280001,17,3,251,169,0,31232.158203125,455.3871154785156,186.27723693847656,116.5461654663086,80.15015411376953,63.960052490234375,52.78035354614258,44.89974594116211,40.60977554321289,32.42552185058594,30.40133285522461,29.329227447509766,28.0439395904541,27.42875099182129,25.734661102294922,23.92430877685547,23.32426643371582,13141.0166015625,56.48881912231445,27.948450088500977
270000,280001,17,3,251,169,1,31254.216796875,458.8868408203125,185.950927734375,115.8539047241211,84.06361389160156,66.65859985351562,63.74419403076172,55.70613098144531,45.72978973388672,37.75905990600586,34.255638122558594,30.93320655822754,29.809236526489258,27.804475784301758,26.370023727416992,24.81932258605957,22.811342239379883,13151.3681640625,58.262908935546875,29.239843368530273
275000,285001,17,3,249,165,0,31251.5703125,478.80035400390625,201.85879516601562,121.66837310791016,96.17877197265625,75.82737731933594,67.19467163085938,50.93617248535156,45.404396057128906,36.155338287353516,34.065467834472656,33.52086639404297,32.957340240478516,31.94866180419922,28.925310134887695,26.911327362060547,25.08464813232422,13165.09375,71.87483215332031,32.53082275390625
275000,285001,17,3,249,165,1,31248.587890625,476.831787109375,196.90504455566406,119.8520736694336,91.45476531982422,71.606201171875,64.93830108642578,50.50297546386719,45.62052536010742,39.288028717041016,37.19489288330078,36.12700653076172,32.53513717651367,29.62303924560547,28.93940544128418,26.772390365600586,26.516826629638672,13163.7939453125,65.65785217285156,35.59726333618164
280000,290001,17,3,250,166,0,32209.181640625,577.8933715820312,192.74566650390625,120.63523864746094,92.86881256103516,69.16433715820312,56.18019485473633,54.393619537353516,39.825443267822266,36.31723403930664,32.578277587890625,29.10400390625,27.89896583557129,26.205686569213867,24.585187911987305,22.982933044433594,22.56818389892578,13548.5595703125,60.21852111816406,29.223777770996094
280000,290001,17,3,250,166,1,32202.9765625,579.8623657226562,192.40232849121094,121.09123992919922,97.5682373046875,70.1736068725586,55.95719909667969,53.511680603027344,40.103965759277344,36.737125396728516,32.364192962646484,31.67344856262207,29.786157608032227,27.134746551513672,25.910396575927734,22.98615837097168,21.91466522216797,13546.822265625,58.52029800415039,28.536230087280273
285000,295001,17,3,252,165,0,32978.55078125,361.4372863769531,177.39027404785156,111.15270233154297,95.20479583740234,64.71605682373047,55.998260498046875,48.60251235961914,41.298927307128906,38.44004440307617,32.20046615600586,29.972583770751953,27.501026153564453,26.668720245361328,24.434593200683594,23.748435974121094,21.874351501464844,13885.8037109375,55.86967468261719,28.228422164916992
285000,295001,17,3,252,165,1,32998.44140625,362.2195129394531,181.79022216796875,114.39144897460938,90.48041534423828,63.865325927734375,53.492252349853516,46.036590576171875,40.95573806762695,37.292659759521484,33.61161804199219,29.88117790222168,28.55245018005371,27.497379302978516,25.592885971069336,23.752172470092773,22.30379867553711,13895.18359375,56.27061462402344,29.9039306640625
290000,300001,17,3,249,172,0,32987.75,610.0634155273438,207.58494567871094,129.8001251220703,91.0437240600586,77.92749786376953,65.58995056152344,64.25670623779297,54.746070861816406,42.91201400756836,42.2213020324707,35.41410446166992,32.74406814575195,31.83553123474121,29.653736114501953,28.660465240478516,24.721471786499023,13875.99609375,78.3365707397461,34.54600143432617
290000,300001,17,3,249,172,1,33017.703125,607.6339721679688,198.91189575195312,136.5225067138672,91.34170532226562,75.2374267578125,62.43926239013672,59.326236724853516,47.57468795776367,38.99774169921875,37.753231048583984,35.43155288696289,33.1409912109375,31.685218811035156,27.050294876098633,25.976442337036133,23.115917205810547,13888.615234375,71.30107116699219,36.61732864379883
295000,305001,17,3,251,175,0,32868.71484375,355.53143310546875,185.6959686279297,120.8708724975586,90.46492767333984,71.0539779663086,60.64720916748047,53.29586410522461,42.75661087036133,37.3939094543457,35.88320541381836,33.663944244384766,33.027244567871094,30.79915428161621,28.60905647277832,25.759502410888672,25.039785385131836,13823.7919921875,61.795448303222656,31.57796287536621
295000,305001,17,3,251,175,1,32861.90234375,354.91143798828125,183.4695281982422,119.8765640258789,90.21751403808594,70.39286041259766,66.82457733154297,59.68770980834961,43.63148880004883,35.59846496582031,34.65299987792969,32.473716735839844,31.20469093322754,30.062034606933594,28.155664443969727,27.890426635742188,23.454008102416992,13820.2080078125,61.972591400146484,30.759506225585938
300000,310001,17,3,246,170,0,33472.16015625,450.9978332519531,174.6927490234375,130.10304260253906,85.64019012451172,70.86516571044922,62.197086334228516,53.293304443359375,47.4239501953125,43.00929641723633,37.55659484863281,33.624244689941406,30.5169620513916,27.33762550354004,26.83195686340332,24.96796417236328,23.111835479736328,14082.2958984375,64.81939697265625,36.10820770263672
300000,310001,17,3,246,170,1,33498.609375,451.9360046386719,180.27725219726562,125.4313735961914,86.99224090576172,69.7462158203125,60.814762115478516,50.384220123291016,45.07171630859375,39.72637176513672,38.43382263183594,30.489025115966797,28.91878318786621,27.368925094604492,24.627239227294922,24.08043670654297,22.757211685180664,14097.03515625,64.41407012939453,35.17156982421875
305000,315001,17,3,253,177,0,33267.94140625,635.1221313476562,178.64901733398438,129.86842346191406,92.29605102539062,73.22219848632812,62.48058319091797,56.98716735839844,45.92210006713867,37.30720520019531,35.656982421875,34.790000915527344,29.311491012573242,26.975141525268555,25.032798767089844,23.45084571838379,23.15080451965332,14015.1435546875,79.79325103759766,30.227664947509766
305000,315001,17,3,253,177,1,33218.3828125,626.6567993164062,175.3883514404297,125.97862243652344,91.75567626953125,74.77574157714844,68.5925521850586,65.04718017578125,49.44276809692383,36.821590423583984,35.48766326904297,33.12044906616211,30.125917434692383,28.516939163208008,27.645057678222656,25.52733612060547,22.721548080444336,13994.4013671875,74.38487243652344,32.616214752197266
310000,320001,17,3,251,171,0,34256.1328125,337.9135437011719,193.20848083496094,115.89757537841797,88.18856811523438,74.28839111328125,61.0904541015625,52.10443878173828,44.58919143676758,38.55670928955078,33.341461181640625,33.090858459472656,29.32162094116211,28.342391967773438,27.13126564025879,23.895742416381836,22.323213577270508,14400.6767578125,61.32820510864258,34.002994537353516
310000,320001,17,3,251,171,1,34180.28515625,338.9413757324219,193.2986297607422,119.86064910888672,89.37574005126953,67.52056884765625,60.149688720703125,49.65046310424805,45.29338073730469,39.66437911987305,33.38983917236328,31.81850814819336,29.319643020629883,27.320051193237305,27.1314754486084,26.184635162353516,23.820541381835938,14368.1748046875,61.69288635253906,29.613073348999023
315000,325001,17,3,255,175,0,35028.61328125,423.654296875,195.01266479492188,112.34780883789062,97.60680389404297,74.35493469238281,63.48922348022461,61.03158950805664,46.97278594970703,41.18344497680664,37.42982864379883,34.98160171508789,33.05641174316406,30.481374740600586,29.53752899169922,27.030284881591797,24.552921295166016,14718.7255859375,69.67005920410156,38.45048522949219
315000,325001,17,3,255,175,1,34957.203125,425.3818664550781,195.11935424804688,119.47027587890625,98.14425659179688,78.67698669433594,62.655914306640625,55.58019256591797,46.349388122558594,40.2247314453125,36.63796615600586,35.02637481689453,31.854198455810547,30.092302322387695,29.355289459228516,27.96242904663086,24.56841468811035,14691.1904296875,68.50757598876953,35.49825668334961
320000,330001,17,3,255,165,0,34461.18359375,347.35443115234375,171.5076141357422,130.2925262451172,100.38224029541016,83.58051300048828,75.78239440917969,73.78585815429688,51.196998596191406,40.928897857666016,36.3060417175293,34.07440948486328,33.121280670166016,30.176437377929688,27.82516098022461,25.23128318786621,22.828994750976562,14504.8359375,75.76290130615234,33.56601333618164
320000,330001,17,3,255,165,1,34464.20703125,347.97747802734375,173.68331909179688,134.27174377441406,92.02598571777344,73.70809173583984,60.78855895996094,53.706512451171875,44.14320373535156,38.03615188598633,34.623779296875,31.955394744873047,30.868200302124023,28.64311408996582,27.292818069458008,24.15030860900879,22.662235260009766,14506.1552734375,67.99584197998047,30.66390609741211
325000,335001,17,3,254,185,0,34536.21875,461.9121398925781,171.33706665039062,127.0535659790039,90.05854797363281,72.65499877929688,57.16248321533203,50.8387565612793,45.88047409057617,38.41455078125,34.643978118896484,33.0484504699707,30.341581344604492,28.73573875427246,27.700878143310547,25.92794418334961,25.17143440246582,14537.490234375,63.48565673828125,31.688072204589844
325000,335001,17,3,254,185,1,34578.59375,466.3062438964844,169.05389404296875,129.32972717285156,90.61539459228516,71.5232162475586,57.315399169921875,51.17061996459961,40.91408920288086,37.546607971191406,35.54501724243164,32.29873275756836,31.634225845336914,28.976167678833008,27.749893188476562,27.269943237304688,24.071474075317383,14554.2177734375,65.44156646728516,31.10245132446289
330000,340001,17,3,249,171,0,34631.0390625,405.9966735839844,186.8951873779297,133.80453491210938,92.97225952148438,81.75569152832031,59.22901916503906,46.31806182861328,43.11492156982422,37.714778900146484,36.049922943115234,33.65293502807617,32.25442886352539,30.610015869140625,28.506813049316406,27.402450561523438,25.114940643310547,14576.2822265625,66.84789276123047,38.91206359863281
330000,340001,17,3,249,171,1,34596.40234375,403.8713684082031,187.86199951171875,132.2705078125,95.28971862792969,78.01219177246094,59.74883270263672,48.18195343017578,41.34584045410156,37.14655303955078,35.427894592285156,31.845582962036133,30.701595306396484,30.13041114807129,28.718225479125977,26.006298065185547,23.24440574645996,14562.1728515625,68.06108093261719,32.47673034667969
335000,345001,17,3,252,185,0,35282.83984375,559.8259887695312,191.35736083984375,125.5501480102539,92.28168487548828,71.22869873046875,64.19878387451172,49.42364501953125,46.645286560058594,38.833351135253906,36.59558868408203,35.28152847290039,31.622211456298828,30.025949478149414,27.046281814575195,24.971725463867188,23.607553482055664,14868.369140625,68.98379516601562,37.12185287475586
335000,345001,17,3,252,185,1,35292.2421875,570.5490112304688,188.8509979248047,127.38204956054688,95.22726440429688,70.53700256347656,67.93185424804688,59.18645095825195,54.33296585083008,42.003414154052734,38.80039596557617,34.707611083984375,32.11655044555664,30.63479232788086,27.64918327331543,26.047569274902344,24.766939163208008,14871.6044921875,71.12838745117188,33.485111236572266
340000,350001,17,3,254,171,0,35935.0390625,380.2006530761719,194.68569946289062,138.02784729003906,90.88592529296875,78.01795196533203,65.78800964355469,51.31893539428711,44.06256103515625,39.816158294677734,37.71879196166992,34.97069549560547,34.115928649902344,32.98545455932617,30.036813735961914,27.61593246459961,26.32563591003418,15125.87109375,72.3880615234375,33.42699432373047
340000,350001,17,3,254,171,1,35883.8203125,374.6355895996094,194.43246459960938,136.2484588623047,93.50354766845703,76.80207061767578,62.833152770996094,50.13552474975586,46.638877868652344,39.61820602416992,38.26462173461914,35.2801399230957,31.354753494262695,29.808122634887695,29.319000244140625,27.604732513427734,26.152860641479492,15106.9638671875,68.67557525634766,30.937820434570312
345000,355001,17,3,250,184,0,36015.3359375,579.9976806640625,235.05662536621094,136.7622833251953,97.7483139038086,77.19583892822266,59.1948356628418,52.349544525146484,48.77777099609375,43.32976531982422,36.678714752197266,33.95332336425781,32.62376022338867,30.90733528137207,29.585620880126953,24.591325759887695,22.98420524597168,15154.0615234375,60.00531005859375,35.35272979736328
345000,355001,17,3,250,184,1,36006.19921875,591.791748046875,241.18338012695312,133.03431701660156,99.72274017333984,75.20697784423828,65.69165802001953,57.32235336303711,45.88066482543945,44.72645950317383,36.63490295410156,33.61992263793945,31.71159553527832,30.27727508544922,27.903820037841797,26.148094177246094,23.396259307861328,15153.1484375,63.71019744873047,34.75479507446289
350000,360001,17,3,250,179,0,35663.56640625,405.56170654296875,183.74325561523438,121.29464721679688,97.26707458496094,77.12043762207031,64.29769897460938,57.0887451171875,42.376190185546875,41.610679626464844,37.45998001098633,33.302982330322266,32.67888641357422,30.914840698242188,28.70965003967285,27.078523635864258,24.720914840698242,15007.154296875,69.82966613769531,34.78286361694336
350000,360001,17,3,250,179,1,35647.1484375,406.5346374511719,187.54067993164062,123.91889190673828,97.53562927246094,75.99761962890625,69.90918731689453,59.01191711425781,48.486141204833984,42.075416564941406,38.13207244873047,36.178932189941406,31.99942970275879,30.76849937438965,29.648616790771484,28.732046127319336,26.040306091308594,14999.4921875,65.24688720703125,34.8764762878418
355000,365001,17,3,249,186,0,36048.75,596.3714599609375,219.4274139404297,132.06358337402344,107.80154418945312,78.21353149414062,70.02092742919922,63.538387298583984,51.47111892700195,43.25128936767578,41.71250915527344,39.36452865600586,36.04020309448242,31.944807052612305,31.17079734802246,27.261377334594727,25.356685638427734,15155.3896484375,74.71949005126953,37.02136993408203
355000,365001,17,3,249,186,1,36003.5,586.379150390625,217.83749389648438,130.12118530273438,110.51437377929688,77.06147003173828,64.79563903808594,58.65925979614258,44.90244674682617,41.05503845214844,40.65470886230469,38.7427864074707,34.298545837402344,33.425819396972656,31.146770477294922,28.882951736450195,26.55333709716797,15136.767578125,70.95475006103516,36.47292709350586
360000,370001,17,3,250,185,0,36118.9375,394.5339050292969,197.56927490234375,133.608154296875,94.54691314697266,76.28997039794922,65.65477752685547,56.888004302978516,49.45155334472656,38.94163131713867,37.2645263671875,35.290157318115234,33.52602005004883,31.523693084716797,29.863309860229492,27.757308959960938,27.197914123535156,15220.3154296875,66.81787872314453,35.12253189086914
360000,370001,17,3,250,185,1,36160.63671875,395.9094543457031,197.30349731445312,136.6218719482422,98.87850189208984,75.79428100585938,65.00736236572266,54.02741241455078,51.200069427490234,39.7340202331543,38.69357681274414,35.589256286621094,33.425376892089844,31.25578498840332,30.01629638671875,28.928030014038086,26.875385284423828,15234.8056640625,68.35249328613281,35.9395751953125
365000,375001,17,3,249,192,0,36136.04296875,443.4783630371094,185.16209411621094,147.4695281982422,98.39694213867188,80.40449523925781,64.03523254394531,53.52192306518555,47.292633056640625,40.532901763916016,38.379417419433594,35.810462951660156,33.414649963378906,31.592504501342773,30.450227737426758,29.141605377197266,27.562559127807617,15213.150390625,69.71952056884766,34.5848388671875
365000,375001,17,3,249,192,1,36160.15234375,447.1253967285156,188.59608459472656,150.19032287597656,98.54104614257812,79.94993591308594,67.1737289428711,58.71281051635742,48.750308990478516,45.48395538330078,40.6229362487793,38.0350227355957,34.89657211303711,33.080440521240234,32.42045974731445,29.252033233642578,28.00425148010254,15220.8984375,71.4365005493164,40.263370513916016
370000,380001,17,3,250,174,0,36872.89453125,422.2423400878906,193.09864807128906,135.90695190429688,101.34807586669922,76.4104232788086,61.85466766357422,49.6783332824707,46.3026237487793,41.94500732421875,37.824440002441406,35.69672393798828,33.45939254760742,31.33587074279785,29.760414123535156,28.004384994506836,24.934350967407227,15513.146484375,68.61139678955078,35.79806900024414
370000,380001,17,3,250,174,1,36916.0,424.2165222167969,195.59388732910156,141.0362091064453,107.60952758789062,80.2000732421875,64.25227355957031,58.306819915771484,54.46644973754883,37.409080505371094,36.03294372558594,33.2042121887207,32.291343688964844,30.478776931762695,27.267494201660156,25.76584815979004,23.378890991210938,15531.294921875,69.76531982421875,30.65009307861328
375000,385001,17,3,255,187,0,37244.5546875,428.5733642578125,233.00997924804688,139.92041015625,94.6800765991211,90.010986328125,69.12129211425781,58.45817184448242,47.388763427734375,40.7674560546875,38.19175338745117,36.707393646240234,35.8006706237793,33.57436752319336,32.09634017944336,30.566829681396484,27.821657180786133,15667.7958984375,74.5274887084961,34.916351318359375
375000,385001,17,3,255,187,1,37255.01953125,434.48992919921875,233.89625549316406,139.73243713378906,96.02061462402344,87.33137512207031,65.61502838134766,60.39238739013672,47.81437683105469,41.149505615234375,38.134925842285156,35.27696990966797,35.156654357910156,32.20478439331055,30.821788787841797,29.909658432006836,27.963542938232422,15672.498046875,74.69102478027344,35.82847595214844
380000,390001,17,3,250,186,0,37146.734375,641.7959594726562,223.67054748535156,142.6138916015625,101.00527954101562,87.3272933959961,71.22054290771484,53.8026237487793,47.74788284301758,40.270103454589844,38.184654235839844,35.578285217285156,33.160003662109375,31.729679107666016,30.209671020507812,28.716419219970703,27.595069885253906,15627.927734375,81.48323059082031,39.42329788208008
380000,390001,17,3,250,186,1,37116.8125,639.0701904296875,219.86837768554688,143.874267578125,101.95069122314453,89.58458709716797,73.04048919677734,60.43434143066406,55.02519226074219,43.75749588012695,38.2110710144043,37.43587875366211,36.209266662597656,33.58842086791992,31.623031616210938,30.94153594970703,27.056556701660156,15613.1015625,83.02014923095703,40.55258560180664
385000,395001,17,3,253,192,0,37657.453125,449.3992004394531,202.7584991455078,121.37340545654297,102.85022735595703,79.63629913330078,63.57692337036133,61.770572662353516,53.1725959777832,36.85314178466797,35.75990676879883,34.179840087890625,32.66539001464844,29.96392059326172,28.76565170288086,26.83135223388672,24.41582489013672,15858.1943359375,65.76641845703125,32.526084899902344
385000,395001,17,3,253,192,1,37657.98046875,450.2874755859375,205.229248046875,125.0477523803711,105.12590789794922,82.92003631591797,64.34042358398438,58.48976135253906,52.59634017944336,39.352752685546875,35.48551559448242,32.50844955444336,31.44963264465332,30.685396194458008,28.448606491088867,26.72494888305664,24.75662612915039,15858.029296875,66.25172424316406,32.30293655395508
390000,400001,17,3,249,187,0,37852.4609375,579.3569946289062,199.2290496826172,116.73797607421875,86.22908020019531,69.66231536865234,61.1802978515625,51.522987365722656,42.18280029296875,40.14810562133789,37.98396301269531,33.04239273071289,31.776857376098633,30.665870666503906,28.54840660095215,27.40772247314453,24.80503273010254,15923.927734375,69.85538482666016,33.01831817626953
390000,400001,17,3,249,187,1,37799.52734375,573.0155639648438,200.53138732910156,119.8902816772461,92.92674255371094,76.71459197998047,69.66697692871094,56.91635513305664,45.05037307739258,41.4665412902832,37.02479553222656,35.536922454833984,31.985286712646484,28.92401695251465,27.51177215576172,26.784610748291016,24.282852172851562,15898.2578125,74.04000854492188,31.78668785095215
395000,405001,17,3,253,179,0,38126.515625,429.9166259765625,202.8883819580078,121.85001373291016,95.35525512695312,75.03898620605469,68.07233428955078,55.163124084472656,45.23847579956055,43.42913818359375,38.32979965209961,34.437660217285156,33.03619384765625,31.61734390258789,30.741758346557617,28.41130828857422,26.649019241333008,16064.87890625,66.80606079101562,35.809364318847656
395000,405001,17,3,253,179,1,38127.46875,432.1009216308594,201.85256958007812,122.7416000366211,92.6158218383789,75.16923522949219,67.31088256835938,62.01795196533203,46.77398681640625,39.60765838623047,37.91867446899414,33.72560501098633,32.50086212158203,31.04298210144043,29.83599853515625,29.046144485473633,25.80600357055664,16065.357421875,66.38329315185547,32.33334732055664
400000,410001,17,3,252,184,0,38998.30859375,374.381591796875,198.4974365234375,139.95556640625,104.5612564086914,84.95096588134766,69.21097564697266,60.66341018676758,48.80563735961914,42.94528579711914,39.137451171875,33.873504638671875,33.017417907714844,32.081321716308594,30.735734939575195,29.597434997558594,28.323040008544922,16416.3125,79.45797729492188,37.507205963134766
400000,410001,17,3,252,184,1,38975.41015625,374.0091857910156,193.52027893066406,140.62747192382812,104.59649658203125,83.15856170654297,69.96240997314453,60.588130950927734,49.94399642944336,41.9133186340332,36.896240234375,36.379940032958984,33.856868743896484,29.86151695251465,28.7016544342041,26.526472091674805,24.643877029418945,16409.298828125,81.21371459960938,36.57258987426758
405000,415001,17,3,249,191,0,38345.36328125,584.5759887695312,272.0840759277344,141.65435791015625,103.41815185546875,73.3917236328125,66.89313507080078,55.14058303833008,51.112876892089844,43.79670715332031,38.96714401245117,36.34746551513672,34.35914611816406,33.053646087646484,31.757543563842773,28.632579803466797,27.593839645385742,16123.45703125,72.42794799804688,38.012351989746094
405000,415001,17,3,249,191,1,38367.0859375,585.5665893554688,267.7113952636719,140.18528747558594,103.69503784179688,75.69389343261719,60.408546447753906,50.61530303955078,46.757904052734375,41.62000274658203,37.881675720214844,36.427734375,33.45610809326172,31.947751998901367,29.869293212890625,29.620695114135742,26.47018814086914,16132.5830078125,65.17430114746094,36.192665100097656
410000,420001,17,3,253,183,0,38906.16015625,377.935791015625,202.2705078125,139.64544677734375,102.1205062866211,78.12622833251953,63.79267501831055,56.40019226074219,46.420013427734375,39.86157989501953,38.27942657470703,35.90391159057617,33.45592498779297,32.82628631591797,31.12911033630371,29.07012367248535,26.853864669799805,16398.3046875,64.94877624511719,34.393531799316406
410000,420001,17,3,253,183,1,38877.0546875,379.1351013183594,207.12838745117188,144.22047424316406,105.38159942626953,78.70198059082031,69.4704818725586,66.63095092773438,46.88740921020508,41.408302307128906,36.987953186035156,35.32426452636719,33.318790435791016,31.256887435913086,28.913522720336914,26.8167781829834,24.576356887817383,16384.099609375,68.33768463134766,32.43882369995117
415000,425001,17,3,252,193,0,39027.8203125,429.7452697753906,219.73387145996094,137.98721313476562,97.74221801757812,79.5894546508789,76.15553283691406,68.29420471191406,49.91872024536133,45.544429779052734,42.97889709472656,39.46065902709961,37.81640625,35.209144592285156,34.4836540222168,32.27482986450195,28.223127365112305,16408.50390625,74.48494720458984,43.33600616455078
415000,425001,17,3,252,193,1,39041.39453125,429.7367858886719,221.8763885498047,134.6964874267578,98.24205780029297,75.5964584350586,66.67129516601562,59.634517669677734,46.19675064086914,45.25102615356445,42.957218170166016,38.77220916748047,35.664466857910156,34.63458251953125,33.44444274902344,31.69618034362793,28.49372100830078,16415.193359375,74.0351791381836,39.918792724609375
420000,430001,17,3,251,190,0,40086.6328125,415.7455749511719,219.52621459960938,142.02793884277344,110.97254180908203,97.01190185546875,82.39165496826172,78.12004089355469,52.08144760131836,45.530784606933594,37.77334976196289,34.290138244628906,32.42730712890625,30.773588180541992,27.806150436401367,25.099939346313477,24.524946212768555,16841.970703125,80.6965560913086,35.53526306152344
420000,430001,17,3,251,190,1,40097.86328125,413.51959228515625,217.68568420410156,141.2451171875,102.87508392333984,82.68190002441406,75.98600769042969,61.70506286621094,48.232765197753906,40.6381721496582,39.637001037597656,34.93314743041992,32.33478546142578,31.089147567749023,30.550073623657227,26.35544776916504,25.413253784179688,16845.9296875,75.43305969238281,36.40221405029297
425000,435001,17,3,251,192,0,39903.41796875,398.8664855957031,191.36627197265625,136.4419403076172,107.55654907226562,79.44966888427734,69.56433868408203,59.270652770996094,50.169822692871094,41.049678802490234,36.01734161376953,33.34938430786133,30.47043800354004,28.671886444091797,27.952903747558594,26.884750366210938,25.12712860107422,16781.759765625,86.8435287475586,39.564327239990234
425000,435001,17,3,251,192,1,39943.58984375,398.6024475097656,191.37396240234375,135.46328735351562,104.7047348022461,75.98362731933594,72.66090393066406,64.41766357421875,51.6103515625,42.35973358154297,40.35803985595703,34.440185546875,33.331111907958984,30.16709327697754,29.909358978271484,29.183055877685547,27.790912628173828,16798.23046875,81.61109161376953,35.865081787109375
430000,440001,17,3,249,198,0,39173.77734375,476.4523010253906,229.6742401123047,128.16055297851562,112.41255950927734,80.89055633544922,68.08490753173828,58.75461196899414,45.19196701049805,41.701446533203125,39.47625732421875,36.284912109375,35.25518798828125,33.45009994506836,30.990842819213867,29.29494857788086,26.20541763305664,16472.166015625,66.4177017211914,31.687374114990234
430000,440001,17,3,249,198,1,39149.1796875,477.2434997558594,233.8428955078125,130.77137756347656,109.79084777832031,83.51319885253906,65.20535278320312,56.102020263671875,48.39194107055664,42.36779022216797,40.23866653442383,35.17213821411133,35.01618576049805,33.66272735595703,31.279176712036133,29.631263732910156,27.779870986938477,16463.3046875,74.86975860595703,35.20061111450195
435000,445001,17,3,256,203,0,40781.74609375,430.6510314941406,180.56939697265625,141.0245361328125,111.84434509277344,78.5443344116211,64.9835433959961,56.47950744628906,51.482540130615234,43.82085418701172,39.479576110839844,38.378257751464844,34.62554931640625,31.63336181640625,31.110862731933594,30.044429779052734,27.982532501220703,17156.96875,69.66372680664062,38.12705612182617
435000,445001,17,3,256,203,1,40784.3984375,425.1191711425781,181.41477966308594,138.77359008789062,106.89776611328125,80.4090576171875,68.1253890991211,58.96391677856445,54.272769927978516,43.48537826538086,38.411338806152344,37.459449768066406,33.97148895263672,32.587730407714844,29.9960880279541,29.446340560913086,26.640947341918945,17156.88671875,73.27747344970703,39.27885818481445
440000,450001,17,3,252,186,0,39881.2421875,583.0520629882812,197.58851623535156,189.92929077148438,117.58321380615234,81.68804168701172,72.288818359375,69.00113677978516,52.157352447509766,47.962493896484375,44.296817779541016,41.996742248535156,36.77583312988281,35.764339447021484,34.92835998535156,32.80740737915039,28.47675132751465,16758.689453125,94.67833709716797,39.26144027709961
440000,450001,17,3,252,186,1,39854.2109375,588.7440795898438,200.54266357421875,192.67034912109375,112.2571029663086,80.50809478759766,70.71997833251953,65.86775207519531,52.02948760986328,50.296226501464844,43.50859451293945,37.6525993347168,36.21662521362305,34.26009750366211,33.41902160644531,29.752849578857422,26.574344635009766,16748.541015625,102.80989074707031,42.21281814575195
445000,455001,17,3,251,191,0,40772.1171875,809.5185546875,201.24583435058594,134.48080444335938,119.00450134277344,99.29959106445312,76.63860321044922,66.81843566894531,46.822906494140625,40.4846076965332,35.859222412109375,33.490421295166016,31.86458969116211,30.614582061767578,28.199777603149414,27.82793426513672,25.62456703186035,17118.57421875,139.63710021972656,32.538753509521484
445000,455001,17,3,251,191,1,40746.02734375,825.6476440429688,201.4774627685547,138.33433532714844,131.5109405517578,95.4083480834961,75.22120666503906,67.59769439697266,46.072486877441406,40.98527908325195,39.570167541503906,35.0248908996582,33.509735107421875,30.86299705505371,30.064481735229492,26.393388748168945,23.96715545654297,17105.984375,134.22813415527344,34.933528900146484
450000,460001,17,3,253,203,0,41426.71484375,569.9599609375,229.40184020996094,141.86988830566406,116.36217498779297,84.49830627441406,75.33592224121094,62.1443977355957,50.299339294433594,42.55057144165039,39.756587982177734,37.11213302612305,35.407066345214844,33.61164093017578,30.660900115966797,30.04720115661621,27.06211280822754,17417.673828125,94.74161529541016,36.62550354003906
450000,460001,17,3,253,203,1,41426.625,574.1690673828125,228.6713104248047,139.08908081054688,116.93131256103516,80.1509780883789,70.66304016113281,60.91816711425781,46.709259033203125,41.32349395751953,38.8867301940918,34.73051834106445,33.003578186035156,31.20897674560547,29.281661987304688,27.4851016998291,26.51055908203125,17418.37109375,85.77094268798828,37.53960037231445
455000,465001,17,3,251,191,0,40705.18359375,449.9310607910156,206.93942260742188,145.5010986328125,111.27080535888672,84.9770736694336,67.01493835449219,62.58268356323242,48.8206672668457,45.57619857788086,38.369441986083984,37.98911666870117,33.7765007019043,32.34756088256836,30.972087860107422,27.524770736694336,24.98134994506836,17152.759765625,69.90521240234375,32.78049850463867
455000,465001,17,3,251,191,1,40738.50390625,448.6528625488281,206.82826232910156,151.110107421875,114.315673828125,84.05473327636719,63.21881103515625,56.80937194824219,47.24192810058594,40.29347610473633,40.144493103027344,35.889404296875,33.3908576965332,31.19483757019043,30.546205520629883,27.63297462463379,25.455812454223633,17166.390625,69.78018188476562,35.2254638671875
460000,470001,17,3,254,197,0,41210.07421875,512.1145629882812,214.94705200195312,140.92196655273438,107.24958038330078,79.9937973022461,76.60159301757812,66.01026916503906,54.502803802490234,46.15989685058594,43.1366081237793,39.21196746826172,36.88143539428711,33.754756927490234,31.686355590820312,30.575468063354492,28.14803695678711,17347.177734375,76.45946502685547,39.18510818481445
460000,470001,17,3,254,197,1,41189.9453125,511.96295166015625,217.41494750976562,139.67538452148438,114.74237823486328,80.64830017089844,75.41983795166016,63.51332473754883,58.090919494628906,52.40987777709961,46.341190338134766,42.25529479980469,39.13716125488281,38.254302978515625,33.79854202270508,31.701444625854492,26.817028045654297,17339.375,74.9929428100586,42.68059539794922
465000,475001,17,3,252,192,0,40987.7890625,434.485107421875,190.7685089111328,156.47816467285156,97.8034896850586,82.11785888671875,66.31290435791016,58.47050476074219,51.731201171875,45.740440368652344,38.32624816894531,37.20783233642578,34.695030212402344,33.17727279663086,29.172582626342773,26.96187973022461,26.050006866455078,17251.623046875,68.7220230102539,33.44036865234375
465000,475001,17,3,252,192,1,40999.4296875,434.3024597167969,192.9995880126953,151.13223266601562,100.57411193847656,84.06877136230469,65.54806518554688,57.59624481201172,51.48004150390625,44.677486419677734,37.9609260559082,36.90935516357422,34.30844497680664,31.992902755737305,31.187835693359375,26.862079620361328,26.624053955078125,17256.923828125,70.22612762451172,34.72459411621094
470000,480001,17,3,254,204,0,41120.29296875,567.8212280273438,215.9504852294922,145.1088409423828,109.36190795898438,88.43743133544922,74.62644958496094,58.85557174682617,48.63587951660156,42.99138259887695,37.29692077636719,36.907859802246094,36.022727966308594,32.98175048828125,30.436031341552734,29.674100875854492,25.759822845458984,17304.734375,77.84571075439453,35.469627380371094
470000,480001,17,3,254,204,1,41077.5234375,565.8312377929688,216.14707946777344,144.26773071289062,109.12593078613281,90.89181518554688,79.61659240722656,65.4836654663086,48.17082595825195,41.4265022277832,38.52518081665039,37.09555435180664,36.09109115600586,35.519203186035156,31.688186645507812,30.132762908935547,28.884523391723633,17286.111328125,82.18152618408203,38.0574951171875
475000,485001,17,3,250,196,0,41731.2578125,593.2363891601562,199.16921997070312,145.88673400878906,105.36272430419922,78.13675689697266,71.71538543701172,61.77080154418945,51.38457107543945,42.94165802001953,40.51247024536133,37.42118835449219,35.33863067626953,32.5755500793457,31.501323699951172,28.450801849365234,26.572162628173828,17528.919921875,65.05805969238281,35.752811431884766
475000,485001,17,3,250,196,1,41749.296875,593.48779296875,204.59930419921875,139.33395385742188,104.48562622070312,83.72467041015625,75.1099853515625,61.64871597290039,53.7935676574707,41.106624603271484,40.23842239379883,37.471290588378906,32.720245361328125,31.710786819458008,30.931974411010742,29.585372924804688,26.859724044799805,17536.44921875,69.1290054321289,36.42778015136719
480000,490001,17,3,252,199,0,42279.85546875,408.9056701660156,202.65296936035156,146.61749267578125,130.7048797607422,98.58003234863281,74.19984436035156,58.45736312866211,47.20969772338867,42.388423919677734,40.09281921386719,37.093238830566406,35.24614715576172,33.82612609863281,31.591285705566406,29.580036163330078,26.05940055847168,17782.767578125,112.62267303466797,37.96504592895508
480000,490001,17,3,252,199,1,42304.61328125,412.2662353515625,207.5508270263672,147.68016052246094,133.32833862304688,94.8646011352539,74.30313110351562,54.47840881347656,47.78522872924805,41.80806350708008,39.724300384521484,36.83780288696289,34.07834243774414,32.6428337097168,30.630035400390625,28.8021297454834,26.911659240722656,17790.546875,118.36131286621094,34.50240707397461
485000,495001,17,3,254,189,0,42494.796875,454.36309814453125,226.6392822265625,139.932861328125,118.88606262207031,84.47362518310547,81.24286651611328,71.47047424316406,52.374732971191406,45.44470977783203,38.98973083496094,36.86722183227539,35.29292297363281,34.85372543334961,32.75198745727539,29.909961700439453,27.486913681030273,17868.49609375,72.03007507324219,42.269004821777344
485000,495001,17,3,254,189,1,42458.25390625,456.31793212890625,223.12277221679688,138.61952209472656,120.06845092773438,80.6897201538086,75.3973388671875,62.363948822021484,50.452354431152344,44.125362396240234,40.76851272583008,39.74911880493164,37.31134796142578,33.790584564208984,33.095890045166016,31.648101806640625,27.280702590942383,17853.873046875,69.26844024658203,40.58219528198242
490000,500001,17,3,254,203,0,42602.1015625,435.9497985839844,210.909912109375,160.6586456298828,109.00283813476562,85.64679718017578,69.6681137084961,63.21570587158203,49.333580017089844,46.37198257446289,39.773197174072266,36.24421691894531,33.87606430053711,32.83553695678711,31.63093376159668,30.249629974365234,25.933082580566406,17911.5703125,76.06956481933594,39.408416748046875
490000,500001,17,3,254,203,1,42667.02734375,435.827880859375,209.67567443847656,155.778564453125,106.84779357910156,83.42538452148438,71.05278778076172,63.448089599609375,49.093013763427734,46.047550201416016,40.96279525756836,37.72998809814453,36.68662643432617,34.48146057128906,31.071386337280273,26.402061462402344,24.803924560546875,17939.70703125,77.4224624633789,41.492767333984375
495000,505001,17,3,254,207,0,42473.64453125,445.6435241699219,207.35887145996094,155.47386169433594,113.14929962158203,95.80042266845703,67.37178802490234,62.129634857177734,55.5339469909668,48.34183120727539,46.01228332519531,40.319053649902344,37.08867645263672,35.151939392089844,32.123443603515625,30.14112663269043,27.588716506958008,17858.197265625,88.13712310791016,47.135498046875
495000,505001,17,3,254,207,1,42508.39453125,450.9720458984375,211.61012268066406,149.759765625,109.51725006103516,91.3861312866211,67.35721588134766,63.308326721191406,52.93565368652344,46.98878860473633,46.19834899902344,41.6961669921875,34.32497787475586,33.869598388671875,32.92536926269531,30.303712844848633,28.992372512817383,17871.71484375,89.02798461914062,46.64168930053711
500000,510001,17,3,250,186,0,42880.51953125,405.7688903808594,227.7386016845703,147.36203002929688,102.51615905761719,78.32182312011719,72.05028533935547,59.606300354003906,51.620723724365234,41.517539978027344,40.791744232177734,37.211849212646484,35.56019592285156,33.55352020263672,32.31874465942383,31.72563362121582,28.683504104614258,18058.517578125,68.6399154663086,32.84228515625
500000,510001,17,3,250,186,1,42917.12890625,405.68963623046875,226.85154724121094,153.00584411621094,101.2243881225586,80.76012420654297,72.02655792236328,60.985504150390625,48.480892181396484,41.82319641113281,39.29608154296875,36.7109260559082,35.210201263427734,33.92898941040039,31.18804168701172,29.20989418029785,26.20826530456543,18074.775390625,66.46111297607422,33.19788360595703
505000,515001,17,3,252,194,0,43473.03125,502.6134948730469,237.6724853515625,130.84957885742188,107.73126220703125,83.42919158935547,69.68321228027344,59.91862869262695,48.54301834106445,42.53302764892578,39.83943176269531,36.534732818603516,35.23963928222656,33.289310455322266,31.1185245513916,29.681930541992188,25.741195678710938,18305.791015625,69.78356170654297,36.69340133666992
505000,515001,17,3,252,194,1,43473.69140625,505.4072570800781,233.56051635742188,133.59596252441406,112.67166137695312,88.39898681640625,73.16229248046875,61.26738739013672,53.386287689208984,45.59745407104492,39.25629425048828,37.232540130615234,35.18716812133789,34.15492248535156,30.740041732788086,30.109663009643555,27.676530838012695,18311.150390625,69.35462188720703,39.16749954223633
510000,520001,17,3,256,197,0,43961.79296875,458.1249694824219,206.8747100830078,146.410888671875,108.96060943603516,99.44231414794922,72.06365203857422,56.57468795776367,54.71999740600586,46.799339294433594,41.99021530151367,36.953636169433594,35.85615921020508,33.2723388671875,31.384490966796875,30.835918426513672,29.002548217773438,18490.689453125,69.83128356933594,32.245819091796875
510000,520001,17,3,256,197,1,43962.17578125,458.4294128417969,209.454345703125,144.71621704101562,109.87248992919922,96.45234680175781,79.84062957763672,69.57835388183594,55.40336227416992,48.23199462890625,38.54963684082031,35.3844108581543,34.474830627441406,31.90281867980957,30.277551651000977,29.61679458618164,26.82533073425293,18488.79296875,73.96347045898438,35.581764221191406
515000,525001,17,3,252,199,0,43923.875,468.9034729003906,198.16903686523438,137.12164306640625,114.69314575195312,86.43582916259766,72.3154525756836,61.130184173583984,47.601924896240234,45.14351272583008,43.89458084106445,38.32965850830078,34.15277862548828,33.72927474975586,30.70903778076172,29.570619583129883,27.369401931762695,18482.986328125,69.10317993164062,36.461158752441406
515000,525001,17,3,252,199,1,43914.0546875,466.6748962402344,201.4833984375,146.31832885742188,113.50497436523438,81.82522583007812,71.6465072631836,59.77350997924805,49.15023422241211,43.711856842041016,40.959476470947266,37.87826156616211,34.745208740234375,32.48330307006836,32.240257263183594,30.12883949279785,29.69521141052246,18480.607421875,71.2370376586914,35.19180679321289
520000,530001,17,3,253,202,0,44025.05859375,446.9804992675781,225.66795349121094,142.36624145507812,108.22415161132812,88.54637145996094,75.55980682373047,63.38315963745117,52.66410446166992,46.40932083129883,42.46404266357422,40.285736083984375,38.05316925048828,34.1295166015625,32.8638916015625,30.899465560913086,29.601892471313477,18535.84765625,77.7505111694336,42.282073974609375
520000,530001,17,3,253,202,1,44021.9453125,446.99969482421875,212.71559143066406,140.5814971923828,111.78400421142578,88.0458984375,75.14616394042969,64.6843032836914,50.00450134277344,47.36811065673828,42.22239685058594,39.81443786621094,34.587100982666016,33.409915924072266,31.736713409423828,30.373695373535156,25.932462692260742,18533.3984375,81.82196044921875,39.047584533691406
525000,535001,17,3,250,201,0,44365.61328125,781.9979248046875,239.83547973632812,160.54537963867188,126.41761779785156,76.87683868408203,69.67427825927734,64.40620422363281,54.774967193603516,46.54841232299805,41.33246994018555,37.59434127807617,32.682395935058594,31.43853759765625,28.211688995361328,26.653865814208984,24.895660400390625,18630.0703125,90.80074310302734,35.594032287597656
525000,535001,17,3,250,201,1,44376.87109375,799.0181274414062,238.5574188232422,151.54022216796875,128.9083709716797,78.85688018798828,77.1868896484375,70.0609130859375,59.23189163208008,43.22056198120117,39.88068771362305,39.19278335571289,32.969329833984375,29.033857345581055,28.565521240234375,26.98877716064453,25.037002563476562,18634.326171875,74.60782623291016,38.66093826293945
530000,540001,17,3,254,199,0,44036.08203125,694.1103515625,229.87313842773438,159.18443298339844,127.41419982910156,85.9018325805664,81.4710693359375,61.85329818725586,50.988338470458984,45.45615005493164,42.193267822265625,38.45731735229492,36.67918014526367,32.93363952636719,30.575984954833984,29.777679443359375,28.69222640991211,18513.61328125,92.10051727294922,40.023651123046875
530000,540001,17,3,254,199,1,44085.19140625,679.0671997070312,229.4949951171875,171.2023162841797,129.54649353027344,87.43287658691406,81.64092254638672,57.581024169921875,56.25912094116211,51.58522415161133,47.658348083496094,38.43891525268555,35.17516326904297,33.87632751464844,31.926424026489258,30.507753372192383,29.11675262451172,18534.671875,93.10639953613281,37.79867935180664
535000,545001,17,3,253,211,0,43742.49609375,447.69635009765625,227.3459014892578,150.42916870117188,109.95645141601562,92.90347290039062,72.08666229248047,63.27910614013672,48.240779876708984,41.03652572631836,38.72106170654297,37.50007247924805,36.140830993652344,32.803340911865234,31.134244918823242,28.904422760009766,24.251508712768555,18402.703125,90.13236236572266,38.6743049621582
535000,545001,17,3,253,211,1,43712.80859375,449.5323486328125,229.5257568359375,148.90638732910156,111.7991714477539,91.65926361083984,71.55650329589844,60.76424026489258,48.776126861572266,44.959571838378906,39.49531555175781,38.8023796081543,38.10835266113281,36.193424224853516,31.136552810668945,30.56279945373535,27.117353439331055,18387.142578125,90.50064086914062,39.00886535644531
540000,550001,17,3,253,201,0,44344.84765625,516.6206665039062,220.18487548828125,151.63897705078125,110.80538177490234,86.68848419189453,74.28614807128906,69.56887817382812,53.12670135498047,49.91926956176758,46.103515625,41.54018783569336,38.45927810668945,35.71747589111328,34.847530364990234,31.926267623901367,28.68500518798828,18666.525390625,77.95358276367188,38.38841247558594
540000,550001,17,3,253,201,1,44310.1640625,513.0194091796875,220.5911102294922,151.48802185058594,113.33949279785156,85.13685607910156,73.40380859375,65.5797348022461,54.7476692199707,46.556121826171875,41.39991760253906,39.22866439819336,37.96918869018555,34.29220962524414,30.38370132446289,29.27980613708496,27.418071746826172,18649.513671875,76.92225646972656,42.01584243774414
545000,555001,17,3,251,203,0,44413.69921875,450.2288818359375,192.75352478027344,143.07533264160156,113.82429504394531,84.24356079101562,71.80606079101562,63.694976806640625,52.11659240722656,44.7935791015625,40.310611724853516,36.98093032836914,35.992061614990234,33.01211929321289,32.89914321899414,30.85363006591797,27.33325958251953,18704.978515625,77.2309341430664,36.22312927246094
545000,555001,17,3,251,203,1,44409.30078125,447.6348876953125,194.71408081054688,136.67901611328125,115.55435943603516,86.20563507080078,71.5599136352539,62.120113372802734,49.324623107910156,45.68582534790039,38.080257415771484,36.880882263183594,34.035648345947266,32.39609909057617,31.069141387939453,29.46015167236328,27.824552536010742,18705.11328125,82.11984252929688,35.96333694458008
550000,560001,17,3,247,195,0,43714.8046875,488.02459716796875,247.94354248046875,151.19264221191406,108.8332748413086,95.29188537597656,75.25714874267578,56.1682014465332,51.88994216918945,48.25345230102539,40.212894439697266,36.24275207519531,35.03851318359375,33.042057037353516,32.56507873535156,30.282014846801758,28.29637336730957,18418.984375,82.41743469238281,39.17878341674805
550000,560001,17,3,247,195,1,43709.69921875,481.0760498046875,270.1725769042969,153.62843322753906,109.88697814941406,87.0913314819336,75.04763793945312,59.566925048828125,54.00395965576172,44.22721481323242,41.21088409423828,38.0139045715332,34.473514556884766,33.39895248413086,33.07150650024414,28.52153968811035,27.1916446685791,18416.677734375,82.14314270019531,40.56208419799805
555000,565001,17,3,253,201,0,44965.58203125,521.3597412109375,219.47154235839844,156.1438751220703,116.01384735107422,87.09918975830078,72.96025848388672,71.49671173095703,53.362213134765625,49.29064178466797,41.65278625488281,39.76709747314453,37.92038345336914,35.16108322143555,33.1755485534668,30.710969924926758,28.419748306274414,18908.5859375,97.42681121826172,45.32218551635742
555000,565001,17,3,253,201,1,44956.74609375,528.7696533203125,224.99948120117188,156.65512084960938,111.618896484375,87.9986343383789,75.89574432373047,69.74101257324219,56.16276550292969,53.207462310791016,46.05791473388672,42.40878677368164,40.11958312988281,34.40721893310547,33.4046745300293,31.751354217529297,29.584205627441406,18902.646484375,92.93736267089844,53.83080291748047
560000,570001,17,3,251,198,0,45432.1015625,517.4839477539062,217.6133575439453,155.8373565673828,113.08485412597656,91.42512512207031,71.99424743652344,64.65829467773438,53.21261215209961,44.293251037597656,39.96487045288086,37.6913948059082,34.97310256958008,32.492027282714844,30.64586639404297,30.13373374938965,27.44292449951172,19146.51953125,76.20599365234375,37.57855987548828
560000,570001,17,3,251,198,1,45418.375,514.7794799804688,216.4931640625,157.5028076171875,119.83490753173828,85.75981140136719,71.9542465209961,63.35090255737305,53.90043258666992,43.75957107543945,43.10893630981445,40.548583984375,37.95137023925781,33.38512420654297,31.962242126464844,30.086835861206055,27.6464900970459,19139.62890625,75.18502044677734,38.277191162109375
565000,575001,17,3,249,201,0,45427.4375,607.6063842773438,199.99118041992188,181.8804931640625,105.44874572753906,87.36129760742188,70.68147277832031,62.976646423339844,47.22093963623047,43.461395263671875,40.520751953125,36.01057434082031,33.815975189208984,32.95041275024414,31.88802719116211,28.086849212646484,26.29006004333496,19098.578125,95.35930633544922,38.576255798339844
565000,575001,17,3,249,201,1,45396.92578125,631.6209716796875,197.94517517089844,184.2278594970703,107.84201049804688,91.00517272949219,71.52603912353516,57.27674102783203,50.434383392333984,41.78175354003906,41.01997756958008,37.553192138671875,34.337120056152344,33.06312942504883,30.401145935058594,28.424091339111328,27.708559036254883,19083.13671875,76.22765350341797,35.180137634277344
570000,580001,17,3,254,194,0,45653.15625,476.9566955566406,227.9724578857422,144.77134704589844,113.43333435058594,87.18540954589844,72.54454040527344,64.38289642333984,53.06285858154297,48.115013122558594,44.411399841308594,41.57561111450195,37.84287643432617,36.18553161621094,31.708852767944336,29.19607162475586,28.060293197631836,19232.150390625,81.33415985107422,45.25190734863281
570000,580001,17,3,254,194,1,45645.796875,486.469482421875,228.51580810546875,140.68460083007812,111.103271484375,90.27812194824219,72.46236419677734,64.26775360107422,49.33479309082031,43.37110900878906,43.301612854003906,39.962459564208984,37.3464469909668,34.070335388183594,31.94362449645996,30.376449584960938,28.447383880615234,19230.69921875,81.0982894897461,41.186988830566406
575000,585001,17,3,253,208,0,46256.66015625,449.2284240722656,232.2930145263672,161.86654663085938,116.35161590576172,97.07855987548828,80.9393310546875,65.61578369140625,53.68472671508789,45.24551010131836,43.68107604980469,39.18540573120117,37.70797348022461,36.64479446411133,31.570981979370117,30.41629981994629,28.075477600097656,19448.935546875,83.50186157226562,44.637474060058594
575000,585001,17,3,253,208,1,46223.375,452.43157958984375,234.90065002441406,163.35887145996094,118.32841491699219,94.29251861572266,77.86187744140625,64.14547729492188,51.956809997558594,45.103458404541016,40.998985290527344,39.9569206237793,35.9508171081543,35.588199615478516,32.34414291381836,31.413618087768555,28.398269653320312,19435.4921875,90.86225128173828,39.919185638427734
580000,590001,17,3,251,194,0,46300.2265625,440.35211181640625,213.96453857421875,136.23098754882812,105.2073745727539,83.9460220336914,72.55070495605469,65.40279388427734,49.30557632446289,42.84661865234375,39.92136001586914,38.08271408081055,35.813758850097656,32.05101776123047,30.767412185668945,28.24623680114746,26.53498649597168,19475.921875,75.51728820800781,37.26951217651367
580000,590001,17,3,251,194,1,46342.60546875,443.51165771484375,216.56866455078125,143.24630737304688,108.36360931396484,88.4214096069336,80.2512435913086,73.71857452392578,56.261287689208984,44.65657424926758,41.11113357543945,38.92312240600586,36.75611877441406,35.51572799682617,32.506439208984375,30.57708168029785,29.171342849731445,19497.275390625,76.4736557006836,39.068504333496094
585000,595001,17,3,254,209,0,46578.0234375,555.3233642578125,247.2352752685547,136.49842834472656,111.5176010131836,91.63526153564453,75.06517791748047,61.90044021606445,49.97503662109375,45.1786994934082,41.68817901611328,39.439857482910156,37.5165901184082,35.79856491088867,33.0067024230957,30.27312660217285,27.99884796142578,19609.765625,74.20166015625,38.685386657714844
585000,595001,17,3,254,209,1,46586.7890625,552.2650146484375,249.5384979248047,137.19711303710938,111.47692108154297,86.98100280761719,69.22454071044922,62.08584976196289,49.99924850463867,46.60858154296875,43.06560516357422,41.375247955322266,38.23023986816406,35.464168548583984,32.11440658569336,29.711896896362305,28.897621154785156,19615.228515625,70.16093444824219,37.25900650024414
590000,600001,17,3,252,203,0,47620.65234375,422.34027099609375,203.93043518066406,150.1691436767578,101.56181335449219,91.50067138671875,74.69689178466797,62.37306213378906,48.947998046875,45.34812545776367,40.317832946777344,38.271583557128906,35.51096725463867,32.73765563964844,31.980127334594727,28.151517868041992,26.922819137573242,20036.505859375,81.51936340332031,32.222412109375
590000,600001,17,3,252,203,1,47612.84375,420.2520446777344,198.456787109375,146.44215393066406,102.96389770507812,88.80623626708984,71.06021881103516,55.592681884765625,47.268978118896484,42.1986198425293,41.25468826293945,38.81468963623047,37.106178283691406,33.05944061279297,32.49538803100586,30.027217864990234,29.08761978149414,20034.015625,76.33891296386719,34.31692886352539
595000,605001,17,3,252,204,0,46620.96875,572.9495849609375,244.9265594482422,170.83526611328125,124.32755279541016,116.69933319091797,86.98824310302734,76.84393310546875,58.44306945800781,53.45198059082031,47.83354949951172,41.13551712036133,37.264427185058594,34.77125930786133,32.25766372680664,31.757625579833984,30.382001876831055,19610.849609375,83.69429779052734,36.408451080322266
595000,605001,17,3,252,204,1,46597.8203125,590.06005859375,277.3799133300781,180.62013244628906,163.17306518554688,128.07334899902344,87.23241424560547,67.11021423339844,62.2442512512207,50.880516052246094,48.190025329589844,43.520389556884766,40.96669006347656,40.24754333496094,35.48646545410156,30.46246337890625,27.04387855529785,19599.333984375,93.04003143310547,41.49927520751953
600000,610001,17,3,251,204,0,46035.05859375,657.4589233398438,227.24586486816406,159.46829223632812,128.14755249023438,93.5641860961914,77.96318054199219,61.61288070678711,56.64493179321289,49.8151741027832,43.666072845458984,41.93302536010742,39.01605224609375,37.02946853637695,35.52700424194336,34.66511917114258,32.05751419067383,19348.43359375,86.91275787353516,47.5712890625
600000,610001,17,3,251,204,1,46066.85546875,659.1279907226562,222.61695861816406,160.107421875,137.6168212890625,92.50907897949219,76.55416870117188,61.42368698120117,58.01828384399414,51.630165100097656,48.84147262573242,43.7829704284668,41.52829360961914,38.4453010559082,34.241615295410156,32.13542938232422,30.761049270629883,19363.328125,83.93401336669922,55.316078186035156
605000,615001,17,3,254,205,0,46705.28125,530.6085815429688,214.18112182617188,144.3533477783203,99.024658203125,80.72952270507812,65.3017807006836,58.41768264770508,49.80446243286133,42.84346008300781,41.98613357543945,40.421905517578125,35.95420455932617,33.49684524536133,32.02791213989258,30.408588409423828,28.572891235351562,19654.7265625,67.40995025634766,37.45659637451172
605000,615001,17,3,254,205,1,46741.42578125,539.5123901367188,211.14743041992188,143.56277465820312,100.73834228515625,81.46212768554688,69.10578918457031,61.59613037109375,49.17879104614258,45.5254020690918,44.34603500366211,38.73949432373047,35.21126174926758,34.23161697387695,32.881675720214844,30.590036392211914,29.317651748657227,19671.25390625,69.38983154296875,38.491065979003906
610000,620001,17,3,252,213,0,46892.95703125,437.64501953125,234.58880615234375,165.28482055664062,112.32335662841797,91.25700378417969,75.15247344970703,62.08354187011719,59.843387603759766,54.99717330932617,45.595401763916016,43.731536865234375,39.79176712036133,37.3888053894043,35.18039321899414,33.25408172607422,30.982128143310547,19727.5859375,80.26712036132812,40.57783508300781
610000,620001,17,3,252,213,1,46895.91015625,441.07244873046875,242.84646606445312,164.77919006347656,115.23328399658203,91.65149688720703,77.53945922851562,64.54255676269531,59.05585861206055,50.53904342651367,47.377784729003906,40.17560577392578,39.399879455566406,36.17827224731445,35.133392333984375,33.35113525390625,32.15183639526367,19730.341796875,77.90653991699219,41.92912673950195
615000,625001,17,3,249,203,0,47783.7890625,484.48272705078125,211.19754028320312,143.4560089111328,112.22038269042969,89.89151763916016,69.23948669433594,58.73917770385742,53.82942199707031,44.681396484375,40.31246566772461,37.939552307128906,37.493751525878906,35.95523452758789,34.31562805175781,32.10254669189453,27.544189453125,20097.712890625,78.3658218383789,39.57733154296875
615000,625001,17,3,249,203,1,47754.78125,487.2080383300781,213.9954071044922,145.91983032226562,112.34674835205078,98.583251953125,75.38705444335938,64.41790008544922,55.602577209472656,44.02356719970703,39.83674621582031,37.8044319152832,35.885860443115234,34.67355728149414,32.49237823486328,30.642946243286133,26.88077735900879,20084.728515625,80.09510803222656,38.695003509521484
620000,630001,17,3,250,203,0,47243.91015625,498.7281188964844,208.3321990966797,153.9996795654297,115.9947738647461,93.0376205444336,81.22570037841797,76.8103256225586,57.15666961669922,49.35666275024414,44.94901657104492,41.24983215332031,38.513267517089844,36.21430969238281,34.8952751159668,31.912778854370117,29.806291580200195,19893.2890625,93.15339660644531,42.47385787963867
620000,630001,17,3,250,203,1,47235.33984375,497.0531311035156,207.6282958984375,156.23284912109375,119.091064453125,95.88764953613281,91.1537857055664,83.79229736328125,59.35986328125,51.91556167602539,47.515586853027344,41.904945373535156,40.415245056152344,39.2077751159668,37.448883056640625,35.514678955078125,31.274879455566406,19891.357421875,94.13692474365234,45.52944564819336
625000,635001,17,3,254,208,0,47653.4375,526.6926879882812,233.6720428466797,155.30426025390625,121.04499816894531,87.21556091308594,72.71987915039062,61.13597869873047,50.3102912902832,45.7828369140625,41.68588638305664,39.67881393432617,36.933650970458984,36.304779052734375,34.744422912597656,31.795515060424805,29.458206176757812,20066.251953125,75.38195037841797,37.732906341552734
625000,635001,17,3,254,208,1,47653.45703125,523.9194946289062,231.29112243652344,149.4225311279297,122.279296875,85.64215850830078,72.47555541992188,64.66043090820312,53.86745834350586,48.534812927246094,43.84461212158203,40.31791687011719,36.97417449951172,36.122501373291016,34.65884017944336,31.802993774414062,30.83919906616211,20068.181640625,73.78248596191406,38.30964660644531
630000,640001,17,3,252,208,0,47598.48046875,610.9120483398438,205.10060119628906,170.01229858398438,122.54890441894531,93.9836196899414,72.64459228515625,69.14999389648438,60.37663650512695,53.03468704223633,45.214683532714844,38.099117279052734,36.86878204345703,35.3057746887207,33.066646575927734,31.667943954467773,27.43122100830078,20045.39453125,85.67225646972656,42.5328369140625
630000,640001,17,3,252,208,1,47561.515625,637.92529296875,203.17422485351562,169.48724365234375,125.54692840576172,93.66841888427734,78.91368103027344,62.660728454589844,55.584312438964844,48.64700698852539,43.109619140625,38.633419036865234,36.14531707763672,35.055416107177734,32.02741241455078,29.925378799438477,27.05202293395996,20031.41015625,84.63029479980469,40.212520599365234
635000,645001,17,3,252,214,0,47639.6796875,543.9344482421875,260.24334716796875,199.12069702148438,132.32821655273438,92.55242156982422,80.70553588867188,75.89554595947266,68.10291290283203,61.7178840637207,48.79676818847656,40.94659423828125,37.98929977416992,35.43571853637695,32.684898376464844,32.21058654785156,27.55930519104004,20012.5546875,154.45860290527344,77.82891082763672
635000,645001,17,3,252,214,1,47599.671875,546.2798461914062,263.48492431640625,198.83349609375,136.58717346191406,96.57184600830078,84.21443939208984,67.38373565673828,63.66020965576172,61.45527648925781,49.21195602416992,42.976253509521484,37.79819107055664,37.48955154418945,34.110443115234375,31.606853485107422,30.080503463745117,19995.4921875,158.5707244873047,62.97478485107422
640000,650001,17,3,251,217,0,47124.53125,545.6521606445312,223.71719360351562,151.40463256835938,106.4292984008789,89.90294647216797,72.60722351074219,65.70146942138672,57.9069709777832,47.38026809692383,43.17107009887695,37.65687561035156,36.17002487182617,33.00482940673828,32.173824310302734,30.91782569885254,28.111709594726562,19818.669921875,79.03704071044922,37.74174118041992
640000,650001,17,3,251,217,1,47107.98046875,547.5897216796875,221.59439086914062,148.9786376953125,104.70211791992188,89.7218246459961,73.16047668457031,66.66712951660156,55.63595199584961,49.45314025878906,42.205963134765625,39.682674407958984,38.843505859375,36.99299240112305,33.94932556152344,30.359540939331055,29.24595069885254,19812.806640625,74.33462524414062,40.178897857666016
645000,655001,17,3,252,206,0,48145.39453125,467.3157653808594,196.95309448242188,151.25830078125,124.13694763183594,91.8804931640625,77.54659271240234,67.7037124633789,53.014217376708984,46.13701629638672,43.77187728881836,40.07939529418945,37.72632598876953,35.93071746826172,34.7932014465332,33.583003997802734,30.239389419555664,20289.552734375,80.75738525390625,42.94903564453125
645000,655001,17,3,252,206,1,48119.7421875,462.03497314453125,193.75534057617188,147.4171600341797,120.54962158203125,90.6868667602539,77.99113464355469,69.82044982910156,53.355812072753906,48.691829681396484,42.7294807434082,39.534934997558594,38.176795959472656,35.84671401977539,31.401350021362305,30.462146759033203,27.358787536621094,20279.693359375,76.07487487792969,42.2254753112793
650000,660001,17,3,248,211,0,48600.16015625,462.00335693359375,221.9648895263672,154.8023223876953,121.11416625976562,94.93197631835938,77.5188217163086,57.670169830322266,50.899436950683594,48.24924087524414,44.10347366333008,40.09506607055664,37.12639236450195,34.957401275634766,33.828216552734375,30.69626808166504,28.14383888244629,20453.763671875,74.6644058227539,41.570655822753906
650000,660001,17,3,248,211,1,48600.8203125,458.2541809082031,223.7220001220703,156.27598571777344,120.85222625732422,101.14420318603516,75.45364379882812,59.832881927490234,47.672367095947266,43.92554473876953,40.198829650878906,38.34041976928711,33.618682861328125,33.291168212890625,32.634071350097656,31.03960418701172,25.726078033447266,20453.841796875,78.23207092285156,39.23482131958008
655000,665001,17,3,250,210,0,48755.98828125,471.39788818359375,215.928466796875,147.88536071777344,126.92922973632812,88.37609100341797,71.27558135986328,64.79951477050781,50.673221588134766,43.84788513183594,42.608726501464844,40.590370178222656,40.27127456665039,36.067020416259766,32.8431510925293,30.91972541809082,30.19860076904297,20541.78515625,66.39732360839844,38.1726188659668
655000,665001,17,3,250,210,1,48749.1640625,464.7616882324219,225.24234008789062,145.45986938476562,125.04078674316406,88.93721771240234,69.28533935546875,63.256507873535156,54.632755279541016,46.19554138183594,41.88302993774414,39.09878921508789,36.52446365356445,35.28977584838867,34.200260162353516,31.651592254638672,27.976764678955078,20539.80859375,69.19012451171875,37.62997055053711
660000,670001,17,3,254,217,0,48394.68359375,444.2041015625,235.81719970703125,157.26158142089844,114.55490112304688,101.04454040527344,82.45182037353516,66.95209503173828,59.486724853515625,50.11223602294922,41.88605499267578,39.47669219970703,36.6473274230957,34.55995178222656,32.47742462158203,30.686878204345703,28.680627822875977,20368.603515625,86.05818176269531,37.934207916259766
660000,670001,17,3,254,217,1,48397.71484375,445.73724365234375,236.8878936767578,158.39791870117188,115.0074462890625,99.56096649169922,79.60167694091797,71.0306167602539,60.48333740234375,47.470245361328125,41.595726013183594,39.527442932128906,36.32880401611328,34.60536193847656,33.419471740722656,31.68308448791504,29.863330841064453,20369.23046875,88.88778686523438,39.632381439208984
665000,675001,17,3,253,216,0,48335.60546875,500.6849670410156,248.54476928710938,160.78086853027344,122.34639739990234,94.2872543334961,80.54437255859375,71.47997283935547,62.690547943115234,46.48286437988281,41.505313873291016,38.42192459106445,36.177093505859375,34.15214157104492,33.91159439086914,31.08816909790039,28.97995948791504,20346.876953125,76.37488555908203,38.68378829956055
665000,675001,17,3,253,216,1,48318.33984375,507.05828857421875,245.52993774414062,164.83050537109375,124.53112030029297,100.32263946533203,81.51144409179688,74.43294525146484,63.34370803833008,48.28154373168945,43.55986022949219,39.55533218383789,37.3629035949707,36.093753814697266,31.286903381347656,29.612783432006836,27.654788970947266,20334.826171875,75.22438049316406,40.32658767700195
670000,680001,17,3,253,214,0,49203.46875,420.373291015625,225.90757751464844,143.70343017578125,107.08570098876953,77.71809387207031,69.07630157470703,62.711544036865234,47.773258209228516,42.30551528930664,41.5813102722168,37.7075080871582,35.09229278564453,34.10765838623047,31.776168823242188,28.91697120666504,27.389921188354492,20705.80078125,66.6185531616211,34.90237045288086
670000,680001,17,3,253,214,1,49201.0234375,418.0862731933594,221.3314666748047,142.15219116210938,108.4153060913086,80.06876373291016,68.56525421142578,61.6910514831543,51.799434661865234,42.7037239074707,41.02197265625,38.460899353027344,36.20746612548828,33.59445571899414,31.86094093322754,28.965274810791016,28.654809951782227,20703.265625,68.42090606689453,35.43453598022461
675000,685001,17,3,249,208,0,49228.98828125,454.84918212890625,240.15235900878906,148.0988006591797,116.0251235961914,86.70037078857422,74.80458068847656,63.02470397949219,57.44959259033203,50.448883056640625,41.73842239379883,39.994083404541016,38.4904899597168,34.557987213134766,33.18610382080078,31.308673858642578,30.575332641601562,20695.318359375,71.8175048828125,36.37150573730469
675000,685001,17,3,249,208,1,49142.22265625,456.61767578125,240.2352294921875,147.33218383789062,115.60214233398438,85.81781005859375,75.8768539428711,63.585941314697266,54.01458740234375,47.13166046142578,43.87236785888672,40.83290100097656,38.22864532470703,36.657711029052734,35.32633590698242,32.05946731567383,30.02239418029785,20660.0,64.69696044921875,39.77690124511719
680000,690001,17,3,254,211,0,48824.80859375,490.5591735839844,200.95916748046875,163.81752014160156,114.05377197265625,93.14815521240234,77.05854034423828,60.6190071105957,59.622005462646484,52.58546829223633,45.441307067871094,42.69600296020508,37.15278244018555,33.5168571472168,31.960344314575195,30.764902114868164,28.40580940246582,20548.34375,77.92723083496094,39.56047821044922
680000,690001,17,3,254,211,1,48823.96484375,489.0547180175781,205.19863891601562,161.6205291748047,118.47270965576172,93.56494903564453,80.8497085571289,63.648773193359375,59.43827819824219,53.34430694580078,47.02540969848633,41.95497131347656,37.910152435302734,35.318180084228516,33.22294235229492,32.48908996582031,30.746028900146484,20548.52734375,77.93348693847656,40.25535202026367
685000,695001,17,3,254,221,0,49840.87109375,698.4076538085938,230.14573669433594,155.1416015625,127.5352554321289,103.43566131591797,82.32301330566406,75.81112670898438,58.464969635009766,46.05277633666992,43.23837661743164,40.00571823120117,37.9429931640625,34.14667892456055,32.78649139404297,30.414051055908203,28.59397315979004,20949.244140625,80.2404556274414,42.621009826660156
685000,695001,17,3,254,221,1,49855.24609375,708.470947265625,233.9134979248047,157.3670196533203,121.0301513671875,101.11751556396484,81.44631958007812,70.85006713867188,57.004512786865234,49.522953033447266,45.2634391784668,39.131935119628906,35.54063034057617,34.7573127746582,31.46532440185547,31.432146072387695,25.972461700439453,20954.013671875,76.05167388916016,39.67173767089844
690000,700001,17,3,253,207,0,50029.7578125,521.8204956054688,245.97557067871094,159.9873504638672,116.06575775146484,99.50872039794922,78.5973892211914,68.50291442871094,59.48617935180664,49.330162048339844,45.26584243774414,39.613800048828125,37.44438552856445,35.28548812866211,31.88062858581543,31.64593505859375,29.849807739257812,21058.107421875,119.34835815429688,51.8204345703125
690000,700001,17,3,253,207,1,49983.71875,522.2825927734375,243.59185791015625,161.37451171875,113.79570007324219,102.62184143066406,79.8330078125,65.61809539794922,56.814945220947266,51.36531448364258,44.35317611694336,41.8953971862793,37.49310302734375,36.009822845458984,32.713836669921875,31.70124053955078,28.22928237915039,21038.671875,109.47583770751953,45.590702056884766
695000,705001,17,3,251,210,0,49855.671875,543.4049682617188,265.42047119140625,157.9224090576172,119.11339569091797,89.26873779296875,72.83446502685547,68.40093231201172,57.19801712036133,47.9111442565918,43.4843864440918,40.65232849121094,37.11482620239258,35.962440490722656,32.43696975708008,30.472023010253906,26.814449310302734,20992.791015625,89.97076416015625,40.86140823364258
695000,705001,17,3,251,210,1,49810.98046875,536.7715454101562,265.43896484375,164.16119384765625,116.40131378173828,87.85041809082031,71.1214828491211,61.46570587158203,53.08688735961914,51.54990768432617,41.212432861328125,38.76530456542969,35.8325080871582,32.90715789794922,32.36235427856445,30.183008193969727,29.138090133666992,20973.8359375,89.69300842285156,36.77267837524414
700000,710001,17,3,251,207,0,50145.8671875,488.2102355957031,205.06936645507812,143.16162109375,108.69356536865234,94.12687683105469,69.87553405761719,59.58789825439453,52.264286041259766,47.408870697021484,40.51545715332031,39.205631256103516,35.15692901611328,33.56513977050781,31.189451217651367,29.14336395263672,28.797161102294922,21112.421875,75.83021545410156,42.695411682128906
700000,710001,17,3,251,207,1,50175.54296875,488.16436767578125,205.96524047851562,143.230712890625,113.14816284179688,94.74742889404297,72.20333862304688,60.54066848754883,54.233360290527344,46.52285385131836,44.07743453979492,39.155357360839844,34.69917297363281,33.26415252685547,31.32081413269043,27.767635345458984,26.917766571044922,21122.748046875,75.9731216430664,38.6269416809082
705000,715001,17,3,251,217,0,49787.515625,572.5557861328125,213.26895141601562,154.8842010498047,111.85108184814453,90.57632446289062,78.90205383300781,66.93160247802734,53.9017333984375,50.31174850463867,43.41640853881836,42.79902648925781,37.93220901489258,35.827659606933594,33.20948028564453,32.269813537597656,29.416900634765625,20931.568359375,78.9076919555664,42.58878707885742
705000,715001,17,3,251,217,1,49740.515625,570.7888793945312,212.8961181640625,151.1454315185547,111.93152618408203,88.72451782226562,77.6710433959961,64.32992553710938,53.41565704345703,51.93522262573242,41.34204864501953,40.739742279052734,38.111995697021484,35.14065933227539,33.243202209472656,32.206031799316406,31.955305099487305,20912.919921875,78.44600677490234,42.75518035888672
710000,720001,17,3,250,215,0,49745.390625,460.63311767578125,222.6013641357422,155.94654846191406,110.87687683105469,95.57350158691406,87.26901245117188,69.83390808105469,53.66522979736328,50.66239547729492,41.360107421875,38.815608978271484,37.795745849609375,34.49418640136719,32.22793197631836,30.773496627807617,26.011037826538086,20887.92578125,85.53624725341797,41.76447677612305
710000,720001,17,3,250,215,1,49724.51953125,461.83544921875,224.49758911132812,161.32427978515625,110.81379699707031,98.16303253173828,86.18601989746094,67.35010528564453,56.230133056640625,46.78173065185547,44.87834548950195,40.9890022277832,38.257720947265625,34.167911529541016,31.880233764648438,28.973817825317383,27.73169708251953,20880.7421875,87.75224304199219,43.164737701416016
715000,725001,17,3,252,206,0,49868.99609375,483.74078369140625,228.7827911376953,142.93028259277344,121.28511047363281,86.79918670654297,62.9171142578125,59.00099182128906,49.41936111450195,44.5514030456543,43.74802780151367,40.0368766784668,36.711158752441406,34.487579345703125,32.200416564941406,29.410688400268555,25.48489761352539,20956.978515625,82.6534194946289,35.25363540649414
715000,725001,17,3,252,206,1,49937.5546875,474.11676025390625,230.30044555664062,141.72409057617188,122.8092269897461,84.11849212646484,65.23041534423828,58.72634506225586,51.22457504272461,49.74287033081055,39.05387496948242,37.461143493652344,34.906864166259766,32.74979019165039,31.05970001220703,28.872350692749023,26.794254302978516,20989.580078125,82.88426971435547,37.101375579833984
720000,730001,17,3,252,217,0,50886.76953125,526.8200073242188,259.2491149902344,158.44808959960938,126.39375305175781,92.00518035888672,81.355224609375,68.92564392089844,59.62812805175781,45.34243392944336,42.15827560424805,38.21379089355469,37.64555358886719,36.319114685058594,34.54235076904297,30.99419403076172,28.28872299194336,21379.35546875,83.3033447265625,39.048309326171875
720000,730001,17,3,252,217,1,50849.0546875,533.795654296875,263.0480651855469,161.1468963623047,126.40316772460938,86.89060974121094,75.15743255615234,63.92893981933594,54.202938079833984,48.03704071044922,44.078369140625,40.67735290527344,36.88520812988281,34.63844299316406,33.689308166503906,31.337060928344727,27.61555290222168,21361.1484375,80.56867980957031,39.727630615234375
725000,735001,17,3,253,211,0,50856.69140625,520.24072265625,168.44949340820312,146.6498260498047,108.2654037475586,87.62173461914062,65.34996795654297,60.928680419921875,48.11943817138672,43.707462310791016,40.68681335449219,37.87514877319336,34.94091033935547,31.764081954956055,30.355154037475586,28.845287322998047,27.320650100708008,21457.05859375,75.4862060546875,33.81316375732422
725000,735001,17,3,253,211,1,50823.3984375,522.8104248046875,166.3765869140625,148.95849609375,109.15904235839844,85.29713439941406,70.85380554199219,59.4426155090332,51.45237731933594,41.8577995300293,41.07500076293945,37.99189758300781,34.75868225097656,33.52024841308594,32.62482833862305,30.770254135131836,27.03348159790039,21442.19140625,74.05704498291016,36.22332763671875
730000,740001,17,3,248,218,0,50196.984375,453.5394287109375,189.79173278808594,147.43211364746094,103.82353973388672,88.85911560058594,68.46588134765625,64.74181365966797,52.74314498901367,45.913997650146484,42.07011032104492,37.6452522277832,37.18564987182617,35.75526809692383,31.990867614746094,30.206579208374023,27.40627670288086,21117.00390625,78.62712860107422,41.657379150390625
730000,740001,17,3,248,218,1,50138.984375,452.8215637207031,188.474853515625,148.48382568359375,106.89314270019531,94.11135864257812,80.67504119873047,66.36453247070312,53.206512451171875,47.120460510253906,41.25532531738281,40.176448822021484,37.269012451171875,35.0889892578125,32.7884407043457,31.782224655151367,26.54658317565918,21094.041015625,80.92652130126953,40.33759307861328
735000,745001,17,3,253,217,0,51166.42578125,476.72564697265625,210.38499450683594,162.3988800048828,127.85945892333984,91.42669677734375,67.35724639892578,58.71051025390625,49.447486877441406,44.052669525146484,39.986610412597656,37.96285629272461,34.41211700439453,33.97886657714844,32.408935546875,30.44154930114746,28.473848342895508,21512.0859375,78.54922485351562,35.59968566894531
735000,745001,17,3,253,217,1,51139.109375,478.2553405761719,214.6925811767578,160.552001953125,127.55718994140625,92.45557403564453,67.94348907470703,58.753501892089844,49.17835235595703,45.22160339355469,42.51034164428711,38.95035934448242,34.328704833984375,33.51750946044922,32.55636215209961,30.5706844329834,28.068193435668945,21500.203125,79.33745574951172,35.5930290222168
740000,750001,17,3,250,203,0,50831.29296875,514.2234497070312,218.87899780273438,165.3500213623047,111.69422149658203,87.88816833496094,71.72137451171875,66.55038452148438,55.84523391723633,44.76798629760742,41.871463775634766,39.580078125,36.901222229003906,34.524436950683594,32.632591247558594,31.35541534423828,30.35283851623535,21386.509765625,86.0152587890625,40.456302642822266
740000,750001,17,3,250,203,1,50928.80859375,506.7563781738281,214.06057739257812,158.49012756347656,109.07661437988281,88.66874694824219,74.789794921875,70.53563690185547,65.79891967773438,48.99960708618164,39.86921691894531,39.381954193115234,38.06645965576172,36.00835037231445,35.88124084472656,33.26359558105469,28.007701873779297,21430.919921875,94.7052001953125,47.86774826049805
745000,755001,17,3,250,209,0,51621.890625,477.7120666503906,189.65928649902344,137.7447509765625,110.98424530029297,82.32501220703125,69.32060241699219,60.50429916381836,53.46721649169922,47.57807922363281,37.765655517578125,36.75444793701172,34.662174224853516,30.467512130737305,27.99418830871582,25.43187713623047,23.162517547607422,21709.283203125,76.58073425292969,36.081138610839844
745000,755001,17,3,250,209,1,51646.38671875,478.0795593261719,190.33563232421875,135.4426727294922,108.68299865722656,84.53663635253906,69.3035659790039,56.9260368347168,48.085357666015625,45.11769104003906,39.60489273071289,37.36475372314453,34.44344711303711,31.863039016723633,29.030988693237305,27.978675842285156,24.782102584838867,21721.400390625,73.48491668701172,38.741512298583984
750000,760001,17,3,251,206,0,50499.4453125,605.3685913085938,229.11962890625,153.2406768798828,121.58175659179688,89.48275756835938,86.55415344238281,70.85379028320312,56.355228424072266,47.340599060058594,44.88309097290039,41.35185623168945,40.373924255371094,37.23871994018555,35.33170700073242,34.60211944580078,30.044658660888672,21246.779296875,83.88577270507812,39.641998291015625
750000,760001,17,3,251,206,1,50489.82421875,599.3841552734375,235.01849365234375,154.66595458984375,125.35822296142578,92.47654724121094,90.1307144165039,69.07670593261719,55.821807861328125,45.844635009765625,43.07632064819336,42.21234130859375,40.456642150878906,37.6810188293457,33.6512565612793,31.289106369018555,29.228008270263672,21246.470703125,93.9453353881836,40.39887619018555
755000,765001,17,3,254,215,0,51634.5390625,448.388427734375,179.10569763183594,149.35816955566406,112.41893768310547,85.40895080566406,70.20626068115234,62.61335372924805,49.5539436340332,40.25750732421875,37.88237380981445,35.888118743896484,35.50167465209961,32.02202224731445,30.288597106933594,27.4395751953125,26.123729705810547,21729.455078125,74.24604797363281,37.96574020385742
755000,765001,17,3,254,215,1,51595.55078125,450.3833923339844,175.42929077148438,146.13023376464844,109.23106384277344,82.02111053466797,65.2398681640625,59.85850524902344,47.27678298950195,39.73435974121094,38.53365707397461,37.366397857666016,33.624176025390625,32.95033645629883,30.705551147460938,29.915891647338867,24.921581268310547,21714.701171875,67.76898956298828,34.1413459777832
760000,770001,17,3,254,218,0,51131.70703125,629.1591186523438,228.4668731689453,166.75497436523438,125.88626861572266,98.02741241455078,78.73572540283203,69.51734924316406,57.71440124511719,46.187744140625,42.48453903198242,39.07468795776367,36.6883659362793,35.290740966796875,34.74011993408203,30.88213539123535,27.093324661254883,21528.8984375,109.8256607055664,38.856170654296875
760000,770001,17,3,254,218,1,51160.58203125,629.9925537109375,230.62820434570312,169.11288452148438,118.25558471679688,100.33309936523438,81.84463500976562,73.16902160644531,59.9377555847168,46.146148681640625,43.78606033325195,41.21747589111328,37.33678436279297,34.98264694213867,33.23663330078125,30.1188907623291,29.616117477416992,21540.619140625,99.47184753417969,43.384403228759766
765000,775001,17,3,254,212,0,50808.37109375,483.71240234375,187.2989501953125,148.31874084472656,117.69720458984375,85.7813720703125,76.7567138671875,56.660030364990234,50.05274200439453,45.44414138793945,41.1684455871582,37.50684356689453,34.59136199951172,33.49113082885742,32.03533935546875,29.537918090820312,27.132713317871094,21399.8515625,82.14649200439453,40.038185119628906
765000,775001,17,3,254,212,1,50829.51171875,482.36492919921875,182.78067016601562,147.23236083984375,116.50558471679688,86.00530242919922,76.79936981201172,65.46231842041016,54.59119415283203,45.67270278930664,43.169708251953125,39.721256256103516,38.10966110229492,34.89295959472656,32.86005783081055,31.622434616088867,27.044076919555664,21410.8828125,84.10823059082031,39.74104690551758
770000,780001,17,3,253,213,0,52146.0,482.6128845214844,198.66017150878906,147.06680297851562,108.5113525390625,83.70901489257812,74.19544219970703,62.38450241088867,49.74421691894531,40.33146286010742,37.51040267944336,36.07750701904297,34.52190399169922,33.753047943115234,32.639862060546875,29.584386825561523,25.49483871459961,21960.3125,72.15643310546875,36.22425079345703
770000,780001,17,3,253,213,1,52169.61328125,486.158935546875,202.28285217285156,143.75213623046875,111.57321166992188,81.41264343261719,72.1276626586914,62.88069152832031,52.52098083496094,43.8946533203125,41.75365447998047,36.730003356933594,36.426246643066406,34.454345703125,33.277774810791016,28.443246841430664,26.480119705200195,21972.427734375,76.07441711425781,37.496978759765625
775000,785001,17,3,249,208,0,51105.9375,487.3656921386719,263.5931701660156,158.91871643066406,124.44732666015625,100.3402099609375,81.69600677490234,64.27467346191406,56.032772064208984,51.99763107299805,44.25489044189453,39.588077545166016,37.770057678222656,33.31700134277344,32.564029693603516,31.604177474975586,26.581811904907227,21509.09765625,89.27323913574219,35.38451385498047
775000,785001,17,3,249,208,1,51134.6640625,488.04400634765625,266.3520202636719,156.10121154785156,119.96468353271484,96.18604278564453,79.09630584716797,64.1683578491211,56.24724197387695,49.00513458251953,43.198673248291016,41.27168273925781,38.197959899902344,36.76313781738281,35.1103515625,32.334903717041016,29.758134841918945,21516.21875,86.20511627197266,39.88206481933594
780000,790001,17,3,251,213,0,51565.53125,591.3695678710938,227.18698120117188,154.97244262695312,125.2272720336914,97.76072692871094,75.25814056396484,67.26614379882812,59.42885971069336,48.25724411010742,45.58808517456055,38.885589599609375,37.07899475097656,35.62722396850586,34.13935852050781,33.26633071899414,31.339521408081055,21680.5234375,121.31053924560547,42.57566833496094
780000,790001,17,3,251,213,1,51593.5390625,587.271728515625,226.3767852783203,157.2206268310547,123.53263854980469,98.05304718017578,77.48223114013672,71.64045715332031,59.55393981933594,45.27595520019531,43.422569274902344,42.47636413574219,39.003265380859375,33.78878402709961,33.09586715698242,32.53932189941406,30.90792465209961,21690.2890625,106.77363586425781,38.695030212402344
785000,795001,17,3,253,217,0,52385.5625,448.19049072265625,221.1556396484375,149.9898223876953,114.7758560180664,94.46910095214844,74.67383575439453,62.40263366699219,52.671600341796875,47.69258499145508,43.79267501831055,40.13248062133789,35.56142044067383,33.521202087402344,32.47642517089844,32.054813385009766,26.598373413085938,22012.037109375,78.30736541748047,41.08292770385742
785000,795001,17,3,253,217,1,52403.9453125,446.6963195800781,221.83416748046875,151.0945281982422,114.61632537841797,89.4677963256836,76.35113525390625,66.50588989257812,53.998382568359375,47.65186309814453,44.45125198364258,42.40422439575195,38.35457229614258,35.46711730957031,32.62890625,31.43705177307129,30.274906158447266,22017.546875,78.4094467163086,43.85196304321289
790000,800001,17,3,252,222,0,52276.4609375,453.92919921875,233.57920837402344,147.40731811523438,121.79740142822266,96.51274108886719,82.71025085449219,72.95004272460938,62.80418014526367,46.86528015136719,42.71672821044922,40.96809387207031,36.65265655517578,36.242652893066406,33.76177978515625,29.581310272216797,29.03230857849121,21965.373046875,88.02165222167969,47.66502380371094
790000,800001,17,3,252,222,1,52349.74609375,448.0430908203125,228.1102294921875,144.4700164794922,111.23363494873047,91.58412170410156,77.64234161376953,68.3332748413086,58.009132385253906,48.4832649230957,42.705623626708984,39.511985778808594,37.98656463623047,35.11233901977539,33.8967399597168,30.366943359375,30.12676429748535,21998.787109375,80.72367858886719,43.082489013671875
795000,805001,17,3,252,222,0,52519.08984375,455.7314453125,208.31973266601562,170.36087036132812,130.03160095214844,97.18594360351562,79.86307525634766,66.91700744628906,52.397300720214844,48.16219711303711,44.149330139160156,39.06024932861328,37.574092864990234,35.19721603393555,30.64476203918457,28.98326301574707,27.675718307495117,22099.25390625,97.34451293945312,39.20000457763672
795000,805001,17,3,252,222,1,52493.828125,454.7552795410156,209.04818725585938,168.75180053710938,131.8772430419922,90.16461181640625,72.36910247802734,63.941490173339844,50.61544418334961,47.319854736328125,42.0338134765625,38.53833770751953,34.767791748046875,33.50931930541992,33.05197525024414,30.9468936920166,26.60247230529785,22089.88671875,84.5581283569336,38.65299606323242
800000,810001,17,3,251,224,0,52955.74609375,476.2980041503906,229.13143920898438,144.81370544433594,118.55393981933594,93.32357788085938,81.46483612060547,64.42970275878906,54.93497085571289,49.67847442626953,41.30231475830078,37.691165924072266,36.72834014892578,35.924137115478516,32.37913131713867,29.71101188659668,28.920934677124023,22266.234375,92.79832458496094,41.26652145385742
800000,810001,17,3,251,224,1,52932.40234375,475.6376953125,227.70608520507812,147.03207397460938,119.00973510742188,95.78510284423828,77.73435974121094,59.80629348754883,55.966407775878906,48.43333053588867,45.405460357666016,42.72083282470703,40.34751892089844,36.162445068359375,33.21344757080078,32.139610290527344,27.46107292175293,22255.3828125,89.8473129272461,48.65309143066406
805000,815001,17,3,250,210,0,52130.5078125,521.00048828125,248.10594177246094,161.1353759765625,117.24822998046875,93.7215347290039,81.3782730102539,76.605712890625,63.62550735473633,46.21028518676758,40.85524368286133,40.15309143066406,38.66432189941406,38.14387130737305,34.39510726928711,30.145662307739258,27.753887176513672,21926.49609375,85.30912780761719,39.27876281738281
805000,815001,17,3,250,210,1,52179.21875,527.0498657226562,251.9668426513672,164.07908630371094,117.70712280273438,92.00337219238281,84.22689056396484,72.59626770019531,58.03559875488281,47.94493103027344,44.492923736572266,40.79979705810547,38.673255920410156,36.20758056640625,34.25175094604492,33.384891510009766,27.758790969848633,21948.1328125,88.1543960571289,43.1610221862793
810000,820001,17,3,253,218,0,52865.859375,427.5115966796875,197.1178741455078,139.8470001220703,109.93511199951172,85.5867691040039,74.19658660888672,55.31246566772461,53.56324005126953,39.900211334228516,37.963382720947266,35.83667755126953,33.9757080078125,32.4419059753418,30.361902236938477,28.8485050201416,26.89368438720703,22245.8671875,67.91840362548828,35.55180740356445
810000,820001,17,3,253,218,1,52855.16015625,426.2585144042969,198.5975799560547,142.55557250976562,112.27066802978516,89.45864868164062,76.88870239257812,58.298316955566406,55.28409194946289,42.241092681884766,38.59499740600586,35.867591857910156,35.20087814331055,33.828460693359375,32.79962158203125,30.523805618286133,25.291179656982422,22243.02734375,76.1205062866211,39.71769714355469
815000,825001,17,3,254,219,0,52728.3203125,472.6106872558594,213.54586791992188,160.9690704345703,122.927978515625,101.7232437133789,79.29631042480469,66.0372314453125,56.98418045043945,49.178932189941406,42.42273712158203,40.38849639892578,37.87675094604492,32.108341217041016,31.167062759399414,27.69589614868164,27.2127742767334,22185.375,82.11910247802734,44.750587463378906
815000,825001,17,3,254,219,1,52755.10546875,470.4158630371094,211.8002166748047,164.04039001464844,124.68486022949219,101.72254943847656,82.18763732910156,72.57058715820312,56.63170623779297,49.11264419555664,43.90482711791992,40.03350830078125,36.95718002319336,34.78326416015625,32.650020599365234,28.83196449279785,28.061614990234375,22195.482421875,86.71405029296875,43.056007385253906
820000,830001,17,3,254,217,0,53172.80859375,758.20947265625,257.152587890625,155.01947021484375,111.48843383789062,97.5783462524414,84.73695373535156,70.03675842285156,60.9345817565918,47.02021026611328,46.2206916809082,43.55921936035156,39.169883728027344,35.79759979248047,34.60386276245117,32.412174224853516,28.785566329956055,22390.9140625,76.62438201904297,38.11109924316406
820000,830001,17,3,254,217,1,53173.09765625,771.7169799804688,275.1759338378906,165.3895263671875,109.09806060791016,100.12639617919922,83.93869018554688,70.87915802001953,61.25880432128906,55.71056365966797,48.91201400756836,46.38203811645508,40.207942962646484,37.89908218383789,35.653987884521484,34.27134323120117,32.46062469482422,22392.712890625,77.6020278930664,42.638919830322266
825000,835001,17,3,254,223,0,53440.3359375,459.25006103515625,205.0541229248047,145.9744873046875,106.5619888305664,95.07847595214844,76.28961944580078,57.62134552001953,55.65755844116211,43.778533935546875,40.992733001708984,38.923728942871094,36.23921203613281,34.25257873535156,32.10176086425781,29.31301498413086,27.930500030517578,22464.15625,71.68804168701172,37.528038024902344
825000,835001,17,3,254,223,1,53429.01953125,461.27239990234375,206.41920471191406,146.32034301757812,108.15251922607422,88.94648742675781,72.84158325195312,57.54093551635742,55.5838623046875,42.599952697753906,41.748199462890625,37.64973068237305,36.54615783691406,35.185821533203125,32.608707427978516,30.812480926513672,27.456953048706055,22457.154296875,72.26336669921875,36.554927825927734
830000,840001,17,3,253,221,0,53276.58984375,813.6033935546875,236.9586639404297,174.92489624023438,116.64037322998047,93.02334594726562,80.65045166015625,65.75912475585938,52.5986442565918,46.482452392578125,44.210792541503906,39.89683151245117,37.65737533569336,36.009742736816406,33.617919921875,29.827960968017578,25.987733840942383,22444.70703125,77.0708236694336,38.87667465209961
830000,840001,17,3,253,221,1,53294.6796875,821.7625732421875,244.12997436523438,165.07720947265625,116.05792236328125,91.87618255615234,73.82295989990234,63.89351272583008,47.48261642456055,46.14115905761719,40.29069137573242,38.19431686401367,36.33603286743164,35.0858039855957,32.251670837402344,30.39727020263672,28.27960968017578,22454.5546875,74.17799377441406,39.0232048034668
835000,845001,17,3,252,222,0,53359.8515625,496.62054443359375,232.776611328125,149.81983947753906,119.85377502441406,88.6683578491211,74.43292999267578,61.6764030456543,55.97786331176758,45.92863082885742,42.24363708496094,41.4315185546875,39.33454132080078,36.917301177978516,34.39591598510742,31.60157012939453,28.089609146118164,22451.509765625,77.85113525390625,35.373313903808594
835000,845001,17,3,252,222,1,53358.1953125,500.10400390625,229.99545288085938,151.50746154785156,123.05121612548828,88.81211853027344,78.50692749023438,59.96297836303711,55.877620697021484,44.00834655761719,39.32896041870117,38.02040100097656,36.30029296875,34.51734924316406,34.098487854003906,32.106689453125,29.113798141479492,22453.98828125,74.15641021728516,35.31531524658203
840000,850001,17,3,247,217,0,52978.96875,678.4219360351562,217.98321533203125,163.51275634765625,119.47044372558594,102.45088958740234,81.07857513427734,67.54058074951172,52.425010681152344,43.55918884277344,39.751102447509766,38.61912536621094,36.73139572143555,33.5062141418457,32.36551284790039,29.28985023498535,25.614377975463867,22277.474609375,88.69158935546875,34.98369598388672
840000,850001,17,3,247,217,1,52932.71484375,672.9462890625,213.62782287597656,165.52401733398438,120.52782440185547,101.28242492675781,79.78571319580078,64.39836120605469,57.030826568603516,45.37004089355469,43.76428985595703,38.642826080322266,37.42156982421875,35.68655014038086,32.33070373535156,29.731334686279297,29.113758087158203,22260.021484375,84.8355941772461,36.068302154541016
845000,855001,17,3,250,219,0,52598.37890625,571.7150268554688,235.99111938476562,162.91102600097656,117.77986145019531,106.84060668945312,85.05699157714844,70.80037689208984,58.26746368408203,53.09701156616211,49.166690826416016,44.86046600341797,40.606449127197266,39.47804641723633,36.9622802734375,33.518497467041016,30.132112503051758,22141.328125,85.88695526123047,47.430599212646484
845000,855001,17,3,250,219,1,52569.0390625,568.5817260742188,237.45277404785156,159.77249145507812,117.30271911621094,99.05929565429688,82.07292938232422,68.91548156738281,59.855987548828125,49.39036178588867,47.456703186035156,44.49530029296875,40.120365142822266,38.70370864868164,37.67041015625,34.49310302734375,27.946422576904297,22129.923828125,84.39673614501953,45.95111846923828
850000,860001,17,3,253,223,0,53915.04296875,557.9136962890625,223.04632568359375,155.08004760742188,119.17298126220703,87.6022720336914,74.23124694824219,65.02592468261719,56.425113677978516,51.1358757019043,46.70843505859375,44.097381591796875,38.3785514831543,37.25813674926758,33.6274528503418,31.876842498779297,30.025270462036133,22692.263671875,77.31348419189453,43.564727783203125
850000,860001,17,3,253,223,1,53886.60546875,559.9242553710938,222.62557983398438,152.73464965820312,117.34931945800781,88.74308776855469,74.94617462158203,64.10716247558594,55.78458786010742,45.61618423461914,42.237693786621094,39.042144775390625,37.62858581542969,35.0858039855957,34.062808990478516,32.492496490478516,29.98377227783203,22679.76171875,73.07560729980469,39.26019287109375
855000,865001,17,3,252,219,0,53590.96875,465.52911376953125,206.89964294433594,131.91587829589844,103.64344024658203,89.60820007324219,67.65142822265625,56.92329788208008,47.44691848754883,44.92791748046875,39.10085678100586,36.641780853271484,33.94492721557617,30.972150802612305,30.33257484436035,27.96790313720703,25.913721084594727,22587.724609375,82.43632507324219,41.07331848144531
855000,865001,17,3,252,219,1,53569.21875,467.51287841796875,215.63209533691406,135.2047119140625,105.88807678222656,94.20592498779297,66.78607177734375,58.152488708496094,50.684730529785156,43.35380172729492,41.10103225708008,38.400447845458984,33.30988311767578,31.22389030456543,30.359516143798828,28.903310775756836,27.024044036865234,22576.98828125,86.59446716308594,39.92951202392578
860000,870001,17,3,256,218,0,53282.51171875,472.59857177734375,209.30441284179688,150.2962646484375,119.16971588134766,86.82103729248047,75.3294677734375,67.2850112915039,56.0245475769043,46.84242248535156,42.141754150390625,40.17270278930664,38.69307327270508,33.51701354980469,32.542396545410156,31.076679229736328,29.243120193481445,22444.806640625,71.42813110351562,43.15138244628906
860000,870001,17,3,256,218,1,53288.90234375,471.7811584472656,208.5580291748047,150.6029052734375,120.15370178222656,88.7958755493164,74.52581024169922,64.28286743164062,57.50566101074219,45.484092712402344,42.77943801879883,37.77885437011719,36.38740158081055,34.810855865478516,31.303363800048828,29.367019653320312,26.753948211669922,22449.037109375,72.98527526855469,43.497947692871094
865000,875001,17,3,256,226,0,54323.375,495.0436096191406,225.01345825195312,149.95523071289062,108.05780029296875,88.85035705566406,76.14126586914062,59.8686637878418,57.49220275878906,44.774967193603516,43.73419189453125,41.63267517089844,39.224857330322266,35.20912170410156,34.63103103637695,33.39404296875,31.98020362854004,22837.271484375,83.55057525634766,43.10136795043945
865000,875001,17,3,256,226,1,54377.671875,496.542724609375,223.46707153320312,154.04612731933594,106.41927337646484,90.40068054199219,79.28838348388672,67.2838363647461,56.23152160644531,47.082462310791016,43.430545806884766,41.20964431762695,35.9073371887207,34.56949996948242,33.77273178100586,31.565868377685547,30.586261749267578,22862.62109375,82.12881469726562,40.68837356567383
870000,880001,17,3,253,221,0,54493.77734375,490.936279296875,216.49923706054688,170.74830627441406,113.86775970458984,93.54866790771484,70.20439910888672,64.23954010009766,47.94157409667969,45.85148620605469,43.959007263183594,37.62861633300781,36.665470123291016,34.326438903808594,32.377567291259766,32.26653289794922,29.879770278930664,22915.017578125,79.39915466308594,37.46175765991211
870000,880001,17,3,253,221,1,54527.09765625,494.2109375,217.00460815429688,173.01803588867188,117.5160903930664,99.3197021484375,74.6206283569336,64.56050109863281,51.51771926879883,47.7305908203125,46.69027328491211,41.63886260986328,39.25135803222656,37.19505310058594,35.498226165771484,33.24775695800781,31.392200469970703,22926.8515625,84.44715881347656,38.28110122680664
875000,885001,17,3,254,217,0,54112.9609375,527.0491333007812,207.58912658691406,149.18148803710938,122.89234161376953,94.74365997314453,76.21556854248047,67.79597473144531,52.57060241699219,48.90020751953125,45.985191345214844,42.55620193481445,39.77288818359375,37.761817932128906,33.226253509521484,32.4768180847168,28.03349494934082,22776.609375,81.24889373779297,37.75703430175781
875000,885001,17,3,254,217,1,54131.48046875,523.293701171875,204.7660369873047,148.03941345214844,129.13876342773438,96.53321838378906,74.71827697753906,67.84867095947266,50.30901336669922,49.21612548828125,44.418701171875,42.16996383666992,38.45411682128906,33.52196502685547,31.59195899963379,29.81569480895996,28.671878814697266,22786.681640625,78.12672424316406,41.94865798950195
880000,890001,17,3,255,225,0,55228.49609375,494.4759216308594,211.60618591308594,153.78367614746094,114.4923324584961,89.90886688232422,84.36006164550781,64.33708190917969,58.323978424072266,53.93682098388672,52.18922805786133,46.894283294677734,42.574806213378906,40.39430236816406,36.237770080566406,35.57432174682617,31.764846801757812,23245.732421875,81.75780487060547,44.61128616333008
880000,890001,17,3,255,225,1,55254.6640625,493.2230529785156,219.61439514160156,159.529296875,126.8197250366211,107.4971694946289,98.51978302001953,83.56336975097656,66.8303451538086,58.22007751464844,56.049102783203125,51.58412170410156,48.03025817871094,43.32207489013672,40.56842041015625,38.895050048828125,35.476261138916016,23255.0625,91.38109588623047,47.5292854309082
885000,895001,17,3,253,215,0,53860.38671875,542.0433959960938,214.9752960205078,165.04025268554688,142.92904663085938,113.90206146240234,86.98529815673828,73.38736724853516,68.15156555175781,55.28669357299805,45.868064880371094,44.64570236206055,42.147216796875,38.836631774902344,35.177520751953125,31.226333618164062,26.620407104492188,22685.013671875,122.04891204833984,39.354530334472656
885000,895001,17,3,253,215,1,53854.39453125,547.3568115234375,217.34805297851562,166.118408203125,135.97560119628906,108.07245635986328,87.83094787597656,73.75389862060547,60.0624885559082,58.2021484375,46.495994567871094,40.83179473876953,38.13959503173828,35.368316650390625,31.63343048095703,28.18258285522461,26.99538803100586,22681.16015625,106.7879409790039,37.55490493774414
890000,900001,17,3,253,222,0,53953.27734375,469.11181640625,240.99404907226562,158.38536071777344,119.01143646240234,88.44109344482422,83.59086608886719,62.23416519165039,53.06383514404297,49.239532470703125,43.58599090576172,41.80010223388672,35.134578704833984,33.87093734741211,32.21028518676758,30.67554473876953,27.31541633605957,22723.390625,88.97193908691406,43.49818801879883
890000,900001,17,3,253,222,1,53971.3359375,464.24859619140625,237.5226287841797,162.33633422851562,123.00090026855469,87.92092895507812,82.20960235595703,70.18978118896484,50.98766326904297,50.09724426269531,43.77424240112305,38.00739288330078,36.74205017089844,33.98784637451172,32.98685073852539,28.91975212097168,27.754308700561523,22730.962890625,84.81015014648438,35.72353744506836
895000,905001,17,3,255,214,0,55916.08203125,467.40167236328125,213.0114288330078,144.52183532714844,109.33873748779297,88.82939147949219,80.85871887207031,60.76791000366211,52.34852981567383,44.91698455810547,41.340675354003906,39.87057876586914,35.13127899169922,34.354068756103516,31.721837997436523,28.702863693237305,26.656103134155273,23514.041015625,72.4782943725586,36.43239974975586
895000,905001,17,3,255,214,1,55877.875,466.86407470703125,207.5660400390625,141.7255859375,108.48395538330078,96.29296112060547,80.44580078125,60.88957977294922,50.018096923828125,43.45647430419922,42.23797607421875,38.620243072509766,35.746726989746094,32.67011260986328,31.638471603393555,30.10599708557129,24.672103881835938,23497.939453125,74.16596984863281,36.9318733215332
900000,910001,17,3,251,227,0,54905.015625,600.3739013671875,263.67877197265625,165.94808959960938,122.5290298461914,86.61355590820312,81.86231231689453,62.60619354248047,57.79361343383789,50.603050231933594,48.01053237915039,38.92510986328125,36.95476531982422,34.6483154296875,34.00347137451172,29.2351016998291,26.272695541381836,23084.58203125,89.5398178100586,43.54597854614258
900000,910001,17,3,251,227,1,54894.0703125,602.5496826171875,267.9243469238281,164.01498413085938,120.73715209960938,83.77903747558594,77.15911102294922,60.977840423583984,54.21394348144531,50.58621597290039,47.72523498535156,40.58835983276367,36.52362823486328,34.56338882446289,32.06125259399414,28.843647003173828,27.466272354125977,23079.611328125,85.36900329589844,39.45127868652344
905000,915001,17,3,251,214,0,54889.4296875,451.58319091796875,218.42681884765625,140.81578063964844,119.57781982421875,95.344482421875,80.99907684326172,62.38031768798828,49.71326446533203,43.199607849121094,40.37472152709961,36.59967803955078,35.83924102783203,33.60306167602539,30.525304794311523,30.19537353515625,27.777090072631836,23120.896484375,90.72140502929688,45.076026916503906
905000,915001,17,3,251,214,1,54904.30859375,455.4228210449219,216.49070739746094,139.24993896484375,115.45536804199219,90.9421157836914,75.54930877685547,57.454742431640625,46.47993087768555,41.54682159423828,38.92306900024414,36.5804443359375,33.64555740356445,32.506256103515625,29.065500259399414,27.942367553710938,26.261259078979492,23125.451171875,88.30677795410156,42.62687683105469
910000,920001,17,3,252,211,0,55277.5390625,460.3434143066406,205.8905029296875,135.71206665039062,101.57809448242188,85.45110321044922,67.1502685546875,63.97289276123047,52.08632278442383,41.89351272583008,39.89403533935547,34.444114685058594,32.59547805786133,30.422143936157227,29.641010284423828,27.331287384033203,24.360036849975586,23289.708984375,72.90209197998047,32.39198303222656
910000,920001,17,3,252,211,1,55304.4765625,454.02490234375,206.48385620117188,135.76321411132812,105.48580169677734,89.61299133300781,71.5106430053711,63.15757369995117,53.758522033691406,43.900482177734375,41.895320892333984,38.06481170654297,33.29350280761719,31.291091918945312,29.943422317504883,27.184965133666992,26.02419090270996,23301.150390625,70.40512084960938,32.68214416503906
915000,925001,17,3,256,222,0,55295.046875,655.6373901367188,217.83294677734375,164.33021545410156,127.76011657714844,103.01539611816406,78.87705993652344,71.79622650146484,56.5782585144043,49.76740264892578,45.98014831542969,43.26304244995117,41.026893615722656,37.57681655883789,33.34944152832031,30.867158889770508,29.524433135986328,23270.109375,86.31561279296875,41.27708435058594
915000,925001,17,3,256,222,1,55233.94921875,669.5382690429688,220.22251892089844,165.87127685546875,133.9929656982422,95.36988067626953,81.02861785888672,65.9717788696289,60.32587432861328,50.5063362121582,45.41828155517578,42.33285903930664,41.998897552490234,38.48598098754883,34.56930160522461,32.90110397338867,30.945219039916992,23242.923828125,83.2972183227539,52.836463928222656
920000,930001,17,3,253,220,0,54539.27734375,502.48028564453125,222.43862915039062,162.92698669433594,129.19215393066406,103.04096984863281,78.06153869628906,66.9872055053711,56.3482780456543,50.00415802001953,47.73027801513672,45.75654983520508,42.56800842285156,39.035362243652344,35.84369659423828,35.289146423339844,31.782196044921875,22958.06640625,72.7601547241211,40.98543167114258
920000,930001,17,3,253,220,1,54587.95703125,503.6607360839844,219.64181518554688,161.858642578125,129.4217987060547,106.17152404785156,80.18262481689453,67.72137451171875,60.67045974731445,51.84988021850586,44.64181900024414,40.06217956542969,36.793697357177734,33.73312759399414,32.76934051513672,31.188434600830078,28.287351608276367,22978.798828125,74.8910903930664,37.79795837402344
925000,935001,17,3,251,220,0,55313.62109375,492.3100280761719,204.99266052246094,137.264892578125,124.61737823486328,82.1829833984375,72.9555892944336,70.17928314208984,54.555423736572266,44.30872344970703,39.552223205566406,36.87443161010742,33.74494552612305,33.538482666015625,31.922910690307617,30.31017303466797,28.080846786499023,23302.71875,77.75465393066406,39.12688064575195
925000,935001,17,3,251,220,1,55323.390625,492.3862609863281,205.7973175048828,139.41455078125,125.50931549072266,83.26679992675781,72.72433471679688,65.45295715332031,53.632484436035156,42.75265121459961,41.96027374267578,37.3652229309082,36.40438461303711,34.074806213378906,31.667818069458008,28.805971145629883,26.899112701416016,23308.310546875,77.4131851196289,39.161529541015625
930000,940001,17,3,254,223,0,55281.37890625,481.4267272949219,210.11473083496094,153.8831329345703,123.27034759521484,93.18927764892578,77.736328125,63.82733154296875,54.32018280029297,50.07831573486328,44.350860595703125,38.187408447265625,38.01958084106445,36.70610046386719,34.530818939208984,30.563095092773438,28.675931930541992,23262.357421875,80.99927520751953,38.750492095947266
930000,940001,17,3,254,223,1,55284.2890625,473.51025390625,210.1412353515625,150.32235717773438,117.42261505126953,92.76275634765625,78.90928649902344,61.55044937133789,54.043087005615234,47.70891189575195,46.35591125488281,40.43000411987305,39.12833023071289,36.534725189208984,33.900413513183594,30.684906005859375,29.5556640625,23264.71875,80.24615478515625,42.328857421875
935000,945001,17,3,247,217,0,54060.953125,523.5768432617188,225.26809692382812,156.5716552734375,117.74703216552734,91.07047271728516,77.85337829589844,66.64115142822266,57.0275993347168,50.91365432739258,44.319358825683594,42.06045150756836,40.180458068847656,35.78043746948242,34.044761657714844,29.302289962768555,27.006210327148438,22766.443359375,83.83060455322266,52.9041633605957
935000,945001,17,3,247,217,1,54051.9140625,526.9432983398438,218.10157775878906,152.88546752929688,114.28269958496094,91.38103485107422,76.04325103759766,66.55488586425781,56.475486755371094,47.56230545043945,43.5760383605957,40.16646194458008,36.97499465942383,35.326332092285156,33.5355224609375,31.85943031311035,29.356422424316406,22762.623046875,77.90425109863281,53.76741027832031
940000,950001,17,3,255,224,0,56541.1328125,402.8741149902344,202.32826232910156,140.7982177734375,109.62794494628906,90.21773529052734,65.84772491455078,57.569244384765625,47.853172302246094,43.69688034057617,40.92496109008789,37.162418365478516,34.640037536621094,33.90601348876953,31.88296127319336,30.761472702026367,27.904508590698242,23774.771484375,74.9107666015625,46.61503982543945
940000,950001,17,3,255,224,1,56525.1171875,399.79815673828125,203.70521545410156,138.4027557373047,102.89208984375,90.3392333984375,69.07747650146484,57.207275390625,53.269962310791016,46.226295471191406,39.676551818847656,39.170677185058594,36.36222839355469,35.73915100097656,32.852760314941406,29.59308433532715,27.14980125427246,23765.46875,73.1485366821289,45.86147689819336
945000,955001,17,3,250,219,0,55079.125,479.5499267578125,199.82876586914062,157.30850219726562,107.88626098632812,89.7842788696289,74.29733276367188,59.0356330871582,45.4447135925293,43.721923828125,42.75115966796875,36.529579162597656,35.79518127441406,31.68000602722168,30.24437713623047,29.720434188842773,26.050683975219727,23214.4921875,80.35855865478516,38.29066467285156
945000,955001,17,3,250,219,1,55091.09765625,476.0328369140625,200.23487854003906,149.0806427001953,107.81484985351562,93.93498992919922,79.1029052734375,67.70936584472656,50.52057647705078,43.69244384765625,41.76245880126953,36.31938171386719,34.213050842285156,33.82864761352539,30.334341049194336,30.071395874023438,26.088359832763672,23222.04296875,80.93709564208984,39.76705551147461
950000,960001,17,3,252,223,0,55612.25,491.9174499511719,233.53956604003906,160.50408935546875,110.78031158447266,96.63992309570312,78.10552215576172,62.758384704589844,53.72099304199219,53.333683013916016,46.84844970703125,40.0378532409668,38.63906478881836,36.40822982788086,34.01709747314453,32.72392654418945,29.1285343170166,23397.994140625,80.7656021118164,45.728660583496094
950000,960001,17,3,252,223,1,55568.96484375,494.2418518066406,234.086669921875,157.39288330078125,111.59857940673828,100.92524719238281,76.00025177001953,62.3531608581543,57.312782287597656,48.14401626586914,45.865272521972656,41.32662582397461,38.142459869384766,37.21237564086914,33.48542022705078,31.27631378173828,28.597431182861328,23378.98828125,81.27706909179688,48.367000579833984
955000,965001,17,3,252,225,0,55753.99609375,506.0269775390625,243.08531188964844,142.19488525390625,124.74042510986328,104.8025894165039,90.25452423095703,74.15009307861328,56.061038970947266,44.41533660888672,42.47908401489258,39.95186996459961,39.244503021240234,34.45328903198242,31.966670989990234,30.637672424316406,26.93815803527832,23482.04296875,83.53150177001953,37.21644973754883
955000,965001,17,3,252,225,1,55783.328125,510.9626159667969,239.04820251464844,143.4646759033203,118.8008041381836,98.85112762451172,87.16448974609375,71.50785064697266,56.23664855957031,47.652645111083984,44.2918586730957,38.634765625,35.99262619018555,34.87213897705078,32.83551025390625,31.1723575592041,27.039215087890625,23495.17578125,79.49961853027344,37.397735595703125
960000,970001,17,3,253,220,0,55733.515625,538.04736328125,235.42652893066406,147.4722442626953,123.76606750488281,88.65499877929688,77.6138687133789,68.73336029052734,58.435604095458984,46.98353576660156,45.907779693603516,40.52811813354492,34.73610305786133,33.288177490234375,31.448501586914062,30.222013473510742,29.33685874938965,23461.06640625,74.49984741210938,34.670249938964844
960000,970001,17,3,253,220,1,55719.60546875,540.1826171875,237.3052520751953,154.3111114501953,125.81626892089844,91.40243530273438,76.21287536621094,64.27344512939453,56.17048645019531,51.98603057861328,49.373085021972656,41.1430778503418,37.08492660522461,35.414058685302734,34.49374008178711,31.008451461791992,29.54323387145996,23455.33984375,71.82938385009766,36.10065841674805
965000,975001,17,3,253,219,0,56066.359375,459.0903625488281,197.84912109375,149.11170959472656,104.94635772705078,85.41062927246094,68.49724578857422,62.954063415527344,50.93735122680664,45.233646392822266,42.20674133300781,37.6551399230957,35.64158630371094,33.85167694091797,31.222238540649414,28.3691463470459,26.327356338500977,23614.60546875,67.91482543945312,36.537818908691406
965000,975001,17,3,253,219,1,56062.578125,461.5433349609375,200.5884552001953,150.71730041503906,107.10089111328125,88.03605651855469,66.7344741821289,62.010581970214844,50.34496307373047,45.338722229003906,40.012752532958984,39.002906799316406,37.04850387573242,32.56102752685547,31.97834014892578,27.795612335205078,26.76658821105957,23610.857421875,68.79412078857422,35.30436325073242
970000,980001,17,3,251,221,0,55306.3671875,465.5005187988281,201.44259643554688,155.8771209716797,113.98736572265625,85.12002563476562,72.55384826660156,58.99130630493164,51.528709411621094,43.96832275390625,37.92988204956055,35.318851470947266,34.90106964111328,33.92582321166992,31.335006713867188,29.91714859008789,25.957998275756836,23290.8046875,85.36876678466797,37.12750244140625
970000,980001,17,3,251,221,1,55348.90625,468.5561828613281,202.7601318359375,156.7005615234375,112.08656311035156,87.77119445800781,73.14262390136719,56.75528335571289,53.40007400512695,42.89580154418945,40.88144302368164,37.29343795776367,35.26604461669922,33.1849250793457,31.75223159790039,30.377622604370117,29.46256446838379,23310.767578125,84.97882080078125,39.32859420776367
975000,985001,17,3,252,233,0,56322.703125,506.2503662109375,210.11244201660156,143.30335998535156,128.55105590820312,97.41621398925781,77.24176788330078,71.12161254882812,58.05516052246094,46.649192810058594,44.15324020385742,41.88962936401367,37.26150894165039,35.121498107910156,32.58208465576172,30.26204490661621,27.815168380737305,23704.779296875,82.47415161132812,36.50606155395508
975000,985001,17,3,252,233,1,56318.08984375,505.1881408691406,213.7866668701172,144.1195068359375,127.42251586914062,92.56111907958984,74.55375671386719,67.42647552490234,56.50178146362305,46.95364761352539,43.75200271606445,42.83472442626953,39.46513366699219,35.4566764831543,31.537376403808594,30.148744583129883,29.60162925720215,23705.248046875,78.63347625732422,39.37007522583008
980000,990001,17,3,251,216,0,55850.15625,537.5796508789062,231.2595977783203,153.5035400390625,114.00995635986328,84.98249053955078,72.6663818359375,65.52042388916016,56.479026794433594,45.92652893066406,45.51062774658203,38.74602127075195,36.33219909667969,36.14712142944336,31.632644653320312,28.01398277282715,26.458477020263672,23519.20703125,84.79535675048828,43.29336929321289
980000,990001,17,3,251,216,1,55863.625,531.4066772460938,227.5247802734375,152.25099182128906,115.18890380859375,88.15253448486328,73.53827667236328,66.10523223876953,64.18528747558594,46.78730773925781,43.967491149902344,41.92424392700195,37.8127326965332,36.49421310424805,32.76939392089844,30.129161834716797,27.144851684570312,23523.111328125,82.23300170898438,44.06084442138672
985000,995001,17,3,250,226,0,55835.0078125,472.993408203125,213.86410522460938,150.16876220703125,108.319091796875,97.5164566040039,81.68396759033203,64.09800720214844,55.009361267089844,51.355567932128906,48.08564758300781,44.029964447021484,41.790138244628906,37.54174041748047,34.0940055847168,31.573537826538086,28.93119239807129,23509.55859375,79.72692108154297,44.77839279174805
985000,995001,17,3,250,226,1,55824.796875,481.506103515625,216.9930419921875,145.5366973876953,106.50312042236328,94.74858856201172,75.76273345947266,63.05397033691406,51.89787292480469,49.64083480834961,47.625091552734375,44.812583923339844,40.73623275756836,36.85434341430664,35.1027946472168,30.36488914489746,27.74671173095703,23506.029296875,77.75564575195312,47.692237854003906
