grad_step,env_steps,window_len,penalty_len,n_windows,unique_eps,critic,sv_01,sv_02,sv_03,sv_04,sv_05,sv_06,sv_07,sv_08,sv_09,sv_10,sv_11,sv_12,sv_13,sv_14,sv_15,sv_16,sv_17,pen_sv_01,pen_sv_02,pen_sv_03
0,10001,17,3,253,10,0,8.307334899902344,1.2660142183303833,0.8713797926902771,0.7195242047309875,0.6257635951042175,0.577112078666687,0.5242094397544861,0.5111970901489258,0.48671650886535645,0.46989238262176514,0.4635449945926666,0.4503888189792633,0.4398900270462036,0.4239625632762909,0.4105740487575531,0.39857447147369385,0.35262924432754517,3.5469672679901123,0.5469728112220764,0.41363224387168884
0,10001,17,3,253,10,1,4.680164337158203,1.8408724069595337,1.157233715057373,0.8289239406585693,0.6788521409034729,0.5686030983924866,0.4926312267780304,0.4499233663082123,0.4290100932121277,0.4086853563785553,0.3895946741104126,0.3661775290966034,0.3566640317440033,0.3421000838279724,0.32351091504096985,0.3104177713394165,0.3030955195426941,2.220560312271118,0.5005915760993958,0.3611803948879242
5000,15001,17,3,250,15,0,624.8341674804688,66.86009979248047,39.743709564208984,26.536705017089844,17.733675003051758,13.404912948608398,10.681753158569336,10.304681777954102,8.778128623962402,7.242990016937256,6.541332244873047,6.248385429382324,5.788859844207764,5.570274829864502,5.161968231201172,4.523928642272949,3.965519905090332,266.2347106933594,13.203885078430176,6.3911309242248535
5000,15001,17,3,250,15,1,623.2866821289062,66.8228759765625,39.6372184753418,26.505441665649414,17.50780487060547,13.163955688476562,10.703801155090332,10.32933235168457,8.818025588989258,7.459694862365723,6.798789024353027,6.308393955230713,5.743710517883301,5.597433090209961,5.230053901672363,4.533918857574463,4.266178607940674,265.8751525878906,13.11173152923584,6.190352916717529
10000,20001,17,3,251,20,0,1074.4385986328125,77.432861328125,31.63068389892578,18.34149932861328,10.407876968383789,7.770491123199463,5.821538925170898,4.931940078735352,4.587435245513916,4.467733383178711,4.0433502197265625,3.910844326019287,3.7570297718048096,3.404313325881958,3.033947229385376,2.9043359756469727,2.3987338542938232,448.19659423828125,8.855927467346191,3.542541742324829
10000,20001,17,3,251,20,1,1077.1885986328125,77.22954559326172,31.45453643798828,18.461990356445312,10.49348258972168,7.472970008850098,5.672724723815918,4.88962459564209,4.801313400268555,4.426429748535156,4.15533447265625,3.988614559173584,3.3851706981658936,3.21317720413208,3.0194382667541504,2.9629180431365967,2.3731188774108887,449.3560791015625,8.771810531616211,3.3423421382904053
15000,25001,17,3,252,25,0,1277.4241943359375,78.19054412841797,27.09999656677246,12.366948127746582,8.490716934204102,5.593190670013428,4.366183757781982,3.7203056812286377,3.454089879989624,2.926334857940674,2.6504409313201904,2.607818365097046,2.240359306335449,2.1625258922576904,2.084198474884033,1.9272650480270386,1.692793369293213,537.3532104492188,7.407016754150391,2.5663583278656006
15000,25001,17,3,252,25,1,1277.6883544921875,78.1921615600586,26.648788452148438,11.836426734924316,8.334113121032715,5.590331554412842,4.322083473205566,3.604921579360962,3.340362548828125,2.872260332107544,2.6400184631347656,2.4334537982940674,2.3512613773345947,2.299734354019165,2.1604437828063965,1.803580403327942,1.6923496723175049,537.21484375,7.547965049743652,2.461439847946167
20000,30001,17,3,252,30,0,1630.8760986328125,64.14321899414062,23.895475387573242,12.474454879760742,7.350295066833496,6.641247272491455,5.3547749519348145,3.8874595165252686,3.1347622871398926,2.779690742492676,2.430324077606201,2.267997980117798,2.1927428245544434,2.0078182220458984,1.9613741636276245,1.763127326965332,1.5243585109710693,686.3953857421875,6.539946556091309,3.6064980030059814
20000,30001,17,3,252,30,1,1630.081787109375,64.41032409667969,23.843814849853516,12.400358200073242,7.419771194458008,6.736987590789795,5.283683776855469,3.805718421936035,3.1223387718200684,2.7878050804138184,2.5262341499328613,2.3900339603424072,2.2489030361175537,2.1104576587677,2.067227363586426,1.7150319814682007,1.6938289403915405,685.9715576171875,6.5830979347229,3.8200573921203613
25000,35001,17,3,253,35,0,2260.132080078125,70.56436920166016,34.63192367553711,18.5501651763916,9.855425834655762,7.677184104919434,6.2160444259643555,5.37447452545166,5.035772800445557,4.449412822723389,3.9615683555603027,3.3655786514282227,3.2404897212982178,2.8477749824523926,2.650930404663086,2.5534660816192627,2.4264538288116455,943.1618041992188,10.391721725463867,4.019564628601074
25000,35001,17,3,253,35,1,2262.772216796875,70.76507568359375,34.060733795166016,19.10872459411621,9.407591819763184,7.503312587738037,6.283085823059082,5.412997722625732,5.095122337341309,4.458569526672363,3.970174789428711,3.7044265270233154,3.435065269470215,3.0392000675201416,2.985736846923828,2.548366069793701,2.3378782272338867,944.4813842773438,9.994532585144043,4.05728006362915
30000,40001,17,3,255,40,0,2728.1171875,88.35667419433594,41.826656341552734,21.272262573242188,11.685959815979004,9.73520278930664,7.846701622009277,5.384299278259277,4.419466972351074,4.1174845695495605,3.713979482650757,3.632906436920166,3.019007921218872,2.492339849472046,2.378352642059326,2.048426389694214,1.8540732860565186,1148.3323974609375,10.25236988067627,5.007303714752197
30000,40001,17,3,255,40,1,2728.468017578125,88.21772003173828,42.009403228759766,21.651165008544922,11.784712791442871,9.430191040039062,7.9199419021606445,5.476531505584717,4.79705810546875,4.174445152282715,3.490105152130127,3.444371461868286,2.938178300857544,2.6235311031341553,2.40737247467041,2.2908008098602295,2.0000174045562744,1148.6309814453125,10.146574974060059,4.863345623016357
35000,45001,17,3,251,45,0,2806.1318359375,95.8705062866211,33.07154083251953,22.395950317382812,9.751008033752441,7.454948425292969,5.119443893432617,3.9220032691955566,3.688671112060547,2.963067054748535,2.775430202484131,2.5836479663848877,2.1391987800598145,1.9549304246902466,1.9127471446990967,1.7097834348678589,1.5629528760910034,1164.5960693359375,8.428335189819336,3.1310126781463623
35000,45001,17,3,251,45,1,2805.928466796875,95.38822174072266,32.567195892333984,21.374971389770508,9.784876823425293,7.041690826416016,5.515656471252441,3.9946885108947754,3.462524890899658,3.0051512718200684,2.8237409591674805,2.792097568511963,2.082390069961548,1.9545371532440186,1.7572702169418335,1.691220998764038,1.4956570863723755,1164.2880859375,8.362259864807129,3.2061448097229004
40000,50001,17,3,251,50,0,3079.601318359375,63.715579986572266,34.38987731933594,13.668797492980957,9.245000839233398,7.101670265197754,6.146920680999756,4.913882732391357,3.7873752117156982,3.248060941696167,2.795435905456543,2.598632335662842,2.3908274173736572,1.9923640489578247,1.8907461166381836,1.7414164543151855,1.528012990951538,1290.5423583984375,7.545013427734375,2.942857265472412
40000,50001,17,3,251,50,1,3085.131103515625,62.49199295043945,34.749595642089844,13.749541282653809,9.956960678100586,7.4651713371276855,6.597545623779297,5.0918097496032715,4.009549617767334,3.0526609420776367,2.864929676055908,2.536670207977295,2.353038787841797,2.1922881603240967,1.9540553092956543,1.696009874343872,1.356237530708313,1292.8992919921875,8.01865291595459,2.861177682876587
45000,55001,17,3,253,55,0,3259.698486328125,75.62886810302734,29.47113609313965,14.62480354309082,8.480156898498535,6.171532154083252,5.689371585845947,4.247511863708496,3.5196666717529297,3.3562865257263184,2.842550039291382,2.508453130722046,2.3844566345214844,2.031848907470703,1.9725234508514404,1.762013554573059,1.3676608800888062,1369.052734375,7.1921162605285645,3.1203722953796387
45000,55001,17,3,253,55,1,3251.71044921875,75.45999145507812,30.029150009155273,14.944594383239746,8.810112953186035,6.346515655517578,5.526637077331543,4.440796375274658,3.3746800422668457,3.1341991424560547,2.8937394618988037,2.5047688484191895,2.4689793586730957,2.0924875736236572,1.8965604305267334,1.705776333808899,1.466566562652588,1365.8756103515625,7.106201171875,3.0472209453582764
50000,60001,17,3,248,60,0,3315.237548828125,66.65716552734375,30.20673179626465,11.952502250671387,8.230884552001953,6.081265926361084,5.539018630981445,4.857757091522217,3.8823273181915283,3.0697500705718994,2.4368667602539062,2.1689934730529785,1.862072467803955,1.7296961545944214,1.6342767477035522,1.4554240703582764,1.3554843664169312,1392.0120849609375,7.1082963943481445,3.343010902404785
50000,60001,17,3,248,60,1,3312.412353515625,66.27816009521484,30.313522338867188,11.93368911743164,8.016036987304688,6.034624099731445,5.913163661956787,4.921465873718262,3.985999345779419,2.9334027767181396,2.4760079383850098,2.400263547897339,1.9886976480484009,1.8955763578414917,1.7061492204666138,1.4674570560455322,1.3297356367111206,1390.914794921875,7.134535789489746,3.545551300048828
55000,65001,17,3,249,64,0,4071.52294921875,90.17008209228516,35.04022979736328,15.47822093963623,9.731199264526367,5.554126262664795,5.236539363861084,4.479186058044434,3.9112043380737305,3.4311819076538086,3.1073789596557617,2.489842176437378,2.337162494659424,2.057140827178955,1.8200396299362183,1.760461688041687,1.6135634183883667,1711.673583984375,9.409256935119629,3.4177355766296387
55000,65001,17,3,249,64,1,4068.35302734375,90.05030822753906,34.12863540649414,15.848859786987305,8.924068450927734,6.4851908683776855,5.7417893409729,5.167533874511719,4.436718940734863,3.7237210273742676,3.3665897846221924,2.785890579223633,2.6501643657684326,2.441810131072998,2.2418763637542725,2.025296926498413,1.564155101776123,1710.60400390625,9.0835542678833,3.968590497970581
60000,70001,17,3,255,68,0,4789.2080078125,94.868896484375,35.59153747558594,15.236337661743164,8.20407485961914,6.433250904083252,5.8003339767456055,3.9140586853027344,3.052083969116211,2.6669998168945312,2.4623446464538574,2.088200330734253,1.953956127166748,1.8054579496383667,1.6940734386444092,1.5687187910079956,1.3948370218276978,2025.10546875,8.530906677246094,3.238650321960449
60000,70001,17,3,255,68,1,4788.53369140625,94.84536743164062,35.45877456665039,15.593406677246094,8.038307189941406,6.063958168029785,5.548142910003662,3.6720004081726074,2.962233543395996,2.1974844932556152,2.115070343017578,1.9820610284805298,1.8664016723632812,1.7567622661590576,1.6172617673873901,1.4976584911346436,1.340168833732605,2024.981689453125,8.67075252532959,3.0496628284454346
65000,75001,17,3,250,75,0,5877.53955078125,123.0614242553711,37.78903579711914,16.522489547729492,10.394452095031738,6.279446125030518,6.159731388092041,4.396147727966309,3.483847141265869,3.3072011470794678,2.7626256942749023,2.6133968830108643,2.4236550331115723,2.205878257751465,2.1346592903137207,1.6585770845413208,1.533034086227417,2482.27587890625,9.49120807647705,3.5235683917999268
65000,75001,17,3,250,75,1,5862.7021484375,122.95832824707031,37.692047119140625,16.380821228027344,10.518241882324219,6.723223686218262,6.426621437072754,4.099831581115723,3.6886887550354004,3.3576107025146484,3.2251908779144287,2.627239227294922,2.3608572483062744,2.2063755989074707,2.073786497116089,1.866472840309143,1.5185954570770264,2475.61474609375,9.636758804321289,3.479875326156616
70000,80001,17,3,253,77,0,6955.98193359375,132.95123291015625,35.61192321777344,14.494760513305664,8.851795196533203,6.572144508361816,6.121726989746094,5.405063152313232,4.1993408203125,4.052028179168701,3.7951207160949707,3.2343640327453613,2.7883403301239014,2.4413368701934814,2.314896821975708,1.9392192363739014,1.4411903619766235,2950.6552734375,11.606867790222168,3.662446975708008
70000,80001,17,3,253,77,1,6965.48486328125,132.1397705078125,35.47660827636719,15.05626392364502,8.573416709899902,6.957888126373291,6.370432376861572,5.005626678466797,4.506808757781982,4.102942943572998,3.5869245529174805,3.00602650642395,2.898595094680786,2.6098556518554688,2.41752028465271,1.9872666597366333,1.7174853086471558,2954.83544921875,11.935521125793457,4.103928089141846
75000,85001,17,3,254,80,0,7610.48681640625,111.49163055419922,35.515811920166016,15.20298957824707,9.21589183807373,8.016388893127441,6.066638946533203,4.281191349029541,3.5135576725006104,3.149308443069458,2.679471254348755,2.553335189819336,2.2152066230773926,2.010075330734253,1.8144567012786865,1.6773699522018433,1.5868779420852661,3201.351806640625,8.092138290405273,4.404372215270996
75000,85001,17,3,254,80,1,7601.44677734375,112.37698364257812,35.110660552978516,15.29102611541748,9.091195106506348,7.796123504638672,6.001839637756348,4.197535037994385,3.8108811378479004,3.064394235610962,2.8782100677490234,2.5270700454711914,2.280564785003662,1.8919157981872559,1.7706300020217896,1.6785269975662231,1.445711374282837,3198.138427734375,8.015352249145508,4.227387428283691
80000,90001,17,3,249,86,0,8067.4462890625,101.86322784423828,42.74680709838867,16.539100646972656,10.1644868850708,7.275111198425293,5.7540202140808105,5.406455993652344,4.661628246307373,3.9245293140411377,3.367861747741699,3.161266565322876,2.9176414012908936,2.6985456943511963,2.6053783893585205,2.1047797203063965,2.0247604846954346,3409.940673828125,10.15050983428955,4.158355236053467
80000,90001,17,3,249,86,1,8070.861328125,102.10479736328125,42.925537109375,15.847702980041504,10.190470695495605,7.762640476226807,6.399765491485596,5.75014591217041,4.356564521789551,3.9470911026000977,3.3626301288604736,3.1970179080963135,2.7759790420532227,2.663296937942505,2.6019468307495117,2.111391544342041,1.7177064418792725,3411.47412109375,9.822676658630371,4.041572570800781
85000,95001,17,3,255,90,0,9965.5869140625,162.740234375,50.72905349731445,23.129396438598633,13.590727806091309,9.414762496948242,8.535037994384766,6.9989542961120605,5.2790398597717285,4.444800853729248,3.8238441944122314,3.5593836307525635,3.1329870223999023,2.9006054401397705,2.741048574447632,2.6567156314849854,2.3711585998535156,4210.46826171875,11.003767013549805,5.243559837341309
85000,95001,17,3,255,90,1,9974.8154296875,163.1277618408203,49.880897521972656,23.292034149169922,12.763261795043945,9.696187973022461,8.543684959411621,6.8052239418029785,5.087315082550049,4.391383171081543,4.025627613067627,3.5807390213012695,3.202732563018799,2.9277119636535645,2.765761375427246,2.451451063156128,2.308509349822998,4213.87353515625,10.598579406738281,5.217876434326172
90000,100001,17,3,249,92,0,11571.5146484375,146.33523559570312,50.74716567993164,21.544185638427734,15.321967124938965,11.381816864013672,10.46310043334961,8.268881797790527,7.826570510864258,5.874621391296387,5.406526565551758,4.423535346984863,3.9080607891082764,3.6544995307922363,3.568913221359253,3.234325885772705,2.6432125568389893,4885.27490234375,13.146780014038086,6.203463077545166
90000,100001,17,3,249,92,1,11591.06640625,147.41043090820312,51.04336929321289,21.48642921447754,13.377852439880371,10.840739250183105,9.792004585266113,8.443314552307129,7.544015884399414,5.527239799499512,4.70531702041626,3.812781572341919,3.56480073928833,3.200137138366699,2.9903416633605957,2.7413699626922607,2.677241563796997,4894.52587890625,13.136621475219727,6.198770523071289
95000,105001,17,3,249,94,0,13751.55078125,139.50668334960938,60.8509407043457,31.969961166381836,17.590251922607422,11.449481964111328,10.495057106018066,8.54849624633789,6.739394664764404,5.953859329223633,5.446103572845459,5.121835231781006,4.615071773529053,4.305039882659912,3.955390691757202,3.418672561645508,3.0449066162109375,5812.458984375,15.620599746704102,5.701846122741699
95000,105001,17,3,249,94,1,13745.1181640625,139.5314178466797,60.746639251708984,31.665298461914062,17.873743057250977,11.553410530090332,9.85386848449707,8.695574760437012,7.397507667541504,5.700193881988525,4.972064018249512,4.588184356689453,4.123089790344238,4.105965614318848,3.565056800842285,3.129274845123291,2.9788272380828857,5809.94677734375,15.974220275878906,5.3980183601379395
100000,110001,17,3,251,98,0,16559.203125,135.77549743652344,69.13550567626953,38.5518913269043,22.20049476623535,14.573020935058594,12.372225761413574,11.037654876708984,9.420493125915527,8.558745384216309,7.64553165435791,6.977596759796143,6.396849632263184,5.711637020111084,5.3947930335998535,4.560446739196777,3.8067986965179443,6985.96923828125,16.237117767333984,8.5344877243042
100000,110001,17,3,251,98,1,16590.38671875,136.58340454101562,70.7928466796875,38.359317779541016,20.534191131591797,14.917651176452637,12.832329750061035,10.938508987426758,9.250749588012695,7.361769676208496,7.02378511428833,6.6580963134765625,5.7542195320129395,5.142727375030518,4.8511962890625,4.509223937988281,3.586749792098999,7000.97607421875,16.656553268432617,7.652838230133057
105000,115001,17,3,251,101,0,17868.548828125,166.3220672607422,50.31779098510742,27.64398765563965,15.927933692932129,14.325528144836426,11.813814163208008,8.987039566040039,8.328685760498047,7.585928916931152,6.748891830444336,5.70292854309082,5.421682357788086,4.991199493408203,4.769350051879883,4.2644944190979,3.5701117515563965,7544.0751953125,16.115415573120117,7.144008159637451
105000,115001,17,3,251,101,1,17863.224609375,164.82081604003906,49.9351692199707,29.2136173248291,15.124932289123535,13.421850204467773,12.177659034729004,7.812047958374023,7.773974418640137,6.823715686798096,6.174787998199463,5.899561882019043,5.4637298583984375,4.703083515167236,4.123201370239258,3.841970682144165,3.5970029830932617,7540.96044921875,15.806105613708496,7.174862861633301
110000,120001,17,3,251,107,0,17939.7890625,147.38043212890625,63.794368743896484,30.408693313598633,21.65256118774414,15.079419136047363,12.488397598266602,9.939353942871094,8.714350700378418,8.021227836608887,7.045393943786621,6.34499979019165,5.401434898376465,5.022672176361084,4.503986358642578,4.283514499664307,3.8412492275238037,7577.16943359375,16.112764358520508,8.109237670898438
110000,120001,17,3,251,107,1,17925.44140625,146.45999145507812,64.33558654785156,30.3507080078125,21.555856704711914,14.49679183959961,12.254666328430176,9.267803192138672,8.902440071105957,7.838921546936035,6.3383049964904785,6.12701416015625,5.483344554901123,5.0506439208984375,4.573434829711914,4.210677146911621,3.597827434539795,7572.24267578125,17.295406341552734,8.778477668762207
115000,125001,17,3,254,113,0,19165.576171875,149.52105712890625,58.69202423095703,28.896926879882812,18.73233413696289,16.44058609008789,15.92233657836914,14.492341041564941,10.227550506591797,9.21641731262207,8.140287399291992,7.568126678466797,7.241424560546875,6.81273078918457,6.122560501098633,5.419131755828857,5.190926551818848,8097.24365234375,18.34465789794922,10.007794380187988
115000,125001,17,3,254,113,1,19197.95703125,151.60093688964844,61.21828079223633,29.156339645385742,19.282835006713867,15.92629623413086,14.498188972473145,13.481485366821289,8.155904769897461,7.5794782638549805,7.500761985778809,7.175705432891846,6.795029640197754,5.450039863586426,5.073092460632324,4.62783145904541,4.061649322509766,8111.08544921875,17.481719970703125,8.737351417541504
120000,130001,17,3,252,108,0,19682.05859375,183.66122436523438,68.07801818847656,31.29819107055664,19.520246505737305,14.997727394104004,11.859919548034668,10.667085647583008,8.790337562561035,8.689949035644531,8.013957023620605,6.8390092849731445,6.302525043487549,5.969372749328613,5.006479263305664,4.882555961608887,4.31350564956665,8317.4755859375,19.101757049560547,6.744769096374512
120000,130001,17,3,252,108,1,19683.580078125,182.97669982910156,68.5470962524414,30.900300979614258,20.417463302612305,14.292614936828613,10.882455825805664,9.09682559967041,8.526576042175293,8.20482349395752,7.732685565948486,6.85489559173584,6.0764594078063965,5.575135231018066,5.0323686599731445,4.60443639755249,3.983921766281128,8319.4873046875,18.21263313293457,8.33462142944336
125000,135001,17,3,256,109,0,19961.169921875,187.61111450195312,63.092674255371094,30.87213897705078,18.7117919921875,14.198254585266113,13.961297988891602,10.21047592163086,8.191330909729004,6.773979187011719,6.746220588684082,6.133013725280762,5.639499187469482,5.207871437072754,4.5137152671813965,4.404878616333008,3.8068654537200928,8444.572265625,18.784963607788086,7.460188865661621
125000,135001,17,3,256,109,1,19932.896484375,186.9600372314453,64.01390838623047,31.74091339111328,18.58751678466797,15.301820755004883,12.830552101135254,10.843722343444824,8.539922714233398,7.824367046356201,6.422890663146973,5.886719226837158,5.638588905334473,4.858214378356934,4.741682529449463,4.118251800537109,3.721496343612671,8431.703125,18.241371154785156,8.513216972351074
130000,140001,17,3,252,122,0,23460.654296875,191.65943908691406,64.6778793334961,33.92928695678711,22.510555267333984,17.18105125427246,13.020837783813477,9.994649887084961,9.341666221618652,7.849621772766113,7.006501197814941,6.534660816192627,6.261170864105225,5.740928649902344,5.182919502258301,4.7033257484436035,4.383012771606445,9903.3330078125,18.968088150024414,8.26450252532959
130000,140001,17,3,252,122,1,23434.541015625,192.515380859375,63.32951354980469,34.7755126953125,22.0285587310791,16.766801834106445,11.637089729309082,9.657572746276855,8.828898429870605,7.276635646820068,6.79632043838501,6.469070911407471,5.615018367767334,5.483850479125977,4.929224967956543,4.766041278839111,4.206314563751221,9893.1162109375,18.480072021484375,7.335611343383789
135000,145001,17,3,255,120,0,21900.2421875,200.76856994628906,66.03325653076172,29.57637596130371,18.373815536499023,10.85142707824707,9.792478561401367,8.863693237304688,7.936532974243164,6.359480381011963,6.170438766479492,5.720088481903076,5.343522548675537,5.048479080200195,4.75344181060791,4.567947864532471,3.727530002593994,9256.458984375,16.65161895751953,8.034186363220215
135000,145001,17,3,255,120,1,21892.501953125,202.7210235595703,66.6514892578125,31.0671443939209,17.200010299682617,11.913389205932617,9.256982803344727,8.191242218017578,6.907704830169678,6.375084400177002,6.099514961242676,5.6435546875,4.950314998626709,4.716822147369385,4.26060152053833,3.922107696533203,3.877898693084717,9253.0478515625,16.968889236450195,7.30268669128418
140000,150001,17,3,253,118,0,24470.978515625,207.19427490234375,63.856178283691406,30.278642654418945,16.596893310546875,12.295581817626953,10.79572868347168,9.408347129821777,8.679423332214355,8.082694053649902,7.012269020080566,6.17469596862793,5.371847152709961,5.0888166427612305,4.892185211181641,4.566605091094971,4.292073726654053,10335.51171875,19.159467697143555,7.906744956970215
140000,150001,17,3,253,118,1,24490.912109375,205.3089599609375,63.04045104980469,30.56474494934082,17.279321670532227,11.746405601501465,10.893390655517578,8.724326133728027,8.59573745727539,7.090600967407227,5.940245628356934,5.701896667480469,5.226620674133301,5.006198406219482,4.968587398529053,4.398656368255615,4.065062046051025,10341.9052734375,18.382753372192383,6.699118614196777
145000,155001,17,3,255,128,0,24258.83203125,206.55197143554688,67.80306243896484,29.798341751098633,16.47829818725586,14.672277450561523,12.719779014587402,8.775189399719238,8.489069938659668,7.411252975463867,7.07355260848999,6.508462429046631,5.959422588348389,5.416601657867432,5.238476753234863,4.739813804626465,3.8008182048797607,10246.6572265625,19.531455993652344,6.923995018005371
145000,155001,17,3,255,128,1,24264.359375,209.03233337402344,68.64932250976562,30.4573974609375,17.149473190307617,13.414320945739746,11.298371315002441,8.388554573059082,7.9694013595581055,6.801836013793945,6.762570858001709,6.051501750946045,5.649479866027832,5.166860103607178,4.243474006652832,3.8583688735961914,3.506342887878418,10247.583984375,19.251792907714844,6.799415588378906
150000,160001,17,3,253,125,0,26290.513671875,213.23257446289062,84.61023712158203,34.785003662109375,22.305376052856445,15.167584419250488,12.297627449035645,11.379874229431152,9.770393371582031,9.100665092468262,7.971335411071777,7.296541213989258,6.935957431793213,6.415848731994629,5.402421474456787,5.08496618270874,4.550610542297363,11114.2626953125,18.649158477783203,8.02212142944336
150000,160001,17,3,253,125,1,26291.771484375,215.26406860351562,82.67636108398438,34.76734924316406,21.4287109375,15.677328109741211,13.30932903289795,11.099167823791504,10.09028148651123,8.75192642211914,8.31959056854248,7.177844524383545,6.794679641723633,5.549942493438721,4.913665771484375,4.671128749847412,4.019924163818359,11115.5048828125,19.69501495361328,7.5695977210998535
155000,165001,17,3,255,134,0,27430.078125,197.685302734375,86.31676483154297,34.77082061767578,19.394580841064453,13.567286491394043,11.718762397766113,9.926630973815918,8.548139572143555,7.753920555114746,6.991646766662598,6.444859981536865,6.081674575805664,5.575568199157715,5.2791666984558105,4.647624969482422,4.517345428466797,11585.0927734375,19.651025772094727,6.985217571258545
155000,165001,17,3,255,134,1,27433.59375,195.68197631835938,85.97158813476562,32.9836311340332,18.067176818847656,13.102062225341797,12.292651176452637,9.360998153686523,8.799684524536133,7.171245574951172,6.7474589347839355,6.3841986656188965,5.536167621612549,5.327061653137207,5.234139919281006,4.625072956085205,4.246852874755859,11585.3369140625,19.049560546875,7.560242176055908
160000,170001,17,3,250,131,0,27860.515625,241.62423706054688,82.36986541748047,29.495025634765625,19.24553108215332,13.75146198272705,12.55272102355957,9.89921760559082,9.026119232177734,6.889603614807129,6.581451416015625,6.252526760101318,5.852502822875977,5.239351272583008,4.936469554901123,3.9830422401428223,3.722904682159424,11771.9736328125,22.355587005615234,7.810706615447998
160000,170001,17,3,250,131,1,27881.021484375,241.4438018798828,84.64319610595703,29.102828979492188,19.73529624938965,13.377974510192871,10.42441177368164,9.587434768676758,8.932065963745117,7.652331829071045,7.238606929779053,5.556430816650391,5.095302581787109,4.808058261871338,4.596086502075195,3.9192731380462646,3.5854907035827637,11781.9033203125,22.817974090576172,6.56623649597168
165000,175001,17,3,254,135,0,28593.95703125,227.76834106445312,76.79517364501953,34.75447463989258,18.599313735961914,15.579977035522461,12.532052993774414,11.970178604125977,10.939361572265625,8.857160568237305,8.536698341369629,6.9747490882873535,6.941493034362793,6.153961181640625,5.9393630027771,5.435108661651611,4.896787643432617,12076.462890625,20.336376190185547,8.75374984741211
165000,175001,17,3,254,135,1,28591.568359375,225.78616333007812,75.95233154296875,36.11325454711914,19.54900360107422,14.082307815551758,13.065906524658203,11.244767189025879,9.769917488098145,8.919232368469238,8.204243659973145,7.711378574371338,6.957136631011963,6.226235866546631,5.8032145500183105,5.32076358795166,4.803698539733887,12076.966796875,21.006994247436523,8.619240760803223
170000,180001,17,3,253,135,0,29935.736328125,231.9577178955078,86.1497573852539,35.58600997924805,23.409276962280273,14.072522163391113,12.820895195007324,9.600488662719727,8.412540435791016,7.943024158477783,7.555788040161133,6.614348411560059,5.907344341278076,5.625027656555176,5.326104164123535,4.4373955726623535,4.073425769805908,12640.822265625,21.805707931518555,7.496069431304932
170000,180001,17,3,253,135,1,29922.978515625,232.17630004882812,85.66919708251953,34.512786865234375,21.51897430419922,14.253779411315918,13.694452285766602,9.077750205993652,8.701539039611816,7.93789005279541,7.181074142456055,6.123426914215088,5.908567905426025,5.480639934539795,4.7979960441589355,4.653584957122803,4.064303398132324,12634.4462890625,21.974105834960938,7.709920883178711
175000,185001,17,3,254,140,0,31003.70703125,231.2464599609375,77.66216278076172,29.8203182220459,17.379213333129883,16.967382431030273,14.172203063964844,12.094922065734863,9.61491584777832,7.5531535148620605,7.3690619468688965,6.439335346221924,5.744417667388916,5.131875991821289,4.879734516143799,4.567605972290039,4.512033462524414,13092.6416015625,20.909875869750977,8.316457748413086
175000,185001,17,3,254,140,1,31027.552734375,231.2967987060547,76.52593994140625,32.48080062866211,16.864151000976562,15.97758960723877,13.607071876525879,10.357972145080566,8.123127937316895,7.3580827713012695,6.896480083465576,6.630463123321533,5.827437400817871,5.545734882354736,4.868598937988281,4.420169830322266,3.9514243602752686,13102.564453125,21.14971351623535,8.214338302612305
180000,190001,17,3,255,138,0,30734.056640625,238.52333068847656,68.07880401611328,32.69081497192383,15.881617546081543,12.59753704071045,11.078508377075195,9.737184524536133,9.183576583862305,7.55271577835083,7.494335174560547,6.5000691413879395,5.723060607910156,5.309905529022217,4.9982709884643555,4.565641403198242,3.8321642875671387,12980.458984375,19.270912170410156,8.191932678222656
180000,190001,17,3,255,138,1,30769.8671875,241.1077117919922,67.39326477050781,32.34459686279297,15.666779518127441,12.839077949523926,11.282362937927246,9.456255912780762,7.720435619354248,7.414400577545166,6.267096042633057,5.800562858581543,5.297708511352539,4.698162078857422,4.2951340675354,4.118413925170898,3.936326742172241,12995.5166015625,18.568994522094727,7.407238483428955
185000,195001,17,3,251,146,0,30803.5390625,209.2150115966797,62.12339401245117,34.541465759277344,20.138416290283203,15.18781852722168,12.553742408752441,10.742526054382324,9.706231117248535,7.559610843658447,7.324068546295166,6.751370429992676,6.118552207946777,5.6562347412109375,5.161463260650635,4.861911773681641,4.39431619644165,12994.7607421875,17.13614845275879,8.375347137451172
185000,195001,17,3,251,146,1,30846.494140625,209.59950256347656,65.54190826416016,36.99162292480469,21.225746154785156,15.809566497802734,12.126607894897461,11.529977798461914,10.604734420776367,7.747763156890869,7.036881446838379,6.234985828399658,6.037674903869629,5.575596809387207,5.084526538848877,4.588346004486084,3.6897358894348145,13011.724609375,19.213672637939453,7.920760154724121
190000,200001,17,3,253,141,0,31344.595703125,226.35084533691406,83.52591705322266,34.66825866699219,19.88779067993164,13.581574440002441,12.234565734863281,9.959127426147461,8.389872550964355,7.279429912567139,6.84833288192749,6.782118797302246,6.032193183898926,5.975583076477051,5.2752580642700195,5.0914459228515625,4.170634746551514,13249.4521484375,22.682891845703125,8.142500877380371
190000,200001,17,3,253,141,1,31331.4921875,223.70379638671875,84.05901336669922,32.85911178588867,19.41667366027832,12.285412788391113,11.033714294433594,8.895421028137207,7.885201454162598,7.46966028213501,7.096824645996094,6.3202128410339355,5.786348342895508,5.257277965545654,5.167806148529053,4.53813362121582,4.081530570983887,13244.5341796875,22.290164947509766,7.767728328704834
195000,205001,17,3,253,153,0,31532.46484375,231.52711486816406,87.21630859375,33.88205337524414,18.10091781616211,16.892471313476562,15.29356861114502,12.15914249420166,9.839529991149902,8.862954139709473,7.672404766082764,7.229384899139404,6.616152763366699,6.336219787597656,5.764881134033203,5.442538261413574,5.264963150024414,13317.240234375,23.02144432067871,10.041468620300293
195000,205001,17,3,253,153,1,31517.748046875,230.90577697753906,87.02010345458984,35.09807205200195,20.08159637451172,16.537357330322266,15.308009147644043,12.383209228515625,9.624007225036621,8.1979398727417,7.348206043243408,6.556502342224121,6.272266864776611,6.0319108963012695,5.409057140350342,5.187026023864746,4.010514736175537,13309.5263671875,23.21906089782715,9.542352676391602
200000,210001,17,3,252,140,0,33342.0546875,245.2945556640625,77.0618896484375,29.8981990814209,18.77149772644043,14.365713119506836,13.468194007873535,9.614435195922852,8.218626976013184,7.223586559295654,6.7056565284729,6.5191264152526855,6.257396697998047,5.725494384765625,5.217316150665283,4.821671009063721,4.224854946136475,14081.87109375,21.824724197387695,8.857009887695312
200000,210001,17,3,252,140,1,33326.171875,244.31076049804688,77.33287048339844,30.046539306640625,18.17941665649414,14.431594848632812,12.034812927246094,10.236005783081055,8.76071834564209,8.109930038452148,7.516296863555908,7.190756797790527,6.740381717681885,5.464894771575928,5.214028835296631,4.652872085571289,4.429533958435059,14074.8173828125,22.621692657470703,8.331228256225586
205000,215001,17,3,252,156,0,35362.7890625,236.98109436035156,91.82721710205078,34.3409309387207,21.155323028564453,15.082019805908203,12.258363723754883,10.543134689331055,9.660295486450195,8.309449195861816,7.727051734924316,6.4909987449646,6.183329105377197,5.7492547035217285,5.606042861938477,5.31900691986084,4.301565170288086,14926.1640625,22.652925491333008,8.03481674194336
205000,215001,17,3,252,156,1,35368.046875,236.14881896972656,91.38121032714844,32.95330810546875,21.83428382873535,15.865837097167969,11.649066925048828,10.445508003234863,7.984753131866455,7.8262248039245605,7.223288059234619,6.461954116821289,5.839057445526123,5.2833967208862305,4.617873668670654,4.179544448852539,4.037559986114502,14928.810546875,23.755563735961914,7.966801643371582
210000,220001,17,3,249,152,0,33479.8671875,222.6937713623047,70.89888000488281,30.450279235839844,17.042219161987305,14.594185829162598,11.905555725097656,10.089959144592285,8.304424285888672,7.630828857421875,6.940593242645264,6.419219017028809,5.8897600173950195,5.849727630615234,5.155860424041748,4.199933052062988,3.962921619415283,14139.154296875,21.626514434814453,8.304970741271973
210000,220001,17,3,249,152,1,33452.46875,225.1910400390625,71.98617553710938,30.56467056274414,16.62606430053711,12.746147155761719,11.552485466003418,10.639259338378906,8.140966415405273,6.807287216186523,6.446378707885742,5.966772079467773,5.12192964553833,4.959301471710205,4.5680012702941895,4.33023738861084,3.957287311553955,14127.208984375,21.581405639648438,7.8058762550354
215000,225001,17,3,256,155,0,34813.109375,241.46710205078125,84.04232788085938,33.97370147705078,21.276081085205078,15.07256031036377,12.321016311645508,11.569804191589355,9.788681983947754,9.248896598815918,8.06064510345459,7.335290431976318,6.804135799407959,6.529068470001221,5.852912902832031,5.089625358581543,4.900838851928711,14698.5625,23.831138610839844,8.641679763793945
215000,225001,17,3,256,155,1,34811.71484375,240.6717071533203,82.27625274658203,34.69872283935547,20.480825424194336,14.056668281555176,12.080808639526367,10.70214557647705,9.611059188842773,8.576885223388672,7.693157196044922,7.315359592437744,7.042087078094482,5.913336753845215,5.702087879180908,5.448186874389648,5.0002760887146,14697.037109375,23.521242141723633,8.520732879638672
220000,230001,17,3,248,154,0,34615.125,232.83973693847656,80.61878204345703,30.2963809967041,18.130386352539062,16.29176902770996,14.127073287963867,10.203417778015137,8.566291809082031,7.956829071044922,7.622370719909668,7.215428352355957,6.54127311706543,6.093426704406738,5.574803829193115,5.000597953796387,4.653265476226807,14600.99609375,20.351293563842773,8.259413719177246
220000,230001,17,3,248,154,1,34648.55078125,234.71067810058594,78.85389709472656,29.074419021606445,18.27674674987793,16.6964168548584,13.222675323486328,9.93443775177002,9.376054763793945,7.430681228637695,7.009277820587158,6.561368942260742,6.218409061431885,5.8803510665893555,5.3623528480529785,4.662588119506836,4.4517717361450195,14614.2021484375,20.663862228393555,8.668542861938477
225000,235001,17,3,255,161,0,36982.53125,228.7872772216797,75.5645980834961,33.34101104736328,17.188039779663086,12.594338417053223,11.379858016967773,10.457829475402832,8.216937065124512,8.08156681060791,7.036435604095459,6.8602824211120605,5.994263172149658,5.703484535217285,5.179095268249512,4.804354190826416,4.74445915222168,15622.6376953125,20.976619720458984,7.8780198097229
225000,235001,17,3,255,161,1,36998.24609375,229.24285888671875,74.15303802490234,33.28681564331055,17.932640075683594,12.496366500854492,11.69518756866455,9.217683792114258,8.059721946716309,7.5080437660217285,6.40374755859375,6.07638692855835,5.610172748565674,5.210209846496582,5.022944450378418,4.663873672485352,4.151390552520752,15629.775390625,21.23267364501953,7.579831123352051
230000,240001,17,3,253,149,0,35685.1875,239.1305389404297,79.81400299072266,33.44800567626953,18.5446720123291,15.336796760559082,13.7112455368042,11.326178550720215,8.109147071838379,7.518831729888916,7.033318996429443,6.699154376983643,5.940682888031006,5.572408676147461,5.146149635314941,4.7711639404296875,4.153693199157715,15054.51953125,24.029882431030273,7.5391950607299805
230000,240001,17,3,253,149,1,35712.32421875,239.29824829101562,82.70931243896484,34.46919631958008,18.33487892150879,15.345425605773926,12.891983985900879,11.819008827209473,8.299083709716797,7.9645771980285645,6.687935829162598,5.98836612701416,5.774894714355469,5.697668552398682,5.002223014831543,4.967959880828857,4.504127502441406,15065.62890625,23.53669548034668,7.081743240356445
235000,245001,17,3,253,161,0,37174.2734375,237.48471069335938,71.14576721191406,31.879552841186523,17.58033561706543,12.83777904510498,10.797713279724121,9.340332984924316,8.483444213867188,6.851696491241455,6.341614723205566,6.124317646026611,5.606835842132568,5.4039530754089355,4.827696323394775,4.592846393585205,3.9099202156066895,15684.375,22.115381240844727,8.602893829345703
235000,245001,17,3,253,161,1,37138.8359375,238.2601318359375,71.70516967773438,30.281131744384766,17.101516723632812,12.623664855957031,10.2117338180542,8.75636100769043,8.171021461486816,7.304251670837402,6.8351263999938965,6.599958896636963,6.104844570159912,5.356353759765625,4.959287166595459,4.815267086029053,4.118760108947754,15669.11328125,21.305978775024414,7.444158554077148
240000,250001,17,3,248,152,0,37356.72265625,206.02340698242188,75.54779815673828,34.39278030395508,18.273361206054688,14.568243980407715,11.519583702087402,9.961570739746094,8.470351219177246,7.959517478942871,7.355340003967285,7.061553955078125,6.079570293426514,5.71734094619751,5.440168857574463,4.9725728034973145,4.541646480560303,15759.3828125,20.094825744628906,8.482147216796875
240000,250001,17,3,248,152,1,37365.6328125,206.51272583007812,74.90118408203125,33.87476348876953,18.884056091308594,14.01615047454834,12.265046119689941,10.602107048034668,8.512360572814941,7.650941371917725,7.182984828948975,6.712002754211426,6.351024627685547,5.5312089920043945,5.314462184906006,4.909612655639648,4.347558975219727,15764.0634765625,20.32181167602539,8.018485069274902
245000,255001,17,3,253,154,0,39039.30078125,207.97525024414062,89.98877716064453,34.950538635253906,18.562156677246094,15.54852294921875,11.842788696289062,11.104029655456543,9.042484283447266,7.599619388580322,6.789703845977783,6.038080215454102,5.333076477050781,5.148500442504883,4.95652437210083,4.575728893280029,4.3344926834106445,16473.580078125,20.718233108520508,7.474421977996826
245000,255001,17,3,253,154,1,38964.9296875,208.87889099121094,90.03755950927734,35.21048355102539,18.852020263671875,15.91600513458252,12.246628761291504,11.530448913574219,9.317209243774414,8.08388614654541,6.877526760101318,6.622194766998291,6.3291544914245605,5.653588771820068,5.140219211578369,4.613008499145508,4.491633415222168,16440.947265625,20.393192291259766,8.937503814697266
250000,260001,17,3,249,157,0,39756.05859375,223.62432861328125,81.10602569580078,32.99344253540039,19.322799682617188,14.433246612548828,12.6345853805542,10.440733909606934,8.715517044067383,7.685061454772949,6.860382556915283,6.636109828948975,6.321377277374268,6.00287389755249,5.320674896240234,4.481948375701904,4.415100574493408,16786.587890625,21.063356399536133,8.176133155822754
250000,260001,17,3,249,157,1,39737.9140625,219.49868774414062,81.26205444335938,31.92243194580078,18.01865577697754,13.115983963012695,12.73114013671875,10.118025779724121,8.352362632751465,7.981658935546875,6.828409671783447,6.624374866485596,5.771600723266602,5.463442325592041,5.141969203948975,4.734344482421875,4.280311107635498,16778.908203125,20.74932098388672,7.992718696594238
255000,265001,17,3,251,153,0,39333.5078125,217.88916015625,68.40397644042969,27.720203399658203,16.23592758178711,14.777898788452148,12.148405075073242,10.50223159790039,9.160890579223633,7.689283847808838,6.863161087036133,6.114508628845215,5.984400272369385,5.707664489746094,5.184614658355713,4.957659721374512,4.067765712738037,16598.9375,19.853120803833008,8.547348976135254
255000,265001,17,3,251,153,1,39374.76171875,219.800537109375,68.93038940429688,27.749740600585938,17.623701095581055,13.394989967346191,12.333288192749023,9.889992713928223,8.273975372314453,7.289605140686035,6.67545223236084,5.759799957275391,5.529843330383301,4.92972469329834,4.786866664886475,4.576855182647705,3.9659745693206787,16617.6328125,19.563711166381836,7.976369380950928
260000,270001,17,3,252,166,0,39547.03125,256.6924743652344,90.34126281738281,36.532569885253906,20.021207809448242,15.68717098236084,14.41396713256836,10.8909273147583,9.408585548400879,8.186537742614746,7.346841812133789,6.352752685546875,6.004228115081787,5.5347981452941895,5.394088268280029,4.747429370880127,4.639325141906738,16703.25390625,23.111215591430664,8.565211296081543
260000,270001,17,3,252,166,1,39542.640625,257.91424560546875,91.00770568847656,37.53729248046875,21.89151954650879,15.466604232788086,14.159187316894531,11.78091049194336,8.514962196350098,7.633628845214844,7.427112102508545,6.9674248695373535,6.166618347167969,5.887487888336182,5.5208024978637695,4.917187690734863,4.292980670928955,16701.078125,25.447086334228516,8.670537948608398
265000,275001,17,3,251,179,0,40810.6796875,253.42578125,93.00248718261719,40.01266860961914,22.175193786621094,15.77707576751709,13.840411186218262,11.79711627960205,9.90034294128418,8.830166816711426,8.14916706085205,7.073554515838623,6.540295600891113,6.275216579437256,5.617450714111328,5.2534708976745605,4.410830497741699,17239.693359375,22.356304168701172,8.816481590270996
265000,275001,17,3,251,179,1,40751.51171875,253.2403564453125,94.5929946899414,40.39767074584961,22.52305793762207,17.173965454101562,15.583307266235352,13.797443389892578,10.192256927490234,8.612203598022461,7.343687057495117,6.98487663269043,6.808394432067871,5.988247871398926,5.525534152984619,5.302978992462158,4.441421031951904,17214.28515625,23.418323516845703,9.307548522949219
270000,280001,17,3,254,174,0,42004.80078125,206.7554931640625,76.3221664428711,31.14914321899414,16.491859436035156,15.506254196166992,12.523627281188965,10.793665885925293,9.49421215057373,8.387725830078125,7.486459732055664,6.2876105308532715,6.2010817527771,5.9345550537109375,5.612414836883545,5.454990386962891,4.88165283203125,17723.486328125,19.94876480102539,8.908634185791016
270000,280001,17,3,254,174,1,42051.20703125,207.6411895751953,76.73108673095703,32.87312698364258,15.850691795349121,14.065539360046387,13.458222389221191,10.857490539550781,8.897809982299805,8.798796653747559,6.942514419555664,6.8441314697265625,6.230747699737549,5.543130874633789,5.230849742889404,4.867902755737305,4.193759441375732,17741.947265625,20.6339168548584,8.689814567565918
275000,285001,17,3,251,172,0,41352.7109375,237.95286560058594,89.20308685302734,32.92932891845703,19.267902374267578,13.458860397338867,12.388469696044922,8.672515869140625,8.28496265411377,7.804801940917969,7.510311126708984,7.142496585845947,6.929159641265869,6.268272876739502,5.869626998901367,5.301754474639893,4.895272254943848,17452.21875,21.418357849121094,8.327869415283203
275000,285001,17,3,251,172,1,41299.23828125,236.80613708496094,89.30619812011719,35.096519470214844,19.005435943603516,14.512988090515137,12.936491966247559,9.187180519104004,8.31623363494873,7.587576866149902,7.121600151062012,6.997684001922607,6.3255109786987305,6.0706963539123535,5.516220569610596,5.018730163574219,4.700681209564209,17429.130859375,22.27200698852539,8.084439277648926
280000,290001,17,3,253,176,0,42694.40234375,223.4749755859375,80.20636749267578,35.33984375,17.28998565673828,12.170604705810547,11.684743881225586,8.763879776000977,8.57381534576416,7.803625106811523,6.853412628173828,6.361461162567139,5.736354827880859,5.355098247528076,5.0044379234313965,4.694171905517578,4.436522006988525,18009.783203125,20.58391571044922,7.516829013824463
280000,290001,17,3,253,176,1,42697.85546875,223.447509765625,80.40546417236328,37.234649658203125,16.682031631469727,13.302659034729004,13.002741813659668,8.385809898376465,7.747375965118408,6.906071186065674,6.449498176574707,6.102558135986328,5.844345569610596,5.4489359855651855,5.1368303298950195,4.692734241485596,3.98103928565979,18010.763671875,20.71942710876465,8.237397193908691
285000,295001,17,3,249,164,0,42955.11328125,249.97885131835938,73.0621337890625,31.89385414123535,20.56186294555664,13.602641105651855,10.602404594421387,9.780051231384277,8.610321044921875,7.766336441040039,7.209208965301514,6.566727161407471,5.668501853942871,5.271852970123291,5.16132926940918,4.565863609313965,3.8424410820007324,18143.751953125,22.43465232849121,7.578629970550537
285000,295001,17,3,249,164,1,42963.70703125,250.30751037597656,73.0252456665039,32.955814361572266,20.213510513305664,14.34078311920166,12.645419120788574,9.341240882873535,8.625272750854492,7.993627548217773,7.40549373626709,7.196563243865967,5.664621829986572,5.483443737030029,5.255179405212402,4.539546012878418,4.043512344360352,18148.56640625,21.944194793701172,8.992378234863281
290000,300001,17,3,252,173,0,44889.42578125,219.75521850585938,82.599609375,30.42214584350586,18.583236694335938,14.944742202758789,13.36980152130127,10.077513694763184,9.259521484375,8.448234558105469,7.474889755249023,6.704188346862793,6.5063042640686035,6.027425765991211,5.838596343994141,4.958042144775391,4.610506057739258,18948.603515625,21.582361221313477,9.709240913391113
290000,300001,17,3,252,173,1,44905.859375,220.126953125,83.57245635986328,31.614444732666016,19.435182571411133,15.549324035644531,12.190811157226562,10.633255958557129,9.420381546020508,8.657608985900879,7.215149879455566,6.645107746124268,6.372750759124756,6.024003982543945,5.350624084472656,4.959364414215088,4.762065410614014,18955.1328125,21.37262535095215,9.373786926269531
295000,305001,17,3,249,168,0,43689.59375,201.763671875,79.6920394897461,36.736732482910156,18.60454559326172,13.88437557220459,13.0144624710083,10.284964561462402,7.413295745849609,6.599340438842773,6.539909362792969,6.135192394256592,5.799227714538574,5.330778121948242,5.198121070861816,4.743072986602783,4.059415817260742,18431.34375,19.920347213745117,7.663961410522461
295000,305001,17,3,249,168,1,43640.75390625,200.29922485351562,80.45489501953125,35.29911422729492,18.131498336791992,13.809860229492188,13.27507495880127,9.647358894348145,8.031460762023926,7.212003707885742,6.429074287414551,6.241854667663574,6.0304036140441895,5.486454963684082,5.274002552032471,4.622251033782959,4.1458258628845215,18411.259765625,20.158044815063477,7.913963317871094
300000,310001,17,3,251,165,0,44276.31640625,247.3070068359375,76.86870574951172,32.8076057434082,18.39605712890625,13.766809463500977,12.276745796203613,11.593369483947754,7.6549553871154785,7.403814315795898,6.790081024169922,6.745492935180664,5.745440483093262,5.272380352020264,5.213318824768066,4.8185248374938965,4.359505653381348,18697.705078125,23.327049255371094,7.061297416687012
300000,310001,17,3,251,165,1,44283.7109375,248.43804931640625,77.34874725341797,33.93391036987305,18.042417526245117,14.649704933166504,13.098079681396484,12.079580307006836,8.589456558227539,7.742696285247803,6.949431419372559,6.759867191314697,5.663473129272461,5.3749237060546875,4.7495808601379395,4.16801118850708,4.127688407897949,18700.3203125,22.50265121459961,6.982341289520264
305000,315001,17,3,249,179,0,45011.2578125,232.61343383789062,93.05330657958984,35.35868453979492,24.568532943725586,15.979303359985352,12.826956748962402,10.772461891174316,9.175455093383789,8.54563045501709,7.837078094482422,7.120015621185303,6.169463157653809,5.674459934234619,5.39100980758667,4.943039894104004,4.559401035308838,19006.36328125,22.37390899658203,8.489542961120605
305000,315001,17,3,249,179,1,45045.0625,230.24005126953125,93.4654769897461,36.388973236083984,24.93088722229004,16.85614585876465,13.189835548400879,10.713995933532715,9.420955657958984,8.604215621948242,7.914315223693848,7.469395160675049,6.817966938018799,6.068934917449951,5.720169544219971,5.674199104309082,5.2286858558654785,19020.12890625,21.903823852539062,8.421364784240723
310000,320001,17,3,253,180,0,45309.140625,211.95176696777344,87.58953094482422,34.376670837402344,19.16634178161621,15.399279594421387,14.265145301818848,10.227469444274902,9.098848342895508,8.488983154296875,6.884984970092773,5.84984827041626,5.593993663787842,5.323347568511963,5.176401615142822,4.533698081970215,4.3024468421936035,19113.349609375,20.365842819213867,8.89009952545166
310000,320001,17,3,253,180,1,45345.38671875,211.44691467285156,88.53267669677734,35.057010650634766,19.059608459472656,14.137670516967773,12.816908836364746,10.401345252990723,8.353322982788086,8.126508712768555,7.730903625488281,6.936683177947998,6.51760196685791,5.69899320602417,4.997107028961182,4.62352180480957,4.4962158203125,19127.572265625,19.795047760009766,8.170528411865234
315000,325001,17,3,253,165,0,44938.56640625,230.77569580078125,88.5656509399414,30.235246658325195,18.09462547302246,12.65129566192627,11.58513069152832,11.005704879760742,8.555744171142578,7.99907922744751,7.206704139709473,6.8168816566467285,6.397137641906738,5.803218841552734,5.534454345703125,4.8484392166137695,4.221826553344727,18973.109375,23.76105499267578,7.493311882019043
315000,325001,17,3,253,165,1,45008.3671875,231.94076538085938,86.25091552734375,29.529441833496094,16.706560134887695,13.065611839294434,11.804511070251465,11.219367980957031,9.344579696655273,7.515307903289795,7.0407795906066895,6.610013961791992,6.302971839904785,5.538628101348877,5.31354284286499,4.999706268310547,4.283419609069824,19004.23828125,23.0624942779541,7.976893901824951
320000,330001,17,3,252,180,0,47137.83984375,233.34776306152344,80.97441101074219,31.41551971435547,17.123571395874023,12.145905494689941,11.662117004394531,9.614754676818848,8.66858959197998,7.54681921005249,7.335351943969727,7.062567234039307,6.590061187744141,5.909069538116455,5.579838752746582,4.8376312255859375,4.605377197265625,19879.2421875,20.77522850036621,7.992230415344238
320000,330001,17,3,252,180,1,47085.5078125,234.8372039794922,80.66460418701172,31.754674911499023,16.914222717285156,11.873555183410645,11.484671592712402,9.76209831237793,8.340703010559082,7.720601558685303,7.29890775680542,6.857098579406738,6.0789103507995605,5.583673000335693,5.514290809631348,4.945509910583496,4.400447368621826,19857.38671875,22.051307678222656,7.87660026550293
325000,335001,17,3,255,182,0,48087.6015625,226.287353515625,92.21463012695312,39.6618766784668,24.232933044433594,18.00396156311035,14.203864097595215,11.803799629211426,9.587903022766113,8.867243766784668,8.47275447845459,7.088540554046631,6.956584453582764,6.291513919830322,5.722026824951172,5.2446184158325195,5.116255760192871,20296.994140625,23.07026481628418,8.0122652053833
325000,335001,17,3,255,182,1,48081.56640625,225.61582946777344,91.34607696533203,38.51968002319336,23.544361114501953,16.613540649414062,13.350763320922852,10.719717025756836,10.014972686767578,8.774742126464844,8.148208618164062,7.532596588134766,6.880674839019775,6.1397881507873535,5.7977070808410645,5.2385077476501465,4.926166534423828,20294.35546875,23.26020622253418,8.849784851074219
330000,340001,17,3,250,181,0,47546.4140625,239.02061462402344,92.66114044189453,40.56292724609375,27.977624893188477,18.473432540893555,15.08057975769043,12.27629280090332,10.115737915039062,9.364155769348145,8.838768005371094,8.35236644744873,7.166982173919678,6.92816162109375,6.525115489959717,5.930382251739502,5.0812554359436035,20062.353515625,25.165172576904297,9.235651969909668
330000,340001,17,3,250,181,1,47583.2734375,238.62779235839844,89.9616928100586,41.54206085205078,27.550674438476562,18.165142059326172,14.710762977600098,12.612970352172852,11.645679473876953,9.287050247192383,8.589851379394531,7.543961524963379,7.282113552093506,6.8318939208984375,6.491993427276611,5.805973052978516,5.056254863739014,20077.400390625,24.80467414855957,9.426173210144043
335000,345001,17,3,252,178,0,46541.5546875,227.8842315673828,89.41133880615234,39.30533981323242,20.638071060180664,16.181987762451172,15.431798934936523,11.427597045898438,8.60706615447998,7.610830783843994,6.71317720413208,6.556720733642578,5.867070198059082,5.482199668884277,5.118762016296387,4.858577251434326,4.454708099365234,19637.486328125,23.86775779724121,8.151179313659668
335000,345001,17,3,252,178,1,46544.859375,232.1128387451172,92.05593872070312,38.809173583984375,20.17458152770996,17.635196685791016,14.214593887329102,9.990806579589844,8.996431350708008,7.614155292510986,7.067998886108398,6.453646183013916,5.912389755249023,5.446251392364502,5.168088912963867,4.789975166320801,4.681114196777344,19637.296875,23.144479751586914,8.801115036010742
340000,350001,17,3,256,178,0,49554.59765625,239.1226806640625,90.29063415527344,36.92131042480469,20.481708526611328,14.650867462158203,12.868365287780762,10.773879051208496,10.120779037475586,8.155656814575195,7.591765403747559,7.314911842346191,6.8478522300720215,6.609329700469971,5.924033164978027,5.160952091217041,4.530069351196289,20895.314453125,23.344684600830078,8.102255821228027
340000,350001,17,3,256,178,1,49514.0078125,240.54769897460938,90.09980773925781,36.302921295166016,19.679107666015625,14.088449478149414,11.354629516601562,10.361261367797852,9.121371269226074,7.949962615966797,7.039738178253174,6.485286235809326,6.122769832611084,5.875442028045654,5.596427917480469,5.131182670593262,4.928953647613525,20877.9765625,22.856855392456055,7.953542709350586
345000,355001,17,3,251,188,0,47455.23046875,235.4462432861328,76.5053482055664,31.63274574279785,18.690486907958984,14.132074356079102,12.251008033752441,10.483781814575195,8.664730072021484,7.616588115692139,7.0167107582092285,6.536375045776367,6.290757656097412,5.982696056365967,5.510688781738281,5.1402764320373535,4.5914106369018555,20032.353515625,21.02073860168457,7.279629230499268
345000,355001,17,3,251,188,1,47443.11328125,236.56597900390625,77.27389526367188,30.396873474121094,19.520668029785156,13.771136283874512,11.170371055603027,9.563849449157715,7.962087631225586,6.927855968475342,6.600901126861572,6.256289958953857,6.028537273406982,5.688921928405762,4.978061199188232,4.711058616638184,4.2981672286987305,20027.880859375,20.348690032958984,5.9912238121032715
350000,360001,17,3,253,184,0,49580.98046875,248.4259796142578,113.55756378173828,40.5097541809082,21.62490463256836,13.550333976745605,11.273786544799805,10.176018714904785,8.463459014892578,7.076438903808594,6.719008922576904,6.503556728363037,6.045397758483887,5.515023708343506,5.176590442657471,4.749747276306152,4.48139762878418,20925.255859375,25.975698471069336,7.210038661956787
350000,360001,17,3,253,184,1,49587.04296875,250.3628387451172,113.68746948242188,40.58631896972656,22.08487892150879,15.123930931091309,11.116575241088867,10.400883674621582,8.942459106445312,7.894777774810791,6.680234432220459,6.167557716369629,5.824343681335449,5.727477550506592,5.022252082824707,4.727989196777344,4.320487976074219,20928.3125,27.161823272705078,7.330001354217529
355000,365001,17,3,255,191,0,49288.328125,259.1846923828125,87.74041748046875,29.537336349487305,18.706138610839844,13.728142738342285,11.864518165588379,10.373909950256348,8.183691024780273,7.4384026527404785,6.495136260986328,6.20533561706543,5.707672119140625,5.101490497589111,5.05595064163208,4.8494977951049805,4.446260452270508,20782.373046875,21.694324493408203,6.589066982269287
355000,365001,17,3,255,191,1,49262.54296875,262.7369689941406,87.47933959960938,28.37238311767578,17.522188186645508,14.068326950073242,11.108229637145996,9.136157989501953,8.188180923461914,7.483390808105469,6.958176136016846,6.3992180824279785,5.852106094360352,5.374493598937988,5.13156270980835,4.721506118774414,4.398693561553955,20770.78515625,20.874502182006836,7.03424072265625
360000,370001,17,3,253,184,0,49167.97265625,227.71044921875,97.9559555053711,36.26695251464844,21.847835540771484,13.287083625793457,11.524140357971191,9.87484073638916,9.0556640625,7.889589786529541,6.982467174530029,6.592395782470703,6.116832733154297,5.889154434204102,5.506969928741455,4.936759948730469,4.623035907745361,20729.939453125,23.31591033935547,7.997249603271484
360000,370001,17,3,253,184,1,49152.3046875,228.6876983642578,98.10502624511719,34.23841857910156,20.147113800048828,13.098934173583984,12.578968048095703,9.335771560668945,8.560234069824219,7.822347640991211,6.69804048538208,6.2398529052734375,5.776589870452881,5.181575298309326,4.564385890960693,4.488611221313477,4.371611595153809,20723.37109375,24.191089630126953,7.015005588531494
365000,375001,17,3,253,178,0,50097.28515625,212.704345703125,80.9031753540039,31.229812622070312,17.14095687866211,11.355863571166992,10.824466705322266,8.07970905303955,7.886180877685547,7.324476718902588,6.565168857574463,6.500911235809326,5.791625022888184,5.675741672515869,5.212512016296387,4.678518295288086,4.512216091156006,21135.05859375,21.437604904174805,8.104574203491211
365000,375001,17,3,253,178,1,50068.5625,212.51715087890625,79.96690368652344,30.995540618896484,16.882753372192383,12.382309913635254,11.254616737365723,9.072148323059082,7.600842475891113,7.489200592041016,6.767521381378174,6.140995025634766,5.716434001922607,5.167128086090088,5.000799179077148,4.686312675476074,4.059548854827881,21124.75390625,21.97583770751953,8.409042358398438
370000,380001,17,3,251,193,0,50627.4921875,192.97921752929688,78.36905670166016,32.598350524902344,20.009723663330078,12.826554298400879,10.411724090576172,9.377906799316406,8.286551475524902,8.0112886428833,7.209811210632324,6.825096607208252,6.209404468536377,5.624685764312744,5.279300212860107,4.395709037780762,4.271027088165283,21341.998046875,20.58519172668457,6.988640785217285
370000,380001,17,3,251,193,1,50621.796875,192.00506591796875,77.30577850341797,30.10645294189453,18.37430191040039,11.335707664489746,10.234565734863281,8.722113609313965,8.493178367614746,7.693262100219727,6.997162342071533,6.514351844787598,5.518917083740234,5.324069499969482,5.214425086975098,4.663879871368408,4.022520542144775,21340.544921875,20.18767738342285,7.444023132324219
375000,385001,17,3,254,175,0,51324.0546875,237.421875,81.87400817871094,35.017330169677734,18.724632263183594,14.254652976989746,12.928818702697754,12.185765266418457,8.75230884552002,8.067115783691406,7.410112380981445,6.697705268859863,6.215363502502441,6.0303263664245605,5.804441452026367,4.993744373321533,4.889317035675049,21649.3828125,20.518423080444336,9.724699020385742
375000,385001,17,3,254,175,1,51292.75390625,237.7994384765625,81.18441009521484,36.410888671875,21.088459014892578,15.076077461242676,13.643797874450684,11.824578285217285,8.376108169555664,7.699613094329834,7.327097415924072,7.187510013580322,6.2574920654296875,5.548548221588135,5.218369960784912,5.0298380851745605,4.640518665313721,21635.7734375,22.340967178344727,8.308462142944336
380000,390001,17,3,253,191,0,52234.4609375,211.40321350097656,78.35923767089844,36.05635070800781,20.00432586669922,12.44039535522461,10.343890190124512,9.15887451171875,8.358382225036621,7.740338325500488,6.700104713439941,5.909261703491211,5.71005916595459,5.309967517852783,4.942988395690918,4.497771263122559,4.10305118560791,22015.1171875,20.068891525268555,6.947025775909424
380000,390001,17,3,253,191,1,52238.43359375,213.17849731445312,79.56831359863281,36.10222625732422,20.135662078857422,12.414648056030273,11.224991798400879,9.110795021057129,8.235754013061523,7.65608024597168,6.631444454193115,5.833136558532715,5.613393783569336,5.51420259475708,5.00169038772583,4.588902473449707,3.994675397872925,22016.498046875,20.682924270629883,7.750751495361328
385000,395001,17,3,252,183,0,54335.6484375,229.94329833984375,75.88785552978516,32.16705322265625,20.968931198120117,13.948180198669434,11.631271362304688,10.073646545410156,9.198834419250488,8.927265167236328,7.706379413604736,7.515600204467773,6.478790760040283,6.101644515991211,5.314797401428223,5.123121738433838,4.851168632507324,22917.470703125,20.264253616333008,8.871631622314453
385000,395001,17,3,252,183,1,54334.5546875,229.3780975341797,78.20906066894531,32.15007400512695,17.66318130493164,14.483388900756836,10.466963768005371,9.360275268554688,8.571670532226562,8.171586036682129,7.639697551727295,7.173060417175293,6.200268745422363,6.005192279815674,5.848981857299805,5.653937816619873,4.45175838470459,22916.494140625,20.57974624633789,7.902626991271973
390000,400001,17,3,252,191,0,51569.07421875,228.40748596191406,82.97174072265625,31.80358123779297,19.286096572875977,11.688423156738281,9.19336986541748,8.7456693649292,7.994497299194336,7.089292049407959,6.512055397033691,6.065484046936035,5.199355602264404,4.8518524169921875,4.67514705657959,4.213669776916504,3.7513017654418945,21761.75,21.81440544128418,6.576437473297119
390000,400001,17,3,252,191,1,51546.40625,230.89852905273438,84.6067886352539,28.735849380493164,20.852582931518555,13.248706817626953,10.345498085021973,9.969849586486816,8.676544189453125,7.88178014755249,7.680546283721924,6.379942893981934,5.929056644439697,5.160760402679443,4.7975897789001465,4.54325008392334,4.040630340576172,21751.990234375,21.709148406982422,6.849771976470947
395000,405001,17,3,251,183,0,52043.88671875,235.61976623535156,93.31999206542969,34.424583435058594,19.27542495727539,17.00706672668457,10.049335479736328,9.507750511169434,8.519308090209961,7.219073295593262,6.768833160400391,6.692999839782715,6.235920429229736,5.722287654876709,5.528109073638916,4.700758934020996,4.324892997741699,21952.666015625,22.589872360229492,6.750245094299316
395000,405001,17,3,251,183,1,52015.01953125,236.24465942382812,94.42865753173828,32.56644821166992,20.474288940429688,14.796492576599121,10.668274879455566,9.179607391357422,7.85698127746582,7.42164945602417,6.721790313720703,6.2161784172058105,5.686056137084961,5.3210039138793945,5.223409652709961,4.581539630889893,4.351539134979248,21940.341796875,23.453035354614258,7.379072666168213
400000,410001,17,3,252,194,0,53029.99609375,218.98777770996094,83.0666275024414,32.85664749145508,15.945316314697266,11.340902328491211,10.915338516235352,9.151126861572266,7.553524971008301,6.819098949432373,6.325469017028809,6.257375240325928,5.709409713745117,5.581121444702148,4.61687707901001,4.431769847869873,3.842250347137451,22378.51953125,19.931821823120117,7.875524997711182
400000,410001,17,3,252,194,1,53042.8203125,219.26251220703125,82.97895050048828,32.13800811767578,17.701141357421875,14.141681671142578,9.58534049987793,8.563957214355469,7.5957932472229,7.1519012451171875,6.072256565093994,5.944244861602783,5.4656572341918945,5.091221332550049,4.700166702270508,4.135862350463867,3.9118571281433105,22383.669921875,20.69513511657715,6.905089855194092
405000,415001,17,3,255,184,0,54586.7109375,229.28802490234375,85.77483367919922,30.323467254638672,17.65184211730957,11.954161643981934,11.670820236206055,9.835799217224121,8.87645435333252,7.655791759490967,7.492934703826904,6.898168563842773,6.3454389572143555,5.4301605224609375,5.09072732925415,4.162130832672119,3.9564826488494873,23006.48046875,23.14698028564453,7.350971221923828
405000,415001,17,3,255,184,1,54543.3671875,228.26614379882812,84.6340560913086,31.463430404663086,18.269014358520508,11.56875228881836,11.114678382873535,9.241430282592773,8.691462516784668,7.583472728729248,7.08326530456543,5.735819339752197,5.253646373748779,5.156782150268555,5.112819671630859,4.584512710571289,3.7463228702545166,22987.603515625,23.9816951751709,6.334836006164551
410000,420001,17,3,248,187,0,52552.9921875,213.04348754882812,85.9792251586914,28.19693374633789,19.928327560424805,13.539227485656738,11.532722473144531,9.692587852478027,8.237977981567383,7.3465256690979,6.452322006225586,5.932437419891357,5.558166980743408,5.350284576416016,4.780342102050781,4.475036144256592,3.970304012298584,22152.025390625,21.938068389892578,6.944054126739502
410000,420001,17,3,248,187,1,52567.1015625,215.43984985351562,86.3289794921875,28.982688903808594,21.836801528930664,14.419515609741211,12.532206535339355,10.493786811828613,9.349600791931152,7.849966526031494,6.583456039428711,5.898284912109375,5.705834865570068,5.410861968994141,4.94010591506958,4.6202850341796875,4.367742538452148,22157.94140625,21.737520217895508,8.678923606872559
415000,425001,17,3,250,194,0,54190.6953125,233.8419952392578,84.85680389404297,33.63077926635742,18.22434425354004,12.560257911682129,10.599557876586914,8.927120208740234,8.157135009765625,7.712711811065674,6.66060209274292,5.97281551361084,5.400390148162842,5.268266201019287,4.895522594451904,4.657285213470459,3.804584503173828,22849.158203125,22.977754592895508,7.118562698364258
415000,425001,17,3,250,194,1,54238.71875,237.01255798339844,85.25013732910156,34.08582305908203,19.021177291870117,13.276975631713867,11.407783508300781,10.331147193908691,9.71720027923584,7.548782825469971,6.765379428863525,6.418258190155029,5.773595809936523,5.3828325271606445,4.842967510223389,4.502330780029297,4.025968551635742,22869.751953125,22.35102081298828,7.120190143585205
420000,430001,17,3,252,193,0,54596.0078125,264.7630310058594,74.61054992675781,30.41057586669922,18.276630401611328,10.282012939453125,9.562209129333496,9.071203231811523,8.131391525268555,6.7183613777160645,6.270079135894775,6.007856845855713,5.991673946380615,5.387431621551514,5.230037212371826,4.645432949066162,4.311591148376465,23025.130859375,22.058441162109375,6.6236066818237305
420000,430001,17,3,252,193,1,54533.4921875,265.0029296875,70.92577362060547,31.45884895324707,18.17783546447754,10.564504623413086,10.043306350708008,9.112232208251953,7.7598347663879395,6.8560566902160645,6.151726722717285,5.388394355773926,5.1060004234313965,4.944938659667969,4.375851154327393,4.174442291259766,3.885239839553833,22999.017578125,21.227914810180664,7.147705554962158
425000,435001,17,3,255,188,0,53944.50390625,244.80567932128906,77.369140625,31.66722297668457,18.169517517089844,12.6715726852417,10.90900707244873,10.593247413635254,8.636208534240723,7.640480995178223,6.946094512939453,6.205926418304443,5.874870300292969,5.315761566162109,4.759929656982422,4.513222694396973,4.0788893699646,22746.40625,23.894744873046875,8.256425857543945
425000,435001,17,3,255,188,1,53884.69140625,243.49234008789062,78.2726058959961,31.880590438842773,17.767250061035156,12.783548355102539,11.925297737121582,10.13766860961914,7.890532493591309,7.696067810058594,7.083948612213135,6.154553413391113,5.688709735870361,5.15919303894043,4.688618183135986,4.479312419891357,4.092482566833496,22721.12890625,23.808866500854492,7.706891059875488
430000,440001,17,3,250,193,0,55566.33984375,239.435302734375,78.69873809814453,32.38878631591797,18.77611541748047,13.241808891296387,11.349352836608887,9.573798179626465,8.23397445678711,7.578897953033447,6.678737163543701,5.705807685852051,5.575096607208252,5.046355247497559,3.9265494346618652,3.7402195930480957,3.5385751724243164,23422.01953125,22.06302833557129,7.5588884353637695
430000,440001,17,3,250,193,1,55551.046875,239.6244354248047,78.4937744140625,30.121543884277344,18.410837173461914,13.5565767288208,12.798036575317383,9.074280738830566,8.357125282287598,6.776700973510742,6.4987101554870605,5.076578617095947,4.918758869171143,4.641095161437988,4.388720512390137,4.155611515045166,3.9411063194274902,23414.810546875,20.01825523376465,8.069506645202637
435000,445001,17,3,252,197,0,56856.0625,251.07131958007812,79.03717803955078,32.46533203125,19.45743179321289,17.188798904418945,12.660810470581055,10.027701377868652,8.5338134765625,7.887226581573486,6.856527805328369,6.468092441558838,6.032290458679199,5.699059009552002,5.135934829711914,4.797805309295654,4.7019124031066895,23953.15234375,21.848283767700195,8.499297142028809
435000,445001,17,3,252,197,1,56839.1796875,252.51339721679688,80.13166046142578,32.448280334472656,19.529035568237305,17.97089958190918,12.197664260864258,10.971847534179688,8.537343978881836,8.351505279541016,6.692327976226807,6.024816513061523,5.899241924285889,5.43517541885376,4.929922103881836,4.60800838470459,4.043339252471924,23946.779296875,20.65163803100586,9.049823760986328
440000,450001,17,3,250,184,0,55623.41015625,231.01394653320312,82.43951416015625,30.057281494140625,18.944992065429688,13.022582054138184,10.7282133102417,10.11055850982666,8.035077095031738,7.373851299285889,7.16742467880249,6.375415802001953,6.058687686920166,5.89984655380249,5.277362823486328,4.880465507507324,4.675180912017822,23461.2578125,21.871192932128906,6.1708598136901855
440000,450001,17,3,250,184,1,55635.91015625,228.5247344970703,80.52322387695312,29.064119338989258,16.794052124023438,13.268993377685547,9.216021537780762,8.380291938781738,7.452856540679932,7.287081718444824,6.873858451843262,6.474041938781738,6.0353193283081055,5.525336265563965,5.3129048347473145,4.530984878540039,4.274530410766602,23466.51171875,21.90549087524414,5.9163336753845215
445000,455001,17,3,252,187,0,58285.19140625,248.40560913085938,84.22012329101562,33.87001419067383,19.10445785522461,14.22923469543457,11.327620506286621,9.543294906616211,8.980854034423828,8.850770950317383,7.006409645080566,6.815521717071533,6.428133010864258,5.368269443511963,5.140222072601318,4.705085277557373,3.971116781234741,24562.01171875,23.20465087890625,8.075467109680176
445000,455001,17,3,252,187,1,58280.83984375,246.6756591796875,85.68391418457031,35.68279266357422,19.993976593017578,13.722725868225098,10.366433143615723,9.617108345031738,8.88841724395752,8.200155258178711,7.665771484375,6.254851341247559,6.154011249542236,5.537530422210693,5.102839946746826,4.738065242767334,4.36768102645874,24560.609375,22.646106719970703,7.740100860595703
450000,460001,17,3,250,194,0,56429.99609375,239.9993438720703,79.54401397705078,29.13335609436035,18.12070083618164,11.98509693145752,10.466772079467773,8.835834503173828,7.685881614685059,6.8873291015625,6.648407936096191,5.519712924957275,5.1209940910339355,4.9812846183776855,4.270080089569092,4.000744819641113,3.6060967445373535,23773.755859375,19.50213050842285,5.808666229248047
450000,460001,17,3,250,194,1,56427.375,238.608154296875,78.89777374267578,27.109329223632812,15.328927040100098,11.233036041259766,9.809234619140625,7.6505961418151855,7.421967506408691,6.377973556518555,6.026181697845459,5.108606338500977,5.085261821746826,4.368978977203369,4.093204498291016,3.9837822914123535,3.7033634185791016,23771.552734375,19.517431259155273,5.42333459854126
455000,465001,17,3,254,192,0,56609.078125,239.51866149902344,78.93915557861328,32.51243209838867,18.05116844177246,11.790999412536621,10.547683715820312,8.62412166595459,7.845122337341309,6.643290996551514,6.286458969116211,5.708094596862793,5.448078632354736,5.286318302154541,4.725335597991943,4.21690559387207,3.5874412059783936,23848.619140625,19.491071701049805,6.2513909339904785
455000,465001,17,3,254,192,1,56639.828125,239.29904174804688,79.87075805664062,33.4193229675293,18.412431716918945,11.54834270477295,9.742040634155273,8.18712043762207,7.3970866203308105,5.897222995758057,5.530923843383789,5.30731201171875,4.907713890075684,4.746576309204102,4.586463451385498,4.1939377784729,3.688720941543579,23860.478515625,19.71997833251953,5.680891990661621
460000,470001,17,3,252,193,0,59462.88671875,230.90127563476562,82.01618194580078,26.742286682128906,18.556161880493164,12.385790824890137,8.813806533813477,7.907992362976074,7.424069881439209,6.392800331115723,5.974761962890625,5.2988739013671875,4.9807634353637695,4.719944953918457,4.670186519622803,4.389171123504639,3.9945180416107178,25055.7578125,20.654495239257812,5.707714080810547
460000,470001,17,3,252,193,1,59410.23046875,231.7483673095703,83.68917846679688,27.870927810668945,18.05857276916504,10.99716854095459,7.999022483825684,7.605706691741943,6.915365219116211,6.2676310539245605,5.583390712738037,4.990804195404053,4.964339733123779,4.586026191711426,4.241870403289795,4.092153549194336,3.741065502166748,25035.03515625,19.872766494750977,5.772678852081299
465000,475001,17,3,254,195,0,60258.84765625,249.09169006347656,84.77235412597656,30.61915397644043,17.342784881591797,15.698652267456055,13.634061813354492,10.95962142944336,8.725217819213867,6.927969455718994,6.765364646911621,6.498984336853027,5.781082630157471,5.664587497711182,5.176681041717529,4.626759052276611,4.209532737731934,25394.05078125,23.101959228515625,8.582320213317871
465000,475001,17,3,254,195,1,60217.87109375,250.4118194580078,83.59358978271484,31.365577697753906,17.635753631591797,14.937026977539062,12.175347328186035,9.971962928771973,7.39185094833374,6.582101345062256,6.332934379577637,5.9972758293151855,5.501227855682373,5.017060279846191,4.643925666809082,4.579194068908691,3.878183364868164,25376.54296875,23.13424301147461,7.600578308105469
470000,480001,17,3,255,197,0,57553.8125,255.9989013671875,76.40353393554688,32.957801818847656,17.182842254638672,13.24326229095459,10.975789070129395,8.945605278015137,7.093764781951904,6.815011978149414,5.89323091506958,5.29470682144165,5.02532958984375,4.751140594482422,4.414594650268555,3.927003860473633,3.538775682449341,24267.833984375,21.240095138549805,6.217724323272705
470000,480001,17,3,255,197,1,57534.9609375,254.71324157714844,76.14252471923828,32.6909294128418,17.261686325073242,13.187121391296387,12.667839050292969,7.918359756469727,7.543810844421387,6.677640438079834,6.217566013336182,5.678784370422363,5.041104793548584,4.597192287445068,4.386739730834961,3.9340264797210693,3.68241024017334,24260.521484375,21.592321395874023,7.879450798034668
475000,485001,17,3,249,201,0,59240.08203125,248.38279724121094,85.89376068115234,35.79404067993164,17.928058624267578,12.578907012939453,11.502099990844727,8.18751335144043,7.372628688812256,7.144252777099609,6.28457498550415,6.154740333557129,5.488570213317871,4.817410945892334,4.600671291351318,4.498903751373291,3.980149030685425,24973.990234375,22.45509147644043,5.850897312164307
475000,485001,17,3,249,201,1,59238.50390625,249.13926696777344,84.49846649169922,35.69639587402344,16.87629508972168,13.09603500366211,10.397089958190918,9.510479927062988,8.134325981140137,6.773127555847168,6.328090667724609,6.140474796295166,5.675515174865723,5.08895206451416,4.50026273727417,4.010012626647949,3.5719797611236572,24973.91015625,21.9366455078125,6.570216178894043
480000,490001,17,3,252,212,0,60738.6953125,226.08372497558594,75.1397705078125,28.48971176147461,15.455181121826172,10.648114204406738,9.914397239685059,9.124921798706055,7.146348476409912,6.452195167541504,5.940340518951416,5.714951515197754,5.090159893035889,4.819254398345947,4.346371650695801,4.171621322631836,3.8469021320343018,25586.119140625,20.474754333496094,5.628109455108643
480000,490001,17,3,252,212,1,60751.2578125,224.77041625976562,73.6175308227539,27.814979553222656,16.2052001953125,11.000066757202148,10.029788970947266,8.206975936889648,7.12726354598999,6.607771873474121,5.522188663482666,5.036842346191406,4.82594108581543,4.308856010437012,3.9898617267608643,3.570727825164795,3.4228899478912354,25590.744140625,21.002544403076172,5.195156097412109
485000,495001,17,3,247,193,0,58546.13671875,242.80172729492188,72.22665405273438,32.4385871887207,17.40207862854004,12.287940979003906,9.016322135925293,8.59732723236084,7.621892929077148,7.000649452209473,6.401418685913086,5.774842262268066,5.455349445343018,4.907679557800293,4.667398452758789,3.9732630252838135,3.6722991466522217,24669.45703125,21.591501235961914,5.785813331604004
485000,495001,17,3,247,193,1,58519.59765625,239.31947326660156,73.21349334716797,34.091854095458984,19.146438598632812,12.669572830200195,10.749579429626465,9.183060646057129,8.608081817626953,7.418405055999756,6.402111053466797,5.634036540985107,5.269509315490723,4.821998596191406,4.332325458526611,3.6586430072784424,3.4979379177093506,24658.703125,21.095706939697266,8.138022422790527
490000,500001,17,3,248,193,0,60012.765625,242.00559997558594,79.00569915771484,29.587980270385742,17.183876037597656,13.524169921875,9.199310302734375,8.70047378540039,7.656739234924316,7.2641215324401855,6.639379501342773,5.720956802368164,5.071707725524902,4.604110240936279,4.35735559463501,4.069371700286865,3.7939271926879883,25308.68359375,21.545494079589844,7.31604528427124
490000,500001,17,3,248,193,1,59998.9140625,241.58651733398438,78.16154479980469,28.70197868347168,16.932817459106445,11.941718101501465,8.29719066619873,7.4037933349609375,7.379232883453369,6.475847244262695,5.546565532684326,5.0857319831848145,4.98661470413208,4.59075927734375,4.285506725311279,3.77850079536438,3.479245185852051,25303.98828125,21.800561904907227,5.944231986999512
495000,505001,17,3,252,191,0,59188.19921875,239.03366088867188,92.18970489501953,29.861148834228516,17.981653213500977,12.42096996307373,10.690422058105469,9.595819473266602,7.566429138183594,7.283379077911377,6.3121795654296875,5.667520523071289,5.496368885040283,5.325671672821045,4.5460286140441895,4.3770432472229,3.833468437194824,24950.958984375,23.78908348083496,7.455101013183594
495000,505001,17,3,252,191,1,59133.9921875,230.96881103515625,93.67351531982422,30.361295700073242,17.42639923095703,11.814598083496094,10.326410293579102,9.972858428955078,7.022470951080322,6.5957770347595215,6.276822566986084,5.76630163192749,5.046432018280029,4.9645209312438965,4.300841808319092,3.8999173641204834,3.758159637451172,24925.564453125,23.197612762451172,7.18730354309082
500000,510001,17,3,253,201,0,61064.078125,243.46725463867188,83.51148223876953,31.27586555480957,19.138872146606445,11.726093292236328,9.566710472106934,8.742096900939941,6.908708095550537,6.4368486404418945,5.6410603523254395,5.448336124420166,4.878562927246094,4.562047958374023,4.3828206062316895,4.053178310394287,3.2088444232940674,25726.244140625,21.966514587402344,7.528843402862549
500000,510001,17,3,253,201,1,61064.8984375,241.38580322265625,81.77690887451172,31.143043518066406,18.1186580657959,11.867745399475098,9.288588523864746,7.465645790100098,7.216208457946777,6.394848346710205,5.786774158477783,5.319246292114258,4.947022914886475,4.719956874847412,4.327340126037598,4.082425594329834,3.9590718746185303,25727.623046875,21.096899032592773,6.570300579071045
505000,515001,17,3,251,195,0,60516.3125,240.69432067871094,80.85555267333984,31.643674850463867,16.080825805664062,14.766425132751465,9.209230422973633,7.707096576690674,7.447267055511475,6.97148323059082,5.503187656402588,5.460930824279785,5.081701278686523,4.642396450042725,4.435332775115967,4.15342378616333,4.019572734832764,25488.6953125,20.573516845703125,5.823342800140381
505000,515001,17,3,251,195,1,60487.76953125,240.7097625732422,80.3870620727539,31.977018356323242,16.82103157043457,13.172871589660645,9.081674575805664,7.997234344482422,7.735663414001465,6.773997783660889,5.642255783081055,5.206753730773926,5.018721580505371,4.724937438964844,4.163573265075684,3.898162603378296,3.865908622741699,25477.947265625,20.38679313659668,5.30033540725708
510000,520001,17,3,251,201,0,61152.60546875,245.4295196533203,86.98413848876953,29.768362045288086,17.6380558013916,10.777005195617676,8.848052978515625,7.65482759475708,6.841248035430908,5.891177654266357,5.201402187347412,5.129089832305908,4.8408966064453125,4.600816249847412,4.124147415161133,3.9269473552703857,3.6638145446777344,25751.958984375,21.707618713378906,5.368898868560791
510000,520001,17,3,251,201,1,61204.25,247.64874267578125,85.70769500732422,28.10601043701172,16.831153869628906,10.90484619140625,8.36655044555664,7.505324840545654,5.882908344268799,5.191192626953125,4.9326934814453125,4.570991516113281,3.990950345993042,3.842850685119629,3.7731094360351562,3.400223970413208,2.8632500171661377,25772.51171875,21.550228118896484,5.41779899597168
515000,525001,17,3,255,198,0,63037.890625,239.19091796875,100.11563110351562,33.88395690917969,18.37013053894043,10.99592399597168,9.607519149780273,7.5092291831970215,6.64314603805542,6.126420021057129,5.77121639251709,5.5685296058654785,5.150293350219727,4.677928447723389,4.372712135314941,3.870424747467041,3.580688238143921,26554.48828125,23.24991226196289,5.273946285247803
515000,525001,17,3,255,198,1,63032.87109375,241.2705078125,101.8729476928711,34.5816650390625,18.98638343811035,11.733158111572266,9.736886024475098,8.776596069335938,7.493499279022217,6.5190749168396,5.843520164489746,5.672783374786377,5.1246562004089355,4.4343085289001465,4.279622554779053,3.949984550476074,3.9061365127563477,26552.46875,23.27006721496582,5.930842876434326
520000,530001,17,3,253,196,0,64263.84765625,243.61610412597656,78.18724822998047,35.16187286376953,22.81096839904785,14.745536804199219,12.111625671386719,11.516521453857422,8.05762767791748,7.4622931480407715,6.742871284484863,6.261972427368164,5.542064666748047,5.164439678192139,4.956631183624268,4.507811069488525,3.983628988265991,27074.296875,22.281036376953125,7.512321949005127
520000,530001,17,3,253,196,1,64252.48046875,241.8455810546875,78.2793960571289,33.46022033691406,19.646528244018555,11.68373966217041,9.829894065856934,9.140111923217773,7.373733997344971,6.667243957519531,6.011152267456055,5.683603286743164,5.378999710083008,4.814517974853516,4.314940929412842,4.073991775512695,3.6602954864501953,27068.93359375,21.685152053833008,6.785160541534424
525000,535001,17,3,248,201,0,62221.578125,242.7923583984375,79.88717651367188,32.34554672241211,17.688201904296875,13.881728172302246,9.077573776245117,7.842431545257568,7.257905006408691,6.691161155700684,6.025426387786865,5.126382350921631,5.0482258796691895,4.951474189758301,4.542037010192871,4.193640232086182,3.9106483459472656,26210.390625,20.501476287841797,6.330540180206299
525000,535001,17,3,248,201,1,62227.44921875,243.76661682128906,80.90582275390625,31.410324096679688,16.805727005004883,11.631103515625,8.226655006408691,7.15561056137085,6.735811233520508,6.1365556716918945,5.6315131187438965,5.195036888122559,5.173594951629639,4.819063663482666,4.089494705200195,3.9688234329223633,3.76713228225708,26211.97265625,19.7656192779541,4.95462703704834
530000,540001,17,3,254,205,0,63911.8671875,258.54229736328125,82.66044616699219,27.673357009887695,17.089000701904297,11.403483390808105,10.212483406066895,8.93210506439209,7.100751876831055,6.100803852081299,5.933412075042725,5.023736953735352,4.780850410461426,4.476108551025391,4.207495212554932,4.082061290740967,3.7616021633148193,26925.5859375,22.439237594604492,7.142423629760742
530000,540001,17,3,254,205,1,63866.27734375,260.6914367675781,82.46383666992188,28.766197204589844,15.500083923339844,11.591736793518066,9.618168830871582,9.024141311645508,6.979796886444092,6.443470001220703,5.767313003540039,5.295146465301514,4.963562965393066,4.647432804107666,4.356394290924072,3.93306040763855,3.6516482830047607,26906.349609375,22.16877555847168,6.418228626251221
535000,545001,17,3,250,197,0,62887.265625,258.21063232421875,95.90504455566406,29.780487060546875,16.217636108398438,10.276315689086914,8.798645973205566,7.644231796264648,6.776411533355713,6.09333610534668,5.800826072692871,5.499690532684326,5.2430338859558105,4.7827558517456055,4.506014347076416,3.852829694747925,3.663440465927124,26514.25390625,22.550992965698242,6.409434795379639
535000,545001,17,3,250,197,1,62876.453125,259.9205627441406,96.45694732666016,30.469951629638672,17.003009796142578,10.660712242126465,8.431473731994629,7.513335704803467,6.672100067138672,5.787988662719727,5.368780136108398,4.9550628662109375,4.7417097091674805,3.9422333240509033,3.7752411365509033,3.5410900115966797,3.3833305835723877,26509.056640625,22.86956787109375,5.706825256347656
540000,550001,17,3,252,199,0,63911.23046875,239.4330596923828,83.1632080078125,30.268821716308594,16.485849380493164,11.184657096862793,8.775808334350586,8.149762153625488,6.975133419036865,5.98784875869751,5.268792152404785,5.12221622467041,4.896583080291748,4.569064617156982,4.0571722984313965,3.733018398284912,3.567420721054077,26923.609375,21.714786529541016,5.779491424560547
540000,550001,17,3,252,199,1,63902.29296875,238.52841186523438,82.23115539550781,29.555572509765625,14.787928581237793,10.84050464630127,8.3557767868042,7.40784215927124,6.821467876434326,5.237329959869385,5.00595235824585,4.806118965148926,4.527589321136475,4.242166519165039,3.818387031555176,3.55530047416687,3.3280396461486816,26920.17578125,21.144948959350586,4.834587097167969
545000,555001,17,3,255,210,0,63877.77734375,235.14378356933594,87.70843505859375,32.360435485839844,15.300287246704102,10.340278625488281,8.869430541992188,7.39794921875,6.137365341186523,5.517875671386719,5.422006130218506,4.682735443115234,4.5886759757995605,4.306889533996582,3.8905463218688965,3.839808702468872,3.635221242904663,26907.923828125,22.899272918701172,5.120601654052734
545000,555001,17,3,255,210,1,63886.37890625,234.93075561523438,87.76517486572266,33.13954544067383,15.540017127990723,9.883929252624512,9.021734237670898,7.219664096832275,5.897037029266357,5.260230541229248,4.874338150024414,4.635687828063965,4.503121852874756,4.4040374755859375,4.206813812255859,3.7039554119110107,3.4195339679718018,26911.890625,22.622621536254883,5.464879512786865
550000,560001,17,3,250,199,0,64625.39453125,221.16195678710938,86.63671875,25.574604034423828,16.125308990478516,11.001466751098633,9.943312644958496,8.09318733215332,6.499395847320557,5.740927219390869,5.297593593597412,4.6490349769592285,4.287186622619629,4.05314302444458,3.903517484664917,3.6722803115844727,3.394137144088745,27219.556640625,21.787025451660156,6.298976898193359
550000,560001,17,3,250,199,1,64628.6171875,224.316162109375,86.98240661621094,25.84281349182129,16.014331817626953,10.84481143951416,9.376379013061523,8.051591873168945,6.495229244232178,6.025265693664551,4.823234558105469,4.798441410064697,4.387279510498047,4.055102348327637,3.914332866668701,3.79357647895813,2.9154934883117676,27221.404296875,22.63542938232422,5.749892234802246
555000,565001,17,3,253,200,0,64564.67578125,265.2910461425781,95.13392639160156,31.69753074645996,17.50231170654297,11.463786125183105,8.316176414489746,7.988763332366943,5.984772205352783,5.669130325317383,5.233031749725342,4.843343257904053,4.311367511749268,4.026665210723877,3.818387031555176,3.596735715866089,3.2636754512786865,27196.94140625,26.237812042236328,4.897547245025635
555000,565001,17,3,253,200,1,64571.98046875,265.53857421875,96.01453399658203,31.456865310668945,17.762203216552734,11.29228687286377,8.325092315673828,7.705959796905518,6.888394832611084,6.0510029792785645,5.7917280197143555,4.591921329498291,4.1037468910217285,3.8093388080596924,3.746089220046997,3.468364953994751,3.086486577987671,27199.810546875,26.209487915039062,4.902017593383789
560000,570001,17,3,251,203,0,65905.84375,240.0817108154297,79.90127563476562,28.787216186523438,15.125069618225098,12.350083351135254,9.905591011047363,7.8407158851623535,7.05122184753418,5.336124420166016,5.023571968078613,4.679453372955322,4.26254940032959,4.098238945007324,3.9554171562194824,3.6847589015960693,3.316049098968506,27761.072265625,22.417177200317383,6.313056945800781
560000,570001,17,3,251,203,1,65899.5625,239.08309936523438,80.51323699951172,26.83594512939453,15.178495407104492,12.404043197631836,9.86591625213623,8.161291122436523,6.153722286224365,5.9891228675842285,5.68166446685791,5.278418064117432,4.967726230621338,4.684528827667236,3.8999881744384766,3.8575212955474854,3.7475051879882812,27757.890625,22.568492889404297,6.477468490600586
565000,575001,17,3,252,206,0,65840.4296875,233.35845947265625,82.4474105834961,32.11735534667969,16.669836044311523,12.150206565856934,9.816061973571777,7.961751937866211,7.227542877197266,6.121566295623779,5.291303634643555,4.6259918212890625,4.510921478271484,4.273693561553955,4.104116439819336,3.7795209884643555,3.4163568019866943,27722.51171875,20.239091873168945,6.163662433624268
565000,575001,17,3,252,206,1,65876.7890625,233.7311248779297,82.6374282836914,32.53718566894531,17.00874137878418,11.956140518188477,8.917952537536621,8.130499839782715,7.5560622215271,5.607322692871094,4.877903938293457,4.608304023742676,4.395589828491211,4.093940258026123,3.8972830772399902,3.4878857135772705,3.194927453994751,27738.71484375,21.06364631652832,5.286588668823242
570000,580001,17,3,250,200,0,65997.125,226.21739196777344,82.03325653076172,28.876550674438477,15.590082168579102,13.514577865600586,9.714214324951172,7.918179512023926,6.5689239501953125,5.673346996307373,5.445896148681641,5.018674850463867,4.553622722625732,4.345016002655029,4.091146945953369,3.634610176086426,3.320368528366089,27785.30859375,20.10367202758789,7.117924213409424
570000,580001,17,3,250,200,1,66038.5859375,227.0092315673828,80.80164337158203,28.323362350463867,15.859681129455566,11.664308547973633,9.711034774780273,7.898273468017578,6.406436443328857,5.912691116333008,4.932554721832275,4.844282150268555,4.585599899291992,4.031959533691406,3.840498924255371,3.3932058811187744,3.248856544494629,27802.6328125,19.935392379760742,6.402247428894043
575000,585001,17,3,252,209,0,67023.65625,242.94891357421875,84.82442474365234,28.337234497070312,16.20478057861328,11.457708358764648,10.528100967407227,8.923210144042969,6.653722286224365,6.162499904632568,5.435820579528809,5.254404544830322,4.621219635009766,4.411749839782715,4.195287704467773,3.7411282062530518,3.4853081703186035,28221.166015625,23.45012092590332,6.36521577835083
575000,585001,17,3,252,209,1,67026.6015625,243.07554626464844,86.28987121582031,27.94972038269043,17.06233787536621,11.976245880126953,11.120613098144531,7.991374492645264,6.973250389099121,6.433652400970459,5.697837829589844,4.981225490570068,4.781950950622559,4.348459720611572,3.8113787174224854,3.702885866165161,3.31337308883667,28222.115234375,23.478708267211914,6.084447860717773
580000,590001,17,3,251,201,0,66315.6015625,247.92372131347656,79.46944427490234,30.63527488708496,16.906665802001953,11.083429336547852,9.538028717041016,7.6117844581604,6.548527240753174,5.981249809265137,5.949276447296143,5.147502422332764,4.921670436859131,4.5710954666137695,4.0654754638671875,3.8739044666290283,3.636793851852417,27928.7734375,21.053003311157227,5.6480712890625
580000,590001,17,3,251,201,1,66354.328125,247.94720458984375,78.65895080566406,29.25551986694336,17.113319396972656,10.836517333984375,8.938715934753418,7.954960346221924,6.45303201675415,5.759297847747803,5.144562244415283,4.779114723205566,4.621140956878662,4.325799465179443,3.91707706451416,3.7071070671081543,3.5672543048858643,27944.533203125,21.02542495727539,5.83322286605835
585000,595001,17,3,249,206,0,66316.25,251.153076171875,82.4876708984375,33.269100189208984,16.837528228759766,9.613920211791992,8.96959114074707,7.025481700897217,6.671152591705322,5.997949123382568,4.936132907867432,4.313316345214844,4.077712535858154,3.6177167892456055,3.457791805267334,3.2073378562927246,2.9652509689331055,27932.31640625,24.00130844116211,5.733778476715088
585000,595001,17,3,249,206,1,66316.0859375,250.3802490234375,81.28147888183594,32.71512985229492,17.3848819732666,9.794694900512695,9.077167510986328,7.263027667999268,6.612739086151123,5.686564922332764,4.91907262802124,4.482682228088379,4.126598358154297,3.7183303833007812,3.4705488681793213,3.3870460987091064,3.159681558609009,27933.490234375,23.880104064941406,5.551438808441162
590000,600001,17,3,254,214,0,67436.1875,235.76547241210938,82.32310485839844,28.173717498779297,15.965807914733887,11.083047866821289,7.960262775421143,7.133172988891602,6.215708255767822,5.987762928009033,5.538909435272217,4.832533836364746,4.505913734436035,4.155528545379639,3.9712164402008057,3.5481371879577637,3.191887140274048,28397.234375,21.20339012145996,5.6263556480407715
590000,600001,17,3,254,214,1,67422.4765625,232.9358367919922,81.53856658935547,28.34945297241211,15.921393394470215,10.422125816345215,7.691394805908203,6.265063762664795,5.8948140144348145,5.266313076019287,5.03152322769165,4.733700752258301,4.249671459197998,3.9635274410247803,3.9166526794433594,3.4963276386260986,3.0651776790618896,28393.033203125,21.21323585510254,6.358950138092041
595000,605001,17,3,253,201,0,67778.53125,218.81166076660156,92.15038299560547,26.105186462402344,14.30334186553955,10.625045776367188,8.912025451660156,8.181090354919434,7.472058296203613,6.488173007965088,5.990196704864502,5.171895503997803,4.8137335777282715,4.586987495422363,4.041196346282959,3.824073314666748,3.450124979019165,28529.6484375,18.9693603515625,5.3904242515563965
595000,605001,17,3,253,201,1,67704.4453125,221.3599853515625,91.95210266113281,25.966169357299805,14.37215518951416,10.545132637023926,9.250931739807129,8.70551872253418,7.642587184906006,6.466127872467041,6.205885887145996,4.976705551147461,4.484586715698242,4.36269474029541,4.203118801116943,3.864795684814453,3.1874642372131348,28498.845703125,19.441987991333008,5.816969871520996
600000,610001,17,3,254,205,0,68280.03125,239.20228576660156,88.23180389404297,33.34038162231445,13.530986785888672,12.457441329956055,11.08944320678711,8.34907054901123,7.316938400268555,6.041347980499268,5.482260227203369,5.036975860595703,4.388916492462158,4.16745662689209,3.936772584915161,3.854764223098755,3.7125613689422607,28741.69921875,22.423444747924805,6.5740132331848145
600000,610001,17,3,254,205,1,68334.796875,237.46597290039062,87.91744995117188,32.43831253051758,13.601966857910156,11.823461532592773,11.126697540283203,8.555892944335938,6.902823448181152,6.202888488769531,5.1065473556518555,4.757133960723877,4.313793659210205,4.134320259094238,3.76332950592041,3.645979881286621,3.44081974029541,28765.5546875,21.07542610168457,6.225955009460449
605000,615001,17,3,252,204,0,67963.4765625,243.627197265625,86.82062530517578,31.021587371826172,17.13492774963379,10.73853874206543,10.40837287902832,7.252997398376465,6.495120525360107,5.568612575531006,4.941998481750488,4.3840718269348145,4.093173980712891,3.7479946613311768,3.65364933013916,3.3005733489990234,2.9476537704467773,28621.591796875,22.69832420349121,6.435305118560791
605000,615001,17,3,252,204,1,68014.578125,239.3220977783203,85.81058502197266,30.23853874206543,17.841405868530273,10.712895393371582,10.420717239379883,7.3522186279296875,5.942987442016602,5.171599864959717,4.720529079437256,4.142650604248047,4.000514507293701,3.6848745346069336,3.5451385974884033,3.043900728225708,2.8832178115844727,28641.419921875,23.0921630859375,6.788229465484619
610000,620001,17,3,250,205,0,67867.25,239.48533630371094,76.98355865478516,29.268604278564453,18.733238220214844,13.536977767944336,8.064396858215332,7.730076789855957,6.0331220626831055,5.573282718658447,5.053317070007324,4.856387615203857,4.387326717376709,4.236297607421875,3.799907922744751,3.420045852661133,3.1277410984039307,28585.3984375,20.263687133789062,5.332211971282959
610000,620001,17,3,250,205,1,67881.0078125,237.47210693359375,78.07563018798828,29.352519989013672,18.706584930419922,13.002664566040039,7.94605827331543,6.83072566986084,5.776476860046387,5.303152561187744,4.86895751953125,4.237872123718262,3.981036424636841,3.5864200592041016,3.2927086353302,3.0831360816955566,2.9272329807281494,28592.140625,20.7673282623291,5.241981029510498
615000,625001,17,3,250,215,0,67663.28125,236.880615234375,89.71212005615234,29.983787536621094,14.9196195602417,11.307750701904297,7.819661617279053,7.337079048156738,6.57019567489624,6.240723133087158,5.702574729919434,5.070223331451416,5.028283596038818,4.519510746002197,4.344440937042236,4.12952184677124,3.5870676040649414,28496.037109375,21.050905227661133,5.970128059387207
615000,625001,17,3,250,215,1,67687.515625,234.1773681640625,89.49320220947266,29.85471534729004,16.440122604370117,10.875757217407227,7.345576763153076,7.176355838775635,6.14996337890625,6.09984016418457,5.1462554931640625,4.602200984954834,4.495063781738281,4.2421488761901855,3.997983694076538,3.5213541984558105,3.343763828277588,28506.517578125,20.785045623779297,6.321506977081299
620000,630001,17,3,250,212,0,68638.8828125,249.4814910888672,97.43155670166016,31.260848999023438,15.860666275024414,10.486071586608887,7.908758640289307,7.203937530517578,6.272871017456055,5.4267988204956055,4.602447032928467,4.5092291831970215,4.256556987762451,4.013502597808838,3.8378286361694336,3.440258741378784,3.3057949542999268,28899.22265625,21.190988540649414,4.536623001098633
620000,630001,17,3,250,212,1,68633.9609375,251.30426025390625,100.54277801513672,32.8089714050293,16.83383560180664,11.044493675231934,8.48023796081543,6.400850296020508,5.979948043823242,5.71576452255249,5.09769344329834,4.79318904876709,4.280481338500977,4.12763786315918,3.926759958267212,3.5573575496673584,3.274965286254883,28897.541015625,20.946266174316406,4.954196929931641
625000,635001,17,3,253,208,0,68836.125,221.83602905273438,80.58415222167969,31.113203048706055,15.285913467407227,10.252354621887207,8.557964324951172,8.029125213623047,5.819457054138184,5.606851100921631,5.223244667053223,5.107184410095215,4.83604097366333,4.42165470123291,4.210747718811035,3.7950186729431152,3.5606305599212646,28988.150390625,19.414623260498047,5.077408313751221
625000,635001,17,3,253,208,1,68829.703125,224.55201721191406,81.05783081054688,30.74538803100586,15.0568208694458,10.420045852661133,9.671976089477539,7.942351818084717,6.9464569091796875,6.289112567901611,5.458491802215576,5.142784118652344,5.016318321228027,4.481237888336182,4.028672695159912,3.821225643157959,3.5052366256713867,28986.291015625,19.592321395874023,5.812130451202393
630000,640001,17,3,252,210,0,69644.7734375,234.78782653808594,93.85175323486328,31.773876190185547,16.81932258605957,10.723260879516602,10.250967979431152,7.30006742477417,6.346996307373047,6.228330612182617,5.336026668548584,5.0181050300598145,4.965847492218018,4.639353275299072,4.120178699493408,3.5635781288146973,3.5252108573913574,29321.3671875,24.091711044311523,6.415290832519531
630000,640001,17,3,252,210,1,69605.2265625,236.41070556640625,95.4995346069336,32.41139602661133,17.944318771362305,11.237401008605957,10.120645523071289,7.854980945587158,6.675433158874512,6.457891464233398,5.674256801605225,5.512516975402832,4.4207658767700195,4.0688300132751465,3.7168619632720947,3.598256826400757,3.157574415206909,29304.830078125,24.080432891845703,6.155636310577393
635000,645001,17,3,248,202,0,69346.5078125,233.59300231933594,98.19023895263672,33.64417266845703,15.796517372131348,10.316819190979004,8.06689739227295,7.623361110687256,6.50679874420166,5.6709370613098145,5.384382724761963,5.018283367156982,4.625370979309082,4.459225177764893,4.085224628448486,3.705064058303833,3.390486240386963,29193.0625,21.07399559020996,5.676244735717773
635000,645001,17,3,248,202,1,69368.046875,234.26336669921875,97.57740783691406,33.71128463745117,15.71604061126709,10.194967269897461,7.859040260314941,7.319508075714111,6.2913126945495605,5.669918537139893,5.072874546051025,4.747119903564453,4.434614181518555,4.1794047355651855,3.8131890296936035,3.580349922180176,3.4623138904571533,29201.279296875,20.643951416015625,5.183600425720215
640000,650001,17,3,251,211,0,69225.921875,239.12498474121094,84.04804992675781,31.504858016967773,15.058671951293945,10.221294403076172,7.219275951385498,6.7436604499816895,5.677371978759766,5.3849196434021,4.980951309204102,4.733410358428955,4.332828521728516,4.236111640930176,3.830674886703491,3.5077927112579346,2.762014865875244,29154.88671875,22.26982307434082,5.455916881561279
640000,650001,17,3,251,211,1,69220.4453125,240.2853240966797,84.27256774902344,32.07523727416992,15.557445526123047,11.049908638000488,7.309219837188721,5.883460521697998,5.620506763458252,5.202917098999023,4.738719463348389,4.392470359802246,4.259366035461426,4.130817890167236,3.529196262359619,3.400632858276367,3.242246389389038,29153.6484375,22.80852699279785,4.4187211990356445
645000,655001,17,3,254,207,0,70008.2421875,224.31976318359375,89.43982696533203,29.66788673400879,15.688167572021484,10.200428009033203,7.815463066101074,6.958117485046387,6.407712459564209,5.742114543914795,4.862805366516113,4.783828258514404,4.672431945800781,4.0523834228515625,3.604435443878174,3.3601529598236084,3.246814727783203,29460.8828125,20.460769653320312,5.014946937561035
645000,655001,17,3,254,207,1,70030.8359375,221.8260040283203,88.90557861328125,30.717601776123047,15.47498893737793,9.470710754394531,7.659494400024414,7.121504306793213,5.3426289558410645,4.9113078117370605,4.536642551422119,4.250269889831543,4.128566265106201,3.9638445377349854,3.7048611640930176,3.462998867034912,3.2308740615844727,29469.853515625,20.405668258666992,4.8766303062438965
650000,660001,17,3,253,217,0,70070.7265625,229.05178833007812,73.16533660888672,28.532981872558594,14.494775772094727,9.510708808898926,6.855595588684082,6.4763665199279785,5.140028476715088,4.673825740814209,4.284308910369873,3.9658055305480957,3.529813528060913,3.352189540863037,2.9178519248962402,2.7643637657165527,2.528787612915039,29487.755859375,19.432662963867188,4.324132442474365
650000,660001,17,3,253,217,1,69982.0390625,228.6845245361328,73.13233184814453,30.13295555114746,13.842984199523926,8.944101333618164,6.646933555603027,5.986105442047119,5.706352233886719,5.10284423828125,4.259856700897217,4.045290946960449,3.4795048236846924,3.2148795127868652,3.1200313568115234,2.7757725715637207,2.694488286972046,29451.611328125,19.556446075439453,4.9938273429870605
655000,665001,17,3,250,207,0,69654.171875,218.63400268554688,92.31139373779297,27.393625259399414,15.23302936553955,10.043375015258789,7.250321388244629,7.08093786239624,6.022659778594971,5.277647018432617,4.809324741363525,4.467501163482666,4.1178059577941895,3.9176833629608154,3.643789291381836,3.4523253440856934,3.140606641769409,29300.9765625,21.177799224853516,5.768547058105469
655000,665001,17,3,250,207,1,69675.1875,220.05612182617188,91.87260437011719,27.568008422851562,14.512716293334961,10.51585578918457,7.428409099578857,6.684477806091309,5.236330986022949,5.077824592590332,4.9050068855285645,4.5851335525512695,4.2081499099731445,4.005326271057129,3.4794416427612305,3.432948350906372,3.0809884071350098,29309.630859375,21.327510833740234,4.905898571014404
660000,670001,17,3,251,212,0,71274.234375,221.72286987304688,93.83358764648438,31.631023406982422,15.95269775390625,10.503623962402344,9.869379043579102,7.268618106842041,6.815191745758057,5.662905216217041,5.477017879486084,5.12040376663208,4.948648929595947,4.277216911315918,3.855839490890503,3.6366372108459473,3.3763556480407715,29998.71484375,22.218486785888672,6.580267429351807
660000,670001,17,3,251,212,1,71264.4921875,220.17161560058594,94.93257904052734,31.980207443237305,16.112993240356445,10.679756164550781,9.493376731872559,7.6538166999816895,6.803677082061768,6.001961708068848,5.430141448974609,4.767609119415283,4.2856364250183105,3.980721950531006,3.781263828277588,3.6478848457336426,3.06821870803833,29994.169921875,22.232412338256836,5.728724002838135
665000,675001,17,3,253,205,0,71340.5390625,236.25271606445312,87.68950653076172,29.138748168945312,15.533421516418457,9.159941673278809,7.100975036621094,6.123151779174805,5.700436115264893,5.297409534454346,4.700804710388184,4.331268787384033,3.8173558712005615,3.7223663330078125,3.337101459503174,3.2814197540283203,2.9611992835998535,30032.08984375,21.510255813598633,5.286805629730225
665000,675001,17,3,253,205,1,71346.421875,232.9181365966797,87.7523422241211,29.166826248168945,15.707161903381348,8.669517517089844,7.046844482421875,5.935146331787109,5.437427997589111,5.067693710327148,4.6334052085876465,3.932631492614746,3.7417826652526855,3.5212621688842773,3.3214187622070312,3.214246988296509,2.8793280124664307,30034.91015625,21.089094161987305,4.054556369781494
670000,680001,17,3,250,210,0,71551.296875,211.76380920410156,75.43514251708984,27.15395164489746,13.623106956481934,8.579325675964355,7.269937515258789,6.239424705505371,5.490034103393555,5.293399333953857,4.589012622833252,4.325230121612549,3.9875166416168213,3.6696271896362305,3.5576019287109375,3.236654758453369,3.0377197265625,30106.427734375,20.106334686279297,4.977959632873535
670000,680001,17,3,250,210,1,71554.0859375,212.94134521484375,76.82650756835938,26.58835220336914,13.990622520446777,8.144328117370605,7.054164886474609,6.308610916137695,5.451329708099365,4.615164279937744,4.145536422729492,4.091812610626221,4.027583122253418,3.811986207962036,3.454115152359009,3.2799646854400635,2.6098721027374268,30107.30859375,19.955520629882812,4.922837257385254
675000,685001,17,3,255,212,0,71924.4765625,222.1388397216797,82.98807525634766,27.177978515625,14.592695236206055,12.723090171813965,8.472522735595703,6.983470916748047,5.643632411956787,5.207928657531738,4.799986362457275,4.692956447601318,3.98380708694458,3.6590185165405273,3.427649974822998,3.171215295791626,2.95780873298645,30281.001953125,19.592937469482422,5.244324207305908
675000,685001,17,3,255,212,1,71949.296875,226.4362030029297,83.59033966064453,27.349058151245117,15.133831024169922,10.726240158081055,7.940455436706543,6.882775783538818,6.38714599609375,5.968152046203613,5.141969680786133,4.294384956359863,4.044690132141113,3.9416167736053467,3.6831889152526855,3.234199047088623,2.626014232635498,30291.88671875,20.500202178955078,5.355051517486572
680000,690001,17,3,251,222,0,72083.6015625,236.29888916015625,98.66168975830078,33.71390151977539,16.77587890625,12.335403442382812,8.355399131774902,7.518615245819092,6.88883113861084,5.9410552978515625,5.18892765045166,5.02537202835083,4.588456630706787,4.3864665031433105,3.781702756881714,3.628345012664795,3.405043363571167,30342.154296875,21.63880157470703,5.211719512939453
680000,690001,17,3,251,222,1,72118.421875,235.51417541503906,96.81134033203125,34.02888107299805,17.091245651245117,11.731388092041016,8.168383598327637,7.590445518493652,6.8615241050720215,6.126486301422119,5.431122303009033,4.977357387542725,4.658908367156982,4.271244049072266,3.8896753787994385,3.7144782543182373,3.01409912109375,30357.2421875,22.026111602783203,5.8667120933532715
685000,695001,17,3,252,222,0,71303.578125,201.72042846679688,98.79638671875,31.450910568237305,16.76119041442871,10.533880233764648,7.691915988922119,6.211548805236816,5.3596320152282715,4.95400333404541,4.612936019897461,4.17511510848999,3.826878309249878,3.6567463874816895,3.302772283554077,3.1813395023345947,2.9984586238861084,30012.990234375,21.902942657470703,4.42775297164917
685000,695001,17,3,252,222,1,71341.875,204.3985595703125,99.86243438720703,31.769786834716797,16.695819854736328,9.56589412689209,8.047992706298828,6.823835849761963,6.461143970489502,5.083766937255859,4.872544288635254,4.547196865081787,4.110430717468262,3.8322372436523438,3.3681931495666504,3.203050136566162,2.9959263801574707,30029.603515625,22.23430061340332,5.470549583435059
690000,700001,17,3,253,209,0,72197.8515625,219.8557586669922,84.56143951416016,28.175933837890625,15.81646728515625,10.520233154296875,6.972592353820801,6.1545562744140625,5.845005512237549,5.011870384216309,4.627540111541748,4.425333499908447,4.128283500671387,3.953094720840454,3.694392681121826,3.4956796169281006,2.969977617263794,30399.376953125,20.03421974182129,5.082219123840332
690000,700001,17,3,253,209,1,72206.1953125,219.4793701171875,83.92959594726562,26.81049156188965,16.582298278808594,9.690376281738281,7.521536827087402,6.264484405517578,5.810853004455566,5.446074485778809,4.609877586364746,4.392513751983643,4.1365227699279785,3.9887802600860596,3.4850521087646484,3.2346835136413574,3.074553966522217,30403.638671875,20.62273597717285,5.236227512359619
695000,705001,17,3,251,209,0,72547.3671875,212.1597900390625,85.05435180664062,28.09555435180664,14.482254028320312,9.288712501525879,6.918778896331787,5.766140937805176,5.319714069366455,4.3940558433532715,4.14022159576416,4.114169597625732,3.605990409851074,3.461461305618286,2.9359946250915527,2.6243908405303955,2.431450605392456,30528.5078125,19.767353057861328,4.7685441970825195
695000,705001,17,3,251,209,1,72559.8125,212.09674072265625,84.94380187988281,27.89559555053711,14.92407512664795,10.047897338867188,7.8314528465271,5.627188682556152,5.486070156097412,4.398988723754883,4.162265300750732,3.8686137199401855,3.7056503295898438,3.2908713817596436,3.21152925491333,2.9418528079986572,2.430438756942749,30533.39453125,19.8478946685791,4.716812610626221
700000,710001,17,3,254,207,0,72178.3203125,237.84576416015625,82.98746490478516,32.10995864868164,15.456033706665039,10.158069610595703,8.36343765258789,6.835144996643066,6.671194076538086,6.224239349365234,5.583413124084473,4.629262924194336,4.51702356338501,3.9653334617614746,3.6970784664154053,3.3196916580200195,2.8951761722564697,30370.46484375,19.8591251373291,5.792747974395752
700000,710001,17,3,254,207,1,72216.1796875,237.48883056640625,83.19966125488281,32.22745895385742,15.315253257751465,9.072257041931152,6.85044002532959,5.930671691894531,5.509246349334717,5.240967273712158,4.652200222015381,4.479503631591797,3.772089719772339,3.3848369121551514,3.2450966835021973,3.0342535972595215,2.634617567062378,30386.314453125,19.3602352142334,4.884723663330078
705000,715001,17,3,252,212,0,72698.453125,233.20298767089844,79.30257415771484,25.260879516601562,15.706111907958984,9.250757217407227,8.41102409362793,7.104753494262695,5.645053863525391,5.066283226013184,4.294360160827637,3.8290855884552,3.744671583175659,3.548182487487793,3.500964879989624,3.0776174068450928,2.5641562938690186,30593.04296875,20.272775650024414,5.66492223739624
705000,715001,17,3,252,212,1,72675.1015625,233.09814453125,79.29557037353516,25.87567901611328,15.39936351776123,9.224026679992676,7.834805011749268,7.149258613586426,5.446624279022217,4.733763694763184,4.156130790710449,3.8400309085845947,3.4852495193481445,3.332580804824829,3.1755008697509766,3.001676321029663,2.6237857341766357,30583.8125,19.937713623046875,4.697625160217285
710000,720001,17,3,248,202,0,71857.109375,214.00608825683594,91.87126922607422,29.81781578063965,15.107126235961914,10.893278121948242,7.128609657287598,6.998285293579102,5.670194149017334,5.5657854080200195,5.293656349182129,4.412013530731201,4.049198150634766,3.997328758239746,3.591742753982544,3.3419830799102783,2.927154779434204,30237.66796875,21.904191970825195,4.662097930908203
710000,720001,17,3,248,202,1,71896.640625,214.44659423828125,92.50335693359375,31.869691848754883,15.193327903747559,10.690631866455078,7.565413951873779,5.908728122711182,5.677612781524658,5.021761417388916,4.378663063049316,4.259550094604492,3.9075570106506348,3.8666908740997314,3.5572452545166016,3.444753646850586,3.264725685119629,30253.841796875,22.19518280029297,4.4098358154296875
715000,725001,17,3,252,216,0,73006.7890625,240.20916748046875,89.92298126220703,27.954687118530273,16.957256317138672,9.949782371520996,7.803146839141846,6.566840171813965,5.58568000793457,4.9060845375061035,4.2828264236450195,4.038580894470215,3.753668785095215,3.3195531368255615,3.2576441764831543,3.019228935241699,2.6659491062164307,30728.666015625,20.35993194580078,4.177080154418945
715000,725001,17,3,252,216,1,73010.6953125,239.67112731933594,89.90937042236328,27.116243362426758,15.744742393493652,9.326499938964844,7.570919036865234,6.8552656173706055,5.798406600952148,4.868398189544678,4.572254180908203,4.166192054748535,4.034177303314209,3.756080389022827,3.692573308944702,3.3749501705169678,2.9218575954437256,30729.724609375,19.81336212158203,4.60792350769043
720000,730001,17,3,254,218,0,73625.8828125,223.83326721191406,101.97660064697266,29.794021606445312,16.727558135986328,10.42739486694336,7.716472625732422,6.372646331787109,5.945858478546143,5.389703273773193,4.931423187255859,4.750210762023926,4.0092058181762695,3.7361223697662354,3.5000741481781006,3.290938377380371,2.6399624347686768,31001.13671875,21.55411148071289,5.322835445404053
720000,730001,17,3,254,218,1,73643.2265625,223.54656982421875,101.69847869873047,29.643892288208008,16.879526138305664,10.882699966430664,7.4526448249816895,7.114292144775391,5.748684883117676,4.750178337097168,4.355304718017578,4.1737961769104,4.141029357910156,3.6571831703186035,3.504615068435669,3.301100730895996,2.826204776763916,31007.83984375,21.334917068481445,4.889644622802734
725000,735001,17,3,252,210,0,73376.2109375,226.53695678710938,80.79969787597656,28.6208438873291,15.96359920501709,8.97904109954834,6.7037882804870605,6.287165641784668,5.808801174163818,5.47795295715332,5.029332637786865,4.083998680114746,3.8560943603515625,3.6491966247558594,3.298079490661621,3.1892478466033936,2.906747579574585,30890.3515625,20.526988983154297,4.837407112121582
725000,735001,17,3,252,210,1,73366.8828125,226.2566375732422,81.06094360351562,30.21622085571289,16.373519897460938,8.435430526733398,6.93993616104126,6.116075038909912,5.7305779457092285,5.455721378326416,4.700788497924805,4.487644195556641,3.839252471923828,3.6843276023864746,3.4200987815856934,3.01745867729187,2.9089722633361816,30886.390625,21.152904510498047,4.2375969886779785
730000,740001,17,3,252,213,0,73919.015625,250.0784149169922,92.0569076538086,32.794708251953125,15.04944133758545,10.754308700561523,8.00381851196289,6.729151248931885,5.65000057220459,5.030417442321777,4.5683441162109375,4.385830402374268,4.00396728515625,3.7490439414978027,3.5010969638824463,3.211397886276245,2.9713134765625,31121.162109375,20.68023681640625,5.150306701660156
730000,740001,17,3,252,213,1,73933.8125,248.48756408691406,91.10684204101562,32.401458740234375,14.967049598693848,9.414295196533203,7.409152984619141,5.997943878173828,5.783303737640381,4.805256366729736,4.484187602996826,4.271001815795898,3.9718716144561768,3.8667821884155273,3.3378794193267822,3.266270875930786,2.7882039546966553,31127.646484375,20.44596290588379,5.2800397872924805
735000,745001,17,3,252,212,0,73628.6875,240.80398559570312,99.32848358154297,32.063114166259766,14.21075439453125,9.402703285217285,6.72401762008667,5.183294773101807,4.809986114501953,4.577137470245361,4.214467525482178,3.845548391342163,3.691403865814209,3.3285393714904785,3.089883327484131,2.9121499061584473,2.776076316833496,31005.306640625,22.802703857421875,4.602519512176514
735000,745001,17,3,252,212,1,73665.2421875,238.79176330566406,99.24653625488281,32.74654006958008,15.037493705749512,8.857344627380371,6.616099834442139,5.676504611968994,5.355692386627197,4.5551652908325195,4.112182140350342,3.977346420288086,3.3585503101348877,3.144374132156372,2.885004997253418,2.774777412414551,2.572925090789795,31019.966796875,22.933286666870117,4.960635185241699
740000,750001,17,3,250,213,0,73735.484375,236.33258056640625,91.56065368652344,30.64582061767578,15.123432159423828,8.609293937683105,7.984454154968262,6.3183674812316895,5.759494304656982,4.974325180053711,4.7199387550354,4.621160984039307,4.377139568328857,3.8249378204345703,3.661411762237549,3.264861822128296,3.120105504989624,31042.376953125,22.87042236328125,4.515690326690674
740000,750001,17,3,250,213,1,73730.578125,236.16102600097656,92.21280670166016,31.083200454711914,16.226131439208984,8.854074478149414,8.324103355407715,6.177268028259277,5.479056358337402,5.161618709564209,5.096977710723877,4.251171588897705,4.079748153686523,3.7010080814361572,3.5945632457733154,3.3796885013580322,2.981456995010376,31040.380859375,23.112775802612305,4.259589195251465
745000,755001,17,3,250,216,0,73593.5546875,232.68409729003906,87.79676055908203,31.624591827392578,20.76151466369629,12.094293594360352,7.682074069976807,7.271610736846924,6.043903350830078,5.596771240234375,4.729213714599609,4.526983737945557,4.230182647705078,3.711188554763794,3.5047178268432617,3.0057528018951416,2.846733570098877,30980.892578125,24.42489242553711,5.01719331741333
745000,755001,17,3,250,216,1,73537.359375,229.8560028076172,87.70829772949219,31.08319854736328,17.819873809814453,10.33188533782959,7.7249603271484375,5.993401050567627,5.36859130859375,4.85337495803833,4.563360691070557,4.015995025634766,3.8346688747406006,3.635819435119629,3.15067195892334,3.000208616256714,2.75344181060791,30956.724609375,22.308788299560547,4.913243770599365
750000,760001,17,3,255,215,0,75376.5078125,239.7279815673828,82.96546936035156,31.823068618774414,16.435546875,11.596349716186523,7.1234822273254395,6.991771697998047,6.119882106781006,5.430149078369141,4.485912799835205,4.367654800415039,4.008680820465088,3.9173240661621094,3.270825147628784,3.1126694679260254,3.023789405822754,31744.625,21.227380752563477,4.249155521392822
750000,760001,17,3,255,215,1,75372.2734375,238.06260681152344,81.7005615234375,31.0166072845459,15.464374542236328,11.207755088806152,6.666762351989746,6.5263471603393555,5.845453262329102,5.361329555511475,4.5939483642578125,4.441713809967041,4.040895462036133,3.730893850326538,3.5312774181365967,3.2121829986572266,2.837686538696289,31743.375,20.86737823486328,4.550226211547852
755000,765001,17,3,251,213,0,74462.875,217.235107421875,100.30184936523438,32.27998352050781,14.955330848693848,9.920085906982422,7.4238080978393555,7.13461971282959,5.717997074127197,4.997554779052734,4.3006815910339355,4.027332782745361,3.928583860397339,3.5279455184936523,3.370293140411377,3.159644603729248,2.729884147644043,31332.61328125,22.595237731933594,5.0706586837768555
755000,765001,17,3,251,213,1,74431.8671875,217.77740478515625,101.67195892333984,33.47056579589844,15.523940086364746,9.78148365020752,7.58329439163208,6.7088518142700195,5.922403335571289,4.844107627868652,4.675981521606445,4.208206653594971,4.124361038208008,3.8361191749572754,3.4883387088775635,3.080660343170166,2.8623383045196533,31319.375,23.11247444152832,5.290826797485352
760000,770001,17,3,254,215,0,75929.7109375,231.15052795410156,89.22765350341797,30.945009231567383,15.498990058898926,8.687968254089355,6.904419422149658,5.832809925079346,5.109976291656494,4.614485740661621,4.249272346496582,3.898064136505127,3.5936968326568604,3.4277875423431396,3.3615195751190186,2.7799136638641357,2.64652156829834,31980.662109375,19.978364944458008,3.8630330562591553
760000,770001,17,3,254,215,1,75950.6328125,231.66336059570312,89.85977172851562,30.6852970123291,14.175630569458008,8.632875442504883,6.941549301147461,5.888284206390381,5.3069257736206055,4.2832207679748535,4.152143955230713,3.93858003616333,3.472844123840332,3.235262155532837,3.1986889839172363,3.1438655853271484,2.7120096683502197,31989.814453125,19.731534957885742,4.0634894371032715
765000,775001,17,3,252,222,0,75985.421875,262.9671630859375,92.57450103759766,29.388103485107422,15.688093185424805,9.700607299804688,7.028797626495361,6.2535576820373535,6.112100601196289,5.00331449508667,4.746981143951416,3.9185709953308105,3.6945159435272217,3.496028423309326,3.4673147201538086,3.158539056777954,2.387259006500244,32004.2890625,21.54412269592285,4.786159515380859
765000,775001,17,3,252,222,1,75964.3984375,263.96563720703125,93.14861297607422,30.22673225402832,15.442488670349121,9.167298316955566,6.493566989898682,6.039949893951416,5.442098140716553,4.914533615112305,4.406647205352783,3.955780267715454,3.3900909423828125,3.2833826541900635,3.21663236618042,2.8667898178100586,2.6971983909606934,31995.8125,21.709360122680664,4.300471782684326
770000,780001,17,3,252,213,0,76128.2265625,239.99148559570312,85.33715057373047,28.89040756225586,15.22697925567627,9.168697357177734,8.08888053894043,7.0107927322387695,5.604269504547119,5.271853446960449,4.467181205749512,4.093783378601074,3.6708340644836426,3.4057037830352783,3.2467386722564697,3.107893466949463,2.706328868865967,32063.65625,21.416616439819336,4.588062286376953
770000,780001,17,3,252,213,1,76144.6015625,237.51089477539062,86.47260284423828,29.419126510620117,14.860432624816895,10.214041709899902,7.883910655975342,6.477339744567871,5.997171401977539,4.754443645477295,4.4937238693237305,4.176687717437744,3.5793662071228027,3.479705810546875,3.049734592437744,2.9918906688690186,2.7270426750183105,32069.154296875,22.3890323638916,4.722921848297119
775000,785001,17,3,252,217,0,76929.7578125,257.6298828125,95.55677032470703,38.16682052612305,15.5830659866333,11.73355770111084,8.141358375549316,6.492471694946289,6.380676746368408,5.367625713348389,4.254340648651123,4.023367881774902,3.752439022064209,3.4086925983428955,3.246023178100586,2.9317643642425537,2.7599081993103027,32416.138671875,23.0841064453125,4.759103775024414
775000,785001,17,3,252,217,1,76896.7265625,257.72198486328125,94.11481475830078,38.16828536987305,16.288427352905273,12.460153579711914,8.181548118591309,6.842650890350342,6.639352321624756,5.075939178466797,4.361706256866455,4.203898906707764,3.9868087768554688,3.466686487197876,3.448885679244995,2.999492645263672,2.7726800441741943,32403.240234375,23.931684494018555,5.283897399902344
780000,790001,17,3,253,217,0,77653.484375,229.24984741210938,76.23554992675781,30.157251358032227,16.16707420349121,9.106565475463867,6.572689056396484,5.842650413513184,5.027637481689453,4.774604797363281,4.596518516540527,4.211128234863281,4.053814888000488,3.5252232551574707,3.40690279006958,3.2382564544677734,3.1727454662323,32704.998046875,20.064247131347656,4.604559898376465
780000,790001,17,3,253,217,1,77636.7265625,228.1377716064453,76.18716430664062,30.187904357910156,16.634260177612305,9.305081367492676,7.370270729064941,6.174067497253418,5.499231338500977,4.639496326446533,4.310688495635986,3.999498128890991,3.6834607124328613,3.4874391555786133,3.2551255226135254,3.1438186168670654,2.515150308609009,32698.125,20.408496856689453,4.874146938323975
785000,795001,17,3,251,213,0,76899.1640625,240.75933837890625,84.3323745727539,29.832565307617188,13.230616569519043,8.893647193908691,6.701712608337402,6.287869453430176,5.2673563957214355,5.086606979370117,4.742735862731934,4.675597667694092,4.01785135269165,3.8650386333465576,3.66520357131958,3.501655101776123,3.0516607761383057,32411.150390625,23.03923988342285,5.094188690185547
785000,795001,17,3,251,213,1,76920.8359375,240.12054443359375,83.21001434326172,29.754756927490234,13.201081275939941,9.474345207214355,7.434300422668457,6.794330596923828,5.883169174194336,5.597808361053467,4.7727837562561035,4.625039577484131,4.340869903564453,3.864840269088745,3.791639566421509,3.194997549057007,2.868152141571045,32419.7734375,23.559249877929688,5.4735822677612305
790000,800001,17,3,252,211,0,77755.15625,246.6138916015625,98.01386260986328,31.784175872802734,17.672399520874023,9.925942420959473,9.546971321105957,6.969626426696777,6.112787246704102,4.880005359649658,4.665406703948975,4.3086981773376465,4.165090560913086,3.7890470027923584,3.511091470718384,3.368701696395874,2.9103126525878906,32762.861328125,21.229772567749023,4.534923076629639
790000,800001,17,3,252,211,1,77771.7265625,243.77464294433594,96.83062744140625,30.947242736816406,18.289505004882812,9.630898475646973,9.249088287353516,7.5862298011779785,6.170616149902344,5.18734073638916,4.535637378692627,4.021853923797607,3.9175312519073486,3.839850425720215,3.5695602893829346,3.421891212463379,2.961238145828247,32769.83984375,21.46053695678711,4.393607139587402
795000,805001,17,3,254,209,0,78216.1171875,259.8179626464844,83.083251953125,32.28754806518555,15.803342819213867,9.923243522644043,8.972665786743164,7.491075038909912,5.552706241607666,4.672784805297852,4.452230930328369,4.19706392288208,3.9864988327026367,3.894585371017456,3.648402214050293,3.1760776042938232,2.611759662628174,32953.62890625,22.3825740814209,5.299426078796387
795000,805001,17,3,254,209,1,78211.359375,258.4524841308594,83.60791015625,31.82797622680664,16.657442092895508,9.793085098266602,8.8351469039917,7.516851425170898,5.906213760375977,5.3472747802734375,4.782050132751465,4.455368518829346,4.232719421386719,4.130288600921631,3.7989227771759033,3.340057611465454,3.0278074741363525,32953.14453125,22.658485412597656,5.105813503265381
800000,810001,17,3,252,211,0,77701.40625,227.29345703125,86.05369567871094,28.23823356628418,14.973676681518555,9.53510856628418,6.963719844818115,6.386446475982666,6.217776775360107,4.852662563323975,4.535001754760742,4.139430999755859,3.74306058883667,3.5079269409179688,3.3601176738739014,3.26086688041687,2.9119367599487305,32737.044921875,22.039966583251953,4.0504150390625
800000,810001,17,3,252,211,1,77666.390625,228.00454711914062,86.61509704589844,27.945281982421875,14.65577220916748,8.461615562438965,6.66121244430542,5.5877556800842285,5.166848182678223,4.833078384399414,4.1986823081970215,4.049383163452148,3.6815412044525146,3.2187912464141846,3.098111391067505,2.8616015911102295,2.6113474369049072,32721.80078125,21.30786895751953,3.917004108428955
805000,815001,17,3,252,218,0,78153.6484375,240.08192443847656,79.84101104736328,28.126585006713867,15.128246307373047,9.14875316619873,7.486309051513672,6.270502090454102,5.75669002532959,4.885223388671875,4.486744403839111,4.03206729888916,3.7206296920776367,3.608660936355591,3.1375246047973633,2.828110456466675,2.6683599948883057,32929.4375,21.40021514892578,5.644170761108398
805000,815001,17,3,252,218,1,78225.046875,234.53411865234375,81.64126586914062,28.78190040588379,16.069997787475586,10.249077796936035,6.607226371765137,6.213740825653076,5.726777076721191,5.07506799697876,4.64466667175293,4.100346565246582,3.732635736465454,3.4556174278259277,3.135432004928589,2.8526251316070557,2.7350082397460938,32960.3828125,21.243202209472656,4.789360523223877
810000,820001,17,3,253,222,0,78918.5078125,243.34149169921875,108.2166748046875,33.80063247680664,17.624277114868164,10.800515174865723,8.471684455871582,6.908870220184326,6.062253952026367,5.362603187561035,5.108004093170166,4.443243980407715,4.072178363800049,3.8259356021881104,3.5461103916168213,3.402761220932007,3.12369966506958,33248.8203125,25.205127716064453,5.601576805114746
810000,820001,17,3,253,222,1,78856.0625,241.98727416992188,109.11769104003906,33.68463897705078,17.50679588317871,11.111146926879883,7.95786190032959,7.1955437660217285,6.111398220062256,5.210503101348877,4.701352119445801,4.507573127746582,4.003817081451416,3.839099168777466,3.27819561958313,3.070030927658081,2.8799102306365967,33222.0859375,25.48289680480957,5.26356840133667
815000,825001,17,3,253,215,0,80666.90625,273.6864318847656,95.92671966552734,31.162643432617188,14.960662841796875,9.414331436157227,7.436844348907471,7.213747024536133,5.6752424240112305,5.050841331481934,4.604995250701904,4.332064628601074,4.139766216278076,3.6157336235046387,3.2845458984375,3.2057793140411377,2.817033290863037,34016.4296875,24.631994247436523,6.062994956970215
815000,825001,17,3,253,215,1,80650.8125,273.3719482421875,93.52752685546875,30.900371551513672,14.968083381652832,8.824840545654297,7.436272144317627,6.904377460479736,5.543728351593018,5.263129711151123,4.4863600730896,4.068881988525391,3.929053544998169,3.615185499191284,3.4832756519317627,3.3308475017547607,2.7711689472198486,34011.453125,24.194490432739258,5.615815162658691
820000,830001,17,3,251,220,0,79634.734375,246.75343322753906,91.50965118408203,33.34518814086914,17.952220916748047,12.025988578796387,10.220878601074219,7.453718662261963,6.72934627532959,6.336941242218018,5.178459167480469,4.695659637451172,4.594996452331543,4.199686050415039,3.7288410663604736,3.5718929767608643,3.1781516075134277,33566.9921875,24.82417869567871,5.942780494689941
820000,830001,17,3,251,220,1,79654.2578125,245.13095092773438,91.25157165527344,32.02381134033203,16.460004806518555,12.207796096801758,10.576164245605469,7.153764247894287,6.234761714935303,5.61011266708374,5.252922534942627,4.636441707611084,4.046148300170898,3.975372314453125,3.2556159496307373,3.1529722213745117,2.8335773944854736,33575.4375,23.70464515686035,6.38999080657959
825000,835001,17,3,251,214,0,79914.2578125,235.11293029785156,92.89471435546875,33.422760009765625,17.43854522705078,12.297618865966797,11.087529182434082,7.583186626434326,7.075618267059326,5.581925392150879,5.183930397033691,4.742496013641357,3.947901725769043,3.8313562870025635,3.5112178325653076,2.9713428020477295,2.9556915760040283,33675.76953125,21.388891220092773,5.8105902671813965
825000,835001,17,3,251,214,1,79912.953125,234.6363067626953,93.32640075683594,34.24554443359375,17.007099151611328,12.801626205444336,10.669795036315918,7.494455337524414,6.499650001525879,5.75529670715332,4.695208549499512,4.429762363433838,4.114513874053955,3.71923565864563,3.297827959060669,3.146440029144287,2.66919207572937,33676.46875,21.691478729248047,6.525304794311523
830000,840001,17,3,256,224,0,81200.359375,260.18304443359375,91.55908203125,34.655330657958984,16.60535430908203,10.85193157196045,7.155871868133545,5.868549346923828,5.346960544586182,4.8669657707214355,4.158327579498291,3.74908709526062,3.519035577774048,3.4867167472839355,3.016657590866089,2.9277474880218506,2.630598783493042,34223.27734375,23.981700897216797,4.212160110473633
830000,840001,17,3,256,224,1,81220.3671875,260.7191162109375,91.22528076171875,34.44874954223633,16.296382904052734,11.29678726196289,7.823798179626465,7.2967610359191895,5.827948570251465,5.541347980499268,4.19732666015625,3.8526668548583984,3.726379871368408,3.557164192199707,3.20123028755188,3.0814671516418457,2.825580358505249,34231.79296875,23.474014282226562,4.887213230133057
835000,845001,17,3,253,221,0,81947.484375,224.56590270996094,93.69586181640625,30.836515426635742,18.325254440307617,10.150168418884277,8.113020896911621,6.98137903213501,6.344595909118652,6.048943042755127,4.835280895233154,4.609509468078613,4.479813575744629,3.9498074054718018,3.688497304916382,3.411792516708374,2.790287494659424,34543.1328125,22.976947784423828,6.275938034057617
835000,845001,17,3,253,221,1,81968.390625,224.6095428466797,92.74388885498047,30.361541748046875,17.621755599975586,10.520671844482422,8.255473136901855,6.657693862915039,6.395985126495361,5.335080623626709,4.580777645111084,4.347886085510254,4.118348598480225,3.7135469913482666,3.571340560913086,3.3750879764556885,3.0398805141448975,34552.41015625,22.244640350341797,5.158846855163574
840000,850001,17,3,250,215,0,81281.4921875,245.65017700195312,94.50301361083984,31.805971145629883,15.430835723876953,10.079200744628906,8.358490943908691,7.290110111236572,6.252878665924072,5.450179576873779,5.0023627281188965,4.647059440612793,4.333950042724609,4.086652755737305,3.515364170074463,3.3689043521881104,3.0225648880004883,34261.02734375,21.225963592529297,5.113397121429443
840000,850001,17,3,250,215,1,81366.7578125,247.06643676757812,92.46891021728516,32.15171813964844,14.909796714782715,9.821717262268066,8.687131881713867,7.186779975891113,6.601005554199219,5.872593402862549,5.401595115661621,4.5946502685546875,4.3280792236328125,4.06652307510376,3.6867265701293945,3.587029218673706,2.9894065856933594,34294.65625,21.39218521118164,5.914692401885986
845000,855001,17,3,253,222,0,81803.1171875,272.476806640625,90.24366760253906,30.415929794311523,18.96879005432129,11.130300521850586,8.195822715759277,6.5693793296813965,5.804335117340088,5.070804595947266,4.663466453552246,4.479507923126221,4.183137893676758,3.763662099838257,3.434896469116211,3.113943576812744,2.8644585609436035,34491.5,23.112398147583008,5.609045028686523
845000,855001,17,3,253,222,1,81763.40625,272.9680480957031,90.94378662109375,30.65776824951172,19.030838012695312,10.557001113891602,8.211990356445312,6.328510761260986,6.103530406951904,5.634188175201416,4.764341354370117,4.456948757171631,4.037030220031738,3.7934799194335938,3.5673184394836426,3.3370981216430664,3.0681612491607666,34474.75,22.643457412719727,5.693218231201172
850000,860001,17,3,252,218,0,82961.53125,261.8209228515625,94.71898651123047,35.054039001464844,20.05777931213379,11.755797386169434,11.1839599609375,7.866659641265869,7.040932655334473,5.954203128814697,4.88550329208374,4.522686958312988,4.419065952301025,4.161623477935791,3.559399366378784,3.3754780292510986,3.15484619140625,34974.26171875,22.562938690185547,6.809109210968018
850000,860001,17,3,252,218,1,82975.09375,258.833984375,94.58898162841797,36.43505096435547,20.781248092651367,11.910958290100098,9.304643630981445,8.093551635742188,6.523021697998047,5.999985694885254,5.42000675201416,4.93267822265625,4.184383869171143,4.161191940307617,3.9532885551452637,3.7075257301330566,2.9268858432769775,34979.1015625,22.9549617767334,5.851065158843994
855000,865001,17,3,252,219,0,83454.2265625,236.92713928222656,100.50212097167969,38.470829010009766,17.428564071655273,10.333393096923828,9.33610725402832,7.390506744384766,5.802887916564941,5.5938191413879395,4.786160469055176,4.191159248352051,4.122054100036621,3.7009196281433105,3.5225512981414795,3.457537889480591,2.995836019515991,35197.06640625,22.86251449584961,5.373239040374756
855000,865001,17,3,252,219,1,83416.1328125,237.29971313476562,100.08692932128906,37.64287185668945,17.906633377075195,10.635834693908691,7.736701488494873,6.883354187011719,5.879853248596191,5.135585308074951,4.51080846786499,4.341264724731445,3.7218332290649414,3.6429805755615234,3.2784347534179688,2.969148874282837,2.6920266151428223,35181.41796875,23.644641876220703,4.573467254638672
860000,870001,17,3,254,219,0,85867.6796875,265.22930908203125,92.81040954589844,36.07274627685547,18.6651554107666,11.358016014099121,10.35995101928711,7.899808406829834,6.203397274017334,5.7279744148254395,5.713388442993164,5.051344394683838,4.801062107086182,4.475963115692139,4.045281887054443,3.450700521469116,3.370288610458374,36212.9375,23.45412254333496,6.102750778198242
860000,870001,17,3,254,219,1,85867.78125,265.98260498046875,92.41130828857422,34.717857360839844,17.724842071533203,11.129960060119629,10.743317604064941,8.055292129516602,6.430823802947998,6.069827079772949,5.777922630310059,4.952589988708496,4.828881740570068,4.567129135131836,4.30538272857666,3.668405532836914,3.619706153869629,36213.00390625,23.182388305664062,6.268186569213867
865000,875001,17,3,249,215,0,81985.1328125,263.628662109375,99.10400390625,36.34616470336914,20.348703384399414,14.332080841064453,9.317207336425781,8.37149715423584,7.087773323059082,5.721134662628174,4.952026844024658,4.508854389190674,4.092464923858643,3.709500551223755,3.310349464416504,2.9875388145446777,2.5680391788482666,34563.81640625,23.60262680053711,5.924136638641357
865000,875001,17,3,249,215,1,82001.5625,264.33050537109375,98.43736267089844,35.38213348388672,20.658384323120117,14.88913631439209,9.4210205078125,7.029204368591309,6.924808502197266,6.852153301239014,5.565621376037598,4.762002944946289,4.560037136077881,4.134819984436035,3.893078088760376,3.379976511001587,2.935777425765991,34570.44921875,23.112699508666992,6.095347881317139
870000,880001,17,3,254,221,0,83562.609375,257.6215515136719,96.77843475341797,32.19221878051758,14.800745964050293,12.108564376831055,9.986465454101562,7.385229587554932,6.601332664489746,5.202722549438477,4.998854637145996,4.7545390129089355,4.401468753814697,3.9418528079986572,3.6160902976989746,3.25413179397583,3.0752716064453125,35233.42578125,24.57468032836914,6.679192543029785
870000,880001,17,3,254,221,1,83606.3359375,257.5475158691406,98.26404571533203,32.51712417602539,14.756294250488281,13.262344360351562,10.194774627685547,6.47224760055542,6.24979305267334,5.670691967010498,4.826278209686279,4.372797012329102,3.9209351539611816,3.66027569770813,3.467139482498169,3.385927677154541,3.112359046936035,35252.03125,24.2193660736084,6.850910186767578
875000,885001,17,3,253,216,0,86137.8828125,274.27886962890625,105.61534881591797,32.84538269042969,21.20964241027832,12.903650283813477,9.142189025878906,6.960713863372803,6.174238681793213,5.776024341583252,5.472446441650391,5.011959552764893,4.79646110534668,4.505185604095459,4.213202476501465,3.5973153114318848,3.3258602619171143,36336.859375,27.26335906982422,5.607438564300537
875000,885001,17,3,253,216,1,86225.390625,273.6939697265625,104.13408660888672,32.87360382080078,22.951433181762695,13.462587356567383,9.3555326461792,7.962703227996826,7.107089519500732,6.505627632141113,5.369833469390869,5.170912265777588,4.665385723114014,4.417350769042969,4.023428440093994,3.921271800994873,3.416043281555176,36375.265625,28.594633102416992,6.725813865661621
880000,890001,17,3,255,222,0,87089.7890625,271.511962890625,93.04841613769531,33.851741790771484,16.395008087158203,10.440988540649414,8.364286422729492,7.45674467086792,6.022346019744873,5.501808166503906,4.562069892883301,4.24584436416626,3.9518332481384277,3.5187628269195557,3.4424920082092285,2.948927879333496,2.888000249862671,36739.8984375,24.638460159301758,4.8297905921936035
880000,890001,17,3,255,222,1,87119.1015625,273.1413879394531,92.08210754394531,33.766422271728516,16.01679039001465,10.460269927978516,7.586614608764648,7.005291938781738,6.331472396850586,5.574163913726807,4.741316318511963,4.267213344573975,3.8385915756225586,3.4975361824035645,3.139540195465088,2.8012123107910156,2.421654462814331,36751.0234375,24.38113021850586,4.263706207275391
885000,895001,17,3,252,225,0,86891.453125,254.72569274902344,87.57752227783203,31.866779327392578,17.336400985717773,11.356376647949219,8.678719520568848,7.436047077178955,6.759252071380615,6.5401105880737305,5.784102916717529,5.07994270324707,4.788951873779297,3.976222038269043,3.7948319911956787,3.5151848793029785,3.0609302520751953,36643.58984375,21.987707138061523,6.436589241027832
885000,895001,17,3,252,225,1,86849.359375,255.47283935546875,88.79949188232422,33.177635192871094,18.078264236450195,11.85229206085205,8.549866676330566,7.744359016418457,6.917819499969482,6.542472839355469,5.647397518157959,4.991222858428955,4.5691351890563965,4.222049713134766,4.046494960784912,3.37900710105896,3.1871931552886963,36625.41015625,22.001440048217773,5.885585784912109
890000,900001,17,3,252,228,0,88438.9765625,262.2906188964844,90.18753051757812,31.780170440673828,15.37314510345459,9.098016738891602,7.8646464347839355,7.172598838806152,6.4014434814453125,6.026033401489258,5.437062740325928,4.839472770690918,4.072380065917969,3.5827889442443848,3.3829147815704346,3.119515895843506,3.1005280017852783,37308.08203125,22.843963623046875,5.795358657836914
890000,900001,17,3,252,228,1,88432.7109375,263.4834289550781,88.64496612548828,31.0991153717041,15.540106773376465,9.790828704833984,7.436314105987549,6.956549167633057,6.148369789123535,5.663903713226318,5.418530464172363,4.810355186462402,3.962899923324585,3.577427864074707,3.475306510925293,3.267498016357422,2.8991143703460693,37305.45703125,23.190664291381836,5.774512767791748
895000,905001,17,3,252,226,0,87943.75,243.1651153564453,98.0503921508789,31.77389907836914,16.22019386291504,10.502059936523438,10.403223037719727,7.462602138519287,6.657684326171875,5.613246440887451,4.876809597015381,4.521717071533203,4.099065780639648,3.7434349060058594,3.627478837966919,3.379870891571045,3.1441240310668945,37075.62890625,22.75465202331543,5.020042896270752
895000,905001,17,3,252,226,1,87957.671875,244.56661987304688,97.86555480957031,32.64735794067383,17.189239501953125,10.659793853759766,7.820981979370117,6.801179885864258,6.035802841186523,5.771640300750732,5.111207485198975,4.715625762939453,4.431565284729004,4.212106227874756,3.6138381958007812,3.3905699253082275,2.921823740005493,37082.203125,22.618741989135742,5.631728649139404
900000,910001,17,3,245,214,0,86845.0859375,238.91233825683594,91.95025634765625,29.395647048950195,14.83260726928711,9.701211929321289,7.081758975982666,6.622844696044922,6.063179016113281,5.689458847045898,5.534709453582764,4.868935585021973,4.489551544189453,4.063340663909912,3.888136625289917,3.6342790126800537,3.326655149459839,36612.41796875,23.023576736450195,5.2524566650390625
900000,910001,17,3,245,214,1,86873.4609375,235.32737731933594,89.68824005126953,30.43097686767578,14.989696502685547,9.549378395080566,7.974603176116943,6.749458312988281,6.2632670402526855,5.6211018562316895,4.840856552124023,4.549267292022705,4.354792594909668,4.032075881958008,3.9370670318603516,3.5965614318847656,3.2433929443359375,36624.77734375,22.649555206298828,4.956186771392822
905000,915001,17,3,248,220,0,91029.9453125,251.2706298828125,84.74889373779297,31.661819458007812,15.140294075012207,10.701833724975586,8.9983549118042,7.843078136444092,6.775261878967285,6.584284782409668,5.44897985458374,5.3534345626831055,4.444926738739014,4.423667907714844,3.6062967777252197,3.554363965988159,3.1737842559814453,38407.1328125,20.793819427490234,6.611949920654297
905000,915001,17,3,248,220,1,91027.3984375,249.29638671875,85.25030517578125,31.755992889404297,15.679634094238281,10.094215393066406,8.762040138244629,7.366598129272461,6.56030797958374,6.27113676071167,5.851951599121094,5.12518310546875,4.310075759887695,4.010402202606201,3.7687785625457764,3.635782480239868,3.2190985679626465,38405.8203125,21.16025733947754,5.505182266235352
910000,920001,17,3,255,219,0,92004.5703125,259.08074951171875,98.4930648803711,35.901371002197266,16.54137420654297,10.48367977142334,8.532011032104492,7.262623310089111,6.427647113800049,5.508752346038818,4.672710418701172,4.583435535430908,3.9683046340942383,3.934274673461914,3.734632730484009,3.375338554382324,3.2510528564453125,38821.05078125,23.926372528076172,4.740556240081787
910000,920001,17,3,255,219,1,91975.9609375,258.9228210449219,98.18956756591797,35.86172866821289,15.998458862304688,11.074087142944336,7.733293533325195,7.580891132354736,6.541794300079346,4.917381286621094,4.540146827697754,4.168460369110107,4.016117572784424,3.9755866527557373,3.3903934955596924,3.268489360809326,3.2258598804473877,38809.23046875,23.627704620361328,4.353235721588135
915000,925001,17,3,250,220,0,89938.859375,262.84228515625,89.25730895996094,33.98339080810547,16.19091796875,9.804919242858887,7.111565113067627,6.2795491218566895,5.472684383392334,5.005975723266602,4.5435614585876465,4.139342308044434,3.9944095611572266,3.8247547149658203,3.5316240787506104,3.383185386657715,3.04642915725708,37944.625,21.973487854003906,4.346761226654053
915000,925001,17,3,250,220,1,89923.296875,263.30792236328125,88.46094512939453,32.96002197265625,16.389846801757812,9.127399444580078,6.505664348602295,5.850049018859863,5.454389572143555,4.981513500213623,4.263955593109131,3.9434990882873535,3.6963746547698975,3.5248568058013916,3.437843084335327,3.1380317211151123,2.9865734577178955,37936.55078125,21.650781631469727,4.94192361831665
920000,930001,17,3,249,220,0,90638.84375,264.62164306640625,89.90477752685547,30.968048095703125,19.049274444580078,13.37099838256836,11.270549774169922,8.169949531555176,7.7857441902160645,6.274186134338379,5.692025184631348,4.704869270324707,4.446266174316406,4.117922782897949,3.954167366027832,3.702747106552124,2.958874464035034,38238.546875,24.50043487548828,6.144790172576904
920000,930001,17,3,249,220,1,90670.140625,264.39837646484375,90.3696060180664,32.61808395385742,19.4386043548584,14.875548362731934,11.45418930053711,8.668232917785645,7.374876022338867,6.401891231536865,6.126969337463379,5.655120849609375,4.762250900268555,4.2277350425720215,3.7931666374206543,3.554419755935669,2.9729580879211426,38250.83984375,23.935068130493164,7.463311195373535
925000,935001,17,3,252,226,0,91444.3046875,267.5734558105469,96.75227355957031,37.432350158691406,17.441234588623047,11.175870895385742,8.056739807128906,7.777062892913818,6.816103935241699,5.38333797454834,5.016372203826904,4.456789970397949,4.342950820922852,4.017050743103027,3.665828227996826,3.531126022338867,2.976348400115967,38575.1796875,23.19232749938965,4.993436336517334
925000,935001,17,3,252,226,1,91447.671875,271.0089416503906,98.19886779785156,37.389408111572266,18.31258201599121,10.412280082702637,7.1523823738098145,6.556230068206787,5.974571704864502,5.374966144561768,5.366041660308838,4.108621120452881,3.9259748458862305,3.592517614364624,3.390791893005371,3.140933036804199,3.010925531387329,38576.328125,23.139726638793945,4.270383358001709
930000,940001,17,3,253,226,0,93965.171875,262.1107482910156,96.63814544677734,36.150943756103516,18.811023712158203,11.032302856445312,9.071812629699707,7.944836139678955,7.555139064788818,6.538519382476807,6.28847074508667,5.531406402587891,4.955223083496094,4.560878753662109,4.221791744232178,3.9590070247650146,3.7264137268066406,39611.99609375,24.3138484954834,6.643771171569824
930000,940001,17,3,253,226,1,94022.6796875,260.8406982421875,98.3254623413086,35.439178466796875,18.25434112548828,12.26064682006836,9.213556289672852,7.265142917633057,6.618872165679932,6.0209879875183105,5.607697486877441,5.352812767028809,5.090438365936279,4.844645977020264,4.723097324371338,4.116979598999023,3.887681245803833,39636.65625,23.859638214111328,6.107745170593262
935000,945001,17,3,252,217,0,92732.9296875,263.6466979980469,89.38861846923828,33.711639404296875,15.988653182983398,11.390470504760742,8.302081108093262,6.730217933654785,6.376243591308594,5.581654071807861,5.146672248840332,5.026696681976318,4.550012111663818,4.303391933441162,3.9584479331970215,3.7804551124572754,3.359360694885254,39141.4453125,22.421724319458008,5.443819999694824
935000,945001,17,3,252,217,1,92739.6328125,263.4651794433594,90.30767059326172,33.79458236694336,15.803531646728516,11.466126441955566,7.594516277313232,6.70290994644165,6.034542083740234,5.689393520355225,5.137331962585449,4.76837158203125,4.428615570068359,4.16071891784668,3.726274013519287,3.1919593811035156,2.927393913269043,39143.34765625,22.774229049682617,5.248534202575684
940000,950001,17,3,254,222,0,94174.5546875,264.781982421875,100.57906341552734,37.18986511230469,17.484817504882812,12.18776798248291,10.190713882446289,8.893525123596191,6.971437931060791,6.291413307189941,5.354018211364746,5.070380210876465,4.078682899475098,3.9366953372955322,3.5365991592407227,3.297651529312134,2.868715524673462,39747.296875,25.24700927734375,4.94276762008667
940000,950001,17,3,254,222,1,94196.53125,264.7896728515625,100.67581939697266,36.488616943359375,18.177366256713867,11.712135314941406,9.350503921508789,8.671900749206543,6.8142170906066895,6.059964656829834,5.351166248321533,4.906667232513428,4.162862777709961,3.797028064727783,3.7554116249084473,3.486330986022949,2.9881508350372314,39757.22265625,24.918428421020508,5.3563737869262695
945000,955001,17,3,251,222,0,95796.734375,255.7079315185547,106.11949920654297,33.67766571044922,16.598955154418945,11.678004264831543,10.173052787780762,7.6457133293151855,7.410006046295166,5.857000350952148,5.5391764640808105,4.9941864013671875,4.91822624206543,4.657175064086914,4.430866718292236,3.6628894805908203,3.3485631942749023,40431.1875,24.43691062927246,5.817397117614746
945000,955001,17,3,251,222,1,95805.96875,257.625,105.01415252685547,34.35947799682617,16.43921661376953,11.847421646118164,9.716675758361816,8.505188941955566,6.932002544403076,5.929035663604736,5.555639743804932,4.908658504486084,4.830087661743164,4.548634052276611,3.729142904281616,3.50341796875,3.266725778579712,40434.05078125,24.17657470703125,6.1435160636901855
950000,960001,17,3,250,226,0,96587.8359375,242.92857360839844,104.68936157226562,32.75684356689453,15.310694694519043,10.538494110107422,7.587221622467041,6.874520301818848,6.083990097045898,5.520493984222412,5.337168216705322,4.869683265686035,4.673186779022217,4.183753967285156,3.5523242950439453,3.197016954421997,3.019188165664673,40761.296875,21.935266494750977,5.082213401794434
950000,960001,17,3,250,226,1,96612.6796875,243.4137725830078,104.12295532226562,32.415401458740234,15.729374885559082,10.620218276977539,7.523167133331299,6.620781421661377,6.334430694580078,5.570425987243652,5.367198467254639,4.717921733856201,4.631969451904297,4.161358833312988,3.4396777153015137,3.071303367614746,2.9587855339050293,40771.5625,22.636566162109375,5.227597236633301
955000,965001,17,3,252,217,0,97569.7734375,270.0802917480469,94.22364044189453,35.63208770751953,18.248489379882812,11.68116569519043,10.149587631225586,8.975814819335938,7.087251663208008,6.074280261993408,5.991204261779785,5.721706867218018,4.948919296264648,4.735500812530518,4.506274700164795,3.9645161628723145,3.7906153202056885,41161.19921875,23.37866973876953,6.686027526855469
955000,965001,17,3,252,217,1,97513.671875,276.8433837890625,93.34683227539062,33.207847595214844,18.25277328491211,11.469605445861816,9.338278770446777,7.812819004058838,6.219779968261719,5.16054630279541,4.7509894371032715,4.324738025665283,4.144552707672119,3.762864112854004,3.7051820755004883,3.387058734893799,3.1577022075653076,41136.79296875,23.434864044189453,5.836080551147461
960000,970001,17,3,250,217,0,98196.7578125,257.1318054199219,112.43672180175781,33.033607482910156,22.092138290405273,20.011573791503906,12.462419509887695,9.288466453552246,8.744024276733398,7.244739055633545,6.337854862213135,5.70440673828125,5.2154765129089355,4.702130317687988,4.309310436248779,4.037441253662109,3.8989334106445312,41426.1484375,25.962295532226562,10.927559852600098
960000,970001,17,3,250,217,1,98202.90625,258.2218933105469,112.82038879394531,33.797367095947266,23.52632713317871,21.73821449279785,12.729231834411621,8.13501262664795,7.629080295562744,6.470839023590088,6.205081462860107,5.725982666015625,4.93390417098999,4.7556562423706055,4.586277961730957,4.035248279571533,3.842050790786743,41429.0234375,26.111957550048828,10.081511497497559
965000,975001,17,3,249,216,0,98181.1796875,267.96929931640625,93.39595794677734,35.20449447631836,17.280292510986328,11.95457649230957,9.251180648803711,8.42651081085205,7.723099708557129,6.07709264755249,5.519905090332031,4.923602104187012,4.544064998626709,4.3056559562683105,3.7319045066833496,3.56549334526062,2.8452341556549072,41420.3359375,23.245813369750977,5.9779229164123535
965000,975001,17,3,249,216,1,98208.203125,267.3519592285156,93.57868957519531,33.99477005004883,17.3299503326416,11.48094367980957,8.890721321105957,7.805706977844238,7.343477725982666,6.4719767570495605,5.62958288192749,5.133965015411377,4.714632511138916,4.148998260498047,3.695836305618286,3.3734688758850098,2.867278814315796,41431.8359375,23.18882179260254,5.590033054351807
970000,980001,17,3,253,226,0,100483.0234375,278.4713134765625,104.9676513671875,34.73974609375,18.541868209838867,12.897099494934082,9.214029312133789,7.671116828918457,6.317134857177734,6.048342704772949,5.925860404968262,4.953078269958496,4.5896077156066895,4.3914384841918945,3.9163033962249756,3.8182270526885986,3.321763277053833,42401.2109375,24.57251739501953,5.151025295257568
970000,980001,17,3,253,226,1,100505.4296875,278.9722900390625,103.97161102294922,35.374393463134766,18.51380729675293,13.081180572509766,8.932319641113281,6.819271087646484,5.769425392150879,5.578615188598633,5.362607479095459,4.944162368774414,4.571348667144775,4.440552234649658,3.7013559341430664,3.4197731018066406,2.884016513824463,42410.55859375,24.110628128051758,5.441132545471191
975000,985001,17,3,250,220,0,98988.8671875,264.4521179199219,104.65325164794922,37.27858352661133,17.990055084228516,10.806994438171387,8.950379371643066,7.603115081787109,7.099298477172852,6.267836093902588,5.8378987312316895,5.5667805671691895,4.86765718460083,4.695438385009766,4.442720890045166,4.225997447967529,3.8684282302856445,41762.890625,24.736888885498047,5.764070987701416
975000,985001,17,3,250,220,1,99022.8671875,264.264404296875,104.99600982666016,35.70777893066406,17.78504753112793,10.633636474609375,8.741299629211426,8.02830696105957,7.283620357513428,6.2985124588012695,5.743803024291992,5.3131256103515625,5.184359550476074,4.343062400817871,3.8756003379821777,3.606743812561035,3.4406685829162598,41776.91015625,24.19853401184082,5.594521522521973
980000,990001,17,3,252,229,0,98980.1640625,264.549560546875,90.49436950683594,35.91971206665039,18.761768341064453,11.783923149108887,9.033069610595703,8.736045837402344,7.102119445800781,6.942366600036621,6.03203010559082,5.727809429168701,5.437814235687256,5.251638889312744,4.701820373535156,3.9823527336120605,3.712411642074585,41775.31640625,23.284391403198242,5.564614295959473
980000,990001,17,3,252,229,1,99009.453125,263.2908020019531,90.02677917480469,35.61772918701172,18.51426124572754,11.863374710083008,8.761256217956543,8.026351928710938,7.108085632324219,6.330033302307129,5.320425510406494,5.141615390777588,4.765625953674316,4.2616071701049805,4.030076026916504,3.7919089794158936,3.3501837253570557,41787.17578125,22.874393463134766,5.259416580200195
985000,995001,17,3,253,216,0,102313.2421875,262.554931640625,103.08892059326172,35.36838150024414,18.539134979248047,13.342476844787598,8.098528861999512,7.78246545791626,6.967765808105469,6.589620113372803,4.873766899108887,4.700344085693359,4.096037864685059,3.905146360397339,3.714365243911743,3.350224256515503,3.1717236042022705,43168.25,24.488418579101562,5.495036602020264
985000,995001,17,3,253,216,1,102269.9140625,265.7597961425781,105.6799087524414,37.02067565917969,17.758453369140625,12.165314674377441,9.962807655334473,7.1012725830078125,6.464607238769531,6.147247314453125,5.101961135864258,4.808984279632568,4.339764595031738,4.0008625984191895,3.646416425704956,3.420036554336548,3.293673515319824,43148.796875,25.210763931274414,5.160673141479492
