grad_step,env_steps,window_len,penalty_len,n_windows,unique_eps,critic,sv_01,sv_02,sv_03,sv_04,sv_05,sv_06,sv_07,sv_08,sv_09,sv_10,sv_11,sv_12,sv_13,sv_14,sv_15,sv_16,sv_17,pen_sv_01,pen_sv_02,pen_sv_03,pen_sv_04,pen_sv_05,pen_sv_06,pen_sv_07,pen_sv_08,pen_sv_09
0,10001,17,9,251,10,0,4.067519664764404,0.804172158241272,0.6459182500839233,0.5246504545211792,0.46968817710876465,0.45056506991386414,0.4147445261478424,0.39190465211868286,0.3710574209690094,0.3584984838962555,0.3408229649066925,0.3318105936050415,0.3210230767726898,0.3110777735710144,0.30033376812934875,0.280202180147171,0.2551291584968567,2.988506317138672,0.6047384738922119,0.48363277316093445,0.4293288588523865,0.3871329724788666,0.34943220019340515,0.3331446945667267,0.3144210875034332,0.2972073554992676
0,10001,17,9,251,10,1,2.19214129447937,1.0212349891662598,0.7628611922264099,0.6785455942153931,0.6255400776863098,0.6152502298355103,0.5719121098518372,0.5537070035934448,0.5249783396720886,0.5113832354545593,0.5050644874572754,0.4901069700717926,0.4823168218135834,0.4508779048919678,0.44850027561187744,0.41240182518959045,0.3954611122608185,1.7262494564056396,0.7076717615127563,0.6218805909156799,0.5551518201828003,0.5378292798995972,0.518341064453125,0.5073663592338562,0.46548566222190857,0.44870904088020325
5000,15001,17,9,252,15,0,1772.654541015625,74.48236846923828,46.157386779785156,29.889341354370117,21.228967666625977,18.177494049072266,13.347983360290527,11.279459953308105,10.744786262512207,8.811344146728516,7.7610344886779785,7.243313312530518,6.999807357788086,6.5905866622924805,6.144583225250244,5.849035739898682,5.423608303070068,1286.300048828125,42.38856506347656,23.051450729370117,14.144238471984863,11.021466255187988,7.623939037322998,7.355521202087402,6.70382022857666,5.889781951904297
5000,15001,17,9,252,15,1,1772.2130126953125,74.41456604003906,45.78346252441406,30.24693489074707,21.957626342773438,18.038034439086914,13.198019981384277,11.089261054992676,10.889020919799805,9.153365135192871,7.8725786209106445,7.56423282623291,6.766057968139648,6.507894515991211,6.3666205406188965,5.677438735961914,5.09487771987915,1286.2811279296875,41.803401947021484,23.34406280517578,13.919659614562988,11.177200317382812,7.844648361206055,7.490726947784424,7.163714408874512,5.570485591888428
10000,20001,17,9,254,20,0,3014.454345703125,82.11467742919922,38.836483001708984,19.096853256225586,12.829986572265625,9.404281616210938,7.660061359405518,6.490555763244629,6.481211185455322,5.24348258972168,4.8054680824279785,4.580141544342041,4.419008255004883,4.331748008728027,4.04067850112915,3.7656915187835693,3.3832039833068848,2190.334228515625,40.75800323486328,15.106890678405762,8.604997634887695,6.609734058380127,5.027532577514648,4.630362033843994,4.335257053375244,3.669221878051758
10000,20001,17,9,254,20,1,3014.6962890625,82.32109832763672,38.69349670410156,19.290143966674805,13.099591255187988,9.444130897521973,7.930169105529785,6.722107410430908,5.968388080596924,5.01357889175415,4.942235469818115,4.535594463348389,4.409801959991455,4.118414878845215,4.041015148162842,3.851226329803467,3.7608823776245117,2190.836669921875,40.627784729003906,15.250361442565918,8.740334510803223,6.5331854820251465,5.030227184295654,4.5820770263671875,4.283446311950684,4.072519302368164
15000,25001,17,9,255,25,0,3355.234130859375,79.62151336669922,31.8668212890625,13.488799095153809,7.943592071533203,5.272931098937988,3.6432676315307617,2.9554107189178467,2.541656017303467,2.089287281036377,1.813398838043213,1.5797079801559448,1.4085794687271118,1.281036138534546,1.2598326206207275,1.0943520069122314,1.028153419494629,2443.994140625,38.75636291503906,9.722264289855957,4.786702632904053,2.7105464935302734,1.9908400774002075,1.6258612871170044,1.2001159191131592,1.102349877357483
15000,25001,17,9,255,25,1,3358.065673828125,79.93414306640625,31.542041778564453,13.764998435974121,8.013115882873535,5.616371154785156,3.881995439529419,2.958130359649658,2.4893510341644287,2.0602753162384033,1.7484402656555176,1.4594459533691406,1.395268440246582,1.2171388864517212,1.1302012205123901,1.053326964378357,1.014465093612671,2446.229736328125,38.60594940185547,10.008323669433594,4.962711811065674,2.752460479736328,2.160182237625122,1.4371027946472168,1.2948414087295532,1.1041004657745361
20000,30001,17,9,254,30,0,3308.478271484375,67.39374542236328,33.7951774597168,12.411713600158691,7.688505172729492,5.074499130249023,4.0551323890686035,2.9701249599456787,2.5291311740875244,1.9314494132995605,1.90703547000885,1.5472896099090576,1.2599893808364868,1.0418766736984253,1.0157808065414429,0.8984156847000122,0.842954695224762,2404.01171875,34.28622817993164,10.510353088378906,4.680191516876221,2.8090438842773438,1.9885233640670776,1.4288644790649414,1.0593242645263672,0.895750880241394
20000,30001,17,9,254,30,1,3303.120361328125,68.02069091796875,34.56524658203125,12.975207328796387,7.793928623199463,5.18494987487793,3.932035446166992,2.7837328910827637,2.384355306625366,1.9090865850448608,1.7765605449676514,1.4927265644073486,1.1389240026474,1.057052493095398,0.933240532875061,0.889214813709259,0.8776727318763733,2400.288818359375,35.28704071044922,10.960395812988281,4.542344093322754,2.6494338512420654,1.8331555128097534,1.292883038520813,1.053583025932312,0.9358026385307312
25000,35001,17,9,253,35,0,3446.3642578125,81.31532287597656,30.593299865722656,12.179265975952148,6.442601203918457,4.318014621734619,2.986170768737793,2.3980414867401123,1.774418592453003,1.6459180116653442,1.3340704441070557,1.1808701753616333,1.00949227809906,0.9789667129516602,0.8997347950935364,0.8292964100837708,0.7721705436706543,2508.641845703125,35.184268951416016,10.136228561401367,4.009139060974121,2.331582546234131,1.4441710710525513,1.158974289894104,0.9639017581939697,0.817682683467865
25000,35001,17,9,253,35,1,3449.34912109375,81.14408111572266,30.718385696411133,12.217998504638672,6.527279376983643,4.52681827545166,3.0798871517181396,2.5843141078948975,1.8370198011398315,1.600544810295105,1.2435266971588135,1.154869794845581,1.0680054426193237,1.0092257261276245,0.9193925857543945,0.8617492318153381,0.8303996920585632,2510.638916015625,34.922542572021484,10.168213844299316,3.9865572452545166,2.4228036403656006,1.4763603210449219,1.1655066013336182,1.0084820985794067,0.9336199760437012
30000,40001,17,9,245,39,0,3447.03857421875,82.52722930908203,37.76406478881836,11.524620056152344,6.3517327308654785,4.76885986328125,2.9420347213745117,2.2070252895355225,1.7818199396133423,1.4483991861343384,1.1874977350234985,1.0991097688674927,1.0733108520507812,0.9551085829734802,0.8419803977012634,0.8069441318511963,0.7519049048423767,2510.12158203125,43.53203201293945,9.419448852539062,3.859544038772583,2.265411138534546,1.4579921960830688,1.10994553565979,0.9699269533157349,0.8046973943710327
30000,40001,17,9,245,39,1,3448.069091796875,83.38381958007812,37.896846771240234,12.057901382446289,6.694972991943359,4.793900489807129,2.9417245388031006,2.162529706954956,1.8662084341049194,1.4670250415802002,1.168336033821106,1.0933613777160645,1.0223480463027954,0.9375927448272705,0.9078375101089478,0.8469074964523315,0.7617287039756775,2510.932861328125,44.05313491821289,9.928022384643555,3.839566707611084,2.370544672012329,1.3876965045928955,1.069929599761963,0.9422983527183533,0.779851496219635
35000,45001,17,9,253,44,0,3586.58056640625,97.9253158569336,33.099544525146484,12.482537269592285,6.715057373046875,3.8332297801971436,2.8631489276885986,2.2068192958831787,1.519559621810913,1.2946616411209106,1.1887258291244507,0.8939471244812012,0.8400688171386719,0.7754877209663391,0.6774196028709412,0.6565992832183838,0.6262755393981934,2612.888916015625,44.16061019897461,10.293203353881836,3.6864280700683594,2.123161792755127,1.2375853061676025,0.9668050408363342,0.8033946752548218,0.673315703868866
35000,45001,17,9,253,44,1,3588.671875,98.08200073242188,33.1650276184082,12.643409729003906,7.048287391662598,4.05057954788208,2.92509388923645,2.303833246231079,1.5722830295562744,1.251862645149231,1.1362444162368774,1.0208840370178223,0.8918849229812622,0.827384352684021,0.810723602771759,0.7150049805641174,0.6669142842292786,2614.27880859375,44.59650802612305,10.612141609191895,3.6056182384490967,2.175703525543213,1.2746951580047607,1.0222418308258057,0.8363747000694275,0.77418053150177
40000,50001,17,9,252,49,0,3920.012451171875,113.60037994384766,42.409812927246094,12.43313980102539,7.684965133666992,3.979499101638794,2.8113536834716797,1.7742643356323242,1.511980414390564,1.2069451808929443,1.114544153213501,0.9262839555740356,0.8608943819999695,0.8329210877418518,0.8079296946525574,0.7365092039108276,0.689437747001648,2856.443359375,50.87666702270508,10.648874282836914,3.766005754470825,1.7781555652618408,1.1325734853744507,0.9670948386192322,0.9124141335487366,0.7847362756729126
40000,50001,17,9,252,49,1,3916.70458984375,112.51692962646484,42.794193267822266,12.332536697387695,7.422877311706543,4.068047523498535,2.749116897583008,1.921086311340332,1.6119587421417236,1.3625835180282593,1.2675961256027222,1.0658811330795288,0.9897565245628357,0.9373959898948669,0.8397271633148193,0.7418981194496155,0.7152801156044006,2854.465087890625,50.51968002319336,10.481057167053223,3.735581159591675,1.8611352443695068,1.4229806661605835,0.9588952660560608,0.9371253252029419,0.7667958736419678
45000,55001,17,9,252,54,0,3976.2177734375,119.64369201660156,40.96879196166992,15.796428680419922,8.304113388061523,4.313122749328613,2.5953736305236816,2.112567186355591,1.7181062698364258,1.3344311714172363,1.0939394235610962,0.8674893975257874,0.7877454161643982,0.707257091999054,0.6723896265029907,0.653694212436676,0.5979666709899902,2892.56298828125,48.39247512817383,12.922872543334961,3.9265191555023193,1.9406688213348389,1.2763031721115112,0.9121596813201904,0.7185821533203125,0.6439595222473145
45000,55001,17,9,252,54,1,3977.61279296875,119.29051208496094,41.240379333496094,15.927078247070312,8.416109085083008,4.516633987426758,2.722327947616577,2.237624406814575,1.69227933883667,1.3088362216949463,1.074507474899292,0.8889958262443542,0.8357732892036438,0.766360878944397,0.7004058957099915,0.6183905601501465,0.5068773031234741,2893.404296875,47.82538986206055,12.885624885559082,4.279089450836182,2.02459454536438,1.2498146295547485,0.9032131433486938,0.7300450205802917,0.6333478689193726
50000,60001,17,9,250,60,0,4064.076171875,152.3936767578125,64.76526641845703,18.147689819335938,8.407257080078125,4.105329990386963,3.267714500427246,2.043597459793091,1.6155792474746704,1.361699104309082,1.0798245668411255,0.9299962520599365,0.8747472763061523,0.7409096360206604,0.6820892691612244,0.6191632151603699,0.603541910648346,2963.78173828125,74.63333892822266,17.1439208984375,4.320202350616455,2.0953381061553955,1.2931029796600342,0.8960207104682922,0.8244755268096924,0.6942197680473328
50000,60001,17,9,250,60,1,4061.805908203125,152.95620727539062,64.48062896728516,17.94517707824707,8.344558715820312,4.178841590881348,3.2213847637176514,2.1587533950805664,1.5676112174987793,1.3508394956588745,1.0761456489562988,0.8955473899841309,0.790985107421875,0.7089974284172058,0.6778919100761414,0.6009994745254517,0.5683876276016235,2962.117431640625,74.82390594482422,17.26865005493164,4.167577266693115,2.0753653049468994,1.2972294092178345,0.9608341455459595,0.7167288661003113,0.6968429088592529
55000,65001,17,9,255,64,0,4196.341796875,174.69778442382812,72.55550384521484,21.33009147644043,8.968873023986816,3.9808528423309326,2.930023431777954,1.8696547746658325,1.4872703552246094,1.2488213777542114,1.0445220470428467,0.7589859366416931,0.7428981065750122,0.7038868069648743,0.6564392447471619,0.6344545483589172,0.5690030455589294,3054.107421875,83.69685363769531,18.954164505004883,4.258902549743652,1.9381763935089111,1.2092441320419312,0.796022891998291,0.6996940970420837,0.6443263292312622
55000,65001,17,9,255,64,1,4194.79052734375,174.99205017089844,72.97229766845703,21.553312301635742,9.241943359375,4.276645183563232,2.940535545349121,1.9788914918899536,1.5695720911026,1.3211168050765991,1.000969409942627,0.8663818836212158,0.7631335854530334,0.6773775219917297,0.6341208219528198,0.5875876545906067,0.537863552570343,3052.622802734375,84.13909149169922,19.36741065979004,4.411262035369873,1.8052000999450684,1.3264529705047607,0.8289089798927307,0.683282196521759,0.5628578662872314
60000,70001,17,9,253,69,0,4301.34619140625,200.49639892578125,75.15316772460938,22.730012893676758,9.664613723754883,5.340875148773193,3.172715187072754,2.1047441959381104,1.7434121370315552,1.270940899848938,1.0463448762893677,0.9990065097808838,0.9135727882385254,0.8271514773368835,0.7574877738952637,0.7061915397644043,0.601579487323761,3113.759765625,91.57489013671875,21.524709701538086,5.097101211547852,1.9276844263076782,1.2578080892562866,1.0113370418548584,0.8087170720100403,0.6812607645988464
60000,70001,17,9,253,69,1,4302.4111328125,200.03927612304688,74.84432220458984,22.639188766479492,9.530069351196289,5.214800834655762,3.003847599029541,2.1051816940307617,1.5651631355285645,1.254104495048523,1.000389814376831,0.8938784599304199,0.8319849967956543,0.7593141198158264,0.7124158143997192,0.7103124260902405,0.6299145817756653,3114.09619140625,91.2179183959961,21.376300811767578,4.9071431159973145,1.7981077432632446,1.2527457475662231,0.8660928606987,0.7697145342826843,0.6871545314788818
65000,75001,17,9,252,72,0,4467.7314453125,190.79595947265625,82.85497283935547,23.41682243347168,10.39262866973877,4.99691915512085,2.8976011276245117,1.8725935220718384,1.3776012659072876,1.2502412796020508,1.0553447008132935,0.9456408619880676,0.8817674517631531,0.7988142371177673,0.728602409362793,0.701201319694519,0.6439233422279358,3244.342041015625,90.77874755859375,20.397857666015625,5.052509307861328,1.8478190898895264,1.0865932703018188,0.9621556401252747,0.8683258891105652,0.7222267985343933
65000,75001,17,9,252,72,1,4469.9970703125,191.0423126220703,83.10116577148438,23.169992446899414,10.36613655090332,5.254065036773682,3.0512497425079346,1.9360185861587524,1.5266393423080444,1.3234515190124512,1.1349800825119019,0.9541494846343994,0.9150918126106262,0.8648459315299988,0.815423309803009,0.7554898262023926,0.7454217076301575,3245.766845703125,90.85431671142578,20.3778133392334,5.1405158042907715,1.9690008163452148,1.2417957782745361,0.9972079396247864,0.8857918977737427,0.7886810302734375
70000,80001,17,9,251,74,0,4551.83740234375,186.13308715820312,73.82664489746094,26.783077239990234,10.50252914428711,4.93241548538208,3.1091930866241455,1.891372799873352,1.5667839050292969,1.1155644655227661,0.9968783259391785,0.8171315789222717,0.7385837435722351,0.677182137966156,0.605745792388916,0.5853660106658936,0.5171411037445068,3306.017578125,83.61006927490234,23.115400314331055,5.024950981140137,2.0111517906188965,1.1174135208129883,0.7939813137054443,0.6721597909927368,0.5813338756561279
70000,80001,17,9,251,74,1,4550.9853515625,186.21327209472656,73.95439910888672,26.708358764648438,10.470425605773926,4.848139762878418,3.067789077758789,1.8649604320526123,1.5585240125656128,1.168770670890808,0.9638473987579346,0.7329457998275757,0.7279662489891052,0.7023091316223145,0.6578882336616516,0.56908118724823,0.5120956301689148,3305.1162109375,83.85641479492188,22.961151123046875,5.061284065246582,2.0559635162353516,1.0898579359054565,0.7370074987411499,0.6907088756561279,0.5762378573417664
75000,85001,17,9,251,79,0,4834.02001953125,209.55252075195312,86.63660430908203,30.62350845336914,12.47439193725586,5.393950939178467,3.4424121379852295,2.144896984100342,1.5388665199279785,1.2168561220169067,1.0038961172103882,0.8423687219619751,0.7988897562026978,0.7250558137893677,0.6434407234191895,0.5685967803001404,0.5613800883293152,3523.92333984375,96.02449798583984,23.96540641784668,5.691227436065674,2.4640321731567383,1.2920598983764648,0.8850901126861572,0.7024165987968445,0.5908682346343994
75000,85001,17,9,251,79,1,4833.72216796875,210.25457763671875,86.7537612915039,30.87688446044922,12.414626121520996,5.3930864334106445,3.3597469329833984,2.1279001235961914,1.4904648065567017,1.1872572898864746,1.0038225650787354,0.8894535899162292,0.7437512278556824,0.6745995879173279,0.633993923664093,0.5678362846374512,0.5369810461997986,3523.789306640625,95.9791030883789,24.342851638793945,5.5181074142456055,2.3051393032073975,1.2056034803390503,0.8797967433929443,0.6748937368392944,0.5663357377052307
80000,90001,17,9,252,86,0,4893.93310546875,204.67208862304688,83.22533416748047,30.862354278564453,12.74719524383545,6.516774654388428,3.0885419845581055,1.9745854139328003,1.5816807746887207,1.3697898387908936,1.208809733390808,0.8906764388084412,0.8501977920532227,0.7789581418037415,0.7517516016960144,0.701833188533783,0.6110405921936035,3574.41845703125,85.9941635131836,24.17572784423828,5.426931858062744,2.2159438133239746,1.4258778095245361,0.9514124989509583,0.8071973323822021,0.7422875165939331
80000,90001,17,9,252,86,1,4895.87451171875,204.29396057128906,83.0871810913086,30.864402770996094,12.694135665893555,6.421398162841797,2.996201276779175,2.046806812286377,1.5022207498550415,1.2812811136245728,1.2023195028305054,0.8506254553794861,0.7976028919219971,0.7355456352233887,0.7219747304916382,0.6607733964920044,0.5759978294372559,3575.820068359375,85.83119201660156,24.243213653564453,5.510614395141602,2.1199047565460205,1.2541170120239258,0.8751242160797119,0.8307094573974609,0.7004721760749817
85000,95001,17,9,251,89,0,4918.5673828125,171.8096160888672,90.59139251708984,26.48171615600586,11.52951431274414,5.493171215057373,3.1147615909576416,1.9617202281951904,1.4848177433013916,1.1141868829727173,0.9385896325111389,0.8482961654663086,0.772968053817749,0.7454490661621094,0.6913794279098511,0.6315125226974487,0.6121087670326233,3574.974365234375,95.51504516601562,21.999902725219727,5.000312328338623,1.859864354133606,1.095759630203247,0.8647336959838867,0.7022973895072937,0.6938908696174622
85000,95001,17,9,251,89,1,4917.71533203125,172.3263397216797,90.96517181396484,26.583786010742188,11.60985279083252,5.46722412109375,3.1965696811676025,1.9257917404174805,1.5278191566467285,1.1831631660461426,0.9322831034660339,0.8628795146942139,0.7963792085647583,0.7156358361244202,0.6941134333610535,0.6755425930023193,0.6085768938064575,3574.384521484375,95.87200164794922,22.021591186523438,5.063235282897949,1.9009413719177246,1.1307823657989502,0.9023930430412292,0.7257288098335266,0.716269850730896
90000,100001,17,9,249,91,0,5010.9423828125,180.9492950439453,79.58663177490234,27.258350372314453,11.737081527709961,5.061797142028809,3.4224092960357666,1.9805371761322021,1.5385258197784424,1.0664482116699219,0.9107409119606018,0.8600862622261047,0.7125565409660339,0.6396410465240479,0.5885478854179382,0.5636899471282959,0.4859345555305481,3648.296630859375,86.32820129394531,23.76343536376953,4.8205976486206055,2.251204013824463,1.0793079137802124,0.842508852481842,0.6921341419219971,0.53953617811203
90000,100001,17,9,249,91,1,5015.0390625,182.2916717529297,79.94417572021484,27.63941192626953,11.985763549804688,5.193600654602051,3.4660942554473877,1.9729392528533936,1.664258599281311,1.18868887424469,0.9872019290924072,0.8080065250396729,0.7337557077407837,0.7127211689949036,0.5972000956535339,0.5821219682693481,0.5651819705963135,3651.435302734375,86.89505004882812,24.144973754882812,4.941524505615234,2.2159266471862793,1.1226119995117188,0.7915393114089966,0.7192691564559937,0.5886852741241455
95000,105001,17,9,249,96,0,5088.95751953125,192.4447784423828,69.32210540771484,27.273027420043945,11.30502700805664,5.376861095428467,3.4072439670562744,2.2591025829315186,1.5395413637161255,1.1543859243392944,0.9902803301811218,0.8404901623725891,0.7279844284057617,0.629318118095398,0.6004415154457092,0.5467700362205505,0.49735066294670105,3711.682861328125,76.9935531616211,23.754919052124023,5.211661338806152,2.209496259689331,1.1789684295654297,0.8731300234794617,0.6194528341293335,0.5673507452011108
95000,105001,17,9,249,96,1,5090.1689453125,192.37542724609375,69.19747161865234,27.60582160949707,11.475702285766602,5.33797550201416,3.4097447395324707,2.2202963829040527,1.554638147354126,1.1729111671447754,1.0877290964126587,0.8397848606109619,0.7497574687004089,0.6863102316856384,0.5877112150192261,0.5496824979782104,0.4749186336994171,3712.418701171875,76.69678497314453,23.99005889892578,5.214457988739014,2.2133378982543945,1.1709015369415283,0.7981731295585632,0.6137195229530334,0.5724771022796631
100000,110001,17,9,254,102,0,5261.111328125,203.00807189941406,84.38277435302734,26.48600196838379,10.401969909667969,5.091151714324951,3.332463264465332,1.9558591842651367,1.493300199508667,1.0621442794799805,1.0019034147262573,0.9453261494636536,0.8332582116127014,0.8129478693008423,0.7691212296485901,0.7177499532699585,0.6721653938293457,3831.408203125,95.12916564941406,24.082015991210938,4.592285633087158,2.2577998638153076,1.2368980646133423,0.9396073222160339,0.7990607619285583,0.7430374026298523
100000,110001,17,9,254,102,1,5257.09228515625,203.03945922851562,84.43780517578125,26.504308700561523,10.372111320495605,5.13102388381958,3.392200231552124,1.9109877347946167,1.5021638870239258,1.1206989288330078,0.9391710758209229,0.8514047265052795,0.787740170955658,0.7500268220901489,0.7110350131988525,0.6884588599205017,0.6503159403800964,3828.512939453125,95.39276123046875,23.96979522705078,4.6746826171875,2.1574695110321045,1.236271858215332,0.8724853992462158,0.7536139488220215,0.7237575054168701
105000,115001,17,9,252,109,0,5239.4658203125,181.4797821044922,84.99675750732422,23.073366165161133,11.230026245117188,5.212693691253662,3.0156571865081787,1.960365653038025,1.3749840259552002,1.2016643285751343,0.9357321262359619,0.7520371675491333,0.7037591934204102,0.6299678683280945,0.5561715960502625,0.4868852496147156,0.411577969789505,3819.04052734375,90.535400390625,21.996868133544922,4.606179714202881,2.179399013519287,1.1857589483261108,0.7938877940177917,0.6616577506065369,0.4548830986022949
105000,115001,17,9,252,109,1,5243.53466796875,181.90928649902344,84.75701904296875,23.25954818725586,11.422993659973145,5.025187969207764,2.9620566368103027,1.9090999364852905,1.3581918478012085,1.1010100841522217,0.8244343400001526,0.7118951082229614,0.624315619468689,0.5996289849281311,0.554395318031311,0.49715274572372437,0.41854408383369446,3821.828125,90.9919662475586,22.052200317382812,4.5133514404296875,1.99183189868927,1.07535982131958,0.7359522581100464,0.6271244883537292,0.5092900991439819
110000,120001,17,9,250,107,0,5293.0,170.2700653076172,81.46144104003906,24.309633255004883,11.625248908996582,5.039138317108154,3.051806688308716,1.9441277980804443,1.459862232208252,1.1163572072982788,0.9637460708618164,0.9224452376365662,0.8541132807731628,0.7775132656097412,0.7460277080535889,0.7246367335319519,0.6749424934387207,3845.95849609375,89.874267578125,20.989845275878906,5.0837883949279785,2.1279048919677734,1.0890432596206665,0.8824232816696167,0.7789936065673828,0.7661345601081848
110000,120001,17,9,250,107,1,5296.66357421875,170.87551879882812,81.34521484375,24.56165313720703,11.82117748260498,5.006478786468506,3.1092517375946045,1.9549353122711182,1.486013650894165,1.1288158893585205,1.0606318712234497,0.9082944393157959,0.8067838549613953,0.7444333434104919,0.6912304162979126,0.6466776132583618,0.607247531414032,3848.809326171875,89.84575653076172,21.10564613342285,4.996025562286377,2.097198963165283,1.0947866439819336,0.9178588390350342,0.755807101726532,0.6515467166900635
115000,125001,17,9,253,105,0,5558.93017578125,199.05604553222656,93.40974426269531,27.719148635864258,12.99697208404541,5.387781143188477,3.2902119159698486,2.1713168621063232,1.5249764919281006,1.1882264614105225,1.1583853960037231,0.8573540449142456,0.7471085786819458,0.6694318652153015,0.5993648171424866,0.5791295170783997,0.527350664138794,4054.969970703125,99.0643539428711,24.152746200561523,5.564422607421875,2.228302001953125,1.2477434873580933,0.8369396328926086,0.7288410663604736,0.593621551990509
115000,125001,17,9,253,105,1,5559.38818359375,198.93365478515625,93.23149871826172,27.763622283935547,12.962445259094238,5.543080806732178,3.2696115970611572,2.121178150177002,1.6077661514282227,1.120093584060669,1.078188180923462,0.9134162068367004,0.7566866874694824,0.6403102874755859,0.6382659673690796,0.5996072292327881,0.5383119583129883,4055.22900390625,98.8694076538086,24.165498733520508,5.627318382263184,2.238687515258789,1.2878845930099487,0.9346831440925598,0.7582677602767944,0.6118873357772827
120000,130001,17,9,251,117,0,5483.83935546875,179.4988250732422,80.19415283203125,25.50247573852539,12.881998062133789,5.210885047912598,2.8447861671447754,1.986341118812561,1.4352184534072876,1.2046058177947998,0.9710969924926758,0.8283032774925232,0.6916364431381226,0.664795994758606,0.6317572593688965,0.5296516418457031,0.47983604669570923,3992.88232421875,86.78359985351562,20.796283721923828,4.930298328399658,2.06160569190979,1.2178224325180054,0.8480424284934998,0.6927974224090576,0.49790120124816895
120000,130001,17,9,251,117,1,5475.59326171875,180.32008361816406,80.14431762695312,25.254711151123047,12.598137855529785,5.098759651184082,2.9201390743255615,1.9306259155273438,1.4824916124343872,1.3117427825927734,0.9522562026977539,0.8534244894981384,0.7009379863739014,0.6782960295677185,0.6080124378204346,0.5623738765716553,0.5545713901519775,3986.780029296875,87.04719543457031,20.59056282043457,4.864847183227539,2.0253398418426514,1.2366851568222046,0.8026233911514282,0.6686479449272156,0.5782228708267212
125000,135001,17,9,254,116,0,5811.57177734375,153.5133819580078,81.98223876953125,27.184133529663086,12.274367332458496,4.965693473815918,2.9067368507385254,1.970249056816101,1.5075401067733765,1.0430899858474731,0.8717736601829529,0.8441994190216064,0.7317914962768555,0.642728328704834,0.6326447129249573,0.5890865325927734,0.5514106154441833,4238.6875,77.2974853515625,22.45557403564453,4.938003063201904,1.9771754741668701,1.0530022382736206,0.8114249110221863,0.6380324363708496,0.6078817844390869
125000,135001,17,9,254,116,1,5813.20751953125,152.95497131347656,81.92005157470703,26.9534969329834,12.305832862854004,4.917928695678711,2.872072696685791,1.9133139848709106,1.4291718006134033,1.0875178575515747,0.8740972280502319,0.7623223066329956,0.7028361558914185,0.6931438446044922,0.6409080624580383,0.5741302967071533,0.5078964233398438,4239.83056640625,77.07527160644531,22.245319366455078,4.999176025390625,1.9887126684188843,1.0987192392349243,0.8217995166778564,0.6945401430130005,0.6131215691566467
130000,140001,17,9,247,115,0,5753.77001953125,209.87994384765625,74.96006774902344,27.00659942626953,12.274151802062988,4.952737331390381,3.088207483291626,1.7940982580184937,1.4291298389434814,1.044339895248413,0.8752362728118896,0.7794189453125,0.7008874416351318,0.6349136233329773,0.6073317527770996,0.5980855822563171,0.5665386319160461,4181.2861328125,99.96636962890625,22.95581817626953,5.463879108428955,1.8480304479599,1.0637356042861938,0.7592751383781433,0.7132648825645447,0.5982747077941895
130000,140001,17,9,247,115,1,5753.91357421875,210.62149047851562,75.01325988769531,27.319334030151367,12.1619873046875,4.962488651275635,2.8725526332855225,1.860859990119934,1.2871067523956299,1.058936595916748,0.9154837727546692,0.8073468804359436,0.6835150122642517,0.6263988614082336,0.5908313393592834,0.5265273451805115,0.49815285205841064,4181.26708984375,99.83264923095703,22.930397033691406,5.534622669219971,1.8293479681015015,1.059427261352539,0.7583298087120056,0.6602161526679993,0.5567557215690613
135000,145001,17,9,251,115,0,5892.029296875,161.57875061035156,74.50447845458984,26.347803115844727,11.620796203613281,4.691727161407471,3.027858257293701,1.8981993198394775,1.5371819734573364,1.1595933437347412,0.9098905324935913,0.8295775651931763,0.7864807844161987,0.7064026594161987,0.6550304889678955,0.6174896955490112,0.5846062302589417,4277.078125,77.61541748046875,20.607830047607422,5.589812278747559,1.8299750089645386,1.1694130897521973,0.8145151734352112,0.737229585647583,0.7020095586776733
135000,145001,17,9,251,115,1,5887.71337890625,163.06277465820312,75.16411590576172,26.591447830200195,11.674269676208496,4.868799209594727,3.0710511207580566,1.7655738592147827,1.4054152965545654,1.1181412935256958,0.8934332728385925,0.7856189608573914,0.738418459892273,0.6622030735015869,0.6197201609611511,0.6088436841964722,0.5872556567192078,4273.8515625,78.44499206542969,20.78818130493164,5.50167989730835,1.958559274673462,1.1783852577209473,0.8018583655357361,0.7127480506896973,0.6477167010307312
140000,150001,17,9,252,126,0,6068.26171875,205.4945831298828,98.38704681396484,30.53102684020996,12.257837295532227,5.3974480628967285,3.2086994647979736,2.078836441040039,1.692705512046814,1.3605422973632812,1.1105282306671143,0.9491907954216003,0.876188337802887,0.8281793594360352,0.7579233646392822,0.7186861634254456,0.6369626522064209,4397.28857421875,102.67281341552734,27.79229736328125,5.591794967651367,2.2084615230560303,1.3868346214294434,0.984493613243103,0.8396390676498413,0.7501085996627808
140000,150001,17,9,252,126,1,6066.7451171875,205.5740966796875,97.77500915527344,30.798288345336914,12.360031127929688,5.450904369354248,3.0996575355529785,1.935782551765442,1.7285875082015991,1.2675966024398804,1.1408464908599854,0.9769496917724609,0.9491797089576721,0.8253830075263977,0.8144416213035583,0.7419024705886841,0.6144282817840576,4396.0556640625,102.39869689941406,27.746992111206055,5.579860210418701,2.1124768257141113,1.3951482772827148,0.9995214939117432,0.8848058581352234,0.7641270756721497
145000,155001,17,9,253,126,0,6128.55908203125,201.4160919189453,78.22760009765625,30.552839279174805,12.038765907287598,6.175465106964111,3.3300676345825195,2.2052083015441895,1.5269134044647217,1.2808598279953003,1.0700584650039673,0.9060389399528503,0.8851132392883301,0.796831488609314,0.7519550919532776,0.6862945556640625,0.6468809843063354,4459.0478515625,87.54794311523438,24.278614044189453,5.803095817565918,2.1483101844787598,1.1773792505264282,0.9420185089111328,0.8231330513954163,0.7220923900604248
145000,155001,17,9,253,126,1,6125.85205078125,200.76458740234375,78.07748413085938,30.54384422302246,11.977846145629883,5.931987762451172,3.0718398094177246,2.0092549324035645,1.5670405626296997,1.284865140914917,1.1365751028060913,0.9484653472900391,0.8787093162536621,0.7696714997291565,0.7317118644714355,0.6985236406326294,0.6703130006790161,4457.14306640625,87.34412384033203,23.939533233642578,5.579896450042725,1.9787343740463257,1.2755236625671387,0.9895608425140381,0.8418691754341125,0.7278861403465271
150000,160001,17,9,254,127,0,6300.1279296875,226.44891357421875,90.19050598144531,29.22934913635254,12.805974960327148,5.619452953338623,3.0507805347442627,2.136587381362915,1.3916120529174805,1.184486985206604,0.8846668004989624,0.8199477791786194,0.7122498750686646,0.6811501979827881,0.6160119771957397,0.5906646251678467,0.5851470232009888,4584.50439453125,102.01017761230469,25.204561233520508,5.561372756958008,2.1331114768981934,1.0450810194015503,0.8043558597564697,0.6978588104248047,0.6093947291374207
150000,160001,17,9,254,127,1,6301.20166015625,227.80630493164062,90.32804870605469,29.702110290527344,12.847148895263672,5.897143840789795,3.1891486644744873,2.0176661014556885,1.3555934429168701,1.1824618577957153,0.9162989258766174,0.7600694298744202,0.6713053584098816,0.6287267208099365,0.6031445860862732,0.5709617733955383,0.5423316359519958,4585.14599609375,102.71585083007812,25.347862243652344,5.66233491897583,2.094099760055542,1.0873719453811646,0.8076831698417664,0.6414900422096252,0.5506696701049805
155000,165001,17,9,251,123,0,6454.40673828125,178.2274169921875,99.37657928466797,28.369110107421875,12.577210426330566,5.67966365814209,3.321045160293579,2.0113160610198975,1.5500279664993286,1.2710843086242676,1.0913947820663452,0.8365060091018677,0.7566418051719666,0.6660122275352478,0.6167181730270386,0.4960388243198395,0.4696040749549866,4702.8017578125,97.61917114257812,25.20298194885254,5.835888862609863,2.324686288833618,1.1908437013626099,0.9255858659744263,0.6486146450042725,0.5273277759552002
155000,165001,17,9,251,123,1,6452.44384765625,177.64089965820312,99.5638427734375,28.157691955566406,12.562049865722656,5.7205939292907715,3.2954139709472656,2.0021121501922607,1.5986227989196777,1.2089864015579224,0.9819936752319336,0.8173153400421143,0.7351551651954651,0.6567116379737854,0.6103231906890869,0.5383445024490356,0.5214155912399292,4701.2685546875,97.6124267578125,24.980052947998047,5.946306228637695,2.2013587951660156,1.1549490690231323,0.8931713104248047,0.6699467897415161,0.5773661136627197
160000,170001,17,9,250,127,0,6500.6669921875,196.89364624023438,90.75798034667969,28.317293167114258,12.965400695800781,5.423401355743408,3.433856964111328,1.8339465856552124,1.6383153200149536,1.2548319101333618,1.04764986038208,0.8587344288825989,0.7188403606414795,0.6503102779388428,0.5877325534820557,0.5555641055107117,0.48802098631858826,4721.9521484375,89.4770278930664,24.817258834838867,5.696438312530518,2.068563222885132,1.1416172981262207,0.8809075355529785,0.6172994375228882,0.5763373970985413
160000,170001,17,9,250,127,1,6503.2607421875,197.01023864746094,91.21372985839844,28.62784767150879,13.165180206298828,5.417325019836426,3.2781014442443848,1.8252607583999634,1.6915560960769653,1.2244257926940918,0.9660994410514832,0.8302769660949707,0.6939865350723267,0.633653461933136,0.5915725827217102,0.5504612922668457,0.5396632552146912,4723.83447265625,89.8842544555664,25.180500030517578,5.852527618408203,2.214421033859253,1.1047114133834839,0.8473570346832275,0.5945305824279785,0.5547206401824951
165000,175001,17,9,253,133,0,6628.11328125,184.39794921875,93.48516082763672,32.78145980834961,12.540470123291016,5.872193336486816,3.2890262603759766,2.214409589767456,1.5709030628204346,1.228566288948059,1.057374119758606,0.9296025633811951,0.7808337211608887,0.7023991346359253,0.6352385878562927,0.5842859745025635,0.5507674813270569,4821.15673828125,90.27367401123047,26.3930721282959,5.44257926940918,2.2190566062927246,1.2788186073303223,0.9109551310539246,0.6350876092910767,0.58042311668396
165000,175001,17,9,253,133,1,6623.74267578125,185.18820190429688,93.7051010131836,32.74141311645508,12.476675033569336,5.784102916717529,3.2988486289978027,2.1372010707855225,1.575554370880127,1.1292269229888916,1.075684666633606,0.7890329360961914,0.7449735403060913,0.7012755870819092,0.605919361114502,0.5479256510734558,0.5239816308021545,4817.78515625,90.59745788574219,26.187381744384766,5.4528608322143555,2.1706597805023193,1.2128952741622925,0.8503891825675964,0.649690568447113,0.5809259414672852
170000,180001,17,9,250,137,0,6739.60205078125,197.41236877441406,88.16533660888672,26.680355072021484,12.217031478881836,5.139787673950195,3.3509087562561035,2.124305009841919,1.7236061096191406,1.3224931955337524,1.006537675857544,0.969966471195221,0.8535662293434143,0.6869030594825745,0.6384567618370056,0.616061270236969,0.586590051651001,4912.7607421875,94.9322509765625,23.206281661987305,4.9811224937438965,2.325011730194092,1.22979736328125,0.8927081227302551,0.694218099117279,0.6154870390892029
170000,180001,17,9,250,137,1,6742.2255859375,196.98223876953125,88.46676635742188,26.86137580871582,12.329876899719238,5.286222457885742,3.4321234226226807,2.052668333053589,1.6930582523345947,1.1121882200241089,0.9795758128166199,0.8470187783241272,0.8313076496124268,0.7091735005378723,0.6824968457221985,0.649611234664917,0.5944618582725525,4914.33837890625,94.92794799804688,23.225767135620117,5.121707916259766,2.269855499267578,1.1517843008041382,0.8662261366844177,0.6922608017921448,0.668196439743042
175000,185001,17,9,250,134,0,7046.51025390625,177.85728454589844,81.96713256835938,26.951778411865234,12.16943645477295,5.782724380493164,2.9917314052581787,1.9721461534500122,1.7229894399642944,1.3014432191848755,1.1560823917388916,0.9909939765930176,0.9638769030570984,0.8137001395225525,0.7571384906768799,0.7077305912971497,0.6802573800086975,5128.96240234375,85.5618896484375,22.450714111328125,5.114894390106201,2.129899024963379,1.4593011140823364,0.9718900322914124,0.8527672290802002,0.7086165547370911
175000,185001,17,9,250,134,1,7048.1142578125,178.09188842773438,82.03997802734375,26.68146514892578,12.019424438476562,5.634954452514648,2.939934730529785,1.9576008319854736,1.5987780094146729,1.3044490814208984,1.0718982219696045,0.986138105392456,0.8866389989852905,0.8046354055404663,0.7502130270004272,0.6868786811828613,0.6615850329399109,5130.1162109375,85.36576080322266,22.30246353149414,4.919129848480225,2.0295703411102295,1.3956427574157715,0.9924891591072083,0.867475152015686,0.6886104345321655
180000,190001,17,9,255,146,0,7174.060546875,204.1727752685547,93.62319946289062,28.579360961914062,12.32973575592041,5.651525497436523,3.1675257682800293,2.0550320148468018,1.4484949111938477,1.2143137454986572,1.0109000205993652,0.9025458097457886,0.8266006708145142,0.7026849389076233,0.6938609480857849,0.6765409708023071,0.594978928565979,5215.43115234375,101.75287628173828,23.297969818115234,5.170581817626953,2.0536065101623535,1.1005043983459473,0.8906212449073792,0.733085036277771,0.6250195503234863
180000,190001,17,9,255,146,1,7177.09912109375,205.33863830566406,94.72643280029297,29.12468147277832,12.666181564331055,6.128254413604736,3.2773590087890625,2.234341621398926,1.4346990585327148,1.2703267335891724,0.9666798710823059,0.8935893177986145,0.8280541896820068,0.6848069429397583,0.6672691702842712,0.5975786447525024,0.5674964189529419,5217.83251953125,102.70732879638672,23.836223602294922,5.403703212738037,2.0970089435577393,1.1162694692611694,0.9357035756111145,0.7123862504959106,0.6199989914894104
185000,195001,17,9,252,140,0,7062.88427734375,212.7010040283203,95.61454010009766,28.306081771850586,12.398542404174805,5.234691619873047,3.3159453868865967,2.109715700149536,1.6414358615875244,1.168837308883667,1.0214046239852905,0.8631237149238586,0.797403872013092,0.7556099891662598,0.69996178150177,0.6653993725776672,0.5821868777275085,5143.51171875,98.28520965576172,25.344175338745117,5.639540672302246,1.9419729709625244,1.176859974861145,0.8524158000946045,0.7329396605491638,0.7055280208587646
185000,195001,17,9,252,140,1,7061.408203125,212.4895477294922,95.01634979248047,27.842313766479492,12.531776428222656,5.553633689880371,3.175929069519043,2.279916524887085,1.5631736516952515,1.2153594493865967,1.0741816759109497,0.8035076856613159,0.7643037438392639,0.711105465888977,0.678965151309967,0.5804827809333801,0.5596088767051697,5142.3232421875,97.95941925048828,25.4136905670166,5.735585689544678,2.187269926071167,1.2374578714370728,0.8103107213973999,0.7614060640335083,0.655887246131897
190000,200001,17,9,254,155,0,7294.267578125,177.81289672851562,88.5256118774414,28.933732986450195,12.690193176269531,6.189651012420654,3.1411056518554688,2.352658987045288,1.7300676107406616,1.5913596153259277,1.3205424547195435,1.2633168697357178,1.0921680927276611,1.053764820098877,1.0089426040649414,0.9493054747581482,0.8909934163093567,5312.68115234375,80.72163391113281,23.753236770629883,5.607447624206543,2.218825340270996,1.4915904998779297,1.2945667505264282,1.0277397632598877,0.9336362481117249
190000,200001,17,9,254,155,1,7284.58251953125,178.27725219726562,88.13158416748047,29.156003952026367,12.5955810546875,6.225454807281494,3.0953474044799805,2.3485348224639893,1.698419451713562,1.4971920251846313,1.3202605247497559,1.2210718393325806,1.1346443891525269,1.0389686822891235,1.0050336122512817,0.9209325313568115,0.8325777649879456,5305.84814453125,80.53571319580078,23.78407096862793,5.599090099334717,2.2086644172668457,1.4750083684921265,1.22580885887146,1.0267431735992432,0.8950232863426208
195000,205001,17,9,251,144,0,7492.3369140625,191.85987854003906,87.63858032226562,28.884384155273438,13.474771499633789,5.678755760192871,3.3689041137695312,2.4045262336730957,1.7224875688552856,1.293484091758728,1.0885616540908813,1.0222965478897095,0.9297363758087158,0.8187015056610107,0.7545439600944519,0.6891698241233826,0.6099923849105835,5444.60498046875,95.46942138671875,25.3001766204834,6.095916271209717,2.355468988418579,1.330268383026123,0.9534024596214294,0.8303879499435425,0.6482421159744263
195000,205001,17,9,251,144,1,7494.60986328125,191.0491485595703,87.56766510009766,28.84665870666504,13.469795227050781,5.6844048500061035,3.2834324836730957,2.1259450912475586,1.609021782875061,1.2436238527297974,1.1437273025512695,0.9760260581970215,0.8734381794929504,0.8047727346420288,0.7209106683731079,0.6778278946876526,0.592313826084137,5446.25830078125,95.26756286621094,25.227190017700195,6.012552261352539,2.257861852645874,1.3335944414138794,0.8815973997116089,0.8057528734207153,0.6644740700721741
200000,210001,17,9,255,152,0,7554.13525390625,208.20274353027344,99.48291778564453,30.27254867553711,14.425519943237305,7.347675800323486,4.253434658050537,3.2758355140686035,2.95522403717041,2.5469672679901123,2.4249866008758545,2.2243237495422363,2.1510674953460693,1.9863990545272827,1.8621882200241089,1.8322821855545044,1.7078858613967896,5480.158203125,102.05040740966797,27.545635223388672,7.205779552459717,3.172741651535034,2.503493070602417,2.1746251583099365,1.9421489238739014,1.86716628074646
200000,210001,17,9,255,152,1,7554.6875,208.30728149414062,99.47125244140625,30.679052352905273,14.278118133544922,7.2614569664001465,4.384979248046875,3.176623821258545,3.003594398498535,2.652975559234619,2.4702045917510986,2.205139398574829,2.1513164043426514,1.9381214380264282,1.8211148977279663,1.791511058807373,1.7001898288726807,5480.53564453125,102.33525085449219,27.65022850036621,7.172189712524414,3.3010218143463135,2.7227325439453125,2.2024168968200684,1.9683446884155273,1.8530569076538086
205000,215001,17,9,252,150,0,7525.03076171875,188.78683471679688,85.27908325195312,27.59654998779297,13.031522750854492,6.195577144622803,3.633908271789551,2.357682943344116,1.951935887336731,1.473188877105713,1.389198899269104,1.2869720458984375,1.238507628440857,1.1737314462661743,1.1084396839141846,1.0777934789657593,0.9533937573432922,5463.99365234375,95.86480712890625,24.775636672973633,5.535544395446777,2.2784690856933594,1.5228914022445679,1.2928963899612427,1.1979248523712158,1.1494783163070679
205000,215001,17,9,252,150,1,7522.8017578125,188.65174865722656,84.4854507446289,27.409578323364258,13.275843620300293,6.263299942016602,3.526588201522827,2.368025541305542,2.0011372566223145,1.5060116052627563,1.408079743385315,1.2899324893951416,1.2462599277496338,1.1134252548217773,1.076517939567566,1.0300531387329102,0.9369634985923767,5462.49365234375,95.23729705810547,24.694232940673828,5.490416526794434,2.32590651512146,1.527178168296814,1.3182964324951172,1.227219820022583,1.1018199920654297
210000,220001,17,9,253,152,0,7723.71337890625,185.6284942626953,96.81050109863281,32.2127799987793,13.409736633300781,6.232101917266846,3.7655768394470215,2.172562837600708,1.6576030254364014,1.3333511352539062,1.1293522119522095,0.9632617831230164,0.7560515999794006,0.7157238721847534,0.6863613128662109,0.6528218388557434,0.5481669902801514,5617.87548828125,97.59716796875,28.23245620727539,5.970322608947754,2.383040189743042,1.3327703475952148,0.880145251750946,0.7528277039527893,0.6808217167854309
210000,220001,17,9,253,152,1,7723.70703125,185.43228149414062,96.8387451171875,32.13108444213867,13.417289733886719,6.2404985427856445,3.9882800579071045,2.245539665222168,1.6111490726470947,1.4301421642303467,1.2512283325195312,0.9571594595909119,0.8099591732025146,0.7342627644538879,0.628781795501709,0.570628821849823,0.5572136640548706,5617.7763671875,97.60416412353516,28.258058547973633,5.947266578674316,2.4061076641082764,1.5150861740112305,0.9383496642112732,0.6631584763526917,0.5922231674194336
215000,225001,17,9,250,151,0,7818.58837890625,203.7357940673828,94.30371856689453,31.094697952270508,14.43359088897705,6.324312686920166,3.5792737007141113,2.8491902351379395,2.289714813232422,1.981068730354309,1.821931004524231,1.7145839929580688,1.6364755630493164,1.539957046508789,1.4422717094421387,1.3965944051742554,1.254992127418518,5691.533203125,98.25395202636719,27.612092971801758,6.0236968994140625,2.693028211593628,1.848434567451477,1.6426303386688232,1.6149351596832275,1.4605317115783691
215000,225001,17,9,250,151,1,7816.29052734375,203.60366821289062,94.52764129638672,31.230382919311523,14.308950424194336,6.181718826293945,3.6760404109954834,2.8859970569610596,2.1601171493530273,1.9068557024002075,1.8260992765426636,1.6205030679702759,1.5209145545959473,1.3942468166351318,1.3610445261001587,1.2682685852050781,1.180876612663269,5689.69140625,98.30078125,27.291812896728516,5.881329536437988,2.7401108741760254,1.8687818050384521,1.5696229934692383,1.4947243928909302,1.376244306564331
220000,230001,17,9,251,147,0,7883.22216796875,216.13633728027344,88.48282623291016,29.438644409179688,13.790353775024414,5.503211975097656,3.468644380569458,2.2937002182006836,1.9156898260116577,1.606005311012268,1.311103105545044,1.2927385568618774,1.175184965133667,1.0707520246505737,0.9946421384811401,0.9758427739143372,0.9314718246459961,5732.09765625,99.56543731689453,25.173940658569336,5.788536071777344,2.2555246353149414,1.6225035190582275,1.2279647588729858,1.0018951892852783,0.9519462585449219
220000,230001,17,9,251,147,1,7886.12548828125,216.87745666503906,88.62844848632812,29.040691375732422,13.965340614318848,5.48430061340332,3.4801833629608154,2.2902963161468506,1.8698371648788452,1.3960036039352417,1.1916018724441528,1.0801527500152588,1.0484174489974976,0.9807644486427307,0.8896628022193909,0.8192929625511169,0.7563470602035522,5733.99267578125,100.21218872070312,25.073280334472656,5.82554817199707,2.272899866104126,1.526203989982605,1.0500701665878296,0.9003309607505798,0.8455107808113098
225000,235001,17,9,250,154,0,8057.900390625,197.72433471679688,86.59681701660156,29.145000457763672,15.258209228515625,8.40008544921875,5.577402114868164,3.9131972789764404,2.986708402633667,2.4562184810638428,2.35902738571167,2.289442539215088,2.062389612197876,1.934893012046814,1.8389968872070312,1.673069953918457,1.5393131971359253,5871.17041015625,90.20940399169922,25.356863021850586,7.088516712188721,3.541686534881592,2.5924484729766846,2.136139154434204,1.9609235525131226,1.7568426132202148
225000,235001,17,9,250,154,1,8063.8271484375,196.6523895263672,85.14049530029297,29.031898498535156,14.935958862304688,8.183647155761719,5.255531311035156,3.528059959411621,2.980691432952881,2.480670928955078,2.297416925430298,2.244666576385498,2.0326621532440186,1.8643537759780884,1.748496174812317,1.7156381607055664,1.5328572988510132,5875.02880859375,89.71366119384766,25.169153213500977,6.830265045166016,3.2884013652801514,2.56201434135437,2.1324636936187744,1.9479972124099731,1.6917599439620972
230000,240001,17,9,250,155,0,8071.6474609375,214.8641357421875,90.12747192382812,31.92411231994629,13.683310508728027,6.963065147399902,4.437771320343018,3.125917911529541,2.6763665676116943,2.2873282432556152,2.056410789489746,1.983049988746643,1.835159182548523,1.792715311050415,1.7385928630828857,1.6203029155731201,1.4495762586593628,5867.4365234375,90.82275390625,26.941856384277344,6.335174560546875,3.270876407623291,2.241910934448242,2.0607285499572754,1.8385162353515625,1.5837956666946411
230000,240001,17,9,250,155,1,8072.494140625,213.504638671875,90.951416015625,32.121089935302734,13.208245277404785,6.937353610992432,4.278778076171875,2.9549200534820557,2.532973289489746,2.255640745162964,2.1091866493225098,1.9782768487930298,1.8480464220046997,1.8204128742218018,1.6803439855575562,1.6057610511779785,1.4310582876205444,5868.2509765625,90.59281158447266,27.323213577270508,5.92559289932251,3.0536937713623047,2.1859219074249268,2.0674314498901367,1.7454317808151245,1.617723822593689
235000,245001,17,9,252,163,0,8297.3076171875,210.21351623535156,96.88673400878906,31.82616424560547,14.353775978088379,7.239115238189697,4.49624490737915,3.345674991607666,2.53055739402771,2.0712509155273438,1.9638876914978027,1.6911976337432861,1.594198226928711,1.3564759492874146,1.2528975009918213,1.2039767503738403,1.0732911825180054,6030.337890625,102.8214340209961,24.94564437866211,6.538506507873535,3.298175573348999,2.0575623512268066,1.6856956481933594,1.3148512840270996,1.162438988685608
235000,245001,17,9,252,163,1,8297.53125,210.56472778320312,97.12178802490234,31.456954956054688,14.190849304199219,7.143377304077148,4.489013195037842,3.4675235748291016,2.369333505630493,1.981130838394165,1.755079746246338,1.7233179807662964,1.4595725536346436,1.3491111993789673,1.2335073947906494,1.1906284093856812,1.1693476438522339,6030.61865234375,103.01288604736328,24.694622039794922,6.4512248039245605,3.211620807647705,1.9830585718154907,1.603592872619629,1.2777577638626099,1.1971982717514038
240000,250001,17,9,256,165,0,8618.529296875,213.0590057373047,93.23636627197266,26.25712776184082,12.788552284240723,6.22886323928833,3.756895065307617,2.5633018016815186,1.8325080871582031,1.5048915147781372,1.3852546215057373,1.1650564670562744,1.097902536392212,1.0335333347320557,0.9239224195480347,0.9021627902984619,0.8403187990188599,6276.8525390625,101.9095458984375,22.75392723083496,5.94649076461792,2.2690815925598145,1.426048755645752,1.2134126424789429,1.0465352535247803,0.9444657564163208
240000,250001,17,9,256,165,1,8617.5419921875,213.9359893798828,93.80517578125,26.14484977722168,13.156262397766113,5.909423828125,3.430027961730957,2.37416410446167,1.8752044439315796,1.4342126846313477,1.261203408241272,1.0475568771362305,0.973583459854126,0.923908531665802,0.9000918865203857,0.8551391363143921,0.7105286121368408,6276.1298828125,102.2020492553711,23.188066482543945,5.765685081481934,2.2626161575317383,1.414149284362793,1.026747703552246,0.9248746037483215,0.8883840441703796
245000,255001,17,9,253,154,0,8718.236328125,197.51988220214844,95.22062683105469,32.0417594909668,14.146012306213379,6.469359874725342,3.5675876140594482,2.609896421432495,1.579633355140686,1.4940844774246216,1.187243938446045,1.0608707666397095,0.8847907781600952,0.8337147235870361,0.7654678821563721,0.6518534421920776,0.6266411542892456,6350.533203125,93.65718841552734,27.50021743774414,5.94896125793457,2.394866466522217,1.4293928146362305,1.0830351114273071,0.7735738754272461,0.6835507154464722
245000,255001,17,9,253,154,1,8722.353515625,196.70399475097656,94.99041748046875,31.978538513183594,13.613158226013184,6.43867301940918,3.3874521255493164,2.3194499015808105,1.7150369882583618,1.45631742477417,1.008375644683838,0.9293827414512634,0.7955843806266785,0.7601034641265869,0.7327998280525208,0.6679248213768005,0.6259037256240845,6353.53759765625,93.61329650878906,27.30332374572754,5.839138984680176,2.3311848640441895,1.2726637125015259,0.9507222175598145,0.7158299684524536,0.6607075333595276
250000,260001,17,9,251,167,0,8692.859375,216.9906005859375,94.8583755493164,34.2957878112793,15.06100845336914,7.9634809494018555,4.9355788230896,3.689997434616089,2.73187518119812,2.3623275756835938,2.215853214263916,2.1062214374542236,1.9821538925170898,1.8392277956008911,1.6879234313964844,1.6220836639404297,1.4949854612350464,6337.06201171875,102.7219467163086,27.011810302734375,6.840276718139648,3.720571279525757,2.201822280883789,1.9651095867156982,1.7912187576293945,1.563765048980713
250000,260001,17,9,251,167,1,8692.10546875,218.50704956054688,95.05130004882812,34.11981201171875,14.727585792541504,7.451592445373535,4.684022426605225,3.421290159225464,2.950209140777588,2.4260952472686768,2.2413697242736816,2.0860002040863037,2.032052993774414,1.9109876155853271,1.7762277126312256,1.6021511554718018,1.464789867401123,6336.525390625,103.30504608154297,26.822505950927734,6.596843242645264,3.550510883331299,2.2643167972564697,2.0731403827667236,1.666401982307434,1.5471805334091187
255000,265001,17,9,252,158,0,8732.1318359375,239.56015014648438,92.82109832763672,30.681169509887695,14.009001731872559,6.688907146453857,4.117071151733398,2.6778290271759033,2.1787660121917725,1.9914079904556274,1.865454077720642,1.473764181137085,1.3194886445999146,1.217523455619812,1.1117857694625854,0.9988965392112732,0.9645118713378906,6342.669921875,109.51402282714844,28.612197875976562,7.020962715148926,3.127696990966797,2.025163412094116,1.8134441375732422,1.2112425565719604,1.0891634225845337
255000,265001,17,9,252,158,1,8732.61328125,240.2163848876953,92.6323013305664,30.900503158569336,13.899969100952148,6.518763065338135,3.964526891708374,2.6593780517578125,2.1110615730285645,1.7295610904693604,1.4811500310897827,1.3830498456954956,1.156356692314148,1.1115679740905762,1.057530403137207,0.9890382289886475,0.9465301036834717,6343.275390625,109.8080062866211,28.624284744262695,6.723019599914551,2.88083815574646,1.741552710533142,1.4747095108032227,1.1052294969558716,1.0563457012176514
260000,270001,17,9,253,161,0,9046.7431640625,186.26324462890625,88.79642486572266,30.578752517700195,14.390714645385742,6.746272563934326,3.7015695571899414,2.470118522644043,2.094240665435791,1.6141477823257446,1.3831068277359009,1.2205039262771606,1.091172695159912,0.9004383087158203,0.8733168840408325,0.8258597254753113,0.7704894542694092,6587.73828125,92.02413940429688,26.58407211303711,6.210155963897705,2.3271636962890625,1.5562591552734375,1.2963426113128662,0.8927369713783264,0.8371891379356384
260000,270001,17,9,253,161,1,9047.0595703125,186.17576599121094,88.91787719726562,30.2731990814209,14.185892105102539,6.39410400390625,3.5421535968780518,2.4194562435150146,2.004812479019165,1.7000973224639893,1.463391661643982,1.237905502319336,1.1334649324417114,0.9148377180099487,0.8360938429832458,0.8175650238990784,0.7271276116371155,6587.81591796875,92.33844757080078,26.310110092163086,6.137423038482666,2.3573031425476074,1.6629624366760254,1.3463915586471558,0.9077678322792053,0.8359239101409912
265000,275001,17,9,251,158,0,8834.9609375,206.91323852539062,99.39897918701172,32.7103157043457,13.705025672912598,5.928812026977539,3.8130922317504883,2.6702468395233154,2.0952374935150146,1.7161351442337036,1.3916749954223633,1.1893444061279297,1.152126431465149,1.0734847784042358,0.9267259836196899,0.8859151005744934,0.7321361303329468,6430.01953125,104.21187591552734,27.260210037231445,5.991600513458252,2.6478707790374756,1.7633460760116577,1.286275863647461,1.1858129501342773,0.8800976276397705
265000,275001,17,9,251,158,1,8837.181640625,206.61764526367188,98.96209716796875,32.05380630493164,14.17769718170166,6.052463054656982,3.7275514602661133,2.6264843940734863,2.0987179279327393,1.6986095905303955,1.4784059524536133,1.1258652210235596,1.0519789457321167,0.945059597492218,0.9253612160682678,0.8401557207107544,0.6503497362136841,6431.66796875,103.2470932006836,27.477706909179688,6.144491672515869,2.6060383319854736,1.7004574537277222,1.2668499946594238,1.0244497060775757,0.8945198655128479
270000,280001,17,9,251,169,0,9177.439453125,211.63710021972656,103.41416931152344,34.857662200927734,14.426473617553711,7.125147819519043,4.275684356689453,3.2965915203094482,2.778195858001709,2.2054407596588135,2.0804805755615234,1.7742512226104736,1.7061103582382202,1.574735164642334,1.5525212287902832,1.4625768661499023,1.360697627067566,6685.96142578125,104.40498352050781,29.445560455322266,6.786473751068115,3.1440725326538086,2.287137985229492,1.805224061012268,1.506103515625,1.4330251216888428
270000,280001,17,9,251,169,1,9178.3291015625,209.13836669921875,101.9775619506836,34.52851867675781,14.530316352844238,7.1519246101379395,4.323433876037598,3.2884626388549805,2.8896324634552,2.0770785808563232,1.9782793521881104,1.7343493700027466,1.7018847465515137,1.6675857305526733,1.4729454517364502,1.4500778913497925,1.2906900644302368,6686.5185546875,104.1021499633789,28.963918685913086,6.609678745269775,3.184786558151245,2.271388053894043,1.741982102394104,1.4899781942367554,1.3893539905548096
275000,285001,17,9,249,165,0,9129.357421875,188.8020782470703,82.8203353881836,28.25853157043457,12.00855827331543,6.0589447021484375,3.8020811080932617,2.586601734161377,2.2684593200683594,2.022071361541748,1.6193922758102417,1.4997295141220093,1.428762435913086,1.313865303993225,1.2126436233520508,1.1512500047683716,1.037691354751587,6646.81982421875,90.94564819335938,24.68190574645996,5.624268054962158,2.5301427841186523,2.069908380508423,1.469361424446106,1.336592197418213,1.06089186668396
275000,285001,17,9,249,165,1,9127.548828125,187.79244995117188,83.4795150756836,28.64423370361328,11.446615219116211,6.106207847595215,3.562443733215332,2.564833641052246,2.07499361038208,1.8463990688323975,1.5600117444992065,1.3924815654754639,1.251541256904602,1.172029972076416,1.1011282205581665,1.0545915365219116,0.9605136513710022,6645.48828125,91.30625915527344,24.061906814575195,5.428690433502197,2.4204840660095215,1.9862083196640015,1.407732367515564,1.2413274049758911,1.0588306188583374
280000,290001,17,9,250,166,0,9332.8759765625,221.74221801757812,101.06726837158203,34.08894729614258,14.840815544128418,7.613714218139648,5.441441059112549,4.2588372230529785,4.039560794830322,3.3103950023651123,3.186675786972046,2.846567392349243,2.6805951595306396,2.6654019355773926,2.5766427516937256,2.175452947616577,2.1305599212646484,6799.166015625,112.18924713134766,28.753437042236328,7.028724670410156,4.333588123321533,3.3463170528411865,2.7956957817077637,2.6368963718414307,2.361328601837158
280000,290001,17,9,250,166,1,9331.4267578125,220.3850555419922,99.97662353515625,33.432979583740234,14.230427742004395,7.5274858474731445,5.104156017303467,4.1843695640563965,3.7211334705352783,3.24863338470459,3.0333590507507324,2.630074977874756,2.4889304637908936,2.420444965362549,2.2549057006835938,2.035564661026001,1.945628046989441,6798.1015625,111.13330078125,27.650802612304688,6.8635053634643555,4.040942192077637,3.222529172897339,2.62857723236084,2.4240503311157227,2.1185355186462402
285000,295001,17,9,252,165,0,9569.40234375,205.84080505371094,100.21721649169922,34.50351333618164,13.531875610351562,6.3185248374938965,4.483287811279297,2.9078283309936523,2.505164384841919,2.0721542835235596,1.8614786863327026,1.7453340291976929,1.5622845888137817,1.4856972694396973,1.4512121677398682,1.319854497909546,1.296746850013733,6962.81884765625,102.33399200439453,30.26397132873535,6.545186519622803,3.5617387294769287,2.100860834121704,1.7858431339263916,1.6990151405334473,1.337714672088623
285000,295001,17,9,252,165,1,9567.58984375,205.56886291503906,100.17542266845703,34.250370025634766,13.324374198913574,6.230408191680908,4.469213962554932,2.8703067302703857,2.2739744186401367,1.8560235500335693,1.7193108797073364,1.6062134504318237,1.443306565284729,1.346100926399231,1.2812526226043701,1.154812216758728,1.1148054599761963,6961.39404296875,102.15133666992188,30.368938446044922,6.476860046386719,3.474057197570801,1.8551745414733887,1.6021822690963745,1.3860085010528564,1.2227754592895508
290000,300001,17,9,249,172,0,9617.5302734375,203.16505432128906,92.54878234863281,33.6103401184082,14.935698509216309,7.970909595489502,5.649125099182129,4.052982807159424,3.3617122173309326,2.981360912322998,2.854658365249634,2.7530946731567383,2.6354312896728516,2.3407630920410156,2.337491989135742,2.2583603858947754,2.09602952003479,6993.20849609375,96.4361343383789,29.231626510620117,7.509003162384033,3.636263132095337,2.8658623695373535,2.778883695602417,2.415677070617676,2.223335027694702
290000,300001,17,9,249,172,1,9617.75,203.14120483398438,92.77479553222656,33.830841064453125,14.706429481506348,7.612139701843262,5.835629463195801,3.950315237045288,3.332699775695801,3.0644640922546387,2.923051595687866,2.856595039367676,2.81386137008667,2.5733449459075928,2.4525747299194336,2.3212738037109375,2.2580652236938477,6993.04541015625,96.00325775146484,29.415508270263672,7.233282089233398,3.578491687774658,2.9316413402557373,2.745547294616699,2.619828462600708,2.425236940383911
295000,305001,17,9,251,175,0,9588.4580078125,222.4718780517578,90.37981414794922,33.97423553466797,14.943543434143066,7.969229698181152,5.402529716491699,4.157098293304443,3.848999261856079,3.4146621227264404,3.154838800430298,2.994248628616333,2.8660717010498047,2.7549688816070557,2.524803876876831,2.412342071533203,2.2095980644226074,6969.51318359375,109.8964614868164,26.03935432434082,7.358575820922852,4.329040050506592,3.4045827388763428,3.2600369453430176,2.668076753616333,2.5237841606140137
295000,305001,17,9,251,175,1,9595.4423828125,222.8864288330078,90.36201477050781,33.99513244628906,14.82168197631836,7.978020668029785,5.22761869430542,3.904263973236084,3.732412338256836,3.166940689086914,2.898414373397827,2.821990728378296,2.6544737815856934,2.6123478412628174,2.42170786857605,2.2684850692749023,2.180969715118408,6974.43408203125,109.80464935302734,26.146743774414062,7.534156799316406,4.329113483428955,3.226308584213257,2.9934043884277344,2.6488499641418457,2.374866247177124
300000,310001,17,9,246,170,0,9782.7900390625,208.96121215820312,91.7841567993164,33.3441276550293,15.364818572998047,8.784538269042969,5.38346529006958,4.235680103302002,2.9083340167999268,2.7550299167633057,2.70198917388916,2.4980080127716064,2.373286485671997,2.134528398513794,2.0704054832458496,2.0117645263671875,1.8181564807891846,7098.23095703125,98.98633575439453,28.669172286987305,7.997066020965576,3.9143216609954834,3.010861396789551,2.7398955821990967,2.354621410369873,2.1406030654907227
300000,310001,17,9,246,170,1,9785.1806640625,208.30538940429688,92.11488342285156,33.08071517944336,15.170583724975586,8.088786125183105,5.133440971374512,3.790947437286377,2.9120984077453613,2.624021053314209,2.5713839530944824,2.3635201454162598,2.203890562057495,2.133589506149292,1.9698700904846191,1.9095958471298218,1.70821213722229,7099.62548828125,99.4459228515625,28.089807510375977,7.734657287597656,3.797280788421631,2.752225637435913,2.453026056289673,2.165860652923584,2.126612663269043
305000,315001,17,9,253,177,0,9791.84765625,201.83816528320312,83.69084930419922,28.398969650268555,13.383467674255371,6.968459606170654,4.163577556610107,3.080639600753784,2.450162410736084,2.3095543384552,2.1270430088043213,1.9218506813049316,1.87307870388031,1.6592332124710083,1.5524297952651978,1.5004327297210693,1.444409728050232,7139.4775390625,92.20832061767578,21.53891372680664,6.176707744598389,2.8912196159362793,2.103121519088745,2.0061769485473633,1.7457505464553833,1.574998140335083
305000,315001,17,9,253,177,1,9788.7666015625,202.4552764892578,83.21491241455078,28.687192916870117,13.415960311889648,7.0324788093566895,4.031105041503906,3.299935817718506,2.6305651664733887,2.412867784500122,2.090749502182007,2.005336284637451,1.9175795316696167,1.817304253578186,1.6251400709152222,1.4960517883300781,1.4056073427200317,7137.8447265625,92.08625030517578,21.61295509338379,6.08648681640625,3.1299498081207275,2.1634700298309326,2.0577969551086426,1.7861127853393555,1.6271142959594727
310000,320001,17,9,251,171,0,10177.6396484375,202.40562438964844,92.23992919921875,29.7261905670166,13.968616485595703,7.92910623550415,4.973944187164307,3.2054479122161865,2.513596773147583,2.3465240001678467,1.8750325441360474,1.6803487539291382,1.6443696022033691,1.377137541770935,1.2541354894638062,1.2089334726333618,1.0936670303344727,7388.47509765625,99.4403305053711,24.926435470581055,6.824377536773682,3.2416205406188965,2.202514886856079,1.6444071531295776,1.311794638633728,1.186550259590149
310000,320001,17,9,251,171,1,10179.283203125,202.5528564453125,92.01641082763672,29.99694061279297,13.66874885559082,7.6319499015808105,4.7599196434021,3.2864091396331787,2.3326897621154785,2.226928234100342,1.8090537786483765,1.753840446472168,1.411329984664917,1.258862853050232,1.077742338180542,1.0198538303375244,0.9091983437538147,7389.54248046875,99.37307739257812,25.10831642150879,6.4579291343688965,3.170090675354004,2.1353228092193604,1.6573301553726196,1.2258861064910889,0.9676022529602051
315000,325001,17,9,255,175,0,10432.609375,234.73150634765625,101.10204315185547,30.174198150634766,14.63386058807373,7.17730712890625,4.919787883758545,3.1975488662719727,2.510760545730591,2.167086362838745,1.789756178855896,1.6428403854370117,1.5516163110733032,1.4182931184768677,1.3538230657577515,1.2922290563583374,1.2460893392562866,7596.443359375,105.6374740600586,26.806764602661133,6.281853675842285,2.9755938053131104,1.941812515258789,1.633023738861084,1.38810396194458,1.3054255247116089
315000,325001,17,9,255,175,1,10433.7392578125,235.0889892578125,101.3831787109375,30.77347755432129,14.81777572631836,6.83065938949585,4.465210914611816,3.250115394592285,2.580967664718628,2.225304126739502,1.8446693420410156,1.7954689264297485,1.676939606666565,1.5545414686203003,1.5033071041107178,1.4413312673568726,1.3188865184783936,7597.46044921875,105.72459411621094,27.831533432006836,6.1037068367004395,3.2930004596710205,2.0715491771698,1.7154792547225952,1.5689115524291992,1.3932561874389648
320000,330001,17,9,255,165,0,10462.7431640625,210.71102905273438,93.95091247558594,30.388336181640625,14.192625045776367,7.323248863220215,4.88880729675293,3.6222431659698486,2.834765911102295,2.544097900390625,2.3069543838500977,2.163302183151245,1.9799683094024658,1.8917652368545532,1.830136775970459,1.755293607711792,1.5527321100234985,7609.75146484375,98.26754760742188,27.48861312866211,7.089715480804443,3.641258716583252,2.2559170722961426,2.135587453842163,1.9249098300933838,1.7684893608093262
320000,330001,17,9,255,165,1,10460.0048828125,211.00355529785156,93.56855773925781,30.71786880493164,14.75546932220459,7.51437520980835,4.746653079986572,3.4614527225494385,2.8463919162750244,2.3544793128967285,2.2437009811401367,2.172274112701416,2.0045604705810547,1.8858332633972168,1.8354696035385132,1.8132858276367188,1.62283194065094,7607.40380859375,98.36202239990234,28.513940811157227,7.14990234375,3.484081983566284,2.344207286834717,2.1595163345336914,1.8914417028427124,1.745140552520752
325000,335001,17,9,254,185,0,10546.3193359375,196.31910705566406,95.47039794921875,27.14519500732422,12.55123519897461,7.2890543937683105,4.969105243682861,3.332885503768921,3.032172441482544,2.730782985687256,2.455404281616211,2.2375383377075195,2.0311124324798584,1.9481730461120605,1.8180855512619019,1.679943323135376,1.6654995679855347,7673.31396484375,97.31591033935547,24.691516876220703,6.769082069396973,3.2382030487060547,2.648690700531006,2.024120807647705,1.9776761531829834,1.8652085065841675
325000,335001,17,9,254,185,1,10548.13671875,197.00341796875,95.46484375,27.465702056884766,12.678994178771973,7.008120536804199,4.842012882232666,3.3018527030944824,2.689587354660034,2.587589979171753,2.402217388153076,2.3787026405334473,2.007352590560913,1.9353649616241455,1.793365716934204,1.708725094795227,1.6237677335739136,7674.6826171875,96.84513092041016,25.380756378173828,6.668500900268555,3.349642276763916,2.7232606410980225,2.00880765914917,1.9305095672607422,1.8229303359985352
330000,340001,17,9,249,171,0,10382.1083984375,243.50440979003906,93.39067840576172,27.99215316772461,16.45762825012207,8.155083656311035,6.124547004699707,5.0758819580078125,4.219118118286133,3.8719842433929443,3.6978228092193604,3.4743216037750244,3.243004322052002,3.092164993286133,3.013556718826294,2.891606330871582,2.7586870193481445,7556.76904296875,110.51010131835938,27.967042922973633,7.396369934082031,4.706127643585205,3.9302685260772705,3.5705552101135254,3.199064254760742,3.0505833625793457
330000,340001,17,9,249,171,1,10383.1318359375,242.15399169921875,93.6292953491211,28.531831741333008,17.18669319152832,7.761201858520508,6.161898612976074,5.273189067840576,4.330775260925293,4.007599353790283,3.7102537155151367,3.3805127143859863,3.2972776889801025,3.1422252655029297,2.967008352279663,2.831190824508667,2.759962558746338,7557.5869140625,110.0241928100586,28.2276554107666,7.257550239562988,4.796054840087891,3.9266819953918457,3.47283935546875,3.200784206390381,3.162470817565918
335000,345001,17,9,252,185,0,10851.89453125,228.91943359375,94.74132537841797,32.567344665527344,14.973630905151367,8.91954517364502,6.270370960235596,4.2777814865112305,3.6927430629730225,3.257280111312866,3.0246975421905518,2.912548303604126,2.764155149459839,2.6098856925964355,2.497828722000122,2.2855658531188965,2.2044999599456787,7912.2861328125,105.46536254882812,26.838134765625,8.096548080444336,4.145166397094727,3.242223024368286,2.9740328788757324,2.8794705867767334,2.4847850799560547
335000,345001,17,9,252,185,1,10847.5693359375,231.25042724609375,95.90449523925781,32.258819580078125,14.644296646118164,8.698131561279297,6.48278284072876,4.382155895233154,3.8862104415893555,3.1599111557006836,3.097574234008789,2.912936210632324,2.7688536643981934,2.691065549850464,2.525481700897217,2.357067584991455,2.211235761642456,7909.80224609375,106.36697387695312,26.776283264160156,7.972803115844727,4.352388858795166,3.193002700805664,2.96181321144104,2.8013088703155518,2.566082715988159
340000,350001,17,9,254,171,0,10790.892578125,236.86538696289062,99.3106689453125,35.01859664916992,15.08890151977539,9.106451988220215,5.361136436462402,3.9659814834594727,3.497426748275757,3.003359794616699,2.8146421909332275,2.733642816543579,2.404938220977783,2.1122186183929443,2.0102713108062744,1.9173712730407715,1.8989815711975098,7857.75634765625,108.3301010131836,29.98616600036621,7.580177307128906,3.590109348297119,2.7186508178710938,2.350992441177368,2.0693252086639404,1.9967247247695923
340000,350001,17,9,254,171,1,10787.9794921875,235.90748596191406,98.86274719238281,34.840877532958984,15.268850326538086,8.783159255981445,5.07371711730957,3.9167685508728027,3.4322669506073,3.0252315998077393,2.8225584030151367,2.523461103439331,2.422208309173584,2.232558488845825,2.113831043243408,1.8403940200805664,1.7234044075012207,7855.89892578125,107.20993041992188,29.874359130859375,7.235743522644043,3.4629361629486084,2.5393428802490234,2.4161629676818848,2.192753314971924,1.9800658226013184
345000,355001,17,9,250,184,0,10925.625,226.31053161621094,93.82948303222656,28.78099250793457,13.4866304397583,7.916018486022949,4.6562886238098145,3.4432973861694336,2.840723752975464,2.3167569637298584,2.1260182857513428,2.029827117919922,1.8052124977111816,1.6651421785354614,1.5677614212036133,1.5031061172485352,1.4311020374298096,7936.8330078125,99.64739227294922,28.658241271972656,6.515719413757324,3.3494489192962646,2.2508797645568848,2.019144296646118,1.6432729959487915,1.4520217180252075
345000,355001,17,9,250,184,1,10926.1337890625,225.1948699951172,94.00891876220703,28.6319637298584,13.112844467163086,7.430594444274902,4.638557434082031,3.544205904006958,2.8209850788116455,2.4085240364074707,2.1693532466888428,2.103654384613037,1.8565583229064941,1.6724210977554321,1.5729531049728394,1.5465095043182373,1.4736461639404297,7937.158203125,99.90091705322266,29.048295974731445,6.4719767570495605,3.2995076179504395,2.292858123779297,1.965754747390747,1.7333794832229614,1.5626014471054077
350000,360001,17,9,250,179,0,10903.3828125,198.12876892089844,100.50841522216797,32.22334289550781,12.041248321533203,6.574585437774658,4.5265679359436035,2.9921927452087402,2.630150556564331,2.1979708671569824,1.6720941066741943,1.6230074167251587,1.489699363708496,1.4439589977264404,1.3722095489501953,1.3004090785980225,1.1823066473007202,7927.93212890625,95.74171447753906,27.02877426147461,5.827152252197266,3.1843831539154053,2.167013645172119,1.6843987703323364,1.375037670135498,1.3138327598571777
350000,360001,17,9,250,179,1,10905.857421875,198.5411834716797,100.33289337158203,32.21701431274414,12.813549995422363,6.509018421173096,4.622129440307617,3.0181479454040527,2.7003257274627686,2.0600762367248535,1.582678198814392,1.473288655281067,1.398935079574585,1.3808132410049438,1.2361706495285034,1.1921753883361816,1.1072685718536377,7929.72021484375,95.31049346923828,27.38533592224121,5.944857120513916,3.0721452236175537,2.0527002811431885,1.5859006643295288,1.2468106746673584,1.1601940393447876
355000,365001,17,9,249,186,0,11185.1201171875,229.71397399902344,96.46826171875,33.716163635253906,15.68693733215332,8.334486961364746,5.599287986755371,4.815646648406982,4.094541072845459,3.846890926361084,3.3575406074523926,3.1666817665100098,3.144502878189087,2.8508613109588623,2.7681586742401123,2.7286291122436523,2.3363394737243652,8147.9453125,106.30332946777344,28.854631423950195,7.459473609924316,4.248591423034668,3.5830304622650146,3.2245547771453857,2.9493792057037354,2.664003849029541
355000,365001,17,9,249,186,1,11184.865234375,230.45277404785156,96.68067169189453,33.37057113647461,15.940658569335938,8.55441665649414,5.704668998718262,4.628384590148926,3.8862287998199463,3.6096749305725098,3.375689744949341,3.2324259281158447,2.9929425716400146,2.9552829265594482,2.7265350818634033,2.6863765716552734,2.4379544258117676,8147.2041015625,106.52804565429688,28.466623306274414,7.2690300941467285,4.131962299346924,3.420921802520752,3.1127192974090576,2.9631733894348145,2.6616427898406982
360000,370001,17,9,250,185,0,11251.0341796875,221.88156127929688,97.16273498535156,30.57880210876465,17.10018539428711,8.92469310760498,6.015058994293213,3.8969411849975586,3.2769694328308105,2.724407434463501,2.522322416305542,2.4621636867523193,2.2170703411102295,2.1549839973449707,2.0685973167419434,1.8900487422943115,1.8255771398544312,8194.8388671875,101.64508819580078,27.462453842163086,8.574573516845703,4.279090404510498,2.641148328781128,2.449640989303589,2.230719566345215,1.9418269395828247
360000,370001,17,9,250,185,1,11250.3173828125,221.5783233642578,96.53500366210938,29.938034057617188,17.464405059814453,9.018562316894531,5.8631463050842285,3.9159412384033203,3.3781020641326904,2.835160255432129,2.5963234901428223,2.415472984313965,2.334385871887207,2.148399829864502,1.9235360622406006,1.8819425106048584,1.7875759601593018,8194.1328125,101.73469543457031,26.833545684814453,8.450637817382812,4.020622730255127,2.764913320541382,2.5285675525665283,2.0665833950042725,1.9849461317062378
365000,375001,17,9,249,192,0,11541.0263671875,227.31222534179688,112.06480407714844,33.10407257080078,18.297645568847656,9.093363761901855,7.462378978729248,5.758683681488037,4.444844722747803,4.130617141723633,3.7469322681427,3.55401873588562,3.3592958450317383,3.1352827548980713,3.0385289192199707,2.923053503036499,2.748087167739868,8413.55859375,114.71009063720703,25.710391998291016,8.255703926086426,5.0015082359313965,4.097566604614258,3.482081413269043,3.0932626724243164,2.8352510929107666
365000,375001,17,9,249,192,1,11541.017578125,226.386474609375,111.87791442871094,33.84056854248047,17.681673049926758,9.301939010620117,7.03112268447876,5.472587585449219,4.471898078918457,3.9742913246154785,3.7990541458129883,3.597256898880005,3.3660480976104736,3.1808552742004395,3.0650546550750732,2.8923041820526123,2.786067247390747,8413.4951171875,114.97701263427734,25.351661682128906,8.325020790100098,4.770815372467041,3.9679348468780518,3.4688193798065186,2.9737114906311035,2.8727569580078125
370000,380001,17,9,250,174,0,11780.3759765625,220.98838806152344,94.37834930419922,32.820465087890625,15.609880447387695,7.846931457519531,5.287173271179199,3.850098133087158,3.144249200820923,2.9338934421539307,2.6224234104156494,2.1974945068359375,2.0706582069396973,1.8436585664749146,1.8142273426055908,1.7118345499038696,1.5427002906799316,8564.2314453125,97.49103546142578,27.639667510986328,7.460466384887695,3.8255345821380615,2.987074136734009,2.084038257598877,1.9372045993804932,1.5783425569534302
370000,380001,17,9,250,174,1,11781.7509765625,220.59107971191406,94.28968048095703,33.17014694213867,15.748979568481445,8.157340049743652,5.698901653289795,3.9482195377349854,2.8553905487060547,2.6219115257263184,2.3895726203918457,1.990435004234314,1.899179220199585,1.8795900344848633,1.629357099533081,1.6007790565490723,1.5198067426681519,8565.5,97.48827362060547,27.277437210083008,7.609842777252197,3.759465217590332,2.605853796005249,1.9116157293319702,1.80056893825531,1.5534037351608276
375000,385001,17,9,255,187,0,12056.5859375,220.22842407226562,94.49772644042969,31.633329391479492,15.77133846282959,9.036567687988281,7.064515590667725,5.1133928298950195,4.621400833129883,4.3707356452941895,4.055171966552734,3.7798855304718018,3.5601913928985596,3.438934087753296,3.407594919204712,3.240882158279419,3.101797580718994,8771.9921875,104.00141906738281,26.415416717529297,8.443860054016113,5.360846042633057,4.291878700256348,3.6653389930725098,3.6150691509246826,3.257300615310669
375000,385001,17,9,255,187,1,12061.279296875,219.06198120117188,94.58287811279297,32.381187438964844,15.4376220703125,9.348408699035645,7.27217960357666,5.146374225616455,4.553843021392822,4.391142845153809,3.9293816089630127,3.5601437091827393,3.348252534866333,3.3326756954193115,3.124371290206909,3.0145606994628906,2.9306113719940186,8775.5166015625,104.19557189941406,26.105825424194336,8.910032272338867,5.095046043395996,4.317043781280518,3.6976377964019775,3.35347318649292,3.0497829914093018
380000,390001,17,9,250,186,0,12060.4326171875,244.51136779785156,96.64669036865234,33.68103790283203,15.37120532989502,8.96152114868164,5.4108567237854,3.7397139072418213,2.8714537620544434,2.5595545768737793,2.2141926288604736,2.1152162551879883,2.037320375442505,1.675759196281433,1.5895142555236816,1.4651740789413452,1.302580714225769,8768.5234375,113.71228790283203,29.21405601501465,9.580155372619629,4.224526882171631,2.6040618419647217,2.0562801361083984,1.665653944015503,1.3884742259979248
380000,390001,17,9,250,186,1,12059.39453125,242.33949279785156,97.03715515136719,34.04007339477539,15.800527572631836,9.133729934692383,5.379223346710205,3.498993396759033,3.0544607639312744,2.3508481979370117,2.208962917327881,1.9288814067840576,1.7957417964935303,1.5226713418960571,1.3670538663864136,1.2622311115264893,1.1566921472549438,8768.0048828125,113.11080932617188,28.93229103088379,9.808303833007812,3.9613611698150635,2.346449375152588,1.927080512046814,1.637393593788147,1.2430551052093506
385000,395001,17,9,253,192,0,12399.0302734375,235.03976440429688,93.98451232910156,30.401100158691406,16.909526824951172,10.227434158325195,7.299224853515625,5.017467498779297,4.545643329620361,3.8369367122650146,3.280210494995117,3.226677656173706,2.915699005126953,2.7323801517486572,2.685178518295288,2.4284303188323975,2.276150941848755,9013.4462890625,104.72444152832031,25.49481201171875,10.188512802124023,4.729595184326172,3.8359365463256836,3.082984685897827,2.6835739612579346,2.429309844970703
385000,395001,17,9,253,192,1,12394.123046875,235.2869415283203,94.67961120605469,30.67266082763672,16.85021209716797,9.842546463012695,6.829174995422363,5.128117084503174,4.875471591949463,3.966113567352295,3.4476470947265625,3.2748939990997314,2.8717966079711914,2.6556649208068848,2.59830904006958,2.4785966873168945,2.26521372795105,9010.4033203125,105.63400268554688,26.038461685180664,9.728211402893066,5.002408981323242,4.169586181640625,3.01540470123291,2.6812918186187744,2.609790563583374
390000,400001,17,9,249,187,0,12551.138671875,235.04345703125,88.81825256347656,27.03765869140625,15.052444458007812,7.237250804901123,4.719287872314453,3.7156763076782227,2.6712796688079834,2.2859416007995605,2.2354979515075684,1.9394928216934204,1.723771572113037,1.6987639665603638,1.5619982481002808,1.510733962059021,1.312606692314148,9125.2880859375,101.16719818115234,28.378515243530273,6.88029146194458,3.303377389907837,2.438556671142578,2.0071310997009277,1.7678662538528442,1.5471088886260986
390000,400001,17,9,249,187,1,12550.599609375,234.68789672851562,88.95498657226562,26.723827362060547,14.800222396850586,7.379528522491455,4.978480339050293,4.039552688598633,2.8488211631774902,2.472033739089966,2.0360591411590576,1.9703333377838135,1.6653757095336914,1.6246505975723267,1.547552466392517,1.4221911430358887,1.3177090883255005,9124.98046875,100.75690460205078,28.183639526367188,6.781357765197754,3.6461901664733887,2.5279109477996826,2.099179983139038,1.6703065633773804,1.606002926826477
395000,405001,17,9,253,179,0,12819.447265625,215.6534423828125,90.46011352539062,32.9028434753418,15.19727897644043,9.568589210510254,7.4260993003845215,5.503786563873291,4.332837104797363,3.8663744926452637,3.53228759765625,3.327754020690918,3.110020160675049,2.681325912475586,2.5862793922424316,2.4524481296539307,2.3552093505859375,9326.3671875,102.0536117553711,26.74762725830078,7.586276054382324,5.825265407562256,3.8987374305725098,3.452800750732422,2.7908055782318115,2.5213961601257324
395000,405001,17,9,253,179,1,12816.7177734375,213.60183715820312,90.03357696533203,33.13706970214844,15.702496528625488,9.527388572692871,7.115303039550781,5.055286407470703,4.1678385734558105,4.027388572692871,3.428940773010254,3.2372288703918457,2.9721179008483887,2.5998637676239014,2.4358279705047607,2.3718292713165283,2.189201831817627,9324.48828125,102.0396499633789,26.369136810302734,7.282458782196045,5.247909069061279,3.9974684715270996,3.1783928871154785,2.525402784347534,2.4189295768737793
400000,410001,17,9,252,184,0,13074.140625,221.43228149414062,98.67081451416016,34.929927825927734,17.345571517944336,10.315825462341309,7.525210857391357,6.626288414001465,5.647080898284912,4.6584601402282715,4.387933731079102,4.023408889770508,3.584416151046753,3.5247557163238525,3.1592583656311035,3.077537775039673,2.9583802223205566,9509.697265625,107.66226959228516,33.01327896118164,9.693965911865234,6.945049285888672,4.692109107971191,3.655717611312866,3.6183509826660156,3.25645112991333
400000,410001,17,9,252,184,1,13073.8291015625,222.5576934814453,99.06513214111328,35.06586837768555,18.402008056640625,10.468420028686523,7.708614349365234,6.842096328735352,5.579555511474609,4.65842342376709,4.287845134735107,4.034876823425293,3.673449993133545,3.4399962425231934,3.4042809009552,3.118013381958008,3.053753137588501,9509.1982421875,108.04769897460938,32.77265548706055,9.93364429473877,6.759640693664551,4.80680513381958,3.8886559009552,3.4478068351745605,3.430886745452881
405000,415001,17,9,249,191,0,13078.833984375,246.3311309814453,87.26689147949219,30.737361907958984,16.754255294799805,9.785223960876465,6.069796085357666,5.358572006225586,4.27187442779541,3.2090752124786377,3.0116002559661865,2.8395397663116455,2.7047481536865234,2.3246941566467285,2.177155017852783,1.9945964813232422,1.82069730758667,9515.4267578125,106.3608627319336,26.325021743774414,8.211806297302246,4.406805515289307,3.1453652381896973,2.9062469005584717,2.177231788635254,1.9462071657180786
405000,415001,17,9,249,191,1,13085.498046875,247.84860229492188,87.6600341796875,31.76559066772461,17.134143829345703,9.806197166442871,6.7760515213012695,5.294483184814453,4.2962775230407715,3.20851731300354,3.0238595008850098,2.7023825645446777,2.5043492317199707,2.3918325901031494,2.3737030029296875,2.0301694869995117,1.8372812271118164,9520.4873046875,106.6006851196289,27.40562629699707,8.380016326904297,4.7037434577941895,3.1825687885284424,2.9497556686401367,2.396432638168335,2.36415433883667
410000,420001,17,9,253,183,0,13773.0478515625,214.46099853515625,105.0630874633789,44.92472839355469,23.947982788085938,13.349084854125977,9.931794166564941,8.499503135681152,6.769602298736572,5.746681213378906,5.253345012664795,5.033411502838135,4.584289073944092,4.369451999664307,4.05131721496582,3.733999252319336,3.213700294494629,10026.1767578125,103.00785827636719,37.713809967041016,11.048508644104004,7.133786201477051,5.672669410705566,5.2924394607543945,4.470720291137695,3.5141360759735107
410000,420001,17,9,253,183,1,13768.44140625,214.34854125976562,105.58235931396484,45.954368591308594,24.723360061645508,12.674341201782227,10.245813369750977,8.11336612701416,6.073164463043213,5.914976119995117,5.294275283813477,4.857809066772461,4.578068733215332,4.164592266082764,3.7014400959014893,3.6013288497924805,3.2626190185546875,10023.095703125,103.62166595458984,38.999488830566406,11.492241859436035,7.088238716125488,5.592757225036621,5.0588531494140625,4.084275722503662,3.611548900604248
415000,425001,17,9,252,193,0,14267.810546875,237.64707946777344,100.13843536376953,38.94100570678711,18.893814086914062,11.39396858215332,8.185271263122559,7.30125093460083,5.89166784286499,5.698604583740234,5.356672286987305,5.091061115264893,4.9271559715271,4.752911567687988,4.562097072601318,4.14733362197876,3.9456498622894287,10367.5712890625,102.85779571533203,34.331504821777344,9.757414817810059,6.819512367248535,5.267674446105957,5.128020286560059,4.8408098220825195,4.176486968994141
415000,425001,17,9,252,193,1,14264.0244140625,238.4910888671875,99.34004211425781,39.308807373046875,18.510604858398438,10.835615158081055,8.766325950622559,7.34492826461792,5.278206825256348,5.0408854484558105,4.671313285827637,4.558916091918945,4.234477519989014,4.130733489990234,3.9687631130218506,3.8579113483428955,3.398892879486084,10365.8447265625,102.80647277832031,35.05415725708008,9.589632034301758,6.157041549682617,4.689558982849121,4.475222587585449,4.216045379638672,3.8745012283325195
420000,430001,17,9,251,190,0,14183.158203125,236.61605834960938,111.13079071044922,37.8551025390625,22.389514923095703,13.292278289794922,10.185637474060059,7.047508716583252,6.8407487869262695,5.757198810577393,5.263421535491943,5.119853973388672,4.762695789337158,4.438088417053223,4.106812477111816,3.7815024852752686,3.4144861698150635,10318.1923828125,121.10408020019531,33.04029846191406,11.757132530212402,7.603187084197998,5.550020694732666,5.1801910400390625,4.703842639923096,4.264715671539307
420000,430001,17,9,251,190,1,14192.3603515625,235.76805114746094,110.73942565917969,37.92715835571289,22.4718074798584,13.767252922058105,9.76204776763916,7.417523384094238,6.830970287322998,5.702001094818115,5.106335163116455,4.96885871887207,4.558237075805664,4.103036403656006,3.89805269241333,3.628883123397827,3.2213752269744873,10324.517578125,119.77413940429688,32.36543273925781,11.826961517333984,7.670004844665527,5.223898410797119,5.095811367034912,4.2527384757995605,4.1687445640563965
425000,435001,17,9,251,192,0,15076.2314453125,213.1505889892578,112.82242584228516,49.51233673095703,30.109777450561523,18.247220993041992,14.27628231048584,12.178565979003906,9.989168167114258,8.537013053894043,7.963772773742676,7.609053611755371,7.26305627822876,6.88204288482666,6.566470146179199,6.3718767166137695,5.84140157699585,10970.1572265625,115.72554016113281,44.03212356567383,17.437671661376953,11.735877990722656,8.42828369140625,7.8775858879089355,7.1523871421813965,6.4937615394592285
425000,435001,17,9,251,192,1,15077.7529296875,208.97735595703125,111.96385955810547,50.394325256347656,31.063133239746094,18.335084915161133,13.76859188079834,12.058822631835938,9.504426002502441,8.150160789489746,7.7711687088012695,7.576028347015381,6.9721598625183105,6.549713611602783,6.067834377288818,5.769250392913818,5.333408355712891,10971.7666015625,114.24713897705078,43.7889518737793,17.83749008178711,11.37409496307373,7.831245422363281,7.375375270843506,6.85447883605957,5.8140740394592285
430000,440001,17,9,249,198,0,15661.75390625,245.48507690429688,118.33001708984375,46.87898254394531,28.245384216308594,15.080965042114258,11.955060958862305,10.496506690979004,8.647971153259277,7.177976608276367,6.648313045501709,5.960055351257324,5.234150409698486,4.917194843292236,4.828982830047607,4.350387096405029,3.982703685760498,11408.521484375,125.42943572998047,37.074798583984375,12.78792953491211,9.425260543823242,7.383481979370117,5.884369850158691,5.060765266418457,4.071241855621338
430000,440001,17,9,249,198,1,15662.6123046875,242.713623046875,119.2989273071289,46.89239501953125,29.257863998413086,16.12190055847168,12.546565055847168,10.6268949508667,8.88132381439209,7.009451389312744,6.868795871734619,5.872236728668213,5.141409873962402,4.996193885803223,4.955410957336426,4.818015098571777,4.192615509033203,11408.1572265625,125.4869384765625,36.439537048339844,13.456923484802246,10.198905944824219,7.196047306060791,5.510931491851807,5.1675705909729,4.320839881896973
435000,445001,17,9,256,203,0,17898.287109375,281.2552490234375,144.13162231445312,70.71387481689453,42.68488311767578,26.467695236206055,18.354415893554688,13.50196647644043,11.300357818603516,9.507342338562012,8.356063842773438,8.006329536437988,6.9811482429504395,6.7021894454956055,6.454850673675537,6.328029632568359,5.952413558959961,13030.6064453125,146.55958557128906,52.78646469116211,23.659170150756836,12.943568229675293,9.561521530151367,7.010305404663086,6.822159767150879,6.551236629486084
435000,445001,17,9,256,203,1,17896.828125,279.62591552734375,144.40737915039062,69.4155044555664,43.05516815185547,26.438310623168945,18.077909469604492,13.46080493927002,11.129520416259766,9.438499450683594,8.309473991394043,7.777078628540039,7.014399528503418,6.546079158782959,6.4243083000183105,6.2992377281188965,5.9530839920043945,13029.5341796875,146.50900268554688,51.88798141479492,23.081298828125,12.777837753295898,9.527544021606445,6.899186611175537,6.513277530670166,6.349231243133545
440000,450001,17,9,252,186,0,19899.36328125,267.6203308105469,156.33216857910156,77.77095031738281,45.56953048706055,30.76593589782715,22.19367790222168,16.415861129760742,12.486892700195312,10.840259552001953,9.789916038513184,9.35958480834961,8.334603309631348,7.898008346557617,7.188099384307861,7.121618747711182,6.434834957122803,14467.9208984375,147.53524780273438,63.47392272949219,28.47782325744629,16.42301368713379,10.533928871154785,8.993122100830078,8.261866569519043,7.346067428588867
440000,450001,17,9,252,186,1,19892.55859375,264.5423583984375,154.84365844726562,77.88813781738281,46.11531066894531,30.98991584777832,21.514543533325195,15.979228019714355,12.183431625366211,10.326322555541992,9.471725463867188,9.109715461730957,8.537328720092773,7.649545669555664,7.214951038360596,6.78552770614624,5.903659820556641,14464.1171875,147.08316040039062,63.92056655883789,28.75560188293457,15.505064010620117,10.367280006408691,8.807747840881348,8.332052230834961,7.348995208740234
445000,455001,17,9,251,191,0,21004.302734375,248.11485290527344,122.57131958007812,49.114479064941406,31.238073348999023,22.846065521240234,16.353506088256836,13.307482719421387,10.861479759216309,10.432226181030273,8.52038288116455,7.4918646812438965,7.161245346069336,6.9797492027282715,6.064876556396484,5.538890361785889,5.390145778656006,15289.04296875,126.27356719970703,43.19624710083008,20.863136291503906,12.906393051147461,9.187763214111328,7.017204284667969,6.9136061668396,5.925820350646973
445000,455001,17,9,251,191,1,20991.67578125,247.2433624267578,121.42202758789062,50.070701599121094,31.420764923095703,22.84450340270996,16.550655364990234,12.623053550720215,10.390097618103027,9.33903980255127,8.261695861816406,6.924060821533203,6.7000885009765625,6.620460033416748,5.67578125,5.475987911224365,5.392396450042725,15279.0810546875,124.99715423583984,44.280906677246094,20.28548812866211,12.109476089477539,8.597798347473145,6.856091022491455,6.50624942779541,5.688021183013916
450000,460001,17,9,253,203,0,23021.19921875,374.1232604980469,200.28475952148438,97.30332946777344,61.68899917602539,33.46505355834961,24.70436668395996,18.555150985717773,16.5209903717041,13.792141914367676,13.692523956298828,12.660341262817383,11.652443885803223,10.89992618560791,10.439597129821777,10.064911842346191,9.690845489501953,16743.87890625,204.04705810546875,80.5828628540039,31.89763641357422,19.57767677307129,13.553194046020508,12.973435401916504,11.360477447509766,10.851963996887207
450000,460001,17,9,253,203,1,23013.25390625,375.3382568359375,201.16383361816406,99.59854125976562,61.11966323852539,33.598758697509766,24.01321029663086,18.992639541625977,16.86977767944336,13.756864547729492,13.42647933959961,13.027265548706055,11.278773307800293,10.914997100830078,10.300694465637207,9.699603080749512,9.588447570800781,16738.279296875,205.93458557128906,81.13662719726562,31.755348205566406,19.149925231933594,13.696295738220215,12.550873756408691,11.270658493041992,10.79830551147461
455000,465001,17,9,251,191,0,25706.89453125,267.0543212890625,135.8063201904297,67.58197021484375,34.10508346557617,21.41341209411621,17.296960830688477,14.381139755249023,13.384130477905273,11.491057395935059,10.951175689697266,10.516861915588379,10.112384796142578,9.914453506469727,9.21751880645752,8.652926445007324,7.758322238922119,18699.5390625,131.89231872558594,50.77132797241211,19.156150817871094,14.189188003540039,11.447568893432617,10.30014419555664,9.838031768798828,8.566290855407715
455000,465001,17,9,251,191,1,25699.14453125,267.638916015625,136.35581970214844,67.0293197631836,34.943660736083984,22.32303810119629,18.446443557739258,14.825927734375,13.370429992675781,11.746935844421387,10.887822151184082,10.308104515075684,10.112846374511719,9.619841575622559,9.452420234680176,9.067131996154785,7.973904132843018,18694.328125,131.65206909179688,50.90838623046875,20.451675415039062,14.402634620666504,11.237244606018066,10.127374649047852,9.5267972946167,8.700200080871582
460000,470001,17,9,254,197,0,27229.162109375,232.4073944091797,126.20336151123047,63.42389678955078,37.148155212402344,24.336231231689453,19.18746566772461,15.035253524780273,13.19864273071289,11.911850929260254,9.53157901763916,9.215437889099121,9.083290100097656,8.123839378356934,7.472667217254639,7.368869781494141,6.5007758140563965,19835.751953125,112.5140151977539,49.82818603515625,21.74760627746582,14.922457695007324,11.282840728759766,9.240589141845703,8.965851783752441,7.453366756439209
460000,470001,17,9,254,197,1,27236.615234375,236.4057159423828,127.42533111572266,64.36580657958984,36.46571350097656,24.14947509765625,19.042081832885742,14.879951477050781,13.046880722045898,12.04067611694336,9.849339485168457,8.88137149810791,8.397079467773438,8.173727035522461,7.472122669219971,7.311313629150391,7.015862941741943,19842.619140625,113.81170654296875,50.59611892700195,20.999067306518555,14.68520736694336,11.166447639465332,9.1159086227417,8.301599502563477,7.59105110168457
465000,475001,17,9,252,192,0,28718.33984375,244.50286865234375,142.91748046875,70.16959381103516,41.15907287597656,25.064546585083008,15.00114917755127,13.174428939819336,10.491270065307617,10.351585388183594,9.50639820098877,8.596174240112305,7.93717622756958,7.23494815826416,7.075536727905273,6.756285667419434,6.281980514526367,20891.9296875,139.67173767089844,52.20817565917969,23.511381149291992,13.597378730773926,10.37337875366211,8.064804077148438,7.602024555206299,6.578207969665527
465000,475001,17,9,252,192,1,28723.28515625,242.5218048095703,141.2118377685547,69.87895965576172,40.61563491821289,24.276493072509766,15.25536823272705,13.693503379821777,10.259709358215332,9.647546768188477,9.453034400939941,8.25445556640625,7.724329948425293,7.441319942474365,7.109662055969238,6.965557098388672,6.13905668258667,20895.427734375,137.42652893066406,51.90068054199219,22.441774368286133,13.408441543579102,9.928613662719727,7.98725700378418,7.74252462387085,6.342784404754639
470000,480001,17,9,254,204,0,30200.462890625,278.16522216796875,116.13651275634766,44.17913055419922,23.05082893371582,16.047855377197266,12.6494140625,10.370418548583984,9.371087074279785,7.830079555511475,7.491357326507568,6.980173110961914,6.484451770782471,5.882781505584717,5.775631427764893,5.602216720581055,5.283329010009766,21985.31640625,129.06509399414062,36.33168411254883,15.157270431518555,10.600712776184082,7.8904595375061035,6.983455657958984,5.982899188995361,5.580803394317627
470000,480001,17,9,254,204,1,30185.62890625,280.5142517089844,118.94673919677734,44.05413818359375,24.467876434326172,15.905457496643066,13.719115257263184,10.481466293334961,9.008733749389648,8.564282417297363,7.555286407470703,6.92742919921875,6.217777729034424,5.867178440093994,5.51666259765625,4.941864967346191,4.63240909576416,21974.59375,130.8121337890625,36.555912017822266,15.107776641845703,11.05364990234375,8.138340950012207,6.528737545013428,5.427839756011963,4.993836402893066
475000,485001,17,9,250,196,0,30482.09765625,220.64376831054688,96.7640151977539,40.454132080078125,24.77581787109375,15.151082038879395,12.630013465881348,9.95289134979248,8.943589210510254,8.48420524597168,7.195113658905029,6.8348541259765625,6.499650001525879,6.1739044189453125,5.758649826049805,5.3583292961120605,5.147036075592041,22168.849609375,101.7227783203125,38.40280532836914,13.952183723449707,9.972860336303711,8.909488677978516,6.964139938354492,6.164621829986572,5.96016788482666
475000,485001,17,9,250,196,1,30494.529296875,220.05751037597656,97.15925598144531,41.66703414916992,26.057785034179688,14.752182006835938,13.780489921569824,10.170140266418457,9.526304244995117,8.60080337524414,7.157342910766602,6.828780174255371,6.5047807693481445,6.265339374542236,5.90342378616333,5.682855606079102,5.480226993560791,22178.203125,103.04557800292969,38.21982955932617,13.95432186126709,10.210201263427734,8.34303092956543,6.976578712463379,6.571139335632324,5.756972789764404
480000,490001,17,9,252,199,0,31360.140625,250.9677734375,108.42494201660156,30.982383728027344,17.537090301513672,12.435511589050293,9.144675254821777,7.723021030426025,6.914710998535156,5.880612373352051,5.470311164855957,5.307021617889404,5.062869548797607,4.421178340911865,4.191615104675293,4.008629322052002,3.6164309978485107,22814.1484375,118.06983947753906,28.433080673217773,10.81721019744873,7.2019171714782715,5.666325092315674,5.273313522338867,4.3446550369262695,3.8564651012420654
480000,490001,17,9,252,199,1,31365.447265625,253.73133850097656,108.11903381347656,30.613298416137695,16.269832611083984,11.480587005615234,8.517680168151855,7.9546356201171875,6.653658866882324,5.7607316970825195,5.581040382385254,5.084729194641113,4.899146556854248,4.689906120300293,4.115869045257568,4.018161296844482,3.6858749389648438,22817.244140625,117.19059753417969,28.174917221069336,9.819602012634277,7.294053554534912,5.550747394561768,5.0572123527526855,4.717551231384277,3.8452866077423096
485000,495001,17,9,254,189,0,31717.0390625,171.6316680908203,94.924072265625,37.39168930053711,21.33683204650879,15.02769660949707,12.407055854797363,8.299720764160156,7.252124309539795,6.637742042541504,6.038604259490967,5.635184288024902,5.256998062133789,5.054898262023926,4.668354511260986,4.240981101989746,3.9222238063812256,23073.017578125,84.56636047363281,34.61688995361328,13.66191291809082,8.32972526550293,6.508626461029053,5.57587194442749,4.838049411773682,4.0603790283203125
485000,495001,17,9,254,189,1,31703.67578125,173.17425537109375,94.99186706542969,38.53362274169922,21.538410186767578,15.051998138427734,11.663257598876953,8.395451545715332,7.7138824462890625,6.44723653793335,6.226560115814209,5.865966320037842,5.084178924560547,4.955550670623779,4.628687858581543,4.50277042388916,3.80790114402771,23062.884765625,85.8673095703125,35.415279388427734,13.527451515197754,8.261134147644043,7.034692764282227,5.274782180786133,4.729145050048828,3.975430965423584
490000,500001,17,9,254,203,0,32102.693359375,241.5431365966797,105.1851577758789,32.00737762451172,19.25750160217285,13.281824111938477,9.51603889465332,8.682172775268555,8.149258613586426,7.6775126457214355,7.537572860717773,7.409816265106201,6.862895488739014,6.697561740875244,6.408792018890381,6.053740501403809,5.760373592376709,23340.400390625,113.64893341064453,31.235008239746094,11.387928009033203,8.73587417602539,7.405541896820068,7.378774642944336,6.987457752227783,6.332601547241211
490000,500001,17,9,254,203,1,32101.767578125,241.07928466796875,105.22805786132812,33.22336196899414,18.580110549926758,13.675131797790527,10.382303237915039,9.689730644226074,8.802099227905273,8.336161613464355,8.180501937866211,7.897553443908691,7.684260845184326,6.923883438110352,6.827136039733887,6.284390926361084,6.07396125793457,23340.6171875,112.76232147216797,31.260408401489258,11.529777526855469,9.93565559387207,8.422396659851074,7.981696605682373,7.4523210525512695,7.008786201477051
495000,505001,17,9,254,207,0,32328.125,216.4733123779297,99.41447448730469,28.75210189819336,17.612600326538086,10.377070426940918,8.841486930847168,7.436061859130859,6.684391975402832,6.14630651473999,5.6608710289001465,5.4421305656433105,4.959146976470947,4.57338285446167,4.384945869445801,4.15402889251709,3.9497830867767334,23526.703125,108.28709411621094,29.327302932739258,10.122699737548828,7.592843055725098,5.656174659729004,5.147573471069336,4.663228511810303,4.419201850891113
495000,505001,17,9,254,207,1,32335.41015625,214.63865661621094,98.68753814697266,29.428050994873047,17.710790634155273,10.291916847229004,8.314884185791016,7.163204193115234,6.575294017791748,6.157830715179443,5.66045618057251,5.196359157562256,4.972699165344238,4.512574672698975,4.414175033569336,4.1393256187438965,3.896991729736328,23532.37890625,107.05789947509766,29.20602035522461,10.156597137451172,7.243393421173096,5.701669692993164,5.131239414215088,4.474341869354248,4.074242115020752
500000,510001,17,9,250,186,0,32266.74609375,201.30918884277344,85.83411407470703,31.724456787109375,15.603644371032715,11.031713485717773,10.246085166931152,9.759566307067871,9.033419609069824,8.438803672790527,8.049047470092773,7.565913677215576,7.337471008300781,7.197549343109131,6.794943809509277,6.61801815032959,5.847853660583496,23469.275390625,89.90534973144531,27.079805374145508,11.227607727050781,9.046614646911621,8.226704597473145,7.913556098937988,7.176642417907715,7.018517017364502
500000,510001,17,9,250,186,1,32268.162109375,205.04318237304688,85.82791900634766,30.67698097229004,15.810569763183594,10.762701988220215,9.204026222229004,8.679350852966309,8.3482666015625,7.996723651885986,7.556981086730957,7.291364669799805,6.998698711395264,6.644333362579346,6.451171875,6.014394760131836,5.520140171051025,23469.296875,90.9272689819336,27.12533187866211,10.32884407043457,8.068669319152832,7.738612651824951,7.500990390777588,6.779356002807617,6.61181640625
505000,515001,17,9,252,194,0,32665.564453125,248.8023223876953,90.3655014038086,28.63792610168457,16.683303833007812,11.585823059082031,9.416280746459961,8.779550552368164,7.620303153991699,7.215399265289307,6.4528303146362305,6.426234245300293,5.820586204528809,5.808073997497559,5.767240524291992,5.365095615386963,4.964944839477539,23773.390625,106.46219635009766,26.8461971282959,10.300641059875488,8.637479782104492,7.5273051261901855,6.358978271484375,6.0686845779418945,5.730804443359375
505000,515001,17,9,252,194,1,32670.8203125,250.3202667236328,90.54390716552734,28.599878311157227,16.629554748535156,11.09417724609375,8.670282363891602,8.00994873046875,7.131802558898926,6.582217693328857,6.467700481414795,5.980716228485107,5.617858409881592,5.480489253997803,5.299996376037598,4.795219898223877,4.623220920562744,23776.779296875,107.03823852539062,26.940200805664062,9.677146911621094,7.898442268371582,7.071735382080078,5.823907852172852,5.513172626495361,5.221529483795166
510000,520001,17,9,256,197,0,33071.65234375,201.8400421142578,84.86030578613281,33.17898941040039,14.705440521240234,10.54358196258545,8.192719459533691,7.01523494720459,5.771468162536621,5.211131572723389,5.00250244140625,4.784167766571045,4.639614582061768,4.259498119354248,4.0716166496276855,3.8941564559936523,3.7899997234344482,24058.50390625,92.50558471679688,28.45039939880371,10.003098487854004,6.606866359710693,5.012414455413818,4.626972675323486,4.422646999359131,3.9183924198150635
510000,520001,17,9,256,197,1,33078.34765625,200.0362548828125,84.14757537841797,33.54479217529297,14.458356857299805,11.015170097351074,8.442106246948242,6.582711219787598,5.741596698760986,5.04808235168457,4.752445697784424,4.521945953369141,4.288266181945801,4.256134033203125,4.063509464263916,3.7976741790771484,3.434349775314331,24063.76171875,91.65666198730469,27.764101028442383,9.415558815002441,5.749472141265869,5.257354736328125,4.447057247161865,4.331961631774902,3.6713483333587646
515000,525001,17,9,252,199,0,32927.140625,199.9286651611328,80.1469497680664,26.582027435302734,14.846919059753418,9.372922897338867,7.402559757232666,6.373856067657471,5.7007737159729,5.004180431365967,4.656336307525635,4.28517484664917,4.234032154083252,3.9748127460479736,3.7128658294677734,3.585702896118164,3.340771198272705,23961.126953125,85.5959701538086,23.896224975585938,9.279844284057617,6.19985294342041,4.855579376220703,4.376523494720459,3.930636405944824,3.702094078063965
515000,525001,17,9,252,199,1,32937.08203125,198.55043029785156,80.0326919555664,25.60087776184082,14.443880081176758,9.603597640991211,7.075148105621338,6.245472431182861,5.446218490600586,4.811964511871338,4.654838562011719,4.290803909301758,4.156294822692871,3.8379549980163574,3.6252753734588623,3.437338352203369,3.1634533405303955,23968.263671875,84.06073760986328,24.165098190307617,9.032767295837402,6.257857799530029,4.7385640144348145,4.422897815704346,4.099006652832031,3.2622318267822266
520000,530001,17,9,253,202,0,33089.18359375,181.22488403320312,85.78640747070312,27.122894287109375,13.49710464477539,8.660237312316895,7.3788251876831055,5.941545486450195,5.127108097076416,4.024064064025879,3.7206647396087646,3.6307406425476074,3.5685722827911377,3.3986618518829346,3.0275073051452637,2.8616578578948975,2.352564811706543,24082.47265625,89.29320526123047,24.474376678466797,8.223530769348145,5.521143436431885,4.156399726867676,3.678248405456543,3.558326005935669,2.9153034687042236
520000,530001,17,9,253,202,1,33091.34375,181.2357177734375,86.4276351928711,27.762939453125,13.829158782958984,9.106785774230957,7.803449630737305,6.446282386779785,4.846599578857422,4.413464546203613,3.6851954460144043,3.4680817127227783,3.3208701610565186,3.1146507263183594,3.0151634216308594,2.8263437747955322,2.486307144165039,24083.75390625,88.67585754394531,24.3708438873291,8.890944480895996,5.394257545471191,4.7214789390563965,3.575791597366333,3.2805113792419434,3.1363842487335205
525000,535001,17,9,250,201,0,33089.19921875,205.62562561035156,80.0110092163086,30.47760581970215,17.076871871948242,10.83928394317627,7.754131317138672,6.432782173156738,5.934082508087158,5.599817752838135,5.419341564178467,5.14881706237793,5.018911838531494,4.80128288269043,4.696000099182129,4.579403400421143,4.145894527435303,24077.533203125,90.14814758300781,24.309389114379883,9.442756652832031,6.081894397735596,5.548690319061279,5.276076316833496,5.0296149253845215,4.406872272491455
525000,535001,17,9,250,201,1,33085.60546875,203.49526977539062,78.89368438720703,29.865345001220703,15.857402801513672,10.371037483215332,7.253751277923584,6.179842948913574,5.522420406341553,5.319148063659668,5.116577625274658,4.884897232055664,4.639598846435547,4.310050010681152,4.093570709228516,3.9078311920166016,3.668827533721924,24074.07421875,89.15411376953125,24.058725357055664,8.547463417053223,5.953253269195557,5.409191131591797,4.845450401306152,4.412130832672119,3.996887683868408
530000,540001,17,9,254,199,0,33498.55078125,172.96047973632812,74.9354248046875,27.265594482421875,15.238112449645996,9.072674751281738,7.725521087646484,6.205447196960449,5.475583553314209,5.083763122558594,4.835137844085693,4.582435607910156,4.362393856048584,4.181895732879639,4.024104595184326,3.8637237548828125,3.71150541305542,24365.61328125,82.02830505371094,24.28435516357422,8.34096908569336,6.2012248039245605,4.828461170196533,4.728540420532227,4.2437615394592285,3.997405767440796
530000,540001,17,9,254,199,1,33495.9765625,172.72738647460938,75.75257873535156,27.277753829956055,15.255714416503906,8.579032897949219,7.172399997711182,5.871258735656738,5.106167316436768,5.015120029449463,4.6949381828308105,4.597822666168213,4.368072032928467,4.249942302703857,3.994048833847046,3.744609832763672,3.6438395977020264,24364.24609375,81.51959991455078,24.62872886657715,8.048882484436035,5.932219982147217,4.683483600616455,4.58854866027832,4.231766223907471,3.9144983291625977
535000,545001,17,9,253,211,0,33465.6875,166.3617401123047,91.99878692626953,24.04721450805664,13.834641456604004,8.54566764831543,6.704613208770752,4.882818222045898,4.7657341957092285,4.10825252532959,3.773056745529175,3.5568697452545166,3.3454577922821045,3.221256732940674,3.0405242443084717,2.8743629455566406,2.5985138416290283,24349.044921875,91.05652618408203,20.342548370361328,8.271742820739746,5.002498626708984,3.9218039512634277,3.5306601524353027,3.2453596591949463,3.0396811962127686
535000,545001,17,9,253,211,1,33463.109375,168.31690979003906,91.38919067382812,24.71182632446289,14.491231918334961,8.75018310546875,6.895493984222412,5.256994247436523,4.701446533203125,4.126553535461426,3.741243839263916,3.6221237182617188,3.4996325969696045,3.2284152507781982,3.1163547039031982,2.980433464050293,2.7064836025238037,24346.7421875,90.84497833251953,20.993532180786133,8.8990478515625,5.041188716888428,3.7492282390594482,3.5476460456848145,3.1972813606262207,3.0265088081359863
540000,550001,17,9,253,201,0,33511.96484375,204.74020385742188,78.90979766845703,27.36568832397461,14.157425880432129,9.496792793273926,6.42020845413208,5.301515102386475,5.106452941894531,4.334762096405029,4.1192450523376465,3.910508632659912,3.7439351081848145,3.5968804359436035,3.497671127319336,3.3690006732940674,3.1275062561035156,24376.4921875,91.13665008544922,24.92975616455078,8.441458702087402,5.249842643737793,4.763150215148926,3.827157735824585,3.715953826904297,3.38457989692688
540000,550001,17,9,253,201,1,33511.48828125,205.11141967773438,79.60102844238281,27.654895782470703,14.49527645111084,9.427410125732422,6.744140148162842,5.244283199310303,5.180216312408447,4.729423522949219,4.609206199645996,4.2713446617126465,4.155328750610352,4.109410762786865,3.7749269008636475,3.4203832149505615,3.2487075328826904,24376.388671875,91.54112243652344,25.459352493286133,8.335993766784668,5.783731937408447,4.779165744781494,4.325432300567627,4.138121128082275,3.730597496032715
545000,555001,17,9,251,203,0,33501.24609375,183.60142517089844,84.31793975830078,28.908048629760742,15.63804817199707,9.63425064086914,8.3075532913208,6.59837007522583,5.909504413604736,5.457175254821777,5.028967380523682,4.987076282501221,4.661003112792969,4.183998107910156,4.002983093261719,3.8312249183654785,3.5898659229278564,24370.302734375,85.9295883178711,24.433425903320312,9.513551712036133,6.710135459899902,5.298381328582764,4.969573497772217,4.542524814605713,4.164108753204346
545000,555001,17,9,251,203,1,33491.00390625,182.6067657470703,83.88337707519531,29.12221908569336,15.388833999633789,8.521283149719238,8.106234550476074,5.652358531951904,5.113576889038086,4.889513969421387,4.465206623077393,4.067259788513184,3.917292833328247,3.8807594776153564,3.7591652870178223,3.39357328414917,3.25278639793396,24362.326171875,85.04873657226562,24.596921920776367,8.779799461364746,5.782008171081543,4.529610633850098,3.977346897125244,3.9510743618011475,3.5984206199645996
550000,560001,17,9,247,195,0,33315.01953125,196.43003845214844,76.96546173095703,25.283756256103516,13.047094345092773,8.62714672088623,7.031516075134277,5.8500237464904785,5.581662178039551,5.248244285583496,4.951101779937744,4.797295093536377,4.44133996963501,4.231052875518799,4.136700630187988,3.7859325408935547,3.3018598556518555,24239.51953125,89.31993865966797,21.732725143432617,7.715920448303223,6.1708855628967285,4.902514934539795,4.678169250488281,4.285336017608643,3.760026693344116
550000,560001,17,9,247,195,1,33316.84765625,199.2384796142578,78.33634948730469,25.64546775817871,13.62574291229248,9.130814552307129,7.167032718658447,6.22636079788208,5.679215431213379,5.3802337646484375,5.177531719207764,5.0759196281433105,4.590776443481445,4.36773681640625,4.27028226852417,3.9835362434387207,3.6316628456115723,24240.20703125,90.83939361572266,21.955488204956055,8.165902137756348,6.242504119873047,4.994921684265137,4.644606113433838,4.32238245010376,4.068594455718994
555000,565001,17,9,253,201,0,33873.9140625,195.8942413330078,83.10908508300781,29.63128662109375,16.41364097595215,12.10338020324707,10.372871398925781,9.518863677978516,9.035306930541992,8.361920356750488,8.200788497924805,7.80314826965332,7.54292106628418,7.265985012054443,6.987783432006836,6.510404109954834,6.051764965057373,24648.875,89.86790466308594,24.767425537109375,10.778255462646484,8.513797760009766,8.125022888183594,7.82423734664917,7.231357574462891,7.051301956176758
555000,565001,17,9,253,201,1,33882.5,193.15736389160156,83.4015884399414,30.076322555541992,16.238178253173828,11.573389053344727,9.892868041992188,9.298285484313965,8.671175003051758,8.359418869018555,8.075909614562988,7.768890380859375,7.384616374969482,7.196351528167725,6.55046272277832,6.251590251922607,5.951467037200928,24655.228515625,89.29882049560547,24.780458450317383,10.246963500976562,8.602615356445312,8.007420539855957,7.50820779800415,7.156370639801025,6.44588041305542
560000,570001,17,9,251,198,0,33867.859375,192.60379028320312,87.13249969482422,29.843538284301758,15.542588233947754,9.94775390625,8.126555442810059,7.5045881271362305,7.163074016571045,6.754551410675049,6.550291538238525,5.97482967376709,5.812213897705078,5.605931282043457,5.234316349029541,5.124297142028809,4.8227128982543945,24651.115234375,96.38906860351562,25.230201721191406,8.501426696777344,7.315983295440674,6.474416255950928,6.0648884773254395,5.631937026977539,5.4116387367248535
560000,570001,17,9,251,198,1,33865.21484375,191.36160278320312,87.63031005859375,29.65850830078125,14.826139450073242,9.701613426208496,7.717233180999756,7.382108211517334,6.965419292449951,6.807198524475098,6.538729667663574,6.129950046539307,5.679738998413086,5.547450542449951,5.20184326171875,5.106063365936279,5.069537162780762,24649.28515625,96.1382064819336,25.383838653564453,8.238121032714844,7.1348443031311035,6.557488918304443,5.96478796005249,5.7863922119140625,5.465389251708984
565000,575001,17,9,249,201,0,33823.4609375,191.2039794921875,77.67257690429688,30.31723976135254,16.6629581451416,9.660296440124512,8.286211967468262,6.724663734436035,5.319061756134033,4.833536148071289,4.442224502563477,4.171696186065674,4.026139259338379,3.2699315547943115,3.2093048095703125,3.0423192977905273,2.9872469902038574,24605.638671875,89.4021987915039,24.999454498291016,8.843344688415527,6.245880126953125,4.616532325744629,4.1751389503479,3.369781494140625,3.1615054607391357
565000,575001,17,9,249,201,1,33822.4765625,190.78062438964844,76.95610809326172,29.00538444519043,16.242916107177734,9.086935997009277,7.639768123626709,5.629868507385254,5.092871189117432,4.35886287689209,3.997982978820801,3.700519323348999,3.5482563972473145,3.253030776977539,3.0296926498413086,2.91872501373291,2.4918036460876465,24604.267578125,89.39640045166016,25.165966033935547,8.385802268981934,5.331645965576172,3.9552745819091797,3.710930824279785,3.185845136642456,2.894483804702759
570000,580001,17,9,254,194,0,34270.1328125,180.89126586914062,89.1345443725586,28.894268035888672,15.849252700805664,10.328566551208496,7.125595569610596,6.408906936645508,6.089624881744385,5.183348178863525,5.088715076446533,4.7700042724609375,4.610647678375244,4.401614189147949,4.328845024108887,3.992363452911377,3.633563280105591,24938.578125,91.42949676513672,21.4915828704834,8.902475357055664,5.866023540496826,4.923343658447266,4.662480354309082,4.458841800689697,4.00773286819458
570000,580001,17,9,254,194,1,34261.74609375,178.9997100830078,88.40560150146484,28.893274307250977,15.667701721191406,10.047411918640137,7.760488033294678,6.3857903480529785,5.776793479919434,5.1021246910095215,4.916197299957275,4.63435173034668,4.5091962814331055,4.204165935516357,3.9646759033203125,3.847243547439575,3.2720773220062256,24931.953125,90.1697998046875,21.607255935668945,9.23313045501709,6.1473708152771,5.057489395141602,4.509405136108398,4.204059600830078,3.8568596839904785
575000,585001,17,9,253,208,0,34310.234375,184.97930908203125,88.67359161376953,26.225069046020508,13.494741439819336,8.500405311584473,6.765349388122559,5.760059356689453,4.927779674530029,4.392603874206543,3.99690842628479,3.582474946975708,3.3013930320739746,3.137023687362671,2.942559003829956,2.76741099357605,2.7005929946899414,24968.51171875,95.8472900390625,23.530527114868164,7.795578479766846,5.513430118560791,4.555274486541748,3.4173173904418945,3.321761131286621,2.8473353385925293
575000,585001,17,9,253,208,1,34307.140625,184.8505401611328,89.42182159423828,27.27439308166504,14.200152397155762,9.150532722473145,6.822125434875488,5.412697792053223,4.222039222717285,4.0156731605529785,3.3708465099334717,3.24800181388855,3.033863067626953,2.800792694091797,2.6297836303710938,2.4401729106903076,2.3494179248809814,24965.734375,96.45530700683594,24.143280029296875,7.8938469886779785,4.759466171264648,3.576693058013916,2.9574029445648193,2.718458890914917,2.4831435680389404
580000,590001,17,9,251,194,0,34234.625,193.12472534179688,80.84883880615234,31.265653610229492,17.566614151000977,12.94531536102295,11.141778945922852,10.99486255645752,10.19272232055664,9.729811668395996,9.281570434570312,8.690937042236328,8.214351654052734,7.579995632171631,7.356142520904541,6.779214382171631,6.385545253753662,24912.8125,82.29647827148438,26.561552047729492,11.660183906555176,10.052139282226562,9.270791053771973,8.834169387817383,7.712962627410889,7.570767402648926
580000,590001,17,9,251,194,1,34240.46875,192.9686737060547,80.76841735839844,30.924678802490234,18.053115844726562,13.020981788635254,11.060874938964844,10.824580192565918,9.792590141296387,9.616236686706543,9.081392288208008,8.388679504394531,8.065459251403809,7.720314979553223,6.9611496925354,6.336981773376465,6.242433547973633,24917.119140625,82.3468017578125,26.5873966217041,11.550395965576172,9.902032852172852,9.042884826660156,8.555655479431152,8.038200378417969,7.3002705574035645
585000,595001,17,9,254,209,0,34791.61328125,233.1381378173828,89.32493591308594,30.38351058959961,16.61310577392578,10.240915298461914,9.682595252990723,9.461259841918945,8.2952299118042,7.592413425445557,7.358407497406006,7.084475994110107,6.965556621551514,6.855411529541016,6.593796730041504,6.264266014099121,5.969661235809326,25302.703125,97.94793701171875,25.704259872436523,9.587550163269043,8.913207054138184,7.716461181640625,7.047367572784424,6.852210521697998,6.59323787689209
585000,595001,17,9,254,209,1,34798.8671875,235.12362670898438,89.47908020019531,30.416458129882812,16.77410888671875,10.708395004272461,9.60524845123291,9.061043739318848,8.427962303161621,7.869192600250244,7.649109363555908,7.1236138343811035,6.902234077453613,6.555490970611572,6.361374378204346,6.134090423583984,5.7765069007873535,25308.33984375,99.04923248291016,25.468210220336914,10.065011978149414,8.297449111938477,7.810472011566162,7.338157653808594,6.444077014923096,6.333928108215332
590000,600001,17,9,252,203,0,35091.53515625,210.85433959960938,96.89141082763672,29.749473571777344,19.86615562438965,11.813441276550293,9.333751678466797,7.744204998016357,6.972304821014404,6.176135063171387,5.311635971069336,5.240084171295166,5.0773539543151855,4.670075416564941,4.522557258605957,4.306049823760986,4.093769073486328,25530.11328125,102.14922332763672,28.992834091186523,11.57977294921875,6.990514278411865,5.5027337074279785,4.924204349517822,4.751395225524902,4.492509841918945
590000,600001,17,9,252,203,1,35099.51171875,211.35659790039062,96.22256469726562,29.194089889526367,19.48824119567871,12.027779579162598,8.398370742797852,7.652502536773682,6.088862419128418,5.87080717086792,5.468506813049316,5.0089592933654785,4.900177478790283,4.64982271194458,4.409299850463867,4.319365501403809,4.000905990600586,25536.224609375,101.88065338134766,28.760787963867188,11.029047966003418,6.670010089874268,5.463193893432617,5.114634037017822,4.8982133865356445,4.330275058746338
595000,605001,17,9,252,204,0,35494.88671875,235.2609100341797,89.37657928466797,31.54955291748047,18.142927169799805,11.287506103515625,10.357392311096191,8.396123886108398,7.995809555053711,7.091567039489746,6.934977054595947,6.4882731437683105,6.389095783233643,5.93381929397583,5.6769490242004395,4.858003616333008,4.641434669494629,25830.548828125,101.51834869384766,28.040355682373047,10.29817008972168,8.421908378601074,6.985739231109619,6.3890862464904785,5.96054744720459,5.043812274932861
595000,605001,17,9,252,204,1,35489.2734375,233.50294494628906,89.191162109375,33.19150924682617,18.069923400878906,11.310002326965332,10.7191801071167,8.612566947937012,7.932766437530518,7.358364105224609,7.059842586517334,6.787163257598877,6.657331943511963,5.88562536239624,5.735448360443115,5.340202331542969,4.8998308181762695,25826.0390625,101.39325714111328,28.977190017700195,10.60041618347168,8.452250480651855,6.965909481048584,6.812704086303711,5.869406700134277,5.652956008911133
600000,610001,17,9,251,204,0,35982.5234375,269.6469421386719,112.26746368408203,45.62561798095703,21.910682678222656,13.75635051727295,11.05707836151123,8.952530860900879,7.972268581390381,6.550193786621094,6.072219371795654,5.607458114624023,4.972035884857178,4.81602668762207,4.46893835067749,4.369831085205078,4.102041721343994,26174.896484375,136.681884765625,30.238994598388672,12.727130889892578,7.996175765991211,5.693686485290527,5.276730060577393,4.995064735412598,4.473904132843018
600000,610001,17,9,251,204,1,35983.1484375,273.4951171875,112.6912612915039,45.397579193115234,21.775047302246094,13.558793067932129,10.734129905700684,9.184507369995117,7.792595386505127,6.5513105392456055,6.319889545440674,5.59332799911499,5.393141269683838,4.730837821960449,4.458360195159912,4.164914608001709,3.7274909019470215,26174.986328125,137.49281311035156,30.47110939025879,12.076678276062012,7.9804558753967285,6.318085193634033,5.664886474609375,5.205009937286377,4.389979362487793
605000,615001,17,9,254,205,0,37069.16796875,263.3946533203125,113.55461883544922,38.15290832519531,18.924949645996094,14.519338607788086,10.596977233886719,9.80429744720459,9.751762390136719,9.185454368591309,9.126483917236328,8.465255737304688,8.193678855895996,8.11972713470459,7.536116600036621,7.498352527618408,6.125181674957275,26965.138671875,127.04693603515625,30.451982498168945,12.640050888061523,9.627140998840332,9.073213577270508,9.004091262817383,7.8852620124816895,7.127395153045654
605000,615001,17,9,254,205,1,37081.17578125,262.31744384765625,113.08535766601562,38.26756286621094,18.98233413696289,14.089515686035156,10.835803985595703,9.77367115020752,9.431037902832031,9.272272109985352,8.711307525634766,8.325444221496582,7.957217693328857,7.864487171173096,7.605439186096191,7.147200584411621,6.544753074645996,26974.71875,125.70854187011719,29.342267990112305,12.326895713806152,9.398813247680664,8.733521461486816,8.670280456542969,7.9227519035339355,7.515239238739014
610000,620001,17,9,252,213,0,37187.28515625,227.45846557617188,81.88304901123047,32.46845626831055,15.10490608215332,9.643178939819336,7.1614580154418945,6.0490827560424805,5.710300445556641,4.758569717407227,4.498637676239014,4.305661201477051,4.129184246063232,4.075170993804932,4.025905132293701,3.676187515258789,3.2270545959472656,27045.22265625,101.02981567382812,26.63106346130371,8.974172592163086,5.917916774749756,4.672646522521973,4.37247896194458,4.089412689208984,3.820528745651245
610000,620001,17,9,252,213,1,37171.1953125,229.57769775390625,82.8096694946289,31.14725112915039,15.46217155456543,9.817837715148926,7.619826793670654,5.7666096687316895,5.260627269744873,4.767890930175781,4.599246978759766,4.223987579345703,4.077852249145508,3.9291815757751465,3.7402830123901367,3.4367003440856934,3.3772923946380615,27032.900390625,101.36312103271484,27.050931930541992,9.42599868774414,5.673418045043945,4.6868896484375,4.151332378387451,3.9746110439300537,3.893455743789673
615000,625001,17,9,249,203,0,37028.2734375,218.75701904296875,94.22624969482422,35.011810302734375,18.787132263183594,10.566010475158691,7.957315921783447,6.308774948120117,6.102344512939453,5.675712585449219,5.3905510902404785,4.988699436187744,4.8935394287109375,4.7538371086120605,4.477149963378906,4.454342842102051,3.887650489807129,26938.64453125,98.5246810913086,30.162708282470703,10.04101276397705,6.314332485198975,5.400646209716797,5.041101932525635,4.935677528381348,4.76440954208374
615000,625001,17,9,249,203,1,37026.859375,217.50091552734375,93.31968688964844,33.72797775268555,18.607864379882812,10.443973541259766,7.607860565185547,6.524887561798096,6.185710906982422,5.7975358963012695,5.483047962188721,5.33497953414917,5.062650203704834,4.708535671234131,4.2020673751831055,4.095907211303711,3.8264734745025635,26937.52734375,98.03046417236328,30.425098419189453,9.05408000946045,6.93317174911499,5.791492462158203,5.244059085845947,4.786399841308594,4.626397132873535
620000,630001,17,9,250,203,0,37530.0390625,180.25086975097656,83.91033172607422,27.887561798095703,16.87767219543457,9.45322036743164,8.206538200378418,7.3623247146606445,6.826767921447754,6.477684497833252,6.2978901863098145,6.006348133087158,5.811687469482422,5.211745738983154,4.898473739624023,4.7414374351501465,4.453906536102295,27310.94921875,89.00254821777344,25.667675018310547,9.113553047180176,7.266929626464844,6.315968036651611,6.216367721557617,5.520646095275879,4.681527137756348
620000,630001,17,9,250,203,1,37538.84375,180.75379943847656,83.50424194335938,26.34777069091797,16.695375442504883,9.961813926696777,7.882009983062744,7.052680492401123,6.524769306182861,6.0658278465271,5.8436784744262695,5.795833110809326,5.317255020141602,5.115014553070068,4.54486083984375,4.400393486022949,4.227626323699951,27317.365234375,88.6995849609375,24.95719337463379,8.863456726074219,6.9279351234436035,5.781433582305908,5.741650104522705,5.1844329833984375,4.555691719055176
625000,635001,17,9,254,208,0,38153.91015625,205.04177856445312,84.96395111083984,27.00129508972168,15.992389678955078,9.151713371276855,6.946902275085449,5.88346529006958,5.350106239318848,4.836459159851074,4.445846080780029,4.201907634735107,3.9606881141662598,3.6508004665374756,3.3551549911499023,3.198453426361084,2.987318277359009,27766.41015625,88.43942260742188,27.269060134887695,8.767658233642578,5.610276222229004,4.405296325683594,4.1251702308654785,3.484297037124634,3.260132074356079
625000,635001,17,9,254,208,1,38155.65625,204.93898010253906,85.20893859863281,27.486536026000977,16.82554054260254,8.9889497756958,7.403655052185059,5.961061477661133,5.0709614753723145,4.549234867095947,4.457026481628418,4.255846977233887,3.979936361312866,3.5772130489349365,3.518634557723999,3.177915573120117,3.124424457550049,27767.64453125,88.65376281738281,27.977575302124023,8.411125183105469,5.455793380737305,4.361995697021484,3.90645694732666,3.732409954071045,3.3475534915924072
630000,640001,17,9,252,208,0,38204.03125,209.2432403564453,81.968505859375,33.58378982543945,16.071210861206055,10.1430025100708,8.251815795898438,6.612828731536865,5.119568824768066,4.9170355796813965,4.772316932678223,4.397545337677002,4.283690929412842,4.132604122161865,3.8461616039276123,3.607121229171753,3.503246545791626,27792.1328125,90.55701446533203,24.842777252197266,8.281304359436035,6.2797441482543945,4.782138347625732,4.448936462402344,4.186022758483887,3.6774652004241943
630000,640001,17,9,252,208,1,38196.2421875,208.32862854003906,81.89886474609375,34.02485275268555,15.660856246948242,10.341238021850586,8.39944076538086,6.492520332336426,5.2376322746276855,4.588998317718506,4.41481351852417,4.137031078338623,4.060793399810791,3.611335277557373,3.5269577503204346,3.4276843070983887,3.1618809700012207,27785.96875,90.21111297607422,25.144073486328125,8.87878131866455,6.1425676345825195,4.2064208984375,4.152133464813232,3.7456986904144287,3.5843021869659424
635000,645001,17,9,252,214,0,38271.1171875,192.07827758789062,82.19911193847656,29.757843017578125,15.95954418182373,10.833966255187988,9.451356887817383,7.045372486114502,6.264967441558838,5.825746536254883,5.529265403747559,4.986767292022705,4.340914249420166,4.083028793334961,3.726694107055664,3.566070795059204,3.440391778945923,27837.365234375,90.47752380371094,24.617578506469727,10.321840286254883,6.660557270050049,6.082672119140625,4.693045616149902,4.415671348571777,3.870131015777588
635000,645001,17,9,252,214,1,38265.12890625,190.73133850097656,81.70742797851562,28.996597290039062,15.654839515686035,10.286307334899902,8.381449699401855,6.815815448760986,6.307011604309082,5.501369476318359,5.237249851226807,4.789558410644531,4.21814489364624,4.096419811248779,3.8469762802124023,3.5121724605560303,3.3491744995117188,27833.341796875,90.54053497314453,23.967670440673828,9.450135231018066,6.203417778015137,5.590131759643555,4.7146897315979,4.370040416717529,3.925997495651245
640000,650001,17,9,251,217,0,38696.9140625,201.1260986328125,88.03166198730469,28.597551345825195,15.515544891357422,11.312183380126953,8.056017875671387,6.910340309143066,6.563343524932861,5.401596546173096,5.201109409332275,4.550624847412109,4.1589250564575195,3.8470571041107178,3.652031183242798,3.382169723510742,3.1597156524658203,28156.265625,97.37811279296875,22.500322341918945,10.350164413452148,6.830175876617432,5.3919548988342285,4.950088024139404,4.300547122955322,3.856997489929199
640000,650001,17,9,251,217,1,38704.140625,203.02406311035156,89.83531188964844,27.97015380859375,15.200533866882324,11.706470489501953,8.635335922241211,6.781919002532959,6.125609874725342,5.494654178619385,5.344498634338379,5.080122470855713,4.4324750900268555,4.352836608886719,3.9227304458618164,3.8059892654418945,3.3857545852661133,28161.85546875,98.536865234375,22.67087173461914,11.151659965515137,6.614355087280273,5.43388557434082,5.317300796508789,4.710690498352051,3.656723737716675
645000,655001,17,9,252,206,0,39073.3359375,170.77362060546875,71.32491302490234,28.845605850219727,15.305670738220215,8.265836715698242,6.935669898986816,5.659894943237305,5.185978889465332,5.043849468231201,4.594910621643066,4.0291337966918945,3.7252914905548096,3.5938992500305176,3.407717227935791,3.319395065307617,3.045092821121216,28420.119140625,76.30142974853516,23.360897064208984,8.445202827453613,5.6092634201049805,4.758387088775635,4.070381164550781,3.5594217777252197,3.3947384357452393
645000,655001,17,9,252,206,1,39089.28125,171.74075317382812,71.2317123413086,28.807823181152344,14.276872634887695,8.134417533874512,6.260613441467285,5.084066867828369,4.425180912017822,4.221756458282471,3.761737108230591,3.5748038291931152,3.233250379562378,3.071258306503296,2.977586030960083,2.7663745880126953,2.6017634868621826,28432.2578125,76.6793441772461,22.799638748168945,8.14923095703125,5.2418670654296875,3.8215692043304443,3.454087734222412,3.1682729721069336,2.953371047973633
650000,660001,17,9,248,211,0,38896.984375,199.718994140625,87.2652587890625,35.084617614746094,16.245304107666016,11.677334785461426,9.131021499633789,8.651129722595215,8.257800102233887,7.65249490737915,7.4000444412231445,7.076747417449951,6.941853046417236,6.458622455596924,5.967221260070801,5.680047512054443,5.4330525398254395,28300.326171875,94.28318786621094,29.442947387695312,10.499167442321777,8.524419784545898,7.296414375305176,6.855195999145508,6.4410080909729,5.945333003997803
650000,660001,17,9,248,211,1,38892.484375,199.72120666503906,87.22113800048828,34.572723388671875,16.886356353759766,12.277091979980469,9.376017570495605,8.2584228515625,7.473143100738525,7.148268222808838,6.953046798706055,6.6328887939453125,6.4000163078308105,5.910560131072998,5.692566394805908,5.409657955169678,5.273637294769287,28296.974609375,94.30113983154297,28.97117805480957,11.043107032775879,8.460835456848145,7.041630268096924,6.490241050720215,6.193310260772705,5.519432544708252
655000,665001,17,9,250,210,0,39365.70703125,179.77127075195312,71.58012390136719,23.725053787231445,13.821005821228027,9.392187118530273,6.608027458190918,5.445197582244873,5.237147808074951,3.9836926460266113,3.8643200397491455,3.6083288192749023,3.2776923179626465,3.0589895248413086,2.884115695953369,2.7321555614471436,2.4852845668792725,28634.814453125,78.94088745117188,21.24723243713379,8.397880554199219,5.375258445739746,4.32074499130249,3.502091884613037,3.1646151542663574,2.949265480041504
655000,665001,17,9,250,210,1,39358.53125,179.026611328125,71.86821746826172,23.89777183532715,13.414445877075195,9.451262474060059,6.7777204513549805,5.4030070304870605,4.6577959060668945,4.225415229797363,3.9564030170440674,3.469325542449951,3.4302172660827637,3.2038514614105225,3.040802478790283,2.9102272987365723,2.5355560779571533,28629.279296875,78.75941467285156,20.6159725189209,8.303733825683594,5.2870001792907715,3.9109814167022705,3.4480624198913574,3.263493299484253,3.2032248973846436
660000,670001,17,9,254,217,0,39679.51953125,193.0385284423828,83.36930084228516,29.27050018310547,14.320323944091797,9.455171585083008,6.42702579498291,6.325068950653076,5.896450519561768,5.7966485023498535,5.310596942901611,5.027606010437012,4.789116382598877,4.454486846923828,4.176392078399658,4.002058506011963,3.8859145641326904,28859.623046875,89.87550354003906,26.943225860595703,8.131901741027832,6.237924098968506,5.07557487487793,4.662604331970215,4.417929172515869,3.9254326820373535
660000,670001,17,9,254,217,1,39685.8203125,195.77308654785156,84.94804382324219,28.780439376831055,14.093215942382812,10.106595039367676,6.731679916381836,6.27098274230957,5.835390567779541,5.34663724899292,4.950967788696289,4.786853790283203,4.545607566833496,4.426520347595215,4.274006366729736,3.8999884128570557,3.7292165756225586,28863.6953125,91.38582611083984,27.274843215942383,8.761030197143555,5.231320858001709,5.135910987854004,4.663248538970947,4.222606182098389,4.01805305480957
665000,675001,17,9,253,216,0,39778.40625,215.63156127929688,85.28877258300781,27.0098934173584,14.981657028198242,9.882523536682129,7.195108890533447,6.348050117492676,5.678149223327637,5.3063788414001465,4.987037658691406,4.8578948974609375,4.774862766265869,4.5394744873046875,4.3411993980407715,4.028278350830078,4.007974147796631,28934.95703125,100.02882385253906,21.392480850219727,8.400455474853516,6.101975917816162,5.362908363342285,4.852534294128418,4.424333095550537,4.204344272613525
665000,675001,17,9,253,216,1,39774.13671875,214.47882080078125,85.55492401123047,27.033174514770508,14.815491676330566,9.4694242477417,7.7735748291015625,6.1532392501831055,5.785133361816406,5.392381191253662,5.0146870613098145,4.799488544464111,4.534422397613525,4.261384010314941,4.035712718963623,4.008464336395264,3.6380481719970703,28932.169921875,99.18635559082031,21.334918975830078,8.79688549041748,5.706928730010986,5.07496976852417,4.587646961212158,4.4843339920043945,4.125964641571045
670000,680001,17,9,253,214,0,39944.92578125,189.48008728027344,74.57606506347656,22.638057708740234,11.967296600341797,8.614737510681152,6.100489616394043,5.542314052581787,5.074897766113281,4.953566551208496,4.648604393005371,4.472988128662109,3.947998523712158,3.8605916500091553,3.714085578918457,3.4679317474365234,3.104879379272461,29060.267578125,81.95321655273438,19.853557586669922,7.144388198852539,5.788181304931641,4.51613187789917,4.367881774902344,4.284182071685791,3.18778133392334
670000,680001,17,9,253,214,1,39952.48828125,189.74728393554688,74.4929428100586,22.873315811157227,11.978562355041504,8.688851356506348,6.320455551147461,5.606709957122803,5.299046039581299,4.7865214347839355,4.503340244293213,4.154651165008545,4.061835765838623,3.9097506999969482,3.7888708114624023,3.689175605773926,3.219968318939209,29065.703125,80.83169555664062,19.66160011291504,7.489919662475586,5.683750629425049,4.45735502243042,4.321475028991699,4.067722797393799,3.460566520690918
675000,685001,17,9,249,208,0,39496.01171875,188.90097045898438,74.55840301513672,27.35466194152832,14.9773530960083,9.005290031433105,6.9245285987854,6.622804641723633,5.809181213378906,5.56167459487915,5.2457098960876465,5.159556865692139,4.9508256912231445,4.666507720947266,4.376349925994873,4.027991771697998,3.7453250885009766,28736.080078125,84.86615753173828,23.488937377929688,8.217439651489258,5.882719039916992,5.397408962249756,5.0760297775268555,5.065019607543945,4.832845211029053
675000,685001,17,9,249,208,1,39505.30859375,187.37408447265625,73.95645904541016,26.872838973999023,14.740483283996582,8.445366859436035,6.856507778167725,6.153954029083252,5.391988277435303,5.200767517089844,5.02501106262207,4.783628940582275,4.715981960296631,4.486236095428467,4.174997806549072,4.111516952514648,3.797365188598633,28743.17578125,84.18819427490234,23.23358726501465,8.591574668884277,5.785948753356934,5.1015191078186035,4.9147796630859375,4.736112594604492,4.470821857452393
680000,690001,17,9,254,211,0,40008.55078125,195.2843780517578,69.44009399414062,22.686161041259766,14.109076499938965,8.652242660522461,8.269906044006348,7.237928867340088,6.817877292633057,6.402714252471924,6.284593105316162,5.768533229827881,5.476301193237305,5.3050689697265625,5.123894691467285,4.8707780838012695,4.640344619750977,29109.33203125,86.5549087524414,21.032682418823242,8.733525276184082,6.736349105834961,6.606186866760254,5.651710033416748,5.272548675537109,5.001794338226318
680000,690001,17,9,254,211,1,40018.12890625,197.1785125732422,69.62242889404297,24.173194885253906,14.254839897155762,8.381889343261719,8.009895324707031,6.966146945953369,6.2547383308410645,6.178661823272705,5.841937065124512,5.278080463409424,4.8989763259887695,4.808750629425049,4.637215614318848,4.4696455001831055,4.3073554039001465,29116.341796875,87.27720642089844,21.63304328918457,8.473633766174316,6.629873275756836,6.006235599517822,5.2130231857299805,4.7917280197143555,4.585927486419678
685000,695001,17,9,254,221,0,40189.75,190.3886260986328,87.86241149902344,27.63901710510254,15.353354454040527,11.440125465393066,9.694807052612305,9.021038055419922,8.774548530578613,8.258682250976562,7.899353981018066,7.664927959442139,7.293398380279541,7.055346965789795,6.834123134613037,6.5514817237854,6.154591083526611,29239.544921875,95.32154083251953,23.457298278808594,9.92259407043457,8.685745239257812,8.142012596130371,7.3754448890686035,6.914199352264404,6.592511177062988
685000,695001,17,9,254,221,1,40182.26953125,191.78872680664062,87.6154556274414,27.052927017211914,14.698480606079102,11.21708869934082,9.63973331451416,8.595074653625488,8.34757137298584,7.785680294036865,7.5643086433410645,7.402919292449951,6.962501525878906,6.799959659576416,6.602267742156982,6.011325836181641,5.900557994842529,29234.0,95.06964874267578,23.1971378326416,9.873648643493652,8.252389907836914,7.749932289123535,7.043454170227051,6.585373878479004,6.502143383026123
690000,700001,17,9,253,207,0,40474.3671875,191.557373046875,74.42288208007812,28.631847381591797,15.800567626953125,9.733514785766602,7.53961181640625,6.524120330810547,6.385411739349365,5.839458465576172,5.566969871520996,5.488237380981445,5.205924987792969,5.040269374847412,4.888609886169434,4.4838175773620605,4.3382720947265625,29445.517578125,80.99064636230469,24.93077278137207,8.365992546081543,6.403141498565674,5.650994777679443,5.219604969024658,5.042924880981445,4.63102388381958
690000,700001,17,9,253,207,1,40469.05859375,191.98423767089844,73.54182434082031,28.672760009765625,15.710295677185059,9.468828201293945,7.1561150550842285,6.423121929168701,6.075761318206787,5.7376322746276855,5.5762224197387695,5.369260311126709,5.091405391693115,4.935704708099365,4.509666919708252,4.366841793060303,4.22932767868042,29441.318359375,81.10813903808594,25.056224822998047,7.995828628540039,6.342034816741943,5.650064468383789,5.226691722869873,4.628510475158691,4.405272006988525
695000,705001,17,9,251,210,0,40410.84765625,190.62774658203125,75.40240478515625,25.50589942932129,13.677657127380371,9.017067909240723,6.881941795349121,5.735756874084473,5.219322204589844,4.948118686676025,4.696142196655273,4.487931728363037,4.03433895111084,3.9195914268493652,3.8038594722747803,3.5064594745635986,3.0912864208221436,29402.177734375,86.73876953125,22.8458251953125,8.195108413696289,5.351662635803223,4.906461238861084,4.626821517944336,4.45128059387207,3.6309101581573486
695000,705001,17,9,251,210,1,40413.03125,191.31454467773438,76.087890625,25.092456817626953,12.934496879577637,9.08453369140625,6.771327018737793,5.824311256408691,5.44114351272583,5.297643184661865,4.634348392486572,4.432125091552734,4.228333473205566,3.9561550617218018,3.7090024948120117,3.311901569366455,3.228022336959839,29403.81640625,87.7735595703125,22.549943923950195,8.250776290893555,5.327016353607178,4.964044570922852,4.572928428649902,4.355968475341797,3.3667619228363037
700000,710001,17,9,251,207,0,40213.8671875,189.6029510498047,78.47679901123047,28.4696044921875,15.712573051452637,9.639766693115234,7.613010883331299,7.373559474945068,6.62605619430542,6.453558444976807,5.718626976013184,5.5243916511535645,5.271636962890625,5.096198558807373,4.7657694816589355,4.465315341949463,4.377542018890381,29260.822265625,85.33199310302734,23.432100296020508,8.822409629821777,7.272353649139404,6.368474006652832,5.6337409019470215,5.0535430908203125,4.6201863288879395
700000,710001,17,9,251,207,1,40216.5078125,191.0170440673828,79.41168212890625,28.095054626464844,14.992278099060059,9.590388298034668,7.116821765899658,6.714408874511719,6.32994270324707,5.715455055236816,5.490170955657959,5.270873546600342,4.964442253112793,4.910507678985596,4.631233215332031,4.3895440101623535,4.293376922607422,29262.58984375,86.04627990722656,23.032909393310547,8.54043960571289,6.657904148101807,5.78633451461792,5.4450154304504395,4.827168941497803,4.509614944458008
705000,715001,17,9,251,217,0,40453.8203125,186.48080444335938,79.11458587646484,23.78663444519043,13.257798194885254,9.50547981262207,7.9252495765686035,6.097139835357666,5.929570198059082,5.531876564025879,5.400149345397949,4.963943958282471,4.92582368850708,4.71735143661499,4.6401286125183105,4.129910469055176,3.943985939025879,29429.17578125,88.12395477294922,24.786640167236328,8.737509727478027,6.5901641845703125,5.431809425354004,5.405252456665039,4.807438850402832,4.442025661468506
705000,715001,17,9,251,217,1,40454.66796875,188.56857299804688,79.5821304321289,24.185148239135742,13.39482307434082,10.025487899780273,6.7457661628723145,6.437077045440674,5.968129634857178,5.752267837524414,5.478092193603516,5.090880870819092,4.805256366729736,4.4892120361328125,4.469121932983398,4.123027801513672,3.9732115268707275,29429.630859375,89.00031280517578,24.351146697998047,8.422969818115234,6.433980464935303,5.8599324226379395,5.285768985748291,4.822134017944336,4.473448276519775
710000,720001,17,9,250,215,0,40728.96484375,189.63783264160156,74.59272003173828,27.524877548217773,15.92988395690918,9.349885940551758,6.854067325592041,6.294281005859375,5.395401954650879,5.329073429107666,4.88357400894165,4.75670051574707,4.417237758636475,4.284008979797363,4.2092413902282715,3.9721009731292725,3.867826461791992,29632.615234375,85.31366729736328,24.30789566040039,8.261321067810059,5.907510280609131,5.1809468269348145,4.500597953796387,4.308321952819824,3.993302583694458
710000,720001,17,9,250,215,1,40730.16796875,188.12472534179688,73.8542251586914,27.164249420166016,15.120360374450684,9.318633079528809,7.0213775634765625,6.554002285003662,5.550464153289795,5.44950532913208,5.209985256195068,4.869200229644775,4.646530628204346,4.287951946258545,4.137187480926514,3.9051663875579834,3.8252739906311035,29633.669921875,84.26107788085938,23.84593963623047,8.028716087341309,6.342672348022461,5.457869052886963,4.678108215332031,4.547470569610596,4.021398067474365
715000,725001,17,9,252,206,0,40821.41796875,184.82363891601562,81.39744567871094,25.411273956298828,13.640395164489746,8.79776668548584,5.820549488067627,5.45119047164917,5.064432144165039,4.671443939208984,4.396294116973877,4.2204084396362305,4.054015159606934,3.7695822715759277,3.4152462482452393,2.974275827407837,2.95269513130188,29697.53515625,91.41326904296875,22.389686584472656,7.64976692199707,5.415665149688721,4.990591526031494,4.397068023681641,3.6170716285705566,3.105558156967163
715000,725001,17,9,252,206,1,40826.79296875,184.20709228515625,81.59201049804688,25.073532104492188,13.612936973571777,8.472800254821777,6.010725021362305,5.555120944976807,4.85351037979126,4.761057376861572,4.41616153717041,4.138202667236328,3.804520845413208,3.7260704040527344,3.507108688354492,3.377484083175659,3.1191494464874268,29701.267578125,91.0536880493164,21.6131649017334,7.296115875244141,5.484256744384766,4.35089635848999,3.8529810905456543,3.77046537399292,3.28981876373291
720000,730001,17,9,252,217,0,41037.47265625,203.0902862548828,86.68885040283203,32.49714660644531,17.534082412719727,13.384157180786133,12.05975341796875,10.811175346374512,9.959968566894531,9.656437873840332,9.43359088897705,9.02380084991455,8.841772079467773,8.473655700683594,8.097211837768555,7.64174222946167,7.013659477233887,29863.123046875,92.39816284179688,26.714847564697266,12.782200813293457,10.022273063659668,9.495073318481445,8.997058868408203,8.87579345703125,7.768004894256592
720000,730001,17,9,252,217,1,41041.04296875,201.24356079101562,86.75350952148438,33.2918815612793,17.777267456054688,12.819067001342773,12.246367454528809,11.120194435119629,9.873053550720215,9.855095863342285,9.410481452941895,9.136835098266602,8.260619163513184,8.214651107788086,7.918403148651123,7.494142055511475,7.101531982421875,29865.486328125,92.59375,26.82431411743164,12.6546049118042,10.067726135253906,9.687881469726562,9.03512191772461,8.453764915466309,7.848062515258789
725000,735001,17,9,253,211,0,41265.640625,185.02084350585938,74.81896209716797,26.487524032592773,15.205758094787598,11.227622032165527,10.190916061401367,9.982311248779297,9.241737365722656,8.973995208740234,8.503314971923828,8.259430885314941,7.849019527435303,7.637814521789551,7.498987674713135,6.883950233459473,6.460010528564453,30030.93359375,85.16356658935547,23.293031692504883,10.440959930419922,9.325549125671387,9.082345962524414,8.51199722290039,8.265586853027344,6.8557820320129395
725000,735001,17,9,253,211,1,41262.63671875,183.79104614257812,74.58753967285156,25.651447296142578,14.569683074951172,11.015909194946289,9.679962158203125,9.314604759216309,8.871695518493652,8.797985076904297,8.624027252197266,8.176691055297852,7.633848190307617,7.490218639373779,7.222038269042969,6.795897006988525,6.259875774383545,30028.701171875,85.28910064697266,23.30767250061035,10.181609153747559,9.002676010131836,8.67406940460205,8.554418563842773,7.911027431488037,6.584880828857422
730000,740001,17,9,248,218,0,40835.40234375,172.64442443847656,75.57028198242188,26.434480667114258,13.522497177124023,10.112676620483398,7.733835697174072,6.896743297576904,6.372068881988525,6.202658176422119,5.79213809967041,5.559927940368652,5.426915645599365,5.151070594787598,4.749412536621094,4.459537029266357,4.2170515060424805,29699.642578125,86.46638488769531,20.733129501342773,8.762500762939453,6.807425498962402,5.965966701507568,5.698692798614502,5.238194942474365,4.887441635131836
730000,740001,17,9,248,218,1,40833.03515625,172.16143798828125,76.44562530517578,26.67755699157715,13.504478454589844,10.000508308410645,8.120359420776367,6.631678581237793,6.022904396057129,5.806250095367432,5.466912746429443,5.265101909637451,5.140659332275391,4.814110279083252,4.545938491821289,4.2822957038879395,3.9313101768493652,29697.8125,86.4940185546875,20.86876678466797,9.129517555236816,6.607592582702637,5.584676265716553,5.428635120391846,5.033732891082764,4.612597465515137
735000,745001,17,9,253,217,0,41563.0546875,188.1546630859375,82.07421112060547,27.040098190307617,14.1050443649292,9.004618644714355,6.184568405151367,6.1547770500183105,5.386271953582764,4.844841480255127,4.7465643882751465,4.626799583435059,4.4232497215271,4.23727560043335,3.8948147296905518,3.5876500606536865,3.189938545227051,30238.375,86.7293701171875,23.003070831298828,8.267349243164062,6.091616153717041,4.827738285064697,4.668889045715332,4.168243885040283,3.6892712116241455
735000,745001,17,9,253,217,1,41566.8828125,186.38259887695312,82.56256103515625,27.476703643798828,14.456648826599121,9.230224609375,6.466894149780273,5.768316745758057,5.420164585113525,4.9251203536987305,4.697704315185547,4.3948540687561035,4.098465442657471,3.8434698581695557,3.624054431915283,3.4897406101226807,3.179241895675659,30241.048828125,86.48712921142578,23.119062423706055,8.677255630493164,6.0220136642456055,4.915265083312988,4.446630954742432,4.02530574798584,3.574188232421875
740000,750001,17,9,250,203,0,41439.125,172.53036499023438,76.46235656738281,24.762990951538086,14.715808868408203,9.321439743041992,7.709788799285889,5.901718616485596,5.783397197723389,4.751048564910889,4.446761131286621,4.067689895629883,3.853128433227539,3.648738145828247,3.3692426681518555,3.187011241912842,2.981369733810425,30148.8671875,78.55056762695312,22.53990936279297,8.308955192565918,5.670898914337158,5.097109794616699,4.172908782958984,3.8086650371551514,3.2129645347595215
740000,750001,17,9,250,203,1,41436.23046875,172.94390869140625,77.19451904296875,25.222869873046875,14.143030166625977,8.876092910766602,7.297979831695557,5.810756206512451,5.551770210266113,4.901599884033203,4.678069114685059,4.394032955169678,4.095122337341309,3.8257369995117188,3.450723886489868,3.1193759441375732,3.0529394149780273,30146.841796875,79.49785614013672,22.60931968688965,8.405298233032227,5.710869789123535,4.90287971496582,4.516114711761475,4.090617656707764,3.3913979530334473
745000,755001,17,9,250,209,0,41463.1953125,181.56053161621094,78.13710021972656,24.249040603637695,14.369263648986816,10.324799537658691,8.753244400024414,7.978910446166992,7.55160665512085,7.210663795471191,6.497150897979736,6.313969135284424,6.115593910217285,5.678363800048828,5.565834999084473,5.428332805633545,4.999810218811035,30162.349609375,82.50981903076172,20.071369171142578,9.033280372619629,7.2469377517700195,6.577212333679199,6.388735294342041,6.077179908752441,5.178839683532715
745000,755001,17,9,250,209,1,41471.66015625,182.77920532226562,78.84516906738281,24.628997802734375,14.912421226501465,10.476768493652344,7.630181312561035,7.485184669494629,7.269787788391113,6.536941051483154,6.374654769897461,6.008114814758301,5.947089672088623,5.580143451690674,5.44618034362793,5.12762451171875,4.536163330078125,30168.341796875,82.9710464477539,19.978830337524414,8.504234313964844,7.143004894256592,6.408895492553711,6.082034111022949,5.836908340454102,4.8310136795043945
750000,760001,17,9,251,206,0,41620.328125,181.5249481201172,81.99266052246094,26.851734161376953,15.473739624023438,9.159991264343262,5.7369065284729,5.212897300720215,3.81683087348938,3.77404522895813,3.550729990005493,3.101516008377075,2.8870067596435547,2.54819655418396,2.400513172149658,2.3175878524780273,2.11266827583313,30271.994140625,84.61536407470703,24.23525047302246,8.068511962890625,4.828385353088379,3.409241199493408,2.656043291091919,2.4005167484283447,2.2849133014678955
750000,760001,17,9,251,206,1,41619.5390625,181.3618927001953,81.49481964111328,26.384836196899414,14.35969066619873,8.631382942199707,5.90969705581665,4.64022970199585,4.3102850914001465,3.4742491245269775,3.2949979305267334,3.1824588775634766,2.634969711303711,2.483337640762329,2.328798770904541,2.231551170349121,2.082170248031616,30271.173828125,84.19477844238281,23.20038414001465,7.610698223114014,4.445085525512695,3.3196804523468018,2.958446979522705,2.4134163856506348,2.18609356880188
755000,765001,17,9,254,215,0,42155.05078125,185.1705780029297,75.30108642578125,23.273778915405273,12.925511360168457,9.09200382232666,6.766550540924072,6.445559501647949,5.965977191925049,5.522503852844238,5.191554069519043,5.008293628692627,4.7717976570129395,4.652928829193115,4.466825008392334,4.317641735076904,4.0586347579956055,30660.88671875,77.50132751464844,22.692415237426758,7.612539291381836,6.167759895324707,5.993695259094238,5.073334217071533,4.735625267028809,4.573878765106201
755000,765001,17,9,254,215,1,42158.6875,185.47605895996094,75.40373229980469,23.48259925842285,12.840232849121094,9.08790397644043,6.850157737731934,6.706464767456055,5.8585686683654785,5.559723854064941,5.383428573608398,4.847781658172607,4.681629657745361,4.583136558532715,4.3761162757873535,4.26149320602417,4.007765293121338,30663.33203125,77.7435073852539,22.702495574951172,7.797156810760498,6.2863240242004395,5.840574741363525,4.798942565917969,4.599529266357422,4.376310348510742
760000,770001,17,9,254,218,0,42256.39453125,177.5528106689453,99.80831146240234,33.14445877075195,15.256547927856445,10.418181419372559,7.911498546600342,6.55878210067749,6.071263790130615,5.251461505889893,5.109120845794678,4.793180465698242,4.7175140380859375,4.513073921203613,4.413844585418701,4.126247406005859,3.808264970779419,30743.671875,96.48412322998047,28.328886032104492,8.86487102508545,5.641626834869385,5.191592216491699,5.085214614868164,4.669635772705078,4.248937606811523
760000,770001,17,9,254,218,1,42255.2265625,178.5010528564453,100.7461166381836,32.88148880004883,15.41489315032959,10.122493743896484,8.04891300201416,6.446527481079102,5.948947906494141,5.455564498901367,4.9878315925598145,4.794201850891113,4.555514812469482,4.407423973083496,4.095075607299805,3.8318893909454346,3.4875457286834717,30742.51953125,97.14041137695312,27.97902488708496,8.457205772399902,5.81575345993042,5.121252059936523,4.709561347961426,4.2461371421813965,3.8789870738983154
765000,775001,17,9,254,212,0,42441.59375,173.264404296875,78.7913589477539,26.530214309692383,16.122655868530273,12.981679916381836,9.308022499084473,7.9209394454956055,7.767155647277832,7.632963180541992,7.2124552726745605,6.897219657897949,6.830766677856445,6.028342247009277,5.869145393371582,5.66505765914917,5.299304962158203,30884.9296875,82.92229461669922,23.38145637512207,10.701984405517578,7.6403279304504395,7.127863883972168,6.811028480529785,6.421745777130127,6.062047481536865
765000,775001,17,9,254,212,1,42443.9375,171.88922119140625,79.53850555419922,27.03608512878418,16.523948669433594,12.803228378295898,9.683857917785645,7.782787799835205,7.306750774383545,7.056869029998779,6.975898742675781,6.820480823516846,6.541275978088379,6.464407920837402,5.968443870544434,5.613658428192139,5.346199035644531,30886.400390625,83.27692413330078,23.90310287475586,10.108053207397461,7.351883411407471,6.910245895385742,6.808289051055908,6.306850910186768,5.754791259765625
770000,780001,17,9,253,213,0,42691.7265625,190.50851440429688,87.12564086914062,30.635026931762695,16.841550827026367,13.828385353088379,10.923553466796875,9.312697410583496,8.391711235046387,7.874640941619873,7.421328544616699,6.660776138305664,6.529991626739502,6.091363430023193,5.805346965789795,5.536305904388428,5.436962604522705,31056.22265625,97.5497817993164,27.103708267211914,10.785235404968262,8.535012245178223,7.449751853942871,6.962943077087402,6.460043430328369,6.0445427894592285
770000,780001,17,9,253,213,1,42693.3984375,190.1131134033203,86.7038345336914,30.595306396484375,16.119670867919922,13.312853813171387,10.512493133544922,9.074966430664062,8.42939567565918,7.663963794708252,7.382182598114014,6.949741840362549,6.569031238555908,6.2363600730896,5.687243938446045,5.6237311363220215,5.199068069458008,31057.552734375,96.270751953125,27.45673179626465,10.192646980285645,8.188817977905273,7.8197174072265625,7.2187066078186035,6.3763651847839355,5.927766799926758
775000,785001,17,9,249,208,0,42556.87890625,185.56214904785156,82.82844543457031,28.50039291381836,14.990883827209473,10.614767074584961,8.06615924835205,5.912889003753662,5.242204189300537,4.806378364562988,4.448957920074463,3.896587610244751,3.7142016887664795,3.4019837379455566,3.35851788520813,3.15201997756958,2.916761875152588,30964.33203125,90.46708679199219,24.70818519592285,10.066788673400879,5.824729919433594,4.360744476318359,3.9788191318511963,3.4345860481262207,3.1587367057800293
775000,785001,17,9,249,208,1,42554.5859375,184.9840850830078,80.57511138916016,28.296327590942383,15.33537483215332,10.119824409484863,7.63045072555542,5.958731651306152,5.399500370025635,4.680727958679199,4.314772129058838,4.239162445068359,3.8161821365356445,3.5460827350616455,3.496293067932129,3.038174629211426,2.9948697090148926,30961.783203125,89.03487396240234,25.066207885742188,9.658087730407715,5.86998176574707,4.60313081741333,4.054548740386963,3.4871699810028076,3.18363356590271
780000,790001,17,9,251,213,0,42799.48046875,194.57281494140625,79.48181915283203,25.640087127685547,14.370097160339355,8.60450267791748,7.005646705627441,5.7626214027404785,4.739565849304199,4.435070514678955,4.144042015075684,3.8807685375213623,3.5924322605133057,3.432112693786621,3.4220948219299316,3.1786296367645264,2.9899144172668457,31148.255859375,93.09862518310547,23.7736759185791,7.996954441070557,5.629861354827881,4.296229362487793,3.7705934047698975,3.4131674766540527,3.4034817218780518
780000,790001,17,9,251,213,1,42789.1953125,194.40158081054688,79.47098541259766,25.864248275756836,14.307994842529297,8.383123397827148,7.03441858291626,5.771249294281006,4.789288520812988,4.5147552490234375,4.225250720977783,3.9828290939331055,3.931797981262207,3.7212893962860107,3.0893609523773193,2.986428737640381,2.7735955715179443,31140.77734375,93.94775390625,23.54901885986328,8.22868537902832,5.173135757446289,4.43899393081665,4.005412578582764,3.766860246658325,3.235513925552368
785000,795001,17,9,253,217,0,43104.9453125,158.82960510253906,72.44631958007812,22.707441329956055,11.971158027648926,8.312551498413086,6.320858478546143,5.217063903808594,5.075437545776367,4.650227069854736,4.103796482086182,4.041141986846924,3.9699923992156982,3.724973678588867,3.6111881732940674,3.429722547531128,3.185828447341919,31352.025390625,78.56896209716797,19.806509017944336,7.009531021118164,5.052184581756592,4.361900329589844,4.0326666831970215,3.8326573371887207,3.497310161590576
785000,795001,17,9,253,217,1,43104.28125,158.76515197753906,72.38180541992188,23.026247024536133,12.078336715698242,8.090831756591797,6.529285430908203,5.192630767822266,4.9654436111450195,4.81353759765625,4.072703838348389,4.037404537200928,3.952782392501831,3.724020481109619,3.5985755920410156,3.462993860244751,3.390333652496338,31351.626953125,78.25884246826172,19.964599609375,6.820871353149414,4.992978572845459,4.227511405944824,3.938232660293579,3.824580430984497,3.591157913208008
790000,800001,17,9,252,222,0,43525.23828125,176.57861328125,77.71446990966797,27.60466194152832,12.946104049682617,9.131418228149414,7.728673458099365,6.712402820587158,6.397652626037598,6.332522392272949,6.178737163543701,5.862313747406006,5.635891437530518,5.598576068878174,4.88212776184082,4.5722551345825195,4.192746639251709,31678.66015625,82.25464630126953,22.049531936645508,8.157106399536133,6.734957218170166,6.22560453414917,5.8125762939453125,5.221221923828125,5.068404674530029
790000,800001,17,9,252,222,1,43532.5859375,177.4751434326172,78.10794067382812,28.15776252746582,12.830709457397461,9.614981651306152,8.098512649536133,7.167694091796875,6.863055229187012,6.652939319610596,6.487998008728027,6.035772323608398,5.758332252502441,5.570738315582275,5.274729251861572,4.89652156829834,4.558055877685547,31683.841796875,82.94185638427734,22.211912155151367,8.814824104309082,7.053107738494873,6.757347583770752,5.883785247802734,5.489038944244385,5.351612567901611
795000,805001,17,9,252,222,0,43446.0546875,178.06541442871094,82.43157958984375,28.426969528198242,16.16039276123047,12.147061347961426,9.527326583862305,8.51854133605957,8.40493392944336,7.977487087249756,7.4104485511779785,7.081183910369873,6.819477558135986,6.632900714874268,6.409010410308838,6.05706787109375,5.403021335601807,31598.36328125,90.9570083618164,25.66956329345703,9.21206283569336,8.867945671081543,7.744905948638916,7.129243850708008,6.6713361740112305,5.974045753479004
795000,805001,17,9,252,222,1,43449.0,177.44859313964844,82.54271697998047,28.039321899414062,16.12141990661621,12.036449432373047,9.659032821655273,8.66862964630127,8.4146146774292,7.8613176345825195,7.2692766189575195,7.124956130981445,6.790196895599365,6.650094985961914,6.413783550262451,5.994980812072754,5.721163749694824,31600.69921875,90.96788787841797,25.70122718811035,9.507113456726074,8.816367149353027,7.857542514801025,7.130619525909424,6.871382713317871,6.32343053817749
800000,810001,17,9,251,224,0,43454.375,185.25396728515625,83.99722290039062,28.274517059326172,16.26150894165039,9.835071563720703,7.255584716796875,6.303319931030273,6.2061967849731445,5.930333614349365,5.447065353393555,5.184309959411621,4.664133071899414,4.444976329803467,4.0254292488098145,3.8051977157592773,3.673271894454956,31611.876953125,96.24490356445312,23.658700942993164,9.321210861206055,6.5299296379089355,5.712233066558838,5.433034420013428,4.562842845916748,4.166363716125488
800000,810001,17,9,251,224,1,43454.4140625,186.75360107421875,83.88426971435547,27.60511016845703,15.791056632995605,10.218738555908203,7.309563636779785,6.583651542663574,6.248776912689209,5.9012532234191895,5.498215675354004,5.110071182250977,4.800767421722412,4.198873043060303,4.165886402130127,3.903939962387085,3.669628858566284,31612.07421875,96.13087463378906,23.20514678955078,9.92202091217041,6.385807514190674,5.72246789932251,5.492795467376709,4.750941753387451,4.172907829284668
805000,815001,17,9,250,210,0,43447.20703125,199.20425415039062,89.53761291503906,36.65692138671875,23.96158790588379,15.262513160705566,13.129823684692383,8.179387092590332,6.817809104919434,6.543269157409668,6.148095607757568,5.7493815422058105,5.436938285827637,5.300827980041504,4.735136032104492,4.630182266235352,4.3917012214660645,31604.4296875,94.30571746826172,32.77861404418945,14.867148399353027,8.058675765991211,6.0573811531066895,5.448476314544678,5.327455043792725,4.519712924957275
805000,815001,17,9,250,210,1,43438.1875,200.1919708251953,88.9495620727539,37.783653259277344,23.97377586364746,15.37106990814209,12.229720115661621,7.631268501281738,6.820363521575928,5.889106750488281,5.56513786315918,5.363715648651123,5.112040996551514,5.01385498046875,4.634350776672363,4.541512966156006,4.063449859619141,31598.150390625,94.270751953125,33.071144104003906,14.768447875976562,7.506589889526367,5.568421840667725,5.246231555938721,5.054730415344238,4.223877906799316
810000,820001,17,9,253,218,0,43970.20703125,161.76913452148438,79.01498413085938,24.07998275756836,14.395777702331543,9.069143295288086,6.192074298858643,4.600183486938477,4.134400367736816,3.584373712539673,3.390113592147827,3.136141061782837,2.897202730178833,2.650155782699585,2.428807497024536,2.181985855102539,2.0452473163604736,31985.0703125,77.55342864990234,23.132896423339844,8.618343353271484,4.2953009605407715,3.5641729831695557,3.0372486114501953,2.7673845291137695,2.52801513671875
810000,820001,17,9,253,218,1,43981.44140625,161.53602600097656,79.9660415649414,24.114755630493164,14.296104431152344,9.067407608032227,5.841899871826172,5.115793228149414,4.278818130493164,3.5602529048919678,3.3237385749816895,3.1833481788635254,2.999079942703247,2.904134511947632,2.6268370151519775,2.367288827896118,2.2024383544921875,31993.400390625,78.82902526855469,22.30351448059082,7.847731113433838,4.854137897491455,3.638444662094116,3.167104959487915,2.84645676612854,2.59879732131958
815000,825001,17,9,254,219,0,44061.66796875,173.5469970703125,86.7909164428711,29.13895606994629,16.915634155273438,9.568799018859863,7.642583847045898,6.358404636383057,5.755377769470215,5.395488739013672,5.048098564147949,4.756535530090332,4.7083821296691895,4.493775367736816,4.206027030944824,4.018219470977783,3.852170467376709,32057.22265625,92.1382064819336,22.916732788085938,7.759571075439453,6.777297496795654,5.314914703369141,4.850331783294678,4.44800329208374,4.3352952003479
815000,825001,17,9,254,219,1,44061.4765625,175.33688354492188,89.36328125,30.625396728515625,17.33154296875,9.61054801940918,7.687128067016602,6.420426845550537,5.828220367431641,5.437385559082031,5.051675319671631,4.712514400482178,4.557990074157715,4.349092483520508,4.1499176025390625,4.023996353149414,3.8454573154449463,32057.060546875,94.0748062133789,23.995887756347656,8.22721004486084,6.610599517822266,5.193357944488525,4.863829612731934,4.3959736824035645,4.153864860534668
820000,830001,17,9,254,217,0,44351.9921875,173.51947021484375,74.5960693359375,26.456056594848633,14.485040664672852,9.835675239562988,9.736695289611816,7.318449974060059,6.984133720397949,6.664267063140869,6.548869609832764,5.929352283477783,5.691188335418701,5.340758323669434,5.160387992858887,4.7214035987854,4.542709827423096,32260.580078125,82.61326599121094,20.383892059326172,10.515212059020996,7.457764625549316,6.826972007751465,6.31109094619751,5.27475643157959,4.9398369789123535
820000,830001,17,9,254,217,1,44356.78515625,173.5264892578125,74.14363098144531,26.109811782836914,14.287237167358398,10.447953224182129,9.431925773620605,7.3535475730896,7.179615497589111,6.334202289581299,6.156446933746338,5.951924800872803,5.749660015106201,5.428313732147217,4.958690166473389,4.729607105255127,4.53151798248291,32264.509765625,81.8773193359375,20.612394332885742,10.180170059204102,7.09543514251709,6.301544189453125,6.124430179595947,5.152441501617432,4.909364223480225
825000,835001,17,9,254,223,0,44921.87890625,166.55914306640625,77.88005065917969,23.412935256958008,14.783551216125488,10.129293441772461,6.757938385009766,5.94856071472168,5.920468807220459,5.286910533905029,4.956693649291992,4.8981218338012695,4.449925422668457,4.391773223876953,4.012430667877197,3.706460952758789,3.3488855361938477,32685.3828125,85.44361877441406,18.687580108642578,7.988616943359375,5.726912498474121,5.047642230987549,4.8842244148254395,4.267401218414307,3.944284677505493
825000,835001,17,9,254,223,1,44929.62109375,165.88455200195312,77.40068054199219,23.702484130859375,15.967040061950684,10.3153076171875,6.657304286956787,6.314777851104736,5.5731987953186035,5.136840343475342,4.943518161773682,4.738646984100342,4.325665473937988,4.2733154296875,3.9778196811676025,3.8314061164855957,3.331143617630005,32691.548828125,84.94020080566406,19.676374435424805,8.334930419921875,5.937680721282959,5.019933223724365,4.700501441955566,4.287282466888428,3.9316983222961426
830000,840001,17,9,253,221,0,44840.515625,162.63912963867188,66.12008666992188,21.860960006713867,12.698587417602539,8.83646297454834,6.328890800476074,6.202752590179443,6.00006628036499,5.380956172943115,5.1946539878845215,4.928251266479492,4.669948101043701,4.427835464477539,4.381138801574707,3.934720277786255,3.8708033561706543,32620.529296875,69.03627014160156,19.58803367614746,7.633805274963379,5.882077693939209,5.562288284301758,4.783173084259033,4.515167713165283,4.137486457824707
830000,840001,17,9,253,221,1,44833.77734375,163.926513671875,66.39933776855469,22.84068489074707,12.692351341247559,9.173678398132324,6.553110122680664,5.911113739013672,5.557688236236572,5.327765464782715,5.188266754150391,4.753742218017578,4.3352556228637695,4.328791618347168,4.009788513183594,3.775735378265381,3.6910269260406494,32615.982421875,68.90754699707031,20.491077423095703,7.502344608306885,5.482485771179199,5.058413028717041,4.435274600982666,4.212165832519531,3.852339029312134
835000,845001,17,9,252,222,0,44803.1953125,157.57992553710938,66.65860748291016,23.862712860107422,11.292137145996094,7.571844100952148,6.160794258117676,4.859961032867432,4.406808853149414,4.221334457397461,3.7094810009002686,3.6276907920837402,3.30128812789917,3.196423292160034,2.8148183822631836,2.6519265174865723,2.5183651447296143,32601.150390625,73.41983032226562,19.20039939880371,6.225319862365723,4.546828746795654,3.8895792961120605,3.621589183807373,3.234804153442383,2.6586642265319824
835000,845001,17,9,252,222,1,44798.296875,158.8773956298828,66.96792602539062,24.063806533813477,11.092323303222656,6.922206878662109,5.79000997543335,4.904127597808838,4.083468914031982,3.978726863861084,3.8130946159362793,3.6807830333709717,3.581678628921509,3.336503505706787,3.206890344619751,3.0176570415496826,2.6114134788513184,32597.78125,73.36027526855469,19.983633041381836,6.102226257324219,4.808333873748779,3.691009521484375,3.509190797805786,3.246694564819336,2.8122613430023193
840000,850001,17,9,247,217,0,44530.48828125,201.5190887451172,80.538818359375,26.245132446289062,15.915127754211426,12.641682624816895,11.462800025939941,10.47900390625,9.63154411315918,9.035965919494629,8.298771858215332,8.130413055419922,7.8915581703186035,7.770937919616699,7.158311367034912,6.510077953338623,5.786503791809082,32405.375,90.97209167480469,22.718517303466797,11.589889526367188,9.828214645385742,9.75821304321289,8.35225772857666,7.142779350280762,6.201484680175781
840000,850001,17,9,247,217,1,44524.21484375,201.4619140625,80.81492614746094,26.75186538696289,16.207183837890625,12.625312805175781,11.323156356811523,11.012862205505371,9.85658073425293,9.294529914855957,8.82294750213623,8.077007293701172,7.941257953643799,7.623820781707764,7.294209957122803,6.452627182006836,5.767973899841309,32401.048828125,91.02342987060547,22.66396713256836,11.646696090698242,9.938576698303223,9.611757278442383,8.624394416809082,7.004857063293457,6.46170711517334
845000,855001,17,9,250,219,0,44784.6796875,166.3450469970703,67.08290100097656,23.006322860717773,11.726456642150879,8.636401176452637,6.18258810043335,5.488078594207764,5.159913539886475,5.084206581115723,4.9954705238342285,4.600497722625732,4.4598894119262695,4.332822322845459,4.252922534942627,3.9772427082061768,3.7045226097106934,32581.9375,76.282958984375,17.558732986450195,6.809304714202881,5.346182346343994,5.018557548522949,4.799649238586426,4.385112285614014,4.1639533042907715
845000,855001,17,9,250,219,1,44783.26953125,166.1311798095703,68.00664520263672,22.420753479003906,11.583412170410156,8.685585975646973,5.957981586456299,5.820300579071045,5.285591125488281,5.217728137969971,4.92081880569458,4.690906047821045,4.539236068725586,4.27003288269043,4.049243927001953,3.9338326454162598,3.6598129272460938,32580.603515625,76.87205505371094,17.462308883666992,6.757902145385742,5.401181697845459,5.199008464813232,4.734485626220703,4.690443515777588,4.096248149871826
850000,860001,17,9,253,223,0,45175.84375,214.24578857421875,94.44143676757812,27.828208923339844,14.727330207824707,8.084310531616211,5.960623741149902,4.9857611656188965,4.336702346801758,3.7430930137634277,3.4388339519500732,3.30361270904541,3.19223952293396,2.770982265472412,2.7422900199890137,2.644031286239624,2.4275012016296387,32873.23046875,100.75945281982422,25.359203338623047,7.028907299041748,4.554934024810791,3.8345630168914795,3.2590463161468506,2.9535036087036133,2.680176019668579
850000,860001,17,9,253,223,1,45181.7890625,214.25564575195312,95.10948181152344,27.723777770996094,14.52403736114502,8.15359115600586,6.2386040687561035,4.842658996582031,4.573894023895264,3.9483678340911865,3.632992744445801,3.3629865646362305,3.2220406532287598,2.9221975803375244,2.814335823059082,2.6540462970733643,2.4600014686584473,32877.5390625,101.7405014038086,24.95724868774414,7.360764980316162,4.704824447631836,4.015550136566162,3.239042043685913,2.981450319290161,2.7741029262542725
855000,865001,17,9,252,219,0,45209.88671875,174.22061157226562,80.69657897949219,26.73855972290039,15.53834342956543,9.504396438598633,7.245790481567383,6.331607818603516,6.039322376251221,5.958757400512695,5.285351753234863,5.016782760620117,4.846159934997559,4.694961071014404,4.359653949737549,4.2157440185546875,3.9512035846710205,32885.375,79.53783416748047,24.36252784729004,7.584402084350586,6.089456081390381,5.639499664306641,5.04738712310791,4.575921058654785,4.285995006561279
855000,865001,17,9,252,219,1,45203.8359375,173.53367614746094,78.69453430175781,25.92140769958496,15.115218162536621,8.691213607788086,7.394014835357666,6.494676113128662,6.306650161743164,6.178813457489014,5.247138023376465,5.195749282836914,5.0386643409729,4.7280192375183105,4.412384033203125,4.132014751434326,3.96022891998291,32880.984375,78.87812805175781,23.83262062072754,7.781143665313721,6.156077861785889,5.987828731536865,5.542607307434082,4.524072170257568,4.199343204498291
860000,870001,17,9,256,218,0,45761.62890625,198.7227783203125,76.06595611572266,25.688621520996094,13.359408378601074,9.630396842956543,7.8237080574035645,7.430578708648682,6.7833428382873535,6.674592971801758,6.425710201263428,6.31931734085083,6.098151206970215,5.994511127471924,5.504527568817139,5.448832035064697,5.0762553215026855,33289.8671875,86.28634643554688,23.93096923828125,9.3572998046875,7.114609718322754,6.686436653137207,6.259312152862549,5.675350189208984,5.559744358062744
860000,870001,17,9,256,218,1,45765.30078125,197.51466369628906,74.37836456298828,26.061853408813477,13.255440711975098,9.583581924438477,7.782954216003418,7.363790035247803,7.143651485443115,6.597363471984863,6.314631938934326,6.103545665740967,5.954129695892334,5.644266128540039,5.438438892364502,5.1695027351379395,5.002058506011963,33292.85546875,85.57482147216797,23.797117233276367,8.967928886413574,7.156291484832764,6.646554470062256,5.974018096923828,5.693265914916992,5.2426605224609375
865000,875001,17,9,256,226,0,45882.77734375,194.07041931152344,78.78809356689453,24.305545806884766,12.639854431152344,7.9571213722229,6.059707164764404,4.654172420501709,4.605174541473389,4.031732559204102,3.9517664909362793,3.891639471054077,3.698702812194824,3.4993648529052734,3.3648858070373535,3.240840196609497,3.0109314918518066,33389.3203125,88.12701416015625,21.90143585205078,7.48229455947876,4.669951438903809,4.343775749206543,3.9047672748565674,3.606160879135132,3.317046642303467
865000,875001,17,9,256,226,1,45876.9453125,194.3014678955078,78.24436950683594,23.929765701293945,12.509641647338867,7.665492057800293,6.1014299392700195,4.817956447601318,4.433354377746582,4.231010437011719,4.164198875427246,3.76666259765625,3.5025877952575684,3.480164051055908,3.3100452423095703,3.25663161277771,3.0165998935699463,33385.2421875,88.06710815429688,21.504175186157227,7.2690815925598145,4.522369861602783,4.229456901550293,3.774790048599243,3.7416164875030518,3.3191020488739014
870000,880001,17,9,253,221,0,45775.60546875,214.0323486328125,86.33731079101562,25.749980926513672,13.721773147583008,8.446843147277832,6.477542877197266,5.55083703994751,4.490782737731934,4.307115077972412,3.790924310684204,3.691634178161621,3.5719380378723145,3.405221939086914,3.2019779682159424,3.0424177646636963,2.9359469413757324,33317.5078125,102.39832305908203,24.215564727783203,7.419918537139893,5.255627155303955,3.904545307159424,3.7214467525482178,3.542757511138916,3.40600848197937
870000,880001,17,9,253,221,1,45773.640625,214.60447692871094,85.57147979736328,25.558155059814453,14.309823989868164,8.160049438476562,6.561746597290039,5.62926721572876,4.448286533355713,4.252617359161377,3.9049601554870605,3.5555553436279297,3.4752187728881836,3.281466484069824,3.0428740978240967,2.9916470050811768,2.8092856407165527,33316.23828125,101.9080810546875,23.34484100341797,7.141822338104248,5.263461589813232,3.8328053951263428,3.7077906131744385,3.3601229190826416,2.9846346378326416
875000,885001,17,9,254,217,0,46134.73828125,191.1707000732422,82.64830017089844,25.508586883544922,16.27659034729004,9.62364673614502,9.191003799438477,8.766646385192871,7.995657444000244,7.896166801452637,7.316834926605225,6.756169319152832,6.557539939880371,6.214829921722412,6.180078983306885,5.8400774002075195,5.587403774261475,33578.98046875,91.53468322753906,22.308523178100586,9.082685470581055,8.825932502746582,7.239525318145752,7.158215522766113,6.467805862426758,5.928854465484619
875000,885001,17,9,254,217,1,46136.41015625,192.45321655273438,82.86994934082031,25.71942138671875,15.742748260498047,10.322566032409668,8.984920501708984,8.493499755859375,7.929121971130371,7.641003608703613,7.362502574920654,6.812776565551758,6.646234035491943,6.4530558586120605,5.940698146820068,5.9006123542785645,5.468822956085205,33580.13671875,92.18463134765625,21.914567947387695,9.072253227233887,8.825834274291992,7.271446704864502,6.98681640625,6.486575126647949,5.847753047943115
880000,890001,17,9,255,225,0,46069.2265625,188.19464111328125,77.62078857421875,27.698225021362305,15.348618507385254,9.327016830444336,6.260001182556152,5.172504901885986,4.352123737335205,3.9692795276641846,3.706017017364502,3.5242514610290527,3.266528844833374,3.1728551387786865,2.7703802585601807,2.6278467178344727,2.604567527770996,33519.984375,86.43205261230469,21.99251365661621,7.622226238250732,4.923349380493164,3.7155001163482666,3.3746628761291504,2.9750797748565674,2.753796100616455
880000,890001,17,9,255,225,1,46064.00390625,188.22218322753906,76.80166625976562,26.97110939025879,14.273152351379395,9.128833770751953,6.276993274688721,5.077417373657227,4.5191497802734375,4.236347675323486,3.9364333152770996,3.6455349922180176,3.461448907852173,3.187863826751709,3.05998158454895,2.7369024753570557,2.4640629291534424,33516.24609375,86.003662109375,21.718524932861328,7.464929580688477,4.812932014465332,3.9645352363586426,3.4005324840545654,2.9743051528930664,2.8564817905426025
885000,895001,17,9,253,215,0,46087.14453125,197.67083740234375,77.84894561767578,29.84319305419922,15.520827293395996,9.400257110595703,7.187135696411133,5.707770347595215,5.199405193328857,4.931313514709473,4.787789821624756,4.6622772216796875,4.567390441894531,4.076635837554932,3.9721055030822754,3.6997933387756348,3.190573215484619,33524.83203125,84.8949966430664,25.25122833251953,8.44669246673584,5.30100154876709,5.197738170623779,4.663981914520264,4.263338088989258,3.973132610321045
885000,895001,17,9,253,215,1,46084.2890625,198.2152099609375,77.70276641845703,29.78287696838379,15.598455429077148,9.240869522094727,6.957624912261963,6.145205974578857,5.401881217956543,5.256162166595459,5.145298004150391,4.632506370544434,4.583324432373047,4.211637496948242,4.138925552368164,3.7754156589508057,3.4656403064727783,33522.5625,84.45296478271484,25.569717407226562,7.999931812286377,5.688003063201904,5.189945697784424,4.597701072692871,4.451573848724365,4.182064056396484
890000,900001,17,9,253,222,0,46158.9375,173.6980743408203,79.79912567138672,22.838632583618164,12.010263442993164,7.758136749267578,5.875689506530762,5.16329288482666,4.862980842590332,4.656793594360352,4.506192684173584,3.946342945098877,3.8517191410064697,3.6920299530029297,3.5567739009857178,3.4938805103302,3.1449997425079346,33583.46875,87.17333221435547,24.108911514282227,7.396066188812256,5.1719770431518555,4.680514335632324,4.195094585418701,3.9204068183898926,3.34148907661438
890000,900001,17,9,253,222,1,46168.2109375,173.86373901367188,80.18560028076172,23.047311782836914,11.594356536865234,7.560393333435059,6.157951831817627,5.380895614624023,5.123781681060791,4.812993049621582,4.464476108551025,4.227733612060547,4.131667137145996,4.029703617095947,3.804295778274536,3.4611055850982666,3.186591625213623,33590.125,86.84290313720703,23.990568161010742,7.210939884185791,5.4498419761657715,4.831815242767334,4.412533283233643,4.177891254425049,3.461836338043213
895000,905001,17,9,255,214,0,46698.90234375,190.85472106933594,87.42906188964844,26.97381591796875,15.727994918823242,8.443339347839355,6.710093021392822,5.956921577453613,5.631678581237793,5.31431770324707,4.995022773742676,4.762598991394043,4.667809963226318,4.447158336639404,4.306746006011963,4.284058570861816,3.9421093463897705,33974.3828125,102.0787353515625,20.941265106201172,8.041118621826172,5.642785549163818,5.504622936248779,4.963808059692383,4.620112895965576,4.061333179473877
895000,905001,17,9,255,214,1,46693.77734375,191.7020721435547,87.37752532958984,27.264699935913086,15.55285930633545,8.582135200500488,6.67905855178833,6.211091041564941,5.68735933303833,5.098552703857422,4.865211009979248,4.752909183502197,4.709812641143799,4.447861671447754,4.225645542144775,3.8865532875061035,3.7853362560272217,33970.46875,102.75018310546875,21.27973747253418,7.951318740844727,5.695221900939941,5.272090435028076,4.7674384117126465,4.367554664611816,3.996025323867798
900000,910001,17,9,251,227,0,46432.8125,159.26914978027344,75.90448760986328,26.361989974975586,13.217299461364746,9.771339416503906,9.301116943359375,8.303299903869629,7.13190221786499,6.618195056915283,6.570342540740967,5.833280563354492,5.520048141479492,5.155580043792725,5.002556324005127,4.722436904907227,4.589225769042969,33787.50390625,80.05010223388672,22.03470802307129,9.055469512939453,8.152109146118164,6.8072357177734375,6.010725021362305,5.376080513000488,4.8519511222839355
900000,910001,17,9,251,227,1,46432.7109375,157.9541015625,75.41471862792969,26.142507553100586,13.050691604614258,9.442423820495605,9.077764511108398,7.9592156410217285,6.8612260818481445,6.379493713378906,6.2955169677734375,5.640318870544434,5.525702476501465,5.299420356750488,4.893144130706787,4.639227867126465,4.498353958129883,33787.5,79.29300689697266,22.037109375,8.594831466674805,7.905350685119629,6.400003433227539,5.842874526977539,5.551257133483887,4.767463684082031
905000,915001,17,9,251,214,0,46675.953125,186.76058959960938,79.58680725097656,24.05308723449707,13.607220649719238,9.182313919067383,8.678191184997559,7.906895160675049,7.713211536407471,7.497010707855225,6.785463809967041,6.250448703765869,6.034392356872559,5.857426166534424,5.63294792175293,5.489526748657227,5.1848673820495605,33957.78125,84.94291687011719,24.43076515197754,8.865316390991211,7.566969394683838,7.308278560638428,6.785151958465576,6.067113876342773,5.809816837310791
905000,915001,17,9,251,214,1,46677.40234375,186.15499877929688,80.37171173095703,24.22853660583496,12.996435165405273,8.678241729736328,8.173519134521484,7.797799587249756,7.3719587326049805,7.123918056488037,6.338745594024658,5.982610702514648,5.597206115722656,5.414238452911377,5.191141605377197,5.137328624725342,4.840442180633545,33959.1875,85.15442657470703,24.052223205566406,8.399491310119629,7.346005916595459,6.685340881347656,6.0994367599487305,5.7790961265563965,5.332692623138428
910000,920001,17,9,252,211,0,46794.6484375,166.9151153564453,77.90229034423828,25.67804527282715,12.443899154663086,7.71660852432251,6.6796956062316895,5.813174247741699,5.677032470703125,5.502931594848633,5.387430667877197,5.176069259643555,4.887131690979004,4.637678623199463,4.431900501251221,4.234927177429199,3.986748456954956,34047.16015625,84.65389251708984,21.00853157043457,6.946874618530273,6.096009731292725,5.3913960456848145,5.338866710662842,4.840390205383301,4.539163112640381
910000,920001,17,9,252,211,1,46792.29296875,167.79595947265625,78.67639923095703,25.680227279663086,12.300040245056152,7.804751396179199,6.6431732177734375,6.159093856811523,5.851752758026123,5.45858097076416,5.179175853729248,5.068505764007568,4.866560459136963,4.67097806930542,4.497738838195801,4.363903522491455,4.139153480529785,34045.125,85.31493377685547,21.289894104003906,7.4394097328186035,6.166780471801758,5.68157958984375,5.192518711090088,4.816014766693115,4.5736188888549805
915000,925001,17,9,256,222,0,47302.7421875,203.29925537109375,78.9236068725586,25.43087387084961,13.859720230102539,7.362326145172119,6.267806053161621,5.091562271118164,4.686398983001709,4.375823974609375,3.938469648361206,3.687157392501831,3.4473037719726562,3.3078627586364746,3.1471991539001465,3.0658397674560547,2.838582754135132,34424.6171875,91.30686950683594,22.141740798950195,7.3717546463012695,5.035318374633789,4.175822734832764,3.68363881111145,3.184204339981079,3.149731397628784
915000,925001,17,9,256,222,1,47311.53515625,206.0160675048828,79.98876190185547,25.46153450012207,13.324825286865234,7.599263668060303,5.833066463470459,4.956597328186035,4.53716516494751,4.384768486022949,4.076156139373779,3.739656448364258,3.6515119075775146,3.533034324645996,3.1494534015655518,3.081648826599121,2.9088327884674072,34430.96875,92.97660064697266,21.97023582458496,7.51191520690918,4.811946392059326,4.2211809158325195,3.696423292160034,3.5145559310913086,3.1730523109436035
920000,930001,17,9,253,220,0,47195.57421875,160.2423095703125,77.27009582519531,22.596176147460938,12.237010955810547,7.341823577880859,5.63956880569458,4.703121662139893,4.046497821807861,3.5026402473449707,3.3760900497436523,3.2231576442718506,3.102431535720825,3.0261688232421875,2.788416624069214,2.752415895462036,2.468233585357666,34328.09375,79.84135437011719,20.526222229003906,7.03450345993042,4.718064785003662,3.6875832080841064,3.3933613300323486,2.830644369125366,2.562976360321045
920000,930001,17,9,253,220,1,47193.05078125,160.5635986328125,75.94631958007812,22.494260787963867,12.865647315979004,7.3805952072143555,5.82548713684082,4.971106052398682,3.989583969116211,3.479111433029175,3.377390146255493,3.2183971405029297,3.1350674629211426,3.0489747524261475,2.775181293487549,2.6891074180603027,2.4194388389587402,34326.1953125,78.65608215332031,21.082624435424805,7.278825759887695,5.072661399841309,3.345487594604492,3.281338691711426,2.8014442920684814,2.632140874862671
925000,935001,17,9,251,220,0,47222.76171875,178.6123046875,79.50590515136719,23.75507354736328,13.147871971130371,8.456389427185059,6.200589179992676,5.715084075927734,5.123718738555908,4.370787143707275,4.29879903793335,4.01359224319458,3.8976869583129883,3.566525459289551,3.3097426891326904,3.137763738632202,2.92828631401062,34356.91015625,86.61003112792969,21.26190185546875,7.901433944702148,5.963865280151367,4.511552810668945,4.428635597229004,3.738588571548462,3.276181936264038
925000,935001,17,9,251,220,1,47221.59765625,176.32447814941406,79.65042114257812,24.068988800048828,13.17692756652832,8.254526138305664,6.32582426071167,5.614864349365234,4.880672931671143,4.293759822845459,3.91591477394104,3.7408764362335205,3.6248111724853516,3.23093581199646,2.957813262939453,2.8359758853912354,2.7638072967529297,34356.515625,85.97760009765625,21.178022384643555,7.668015480041504,5.823276042938232,4.537844181060791,3.8726279735565186,3.4692366123199463,3.0974862575531006
930000,940001,17,9,254,223,0,47709.83203125,172.92062377929688,81.07626342773438,24.03652572631836,11.769954681396484,7.999792575836182,6.197168350219727,5.950450420379639,5.687623977661133,5.516283988952637,5.200342655181885,5.068068504333496,4.789991855621338,4.492335796356201,4.415825366973877,4.197550296783447,3.9552817344665527,34713.3828125,89.53372955322266,19.297683715820312,7.751262664794922,5.64471960067749,5.339897155761719,5.1156392097473145,4.937614917755127,4.4906744956970215
930000,940001,17,9,254,223,1,47711.25,172.08863830566406,80.07169342041016,23.67024803161621,12.03026008605957,8.224919319152832,6.3522419929504395,6.072695732116699,5.837434768676758,5.508035182952881,5.459803581237793,5.1179728507995605,5.103841304779053,4.636744976043701,4.4396443367004395,4.261127948760986,3.9036545753479004,34714.49609375,88.51814270019531,19.43781280517578,7.888932228088379,6.087583541870117,5.330163478851318,5.3092827796936035,5.004096508026123,4.4512176513671875
935000,945001,17,9,247,217,0,46948.79296875,180.56590270996094,73.09430694580078,25.408849716186523,13.733814239501953,9.593238830566406,7.234125137329102,6.489448070526123,6.204734802246094,5.98241662979126,5.55811882019043,5.111602306365967,4.964262008666992,4.826529026031494,4.719101905822754,4.405421257019043,3.949779748916626,34171.3125,76.41246032714844,21.33551597595215,7.930251598358154,5.987744331359863,5.817037105560303,5.680772304534912,4.659939289093018,4.54514217376709
935000,945001,17,9,247,217,1,46944.79296875,180.03518676757812,72.21477508544922,25.690553665161133,13.529886245727539,8.807899475097656,6.985776901245117,6.5975022315979,6.300375461578369,5.953131198883057,5.557328701019287,5.3287763595581055,4.982149600982666,4.813843250274658,4.484190464019775,4.397237300872803,3.891132116317749,34168.21875,75.50687408447266,21.749727249145508,7.354790687561035,6.4715375900268555,5.790766716003418,5.601617336273193,4.723435878753662,4.493553161621094
940000,950001,17,9,255,224,0,47792.9609375,167.9645233154297,83.32154083251953,25.671764373779297,14.70864200592041,9.541526794433594,9.144062995910645,8.476241111755371,7.460822105407715,7.1866841316223145,6.537022590637207,6.361557960510254,5.984248161315918,5.67252254486084,5.490731239318848,5.187302589416504,4.57296895980835,34781.890625,81.84901428222656,23.17642593383789,8.924243927001953,8.437687873840332,7.047112941741943,6.583285808563232,6.122839450836182,5.6972503662109375
940000,950001,17,9,255,224,1,47792.12109375,168.1681671142578,83.23149108886719,26.284048080444336,14.590006828308105,10.24482250213623,9.471010208129883,9.005890846252441,7.974027633666992,6.911597728729248,6.857867240905762,6.465069770812988,6.2593865394592285,5.749022006988525,5.304689884185791,5.246341228485107,4.893595218658447,34781.0078125,82.34398651123047,23.492895126342773,9.30435848236084,9.194025993347168,6.916073799133301,6.718639850616455,6.156468868255615,5.633678913116455
945000,955001,17,9,250,219,0,47569.40625,181.53195190429688,79.4242935180664,25.231525421142578,13.773822784423828,7.506602764129639,5.651440143585205,4.339443683624268,3.964507579803467,3.4778506755828857,3.3911798000335693,3.1774847507476807,2.886535406112671,2.8646116256713867,2.7036197185516357,2.6778674125671387,2.3718323707580566,34612.27734375,86.05390930175781,22.49557113647461,6.586844444274902,4.335845947265625,3.405841112136841,3.1668269634246826,2.873223066329956,2.7067148685455322
945000,955001,17,9,250,219,1,47567.66015625,180.61355590820312,79.02560424804688,25.365859985351562,13.806096076965332,7.026684284210205,5.687499046325684,4.4451985359191895,3.9780361652374268,3.6761395931243896,3.5235726833343506,3.3318426609039307,3.0822999477386475,2.98542857170105,2.8710272312164307,2.660156726837158,2.5693869590759277,34610.41015625,85.3958969116211,22.712955474853516,6.551814079284668,4.3519511222839355,3.4796948432922363,3.131068229675293,3.1021995544433594,2.8169455528259277
950000,960001,17,9,252,223,0,47977.51171875,190.44097900390625,78.16395568847656,29.328258514404297,14.941829681396484,9.070443153381348,6.993131637573242,5.364711761474609,5.012906074523926,4.623239994049072,4.085485935211182,3.9136927127838135,3.6997644901275635,3.4684391021728516,3.3130500316619873,3.2306623458862305,3.0288033485412598,34910.57421875,87.79317474365234,26.448776245117188,8.375128746032715,5.261777400970459,4.118454456329346,3.702375888824463,3.5708298683166504,3.3210675716400146
950000,960001,17,9,252,223,1,47982.8359375,190.05384826660156,78.56950378417969,29.42637062072754,14.892723083496094,8.699553489685059,6.428662300109863,5.333767414093018,4.638886451721191,4.171494960784912,3.928912878036499,3.820645809173584,3.715667486190796,3.336463212966919,3.242816925048828,3.0752201080322266,3.0273678302764893,34913.84375,87.83475494384766,26.36588478088379,7.558627128601074,4.949765205383301,3.9755923748016357,3.611891031265259,3.439831495285034,3.2277891635894775
955000,965001,17,9,252,225,0,48086.00390625,166.19100952148438,71.2319107055664,25.476327896118164,16.132139205932617,11.061441421508789,9.691144943237305,8.891389846801758,8.162744522094727,7.892653465270996,7.267520427703857,6.874894618988037,6.622968673706055,6.397495746612549,6.126694202423096,5.980251789093018,5.566434383392334,34983.68359375,73.76052856445312,21.865215301513672,10.111759185791016,8.374271392822266,7.421012878417969,6.9938459396362305,6.327908992767334,6.158614635467529
955000,965001,17,9,252,225,1,48088.4375,165.54458618164062,71.02782440185547,25.949989318847656,15.548027038574219,10.675944328308105,9.520599365234375,8.684221267700195,7.74062442779541,7.55948543548584,6.776150703430176,6.539884090423584,6.26167106628418,6.058366298675537,5.926548004150391,5.731531143188477,5.238360404968262,34985.5390625,73.68672180175781,21.742029190063477,9.927206039428711,7.9808573722839355,6.8569254875183105,6.648135185241699,6.141932487487793,5.848498821258545
960000,970001,17,9,253,220,0,48293.83203125,168.99835205078125,73.76380920410156,22.632802963256836,11.104095458984375,7.503566265106201,6.991278648376465,6.8136773109436035,6.384355545043945,6.017286777496338,5.794253826141357,5.537384986877441,4.876315116882324,4.789071559906006,4.513747215270996,4.1053619384765625,4.079814434051514,35132.2578125,81.72210693359375,20.047935485839844,6.701313018798828,6.417193412780762,6.140378952026367,5.53662633895874,4.750433444976807,4.437903881072998
960000,970001,17,9,253,220,1,48296.7578125,169.40789794921875,74.03411865234375,23.0291805267334,12.075602531433105,7.821037292480469,6.8643879890441895,6.508712291717529,6.169147491455078,5.868581771850586,5.620727062225342,5.459498405456543,5.12502908706665,4.84105920791626,4.534112930297852,4.202392101287842,3.9959962368011475,35134.55078125,81.7784194946289,20.133636474609375,6.557608604431152,6.244467258453369,5.8432536125183105,5.336345195770264,4.738238334655762,4.226099967956543
965000,975001,17,9,253,219,0,48415.7265625,174.16421508789062,73.08323669433594,25.206676483154297,12.487399101257324,9.682499885559082,8.244514465332031,6.511992454528809,6.41825532913208,6.120423316955566,6.084539413452148,5.693039894104004,5.378150463104248,5.281972885131836,4.918323993682861,4.764074325561523,4.586947917938232,35225.23828125,82.67145538330078,22.015132904052734,8.610904693603516,6.349920272827148,6.213502407073975,5.549353122711182,5.193163871765137,5.072094440460205
965000,975001,17,9,253,219,1,48409.234375,171.73406982421875,73.00714874267578,25.238494873046875,12.736607551574707,9.615836143493652,7.741806983947754,6.197880268096924,6.1481146812438965,6.065868377685547,5.8134050369262695,5.700178623199463,5.265121936798096,5.157020092010498,4.791423797607422,4.590946674346924,4.396552085876465,35220.9609375,81.86305236816406,22.39368438720703,8.652556419372559,6.120083808898926,5.952105522155762,5.274528980255127,5.156195163726807,4.877511024475098
970000,980001,17,9,251,221,0,48222.41796875,181.6690216064453,77.96600341796875,23.491716384887695,12.051716804504395,7.510064601898193,5.332762718200684,5.063815116882324,4.742041110992432,4.606079578399658,4.086881160736084,3.940397024154663,3.798403739929199,3.593383550643921,3.3644537925720215,3.175443172454834,2.903805732727051,35090.9609375,83.70269775390625,20.722965240478516,6.601865291595459,4.736434459686279,4.122213363647461,3.7926156520843506,3.510470390319824,3.3097190856933594
970000,980001,17,9,251,221,1,48235.69140625,182.1047821044922,78.1621322631836,23.579519271850586,11.69875431060791,7.222324371337891,5.658777236938477,5.0301995277404785,4.357203006744385,3.9798941612243652,3.7056779861450195,3.613919734954834,3.3379063606262207,3.243438482284546,2.989799976348877,2.9330992698669434,2.557245969772339,35100.51953125,83.8693618774414,21.035615921020508,6.607422828674316,4.5832295417785645,3.429920196533203,3.3221802711486816,3.1177244186401367,2.689055919647217
975000,985001,17,9,252,233,0,48405.62890625,188.1704864501953,72.57276153564453,25.03534507751465,12.754966735839844,10.024846076965332,8.671100616455078,8.361034393310547,8.2072172164917,7.534162521362305,7.354376316070557,7.053311347961426,6.531846046447754,6.494992733001709,6.170248031616211,5.6599860191345215,5.533756732940674,35217.75,79.26761627197266,23.063161849975586,8.479063034057617,7.893802165985107,7.6855573654174805,7.20339298248291,6.801513671875,6.323412895202637
975000,985001,17,9,252,233,1,48408.71875,188.7713165283203,72.25487518310547,25.35638427734375,13.382137298583984,9.723979949951172,8.749139785766602,8.198163032531738,7.933942794799805,7.567176342010498,7.2138824462890625,6.9855146408081055,6.545475959777832,6.273792266845703,6.20456075668335,5.73205041885376,5.218903064727783,35220.10546875,79.5333251953125,23.051679611206055,8.39298152923584,8.009217262268066,7.721994876861572,7.044675350189209,6.8564276695251465,6.157395839691162
980000,990001,17,9,251,216,0,48629.7890625,181.95083618164062,69.75626373291016,24.792068481445312,13.39462947845459,8.322236061096191,5.732046604156494,5.618521690368652,5.08216667175293,4.896726131439209,4.551316738128662,4.331872940063477,4.246862888336182,3.929713487625122,3.526337146759033,3.3632972240448,3.1930816173553467,35381.03125,78.82192993164062,22.215717315673828,8.156418800354004,5.192108631134033,4.951399803161621,4.418074607849121,4.213703155517578,3.7393040657043457
980000,990001,17,9,251,216,1,48630.01953125,181.16525268554688,69.46501922607422,24.415294647216797,12.64910888671875,8.317083358764648,6.506424427032471,5.318016529083252,5.2168145179748535,4.883780002593994,4.729957103729248,4.23482608795166,4.117124557495117,3.892073392868042,3.4743785858154297,3.266889810562134,3.0773584842681885,35381.10546875,78.5376205444336,21.804353713989258,8.11613941192627,5.897244930267334,5.160671234130859,4.543954849243164,4.040958404541016,3.730928897857666
985000,995001,17,9,250,226,0,48546.8671875,169.0059051513672,71.17202758789062,23.083477020263672,10.476024627685547,6.6924333572387695,5.211454391479492,4.800323963165283,4.561176300048828,4.424500465393066,4.091010093688965,3.88558292388916,3.6761515140533447,3.5547666549682617,3.450728178024292,3.2708568572998047,3.1698129177093506,35321.5703125,79.53386688232422,18.432897567749023,5.645280361175537,4.50780725479126,4.236521244049072,3.917407989501953,3.5381405353546143,3.371570110321045
985000,995001,17,9,250,226,1,48547.546875,168.1228485107422,72.17155456542969,23.77273941040039,10.15415096282959,6.89140510559082,5.1680707931518555,4.938419342041016,4.524635314941406,4.236680507659912,4.094151973724365,3.8355467319488525,3.7388827800750732,3.6939597129821777,3.6321582794189453,3.5261147022247314,3.249622106552124,35322.359375,79.27503967285156,18.8193359375,5.812301158905029,4.754027843475342,4.207801818847656,3.9485230445861816,3.73738169670105,3.535322904586792
