grad_step,env_steps,window_len,penalty_len,n_windows,unique_eps,critic,sv_01,sv_02,sv_03,sv_04,sv_05,sv_06,sv_07,sv_08,sv_09,sv_10,sv_11,sv_12,sv_13,sv_14,sv_15,sv_16,sv_17,pen_sv_01,pen_sv_02,pen_sv_03
0,10048,17,3,250,10,0,30.903791427612305,5.8103437423706055,5.642568111419678,5.286379814147949,5.17375373840332,5.042692184448242,4.955488204956055,4.780601501464844,4.712461471557617,4.650094509124756,4.380734443664551,4.225931644439697,4.101858615875244,3.9184939861297607,3.8881702423095703,3.6498501300811768,3.37819242477417,13.590707778930664,5.003836631774902,4.853000164031982
0,10048,17,3,250,10,1,11.379240989685059,5.280541896820068,5.078033447265625,5.004051685333252,4.779637336730957,4.699495315551758,4.424200534820557,4.36407995223999,4.033763885498047,3.9460339546203613,3.7574262619018555,3.703643560409546,3.6075375080108643,3.3514533042907715,3.118208885192871,2.658710479736328,2.4979770183563232,5.379441261291504,4.041193008422852,4.019717216491699
5000,15040,17,3,252,15,0,2183.958740234375,72.9056396484375,47.69483184814453,32.239532470703125,28.468891143798828,23.160741806030273,22.118301391601562,18.902061462402344,17.9122314453125,15.825142860412598,14.287781715393066,13.296036720275879,12.769659996032715,11.695280075073242,10.690322875976562,10.522106170654297,9.25731372833252,918.4006958007812,19.580013275146484,12.03417682647705
5000,15040,17,3,252,15,1,2177.169189453125,72.60746002197266,47.14889144897461,32.493099212646484,29.118389129638672,22.96590232849121,21.49869155883789,20.14060401916504,17.530902862548828,16.721710205078125,14.623350143432617,13.785965919494629,12.82634162902832,11.998393058776855,11.28884220123291,10.267032623291016,9.727923393249512,915.2739868164062,20.639684677124023,11.667922019958496
10000,20032,17,3,251,20,0,2071.399169921875,82.83699798583984,50.11652755737305,34.641597747802734,29.242717742919922,26.326688766479492,20.51460838317871,19.55219078063965,17.393138885498047,14.8751859664917,13.493278503417969,12.480020523071289,12.056296348571777,11.320760726928711,11.161734580993652,10.416555404663086,10.379729270935059,869.636962890625,19.399051666259766,12.105947494506836
10000,20032,17,3,251,20,1,2070.73681640625,83.13933563232422,49.73713302612305,36.40259552001953,30.424074172973633,27.220928192138672,20.525983810424805,18.975025177001953,16.749221801757812,15.53824234008789,13.516846656799316,12.373353958129883,11.93537712097168,11.775594711303711,10.380412101745605,9.81898021697998,9.528864860534668,869.3604125976562,20.76241683959961,12.22127914428711
15000,25024,17,3,252,25,0,1620.5953369140625,93.18396759033203,49.77539825439453,35.23573684692383,27.998159408569336,21.808401107788086,18.29822540283203,17.080978393554688,13.877440452575684,13.068243026733398,10.852234840393066,10.355672836303711,9.903273582458496,9.222408294677734,8.49731159210205,8.262503623962402,7.42366886138916,688.4515991210938,18.611373901367188,10.626446723937988
15000,25024,17,3,252,25,1,1596.4129638671875,93.62042999267578,50.658512115478516,34.98298263549805,26.793066024780273,22.45639419555664,18.177324295043945,16.031143188476562,13.414562225341797,12.70758056640625,10.594780921936035,9.426856994628906,9.268165588378906,8.6360502243042,7.452854156494141,7.167900562286377,6.732321262359619,677.7786865234375,19.147817611694336,9.869950294494629
20000,30016,17,3,255,30,0,1453.7645263671875,92.08670043945312,60.51263427734375,32.786869049072266,26.43210220336914,21.774349212646484,18.389171600341797,16.428495407104492,15.001543998718262,12.991454124450684,11.680205345153809,9.900617599487305,9.64604663848877,8.84127140045166,8.112713813781738,7.947867393493652,7.133127689361572,619.2515869140625,19.50501823425293,10.318751335144043
20000,30016,17,3,255,30,1,1450.18603515625,93.11332702636719,61.961875915527344,33.575740814208984,26.228113174438477,21.803159713745117,17.28938102722168,16.1782283782959,14.708697319030762,13.726102828979492,11.281134605407715,10.133232116699219,8.787880897521973,8.692054748535156,8.078393936157227,7.493875980377197,6.771344184875488,616.7636108398438,19.578304290771484,10.643416404724121
25000,35008,17,3,253,35,0,1847.4300537109375,137.6098175048828,76.17453002929688,50.25640106201172,37.0177001953125,27.36246109008789,22.402164459228516,20.196298599243164,16.207744598388672,14.812583923339844,13.464153289794922,11.64467716217041,11.182694435119629,10.896790504455566,10.155712127685547,9.41456413269043,8.856144905090332,776.5299072265625,27.969911575317383,12.43441104888916
25000,35008,17,3,253,35,1,1841.4652099609375,136.24229431152344,75.21622467041016,48.143436431884766,35.43119812011719,25.003204345703125,23.128490447998047,18.98699378967285,18.548128128051758,14.61925983428955,13.708831787109375,11.911998748779297,11.457208633422852,10.725727081298828,10.246928215026855,9.80540943145752,8.73551082611084,773.3960571289062,27.2615966796875,12.138992309570312
30000,40000,17,3,250,40,0,2874.468994140625,207.283935546875,94.30207061767578,57.30167770385742,46.61922073364258,37.49312973022461,31.98316192626953,29.224218368530273,26.152671813964844,21.688261032104492,19.413862228393555,17.204221725463867,16.96156120300293,16.178974151611328,15.777329444885254,14.552529335021973,13.318833351135254,1189.36376953125,36.491939544677734,18.624475479125977
30000,40000,17,3,250,40,1,2876.298095703125,209.06578063964844,95.23318481445312,57.967525482177734,45.71036148071289,38.00667190551758,34.496826171875,29.543193817138672,28.25682830810547,20.92810821533203,19.672630310058594,18.655559539794922,16.27932357788086,15.468952178955078,14.324105262756348,13.388609886169434,13.096555709838867,1186.5491943359375,35.855674743652344,17.9569034576416
35000,44992,17,3,252,45,0,4363.6298828125,329.9593811035156,119.95175170898438,79.76526641845703,56.882789611816406,46.67580032348633,41.760765075683594,34.61387634277344,31.872554779052734,27.73708152770996,26.111616134643555,24.220556259155273,22.450895309448242,20.233173370361328,19.70412826538086,17.063417434692383,16.727642059326172,1832.4661865234375,43.882225036621094,23.299686431884766
35000,44992,17,3,252,45,1,4364.31103515625,327.0799560546875,118.90591430664062,78.10963439941406,55.431068420410156,46.04290771484375,45.070167541503906,34.471946716308594,30.474252700805664,26.682931900024414,25.688295364379883,25.19976806640625,21.735143661499023,20.999662399291992,18.097028732299805,17.73209571838379,16.070308685302734,1832.667724609375,43.4799690246582,22.443002700805664
40000,50048,17,3,249,49,0,5927.3486328125,269.7260437011719,128.2478485107422,82.33226776123047,60.965213775634766,44.322052001953125,39.17253875732422,34.75864791870117,34.393348693847656,29.708816528320312,27.2403564453125,26.460783004760742,22.89320182800293,22.046382904052734,20.751514434814453,20.0012264251709,18.91714096069336,2496.9013671875,46.8453369140625,24.66613006591797
40000,50048,17,3,249,49,1,5936.59375,268.6050720214844,130.7110595703125,79.44937896728516,57.57866668701172,44.98560333251953,40.94053649902344,34.01295471191406,30.885215759277344,26.787818908691406,25.99545669555664,23.486486434936523,22.157983779907227,20.518512725830078,19.61969757080078,19.13495445251465,17.54228401184082,2502.809814453125,47.06633758544922,23.954111099243164
45000,55040,17,3,253,54,0,7389.9296875,322.14984130859375,137.3525848388672,86.8718032836914,65.27648162841797,54.14546585083008,48.8637809753418,45.56050491333008,40.00043869018555,31.54277801513672,28.11607551574707,27.2082462310791,25.722198486328125,24.758962631225586,21.97231674194336,21.006563186645508,18.692832946777344,3119.699951171875,59.0540657043457,29.28386878967285
45000,55040,17,3,253,54,1,7361.15478515625,322.4248046875,137.97698974609375,86.56649780273438,67.61668395996094,53.07015609741211,52.5285530090332,45.850955963134766,38.9371337890625,32.83330535888672,30.779199600219727,27.532241821289062,26.003496170043945,24.71711540222168,23.852426528930664,20.85330581665039,20.20779037475586,3110.7958984375,57.711368560791016,29.877384185791016
50000,60032,17,3,250,60,0,8973.8203125,284.8813171386719,134.84951782226562,101.03372192382812,62.65517044067383,53.723819732666016,52.0027961730957,46.091766357421875,40.89430236816406,31.206947326660156,30.566530227661133,28.413837432861328,26.482288360595703,25.390758514404297,24.314420700073242,21.377742767333984,21.28347396850586,3770.203857421875,51.59278869628906,28.054439544677734
50000,60032,17,3,250,60,1,8951.4345703125,286.5121765136719,133.64439392089844,100.4465103149414,59.72252655029297,55.913177490234375,50.45184326171875,44.793846130371094,41.6339111328125,30.995492935180664,29.186708450317383,27.063495635986328,25.903820037841797,24.43990135192871,22.623685836791992,22.078781127929688,20.137907028198242,3760.5908203125,51.105342864990234,28.705337524414062
55000,65024,17,3,252,65,0,10116.4140625,319.3795471191406,155.9650421142578,97.67144775390625,72.7269058227539,54.16819763183594,47.37930679321289,45.33454895019531,41.51938247680664,32.92139434814453,28.854944229125977,27.70182991027832,26.57290267944336,25.408275604248047,23.86573600769043,23.53359603881836,21.72162628173828,4268.46484375,50.266822814941406,28.328189849853516
55000,65024,17,3,252,65,1,10126.609375,320.80084228515625,154.3453369140625,93.51261138916016,72.10865783691406,51.67643356323242,49.8755989074707,46.7784309387207,40.0159797668457,31.352689743041992,29.140792846679688,27.129947662353516,26.08985137939453,25.688318252563477,23.750926971435547,22.46002769470215,21.927968978881836,4273.138671875,48.14988708496094,28.42858123779297
60000,70016,17,3,251,67,0,10824.7744140625,261.8831787109375,138.8802032470703,102.43749237060547,77.87488555908203,51.992820739746094,51.003719329833984,46.25732421875,40.88124465942383,33.49325180053711,30.45989227294922,27.59471321105957,26.838579177856445,25.518325805664062,23.433881759643555,22.91352653503418,20.575477600097656,4567.07275390625,50.389163970947266,30.67259979248047
60000,70016,17,3,251,67,1,10848.7490234375,262.4844665527344,142.62916564941406,100.36299133300781,80.78166198730469,55.3237419128418,49.184410095214844,44.1341552734375,38.85336685180664,32.44040298461914,29.54751968383789,26.213285446166992,25.731040954589844,24.787084579467773,23.891456604003906,21.352561950683594,19.936054229736328,4578.77587890625,50.808292388916016,26.25014877319336
65000,75008,17,3,247,73,0,12158.583984375,321.49578857421875,141.98452758789062,90.68737030029297,67.71732330322266,52.81651306152344,49.12445068359375,40.16471481323242,37.56373596191406,33.76554870605469,30.43190574645996,28.422021865844727,25.721330642700195,24.75591278076172,22.57216453552246,20.798446655273438,20.1727237701416,5107.50244140625,45.23874282836914,26.307836532592773
65000,75008,17,3,247,73,1,12158.52734375,319.39306640625,136.3156280517578,92.98987579345703,64.83323669433594,54.89964294433594,47.078426361083984,42.17783737182617,36.281307220458984,33.34952926635742,29.574670791625977,27.244325637817383,25.830080032348633,25.16338539123535,22.301939010620117,20.98753547668457,19.028301239013672,5105.33203125,46.51897430419922,25.499267578125
70000,80000,17,3,254,77,0,13557.7109375,262.94696044921875,143.6822967529297,94.53567504882812,68.58436584472656,63.54234313964844,59.888126373291016,51.993003845214844,49.518245697021484,35.175621032714844,31.978071212768555,29.431987762451172,25.96901512145996,25.033946990966797,24.162416458129883,22.896291732788086,22.204669952392578,5691.78759765625,57.25742721557617,30.900606155395508
70000,80000,17,3,254,77,1,13561.8046875,260.6790466308594,143.7594757080078,94.02535247802734,65.42688751220703,59.60926055908203,53.777950286865234,50.61215591430664,46.88738250732422,32.88418197631836,29.62278938293457,28.270610809326172,26.454833984375,25.379735946655273,24.02231216430664,22.33287239074707,20.817974090576172,5695.72607421875,53.76382827758789,28.913759231567383
75000,84992,17,3,252,81,0,14474.646484375,372.7332458496094,161.35458374023438,111.91796875,78.8160629272461,59.03251266479492,52.366817474365234,44.97020721435547,39.00848388671875,37.07408905029297,33.260589599609375,30.71193504333496,30.19032096862793,29.01075553894043,26.02754020690918,23.5631103515625,22.68576431274414,6084.98583984375,53.02680206298828,32.54169845581055
75000,84992,17,3,252,81,1,14449.435546875,369.91259765625,154.79881286621094,107.23612213134766,76.60340118408203,57.37407302856445,51.90042495727539,45.10621643066406,39.49225616455078,36.47935485839844,34.651763916015625,31.208648681640625,27.403587341308594,26.5269718170166,26.106342315673828,23.457855224609375,22.286108016967773,6072.79248046875,51.56661605834961,33.19234085083008
80000,90048,17,3,254,85,0,15354.947265625,349.490966796875,173.9017333984375,108.18792724609375,80.3720932006836,63.87759017944336,61.88918685913086,52.56788635253906,48.07766342163086,36.83745193481445,32.84025573730469,32.43708419799805,28.12724494934082,27.823116302490234,25.655075073242188,25.29363250732422,22.69033432006836,6460.34619140625,59.828025817871094,29.441787719726562
80000,90048,17,3,254,85,1,15352.2958984375,347.63555908203125,170.52371215820312,106.47103118896484,81.69278717041016,64.49016571044922,59.61998748779297,47.87883758544922,45.30610656738281,33.96364974975586,31.364032745361328,30.927759170532227,27.5179500579834,25.48680305480957,24.06825828552246,23.969322204589844,23.137279510498047,6457.29443359375,55.27234649658203,29.755937576293945
85000,95040,17,3,253,87,0,16123.166015625,369.0033264160156,157.7002716064453,110.88237762451172,101.00447082519531,71.22468566894531,54.76092529296875,48.163387298583984,45.668609619140625,38.69917297363281,34.62861251831055,33.319942474365234,31.2292423248291,27.847707748413086,26.387758255004883,24.206741333007812,22.861684799194336,6770.4853515625,66.02588653564453,35.042388916015625
85000,95040,17,3,253,87,1,16136.365234375,365.5786437988281,154.50025939941406,109.24739837646484,96.4214859008789,71.40376281738281,54.18016052246094,50.70062255859375,45.04861831665039,38.47785568237305,32.83565902709961,31.90196990966797,31.20567512512207,26.384532928466797,25.30175018310547,24.4920654296875,23.01755714416504,6776.3603515625,63.935462951660156,34.45382308959961
90000,100032,17,3,251,93,0,16485.767578125,309.84625244140625,170.166259765625,106.99507904052734,81.67381286621094,67.53827667236328,53.386478424072266,47.073280334472656,41.25398254394531,36.631900787353516,34.48594665527344,32.00380325317383,30.885543823242188,29.629716873168945,26.959762573242188,25.680500030517578,22.56352424621582,6940.03564453125,61.39154815673828,32.884071350097656
90000,100032,17,3,251,93,1,16497.431640625,310.9523010253906,168.42996215820312,104.11613464355469,82.15632629394531,64.4378890991211,48.34596633911133,43.48836135864258,41.59349060058594,36.009735107421875,33.340728759765625,30.925662994384766,28.40420913696289,26.617902755737305,26.19803810119629,25.452640533447266,24.086210250854492,6948.7734375,59.950653076171875,29.20806884765625
95000,105024,17,3,252,93,0,17493.5390625,442.65472412109375,156.4210205078125,111.51966857910156,76.68946838378906,58.036991119384766,52.81248474121094,43.725189208984375,42.8306770324707,39.23148727416992,33.47151565551758,30.720548629760742,30.428096771240234,27.373912811279297,26.419891357421875,24.490781784057617,22.508708953857422,7369.21142578125,52.84232711791992,31.040212631225586
95000,105024,17,3,252,93,1,17475.787109375,445.00018310546875,154.9239501953125,109.52687072753906,77.6150894165039,58.676971435546875,52.83184814453125,46.0377197265625,45.26171875,35.28715133666992,34.536869049072266,31.185592651367188,28.5223445892334,26.28292465209961,25.77140235900879,24.136974334716797,22.99339485168457,7362.7626953125,52.729156494140625,30.837522506713867
100000,110016,17,3,253,98,0,18389.341796875,352.5282897949219,158.01284790039062,107.84203338623047,87.30829620361328,72.27439880371094,61.556697845458984,56.33443069458008,48.577171325683594,36.43522262573242,33.780006408691406,31.039220809936523,30.298566818237305,27.269678115844727,26.857938766479492,25.48417854309082,23.977418899536133,7741.33349609375,57.91328048706055,31.854108810424805
100000,110016,17,3,253,98,1,18369.427734375,353.2461853027344,156.2066192626953,107.57964324951172,87.45462036132812,70.61707305908203,67.89116668701172,59.449337005615234,47.77159118652344,35.318214416503906,32.9637565612793,31.069568634033203,30.741992950439453,27.53658676147461,26.741819381713867,24.55681610107422,23.546878814697266,7733.62353515625,58.12630844116211,31.3779354095459
105000,115008,17,3,249,100,0,19454.853515625,345.3183898925781,161.7957305908203,94.5942611694336,78.1949462890625,61.368934631347656,55.47005844116211,43.000511169433594,39.14351272583008,35.55140686035156,31.95781707763672,29.33503532409668,27.84480094909668,26.57561683654785,25.12833595275879,24.346105575561523,23.396644592285156,8187.72265625,48.99481964111328,29.20220375061035
105000,115008,17,3,249,100,1,19436.5625,340.7965393066406,163.77597045898438,94.91947174072266,76.70405578613281,63.15837097167969,55.00637435913086,45.00960159301758,40.279598236083984,35.98476028442383,34.373722076416016,31.17458724975586,29.38877296447754,25.417484283447266,24.32674217224121,23.35931396484375,22.918821334838867,8179.8798828125,51.60253143310547,30.542922973632812
110000,120000,17,3,251,106,0,19275.486328125,469.5714111328125,167.2825927734375,114.91259002685547,77.17533874511719,68.3607406616211,56.610694885253906,52.247982025146484,48.387779235839844,40.86746597290039,35.39003372192383,32.367767333984375,31.621868133544922,29.143205642700195,28.802143096923828,26.59661102294922,25.201618194580078,8085.47119140625,68.48457336425781,37.19866180419922
110000,120000,17,3,251,106,1,19263.814453125,468.8316955566406,164.68356323242188,109.84629821777344,74.14006042480469,68.43102264404297,58.08708190917969,50.29847717285156,45.36176681518555,37.1087532043457,34.415470123291016,31.348756790161133,28.719181060791016,26.521013259887695,25.2814884185791,24.259153366088867,23.832624435424805,8079.64404296875,69.47640991210938,33.718482971191406
115000,124992,17,3,247,112,0,19395.3828125,324.0982360839844,176.57125854492188,102.30703735351562,85.96571350097656,65.6810073852539,56.223304748535156,50.775672912597656,42.102760314941406,36.94162368774414,34.65790939331055,32.05228805541992,28.927370071411133,28.53917121887207,24.778606414794922,22.069639205932617,20.525169372558594,8160.125,54.021358489990234,28.15376091003418
115000,124992,17,3,247,112,1,19363.544921875,320.8759460449219,172.34519958496094,96.84973907470703,84.1530990600586,62.2255744934082,51.37621307373047,47.2010612487793,40.2863655090332,37.27884292602539,36.21574020385742,31.937416076660156,30.977210998535156,27.41680145263672,25.572677612304688,24.17692756652832,21.902915954589844,8147.4111328125,51.47322082519531,27.980710983276367
120000,130048,17,3,249,111,0,20627.279296875,252.98731994628906,142.46937561035156,94.0965805053711,72.78589630126953,56.550472259521484,51.691009521484375,39.810890197753906,36.086143493652344,34.57664108276367,33.253177642822266,30.19382667541504,27.94658851623535,24.38511085510254,22.858442306518555,21.586437225341797,21.328462600708008,8690.3583984375,52.612003326416016,35.616146087646484
120000,130048,17,3,249,111,1,20589.8828125,253.88552856445312,144.25210571289062,92.64677429199219,73.5263442993164,55.1002197265625,48.21638107299805,40.37934875488281,36.867950439453125,34.32806396484375,29.842748641967773,29.20899772644043,26.736154556274414,25.597042083740234,24.454256057739258,23.89097785949707,20.717130661010742,8673.71484375,51.49822235107422,31.414691925048828
125000,135040,17,3,253,112,0,20550.3984375,327.2730407714844,166.0606689453125,108.97254180908203,80.22098541259766,65.61783599853516,53.915313720703125,45.70744323730469,43.83363723754883,37.5128173828125,36.534542083740234,33.06550979614258,29.480152130126953,28.982221603393555,28.092334747314453,27.105701446533203,25.734619140625,8649.462890625,57.07637405395508,32.33041000366211
125000,135040,17,3,253,112,1,20511.12109375,329.5714111328125,166.81338500976562,109.57555389404297,81.79629516601562,71.00012969970703,52.823394775390625,46.89970016479492,42.83333206176758,37.574588775634766,36.06684112548828,34.63117980957031,32.881919860839844,31.222808837890625,29.16160774230957,26.474102020263672,25.970184326171875,8632.2294921875,62.904415130615234,31.85511589050293
130000,140032,17,3,250,117,0,21203.171875,298.9236755371094,139.41380310058594,96.4319839477539,80.0337905883789,56.0232048034668,49.50324249267578,45.41408157348633,35.22096252441406,34.47132873535156,31.773767471313477,30.04103660583496,27.61060905456543,26.080589294433594,25.043081283569336,23.274568557739258,21.789783477783203,8927.791015625,47.63823318481445,25.96662139892578
130000,140032,17,3,250,117,1,21203.62109375,294.526611328125,143.40464782714844,96.20223999023438,76.02901458740234,54.62445831298828,49.69544982910156,46.86016082763672,38.14805221557617,35.621761322021484,33.02360153198242,31.463150024414062,29.445432662963867,27.260244369506836,26.35843849182129,24.90241050720215,22.8819522857666,8928.380859375,51.63527297973633,32.2415657043457
135000,145024,17,3,251,121,0,21200.431640625,348.4635925292969,162.89645385742188,100.0584716796875,80.36630249023438,65.27569580078125,56.127254486083984,51.80259323120117,43.71784210205078,41.2769660949707,31.128684997558594,29.89508056640625,27.49864959716797,26.418548583984375,24.94089698791504,23.96415138244629,22.237184524536133,8917.3798828125,53.92629623413086,29.220563888549805
135000,145024,17,3,251,121,1,21253.814453125,347.7101135253906,164.0815887451172,102.58479309082031,86.13341522216797,63.23464584350586,56.02378845214844,53.890377044677734,49.13731384277344,40.8581657409668,33.959266662597656,29.92656707763672,28.941890716552734,27.244060516357422,25.835512161254883,23.9886417388916,21.904632568359375,8941.337890625,60.81440734863281,30.284574508666992
140000,150016,17,3,254,127,0,21707.697265625,433.3573303222656,190.5088348388672,131.87905883789062,90.56584930419922,68.34428405761719,62.062278747558594,54.49891662597656,49.259071350097656,40.40800094604492,37.70449447631836,32.91740036010742,30.126127243041992,28.204082489013672,26.566625595092773,25.119050979614258,22.95712661743164,9121.80078125,73.57450866699219,34.4508171081543
140000,150016,17,3,254,127,1,21715.3203125,427.093994140625,190.13485717773438,136.09100341796875,91.58120727539062,67.95487976074219,59.29917907714844,53.76149368286133,47.78197479248047,37.127933502197266,35.24968719482422,29.773027420043945,28.586854934692383,26.54494857788086,25.318700790405273,23.950119018554688,23.494281768798828,9124.2900390625,71.9415283203125,31.333648681640625
145000,155008,17,3,254,129,0,22399.8359375,430.7173156738281,151.04978942871094,136.1339111328125,75.61294555664062,61.837547302246094,59.619441986083984,45.340885162353516,38.651973724365234,37.19698715209961,33.61537551879883,30.55708122253418,29.87808609008789,26.704736709594727,26.007957458496094,24.12334632873535,23.039823532104492,9405.6357421875,56.64421844482422,32.76557540893555
145000,155008,17,3,254,129,1,22394.568359375,429.0439147949219,150.65049743652344,137.99481201171875,77.9587631225586,62.135250091552734,56.68345260620117,43.424339294433594,38.0598258972168,35.283382415771484,33.70565414428711,29.020984649658203,26.621782302856445,26.19074058532715,24.661420822143555,23.68022918701172,21.31488609313965,9400.8583984375,58.2606086730957,32.70918655395508
150000,160000,17,3,253,128,0,22328.91796875,313.2294921875,143.07034301757812,109.53303527832031,78.6640625,56.94640350341797,48.61092758178711,46.804439544677734,38.1893310546875,35.31557083129883,33.649410247802734,30.01893424987793,28.48173713684082,26.813947677612305,25.903465270996094,24.679668426513672,21.654953002929688,9405.103515625,52.22865676879883,27.66060447692871
150000,160000,17,3,253,128,1,22330.275390625,313.3562316894531,147.6393585205078,110.98468780517578,78.33445739746094,55.726287841796875,53.828575134277344,50.483055114746094,38.588653564453125,34.17386245727539,32.33348083496094,29.961315155029297,27.324602127075195,26.964324951171875,25.59634017944336,23.588211059570312,22.344715118408203,9405.654296875,53.57442092895508,29.388248443603516
155000,164992,17,3,254,135,0,22749.98828125,435.7806701660156,162.642822265625,117.52474212646484,81.55307006835938,63.24996566772461,54.46498489379883,51.231903076171875,37.68975067138672,35.52898406982422,33.38390350341797,31.847517013549805,30.064655303955078,29.80565643310547,27.668285369873047,27.30533218383789,23.841514587402344,9574.130859375,68.1168212890625,33.64197540283203
155000,164992,17,3,254,135,1,22753.71875,437.051025390625,161.77659606933594,115.78306579589844,87.5344467163086,63.5263671875,56.449405670166016,49.660892486572266,41.84858703613281,36.73966979980469,32.47248077392578,31.862625122070312,28.88468360900879,28.233625411987305,26.924978256225586,25.318416595458984,22.41082000732422,9575.689453125,64.17864990234375,32.87034606933594
160000,170048,17,3,255,128,0,23074.001953125,396.70361328125,164.65003967285156,106.12322235107422,81.47095489501953,72.45226287841797,61.21249008178711,55.12767028808594,43.98000717163086,41.139739990234375,39.502967834472656,31.2418155670166,29.60484504699707,26.372995376586914,25.360502243041992,23.418155670166016,20.843664169311523,9687.95703125,57.5014762878418,34.73964309692383
160000,170048,17,3,255,128,1,23092.21875,397.7739562988281,166.45635986328125,105.95625305175781,85.388427734375,78.38903045654297,66.69537353515625,58.8202018737793,48.353248596191406,38.835262298583984,36.71040725708008,28.680835723876953,27.998571395874023,26.727535247802734,24.6455078125,21.902263641357422,18.87118148803711,9693.923828125,63.656044006347656,31.357837677001953
165000,175040,17,3,254,133,0,22930.5390625,325.99798583984375,162.84437561035156,109.1098403930664,84.70934295654297,66.06090545654297,50.326698303222656,45.55572509765625,41.21782684326172,36.12873458862305,34.91560363769531,30.70181655883789,28.871841430664062,27.489242553710938,25.305126190185547,24.78253746032715,23.487146377563477,9630.244140625,64.71135711669922,34.84555435180664
165000,175040,17,3,254,133,1,22919.06640625,321.0882568359375,160.22076416015625,105.39044189453125,87.09683227539062,66.19671630859375,51.36909866333008,50.70399856567383,40.67144012451172,37.067081451416016,34.37467575073242,31.63897132873535,28.859905242919922,28.64165496826172,27.978404998779297,24.64274024963379,23.223628997802734,9626.9560546875,60.968048095703125,31.972780227661133
170000,180032,17,3,250,126,0,23921.1953125,309.6429443359375,160.4179229736328,96.48017883300781,73.65200805664062,59.044742584228516,48.92519760131836,46.26331329345703,37.9575080871582,34.44746780395508,32.59972381591797,30.4475154876709,28.867233276367188,27.100616455078125,25.888093948364258,24.59686279296875,23.01224136352539,10047.2978515625,60.48212432861328,32.363380432128906
170000,180032,17,3,250,126,1,23934.623046875,306.6728210449219,157.93020629882812,94.43961334228516,73.37691497802734,58.076942443847656,46.332008361816406,44.36565399169922,37.02336120605469,35.169960021972656,30.489355087280273,28.498634338378906,27.14298439025879,26.6116943359375,24.214452743530273,22.399311065673828,19.668212890625,10049.78125,56.81452560424805,26.94456672668457
175000,185024,17,3,253,140,0,24154.638671875,321.1570739746094,140.8979949951172,101.76976013183594,77.07717895507812,60.381858825683594,46.94843673706055,42.30143737792969,39.202125549316406,32.828025817871094,31.255624771118164,27.942764282226562,27.289457321166992,26.271371841430664,22.6012020111084,21.381988525390625,20.289657592773438,10157.244140625,54.51334762573242,32.69375991821289
175000,185024,17,3,253,140,1,24160.48828125,325.52081298828125,137.34979248046875,100.77672576904297,77.44100189208984,56.977352142333984,46.79206466674805,44.39377975463867,39.62839126586914,34.88654708862305,29.792198181152344,28.953535079956055,27.135141372680664,26.096664428710938,24.5039005279541,24.07862091064453,19.90789222717285,10161.90625,50.62586975097656,29.238256454467773
180000,190016,17,3,252,146,0,24111.62890625,335.37506103515625,152.2488555908203,99.99536895751953,75.80733489990234,56.71056365966797,50.94552993774414,44.24882507324219,37.08192443847656,34.654998779296875,30.835979461669922,27.93484115600586,26.14712142944336,24.73876953125,23.48647689819336,22.50739288330078,20.141141891479492,10155.0947265625,54.03635025024414,31.580209732055664
180000,190016,17,3,252,146,1,24078.142578125,340.7179870605469,155.99192810058594,97.01229095458984,74.80805206298828,61.146080017089844,54.3513298034668,50.192928314208984,45.0140266418457,32.955501556396484,31.197071075439453,28.574981689453125,25.35698699951172,23.9979305267334,23.5404109954834,21.08572769165039,20.050148010253906,10139.7841796875,56.89159393310547,26.82625389099121
185000,195008,17,3,255,135,0,24800.73046875,432.289794921875,169.83267211914062,107.00596618652344,81.3641357421875,67.28496551513672,52.21019744873047,50.28334045410156,46.71539306640625,36.119537353515625,32.758914947509766,32.166744232177734,29.580204010009766,28.150650024414062,26.565689086914062,22.980823516845703,20.607254028320312,10417.5556640625,55.972267150878906,31.585329055786133
185000,195008,17,3,255,135,1,24811.478515625,431.45721435546875,171.154052734375,109.45294952392578,81.1698989868164,65.74147033691406,54.24462127685547,49.61260223388672,38.162925720214844,34.6388053894043,33.06120681762695,30.118579864501953,28.436330795288086,26.32945442199707,25.08599853515625,23.084627151489258,19.630481719970703,10425.234375,54.92544174194336,29.392074584960938
190000,200000,17,3,254,141,0,25206.9296875,308.64886474609375,156.17184448242188,98.51505279541016,67.6681137084961,53.415489196777344,45.852996826171875,42.9482421875,35.70644760131836,33.1100959777832,30.6281681060791,28.979108810424805,28.141576766967773,25.281103134155273,25.007564544677734,23.59795570373535,22.34137535095215,10605.8193359375,54.789188385009766,27.772750854492188
190000,200000,17,3,254,141,1,25190.1328125,306.5016784667969,155.4145965576172,98.53680419921875,70.96500396728516,52.33292007446289,49.75434112548828,46.311248779296875,38.69858932495117,31.017833709716797,29.724411010742188,28.52613639831543,27.504674911499023,25.639385223388672,24.308889389038086,23.483169555664062,20.266725540161133,10597.3427734375,55.880123138427734,30.481924057006836
195000,204992,17,3,249,141,0,25439.89453125,354.7521057128906,162.89111328125,94.61640167236328,71.01607513427734,54.506343841552734,49.89087677001953,42.867767333984375,35.68052673339844,30.321197509765625,30.134456634521484,28.37641143798828,26.655786514282227,24.245073318481445,22.978910446166992,22.607751846313477,21.728776931762695,10689.7568359375,48.917457580566406,25.9543399810791
195000,204992,17,3,249,141,1,25432.44140625,353.5285949707031,164.00180053710938,98.98851776123047,70.21648406982422,55.713863372802734,50.97669982910156,45.91115951538086,38.607730865478516,34.328311920166016,32.784523010253906,28.50547218322754,26.69306182861328,25.111278533935547,24.24873924255371,23.189178466796875,22.033706665039062,10685.4267578125,54.55885314941406,27.96565055847168
200000,210048,17,3,249,143,0,25346.626953125,397.9434814453125,154.49142456054688,116.12579345703125,88.70072174072266,64.95319366455078,51.524837493896484,45.60030746459961,44.61135482788086,40.469993591308594,32.8955192565918,31.807437896728516,30.637174606323242,27.901962280273438,25.723331451416016,23.623674392700195,22.380752563476562,10661.65234375,78.51139831542969,31.672809600830078
200000,210048,17,3,249,143,1,25344.6953125,399.8901062011719,155.96087646484375,113.00382995605469,88.54141998291016,66.0467529296875,50.08666229248047,42.245140075683594,41.10373306274414,38.67976760864258,34.34910202026367,29.06043243408203,27.203508377075195,25.776639938354492,24.431241989135742,23.864770889282227,20.773521423339844,10659.05078125,77.2920913696289,26.434877395629883
205000,215040,17,3,255,154,0,25866.951171875,377.9503479003906,162.28750610351562,109.70401763916016,81.49842071533203,68.15735626220703,65.85027313232422,48.53623580932617,40.3826789855957,35.804054260253906,34.58830261230469,32.949676513671875,29.936922073364258,28.285398483276367,25.842700958251953,22.913862228393555,22.037960052490234,10857.375,56.61001205444336,34.76521682739258
205000,215040,17,3,255,154,1,25836.490234375,373.116455078125,162.03311157226562,107.09510803222656,80.48999786376953,61.55303955078125,59.91563415527344,49.306549072265625,41.86317443847656,37.514217376708984,34.46795654296875,31.92140007019043,30.28757667541504,27.61400604248047,24.71819496154785,24.265222549438477,22.99660873413086,10847.0478515625,58.36671447753906,32.35253143310547
210000,220032,17,3,253,150,0,26454.853515625,326.7198486328125,152.8148956298828,100.65692138671875,73.8319091796875,63.121620178222656,51.478538513183594,39.03584289550781,34.39690399169922,30.06333351135254,29.380887985229492,28.17137336730957,24.49249267578125,22.938800811767578,21.908357620239258,20.29215431213379,19.618927001953125,11151.923828125,52.42355728149414,25.769973754882812
210000,220032,17,3,253,150,1,26441.654296875,332.13421630859375,157.79820251464844,107.2885513305664,73.20683288574219,60.303253173828125,49.288021087646484,40.56350326538086,36.974945068359375,32.06484603881836,29.21553611755371,27.62998390197754,24.92812728881836,23.527162551879883,23.05378532409668,21.593721389770508,19.87604522705078,11147.552734375,48.723548889160156,26.889019012451172
215000,225024,17,3,254,158,0,26268.099609375,356.4621887207031,152.93511962890625,96.76132202148438,84.14679718017578,71.72955322265625,64.43417358398438,61.159637451171875,42.34504318237305,35.22993087768555,32.01118850708008,29.517127990722656,26.922636032104492,25.667211532592773,25.126340866088867,24.99363899230957,22.544124603271484,11050.8564453125,65.66598510742188,29.766408920288086
215000,225024,17,3,254,158,1,26287.55078125,360.0769348144531,153.6847381591797,96.25916290283203,83.63468933105469,68.78099822998047,64.4363784790039,59.50175476074219,39.44273376464844,36.35247039794922,34.063568115234375,29.539569854736328,26.544174194335938,24.730632781982422,23.475549697875977,22.05669403076172,20.560222625732422,11060.82421875,68.74344635009766,29.902738571166992
220000,230016,17,3,255,150,0,26863.78515625,310.70318603515625,152.6513214111328,96.37345886230469,77.3404769897461,62.151641845703125,55.55510711669922,49.31003952026367,38.735111236572266,31.211660385131836,29.681591033935547,27.38870620727539,25.962976455688477,24.45973014831543,23.561573028564453,22.352102279663086,20.87773895263672,11306.7548828125,57.47922134399414,27.6934814453125
220000,230016,17,3,255,150,1,26854.955078125,310.22357177734375,154.9935760498047,93.55232238769531,75.65312957763672,64.4424057006836,58.6292724609375,50.77938461303711,36.60541915893555,35.0173225402832,32.58322525024414,28.705158233642578,27.771345138549805,25.8837833404541,25.581146240234375,23.669174194335938,21.603116989135742,11304.9794921875,56.36813735961914,27.27625846862793
225000,235008,17,3,252,147,0,26905.939453125,355.1228332519531,164.4696807861328,109.50580596923828,82.22130584716797,61.61212158203125,50.83338165283203,46.716556549072266,39.69001388549805,34.096893310546875,31.244321823120117,30.952543258666992,29.575775146484375,29.061145782470703,24.588375091552734,23.482053756713867,21.026525497436523,11314.728515625,86.79576873779297,30.659236907958984
225000,235008,17,3,252,147,1,26910.134765625,350.3356628417969,159.95819091796875,109.46268463134766,82.47146606445312,66.38984680175781,51.220855712890625,47.60445022583008,44.91893005371094,35.8926887512207,33.031280517578125,30.65354347229004,28.730384826660156,26.664783477783203,25.597084045410156,24.022632598876953,21.192333221435547,11317.0224609375,87.76464080810547,31.881752014160156
230000,240000,17,3,253,163,0,28173.59375,325.60302734375,143.8715362548828,102.46692657470703,70.85530853271484,59.85737228393555,46.556549072265625,44.686946868896484,37.884765625,34.53832244873047,29.808101654052734,29.121923446655273,27.618709564208984,26.48479461669922,25.526134490966797,23.567724227905273,23.103858947753906,11846.53515625,49.49554443359375,29.06871795654297
230000,240000,17,3,253,163,1,28169.806640625,328.6161193847656,145.08425903320312,105.85501861572266,73.06619262695312,56.79275894165039,48.95271682739258,46.25558090209961,41.72565841674805,38.92927551269531,33.47092819213867,32.28990173339844,30.99260711669922,28.92995834350586,27.666027069091797,24.67226791381836,23.980682373046875,11846.529296875,49.5788688659668,28.2766056060791
235000,244992,17,3,253,152,0,27577.404296875,368.08404541015625,143.5851593017578,107.71573638916016,77.78175354003906,68.46040344238281,55.93571472167969,43.654415130615234,42.663055419921875,37.52313995361328,34.69705581665039,32.69927215576172,31.588529586791992,28.455842971801758,27.009485244750977,26.427709579467773,25.40083885192871,11612.861328125,63.60727310180664,33.29815673828125
235000,244992,17,3,253,152,1,27548.01171875,363.765625,148.35842895507812,110.37786102294922,80.08861541748047,69.1224365234375,59.64680480957031,48.579349517822266,46.20917892456055,43.11844253540039,35.40729904174805,33.210697174072266,32.42243576049805,30.354637145996094,27.54446792602539,26.81850242614746,25.979394912719727,11601.4853515625,66.23677825927734,34.147308349609375
240000,250048,17,3,253,163,0,28156.927734375,475.6380615234375,166.1785125732422,90.9993896484375,71.84839630126953,66.80333709716797,51.69961166381836,50.074039459228516,36.98699951171875,35.51304626464844,28.25087547302246,26.579870223999023,26.174888610839844,24.583209991455078,22.57351303100586,22.2237606048584,21.099407196044922,11844.7099609375,53.31132507324219,25.400466918945312
240000,250048,17,3,253,163,1,28144.796875,479.7330322265625,168.31158447265625,92.9657211303711,76.81717681884766,65.55088806152344,54.03338623046875,49.03129959106445,36.486263275146484,31.698209762573242,30.334558486938477,28.609386444091797,27.508617401123047,26.642093658447266,25.382549285888672,23.806791305541992,22.263547897338867,11838.892578125,52.39383316040039,29.268138885498047
245000,255040,17,3,249,156,0,28116.064453125,291.48876953125,142.18649291992188,97.86431121826172,71.89916229248047,57.934085845947266,51.52013397216797,50.23735809326172,41.093048095703125,33.105159759521484,29.268753051757812,28.96314811706543,27.849857330322266,26.05215072631836,25.1483097076416,23.669662475585938,21.75882911682129,11807.5869140625,53.264312744140625,28.71702766418457
245000,255040,17,3,249,156,1,28137.361328125,293.8935546875,142.2295684814453,94.30437469482422,69.59043884277344,59.98759460449219,50.49574279785156,42.48570251464844,40.56526184082031,33.069190979003906,29.811450958251953,29.050376892089844,27.143474578857422,25.861831665039062,24.7319278717041,23.34033966064453,22.1566162109375,11817.453125,54.570404052734375,30.08743667602539
250000,260032,17,3,251,175,0,28250.87890625,467.96466064453125,182.2880096435547,109.80516052246094,77.55406951904297,62.14485168457031,55.03053283691406,49.3824462890625,42.397552490234375,34.5783576965332,32.31135559082031,32.01871871948242,27.286745071411133,26.438364028930664,25.7401123046875,23.504865646362305,22.703655242919922,11872.6552734375,69.38853454589844,34.75418472290039
250000,260032,17,3,251,175,1,28258.375,466.8005676269531,182.18162536621094,103.85896301269531,78.20372009277344,61.136199951171875,53.792213439941406,49.11308288574219,41.18973922729492,37.22511672973633,32.38258361816406,31.513620376586914,27.261220932006836,25.182527542114258,24.146459579467773,23.730754852294922,22.001880645751953,11874.28125,67.59957885742188,32.37334442138672
255000,265024,17,3,250,163,0,28792.9296875,333.4128112792969,149.8286590576172,100.50276947021484,74.03981018066406,61.45158386230469,52.650291442871094,50.022857666015625,39.11928176879883,29.54053497314453,29.18777847290039,28.207130432128906,26.553647994995117,24.180532455444336,22.244863510131836,21.545082092285156,19.970863342285156,12122.1416015625,53.89711380004883,29.093881607055664
255000,265024,17,3,250,163,1,28749.791015625,331.2489929199219,151.56655883789062,102.69249725341797,77.44841766357422,64.49956512451172,57.004276275634766,54.63405990600586,42.76384353637695,31.77244758605957,30.11741828918457,28.57373809814453,27.4016170501709,24.76392364501953,23.56637954711914,21.68047332763672,19.412500381469727,12105.08203125,58.459999084472656,27.055295944213867
260000,270016,17,3,250,158,0,28670.7734375,313.0022277832031,137.50146484375,109.34661865234375,78.15995025634766,57.370079040527344,56.40816116333008,47.974395751953125,38.234859466552734,32.87373733520508,31.28767204284668,30.64153289794922,29.639266967773438,26.311994552612305,25.368013381958008,24.51535987854004,22.40546226501465,12066.1142578125,54.10478973388672,30.785425186157227
260000,270016,17,3,250,158,1,28650.052734375,309.88885498046875,133.08905029296875,103.14176177978516,77.05368041992188,59.219017028808594,54.83070373535156,49.5723876953125,38.37260055541992,33.188934326171875,29.409191131591797,27.964353561401367,27.30522346496582,24.379989624023438,24.109983444213867,23.603708267211914,22.45558738708496,12057.25,53.58472442626953,28.213510513305664
265000,275008,17,3,254,158,0,29027.330078125,402.0177307128906,158.3831787109375,101.98197174072266,75.71746826171875,61.975032806396484,56.20486831665039,52.29884338378906,40.61274719238281,37.76655578613281,33.8443489074707,32.32403564453125,31.761518478393555,28.572168350219727,26.917055130004883,24.974315643310547,24.765840530395508,12183.1513671875,60.70265579223633,34.82416534423828
265000,275008,17,3,254,158,1,29032.37890625,403.2508239746094,159.18002319335938,103.56631469726562,75.05970001220703,64.33850860595703,52.879638671875,50.91373825073242,41.3251953125,37.32973098754883,33.179988861083984,31.666276931762695,30.914077758789062,28.997631072998047,28.2335262298584,26.07051658630371,23.576663970947266,12186.6982421875,60.58442687988281,42.54741668701172
270000,280000,17,3,251,171,0,29219.232421875,278.9234924316406,134.8277130126953,97.81920623779297,72.9057846069336,61.55470657348633,51.02996826171875,45.107765197753906,35.67496871948242,34.5859489440918,32.22893524169922,28.42840003967285,27.079452514648438,26.50731086730957,23.93672752380371,21.913442611694336,20.30232048034668,12286.6064453125,49.35223388671875,31.013566970825195
270000,280000,17,3,251,171,1,29217.720703125,282.5975341796875,138.63619995117188,99.30573272705078,76.77460479736328,64.57550048828125,57.95597457885742,52.59170150756836,35.70490264892578,34.552913665771484,32.734981536865234,28.49165153503418,27.424362182617188,25.887937545776367,24.346529006958008,23.19991111755371,20.695293426513672,12286.80859375,51.822933197021484,29.29090118408203
275000,284992,17,3,252,173,0,29419.66796875,391.51763916015625,208.74090576171875,134.65184020996094,91.94738006591797,63.3023567199707,60.31911087036133,55.577178955078125,47.47209548950195,39.10527420043945,37.634361267089844,31.57655906677246,30.194133758544922,29.43582534790039,28.244342803955078,25.74107551574707,21.54158592224121,12369.546875,64.74909973144531,33.52780532836914
275000,284992,17,3,252,173,1,29423.001953125,392.3423767089844,213.93077087402344,136.92530822753906,88.75860595703125,67.35558319091797,64.06022644042969,51.11017990112305,43.39720153808594,42.676143646240234,36.809932708740234,32.60740280151367,31.015270233154297,29.282939910888672,28.242158889770508,23.95934295654297,22.27358055114746,12371.302734375,68.4404296875,35.85049057006836
280000,290048,17,3,254,176,0,30059.556640625,345.7313537597656,162.51695251464844,117.57633209228516,91.28019714355469,64.43634796142578,59.3658561706543,50.49649429321289,42.39223861694336,38.97421646118164,35.79751205444336,31.621511459350586,30.182510375976562,27.195165634155273,26.25566291809082,24.586727142333984,22.944467544555664,12642.458984375,67.26593017578125,31.909103393554688
280000,290048,17,3,254,176,1,30047.94140625,342.90447998046875,157.621826171875,120.18595123291016,92.6263198852539,60.67658615112305,56.26049041748047,52.01317596435547,43.94337463378906,38.317527770996094,36.06005859375,33.01604080200195,30.583833694458008,28.869731903076172,27.140371322631836,24.926427841186523,22.755281448364258,12636.75390625,70.65377807617188,34.04398727416992
285000,295040,17,3,249,157,0,29916.43359375,554.6070556640625,166.3002166748047,110.78478240966797,76.56768798828125,62.81584548950195,54.235660552978516,44.968143463134766,40.326995849609375,35.33172607421875,29.612525939941406,28.6893253326416,28.461153030395508,25.070178985595703,24.063520431518555,22.6901798248291,21.411039352416992,12584.529296875,69.64680480957031,35.90386962890625
285000,295040,17,3,249,157,1,29932.83203125,556.8475952148438,168.29696655273438,106.0379867553711,79.58518981933594,58.085479736328125,53.8023681640625,39.51206970214844,38.091094970703125,36.945709228515625,32.596065521240234,30.716630935668945,30.129684448242188,26.8346004486084,24.905052185058594,22.359909057617188,21.688913345336914,12589.8896484375,62.341373443603516,33.84072494506836
290000,300032,17,3,255,172,0,30588.04296875,292.28253173828125,155.3068389892578,98.46343231201172,70.69640350341797,59.52329635620117,51.899208068847656,50.31711959838867,35.41266632080078,33.95402145385742,30.085723876953125,28.548095703125,26.283376693725586,24.526865005493164,24.11600112915039,21.694988250732422,20.895334243774414,12848.1201171875,56.89601516723633,29.96648597717285
290000,300032,17,3,255,172,1,30588.2109375,293.7448425292969,153.37771606445312,98.49172973632812,71.38134002685547,63.38695526123047,56.37333679199219,54.9123649597168,35.96940994262695,31.716615676879883,30.61470603942871,28.891342163085938,28.226106643676758,27.04277992248535,26.382720947265625,22.60069465637207,20.743879318237305,12848.71875,57.35443115234375,29.740163803100586
295000,305024,17,3,250,174,0,30488.404296875,334.8438720703125,167.43104553222656,113.09415435791016,87.32093048095703,68.99954986572266,58.44672775268555,48.84345626831055,43.1693115234375,38.07966232299805,36.68976593017578,31.187103271484375,30.07259178161621,27.012439727783203,26.551959991455078,24.105966567993164,23.265417098999023,12821.9072265625,62.981788635253906,39.94645690917969
295000,305024,17,3,250,174,1,30508.421875,336.4085998535156,163.48577880859375,118.69964599609375,92.08792114257812,67.16709899902344,60.782493591308594,46.11079406738281,43.52293014526367,40.84492111206055,39.35560607910156,37.36624526977539,35.89502716064453,30.388307571411133,28.499605178833008,26.572309494018555,26.037555694580078,12828.974609375,62.20781326293945,43.35036087036133
300000,310016,17,3,253,173,0,31209.470703125,353.6374206542969,156.38304138183594,113.03445434570312,78.996826171875,67.43099212646484,52.836578369140625,48.40781021118164,45.824981689453125,38.466583251953125,36.14787673950195,34.77317428588867,29.514450073242188,28.73495101928711,28.317245483398438,25.97386360168457,23.635501861572266,13115.3583984375,58.48485565185547,36.534156799316406
300000,310016,17,3,253,173,1,31223.783203125,350.2241516113281,157.59959411621094,114.68306732177734,78.5065689086914,68.55892944335938,50.89804458618164,41.72821807861328,38.55147933959961,35.78499984741211,34.0867805480957,32.95869445800781,29.60296058654785,28.119531631469727,26.833215713500977,26.127586364746094,23.80755043029785,13121.833984375,54.61467742919922,31.00592041015625
305000,315008,17,3,255,172,0,31442.0,312.2901916503906,141.98866271972656,97.03990173339844,69.49261474609375,57.137237548828125,53.41844177246094,42.17013168334961,39.016273498535156,33.68825149536133,32.41764450073242,30.213123321533203,26.869796752929688,25.53070831298828,24.216020584106445,22.571035385131836,19.28961753845215,13207.650390625,53.49285125732422,29.88871192932129
305000,315008,17,3,255,172,1,31442.130859375,315.6678161621094,142.82188415527344,97.46456909179688,68.82218170166016,58.54892349243164,56.108978271484375,45.44162368774414,39.570472717285156,32.79312515258789,31.33978271484375,30.740276336669922,29.60990333557129,27.3343563079834,24.432540893554688,23.287376403808594,21.200815200805664,13207.4814453125,54.548744201660156,29.428586959838867
310000,320000,17,3,254,184,0,30878.6875,334.90057373046875,152.86318969726562,112.56929016113281,75.00782775878906,58.205528259277344,51.66341781616211,51.24481201171875,37.65351104736328,35.21286392211914,33.25961685180664,30.01551055908203,28.944843292236328,27.121578216552734,25.261497497558594,23.146926879882812,21.573469161987305,12996.4892578125,55.864479064941406,33.60083770751953
310000,320000,17,3,254,184,1,30900.140625,336.53167724609375,154.82937622070312,112.2549819946289,79.57637023925781,61.08898162841797,59.526458740234375,56.505001068115234,38.525630950927734,33.45821762084961,32.19318771362305,29.256816864013672,28.077035903930664,26.438207626342773,25.512475967407227,23.5084285736084,21.96603775024414,13004.8623046875,60.64897918701172,30.450265884399414
315000,324992,17,3,255,184,0,31147.48046875,453.9171142578125,156.23635864257812,104.02102661132812,75.16854095458984,57.99478530883789,52.186767578125,50.88447189331055,39.00484848022461,36.79307174682617,31.809101104736328,29.378786087036133,27.125850677490234,23.160036087036133,22.29436492919922,21.406917572021484,20.914472579956055,13100.080078125,54.26560592651367,26.121978759765625
315000,324992,17,3,255,184,1,31142.623046875,451.89569091796875,154.25469970703125,100.83094024658203,84.2975845336914,67.56791687011719,61.12405014038086,53.55097961425781,39.877872467041016,35.63411331176758,30.4183292388916,27.580156326293945,26.579526901245117,25.5865478515625,23.086334228515625,20.341323852539062,19.95539093017578,13096.9658203125,59.930809020996094,28.788738250732422
320000,330048,17,3,252,174,0,31432.23046875,341.82879638671875,169.9227294921875,104.46453094482422,70.0165023803711,59.923728942871094,54.65178680419922,52.795440673828125,39.374603271484375,35.802127838134766,32.565826416015625,31.053218841552734,25.883930206298828,25.346267700195312,22.152477264404297,22.116291046142578,20.242284774780273,13228.40234375,50.9726676940918,29.16656494140625
320000,330048,17,3,252,174,1,31424.32421875,346.9621887207031,170.24864196777344,104.65308380126953,74.27701568603516,69.40850830078125,62.48179244995117,57.64453125,43.686927795410156,37.082889556884766,34.55289840698242,32.0488395690918,27.71624755859375,26.06146240234375,25.871620178222656,24.758575439453125,22.23073387145996,13227.6875,55.68336486816406,34.182071685791016
325000,335040,17,3,253,180,0,32167.6796875,342.8077392578125,189.063720703125,116.9752197265625,79.90888214111328,63.879329681396484,56.60948944091797,54.75703811645508,40.964481353759766,36.335426330566406,32.71763610839844,28.549713134765625,27.21286964416504,25.707857131958008,24.080602645874023,23.231943130493164,22.638330459594727,13517.3642578125,59.679866790771484,28.73952865600586
325000,335040,17,3,253,180,1,32160.490234375,337.6105651855469,188.6961212158203,117.57601165771484,78.49592590332031,60.371761322021484,57.66496658325195,54.671443939208984,38.9274787902832,36.57671356201172,33.86039733886719,31.416933059692383,28.94243812561035,26.778152465820312,25.332250595092773,24.84661102294922,23.269716262817383,13515.9404296875,56.377891540527344,30.847150802612305
330000,340032,17,3,254,186,0,31943.94921875,311.1444091796875,160.77896118164062,92.14254760742188,76.0481185913086,73.75033569335938,60.78325271606445,60.43366622924805,40.74619674682617,33.184844970703125,30.041908264160156,28.369102478027344,27.568262100219727,26.9999942779541,24.844064712524414,23.999406814575195,22.21975326538086,13431.0029296875,60.08182907104492,31.965288162231445
330000,340032,17,3,254,186,1,31913.177734375,313.3460693359375,163.975830078125,92.17295837402344,76.93539428710938,67.19853210449219,60.576271057128906,56.39204788208008,38.15036392211914,34.52414321899414,31.28398323059082,29.600582122802734,26.3653564453125,25.64327049255371,24.207143783569336,23.056406021118164,21.99135398864746,13416.126953125,59.35877227783203,33.053245544433594
335000,345024,17,3,246,169,0,31988.287109375,393.29473876953125,165.93618774414062,101.5661392211914,73.980712890625,57.884212493896484,50.43517303466797,48.88508605957031,42.6048698425293,32.88860321044922,32.505001068115234,29.837482452392578,27.778757095336914,26.210206985473633,24.876434326171875,22.977285385131836,19.900104522705078,13457.6806640625,56.42659378051758,27.897056579589844
335000,345024,17,3,246,169,1,32001.21484375,390.44561767578125,164.9853973388672,102.8276138305664,73.33817291259766,59.263851165771484,57.21925735473633,53.19558334350586,43.271480560302734,37.86500930786133,31.97919464111328,30.424297332763672,26.301258087158203,24.565296173095703,22.610084533691406,21.862106323242188,20.134246826171875,13463.291015625,57.68199157714844,31.184391021728516
340000,350016,17,3,255,181,0,32304.734375,402.3369140625,160.14768981933594,103.12703704833984,83.27418518066406,59.05741500854492,56.54144287109375,44.27192687988281,40.809181213378906,35.46863555908203,33.35639953613281,30.261693954467773,29.693572998046875,26.521846771240234,25.07118797302246,24.65533447265625,22.0616397857666,13578.404296875,54.273746490478516,31.161924362182617
340000,350016,17,3,255,181,1,32308.265625,403.7288818359375,161.2217254638672,102.36859893798828,83.19082641601562,59.27227020263672,53.32307815551758,43.52052688598633,43.17107391357422,34.7332763671875,34.24709701538086,31.02150535583496,28.488895416259766,27.62757682800293,26.830909729003906,24.195886611938477,22.407211303710938,13581.205078125,54.439544677734375,31.37032699584961
345000,355008,17,3,250,180,0,32041.3515625,401.78778076171875,150.32891845703125,104.2002182006836,80.81089782714844,71.16857147216797,55.24343490600586,53.7566032409668,43.38298034667969,41.64501953125,31.361705780029297,29.962100982666016,28.951374053955078,27.056095123291016,26.41405487060547,25.895774841308594,21.205720901489258,13463.740234375,57.768009185791016,30.527584075927734
345000,355008,17,3,250,180,1,32035.76171875,398.5650634765625,152.96511840820312,101.79069519042969,84.15255737304688,69.70636749267578,61.457763671875,58.010704040527344,46.02295684814453,38.871891021728516,32.776344299316406,31.170621871948242,29.515546798706055,28.827974319458008,26.21605682373047,25.434314727783203,21.02474021911621,13461.3154296875,58.9696044921875,31.50693130493164
350000,360000,17,3,254,188,0,31844.791015625,462.04205322265625,185.2393341064453,97.69824981689453,73.83100128173828,64.4349136352539,51.60239028930664,47.417144775390625,38.95375061035156,33.378360748291016,32.03978729248047,28.666141510009766,27.851295471191406,26.569303512573242,23.59476661682129,21.69789695739746,21.184389114379883,13406.7353515625,47.160430908203125,25.102928161621094
350000,360000,17,3,254,188,1,31854.80078125,464.3339538574219,187.33457946777344,95.95282745361328,77.37581634521484,61.6548957824707,50.276039123535156,44.34314727783203,40.59033203125,31.83294677734375,31.233102798461914,28.98037338256836,27.174997329711914,26.896169662475586,23.943578720092773,22.76579475402832,22.233808517456055,13412.525390625,46.28031921386719,26.664573669433594
355000,364992,17,3,253,185,0,33454.35546875,347.4181213378906,158.39895629882812,97.15058135986328,78.31514739990234,62.551395416259766,50.74424743652344,49.71571731567383,38.79315185546875,32.85918426513672,30.935152053833008,29.946712493896484,28.502347946166992,27.16968536376953,26.18216323852539,23.583412170410156,21.100412368774414,14082.6669921875,56.247859954833984,32.039695739746094
355000,364992,17,3,253,185,1,33458.33984375,345.72296142578125,157.27328491210938,97.53546142578125,79.44656372070312,63.69206619262695,56.55156326293945,51.138118743896484,39.440086364746094,34.01469802856445,32.16348648071289,30.590002059936523,29.480255126953125,26.906103134155273,26.060081481933594,23.538345336914062,21.568754196166992,14085.5361328125,59.15963363647461,32.445518493652344
360000,370048,17,3,253,185,0,33205.0234375,388.994873046875,155.95106506347656,102.37940216064453,77.74664306640625,61.86735534667969,56.42955017089844,49.332088470458984,40.39682388305664,34.985355377197266,31.784074783325195,30.555280685424805,29.343141555786133,27.01825714111328,24.368989944458008,24.106168746948242,22.231595993041992,13977.3798828125,53.5675163269043,25.638010025024414
360000,370048,17,3,253,185,1,33217.69140625,387.80426025390625,152.8785858154297,106.09223175048828,77.24185943603516,63.69219970703125,59.569061279296875,50.75557327270508,41.894168853759766,35.99070358276367,31.06203269958496,29.95315170288086,27.877073287963867,27.140043258666992,25.06903648376465,22.991127014160156,21.737642288208008,13981.0927734375,53.62885665893555,26.05984878540039
365000,375040,17,3,248,175,0,32898.60546875,317.2745056152344,145.13351440429688,89.05921173095703,75.88751220703125,52.935970306396484,46.43198776245117,45.042381286621094,35.83858871459961,35.14326858520508,31.27651023864746,29.83456802368164,27.309598922729492,24.526456832885742,22.253427505493164,21.492095947265625,20.205739974975586,13854.990234375,50.8514518737793,32.59194564819336
365000,375040,17,3,248,175,1,32871.4375,315.3011474609375,146.49986267089844,89.8984146118164,74.3072738647461,52.75004577636719,46.741477966308594,42.586021423339844,38.57537078857422,34.27934265136719,29.775785446166992,28.158708572387695,26.33396339416504,24.695411682128906,23.528736114501953,20.708271026611328,19.369281768798828,13842.7568359375,52.92634201049805,32.00349044799805
370000,380032,17,3,254,182,0,33552.9609375,474.5279235839844,211.3231964111328,110.09675598144531,75.81529235839844,58.36717987060547,55.38815689086914,51.381866455078125,41.781368255615234,35.969993591308594,32.95512771606445,30.60857582092285,29.20586585998535,28.58354377746582,25.729413986206055,23.463823318481445,22.35428237915039,14123.29296875,56.9957160949707,33.47071838378906
370000,380032,17,3,254,182,1,33546.48046875,477.4534606933594,217.4785614013672,110.99266815185547,78.70518493652344,60.411598205566406,57.79243469238281,55.80343246459961,45.896873474121094,36.39847183227539,31.514968872070312,30.435768127441406,29.089027404785156,26.544422149658203,24.628189086914062,23.213315963745117,21.764135360717773,14118.234375,58.53540802001953,32.935855865478516
375000,385024,17,3,254,194,0,34658.73828125,725.1813354492188,170.2677764892578,94.03009796142578,84.47695922851562,60.85493850708008,58.914424896240234,51.86012649536133,38.29753494262695,34.71788024902344,33.25346374511719,31.816144943237305,29.615076065063477,27.750272750854492,26.154232025146484,25.35529327392578,23.40060043334961,14580.296875,67.96309661865234,30.457759857177734
375000,385024,17,3,254,194,1,34649.921875,733.1475219726562,171.6248321533203,93.9043197631836,90.26407623291016,63.30533981323242,56.85796356201172,48.028289794921875,37.15976333618164,36.21967315673828,32.23381805419922,29.570293426513672,27.827898025512695,27.22331428527832,26.11261749267578,24.15760612487793,22.663421630859375,14578.033203125,68.91617584228516,29.911602020263672
380000,390016,17,3,253,184,0,33662.2421875,350.66766357421875,158.59690856933594,102.96904754638672,72.74655151367188,57.22059631347656,52.465972900390625,48.3917121887207,39.853214263916016,38.78804016113281,32.433807373046875,31.70482063293457,28.440309524536133,27.089385986328125,25.047632217407227,24.110158920288086,22.314340591430664,14161.5615234375,52.272178649902344,32.52496337890625
380000,390016,17,3,253,184,1,33680.8515625,349.83465576171875,155.8599090576172,102.52326965332031,71.14069366455078,56.729312896728516,51.42811584472656,49.73817443847656,40.493289947509766,38.103546142578125,32.802162170410156,31.155961990356445,30.493520736694336,27.530426025390625,26.49412727355957,25.052047729492188,23.33681869506836,14168.75,52.73685836791992,32.86134338378906
385000,395008,17,3,253,182,0,34022.53125,376.7396240234375,167.60470581054688,112.7252197265625,84.8989028930664,68.56110382080078,55.66820526123047,52.059410095214844,47.591156005859375,36.94145202636719,33.042930603027344,31.21466064453125,30.6330623626709,29.263105392456055,27.576669692993164,26.610933303833008,22.903091430664062,14338.0576171875,57.304569244384766,33.26320266723633
385000,395008,17,3,253,182,1,34041.1953125,372.77911376953125,164.673095703125,109.50289154052734,81.6905288696289,70.929443359375,56.36925506591797,53.103546142578125,43.158111572265625,36.37857437133789,31.573936462402344,30.773998260498047,29.26177215576172,26.58312225341797,26.029090881347656,24.905075073242188,24.13058853149414,14344.6396484375,60.46393585205078,32.7984733581543
390000,400000,17,3,252,189,0,34524.10546875,364.4449462890625,158.7200164794922,106.56887817382812,77.54232025146484,61.5438232421875,52.00246810913086,44.28044128417969,41.59812927246094,36.85308837890625,33.2327995300293,31.984848022460938,30.146865844726562,27.90789031982422,26.8000431060791,23.779762268066406,23.1016845703125,14521.07421875,59.79631042480469,35.31501007080078
390000,400000,17,3,252,189,1,34509.2890625,366.4248352050781,156.7958221435547,110.2395248413086,76.88011932373047,61.60636520385742,54.033119201660156,50.138832092285156,39.97311782836914,38.428993225097656,34.74598693847656,32.59270477294922,29.594541549682617,27.63627052307129,27.25236701965332,26.335546493530273,22.692157745361328,14516.7978515625,61.810890197753906,36.21657180786133
395000,404992,17,3,250,193,0,34761.0546875,379.3301696777344,190.0603790283203,116.30113220214844,80.69805145263672,71.33692169189453,66.37483978271484,59.89681625366211,46.78851318359375,39.911407470703125,34.503944396972656,33.52714538574219,31.596704483032227,30.46611213684082,28.34247398376465,27.420570373535156,24.025815963745117,14615.021484375,56.462284088134766,33.39330291748047
395000,404992,17,3,250,193,1,34742.33984375,378.1353759765625,186.98403930664062,115.77388763427734,76.46416473388672,61.737972259521484,59.653228759765625,57.38419723510742,42.01028823852539,39.64728927612305,36.20771026611328,35.32862854003906,31.41856575012207,30.418792724609375,29.079036712646484,26.086488723754883,25.004554748535156,14608.40234375,54.963172912597656,34.30690002441406
400000,410048,17,3,252,188,0,34788.9765625,361.97125244140625,157.9762420654297,108.23412322998047,82.78975677490234,67.31964111328125,63.50852584838867,55.2034797668457,42.6812629699707,36.19614028930664,33.45823669433594,29.738174438476562,29.424419403076172,27.87297248840332,26.80953598022461,24.40581512451172,22.734375,14642.923828125,75.10323333740234,36.02956008911133
400000,410048,17,3,252,188,1,34773.6328125,363.5924987792969,155.3757781982422,107.81690979003906,81.17938232421875,66.42095184326172,60.508541107177734,51.42285919189453,42.79014587402344,38.24835205078125,35.96179962158203,30.986581802368164,29.612911224365234,28.041990280151367,26.932085037231445,25.92400550842285,24.190963745117188,14635.7421875,73.7242202758789,34.930931091308594
405000,415040,17,3,250,185,0,35299.34375,335.9288024902344,177.83836364746094,114.53863525390625,91.61155700683594,72.07648468017578,64.55027770996094,50.717872619628906,43.6961669921875,41.189659118652344,37.42025375366211,33.30530548095703,31.669097900390625,29.67411994934082,28.910310745239258,27.094526290893555,23.808177947998047,14859.4052734375,58.503074645996094,28.339839935302734
405000,415040,17,3,250,185,1,35319.09375,339.52947998046875,178.1479034423828,118.35232543945312,90.52395629882812,74.74239349365234,60.77616882324219,53.065982818603516,44.236698150634766,39.13724899291992,37.429847717285156,34.887393951416016,32.3306770324707,30.54278564453125,29.124753952026367,26.743301391601562,21.78427505493164,14869.33203125,60.63010025024414,29.408527374267578
410000,420032,17,3,253,178,0,35548.640625,398.7181701660156,193.7781219482422,114.14033508300781,90.65020751953125,67.39107513427734,67.16184997558594,59.95659255981445,44.15902328491211,37.61254119873047,35.549278259277344,33.20577621459961,31.162776947021484,29.491849899291992,28.205204010009766,26.68029022216797,25.594114303588867,14968.3681640625,66.32490539550781,33.584842681884766
410000,420032,17,3,253,178,1,35564.3359375,398.7691955566406,192.49876403808594,114.4851303100586,89.91868591308594,68.3275375366211,64.61241149902344,59.69532775878906,45.802978515625,39.024234771728516,35.518253326416016,30.38235092163086,29.68108558654785,29.014995574951172,27.861576080322266,26.00162696838379,23.614992141723633,14974.67578125,66.15133666992188,34.24541473388672
415000,425024,17,3,251,192,0,35767.2890625,555.6698608398438,202.65216064453125,105.13314056396484,78.93549346923828,70.05643463134766,58.8637580871582,49.17341232299805,45.10725784301758,37.73325729370117,34.4499397277832,32.98036575317383,30.518939971923828,28.644248962402344,26.044050216674805,24.581480026245117,22.818750381469727,15026.8779296875,107.61058807373047,33.97462844848633
415000,425024,17,3,251,192,1,35755.30859375,551.7701416015625,197.6592254638672,104.21209716796875,78.83074951171875,76.77865600585938,63.68021011352539,50.169960021972656,42.897396087646484,37.76390075683594,32.12907409667969,31.159709930419922,30.42232322692871,27.05232048034668,26.63767433166504,25.162927627563477,23.885210037231445,15022.50390625,120.44309997558594,33.926517486572266
420000,430016,17,3,253,182,0,35823.4609375,344.0589599609375,158.2270965576172,143.80999755859375,82.94298553466797,68.99900817871094,62.2282829284668,59.331695556640625,47.3600959777832,43.21149826049805,39.26816940307617,35.739540100097656,33.889854431152344,33.767822265625,32.10647201538086,28.471778869628906,26.73162269592285,15062.2158203125,71.66217803955078,34.885108947753906
420000,430016,17,3,253,182,1,35874.94140625,343.8262634277344,160.86260986328125,140.4491424560547,86.75627899169922,70.30842590332031,59.07435989379883,53.472530364990234,45.17139434814453,40.5069694519043,37.34722137451172,34.32646942138672,31.130950927734375,30.149959564208984,28.262434005737305,25.459224700927734,24.600910186767578,15083.0693359375,63.50970458984375,34.41383361816406
425000,435008,17,3,252,199,0,35681.6796875,445.98663330078125,196.8107452392578,127.52621459960938,91.93269348144531,72.55751037597656,59.19427490234375,55.062416076660156,48.127262115478516,42.183441162109375,38.55619812011719,37.92533874511719,34.81564712524414,29.96854591369629,28.740463256835938,27.435630798339844,25.17506217956543,15035.9814453125,73.91990661621094,32.90980911254883
425000,435008,17,3,252,199,1,35663.68359375,446.0555114746094,198.7689666748047,122.50275421142578,91.81446838378906,71.20897674560547,60.88001251220703,56.59471893310547,49.84612274169922,40.643558502197266,39.7529296875,33.58624267578125,32.30472183227539,31.72050666809082,30.553407669067383,27.051151275634766,24.57708740234375,15027.638671875,67.03570556640625,33.87333297729492
430000,440000,17,3,254,196,0,36219.83984375,543.194091796875,171.91073608398438,102.35137176513672,85.99432373046875,68.7134017944336,60.69797897338867,58.02472686767578,46.4818115234375,39.1497917175293,37.29119110107422,33.82787322998047,32.36513900756836,30.147993087768555,25.550233840942383,25.051259994506836,24.62457847595215,15238.52734375,72.064453125,32.5301628112793
430000,440000,17,3,254,196,1,36218.63671875,536.2144165039062,173.92015075683594,99.60673522949219,82.31331634521484,68.97035217285156,61.20243835449219,58.93016815185547,47.95164108276367,41.41412353515625,35.40107727050781,33.64655303955078,31.01441192626953,30.395282745361328,27.948354721069336,26.281917572021484,23.057964324951172,15237.6484375,73.174560546875,32.142818450927734
435000,444992,17,3,252,192,0,36406.703125,548.5637817382812,193.93357849121094,133.3853759765625,92.83470153808594,68.19286346435547,65.79996490478516,63.42795181274414,47.48392105102539,44.14839172363281,39.49370574951172,33.09585189819336,31.773347854614258,30.763896942138672,28.56715202331543,25.951784133911133,24.587404251098633,15328.466796875,67.97956085205078,36.51968765258789
435000,444992,17,3,252,192,1,36392.04296875,551.6334228515625,187.65757751464844,130.11134338378906,87.37394714355469,71.21025848388672,59.782508850097656,55.87907409667969,49.08723831176758,40.14751434326172,37.28560256958008,34.6429557800293,32.584102630615234,30.7700138092041,29.771642684936523,26.424148559570312,25.55864906311035,15324.134765625,60.92093276977539,34.06685256958008
440000,450048,17,3,250,185,0,36437.375,507.8833312988281,197.25677490234375,123.18223571777344,85.1719970703125,75.98224639892578,64.23954772949219,57.84928512573242,48.51041793823242,44.65066909790039,39.04393005371094,36.40361785888672,34.1465950012207,31.708415985107422,28.855112075805664,27.794147491455078,24.98619842529297,15343.28515625,62.52153396606445,37.69715118408203
440000,450048,17,3,250,185,1,36452.26953125,505.6380920410156,192.84329223632812,119.28467559814453,83.41846466064453,74.05143737792969,65.07936096191406,55.97591018676758,48.665565490722656,42.8821907043457,38.13584518432617,35.4736442565918,34.43032455444336,32.190433502197266,31.079469680786133,26.552640914916992,25.259483337402344,15349.7900390625,59.15656661987305,32.81694030761719
445000,455040,17,3,252,187,0,36590.77734375,644.7332153320312,215.366455078125,115.248046875,89.43883514404297,84.09585571289062,74.06327819824219,68.04640197753906,43.269134521484375,40.83841323852539,36.852760314941406,33.92033386230469,31.239654541015625,28.97258758544922,27.51375389099121,25.202009201049805,23.423614501953125,15377.6806640625,72.072021484375,35.596553802490234
445000,455040,17,3,252,187,1,36585.3046875,645.9479370117188,212.81410217285156,115.71053314208984,85.31104278564453,82.3887710571289,70.7061538696289,63.219234466552734,43.48286819458008,39.20454025268555,34.09098815917969,31.40526580810547,30.245996475219727,29.791210174560547,25.56996726989746,23.92917251586914,23.492883682250977,15373.29296875,69.73284912109375,35.50876998901367
450000,460032,17,3,253,186,0,37232.67578125,400.3466796875,176.78005981445312,120.95852661132812,86.92586517333984,80.76024627685547,68.6322021484375,59.488277435302734,52.42613220214844,41.67890930175781,38.72954559326172,36.93199920654297,35.096004486083984,33.76328659057617,31.926063537597656,30.357521057128906,25.787246704101562,15655.1708984375,77.15645599365234,37.98651123046875
450000,460032,17,3,253,186,1,37187.921875,396.08984375,181.1735382080078,115.93833923339844,87.79955291748047,78.54756164550781,71.27934265136719,61.38996124267578,51.16254806518555,43.8599853515625,38.267879486083984,36.22465896606445,35.69824981689453,33.49687957763672,31.69462013244629,30.405168533325195,26.80274200439453,15635.521484375,76.18311309814453,41.26216125488281
455000,465024,17,3,254,195,0,37671.07421875,359.4414978027344,202.152099609375,131.1317596435547,99.21792602539062,71.6301498413086,71.09922790527344,64.62329864501953,51.95960998535156,43.90916061401367,39.65139389038086,34.06493377685547,32.28144836425781,30.028608322143555,29.475656509399414,27.13477325439453,25.79909324645996,15863.611328125,62.84593963623047,35.202518463134766
455000,465024,17,3,254,195,1,37681.21875,355.0491943359375,210.97364807128906,126.54779815673828,105.25221252441406,71.3578109741211,69.17532348632812,61.73165512084961,50.523624420166016,40.240699768066406,35.67047882080078,34.54847717285156,32.1335563659668,31.179847717285156,29.243257522583008,28.38437271118164,25.486757278442383,15867.4794921875,61.82524108886719,36.1689338684082
460000,470016,17,3,252,187,0,37556.1796875,435.65472412109375,151.8496856689453,123.25562286376953,99.90377044677734,68.7704849243164,56.972537994384766,51.57605743408203,43.11713790893555,40.12773513793945,33.75171661376953,32.18106460571289,30.089914321899414,29.756855010986328,27.984210968017578,26.715404510498047,23.707555770874023,15808.1435546875,60.246402740478516,30.039287567138672
460000,470016,17,3,252,187,1,37581.78515625,444.71319580078125,151.73521423339844,128.9321746826172,100.2199478149414,71.68147277832031,62.374568939208984,57.691837310791016,45.71469497680664,41.065391540527344,36.75001525878906,35.31072998046875,33.77870178222656,31.483144760131836,30.711734771728516,28.580347061157227,26.382511138916016,15818.86328125,64.37498474121094,35.05634689331055
465000,475008,17,3,252,201,0,37752.1796875,409.1301574707031,171.36016845703125,133.0613555908203,106.31034851074219,69.51520538330078,63.7673225402832,56.97035217285156,50.70405578613281,46.84956359863281,38.539215087890625,35.46228790283203,34.21529006958008,33.18608474731445,30.63235855102539,26.82350730895996,25.910430908203125,15878.140625,64.06513214111328,33.901737213134766
465000,475008,17,3,252,201,1,37737.9296875,415.0361022949219,167.9795684814453,122.9560775756836,104.11599731445312,64.50952911376953,60.1580696105957,56.54384231567383,51.755462646484375,47.719417572021484,39.21198272705078,34.68953323364258,33.34285354614258,30.41063690185547,30.119022369384766,28.439775466918945,24.316635131835938,15872.0732421875,64.42205047607422,33.106056213378906
470000,480000,17,3,254,194,0,38554.97265625,377.32904052734375,197.6822967529297,124.54620361328125,100.15970611572266,77.06629180908203,66.69634246826172,60.2441291809082,48.02530288696289,40.26090621948242,35.420372009277344,34.66851043701172,32.474754333496094,30.920825958251953,30.030879974365234,28.327301025390625,26.28660011291504,16220.9306640625,73.64179992675781,34.19870376586914
470000,480000,17,3,254,194,1,38531.33984375,377.9841003417969,196.30130004882812,123.7102279663086,98.78130340576172,84.1121826171875,71.21295928955078,63.88707733154297,51.81144714355469,42.92457962036133,39.22111129760742,38.01274871826172,36.12531661987305,34.66848373413086,32.34600067138672,30.516399383544922,28.554685592651367,16210.6552734375,76.85237884521484,39.39518737792969
475000,484992,17,3,251,196,0,38383.73046875,383.7264404296875,159.6251678466797,138.3115997314453,78.80009460449219,71.17236328125,66.66169738769531,62.43295669555664,46.42842483520508,42.31626510620117,35.20331573486328,33.890960693359375,31.75429344177246,30.66197395324707,28.654817581176758,27.055315017700195,23.35236358642578,16133.7841796875,63.0777587890625,34.07111740112305
475000,484992,17,3,251,196,1,38389.578125,380.3874816894531,161.64488220214844,131.21725463867188,81.03640747070312,68.08308410644531,60.607242584228516,52.90306854248047,42.17245101928711,40.067405700683594,34.06735610961914,33.4672966003418,32.4639892578125,30.151554107666016,28.529895782470703,23.740455627441406,23.396163940429688,16137.33203125,61.08639907836914,32.04018020629883
480000,490048,17,3,253,194,0,38525.2265625,366.0940246582031,168.46144104003906,115.86894989013672,88.69062042236328,68.7245101928711,65.42540740966797,59.53239059448242,50.55489730834961,41.72576904296875,38.908790588378906,35.44499969482422,33.270389556884766,32.49272155761719,30.01076316833496,28.116838455200195,27.059110641479492,16207.474609375,62.228515625,37.520286560058594
480000,490048,17,3,253,194,1,38501.9140625,363.4651184082031,167.7633819580078,115.90849304199219,87.27838897705078,70.45588684082031,64.74271392822266,52.80009460449219,44.800086975097656,38.730560302734375,37.41424560546875,33.48907470703125,32.845211029052734,30.380847930908203,29.834623336791992,28.990781784057617,26.73743438720703,16198.4560546875,60.16828155517578,34.722293853759766
485000,495040,17,3,252,201,0,38785.3203125,396.9312744140625,192.42652893066406,119.50518035888672,93.05699920654297,77.17710876464844,65.90453338623047,59.54804611206055,47.02375793457031,39.632904052734375,36.226341247558594,33.22364807128906,32.09550857543945,30.87478256225586,29.445253372192383,26.644023895263672,24.134788513183594,16325.72265625,93.603515625,35.0472526550293
485000,495040,17,3,252,201,1,38795.87890625,399.6918029785156,196.99716186523438,117.73197174072266,89.93883514404297,70.57855987548828,67.52342224121094,59.78847122192383,48.853946685791016,37.62765884399414,36.13075637817383,32.49386978149414,30.832351684570312,30.203405380249023,27.748069763183594,26.839214324951172,24.65774917602539,16331.8291015625,95.46896362304688,36.368282318115234
490000,500032,17,3,253,192,0,37800.53515625,534.9072875976562,283.9925842285156,145.79110717773438,95.52883911132812,71.16011810302734,64.97147369384766,57.924503326416016,55.773529052734375,43.470333099365234,39.94759750366211,37.56850051879883,36.14359664916992,34.38188171386719,32.379486083984375,29.62331771850586,27.052000045776367,15890.8115234375,94.76700592041016,41.74616622924805
490000,500032,17,3,253,192,1,37789.30859375,531.9789428710938,279.3934631347656,142.38209533691406,94.08804321289062,74.01091766357422,67.78145599365234,58.47220993041992,54.457523345947266,43.5299072265625,42.558570861816406,39.81737518310547,35.8320426940918,33.561100006103516,30.858139038085938,28.693828582763672,25.693017959594727,15887.21875,90.26274108886719,42.85209274291992
495000,505024,17,3,253,194,0,39098.85546875,481.70556640625,189.77894592285156,113.11811065673828,100.27023315429688,88.54524230957031,81.41336822509766,70.23365783691406,47.213966369628906,41.225196838378906,34.174041748046875,33.8939208984375,32.51484298706055,30.073789596557617,29.530088424682617,27.335186004638672,26.495603561401367,16471.470703125,72.16854095458984,35.924259185791016
495000,505024,17,3,253,194,1,39110.23828125,478.0024108886719,193.5179443359375,114.4083023071289,101.54302978515625,88.69766235351562,85.78589630126953,70.46441650390625,46.88689422607422,41.464698791503906,37.84425354003906,36.17134094238281,32.366615295410156,31.860687255859375,29.04973030090332,27.44520378112793,26.717487335205078,16477.439453125,67.28209686279297,32.950523376464844
500000,510016,17,3,253,205,0,40202.234375,430.4200439453125,173.92189025878906,119.94710540771484,90.83861541748047,72.65714263916016,61.54545211791992,57.04446029663086,43.036895751953125,40.42822265625,38.2083740234375,34.347145080566406,33.473167419433594,31.577911376953125,30.17544937133789,28.72225570678711,25.55804443359375,16904.763671875,60.42052459716797,32.801265716552734
500000,510016,17,3,253,205,1,40218.3984375,430.9410400390625,177.21827697753906,113.2864761352539,89.09981536865234,69.06647491455078,60.91446304321289,49.294044494628906,44.40047836303711,40.231929779052734,35.8287353515625,35.609317779541016,32.78831100463867,32.72507095336914,28.55481719970703,27.72692108154297,25.003463745117188,16911.8984375,58.18181610107422,34.78569412231445
505000,515008,17,3,251,205,0,40121.46875,363.7314147949219,180.9213409423828,113.28014373779297,87.00396728515625,63.82544708251953,56.34706497192383,52.483760833740234,46.77864074707031,38.11976623535156,35.39970016479492,33.89882278442383,30.505634307861328,30.08306121826172,27.76244354248047,27.299007415771484,26.450536727905273,16886.361328125,58.72795104980469,32.01839065551758
505000,515008,17,3,251,205,1,40102.421875,362.16851806640625,183.1223907470703,114.46959686279297,85.49417877197266,64.50440216064453,55.50812911987305,52.65110397338867,45.79315948486328,39.218505859375,37.950714111328125,33.19718551635742,31.905168533325195,30.428752899169922,27.62745475769043,25.768362045288086,24.835012435913086,16877.759765625,62.02309799194336,31.095434188842773
510000,520000,17,3,246,196,0,39840.8125,424.1744079589844,183.31069946289062,141.24281311035156,101.32061767578125,78.55624389648438,64.46810150146484,58.89322280883789,50.04411697387695,45.47450256347656,41.31814193725586,40.47767639160156,33.06929016113281,30.57659339904785,30.00515365600586,27.137582778930664,25.21224594116211,16761.138671875,68.36398315429688,33.239742279052734
510000,520000,17,3,246,196,1,39818.265625,423.5982971191406,186.38583374023438,142.7191925048828,102.81702423095703,82.47589874267578,70.31240844726562,64.94416809082031,49.496952056884766,42.5955696105957,40.067481994628906,39.31943130493164,33.159149169921875,30.857126235961914,28.945602416992188,26.410057067871094,25.183107376098633,16751.75390625,68.64107513427734,31.387847900390625
515000,524992,17,3,254,201,0,40297.05859375,416.37493896484375,191.9162139892578,142.5928955078125,101.61771392822266,75.00340270996094,57.15803909301758,52.869407653808594,46.34922790527344,41.141700744628906,37.78714370727539,35.79185485839844,33.69936752319336,31.51114273071289,31.263654708862305,29.11785316467285,26.860593795776367,16952.8203125,67.98619079589844,35.79872512817383
515000,524992,17,3,254,201,1,40232.99609375,419.18170166015625,193.63104248046875,142.31210327148438,101.75129699707031,79.08551025390625,60.409610748291016,56.894927978515625,51.04597473144531,45.16934585571289,41.98169708251953,38.36673355102539,36.097232818603516,33.567115783691406,32.452335357666016,29.150503158569336,26.043903350830078,16925.201171875,75.09972381591797,36.22370910644531
520000,530048,17,3,250,206,0,40344.92578125,380.37677001953125,185.29202270507812,130.82989501953125,90.56166076660156,77.54800415039062,63.933067321777344,61.13158416748047,46.981224060058594,42.50064468383789,37.558021545410156,33.62495422363281,32.82282257080078,30.381772994995117,29.488561630249023,26.29643440246582,24.006486892700195,16946.61328125,67.86131286621094,43.95554733276367
520000,530048,17,3,250,206,1,40336.6328125,378.529296875,181.26345825195312,133.0901641845703,95.88810729980469,74.78460693359375,61.73624038696289,58.75782012939453,46.049827575683594,45.38319778442383,37.25343704223633,33.965423583984375,32.790130615234375,30.35765266418457,28.969804763793945,27.83658790588379,23.625566482543945,16945.205078125,72.25894927978516,43.25627517700195
525000,535040,17,3,251,208,0,40595.453125,421.1427307128906,217.100341796875,134.59017944335938,101.39679718017578,79.4707260131836,69.21773529052734,63.781028747558594,52.30641174316406,48.692665100097656,39.909088134765625,38.932525634765625,36.51124954223633,35.09352111816406,32.02818298339844,31.403104782104492,29.399137496948242,17072.759765625,67.68221282958984,36.904056549072266
525000,535040,17,3,251,208,1,40592.68359375,419.07110595703125,214.3597869873047,129.48716735839844,99.3194351196289,80.39437866210938,68.86927032470703,66.08319091796875,50.41230773925781,45.68705368041992,41.710548400878906,39.63913345336914,36.50175476074219,33.983394622802734,31.886816024780273,31.078773498535156,27.305070877075195,17070.298828125,68.38114166259766,35.343833923339844
530000,540032,17,3,254,199,0,41019.9609375,487.5174255371094,210.73016357421875,147.7360382080078,94.9377212524414,78.41886138916016,70.37578582763672,62.81425476074219,49.293636322021484,47.78238296508789,40.25197219848633,37.787017822265625,35.233707427978516,33.37135314941406,31.07834243774414,29.378202438354492,27.11183738708496,17259.5390625,69.1129379272461,32.52063751220703
530000,540032,17,3,254,199,1,40985.69140625,487.5030517578125,214.47686767578125,157.0433807373047,95.07593536376953,75.64325714111328,70.06326293945312,61.47486877441406,54.855918884277344,44.26305389404297,40.46574020385742,38.068763732910156,36.59051513671875,32.690895080566406,30.350683212280273,27.006778717041016,26.373449325561523,17245.08203125,69.778564453125,33.7501106262207
535000,545024,17,3,253,197,0,40937.51953125,435.7763977050781,201.3007354736328,128.0209503173828,89.72522735595703,77.07546997070312,64.89173889160156,62.30648422241211,50.6279296875,46.49687957763672,43.094505310058594,37.92951202392578,37.56801223754883,36.44551086425781,35.003475189208984,29.59429931640625,28.442073822021484,17201.087890625,72.06709289550781,39.48309326171875
535000,545024,17,3,253,197,1,40942.84765625,433.1904602050781,200.6441650390625,127.52717590332031,86.72622680664062,75.28791046142578,67.57070922851562,65.50470733642578,48.42531204223633,46.3719367980957,42.75584411621094,39.047401428222656,36.76518630981445,35.372650146484375,33.105899810791016,30.42911148071289,27.318496704101562,17201.96875,71.1796875,40.240657806396484
540000,550016,17,3,251,200,0,40779.1796875,391.6227722167969,177.24908447265625,124.6216812133789,98.74658966064453,83.9176254272461,74.06089782714844,66.52729034423828,47.80891799926758,41.741943359375,38.676483154296875,35.8885612487793,34.731971740722656,32.5325927734375,30.776453018188477,30.426651000976562,27.695552825927734,17134.642578125,75.35221099853516,38.434932708740234
540000,550016,17,3,251,200,1,40787.4375,392.5247497558594,176.72352600097656,123.29243469238281,97.61376190185547,81.83248138427734,62.10130310058594,54.428890228271484,48.80738830566406,41.852352142333984,37.21196746826172,35.50043487548828,33.408294677734375,30.733400344848633,29.17682456970215,27.865936279296875,26.946569442749023,17139.087890625,71.00414276123047,38.29267501831055
545000,555008,17,3,253,206,0,41261.64453125,456.4228515625,200.1676788330078,149.72134399414062,97.71926879882812,77.25770568847656,71.31971740722656,67.39230346679688,51.154022216796875,44.156253814697266,39.721351623535156,39.091182708740234,35.76429748535156,35.29463577270508,31.546977996826172,30.96408462524414,29.141681671142578,17368.0859375,70.39358520507812,38.653533935546875
545000,555008,17,3,253,206,1,41256.79296875,458.8948059082031,203.15492248535156,152.8387908935547,99.30754089355469,77.98894500732422,72.13290405273438,63.634891510009766,52.34147262573242,43.12007141113281,41.16899490356445,39.33076095581055,37.34343338012695,35.5439567565918,33.94154739379883,31.19431495666504,29.063491821289062,17363.791015625,72.52779388427734,38.41024398803711
550000,560000,17,3,251,209,0,41353.25,392.2533264160156,157.49391174316406,118.28103637695312,100.17277526855469,80.85013580322266,66.00471496582031,61.603294372558594,49.584449768066406,42.68259811401367,40.525177001953125,36.32608413696289,31.47552490234375,31.12641716003418,29.359127044677734,27.138965606689453,23.695072174072266,17410.275390625,80.19898223876953,37.784889221191406
550000,560000,17,3,251,209,1,41335.140625,395.6114807128906,155.9379119873047,119.38261413574219,100.56047821044922,80.140380859375,67.5631332397461,63.557857513427734,44.57417297363281,43.38861846923828,40.36957931518555,34.69892501831055,32.33224868774414,31.618118286132812,31.22557830810547,26.966886520385742,26.182605743408203,17402.34375,79.4520492553711,35.95451354980469
555000,564992,17,3,253,196,0,42375.04296875,410.84881591796875,191.70159912109375,128.63809204101562,83.90217590332031,79.14921569824219,70.4113540649414,56.8502197265625,50.974090576171875,42.594207763671875,40.30118179321289,38.278236389160156,36.57328796386719,33.17798614501953,31.576282501220703,31.00945472717285,29.67546272277832,17830.4921875,75.51239013671875,36.24050521850586
555000,564992,17,3,253,196,1,42372.4375,410.05743408203125,190.01893615722656,130.83348083496094,86.12464141845703,84.73419952392578,71.23812103271484,61.06312561035156,52.027034759521484,43.50934600830078,40.247398376464844,39.407962799072266,38.9752197265625,36.4139518737793,33.91168975830078,33.318519592285156,31.33808708190918,17829.564453125,73.56053924560547,40.149818420410156
560000,570048,17,3,251,213,0,41171.18359375,407.50408935546875,188.08969116210938,141.06861877441406,96.47628784179688,80.44338989257812,74.49562072753906,57.74700927734375,51.56407928466797,44.83174514770508,39.946250915527344,37.89717102050781,36.61016845703125,34.673763275146484,32.90064239501953,31.954059600830078,30.249231338500977,17311.17578125,65.18904876708984,35.30177688598633
560000,570048,17,3,251,213,1,41119.5078125,406.4151306152344,190.6949462890625,140.6753692626953,98.9848403930664,80.81717681884766,75.46202850341797,65.31028747558594,48.219627380371094,45.88924789428711,43.39641571044922,38.56346130371094,36.46947479248047,36.38418197631836,35.20092010498047,30.160593032836914,29.22959327697754,17289.0546875,60.661800384521484,36.966094970703125
565000,575040,17,3,254,205,0,41980.01953125,404.5307312011719,170.4423065185547,111.447265625,88.20257568359375,68.2365493774414,64.45306396484375,55.784942626953125,44.57916259765625,38.45154571533203,36.366695404052734,33.57878494262695,32.52809524536133,30.89281463623047,29.013568878173828,26.81357192993164,26.37885093688965,17688.892578125,59.688873291015625,36.76719665527344
565000,575040,17,3,254,205,1,42004.67578125,403.8236389160156,174.90745544433594,114.44905090332031,93.81581115722656,72.82105255126953,65.06873321533203,55.43049621582031,44.42863464355469,39.80792999267578,36.68869400024414,34.261653900146484,32.79409408569336,31.32299041748047,30.236713409423828,27.268003463745117,27.07672882080078,17699.6328125,62.64329147338867,39.080867767333984
570000,580032,17,3,255,204,0,42653.0390625,448.390625,183.3460693359375,130.4520263671875,102.8133316040039,76.2625961303711,70.6876220703125,66.29029846191406,52.61124801635742,46.17823028564453,39.67964553833008,38.43003845214844,35.04899597167969,33.41048049926758,32.07304000854492,29.773759841918945,28.210052490234375,17959.23046875,100.01740264892578,38.0871696472168
570000,580032,17,3,255,204,1,42666.16796875,451.27423095703125,190.69541931152344,129.53225708007812,104.44666290283203,74.5985336303711,71.106201171875,61.935184478759766,51.94424819946289,45.23535919189453,42.54850769042969,36.16485595703125,33.73796463012695,32.61688232421875,30.62866973876953,29.415115356445312,27.305830001831055,17963.611328125,102.85334777832031,41.15058898925781
575000,585024,17,3,251,211,0,42227.19921875,404.844482421875,183.75465393066406,132.5216064453125,93.46381378173828,81.92787170410156,68.01396179199219,64.13066864013672,50.05881881713867,45.286651611328125,39.33359146118164,37.56433868408203,36.25999450683594,34.782474517822266,31.3998966217041,29.860315322875977,26.225231170654297,17795.033203125,75.26263427734375,39.256065368652344
575000,585024,17,3,251,211,1,42247.1484375,404.1251220703125,195.638427734375,137.4114227294922,94.74920654296875,81.15083312988281,72.46853637695312,60.56388473510742,52.09770965576172,44.273216247558594,37.514739990234375,35.8552360534668,33.78837966918945,32.91709899902344,29.83528709411621,29.152631759643555,28.045372009277344,17804.66015625,72.1664810180664,38.66645050048828
580000,590016,17,3,252,208,0,42764.83203125,552.9781494140625,226.35159301757812,165.99923706054688,101.22704315185547,80.57611083984375,75.53404998779297,64.56004333496094,52.49485778808594,45.42945861816406,43.279972076416016,38.55612564086914,34.04011917114258,32.127044677734375,29.570655822753906,28.071760177612305,26.828907012939453,17970.1875,84.38778686523438,39.54722595214844
580000,590016,17,3,252,208,1,42775.1484375,570.747802734375,228.3806915283203,165.9867401123047,105.76651000976562,82.80595397949219,76.55775451660156,65.27214050292969,47.21449279785156,43.6765251159668,41.48826217651367,38.15707778930664,34.15861129760742,32.78031921386719,28.655263900756836,28.114824295043945,25.330137252807617,17971.568359375,102.32483673095703,40.56385803222656
585000,595008,17,3,250,203,0,42008.03515625,436.8082275390625,208.81272888183594,139.6927032470703,93.20242309570312,81.5562744140625,72.8668212890625,63.96584701538086,49.25548553466797,43.22337341308594,40.52328109741211,36.42847442626953,36.02204895019531,32.57431411743164,32.09813690185547,29.862323760986328,27.865739822387695,17678.568359375,72.80848693847656,39.281368255615234
585000,595008,17,3,250,203,1,42026.3203125,440.91094970703125,210.74188232421875,141.02517700195312,92.78491973876953,84.8017807006836,66.92662048339844,55.30063247680664,52.07780838012695,44.063236236572266,41.539527893066406,39.546077728271484,38.69975662231445,34.64599609375,32.21870422363281,30.456348419189453,29.748903274536133,17684.021484375,76.82421112060547,44.78683853149414
590000,600000,17,3,251,209,0,42886.3359375,391.4280700683594,201.93736267089844,140.5053253173828,97.46599578857422,76.30064392089844,71.297607421875,68.73411560058594,50.66733932495117,43.554115295410156,40.065574645996094,37.36789321899414,35.12349319458008,32.860252380371094,32.234344482421875,30.26454734802246,28.120908737182617,18066.822265625,90.8880844116211,40.51740264892578
590000,600000,17,3,251,209,1,42866.09375,393.55902099609375,202.36985778808594,144.46632385253906,101.08999633789062,81.05020904541016,78.3774642944336,70.40536499023438,51.606204986572266,41.35945510864258,40.29203414916992,36.556304931640625,33.950538635253906,31.90660285949707,30.381242752075195,27.420804977416992,25.74903678894043,18057.2734375,96.66968536376953,41.04969024658203
595000,604992,17,3,252,200,0,42765.42578125,461.9670104980469,192.25146484375,133.83865356445312,99.69586944580078,82.10919189453125,78.9281997680664,75.12094116210938,52.76948165893555,46.66641616821289,44.88569259643555,43.48729705810547,40.11571502685547,39.116092681884766,34.0701904296875,31.833662033081055,28.877431869506836,18004.078125,72.47735595703125,39.35401916503906
595000,604992,17,3,252,200,1,42791.06640625,457.88092041015625,194.5500946044922,129.88453674316406,99.97145080566406,85.21437072753906,80.84407806396484,75.51885986328125,49.21744918823242,47.87767028808594,45.48847579956055,40.277793884277344,40.057674407958984,38.67460632324219,35.7564582824707,33.502132415771484,30.776201248168945,18017.8984375,74.64793395996094,42.49045181274414
600000,610048,17,3,248,207,0,42685.05078125,471.84527587890625,176.19302368164062,127.82749938964844,105.67505645751953,84.08907318115234,79.48673248291016,70.64867401123047,52.4110107421875,46.47039794921875,38.30314636230469,36.380401611328125,34.67744445800781,32.29738998413086,29.88311767578125,28.89939308166504,26.903888702392578,17954.849609375,83.62931823730469,40.08949661254883
600000,610048,17,3,248,207,1,42690.61328125,470.68157958984375,177.6016082763672,133.2656707763672,104.79938507080078,85.44131469726562,76.70286560058594,70.90775299072266,51.43935775756836,46.37980651855469,40.675689697265625,35.46459197998047,34.436737060546875,33.51231002807617,32.45111846923828,31.213008880615234,28.465078353881836,17957.18359375,84.61029815673828,40.414520263671875
605000,615040,17,3,255,210,0,43512.765625,786.7201538085938,196.5813751220703,152.2705078125,100.67546081542969,78.86068725585938,76.91886901855469,62.10991668701172,55.29730224609375,46.721656799316406,41.51683044433594,40.8099365234375,37.69401168823242,34.28416442871094,32.48119354248047,31.96590232849121,29.725528717041016,18311.982421875,81.61268615722656,40.888675689697266
605000,615040,17,3,255,210,1,43509.91015625,790.4967041015625,201.08998107910156,155.9027557373047,104.5752182006836,82.17827606201172,78.4484634399414,67.81117248535156,53.13399124145508,41.825679779052734,41.065975189208984,38.1539421081543,36.07539367675781,33.03609848022461,32.02267074584961,30.14412498474121,27.733259201049805,18310.525390625,84.85063934326172,37.842872619628906
610000,620032,17,3,250,203,0,43870.98828125,433.5076904296875,189.31980895996094,153.34104919433594,108.96949005126953,80.33660125732422,65.39127349853516,57.34870147705078,49.02939987182617,45.83416748046875,40.64274978637695,38.685203552246094,37.649375915527344,34.02608108520508,31.543758392333984,28.881357192993164,27.45901107788086,18443.509765625,61.41542053222656,32.94082260131836
610000,620032,17,3,250,203,1,43888.07421875,433.6573181152344,186.1651153564453,149.7540740966797,104.71095275878906,81.4207763671875,65.49185943603516,62.283573150634766,45.139442443847656,42.84515380859375,40.621681213378906,37.317665100097656,35.40962600708008,34.01243591308594,33.055912017822266,31.68383026123047,27.54973030090332,18450.373046875,59.9207763671875,32.45000457763672
615000,625024,17,3,249,210,0,43809.07421875,467.4226379394531,202.05972290039062,127.65747833251953,103.90975189208984,77.47183227539062,71.4327163696289,61.73788833618164,46.53010177612305,44.76004409790039,41.15530014038086,38.77505111694336,38.187591552734375,36.2276725769043,33.807926177978516,32.13362121582031,30.146739959716797,18424.98828125,70.7203140258789,36.070159912109375
615000,625024,17,3,249,210,1,43811.64453125,474.6429443359375,201.28762817382812,128.5493621826172,106.91383361816406,79.88429260253906,69.14382934570312,63.38632583618164,50.33462905883789,41.67201614379883,40.64464569091797,37.845699310302734,36.40785598754883,34.364891052246094,31.866762161254883,31.493572235107422,29.186359405517578,18427.6796875,70.3129653930664,35.719200134277344
620000,630016,17,3,254,213,0,43304.046875,439.88800048828125,206.00889587402344,139.78065490722656,114.26982116699219,87.47980499267578,75.681884765625,69.50508117675781,56.8804817199707,55.65967559814453,48.20482635498047,42.05656051635742,40.54387664794922,39.505550384521484,36.26361083984375,35.34927749633789,33.82924270629883,18216.42578125,76.15715789794922,45.31321716308594
620000,630016,17,3,254,213,1,43307.16015625,443.956787109375,208.7117462158203,143.64212036132812,107.76036834716797,86.76641845703125,75.06494903564453,61.94597244262695,55.961280822753906,48.87256622314453,44.94581985473633,44.00438690185547,39.22291946411133,37.01935577392578,34.08981704711914,32.9549674987793,32.768577575683594,18219.3984375,75.33354949951172,40.358848571777344
625000,635008,17,3,255,205,0,44527.65625,428.29473876953125,197.2882080078125,130.6542510986328,100.7165298461914,75.38001251220703,68.89923095703125,60.91948699951172,51.450557708740234,45.10649490356445,43.44082260131836,38.090431213378906,36.41121292114258,33.582435607910156,30.559070587158203,29.17642593383789,27.080690383911133,18727.791015625,67.24250030517578,39.92455291748047
625000,635008,17,3,255,205,1,44518.3515625,423.57159423828125,197.4146270751953,130.7629852294922,104.81723022460938,87.91638946533203,83.86186981201172,72.7418441772461,56.28166580200195,45.465816497802734,43.9879264831543,38.45330047607422,34.987586975097656,34.239227294921875,33.435821533203125,32.651615142822266,29.28915023803711,18724.716796875,79.14754486083984,43.840118408203125
630000,640000,17,3,253,206,0,43774.29296875,678.0239868164062,193.49542236328125,127.18224334716797,99.17647552490234,82.0043716430664,72.48115539550781,68.66171264648438,44.939781188964844,41.7515754699707,40.91118240356445,37.103057861328125,35.951995849609375,33.58511734008789,32.69093322753906,30.40850067138672,28.141483306884766,18419.9296875,74.53231048583984,37.04638671875
630000,640000,17,3,253,206,1,43767.89453125,666.1386108398438,194.26019287109375,123.59243774414062,93.6408920288086,76.69374084472656,72.10724639892578,65.00407409667969,47.60745620727539,41.779266357421875,39.5974235534668,37.62841033935547,36.45105743408203,34.29642105102539,32.55766296386719,31.595991134643555,29.343952178955078,18418.765625,71.00492858886719,37.84830093383789
635000,644992,17,3,252,206,0,44699.7734375,414.2161560058594,188.42453002929688,126.8364486694336,98.85096740722656,84.35247802734375,70.71014404296875,69.87625885009766,48.9610710144043,40.775875091552734,38.698020935058594,35.02743148803711,34.38303756713867,32.27569580078125,31.244550704956055,27.902841567993164,27.285266876220703,18805.341796875,79.08966064453125,35.44914245605469
635000,644992,17,3,252,206,1,44700.5859375,415.762939453125,189.01638793945312,123.64501190185547,105.29573059082031,82.54739379882812,70.96330261230469,64.81104278564453,49.852195739746094,42.99640655517578,37.107181549072266,35.98263931274414,35.5324592590332,33.93741989135742,31.518444061279297,29.893102645874023,28.42845916748047,18805.251953125,77.1831283569336,35.435977935791016
640000,650048,17,3,251,205,0,44878.625,461.8724365234375,187.73492431640625,136.61410522460938,92.45089721679688,82.40831756591797,73.20904541015625,70.2433853149414,50.85518264770508,42.31411361694336,40.43231201171875,37.8983154296875,33.9799919128418,31.682968139648438,30.2901554107666,28.02452278137207,27.156917572021484,18869.734375,82.36669158935547,38.75557327270508
640000,650048,17,3,251,205,1,44861.15625,462.98687744140625,186.15403747558594,134.78860473632812,93.62828826904297,77.64257049560547,74.15413665771484,67.58667755126953,49.18278503417969,43.94856262207031,40.240840911865234,37.870365142822266,36.27604675292969,33.66422653198242,31.293256759643555,28.77779769897461,25.63275718688965,18861.154296875,78.6980972290039,38.566505432128906
645000,655040,17,3,251,204,0,45069.17578125,393.76971435546875,193.79989624023438,117.43428802490234,101.60494995117188,68.9969711303711,66.37086486816406,62.821468353271484,53.12168502807617,45.255455017089844,41.67652893066406,36.8046989440918,34.85409927368164,31.90633201599121,31.803327560424805,29.101150512695312,28.626319885253906,18976.66796875,73.31866455078125,41.332305908203125
645000,655040,17,3,251,204,1,45043.4375,390.97418212890625,194.00428771972656,113.13646697998047,101.07115936279297,72.0262451171875,69.55693054199219,64.6065444946289,55.42407989501953,43.56544494628906,42.93140411376953,39.60432052612305,37.111724853515625,35.1006965637207,34.241912841796875,32.86888122558594,29.672630310058594,18966.302734375,75.54694366455078,40.99309539794922
650000,660032,17,3,252,214,0,44858.6640625,380.6298828125,172.28518676757812,120.59410858154297,99.67605590820312,76.64873504638672,70.1982421875,67.15859985351562,50.499855041503906,43.31401443481445,40.8709831237793,37.30171203613281,36.1608772277832,33.786590576171875,32.308631896972656,29.53591537475586,27.178571701049805,18879.595703125,72.29267120361328,43.668216705322266
650000,660032,17,3,252,214,1,44885.4453125,381.6962585449219,169.81207275390625,119.92467498779297,99.370361328125,76.51727294921875,71.98466491699219,65.68767547607422,49.668357849121094,44.74753189086914,37.435401916503906,36.688682556152344,32.79072570800781,32.41043472290039,30.748437881469727,29.727285385131836,27.828903198242188,18889.841796875,71.95732116699219,36.1291618347168
655000,665024,17,3,251,203,0,44407.18359375,490.1698913574219,223.8213348388672,160.1366729736328,141.37554931640625,96.71833801269531,76.50888061523438,64.42522430419922,55.87826156616211,47.44179153442383,42.570003509521484,41.782527923583984,39.7884635925293,37.741790771484375,33.719520568847656,32.617576599121094,27.029653549194336,18676.162109375,94.08138275146484,40.35169982910156
655000,665024,17,3,251,203,1,44382.4140625,487.3680114746094,227.4205322265625,170.16091918945312,132.73861694335938,96.60880279541016,80.22611999511719,68.56707000732422,53.18312454223633,45.4617919921875,43.745243072509766,39.52754592895508,37.620113372802734,35.26459884643555,33.9016227722168,32.550880432128906,30.18619728088379,18665.572265625,96.33363342285156,35.075992584228516
660000,670016,17,3,250,204,0,44664.76953125,344.49224853515625,170.8867645263672,124.59512329101562,88.26182556152344,84.69049072265625,80.37964630126953,77.34534454345703,56.928897857666016,54.04645538330078,48.90200424194336,41.33112716674805,38.60784149169922,37.46895217895508,36.338035583496094,33.6646728515625,30.715190887451172,18802.30078125,71.87984466552734,44.86990737915039
660000,670016,17,3,250,204,1,44653.03515625,340.53045654296875,168.28106689453125,122.87122344970703,88.08049774169922,82.7725830078125,76.50321960449219,67.22125244140625,52.11351776123047,46.8699836730957,41.20524597167969,38.08116149902344,36.149784088134766,35.512332916259766,32.626407623291016,30.922138214111328,28.240982055664062,18797.220703125,73.30509185791016,39.8325080871582
665000,675008,17,3,253,216,0,45673.16796875,404.9941101074219,188.61178588867188,129.3501739501953,92.3603286743164,72.09823608398438,61.42808532714844,57.96660614013672,45.66490173339844,40.54783630371094,38.41087341308594,36.36217498779297,35.093448638916016,32.33995819091797,30.851646423339844,30.053325653076172,27.726987838745117,19222.126953125,63.71013259887695,37.50654602050781
665000,675008,17,3,253,216,1,45691.640625,401.90313720703125,188.26170349121094,124.39055633544922,92.35675048828125,77.02629852294922,68.43151092529297,62.545284271240234,47.73013687133789,40.08809280395508,37.859336853027344,37.488136291503906,34.26425552368164,32.24336624145508,30.244230270385742,29.98577308654785,26.826887130737305,19229.087890625,62.723121643066406,37.6767578125
670000,680000,17,3,252,209,0,44233.65234375,659.4733276367188,214.39576721191406,135.2679443359375,100.99934387207031,85.27812957763672,74.46292114257812,63.66347885131836,55.160179138183594,47.37102127075195,44.48304748535156,43.13770294189453,41.61874771118164,38.14096450805664,33.80841064453125,31.805444717407227,27.658632278442383,18593.306640625,86.41583251953125,46.051307678222656
670000,680000,17,3,252,209,1,44216.2265625,663.8931884765625,213.94595336914062,134.63003540039062,98.27423858642578,84.3858642578125,69.28768920898438,61.379642486572266,54.11150360107422,44.55220031738281,43.85112380981445,42.46388244628906,40.88899612426758,39.65669250488281,35.717735290527344,31.860437393188477,28.4630069732666,18585.40625,81.8474349975586,43.46003341674805
675000,684992,17,3,248,198,0,45456.671875,416.55828857421875,182.99337768554688,126.5136489868164,86.98516082763672,73.6761703491211,63.54215621948242,53.82369613647461,45.09573745727539,43.717838287353516,41.24185562133789,38.894195556640625,35.98133850097656,33.79694747924805,32.3152961730957,29.871641159057617,27.15252685546875,19149.52734375,63.68016815185547,34.93842315673828
675000,684992,17,3,248,198,1,45445.39453125,417.6372985839844,185.2513885498047,127.75363159179688,87.66202545166016,72.52577209472656,63.05826187133789,52.94041442871094,46.06755065917969,38.99612808227539,37.14452362060547,34.74540328979492,32.23759841918945,31.62386131286621,29.621551513671875,28.57303810119629,26.719554901123047,19142.69140625,62.1920280456543,32.23066329956055
680000,690048,17,3,253,218,0,45786.3125,552.9754638671875,227.87265014648438,150.28468322753906,112.91932678222656,88.64122772216797,73.61237335205078,64.46536254882812,52.504844665527344,47.966461181640625,43.666221618652344,40.05511474609375,37.5617561340332,36.27387619018555,34.588417053222656,32.78953170776367,29.706193923950195,19253.529296875,76.98519897460938,43.082401275634766
680000,690048,17,3,253,218,1,45774.7421875,553.1162719726562,228.7245635986328,148.59327697753906,111.24343872070312,94.78485107421875,72.88607025146484,64.1863784790039,50.44508743286133,48.26431655883789,45.44083023071289,41.27605438232422,40.44316864013672,38.4562873840332,34.47211837768555,29.173110961914062,27.059555053710938,19249.646484375,71.14361572265625,40.959224700927734
685000,695040,17,3,253,204,0,46347.65625,387.2613830566406,200.64675903320312,119.41622161865234,95.70904541015625,84.34296417236328,76.49390411376953,74.444091796875,56.04296112060547,50.19025802612305,43.311431884765625,41.43644332885742,39.112545013427734,37.84546661376953,34.70473098754883,32.1215705871582,27.585081100463867,19499.103515625,71.6504135131836,43.177913665771484
685000,695040,17,3,253,204,1,46330.25,385.9774169921875,202.94383239746094,118.44710540771484,99.27042388916016,79.30363464355469,76.81224822998047,73.14322662353516,62.402191162109375,45.72610092163086,40.96052932739258,39.203346252441406,35.91961669921875,35.4910774230957,33.987823486328125,30.846813201904297,27.715116500854492,19490.673828125,74.01376342773438,40.2551383972168
690000,700032,17,3,251,210,0,46095.8125,433.07098388671875,196.64852905273438,129.4668731689453,100.19786834716797,90.19232940673828,69.068359375,64.1641616821289,50.588863372802734,43.57183837890625,41.90176773071289,40.347190856933594,38.9531135559082,37.2503776550293,30.879005432128906,30.483924865722656,29.85249900817871,19410.68359375,70.59302520751953,34.869686126708984
690000,700032,17,3,251,210,1,46102.61328125,430.3005065917969,197.04165649414062,131.39019775390625,104.56610870361328,88.84828186035156,66.28903198242188,57.714237213134766,49.22800064086914,47.89191436767578,43.87531661987305,38.641075134277344,38.08086395263672,36.088531494140625,34.54529571533203,32.49774169921875,28.44850730895996,19412.1953125,71.41194152832031,36.895973205566406
695000,705024,17,3,253,212,0,46431.96875,458.6856994628906,197.5305938720703,131.25311279296875,94.73004913330078,76.89598846435547,63.346248626708984,58.65022659301758,49.93600845336914,44.1390495300293,40.26576614379883,38.85317611694336,37.35619354248047,36.40825653076172,33.89724349975586,32.61646270751953,29.7618465423584,19542.0859375,72.3409194946289,41.77054214477539
695000,705024,17,3,253,212,1,46452.47265625,457.8190002441406,195.5940704345703,131.60398864746094,98.0103759765625,75.2697982788086,72.98680114746094,65.24085235595703,48.79031753540039,46.13593673706055,41.196834564208984,40.140872955322266,39.26628112792969,37.76300811767578,36.91332244873047,32.96963882446289,28.41598129272461,19551.296875,71.4629135131836,43.387939453125
700000,710016,17,3,252,205,0,46257.5546875,445.0511169433594,184.4005126953125,123.44853210449219,92.27583312988281,76.06259155273438,72.799072265625,59.94981002807617,48.557350158691406,46.8823356628418,38.452415466308594,36.56930923461914,34.938621520996094,33.05649948120117,31.633686065673828,29.874814987182617,28.740863800048828,19491.4921875,69.72615051269531,36.314056396484375
700000,710016,17,3,252,205,1,46265.51171875,442.86822509765625,185.25611877441406,124.15808868408203,96.73992919921875,75.77227020263672,68.9585189819336,66.37324523925781,47.748138427734375,42.898406982421875,40.14157485961914,37.61524963378906,35.6893424987793,34.17171859741211,32.42913818359375,30.518903732299805,29.336397171020508,19494.8046875,72.5867919921875,37.857025146484375
705000,715008,17,3,249,214,0,46323.9375,437.7509765625,183.08029174804688,121.85530853271484,99.55464935302734,75.11557006835938,67.8384017944336,59.38663864135742,52.25571060180664,48.68968200683594,42.509620666503906,40.254615783691406,38.74171829223633,36.19977569580078,32.529842376708984,31.293514251708984,28.895235061645508,19526.724609375,61.48886489868164,40.573055267333984
705000,715008,17,3,249,214,1,46317.109375,439.6647033691406,187.9796905517578,125.26445770263672,104.69297790527344,76.39521789550781,72.16853332519531,66.23516082763672,50.7125129699707,47.17694091796875,40.22771072387695,39.52928924560547,39.29906463623047,35.05671310424805,32.957035064697266,30.301193237304688,25.373014450073242,19521.42578125,64.86502075195312,38.448333740234375
710000,720000,17,3,250,209,0,45925.60546875,463.2505798339844,255.28854370117188,168.5591278076172,112.39282989501953,90.12139892578125,77.42566680908203,63.77598190307617,54.28520202636719,48.9333381652832,42.87189483642578,41.95470428466797,40.13166427612305,37.09466552734375,35.94578552246094,34.72383499145508,32.19858169555664,19301.390625,83.64090728759766,44.17671203613281
710000,720000,17,3,250,209,1,45920.625,466.1852111816406,254.49205017089844,164.8826141357422,113.96629333496094,92.9925537109375,80.33211517333984,65.23656463623047,53.30610275268555,45.275264739990234,43.760711669921875,40.223567962646484,37.804019927978516,35.57966613769531,34.56120300292969,32.38429641723633,30.221189498901367,19299.39453125,82.78450775146484,42.2231330871582
715000,724992,17,3,253,211,0,46680.68359375,445.6316223144531,197.25880432128906,135.6833953857422,107.90900421142578,79.67928314208984,68.07759857177734,57.69412612915039,51.367855072021484,45.98743438720703,43.352210998535156,39.92450714111328,38.25544738769531,36.55653381347656,34.7000846862793,31.747987747192383,28.735280990600586,19637.341796875,69.18297576904297,38.19813919067383
715000,724992,17,3,253,211,1,46650.515625,445.1275634765625,198.28347778320312,133.00755310058594,107.62421417236328,80.03002166748047,72.98836517333984,59.56894302368164,52.88805389404297,49.30839538574219,43.83292007446289,38.90542984008789,36.45070266723633,33.87353515625,31.99494171142578,30.478824615478516,29.762630462646484,19626.326171875,69.8082046508789,38.57560729980469
720000,730048,17,3,254,220,0,47168.79296875,459.6260681152344,199.8344268798828,134.91644287109375,109.48331451416016,87.66608428955078,71.03878021240234,67.37605285644531,53.53496551513672,48.28595733642578,43.767398834228516,36.6008186340332,36.584144592285156,35.67876052856445,33.69279479980469,31.242706298828125,27.738122940063477,19882.34375,88.16836547851562,44.90913391113281
720000,730048,17,3,254,220,1,47168.1640625,463.844482421875,201.3291473388672,135.96075439453125,109.94013977050781,85.85174560546875,72.66506958007812,67.37268829345703,59.604007720947266,47.71665573120117,41.2645263671875,38.27604293823242,38.030696868896484,34.8851318359375,33.35344696044922,30.638547897338867,28.09476661682129,19882.2890625,91.15016174316406,43.723201751708984
725000,735040,17,3,251,217,0,46875.078125,468.8572692871094,175.84507751464844,133.63612365722656,104.65349578857422,96.74197387695312,89.10663604736328,77.41813659667969,51.73453140258789,47.65222930908203,43.111202239990234,41.59043884277344,40.03254318237305,36.35679244995117,35.69206237792969,33.39531707763672,30.883251190185547,19729.462890625,82.2782974243164,48.174888610839844
725000,735040,17,3,251,217,1,46913.63671875,471.849853515625,182.48440551757812,139.6280059814453,106.22779083251953,96.66993713378906,89.89067077636719,77.80780792236328,56.23957824707031,49.12974548339844,46.735633850097656,43.55248260498047,40.64528274536133,37.5890007019043,34.47946548461914,31.29159164428711,29.485475540161133,19746.0390625,83.82672119140625,48.35261154174805
730000,740032,17,3,253,216,0,47570.26953125,493.6106872558594,220.21221923828125,134.26712036132812,111.69270324707031,82.65674591064453,78.50923156738281,64.48027801513672,57.78657531738281,43.231239318847656,39.18239212036133,37.965538024902344,37.276729583740234,36.76469039916992,33.371341705322266,32.50397491455078,31.06854820251465,20020.15234375,79.47171783447266,40.672325134277344
730000,740032,17,3,253,216,1,47561.6171875,497.1008605957031,224.5891571044922,133.07669067382812,112.75440979003906,83.66351318359375,74.331787109375,62.03744888305664,51.43102264404297,43.85552978515625,40.36161422729492,37.38533020019531,36.98263931274414,35.793907165527344,33.809356689453125,31.571395874023438,27.93663787841797,20016.330078125,78.51483917236328,40.56025314331055
735000,745024,17,3,252,210,0,46795.69921875,524.0675048828125,192.95065307617188,129.73004150390625,107.7994613647461,95.35124969482422,85.93890380859375,77.96900177001953,56.14671325683594,53.2786979675293,47.23210144042969,44.75966262817383,41.755645751953125,39.679443359375,37.195831298828125,33.91237258911133,32.32741165161133,19694.123046875,86.86605834960938,43.54707336425781
735000,745024,17,3,252,210,1,46808.74609375,507.8970031738281,195.77032470703125,131.12716674804688,109.98389434814453,98.72518157958984,93.69676208496094,82.79015350341797,57.44245529174805,56.371429443359375,51.33370590209961,46.378421783447266,41.040428161621094,40.55392074584961,39.007286071777344,35.56642532348633,33.71028137207031,19696.60546875,89.03919219970703,49.30342102050781
740000,750016,17,3,255,217,0,47029.63671875,506.30010986328125,212.64157104492188,150.5918731689453,120.25691986083984,84.57176971435547,76.28121948242188,68.85659790039062,54.719749450683594,48.93490219116211,43.60779571533203,40.50865936279297,39.858306884765625,35.30356979370117,32.852115631103516,31.394744873046875,28.89304542541504,19766.08203125,74.44648742675781,40.6156005859375
740000,750016,17,3,255,217,1,47061.54296875,508.5870666503906,217.7896728515625,157.7210235595703,123.77993774414062,92.95024108886719,82.438232421875,72.78302001953125,57.32215118408203,52.76953887939453,47.274200439453125,44.136566162109375,37.553955078125,36.65963363647461,34.47886657714844,33.353641510009766,29.39839744567871,19777.505859375,78.84339904785156,49.78835678100586
745000,755008,17,3,251,217,0,47167.15234375,481.16326904296875,200.87081909179688,151.10324096679688,103.24869537353516,80.42178344726562,71.12973022460938,61.05225372314453,51.29788589477539,50.35008239746094,43.438072204589844,38.242191314697266,35.61048889160156,33.45600128173828,31.541105270385742,30.165735244750977,27.96961212158203,19848.521484375,75.37850189208984,36.55708694458008
745000,755008,17,3,251,217,1,47182.8671875,481.1968078613281,204.61538696289062,155.99636840820312,105.86981201171875,84.27391052246094,64.48041534423828,60.713809967041016,51.029422760009766,46.73928451538086,42.879859924316406,39.447120666503906,38.20055389404297,36.76679992675781,33.84440994262695,30.905176162719727,29.209571838378906,19856.3828125,74.93944549560547,38.98148727416992
750000,760000,17,3,254,210,0,46919.41015625,497.51202392578125,215.0341033935547,127.06758880615234,99.16606140136719,85.3879623413086,77.65992736816406,68.92652130126953,57.531455993652344,48.620418548583984,48.06184768676758,47.00770568847656,44.40045928955078,41.289405822753906,39.81727600097656,37.276939392089844,33.393226623535156,19735.654296875,74.16851806640625,44.376747131347656
750000,760000,17,3,254,210,1,46888.109375,493.4710693359375,219.72361755371094,124.75279235839844,100.94731140136719,87.01148223876953,82.49710845947266,69.92497253417969,57.30724334716797,52.14334487915039,48.67124938964844,43.36079406738281,42.82744216918945,41.189144134521484,37.43416213989258,37.04335403442383,33.573631286621094,19720.548828125,71.67337036132812,44.20371627807617
755000,764992,17,3,249,209,0,47569.45703125,491.7659606933594,202.90904235839844,136.2420196533203,98.29459381103516,81.07872009277344,73.59663391113281,64.3175277709961,54.5196418762207,46.66901779174805,41.7513427734375,38.405723571777344,35.050025939941406,33.26780700683594,31.606470108032227,30.077430725097656,27.398366928100586,20029.578125,67.55840301513672,35.243309020996094
755000,764992,17,3,249,209,1,47589.6484375,486.9554748535156,207.79360961914062,139.9961700439453,100.34014892578125,79.41912078857422,72.64986419677734,68.97928619384766,55.03129196166992,48.8369026184082,44.273895263671875,41.60673141479492,37.34575271606445,36.560794830322266,33.77422332763672,31.845497131347656,28.563167572021484,20038.205078125,71.1646499633789,39.89011001586914
760000,770048,17,3,253,217,0,47789.421875,640.198486328125,335.7207336425781,148.01402282714844,121.42755126953125,87.37714385986328,80.28777313232422,64.53245544433594,63.014442443847656,51.712615966796875,44.89509963989258,42.676231384277344,38.06482696533203,36.388370513916016,35.0128288269043,33.623382568359375,30.629680633544922,20105.775390625,86.25685119628906,44.53915786743164
760000,770048,17,3,253,217,1,47775.1484375,639.8832397460938,328.9175720214844,148.8732452392578,117.25749206542969,81.08558654785156,75.76537322998047,60.71800231933594,57.11518859863281,47.916481018066406,45.4548454284668,41.206275939941406,37.015506744384766,35.522647857666016,32.82286071777344,31.477432250976562,30.525728225708008,20100.810546875,86.78639221191406,43.714454650878906
765000,775040,17,3,254,222,0,47176.1328125,498.7810363769531,204.35235595703125,155.51162719726562,111.29191589355469,82.06343078613281,67.26123046875,60.31312561035156,52.97555923461914,51.762882232666016,41.13623809814453,37.62517547607422,36.17321014404297,35.1333122253418,33.26129913330078,31.286001205444336,29.811140060424805,19870.66796875,73.64859771728516,39.54151153564453
765000,775040,17,3,254,222,1,47145.99609375,514.90576171875,207.89077758789062,138.41250610351562,121.61199188232422,85.31361389160156,72.94857025146484,67.23736572265625,58.725929260253906,49.30095672607422,43.556793212890625,37.396942138671875,37.15738296508789,34.279117584228516,33.02200698852539,31.76183319091797,27.77962303161621,19858.703125,72.83976745605469,37.935874938964844
770000,780032,17,3,251,215,0,47624.2734375,410.48785400390625,203.3294677734375,139.17498779296875,98.07649230957031,89.4166259765625,86.89615631103516,82.08822631835938,48.23348617553711,47.29251480102539,44.34421157836914,43.11072540283203,41.80598449707031,38.89482879638672,34.945064544677734,32.408103942871094,29.320472717285156,20037.765625,78.4731674194336,41.77833557128906
770000,780032,17,3,251,215,1,47632.15234375,413.5267639160156,201.3262481689453,136.23074340820312,99.42893981933594,86.91283416748047,84.78202819824219,78.7018051147461,50.05296325683594,48.04936599731445,45.176761627197266,40.722591400146484,38.17737579345703,36.82758331298828,34.3226318359375,31.72402000427246,29.974201202392578,20042.595703125,79.10162353515625,44.487449645996094
775000,785024,17,3,246,214,0,48213.82421875,386.46234130859375,189.4784698486328,120.02115631103516,100.13469696044922,80.35697174072266,67.83869934082031,59.13051986694336,45.87686538696289,42.08219528198242,39.9499626159668,39.013458251953125,35.44813919067383,34.53679656982422,33.87029266357422,31.473047256469727,29.251306533813477,20303.10546875,71.95154571533203,36.56562042236328
775000,785024,17,3,246,214,1,48222.15234375,388.2432556152344,190.68414306640625,118.73857116699219,96.05020141601562,77.623046875,65.65924072265625,57.842166900634766,49.2752571105957,45.02097702026367,42.1649284362793,40.23558044433594,36.71135711669922,34.36355972290039,31.23301887512207,29.67644500732422,29.277286529541016,20305.794921875,71.85582733154297,37.98945236206055
780000,790016,17,3,250,212,0,47404.50390625,460.4071960449219,197.2953338623047,141.71226501464844,109.42861938476562,82.79989624023438,80.41522216796875,73.00247192382812,51.81352615356445,45.18144226074219,43.12453079223633,39.44350814819336,38.44322204589844,35.93074035644531,33.1739616394043,31.82453155517578,29.102676391601562,19952.912109375,72.16256713867188,39.77394485473633
780000,790016,17,3,250,212,1,47427.08203125,460.73748779296875,201.4549102783203,138.63352966308594,102.55000305175781,85.2561264038086,82.6122817993164,71.72467041015625,48.97951126098633,45.07497024536133,43.382083892822266,42.407833099365234,36.239315032958984,35.723114013671875,34.674381256103516,29.61489486694336,28.151714324951172,19960.013671875,73.31616973876953,34.48451614379883
785000,795008,17,3,252,221,0,48374.21875,498.56707763671875,188.76834106445312,149.58518981933594,99.17359161376953,91.22096252441406,76.49656677246094,66.97859191894531,53.01887512207031,48.070579528808594,45.62841796875,43.052242279052734,39.090457916259766,36.95260238647461,33.40312194824219,32.50410079956055,28.545490264892578,20351.6796875,66.69924926757812,40.076473236083984
785000,795008,17,3,252,221,1,48395.296875,504.0835266113281,190.22808837890625,150.3316650390625,100.82154846191406,90.09970092773438,72.18572235107422,63.67584991455078,55.25423049926758,45.68130111694336,44.377620697021484,39.126312255859375,36.99128341674805,35.959754943847656,33.54489517211914,31.2763614654541,29.485408782958984,20360.86328125,70.9260025024414,36.225589752197266
790000,800000,17,3,251,215,0,49024.2265625,429.73077392578125,201.99365234375,140.5002899169922,98.5344467163086,78.97156524658203,75.96121978759766,70.67874908447266,52.402469635009766,44.417510986328125,43.2411003112793,39.00813674926758,37.691802978515625,35.36669158935547,33.70127868652344,32.38969421386719,29.7612361907959,20634.255859375,73.06995391845703,41.88076400756836
790000,800000,17,3,251,215,1,49064.02734375,429.3806457519531,201.37619018554688,145.155517578125,102.90758514404297,84.98749542236328,81.5755386352539,79.1147689819336,53.682071685791016,44.80024337768555,42.719322204589844,38.663108825683594,35.944210052490234,35.89867401123047,32.33015823364258,31.593189239501953,31.221237182617188,20651.705078125,74.62074279785156,41.40164566040039
795000,804992,17,3,251,216,0,48997.0390625,435.83013916015625,176.21383666992188,130.279541015625,97.72821807861328,77.55093383789062,70.39714050292969,66.7643814086914,50.82015609741211,44.22085189819336,43.94328308105469,40.545799255371094,38.990623474121094,35.23201370239258,31.14154815673828,30.245906829833984,27.5914363861084,20612.392578125,77.46847534179688,40.58056640625
795000,804992,17,3,251,216,1,49009.34375,429.9139709472656,174.97547912597656,127.78192901611328,95.79845428466797,76.7896499633789,65.64044189453125,63.170692443847656,47.75200653076172,42.96010971069336,40.571659088134766,38.01836013793945,37.42449188232422,33.590335845947266,31.891443252563477,28.50769805908203,26.447853088378906,20615.5703125,75.30855560302734,38.84392166137695
800000,810048,17,3,253,217,0,48709.93359375,485.190673828125,204.39483642578125,141.89187622070312,104.74241638183594,86.92626953125,69.91294860839844,59.248573303222656,52.86566162109375,46.16264724731445,41.292667388916016,38.782928466796875,36.74210739135742,35.04195785522461,34.07289505004883,30.94903564453125,27.223970413208008,20502.720703125,78.35370635986328,36.332603454589844
800000,810048,17,3,253,217,1,48731.93359375,484.3310546875,203.2064666748047,148.19436645507812,106.03995513916016,89.45899963378906,73.11491394042969,65.811279296875,51.8120231628418,47.437347412109375,42.98257064819336,38.22749328613281,36.345767974853516,34.87471389770508,34.10110092163086,32.274208068847656,29.598657608032227,20511.8984375,75.19466400146484,40.89179229736328
805000,815040,17,3,252,218,0,49003.328125,425.50750732421875,193.33778381347656,122.18152618408203,100.5140151977539,80.71212005615234,79.35771942138672,70.2501220703125,51.285316467285156,45.82217025756836,43.22907638549805,41.00477981567383,38.20768356323242,36.84946823120117,34.67723083496094,32.65034103393555,31.714479446411133,20612.521484375,78.51227569580078,45.385581970214844
805000,815040,17,3,252,218,1,48991.55078125,430.2466735839844,195.1676025390625,122.32014465332031,99.2958755493164,84.1494140625,77.57782745361328,67.67557525634766,51.54875183105469,45.864830017089844,43.038185119628906,41.897850036621094,41.069061279296875,39.59970474243164,37.46391677856445,34.23078155517578,32.30756378173828,20607.240234375,79.9061050415039,42.664833068847656
810000,820032,17,3,251,219,0,48973.359375,504.181640625,229.3428497314453,158.4327392578125,101.67701721191406,87.01947021484375,75.94998168945312,64.43701934814453,50.52705764770508,47.83897018432617,44.79207229614258,37.795963287353516,36.53215026855469,33.065635681152344,30.76321029663086,28.379623413085938,25.27522087097168,20610.9140625,64.10887145996094,31.570112228393555
810000,820032,17,3,251,219,1,48964.33984375,506.78009033203125,229.44204711914062,153.00828552246094,102.7047119140625,86.7055435180664,76.43112182617188,66.38803100585938,53.755592346191406,46.99452209472656,41.97283172607422,38.654052734375,33.64179611206055,32.69038391113281,31.190353393554688,30.516910552978516,26.009634017944336,20608.83984375,69.83216857910156,33.40213394165039
815000,825024,17,3,253,221,0,49681.125,470.5821533203125,223.37515258789062,148.592041015625,108.25233459472656,87.15900421142578,79.02191162109375,77.15290069580078,59.1046028137207,54.60208511352539,51.658164978027344,43.34440231323242,42.02400207519531,37.57817077636719,36.515953063964844,35.48435974121094,31.979137420654297,20877.796875,83.65103149414062,42.259796142578125
815000,825024,17,3,253,221,1,49666.3984375,465.96282958984375,218.1475067138672,145.95298767089844,105.94487762451172,88.69274139404297,85.84476470947266,82.54055786132812,59.67163848876953,54.07950210571289,49.78281021118164,44.2260856628418,42.8123779296875,41.52913284301758,36.033634185791016,33.95613098144531,33.675907135009766,20869.38671875,86.20874786376953,44.93256378173828
820000,830016,17,3,249,214,0,49106.66796875,435.1288757324219,206.22691345214844,143.188720703125,95.0693588256836,86.87876892089844,76.38311004638672,71.51092529296875,51.741310119628906,47.913909912109375,45.28181838989258,43.56208801269531,39.722206115722656,37.05668258666992,35.63987731933594,32.908164978027344,31.040380477905273,20643.826171875,89.0810317993164,45.48683166503906
820000,830016,17,3,249,214,1,49144.41796875,432.6714782714844,208.7877197265625,141.67361450195312,101.37368774414062,88.72069549560547,81.9185791015625,75.67813110351562,53.2786865234375,47.23699951171875,43.48591995239258,41.07231521606445,38.47601318359375,35.338993072509766,34.5855712890625,33.19070053100586,31.25787353515625,20659.572265625,87.72331237792969,40.76667022705078
825000,835008,17,3,254,216,0,49817.12890625,529.2835083007812,227.5764617919922,132.23248291015625,120.62078857421875,88.01543426513672,82.37516021728516,69.52812194824219,52.81517791748047,47.163856506347656,44.18471908569336,43.49144744873047,39.05625534057617,37.35362243652344,34.956966400146484,33.839664459228516,29.654447555541992,20979.802734375,79.53178405761719,42.386512756347656
825000,835008,17,3,254,216,1,49805.7734375,530.0892944335938,226.76564025878906,130.4339141845703,119.00592803955078,87.13984680175781,77.77425384521484,67.21957397460938,52.46451950073242,45.05903244018555,44.15739440917969,40.971004486083984,38.02141189575195,35.3392333984375,33.16328811645508,30.838571548461914,30.702531814575195,20973.099609375,78.64349365234375,44.666015625
830000,840000,17,3,253,226,0,49927.09765625,482.18438720703125,206.48741149902344,158.15377807617188,114.31209564208984,84.52217864990234,73.6043930053711,67.89324188232422,56.313682556152344,50.06807327270508,46.897274017333984,43.983985900878906,40.88663864135742,39.04428482055664,38.212215423583984,36.291053771972656,35.62561798095703,21018.115234375,82.9056396484375,43.084510803222656
830000,840000,17,3,253,226,1,49929.14453125,483.3757019042969,201.9233856201172,156.60195922851562,117.71446228027344,84.33202362060547,79.72322082519531,71.15702056884766,53.19511413574219,50.47798156738281,46.625091552734375,44.156829833984375,42.770565032958984,41.897945404052734,38.36886215209961,36.6316032409668,35.006683349609375,21018.119140625,84.97657775878906,43.33917236328125
835000,844992,17,3,251,214,0,49671.48046875,488.6834411621094,199.49954223632812,152.12950134277344,125.517578125,92.89991760253906,86.13606262207031,79.345703125,57.982452392578125,54.92858123779297,48.66612243652344,45.2470703125,41.304195404052734,40.70851135253906,34.802974700927734,32.62275695800781,31.206317901611328,20886.580078125,84.77092742919922,42.22502899169922
835000,844992,17,3,251,214,1,49691.4609375,495.3505859375,203.08377075195312,155.1808319091797,126.82734680175781,96.02835083007812,88.18630981445312,83.02265930175781,57.57113265991211,47.556495666503906,45.00920867919922,41.91801834106445,41.17755889892578,37.78459548950195,35.87019348144531,33.95270919799805,29.865676879882812,20894.48046875,82.92588806152344,43.49200439453125
840000,850048,17,3,252,225,0,50388.42578125,420.35467529296875,191.2095489501953,144.67764282226562,103.21746826171875,90.08143615722656,83.27362823486328,68.61576080322266,49.988956451416016,48.37686538696289,45.302974700927734,42.233970642089844,39.59995651245117,37.24625015258789,35.484947204589844,32.74862289428711,31.59178924560547,21193.587890625,73.91194152832031,42.14133071899414
840000,850048,17,3,252,225,1,50351.3359375,421.2861022949219,198.47752380371094,147.14874267578125,101.05875396728516,87.9277114868164,80.77027130126953,66.81366729736328,51.37591552734375,49.40505599975586,44.0120964050293,39.98460388183594,38.44171905517578,35.65870666503906,34.045413970947266,32.291656494140625,31.593822479248047,21176.658203125,73.45075988769531,38.43486404418945
845000,855040,17,3,251,219,0,49386.359375,438.8711242675781,174.3383026123047,138.83087158203125,109.81790161132812,89.03850555419922,74.28723907470703,60.34701919555664,49.042388916015625,44.46446990966797,41.51279067993164,37.99542999267578,36.111446380615234,34.906917572021484,33.819190979003906,29.766407012939453,28.44599151611328,20790.93359375,76.43535614013672,41.40292739868164
845000,855040,17,3,251,219,1,49394.80859375,437.1271057128906,172.55894470214844,138.5902099609375,107.06936645507812,92.89196014404297,76.61258697509766,60.2550163269043,51.98013687133789,44.343177795410156,39.76800537109375,38.78837966918945,36.78993225097656,34.546844482421875,32.44822311401367,31.05535316467285,30.065288543701172,20796.5078125,76.08338165283203,41.17444610595703
850000,860032,17,3,251,222,0,49959.67578125,743.13720703125,238.5565643310547,139.25198364257812,108.31283569335938,99.87510681152344,81.46168518066406,74.83362579345703,58.53400802612305,55.503517150878906,49.77806854248047,44.527565002441406,38.253265380859375,37.57676315307617,35.19274139404297,32.29833984375,29.634811401367188,21047.60546875,79.56037902832031,45.4654426574707
850000,860032,17,3,251,222,1,49966.30078125,717.627685546875,237.3921356201172,152.5870361328125,104.89018249511719,101.75735473632812,79.70293426513672,75.66596984863281,67.65000915527344,55.57026672363281,47.654052734375,43.431793212890625,39.87062454223633,37.74452209472656,36.5901985168457,32.65262222290039,30.673744201660156,21053.34765625,80.81340789794922,39.243560791015625
855000,865024,17,3,252,221,0,50305.61328125,463.4510803222656,212.037109375,144.73936462402344,114.29478454589844,97.90579986572266,80.95323944091797,71.43152618408203,66.10131072998047,49.905616760253906,48.080387115478516,45.4454345703125,44.04292297363281,40.19082260131836,36.644813537597656,34.6439208984375,33.042606353759766,21164.130859375,74.87371826171875,43.46021270751953
855000,865024,17,3,252,221,1,50305.8125,467.33099365234375,208.7290496826172,140.8058319091797,113.02839660644531,95.50910186767578,78.04027557373047,67.44999694824219,62.136905670166016,51.15482711791992,46.275489807128906,43.67073440551758,40.86540985107422,36.409847259521484,34.955528259277344,33.38407897949219,29.689664840698242,21164.525390625,71.6439208984375,41.36399841308594
860000,870016,17,3,250,208,0,50520.21875,475.24761962890625,211.9165496826172,140.37127685546875,105.2458267211914,89.27096557617188,77.28961944580078,68.5368423461914,52.61470413208008,45.2577018737793,43.127281188964844,40.94921875,37.901344299316406,36.00116729736328,34.38075256347656,32.957088470458984,32.633968353271484,21259.890625,75.82886505126953,39.663604736328125
860000,870016,17,3,250,208,1,50519.01953125,474.70306396484375,213.1884765625,139.0063018798828,106.71280670166016,83.00402069091797,74.13619232177734,69.67859649658203,53.860198974609375,44.019309997558594,39.801414489746094,38.00662612915039,36.66712951660156,35.265506744384766,32.768272399902344,30.9815731048584,29.03076171875,21260.84375,75.4574203491211,40.159244537353516
865000,875008,17,3,254,216,0,50596.41015625,512.4718627929688,196.37159729003906,137.49331665039062,99.52369689941406,86.97341918945312,74.81580352783203,62.19578552246094,53.27156448364258,45.4620361328125,38.930206298828125,36.78669738769531,35.70488739013672,35.01997756958008,32.89391326904297,28.86463165283203,28.753597259521484,21311.388671875,87.72135162353516,40.31818389892578
865000,875008,17,3,254,216,1,50570.1953125,512.3226928710938,206.1811065673828,141.9542999267578,106.71025085449219,91.2242202758789,77.76595306396484,69.4487075805664,54.89072036743164,45.467716217041016,44.48765563964844,40.9619140625,37.71095657348633,34.217559814453125,32.73844909667969,30.487489700317383,28.135149002075195,21302.26171875,95.03652954101562,45.51456832885742
870000,880000,17,3,252,218,0,51379.3203125,435.98004150390625,184.7529296875,141.03353881835938,106.83856964111328,90.14382934570312,80.77784729003906,73.18252563476562,54.28750991821289,49.14017868041992,47.40989303588867,43.31046676635742,39.166011810302734,36.98868179321289,33.433170318603516,31.37300682067871,29.23882293701172,21623.087890625,82.2095718383789,49.23261260986328
870000,880000,17,3,252,218,1,51362.73828125,439.5152587890625,188.16952514648438,146.98236083984375,108.91608428955078,94.3254623413086,87.83031463623047,76.91525268554688,55.04304504394531,51.18035125732422,46.61664581298828,41.838096618652344,38.77256393432617,37.32942199707031,35.742332458496094,33.85857391357422,29.26849365234375,21614.17578125,83.49334716796875,51.08742904663086
875000,884992,17,3,252,224,0,50383.69921875,443.8186340332031,209.10971069335938,129.99533081054688,106.16168212890625,87.73141479492188,74.11273193359375,70.0436019897461,53.19675827026367,48.424530029296875,42.71534729003906,40.22430419921875,37.437984466552734,35.127288818359375,32.02581024169922,31.433135986328125,27.36058235168457,21225.591796875,83.51077270507812,40.00788116455078
875000,884992,17,3,252,224,1,50371.46484375,445.9187927246094,208.7147674560547,131.35874938964844,107.2094497680664,86.0386734008789,69.92137145996094,67.80577087402344,57.28643035888672,50.8831787109375,43.45682907104492,42.68225860595703,37.15069580078125,37.045654296875,35.93145751953125,33.33161926269531,31.429800033569336,21219.60546875,81.5320816040039,43.9171028137207
880000,890048,17,3,250,223,0,51108.79296875,430.8328552246094,213.5652618408203,138.51123046875,98.44666290283203,85.33467864990234,70.3670883178711,65.20475006103516,51.835391998291016,47.13905715942383,43.778629302978516,41.651187896728516,38.798892974853516,35.45970153808594,34.68404006958008,33.854820251464844,31.200040817260742,21494.89453125,81.57770538330078,40.384700775146484
880000,890048,17,3,250,223,1,51089.40234375,428.8936767578125,212.69285583496094,137.75262451171875,97.96842193603516,84.71220397949219,67.35633850097656,61.91938400268555,52.9986686706543,51.418663024902344,42.29161834716797,40.22465515136719,39.76222610473633,37.755165100097656,33.770599365234375,32.73868942260742,30.707590103149414,21487.251953125,83.53276062011719,42.71095275878906
885000,895040,17,3,251,223,0,51288.73828125,424.1899719238281,212.99502563476562,141.86593627929688,105.09136962890625,88.91291809082031,83.43329620361328,74.87895202636719,55.839229583740234,47.566673278808594,45.81803894042969,41.342166900634766,39.44363784790039,35.538394927978516,32.90556716918945,31.04523468017578,28.6412410736084,21584.490234375,68.88497924804688,39.76759719848633
885000,895040,17,3,251,223,1,51325.51953125,426.3872985839844,211.9591827392578,142.4965057373047,105.03720092773438,94.49440002441406,87.14404296875,72.77017211914062,54.50701141357422,46.62912368774414,44.813350677490234,41.321720123291016,37.93387985229492,36.62388229370117,33.24492263793945,32.35750961303711,29.794384002685547,21601.220703125,67.72901153564453,43.96958541870117
890000,900032,17,3,251,219,0,51083.59375,439.3927917480469,215.82461547851562,142.97694396972656,119.11634826660156,97.33788299560547,72.57306671142578,67.6751937866211,65.8675537109375,53.458744049072266,47.66334533691406,44.10458755493164,41.21002960205078,39.129974365234375,36.826683044433594,32.57979202270508,30.59095001220703,21490.91796875,82.63611602783203,44.887264251708984
890000,900032,17,3,251,219,1,51084.55859375,439.4870910644531,212.21585083007812,138.30996704101562,115.32373809814453,95.80630493164062,79.46961975097656,70.90491485595703,62.715694427490234,53.7296142578125,48.7611083984375,45.15260314941406,39.78297424316406,37.292362213134766,35.9874153137207,33.66975784301758,28.53504753112793,21494.810546875,75.88934326171875,42.39631271362305
895000,905024,17,3,251,221,0,50531.27734375,1112.390869140625,212.39048767089844,146.2769317626953,107.00334167480469,94.4075698852539,81.2945556640625,70.82032775878906,56.30571365356445,52.49728012084961,45.0770263671875,41.963077545166016,39.25682830810547,36.95364761352539,35.175872802734375,33.44385528564453,30.275583267211914,21280.0859375,86.85169219970703,43.28786849975586
895000,905024,17,3,251,221,1,50534.10546875,1098.37451171875,216.7275390625,150.84222412109375,110.16397857666016,87.02545166015625,82.68057250976562,73.01319122314453,56.83164596557617,54.88856887817383,48.89745330810547,42.44134521484375,41.383636474609375,37.39006042480469,35.9174919128418,33.357418060302734,30.46885871887207,21276.20703125,83.42961120605469,47.14346694946289
900000,910016,17,3,252,221,0,51019.40625,464.048583984375,207.22161865234375,141.4506378173828,94.19103240966797,85.11842346191406,73.0606460571289,68.74595642089844,51.51924514770508,49.25875473022461,42.314361572265625,41.326507568359375,39.009742736816406,38.20974349975586,35.74885940551758,34.4713134765625,31.962059020996094,21477.669921875,70.92294311523438,40.3742790222168
900000,910016,17,3,252,221,1,50995.46875,462.7198486328125,202.30722045898438,140.58981323242188,94.89169311523438,85.29071044921875,81.12124633789062,78.4891586303711,50.31260299682617,43.793304443359375,39.897865295410156,39.07042694091797,37.583866119384766,33.63029479980469,32.2337760925293,28.361164093017578,28.054529190063477,21469.27734375,71.16388702392578,38.050270080566406
905000,915008,17,3,254,221,0,51786.41796875,475.4743957519531,227.7009735107422,154.0768280029297,117.53286743164062,93.11402130126953,83.61840057373047,66.92552185058594,54.42942810058594,54.078224182128906,43.59467315673828,42.277740478515625,40.66990661621094,40.506248474121094,38.00429153442383,37.47380065917969,35.34178924560547,21806.048828125,86.39732360839844,38.913063049316406
905000,915008,17,3,254,221,1,51786.1953125,473.4801940917969,223.3031005859375,153.24008178710938,118.02484130859375,99.03825378417969,85.98560333251953,74.30115509033203,56.929866790771484,52.5225944519043,46.66938781738281,44.84972381591797,41.73981475830078,39.63319778442383,39.055728912353516,37.67538070678711,33.13557815551758,21805.931640625,89.03736114501953,40.60569763183594
910000,920000,17,3,252,217,0,51003.69140625,574.1981201171875,211.33212280273438,148.97181701660156,107.07574462890625,94.88245391845703,79.30877685546875,63.28725051879883,54.71986770629883,48.81639099121094,46.99496841430664,44.64905548095703,42.07286071777344,38.97737121582031,38.646690368652344,37.30514907836914,32.89346694946289,21443.2734375,72.93628692626953,44.72221755981445
910000,920000,17,3,252,217,1,50999.76953125,573.7317504882812,210.33139038085938,151.02975463867188,105.97491455078125,91.5767822265625,73.72884368896484,63.282432556152344,51.76410675048828,47.297359466552734,43.95677947998047,42.88722610473633,41.10369110107422,38.72205352783203,35.38133239746094,33.228538513183594,30.543642044067383,21441.80078125,66.89073944091797,43.954437255859375
915000,924992,17,3,254,216,0,51213.2109375,435.5182800292969,188.29360961914062,145.9129638671875,101.77277374267578,91.00142669677734,76.69174194335938,75.63645935058594,58.30308532714844,45.812747955322266,44.703636169433594,39.7398796081543,37.968448638916016,35.76609420776367,34.0389404296875,30.58138656616211,28.019433975219727,21567.396484375,79.59194946289062,41.75370788574219
915000,924992,17,3,254,216,1,51238.8359375,434.7778015136719,193.30320739746094,154.3597869873047,111.5378646850586,93.92928314208984,75.10567474365234,72.7162857055664,64.54496765136719,50.94352340698242,46.81708908081055,45.667728424072266,40.8614501953125,39.44107437133789,36.7139892578125,34.335723876953125,30.81062889099121,21579.5390625,81.80754089355469,48.05975341796875
920000,930048,17,3,252,215,0,51132.5859375,463.4734802246094,228.04869079589844,143.23228454589844,122.51803588867188,98.49288177490234,88.42900085449219,73.74444580078125,58.59933853149414,47.243892669677734,46.571533203125,42.134281158447266,40.968238830566406,37.90035629272461,36.70349884033203,34.23270034790039,32.98146057128906,21535.74609375,79.59207916259766,48.40607833862305
920000,930048,17,3,252,215,1,51131.4765625,462.4379577636719,225.675537109375,145.47950744628906,117.87319946289062,94.44966125488281,82.18705749511719,69.96757507324219,53.20869445800781,48.897499084472656,44.21573257446289,40.23581314086914,39.607662200927734,38.7335090637207,36.37504959106445,33.13908004760742,31.775249481201172,21539.603515625,81.59378814697266,43.398895263671875
925000,935040,17,3,252,220,0,51916.5546875,452.82989501953125,217.72506713867188,161.8701629638672,120.55159759521484,108.11686706542969,92.05968475341797,85.39740753173828,58.59611892700195,49.0496940612793,46.23739242553711,43.69435119628906,41.68875503540039,40.16187286376953,38.87227249145508,34.650543212890625,32.850799560546875,21866.318359375,72.81865692138672,41.98054504394531
925000,935040,17,3,252,220,1,51846.99609375,447.0621643066406,218.22850036621094,164.65579223632812,116.9135971069336,108.51910400390625,92.01864624023438,84.5416030883789,60.206398010253906,51.28941345214844,47.627685546875,46.421749114990234,45.36125946044922,40.864837646484375,38.68763732910156,37.65481185913086,34.277591705322266,21835.962890625,77.87347412109375,43.27820587158203
930000,940032,17,3,250,220,0,50845.14453125,448.3921813964844,190.1881103515625,144.3737335205078,110.73831939697266,89.80204772949219,80.8092269897461,76.16487884521484,59.83094787597656,50.107749938964844,49.55834197998047,47.09471130371094,42.18663787841797,40.67594528198242,37.43068313598633,34.94530487060547,32.76913070678711,21429.1484375,81.95600891113281,45.697959899902344
930000,940032,17,3,250,220,1,50840.1875,452.9528503417969,186.39935302734375,138.6982879638672,108.01935577392578,81.56684112548828,75.74219512939453,74.7581787109375,56.07127380371094,51.007423400878906,43.49380874633789,42.168094635009766,39.828330993652344,38.13215255737305,37.31085205078125,33.08720397949219,32.1505012512207,21427.73828125,80.40495300292969,45.05672073364258
935000,945024,17,3,251,219,0,51895.3671875,480.22998046875,235.1785430908203,138.2761993408203,109.41728973388672,93.49215698242188,83.81593322753906,66.85840606689453,63.57950210571289,55.13230514526367,48.41899490356445,45.82157897949219,43.07819747924805,41.6456298828125,38.345726013183594,36.19987487792969,33.507774353027344,21841.552734375,111.28269958496094,54.53041076660156
935000,945024,17,3,251,219,1,51909.53515625,482.91864013671875,237.40155029296875,138.596923828125,111.41315460205078,106.62698364257812,85.8917007446289,75.35393524169922,63.8731575012207,49.587158203125,47.97000503540039,45.74348449707031,43.497066497802734,39.887611389160156,37.944488525390625,36.21870803833008,33.55803298950195,21847.072265625,119.08686065673828,48.5512580871582
940000,950016,17,3,252,219,0,52171.546875,562.2660522460938,235.6150360107422,158.76490783691406,124.84142303466797,94.06880950927734,85.44606018066406,63.28141403198242,59.78860092163086,49.530548095703125,46.768489837646484,43.577274322509766,40.82600021362305,38.67562484741211,37.880672454833984,31.00132942199707,30.387622833251953,21940.552734375,82.40909576416016,43.248165130615234
940000,950016,17,3,252,219,1,52163.72265625,560.6928100585938,230.07044982910156,155.1139373779297,123.70423126220703,97.48262786865234,84.68844604492188,68.56433868408203,62.732261657714844,48.6735954284668,45.504310607910156,44.250858306884766,41.29715347290039,39.47600555419922,37.77345275878906,32.658424377441406,31.742746353149414,21934.228515625,86.20658874511719,48.86818313598633
945000,955008,17,3,251,223,0,52191.94921875,475.920654296875,215.96571350097656,142.57516479492188,110.73851013183594,83.55827331542969,76.89844512939453,70.34681701660156,60.94171905517578,55.9221305847168,49.36402893066406,44.438018798828125,42.020416259765625,40.15208435058594,38.32695007324219,38.067684173583984,32.216888427734375,21946.322265625,69.77317810058594,39.119224548339844
945000,955008,17,3,251,223,1,52182.30078125,476.4101257324219,216.55474853515625,139.426513671875,109.81234741210938,84.20918273925781,81.22293853759766,71.44175720214844,58.83908462524414,54.77915573120117,48.57940673828125,45.39080810546875,42.069759368896484,40.43195724487305,37.746337890625,36.25023651123047,34.76313781738281,21944.2890625,69.25770568847656,38.549705505371094
950000,960000,17,3,253,218,0,51727.24609375,518.8214111328125,215.89947509765625,141.00450134277344,114.79659271240234,95.76392364501953,87.82083892822266,80.51339721679688,61.8010368347168,52.104042053222656,47.10662841796875,44.08797073364258,38.215354919433594,36.362205505371094,35.74126434326172,33.42414855957031,30.99930763244629,21790.798828125,78.26790618896484,39.78373336791992
950000,960000,17,3,253,218,1,51719.44921875,515.1387329101562,217.56024169921875,136.53936767578125,115.96269226074219,103.3255844116211,91.85908508300781,83.03150939941406,62.976863861083984,55.733036041259766,44.33106231689453,41.85110092163086,39.845340728759766,36.98880386352539,35.39911651611328,33.343910217285156,30.95035743713379,21787.244140625,81.09246826171875,45.100929260253906
955000,964992,17,3,252,224,0,53249.11328125,436.3321533203125,191.5355682373047,153.73602294921875,111.7186279296875,84.77066802978516,69.73088073730469,62.49211883544922,49.595829010009766,47.94670867919922,45.212913513183594,43.15343475341797,40.42218017578125,37.22575378417969,35.31565856933594,33.737709045410156,30.654205322265625,22401.935546875,76.7748794555664,46.64900588989258
955000,964992,17,3,252,224,1,53212.33203125,437.62982177734375,194.7162322998047,151.04977416992188,109.61771392822266,79.90850830078125,68.93497467041016,65.54444885253906,54.41537094116211,47.784759521484375,45.792259216308594,43.15788269042969,40.262962341308594,38.219383239746094,35.258358001708984,32.001888275146484,31.914318084716797,22383.865234375,77.24694061279297,46.749778747558594
960000,970048,17,3,251,224,0,52043.2734375,472.89984130859375,197.50140380859375,134.48399353027344,101.30303955078125,85.56340026855469,75.78822326660156,67.2307357788086,50.48542022705078,47.83399200439453,43.929073333740234,39.12104415893555,38.954097747802734,35.856048583984375,34.901058197021484,30.528573989868164,30.059736251831055,21882.75,77.060302734375,42.650203704833984
960000,970048,17,3,251,224,1,52039.84375,478.3939208984375,201.8740997314453,136.4912109375,101.34418487548828,86.76725769042969,76.55338287353516,75.64017486572266,51.94935989379883,45.86405563354492,44.627647399902344,41.061336517333984,35.337406158447266,33.69563674926758,30.114290237426758,28.65094566345215,27.623449325561523,21883.8828125,73.56327819824219,42.283870697021484
965000,975040,17,3,246,224,0,52204.03515625,459.2179870605469,217.7332305908203,125.7363510131836,97.9797134399414,90.2745132446289,82.09902954101562,73.60140991210938,55.48289108276367,50.331912994384766,47.495445251464844,44.3497428894043,40.82823181152344,39.43686294555664,35.99312210083008,33.214569091796875,31.798404693603516,21991.712890625,79.70103454589844,44.99755859375
965000,975040,17,3,246,224,1,52210.57421875,459.9125671386719,212.2117919921875,127.5622329711914,99.95643615722656,91.19992065429688,76.60337829589844,73.2895736694336,54.125370025634766,49.924354553222656,46.311187744140625,42.33536148071289,40.615726470947266,39.282752990722656,36.91088104248047,33.53351593017578,29.341440200805664,21994.583984375,81.61434936523438,41.28390121459961
970000,980032,17,3,253,223,0,52737.76953125,465.59185791015625,178.52528381347656,149.5005645751953,105.33707427978516,93.22162628173828,82.8039321899414,74.99805450439453,56.24581527709961,51.32132339477539,45.13378143310547,43.64055252075195,39.851619720458984,36.916316986083984,33.628238677978516,32.25898742675781,29.0965576171875,22203.001953125,69.19651794433594,38.11349105834961
970000,980032,17,3,253,223,1,52696.80078125,466.26885986328125,184.6678466796875,151.83834838867188,111.44324493408203,103.64818572998047,94.90327453613281,83.44174194335938,59.56964111328125,49.345298767089844,44.85438537597656,39.82714080810547,37.109561920166016,36.09879684448242,32.89365768432617,30.8870906829834,29.58920669555664,22186.046875,74.43058013916016,37.33424377441406
975000,985024,17,3,250,228,0,52269.33203125,478.3022766113281,236.49412536621094,149.66261291503906,123.74051666259766,101.29544830322266,87.91597747802734,77.93766021728516,55.2942008972168,50.12238311767578,45.9224853515625,42.159446716308594,38.1517333984375,36.945804595947266,36.552005767822266,33.14427947998047,30.250423431396484,21985.0625,78.81485748291016,44.57956314086914
975000,985024,17,3,250,228,1,52224.26953125,478.5826721191406,236.43788146972656,152.20651245117188,125.13545227050781,106.29737091064453,101.06338500976562,86.77488708496094,58.80139923095703,52.42750549316406,49.22108840942383,43.899330139160156,40.9124755859375,38.512977600097656,36.33940124511719,35.20787811279297,33.07826232910156,21966.19921875,83.33932495117188,47.28620529174805
980000,990016,17,3,251,213,0,52385.953125,465.7655029296875,204.982666015625,146.2790985107422,115.28304290771484,96.26300811767578,85.85411834716797,71.01570129394531,57.15309524536133,48.047935485839844,45.222023010253906,42.34575271606445,41.85681915283203,38.65984344482422,37.45526123046875,35.652835845947266,32.3370361328125,22038.8046875,78.11327362060547,45.8283805847168
980000,990016,17,3,251,213,1,52397.5546875,459.2752685546875,209.5946044921875,149.8375244140625,112.78541564941406,97.37760162353516,83.80675506591797,73.64996337890625,61.00851058959961,48.453121185302734,45.73659133911133,43.75491714477539,40.709205627441406,40.147239685058594,36.79047393798828,35.29609680175781,30.818105697631836,22046.845703125,78.53819274902344,44.155517578125
985000,995008,17,3,249,219,0,52725.27734375,469.4537048339844,212.28709411621094,138.7640838623047,111.8519515991211,105.41082763671875,92.85907745361328,87.322509765625,60.004886627197266,53.04423904418945,48.49951934814453,46.47705841064453,41.9141960144043,39.444091796875,37.667999267578125,36.115989685058594,30.27682876586914,22197.005859375,105.16888427734375,53.25889205932617
985000,995008,17,3,249,219,1,52726.41015625,469.4544982910156,209.8087921142578,145.74951171875,111.58924865722656,97.20071411132812,92.68763732910156,81.28392028808594,63.379920959472656,51.56198501586914,48.1105842590332,44.497352600097656,41.1842041015625,38.55729293823242,36.775169372558594,35.24306106567383,32.880428314208984,22198.572265625,115.63627624511719,62.676795959472656
990000,1000000,17,3,251,224,0,52490.625,574.67919921875,223.0637969970703,161.69349670410156,117.18031311035156,100.18359375,77.13683319091797,68.52635955810547,59.88949203491211,51.438541412353516,48.673641204833984,44.3923225402832,39.639888763427734,37.394378662109375,35.98145294189453,33.7979621887207,30.737634658813477,22118.2421875,69.9961929321289,49.52442169189453
990000,1000000,17,3,251,224,1,52461.765625,571.8933715820312,224.97674560546875,158.89816284179688,119.88742065429688,97.69292449951172,79.44831085205078,67.48687744140625,59.331787109375,50.553707122802734,45.938751220703125,42.888465881347656,42.377357482910156,40.84358596801758,38.17405319213867,35.20332717895508,32.24763870239258,22104.3359375,71.84229278564453,44.90296936035156
