grad_step,env_steps,window_len,penalty_len,n_windows,unique_eps,critic,sv_01,sv_02,sv_03,sv_04,sv_05,sv_06,sv_07,sv_08,sv_09,sv_10,sv_11,sv_12,sv_13,sv_14,sv_15,sv_16,sv_17,pen_sv_01,pen_sv_02,pen_sv_03,pen_sv_04,pen_sv_05,pen_sv_06,pen_sv_07,pen_sv_08,pen_sv_09
0,10001,17,9,251,10,0,8.514538764953613,4.509583950042725,4.38642692565918,4.275768280029297,4.046211242675781,3.956099510192871,3.9188549518585205,3.8404552936553955,3.700396776199341,3.533254623413086,3.448671579360962,3.4070472717285156,3.2422046661376953,3.103423833847046,2.966888427734375,2.542130708694458,2.33335280418396,6.459447383880615,4.349643230438232,3.985933542251587,3.8730812072753906,3.659214735031128,3.537083864212036,3.445528984069824,3.189432144165039,2.507869005203247
0,10001,17,9,251,10,1,12.224997520446777,4.137818336486816,4.0747575759887695,3.748991012573242,3.649998188018799,3.4905998706817627,3.417133331298828,3.4016780853271484,3.336118459701538,3.1902623176574707,3.1296660900115967,3.003678560256958,2.828233242034912,2.7480268478393555,2.671863555908203,2.547605514526367,2.361015558242798,9.101987838745117,3.9811758995056152,3.666534662246704,3.400269031524658,3.216320514678955,3.1394786834716797,3.075277805328369,2.878654956817627,2.7340619564056396
5000,15001,17,9,248,15,0,2143.94921875,66.39325714111328,39.79206848144531,32.22414779663086,26.27643394470215,22.659940719604492,21.907869338989258,17.598718643188477,14.451061248779297,14.05863094329834,12.641335487365723,12.52500057220459,11.408966064453125,10.558636665344238,9.836980819702148,9.322537422180176,8.666662216186523,1560.2557373046875,42.57312774658203,26.68836784362793,21.749540328979492,15.138006210327148,13.955057144165039,11.033182144165039,10.20733642578125,9.79715347290039
5000,15001,17,9,248,15,1,2150.13818359375,65.69551849365234,39.244083404541016,31.596466064453125,26.46251678466797,22.679147720336914,20.94127082824707,17.67983627319336,15.698451042175293,14.862865447998047,13.228292465209961,12.085810661315918,11.436652183532715,10.711910247802734,10.045727729797363,9.494762420654297,9.116772651672363,1564.1162109375,42.51057815551758,26.69292640686035,21.552589416503906,15.1621675491333,14.665599822998047,12.115989685058594,9.976555824279785,9.731093406677246
10000,20001,17,9,250,20,0,1943.6290283203125,64.90502166748047,45.55616760253906,31.283123016357422,25.608139038085938,23.520729064941406,20.941713333129883,17.798463821411133,14.352663040161133,14.044828414916992,12.086329460144043,10.93809700012207,10.567180633544922,9.399471282958984,9.165251731872559,8.778338432312012,8.323755264282227,1412.74462890625,42.13716125488281,26.052902221679688,22.208946228027344,16.181787490844727,13.009781837463379,10.630520820617676,10.283942222595215,8.736907958984375
10000,20001,17,9,250,20,1,1942.5994873046875,64.79447174072266,44.93791961669922,30.729232788085938,26.97101593017578,22.84248924255371,20.3176326751709,17.080074310302734,14.6117525100708,14.43328857421875,12.532803535461426,10.964971542358398,10.334405899047852,9.935676574707031,9.452190399169922,9.025788307189941,8.17831039428711,1411.896240234375,42.3273811340332,25.94223976135254,21.58995819091797,15.89181900024414,13.58193588256836,10.736878395080566,10.05565071105957,8.723461151123047
15000,25001,17,9,252,25,0,1236.3115234375,25.17947006225586,11.685558319091797,9.023582458496094,7.111512184143066,6.27979850769043,4.6203460693359375,4.383358955383301,4.069248676300049,3.338874578475952,3.2247793674468994,2.7593729496002197,2.4640254974365234,2.2265474796295166,2.0845985412597656,1.8448879718780518,1.6714506149291992,900.0093994140625,12.478547096252441,7.339666366577148,5.178939342498779,4.274577617645264,3.313323736190796,2.4456794261932373,2.1999008655548096,1.7944899797439575
15000,25001,17,9,252,25,1,1239.43408203125,24.93429946899414,11.939135551452637,8.871127128601074,6.986903667449951,6.426362037658691,5.040579795837402,4.427350997924805,4.185201168060303,3.6178016662597656,3.017707586288452,2.6044929027557373,2.446413040161133,2.2271432876586914,2.07405686378479,1.677699089050293,1.5376064777374268,902.0845947265625,12.831982612609863,7.162613391876221,5.425148963928223,4.418751239776611,3.1983821392059326,2.6173675060272217,2.1231179237365723,1.6130450963974
20000,30001,17,9,252,30,0,642.598876953125,18.235702514648438,8.472858428955078,6.242453575134277,5.2723002433776855,4.4468159675598145,3.493295431137085,3.3607096672058105,2.5926733016967773,2.2725727558135986,2.0396580696105957,1.7423068284988403,1.5985314846038818,1.3814395666122437,1.3264460563659668,1.2266626358032227,1.1238040924072266,468.08258056640625,9.353515625,5.750583171844482,3.666100263595581,2.6327338218688965,2.2117912769317627,1.7193621397018433,1.395853042602539,1.1401231288909912
20000,30001,17,9,252,30,1,640.9905395507812,17.88526725769043,8.221322059631348,6.116544723510742,5.217652320861816,4.164268493652344,3.366417407989502,3.0704452991485596,2.5748140811920166,2.385115623474121,1.9021016359329224,1.7060226202011108,1.5642062425613403,1.3442647457122803,1.2639319896697998,1.1837431192398071,1.1065764427185059,466.90887451171875,9.075909614562988,5.4235711097717285,3.492643356323242,2.553708791732788,2.1173744201660156,1.6590293645858765,1.3994426727294922,1.1490542888641357
25000,35001,17,9,254,35,0,240.17227172851562,14.454326629638672,8.706525802612305,5.865893840789795,5.298434734344482,4.31201171875,3.433931589126587,2.913930654525757,2.3972628116607666,2.128997564315796,1.8224843740463257,1.4015867710113525,1.2539182901382446,1.0248770713806152,0.9936038255691528,0.9281479120254517,0.8716601133346558,173.02500915527344,8.334776878356934,5.424775123596191,3.6671981811523438,2.5158426761627197,1.838370680809021,1.3388922214508057,1.1135337352752686,0.9337222576141357
25000,35001,17,9,254,35,1,240.44020080566406,14.310032844543457,8.59305191040039,5.721952438354492,5.010381698608398,4.246020317077637,3.3808329105377197,2.930906295776367,2.317032814025879,2.115973472595215,1.7042644023895264,1.3051106929779053,1.268813967704773,1.100900650024414,0.9865313768386841,0.9327616095542908,0.8483628630638123,173.43128967285156,8.334151268005371,5.259705543518066,3.609842300415039,2.534284830093384,1.724518060684204,1.2694764137268066,1.0678882598876953,0.9797759652137756
30000,40001,17,9,254,40,0,170.75369262695312,17.798555374145508,9.543661117553711,6.620491981506348,5.133753299713135,4.528769016265869,3.8482797145843506,3.171204090118408,2.3975040912628174,1.7407201528549194,1.6405564546585083,1.3104426860809326,1.2018868923187256,1.0938252210617065,0.9563726782798767,0.8872735500335693,0.7969653606414795,125.00656127929688,11.541261672973633,5.046939373016357,4.10705041885376,2.6650373935699463,1.7083700895309448,1.3080565929412842,1.0406509637832642,0.8360280990600586
30000,40001,17,9,254,40,1,171.82510375976562,17.488758087158203,9.614734649658203,6.508702754974365,5.182638645172119,4.571648120880127,3.866401433944702,3.3784475326538086,2.504805326461792,1.9172580242156982,1.7843875885009766,1.4387558698654175,1.1606976985931396,1.0233495235443115,0.9596751928329468,0.8499577045440674,0.8148221969604492,125.81814575195312,11.332138061523438,5.099134922027588,4.081902503967285,2.888275623321533,1.9473649263381958,1.3907403945922852,1.0111217498779297,0.9102760553359985
35000,45001,17,9,249,45,0,365.8336486816406,21.161195755004883,9.879270553588867,7.167325496673584,5.899848937988281,5.295223712921143,4.2661356925964355,3.4614996910095215,2.626613140106201,2.201340913772583,1.7966179847717285,1.4167752265930176,1.291980504989624,1.215158462524414,1.0586456060409546,1.000784158706665,0.8970405459403992,267.22467041015625,9.92872428894043,6.635897159576416,4.600004196166992,2.760183334350586,2.0952649116516113,1.389684796333313,1.225157380104065,0.9294031262397766
35000,45001,17,9,249,45,1,366.2301025390625,21.051406860351562,9.888379096984863,6.949061870574951,6.103366851806641,5.16922664642334,4.249528408050537,3.598071575164795,2.7096447944641113,2.246504306793213,1.8935635089874268,1.3558412790298462,1.1966073513031006,1.0906035900115967,1.0229649543762207,0.9453701376914978,0.8726912140846252,267.57855224609375,9.652517318725586,6.5410237312316895,4.752306938171387,2.8838319778442383,2.0651144981384277,1.3681328296661377,1.1067442893981934,0.896185040473938
40000,50001,17,9,253,50,0,549.9118041992188,20.129064559936523,10.54312515258789,8.28514575958252,6.313919544219971,5.3274922370910645,4.0636749267578125,3.4177048206329346,2.413795232772827,2.039642333984375,1.395921230316162,1.2989164590835571,1.2180057764053345,0.9181302785873413,0.8806303143501282,0.8572285175323486,0.7993648052215576,401.2066650390625,9.589885711669922,6.856359481811523,4.542766094207764,2.7822823524475098,1.9925270080566406,1.282179594039917,0.9424452185630798,0.8863115310668945
40000,50001,17,9,253,50,1,550.0029907226562,20.083974838256836,10.757328033447266,8.265877723693848,6.230874538421631,5.207604885101318,4.096612453460693,3.3659417629241943,2.6618528366088867,2.087038993835449,1.6211291551589966,1.3925625085830688,1.2813702821731567,1.056140422821045,0.911275327205658,0.8465455174446106,0.8190937042236328,401.1964111328125,9.55978775024414,6.736152648925781,4.616379737854004,2.8694489002227783,1.790400743484497,1.4637551307678223,1.0716346502304077,0.9032883048057556
45000,55001,17,9,251,55,0,659.1687622070312,23.098529815673828,13.2393159866333,9.526244163513184,6.782902717590332,6.150802135467529,4.256772994995117,3.215426206588745,2.4890127182006836,1.8929392099380493,1.818877935409546,1.52799391746521,1.1426573991775513,1.0493522882461548,1.0096642971038818,0.8478574156761169,0.699406623840332,480.645263671875,12.026808738708496,8.036277770996094,5.041469573974609,2.9118902683258057,1.8937771320343018,1.3663448095321655,1.0479042530059814,0.9200301170349121
45000,55001,17,9,251,55,1,660.0125732421875,23.034561157226562,13.141783714294434,9.096583366394043,6.516145706176758,5.685700416564941,4.221555709838867,3.351491928100586,2.642016887664795,1.846692442893982,1.7739238739013672,1.3427531719207764,1.1087726354599,1.0536832809448242,0.9233834147453308,0.8148895502090454,0.7369810938835144,481.1898498535156,12.197908401489258,7.580180644989014,4.849731922149658,2.95124888420105,1.8559255599975586,1.2725692987442017,0.9108707904815674,0.8106845021247864
50000,60001,17,9,252,59,0,756.2984008789062,21.970613479614258,12.990790367126465,8.038661003112793,6.530926704406738,6.199571132659912,4.909084320068359,3.253833293914795,2.833711862564087,1.7616877555847168,1.6626325845718384,1.473433494567871,1.1834741830825806,1.1016925573349,1.0076398849487305,0.9563707113265991,0.9059455990791321,551.0923461914062,14.626819610595703,6.654736518859863,5.180447578430176,2.8453640937805176,1.8446167707443237,1.3992919921875,1.1281569004058838,0.9787746071815491
50000,60001,17,9,252,59,1,757.31005859375,22.039710998535156,12.334671974182129,7.975979804992676,6.477025985717773,6.274590969085693,4.890194892883301,3.3378682136535645,2.781428337097168,1.8400356769561768,1.6015944480895996,1.5127508640289307,1.2253280878067017,1.1636215448379517,1.0347371101379395,1.0081971883773804,0.8138802647590637,551.815185546875,14.014238357543945,6.880197525024414,5.353405475616455,2.8944003582000732,1.9351352453231812,1.4586868286132812,1.1962031126022339,0.9926632642745972
55000,65001,17,9,251,64,0,815.2708129882812,26.1717586517334,18.072980880737305,7.386794090270996,6.666654109954834,6.244711875915527,4.632071018218994,3.162821054458618,2.578439474105835,1.8089827299118042,1.5567351579666138,1.2703449726104736,1.173958420753479,1.0309810638427734,0.8957012295722961,0.8752800226211548,0.8029206395149231,594.5693359375,16.630781173706055,6.83195161819458,4.545374870300293,3.353428840637207,1.7707668542861938,1.1661100387573242,1.0555156469345093,0.8998397588729858
55000,65001,17,9,251,64,1,816.5678100585938,26.462779998779297,18.232524871826172,7.128881454467773,6.555750370025635,6.407231330871582,4.3329057693481445,3.131999969482422,2.7802698612213135,2.06907320022583,1.6262390613555908,1.3447211980819702,1.265493392944336,1.1749591827392578,1.0529029369354248,0.9719126224517822,0.8981977105140686,595.6157836914062,16.3377628326416,6.888099193572998,4.257556915283203,3.2994210720062256,1.9749425649642944,1.2986016273498535,1.1129597425460815,0.9782773852348328
60000,70001,17,9,252,69,0,859.48095703125,39.80488967895508,17.265993118286133,10.624685287475586,7.444610595703125,6.8545074462890625,5.310313701629639,3.4044716358184814,2.6563973426818848,1.9589238166809082,1.6846457719802856,1.3963662385940552,1.1655300855636597,1.150109887123108,1.0258312225341797,0.9754050374031067,0.9061855673789978,628.3271484375,18.419231414794922,8.165191650390625,5.285270690917969,2.9915900230407715,1.8796390295028687,1.3902719020843506,1.1108134984970093,1.036757230758667
60000,70001,17,9,252,69,1,859.546142578125,39.55953598022461,17.402002334594727,10.558120727539062,7.316157817840576,6.948609352111816,5.12009334564209,3.595677614212036,2.754445791244507,2.047797441482544,1.7155762910842896,1.3994052410125732,1.2852004766464233,1.2314212322235107,1.1664291620254517,1.0976349115371704,0.9843505620956421,628.2940063476562,18.38629722595215,8.149137496948242,5.220455646514893,3.0319840908050537,1.9089921712875366,1.4697173833847046,1.204262375831604,1.069550633430481
65000,75001,17,9,252,70,0,893.2503051757812,46.21369171142578,17.884124755859375,9.053118705749512,8.621171951293945,7.798104763031006,5.008748531341553,3.586524486541748,2.6543681621551514,2.192387580871582,1.712578296661377,1.5608294010162354,1.427898645401001,1.2250421047210693,1.1011189222335815,0.9783840775489807,0.8774892687797546,651.7267456054688,20.454315185546875,9.476725578308105,5.903996467590332,3.372490406036377,2.159024477005005,1.5903881788253784,1.0990649461746216,0.973992645740509
65000,75001,17,9,252,70,1,892.989501953125,45.23907470703125,17.347362518310547,9.375782012939453,8.181249618530273,7.664434909820557,5.002923965454102,3.2708864212036133,2.581397771835327,2.2121365070343018,1.6774382591247559,1.418023943901062,1.1740202903747559,1.126790165901184,1.0387938022613525,0.9207836985588074,0.887307345867157,651.5345458984375,20.17409896850586,9.35472583770752,5.883124351501465,3.096466302871704,2.0785112380981445,1.4139680862426758,1.0490902662277222,0.9674100875854492
70000,80001,17,9,252,78,0,919.6569213867188,50.11627197265625,18.066795349121094,11.273343086242676,9.638900756835938,7.498529434204102,5.473560810089111,3.643300771713257,2.743112325668335,2.039442777633667,1.5909693241119385,1.3439048528671265,1.2856603860855103,1.1681814193725586,1.1245392560958862,0.8856492638587952,0.8378903865814209,671.11767578125,23.550357818603516,9.943825721740723,5.811508655548096,3.136615037918091,1.9946566820144653,1.393423318862915,1.2354384660720825,0.9528439044952393
70000,80001,17,9,252,78,1,918.4140014648438,49.85920715332031,18.322101593017578,10.905756950378418,9.459551811218262,7.8009934425354,5.596174240112305,3.383613109588623,2.5968546867370605,2.012148380279541,1.70529305934906,1.413216471672058,1.1741688251495361,1.0399041175842285,1.0245189666748047,0.8678845167160034,0.8596740365028381,670.2110595703125,23.491283416748047,9.926565170288086,6.219702243804932,2.9765732288360596,1.9339040517807007,1.2901873588562012,1.0722874402999878,0.933521032333374
75000,85001,17,9,253,81,0,980.6209106445312,33.67171859741211,12.71099853515625,11.549482345581055,8.379222869873047,7.231960296630859,5.482983112335205,2.9755191802978516,2.4075417518615723,2.0059494972229004,1.5438284873962402,1.2339293956756592,1.1723573207855225,1.0812609195709229,0.951034426689148,0.8899134397506714,0.8541274666786194,714.019287109375,17.04889488220215,9.840063095092773,5.493586540222168,2.787106990814209,1.7263140678405762,1.3027931451797485,1.0631455183029175,1.0003148317337036
75000,85001,17,9,253,81,1,980.1444702148438,34.19062042236328,12.725675582885742,11.646254539489746,8.405797958374023,7.500959873199463,5.593452453613281,2.9542555809020996,2.170449733734131,1.7658653259277344,1.578642725944519,1.2663055658340454,1.1749861240386963,1.092315435409546,1.0297038555145264,0.9471378922462463,0.9134615063667297,713.8558959960938,17.567646026611328,9.72021770477295,5.659498691558838,2.706772565841675,1.6373443603515625,1.3442986011505127,1.159963846206665,0.9644596576690674
80000,90001,17,9,251,86,0,983.5035400390625,36.30341720581055,19.510019302368164,10.890922546386719,9.70211124420166,8.106172561645508,5.382805347442627,3.683894395828247,2.214500665664673,1.8838328123092651,1.4398860931396484,1.226454734802246,1.1256473064422607,1.044489860534668,0.9433361291885376,0.9241576194763184,0.7849084138870239,717.800048828125,19.71692657470703,10.539457321166992,6.174078941345215,3.1675596237182617,1.7257338762283325,1.2459074258804321,1.046057939529419,0.9199903607368469
80000,90001,17,9,251,86,1,983.788330078125,36.007999420166016,20.004207611083984,11.117383003234863,9.601788520812988,8.274959564208984,5.620670318603516,3.440345525741577,2.2101707458496094,1.8728207349777222,1.6877825260162354,1.3497028350830078,1.2219583988189697,1.1963112354278564,1.001372218132019,0.9158814549446106,0.8538820743560791,718.0867919921875,20.087379455566406,10.61121940612793,6.489288330078125,2.995718002319336,1.9518976211547852,1.4468861818313599,1.1465786695480347,1.0005998611450195
85000,95001,17,9,254,90,0,992.6443481445312,37.012298583984375,18.701717376708984,10.979762077331543,9.383790016174316,7.911938190460205,5.352120399475098,3.326997995376587,2.194765329360962,1.7186665534973145,1.488747239112854,1.3158820867538452,1.1734474897384644,1.1151143312454224,0.9709306955337524,0.9082934856414795,0.8709436655044556,725.5296020507812,17.99250602722168,10.112815856933594,6.022593021392822,3.04940128326416,1.6961963176727295,1.2810498476028442,1.1837149858474731,0.960952639579773
85000,95001,17,9,254,90,1,993.1149291992188,37.177852630615234,18.672264099121094,10.885123252868652,9.326944351196289,8.489561080932617,5.897462844848633,3.3700082302093506,2.2231404781341553,1.9511878490447998,1.5670487880706787,1.4074119329452515,1.2048226594924927,1.1825294494628906,1.1322336196899414,1.0198442935943604,0.8631266355514526,725.8381958007812,17.57211685180664,10.238962173461914,6.439045429229736,3.2434749603271484,1.7646799087524414,1.263068675994873,1.137363314628601,1.0494931936264038
90000,100001,17,9,247,92,0,998.0991821289062,39.274566650390625,14.785223007202148,11.374568939208984,8.789175033569336,8.44162368774414,5.676400184631348,3.3827407360076904,2.1147046089172363,1.6585147380828857,1.4819972515106201,1.2770532369613647,1.1541106700897217,1.0657438039779663,0.9984369277954102,0.9403200149536133,0.8904805779457092,728.3809814453125,17.02376937866211,10.042553901672363,6.334234237670898,3.0725197792053223,1.5516608953475952,1.3437259197235107,1.0897645950317383,0.9974693655967712
90000,100001,17,9,247,92,1,996.818603515625,38.9300651550293,14.989850997924805,11.28992748260498,9.384909629821777,8.46057415008545,5.95451545715332,3.324026584625244,2.187403440475464,1.5746246576309204,1.53084397315979,1.3705575466156006,1.2384729385375977,1.1708534955978394,0.998708963394165,0.9516649842262268,0.879122793674469,727.4782104492188,17.065141677856445,9.596349716186523,6.455161094665527,2.9000396728515625,1.530839204788208,1.3673354387283325,1.1752467155456543,0.9903334975242615
95000,105001,17,9,254,97,0,1008.9227905273438,35.05341339111328,14.809004783630371,11.470787048339844,9.602313995361328,9.020052909851074,5.213730335235596,3.006955146789551,2.0298924446105957,1.802245020866394,1.4019322395324707,1.352083683013916,1.0962920188903809,1.0166324377059937,0.9529090523719788,0.8109915852546692,0.7928096055984497,735.798583984375,18.695619583129883,8.923576354980469,6.465803623199463,2.9076855182647705,1.682112216949463,1.2345999479293823,1.0509759187698364,0.9408223628997803
95000,105001,17,9,254,97,1,1008.054443359375,35.47511672973633,14.556687355041504,11.760043144226074,9.573753356933594,9.335531234741211,5.1796441078186035,3.1736974716186523,2.0167336463928223,1.898878574371338,1.377536416053772,1.2927876710891724,1.0785857439041138,1.0199172496795654,0.9414030909538269,0.7965609431266785,0.7547987103462219,735.07763671875,18.99329376220703,9.270633697509766,6.612907886505127,3.0063555240631104,1.723716378211975,1.2092818021774292,1.019377589225769,0.8264425992965698
100000,110001,17,9,255,95,0,988.6063842773438,57.80042266845703,18.437414169311523,12.627433776855469,10.233887672424316,9.558355331420898,5.996173858642578,3.930449962615967,2.3058321475982666,1.945654273033142,1.7979432344436646,1.4004380702972412,1.215129017829895,1.1957576274871826,1.0823997259140015,0.9198389053344727,0.8384605646133423,722.8483276367188,24.005285263061523,11.087068557739258,6.714911460876465,3.4099364280700684,1.9038752317428589,1.2361332178115845,1.109519362449646,1.0070505142211914
100000,110001,17,9,255,95,1,988.5335083007812,56.74946212768555,17.676170349121094,12.97718334197998,10.348885536193848,9.761396408081055,6.453139305114746,4.336021423339844,2.578939199447632,2.4517228603363037,1.96829354763031,1.6667436361312866,1.436017394065857,1.2891762256622314,1.2087339162826538,1.1079487800598145,1.0132991075515747,722.5942993164062,24.104076385498047,10.936836242675781,6.9812331199646,3.4337503910064697,2.314762830734253,1.4829400777816772,1.4161044359207153,1.070651650428772
105000,115001,17,9,252,98,0,985.3909301757812,42.32213592529297,17.813657760620117,13.00006103515625,10.426240921020508,8.935834884643555,6.167220115661621,3.691270112991333,3.2368736267089844,2.5860536098480225,1.8705195188522339,1.8286809921264648,1.492372989654541,1.3584489822387695,1.2790340185165405,1.2430126667022705,1.0952180624008179,718.1116333007812,22.045852661132812,11.147564888000488,7.516122341156006,2.973921298980713,2.078174591064453,1.7651982307434082,1.410505771636963,1.193004846572876
105000,115001,17,9,252,98,1,990.00244140625,42.87501525878906,17.58189582824707,13.36977481842041,10.603363037109375,9.55631160736084,6.4231390953063965,4.117587566375732,3.5481300354003906,2.6649270057678223,1.8409162759780884,1.6496795415878296,1.4553056955337524,1.3409379720687866,1.1899572610855103,1.105675220489502,0.9990395903587341,721.5261840820312,22.054140090942383,11.1242036819458,8.406227111816406,3.2602953910827637,2.020766019821167,1.4619187116622925,1.3933141231536865,1.1490081548690796
110000,120001,17,9,250,106,0,1003.8549194335938,79.2298583984375,27.711647033691406,20.232885360717773,10.951784133911133,9.691052436828613,7.804749011993408,5.298157215118408,3.623751401901245,2.877830982208252,2.621307373046875,2.3547539710998535,1.9350919723510742,1.6928893327713013,1.5915793180465698,1.3755743503570557,1.19140625,730.5326538085938,33.203853607177734,19.71870994567871,8.08704948425293,4.605580806732178,3.337259531021118,2.408536434173584,1.7631938457489014,1.4573614597320557
110000,120001,17,9,250,106,1,1005.5035400390625,78.85946655273438,28.48572540283203,19.322601318359375,10.882683753967285,9.351181983947754,6.561129093170166,5.413111686706543,3.089446783065796,2.7963685989379883,2.728701114654541,2.3997325897216797,2.262890100479126,1.6537917852401733,1.5166914463043213,1.4310526847839355,1.1998952627182007,731.7115478515625,34.086090087890625,19.211959838867188,7.609881401062012,4.699248313903809,2.8414011001586914,2.477240800857544,2.022348403930664,1.6499617099761963
115000,125001,17,9,251,108,0,1260.9261474609375,106.1473159790039,45.39142990112305,24.846139907836914,15.509612083435059,11.78518295288086,10.122509002685547,8.026973724365234,4.979259967803955,3.9818813800811768,3.6954805850982666,3.1683547496795654,2.779571771621704,2.551666498184204,2.43882155418396,2.2377853393554688,2.0767629146575928,912.88916015625,46.34281921386719,14.531752586364746,11.340514183044434,6.611551284790039,3.5922019481658936,2.827343702316284,2.5056955814361572,2.1944782733917236
115000,125001,17,9,251,108,1,1259.03173828125,106.40008544921875,44.98005294799805,24.580869674682617,15.745498657226562,10.919047355651855,9.824796676635742,7.665241241455078,5.477991580963135,4.311275482177734,4.073575496673584,3.4516994953155518,3.1281752586364746,2.6095480918884277,2.5325570106506348,2.13413143157959,2.0771257877349854,912.0140991210938,46.67359924316406,13.597945213317871,10.268177032470703,6.4384942054748535,3.5260822772979736,3.032564640045166,2.93876051902771,2.249199628829956
120000,130001,17,9,253,108,0,1677.83544921875,161.09506225585938,58.77246856689453,45.82590866088867,19.95467758178711,14.464147567749023,13.120502471923828,11.457612037658691,8.647933006286621,5.912939548492432,5.509915351867676,4.800577640533447,4.092512130737305,3.879852294921875,3.4189369678497314,2.8995866775512695,2.487025260925293,1221.576171875,65.5488510131836,31.476932525634766,12.708272933959961,8.83385944366455,5.625680923461914,4.944052219390869,3.611154556274414,3.2635676860809326
120000,130001,17,9,253,108,1,1678.9102783203125,161.8817901611328,58.2177734375,45.709842681884766,20.048738479614258,14.31202220916748,12.506708145141602,10.50515079498291,7.59951114654541,6.533910274505615,5.464051723480225,4.600815773010254,4.397869110107422,3.7868642807006836,3.6040608882904053,3.3630073070526123,2.814136505126953,1222.3526611328125,64.92533111572266,30.905319213867188,13.256457328796387,8.162445068359375,6.706569194793701,4.7794413566589355,4.223257064819336,3.644693613052368
125000,135001,17,9,251,114,0,2262.09521484375,220.95408630371094,66.06597137451172,48.9287109375,33.84323501586914,17.121715545654297,14.528768539428711,12.200054168701172,9.89452075958252,7.939848899841309,7.188222885131836,6.46988582611084,5.679535865783691,5.287167549133301,4.5190534591674805,4.1377272605896,3.599989891052246,1646.1612548828125,80.08617401123047,33.89308547973633,14.845185279846191,12.027117729187012,8.019899368286133,6.698747158050537,4.83464241027832,4.484090328216553
125000,135001,17,9,251,114,1,2262.302734375,220.4994659423828,67.51216888427734,50.29507064819336,34.632076263427734,16.64730453491211,14.517555236816406,12.399117469787598,9.089224815368652,8.04512882232666,6.601120948791504,5.775668621063232,5.141476154327393,4.7067952156066895,4.53508996963501,4.049516201019287,3.027304172515869,1645.0020751953125,80.05645751953125,34.33710861206055,14.331164360046387,10.054821014404297,6.959825038909912,6.746053695678711,4.254195690155029,3.868732213973999
130000,140001,17,9,251,117,0,2780.69287109375,235.09226989746094,78.0322265625,66.7139663696289,29.210264205932617,26.276565551757812,17.668001174926758,12.216775894165039,10.467000961303711,9.501198768615723,8.18061351776123,7.4397358894348145,6.140383243560791,5.642914295196533,5.358850479125977,4.724458694458008,4.152847766876221,1996.9346923828125,89.26256561279297,32.89090347290039,17.83390235900879,11.377276420593262,7.841267108917236,6.917224884033203,5.528162002563477,5.248387813568115
130000,140001,17,9,251,117,1,2782.84423828125,235.27734375,78.9031753540039,66.29792022705078,29.246288299560547,25.14807891845703,17.14457893371582,11.322463035583496,11.076699256896973,9.72592830657959,8.455031394958496,7.086904048919678,6.473499298095703,6.026484966278076,5.15831184387207,4.762047290802002,4.21441125869751,1998.930908203125,89.79258728027344,33.32854461669922,17.567096710205078,10.660003662109375,8.440755844116211,6.937440395355225,5.9145073890686035,5.364803791046143
135000,145001,17,9,255,121,0,3234.512939453125,185.17295837402344,80.61238098144531,54.19330978393555,27.760948181152344,25.061716079711914,20.185279846191406,16.217662811279297,11.025616645812988,9.389456748962402,8.818032264709473,8.495044708251953,7.71336555480957,6.752295970916748,5.645959377288818,5.5941948890686035,4.559935092926025,2341.23876953125,101.28389739990234,37.7530517578125,21.57279396057129,13.94223403930664,9.19879150390625,7.865762710571289,6.319294452667236,5.285216808319092
135000,145001,17,9,255,121,1,3230.408447265625,185.94717407226562,79.44935607910156,54.99932861328125,26.793848037719727,24.703716278076172,19.620777130126953,15.884328842163086,10.349689483642578,9.465963363647461,8.655123710632324,7.818023204803467,6.625097274780273,6.213231086730957,5.709495544433594,4.4972076416015625,4.270802021026611,2337.116455078125,102.53048706054688,37.95299530029297,20.877901077270508,14.047652244567871,10.365342140197754,7.596748352050781,6.074498176574707,5.745016574859619
140000,150001,17,9,253,124,0,4573.1083984375,243.5015869140625,121.28244018554688,57.770057678222656,41.29172134399414,28.455669403076172,22.479887008666992,20.45696449279785,14.356876373291016,11.611634254455566,9.158790588378906,8.670356750488281,7.355506896972656,7.080522060394287,6.534777641296387,6.281154632568359,5.668459415435791,3339.126220703125,106.47245025634766,42.15431213378906,24.350914001464844,15.797798156738281,12.360788345336914,7.748833179473877,7.218287944793701,6.09190559387207
140000,150001,17,9,253,124,1,4576.11279296875,243.11427307128906,119.342041015625,60.08700180053711,42.91027069091797,28.391786575317383,22.308921813964844,18.52370834350586,14.67202091217041,11.013139724731445,9.140758514404297,8.899192810058594,8.524950981140137,7.806128025054932,6.819468021392822,6.0242919921875,5.915266513824463,3341.71875,104.76905822753906,43.33251190185547,24.675750732421875,15.693427085876465,11.369895935058594,9.122398376464844,7.503145217895508,6.182074546813965
145000,155001,17,9,252,127,0,5801.16162109375,338.37078857421875,153.76882934570312,114.32483673095703,50.77068328857422,47.89604568481445,28.359167098999023,23.156414031982422,20.47540283203125,18.926681518554688,15.867027282714844,12.915313720703125,11.18211555480957,10.817952156066895,8.463456153869629,8.199589729309082,6.873405456542969,4222.0517578125,166.44248962402344,94.54029083251953,47.47695541381836,28.417360305786133,19.173574447631836,13.332725524902344,11.143146514892578,8.557363510131836
145000,155001,17,9,252,127,1,5797.232421875,338.9394226074219,151.29554748535156,114.11402130126953,48.53474044799805,46.29518508911133,29.505416870117188,24.428688049316406,20.534929275512695,20.409053802490234,15.472176551818848,13.709155082702637,11.834234237670898,10.719473838806152,9.840889930725098,8.633365631103516,7.489561080932617,4219.859375,162.98931884765625,95.05194091796875,45.227298736572266,29.29998207092285,20.124975204467773,14.295687675476074,12.377939224243164,10.328714370727539
150000,160001,17,9,253,124,0,6866.5712890625,342.22625732421875,131.4100799560547,79.0886459350586,57.391990661621094,37.91722869873047,34.1744499206543,28.230314254760742,24.97642707824707,17.071449279785156,14.895563125610352,13.167641639709473,12.552338600158691,10.943602561950684,10.436685562133789,9.331995010375977,8.446429252624512,4999.6083984375,155.27719116210938,59.829795837402344,33.64860916137695,23.811054229736328,15.683791160583496,13.384486198425293,11.107972145080566,9.942336082458496
150000,160001,17,9,253,124,1,6857.81884765625,342.0256042480469,132.3075408935547,81.56748962402344,59.95563888549805,38.36757278442383,32.714263916015625,28.456192016601562,25.84023666381836,18.804229736328125,14.59085464477539,13.804289817810059,13.195608139038086,11.082151412963867,10.507046699523926,10.113262176513672,8.342535018920898,4993.5859375,155.7042999267578,61.07744216918945,35.72034454345703,23.96381187438965,16.37982749938965,13.363080978393555,11.51621150970459,9.190994262695312
155000,165001,17,9,253,129,0,7827.71923828125,526.4285278320312,221.2806854248047,107.37178802490234,85.00342559814453,62.038822174072266,58.86203384399414,45.066062927246094,31.670846939086914,30.55301284790039,24.168893814086914,22.2852725982666,20.6867618560791,18.110275268554688,17.187185287475586,14.276976585388184,11.620781898498535,5663.0634765625,249.81553649902344,84.50164031982422,60.14305877685547,42.52667236328125,23.98196792602539,22.347564697265625,17.949819564819336,12.053180694580078
155000,165001,17,9,253,129,1,7825.01416015625,523.9730834960938,221.07632446289062,110.19172668457031,85.7561264038086,60.50828552246094,56.77606964111328,44.24663543701172,30.8538875579834,27.16766929626465,24.756168365478516,22.125444412231445,18.831768035888672,17.904926300048828,16.6347599029541,14.263437271118164,12.023748397827148,5662.51904296875,250.47509765625,86.25545501708984,58.206974029541016,41.97801971435547,24.99624252319336,20.50851821899414,18.09242820739746,14.210326194763184
160000,170001,17,9,251,131,0,8493.892578125,500.51446533203125,201.59588623046875,119.2541732788086,87.5079574584961,50.51092529296875,47.77311706542969,31.873844146728516,28.577341079711914,25.068439483642578,24.28877067565918,19.705459594726562,18.434106826782227,16.00798797607422,15.287345886230469,14.27931022644043,11.627460479736328,6169.24365234375,244.3531951904297,86.92718505859375,44.03986740112305,31.23487091064453,23.877498626708984,17.28909683227539,16.380901336669922,12.110383033752441
160000,170001,17,9,251,131,1,8499.705078125,495.24127197265625,201.96572875976562,119.79185485839844,89.25770568847656,50.67734909057617,45.938533782958984,33.6909065246582,29.996610641479492,25.93427085876465,23.165014266967773,19.85859489440918,17.17428970336914,15.82613468170166,14.768267631530762,14.459636688232422,10.971854209899902,6174.32958984375,244.70555114746094,89.58216094970703,43.74546432495117,31.620521545410156,23.6739501953125,17.67972755432129,15.515670776367188,12.123441696166992
165000,175001,17,9,252,128,0,9846.1669921875,448.1395568847656,214.21487426757812,130.54087829589844,77.54386901855469,43.990570068359375,41.84572982788086,32.916446685791016,30.626941680908203,25.907670974731445,25.588760375976562,20.73173713684082,19.423168182373047,17.297765731811523,15.770834922790527,13.17284107208252,11.763307571411133,7175.89697265625,199.71780395507812,71.08137512207031,42.57553482055664,29.033241271972656,26.36812973022461,21.21982765197754,16.087345123291016,14.056018829345703
165000,175001,17,9,252,128,1,9850.923828125,446.4633483886719,211.54421997070312,129.6808624267578,70.46760559082031,45.4570198059082,40.607521057128906,33.9649658203125,30.6483154296875,24.246822357177734,22.170316696166992,17.724576950073242,16.01447868347168,14.339771270751953,13.082405090332031,12.487518310546875,10.627633094787598,7179.49658203125,198.53334045410156,66.45811462402344,39.53445816040039,25.325077056884766,23.036909103393555,17.5040283203125,16.367555618286133,12.239912033081055
170000,180001,17,9,252,130,0,11274.7333984375,569.4288940429688,239.11521911621094,114.53638458251953,112.99523162841797,83.63553619384766,55.69329071044922,52.693382263183594,35.623634338378906,33.21434020996094,25.588905334472656,24.54132080078125,21.968643188476562,18.830665588378906,17.75749397277832,16.36884117126465,13.752099990844727,8224.2275390625,257.0489196777344,110.50623321533203,58.86986541748047,42.6851921081543,29.648916244506836,22.74898910522461,18.62620735168457,15.939482688903809
170000,180001,17,9,252,130,1,11281.86328125,570.3096313476562,240.59190368652344,114.67939758300781,108.93473815917969,86.44645690917969,58.47856521606445,50.11759567260742,36.769657135009766,30.982847213745117,26.112060546875,22.6210880279541,21.061603546142578,19.881296157836914,17.708595275878906,13.920951843261719,12.81737995147705,8229.724609375,257.01776123046875,106.4679946899414,63.92832946777344,45.36985778808594,29.880443572998047,21.87773323059082,17.70221710205078,14.155167579650879
175000,185001,17,9,246,139,0,12131.9921875,568.41748046875,177.5915985107422,126.81847381591797,94.06439971923828,69.24018859863281,62.792579650878906,56.863739013671875,36.33377456665039,31.82501792907715,27.015090942382812,24.846019744873047,22.701251983642578,22.117856979370117,19.562633514404297,17.437578201293945,15.840985298156738,8841.7470703125,206.85125732421875,95.22382354736328,58.56359100341797,46.95535659790039,27.883373260498047,25.810686111450195,23.281217575073242,18.61894989013672
175000,185001,17,9,246,139,1,12127.58984375,567.6787719726562,172.77838134765625,123.15827941894531,93.72071075439453,57.24802017211914,56.213218688964844,48.32534408569336,36.64095687866211,31.584806442260742,27.377731323242188,26.537118911743164,23.612565994262695,20.870532989501953,19.409210205078125,16.450361251831055,16.445247650146484,8838.705078125,202.82058715820312,95.5546875,53.68236541748047,40.50194549560547,29.402122497558594,25.597835540771484,21.06121253967285,18.591732025146484
180000,190001,17,9,252,143,0,12979.4404296875,499.15802001953125,192.1688995361328,106.42288970947266,76.88668823242188,63.042232513427734,51.21091842651367,42.89160919189453,32.42081069946289,27.62053871154785,25.25693130493164,22.055082321166992,19.1585693359375,18.81943130493164,18.07264518737793,15.680074691772461,13.493477821350098,9457.154296875,252.79092407226562,80.79920959472656,51.44406509399414,35.63790512084961,28.405683517456055,23.96319007873535,18.647232055664062,15.572467803955078
180000,190001,17,9,252,143,1,12989.63671875,502.6721496582031,188.5893096923828,107.79740905761719,79.78013610839844,64.96159362792969,52.65776062011719,42.88612747192383,35.55292892456055,29.86042594909668,26.254987716674805,23.993173599243164,22.591230392456055,19.246410369873047,18.80221939086914,16.8338680267334,14.505112648010254,9465.7578125,250.8448944091797,85.3732681274414,57.757957458496094,36.04136657714844,32.006683349609375,24.43414878845215,20.506439208984375,16.63577651977539
185000,195001,17,9,252,137,0,14229.0791015625,599.5892333984375,200.4434051513672,123.13389587402344,117.912353515625,74.59269714355469,51.1702766418457,46.118350982666016,36.49095916748047,32.968143463134766,28.197771072387695,25.742067337036133,22.870235443115234,20.50341033935547,19.330575942993164,17.801895141601562,15.553670883178711,10336.39453125,276.403076171875,123.01718139648438,59.25849533081055,45.40245819091797,25.964765548706055,24.991003036499023,20.768335342407227,18.222713470458984
185000,195001,17,9,252,137,1,14232.408203125,601.9526977539062,204.3558349609375,121.40241241455078,114.68392944335938,74.17134857177734,52.11781692504883,47.993995666503906,37.051841735839844,35.19108200073242,29.926681518554688,26.5203800201416,23.083227157592773,21.61672019958496,20.65960693359375,16.856138229370117,14.639472961425781,10340.6923828125,281.595458984375,120.12127685546875,63.96600341796875,47.07432556152344,27.750898361206055,26.064655303955078,19.913875579833984,16.179119110107422
190000,200001,17,9,253,143,0,14089.708984375,516.5759887695312,221.01345825195312,171.91915893554688,110.96217346191406,64.15837097167969,57.19268035888672,48.72673416137695,40.82493591308594,33.710227966308594,31.705896377563477,29.71433448791504,26.863502502441406,24.571535110473633,21.867372512817383,17.877277374267578,17.664363861083984,10248.7578125,190.98985290527344,87.08763885498047,56.10197067260742,40.89052963256836,32.39946365356445,29.44658851623535,23.148168563842773,21.28398323059082
190000,200001,17,9,253,143,1,14089.28515625,517.2079467773438,223.71377563476562,174.04803466796875,112.14266967773438,68.38798522949219,59.66389083862305,51.135223388671875,40.91693115234375,35.89139175415039,31.753204345703125,27.54945945739746,25.028409957885742,23.49557113647461,22.351009368896484,21.658279418945312,16.940975189208984,10247.5361328125,190.98446655273438,88.46479797363281,58.954627990722656,43.73080825805664,29.7590389251709,25.37283706665039,23.93012237548828,22.043537139892578
195000,205001,17,9,254,147,0,17046.619140625,466.5674133300781,223.36231994628906,153.18441772460938,113.66230773925781,79.4711685180664,62.64405822753906,54.82198715209961,47.416282653808594,38.04084014892578,34.41813659667969,29.050661087036133,28.445724487304688,25.105342864990234,23.831008911132812,21.011747360229492,18.463598251342773,12399.1455078125,270.389404296875,136.8550567626953,69.71717834472656,48.37611770629883,34.75115203857422,27.783994674682617,25.134483337402344,20.89211082458496
195000,205001,17,9,254,147,1,17022.00390625,459.1833190917969,222.60794067382812,152.00640869140625,116.80348205566406,77.084228515625,62.04845428466797,57.23554992675781,44.723609924316406,39.83952331542969,37.02511215209961,27.137939453125,25.353294372558594,23.243650436401367,21.88292121887207,20.192188262939453,16.27520751953125,12380.9580078125,261.1115417480469,137.07542419433594,66.61570739746094,48.15309524536133,38.741825103759766,24.308073043823242,22.03854751586914,17.170698165893555
200000,210001,17,9,250,151,0,16286.890625,401.013671875,185.8600311279297,117.49906921386719,75.11415100097656,57.86491012573242,51.063724517822266,35.4518928527832,32.60497283935547,27.996234893798828,24.889545440673828,20.455110549926758,19.118154525756836,18.870546340942383,14.64699649810791,13.926124572753906,11.26544189453125,11860.251953125,174.81924438476562,91.62962341308594,47.36402130126953,33.93950271606445,22.30311393737793,20.303279876708984,16.29131317138672,12.539607048034668
200000,210001,17,9,250,151,1,16279.466796875,399.8540954589844,184.86776733398438,116.4654769897461,76.82854461669922,57.31110382080078,48.71751403808594,35.37819290161133,31.423917770385742,29.2036190032959,24.551959991455078,21.85266876220703,19.000818252563477,18.381826400756836,17.33904266357422,13.592161178588867,11.686997413635254,11854.556640625,176.8533935546875,89.66957092285156,45.33659362792969,31.854955673217773,23.9241943359375,19.00342559814453,15.800285339355469,12.588841438293457
205000,215001,17,9,251,141,0,18670.462890625,622.9638061523438,203.84719848632812,107.57411193847656,94.578857421875,84.57382202148438,65.78553009033203,53.70590591430664,45.32280349731445,37.39642333984375,34.8556022644043,30.146825790405273,28.650014877319336,26.23235511779785,23.612089157104492,22.456899642944336,20.249048233032227,13593.62109375,261.5028991699219,93.98225402832031,68.27449798583984,49.08314895629883,32.283756256103516,29.899534225463867,24.158559799194336,23.623098373413086
205000,215001,17,9,251,141,1,18693.81640625,626.9442138671875,197.23236083984375,103.60415649414062,92.124267578125,81.79664611816406,61.183658599853516,50.961734771728516,40.81254959106445,39.204261779785156,32.29241943359375,30.06241798400879,27.91053581237793,24.32120132446289,21.637252807617188,20.854276657104492,16.658336639404297,13610.2509765625,264.2999572753906,85.66670989990234,62.4567756652832,43.56059265136719,32.11127853393555,27.869606018066406,25.665266036987305,20.386985778808594
210000,220001,17,9,253,155,0,18458.54296875,766.3577270507812,249.622802734375,176.3099365234375,110.8174819946289,78.04402160644531,63.26715850830078,57.708465576171875,44.83015060424805,40.931270599365234,33.50031280517578,32.407020568847656,26.826875686645508,24.550273895263672,22.841596603393555,18.8786678314209,16.625532150268555,13423.578125,275.0864562988281,154.67758178710938,77.50439453125,55.1444091796875,40.64027404785156,34.087162017822266,29.07356071472168,19.36692237854004
210000,220001,17,9,253,155,1,18463.169921875,766.043212890625,247.03424072265625,176.66900634765625,113.96454620361328,75.0036392211914,58.58674621582031,50.54770278930664,42.51597213745117,36.398162841796875,31.150157928466797,27.29198455810547,26.605051040649414,22.55160903930664,20.732872009277344,17.706256866455078,17.411876678466797,13427.099609375,274.9906921386719,156.15794372558594,78.72479248046875,50.836177825927734,34.9332389831543,26.912729263305664,26.053272247314453,18.892122268676758
215000,225001,17,9,252,152,0,17229.466796875,392.1964416503906,173.72250366210938,102.90119171142578,70.02898406982422,58.466461181640625,51.31159210205078,42.36103439331055,35.05723190307617,33.47900390625,30.51053237915039,27.75449562072754,25.463306427001953,23.146604537963867,20.44503402709961,19.992069244384766,16.0963191986084,12546.3408203125,178.4092254638672,78.4305648803711,50.56538391113281,40.036521911621094,34.08560562133789,29.978425979614258,24.769681930541992,20.317251205444336
215000,225001,17,9,252,152,1,17215.173828125,393.3807373046875,178.08172607421875,103.37197875976562,75.75520324707031,61.5666389465332,54.289310455322266,47.50172424316406,36.310428619384766,34.830360412597656,31.241291046142578,28.721750259399414,26.943941116333008,25.703453063964844,21.450511932373047,17.91143226623535,16.02631950378418,12536.8408203125,184.05612182617188,81.49420166015625,54.272979736328125,44.68466567993164,36.82999801635742,28.54277992248535,26.806596755981445,23.41097640991211
220000,230001,17,9,254,148,0,17423.0859375,798.71142578125,263.7751159667969,164.34686279296875,106.26123809814453,70.87581634521484,60.22119903564453,49.56882095336914,43.48173904418945,33.914432525634766,27.98999786376953,25.259117126464844,23.209577560424805,21.098529815673828,19.81671142578125,17.443115234375,12.618371963500977,12649.5400390625,277.5082702636719,93.18846130371094,59.389163970947266,40.95322799682617,26.562891006469727,24.42115020751953,20.431142807006836,15.000544548034668
220000,230001,17,9,254,148,1,17415.671875,801.4130249023438,260.39337158203125,167.43190002441406,102.65929412841797,77.5417709350586,59.760643005371094,47.18415832519531,41.61188888549805,33.48161315917969,27.374849319458008,25.990123748779297,24.518835067749023,21.01827621459961,18.681058883666992,16.559810638427734,15.161246299743652,12643.6123046875,275.0517578125,92.79802703857422,57.40324020385742,41.03022766113281,26.090808868408203,22.58943748474121,20.680051803588867,16.975290298461914
225000,235001,17,9,251,152,0,19140.439453125,609.641357421875,200.1608123779297,114.8541259765625,80.49696350097656,64.28528594970703,51.849586486816406,42.46181106567383,38.40658187866211,32.16445541381836,28.62872314453125,22.518171310424805,21.716915130615234,19.591337203979492,17.651840209960938,16.811809539794922,15.513473510742188,13920.0703125,358.1223449707031,107.29003143310547,62.355167388916016,45.84170150756836,31.86174964904785,23.402950286865234,19.242977142333984,16.069128036499023
225000,235001,17,9,251,152,1,19123.333984375,606.3150634765625,203.837158203125,114.58806610107422,81.84488677978516,65.33760070800781,47.800716400146484,45.99714660644531,37.97146224975586,30.75192642211914,27.372238159179688,24.141653060913086,22.52691078186035,20.375747680664062,19.2841796875,18.316667556762695,14.203765869140625,13905.537109375,358.8284912109375,107.15766906738281,64.40316772460938,41.63068771362305,30.651512145996094,24.818445205688477,21.353439331054688,18.580400466918945
230000,240001,17,9,254,153,0,20312.224609375,688.341064453125,292.5660400390625,148.56312561035156,96.49539947509766,73.70085906982422,50.93528747558594,50.04639434814453,41.89522171020508,33.19468307495117,28.55206298828125,23.574726104736328,21.648319244384766,20.661632537841797,18.81305694580078,17.045330047607422,16.156129837036133,14791.498046875,291.4754943847656,126.66177368164062,59.12579345703125,42.58256912231445,41.940895080566406,26.212440490722656,19.605337142944336,17.330909729003906
230000,240001,17,9,254,153,1,20303.453125,690.6834716796875,289.40643310546875,142.3802947998047,95.32121276855469,75.58609008789062,46.79813766479492,42.001121520996094,36.046966552734375,35.24952697753906,29.055402755737305,26.355398178100586,23.98163414001465,23.713478088378906,20.621288299560547,18.96586799621582,16.837234497070312,14783.52734375,278.5062561035156,118.68623352050781,57.07069778442383,39.194541931152344,34.069217681884766,25.221729278564453,20.611032485961914,17.936904907226562
235000,245001,17,9,249,150,0,20370.814453125,536.1864624023438,223.2701873779297,141.72943115234375,99.98208618164062,68.7333755493164,62.67334747314453,48.304683685302734,37.853389739990234,31.155054092407227,30.054370880126953,27.99778938293457,24.829011917114258,23.388418197631836,19.228008270263672,16.634687423706055,14.38607406616211,14797.3427734375,233.07640075683594,98.00818634033203,62.58818435668945,45.19218826293945,28.38355255126953,25.86690902709961,24.351303100585938,18.968433380126953
235000,245001,17,9,249,150,1,20374.994140625,534.5615844726562,225.62635803222656,145.058837890625,99.68975067138672,74.60848236083984,66.1280746459961,49.52180480957031,34.007808685302734,31.957605361938477,29.973735809326172,26.623655319213867,24.119781494140625,22.964366912841797,20.88507843017578,17.841346740722656,15.651461601257324,14800.736328125,235.3897247314453,98.08573913574219,62.18620300292969,46.95166778564453,30.291757583618164,26.544384002685547,24.37745475769043,20.875343322753906
240000,250001,17,9,254,162,0,19957.513671875,355.03802490234375,161.28277587890625,107.71727752685547,79.12107849121094,55.98746109008789,48.627967834472656,39.035675048828125,34.03008270263672,26.663602828979492,24.836292266845703,22.36033821105957,20.599313735961914,18.620450973510742,17.3378849029541,15.923592567443848,15.218852043151855,14543.556640625,169.66171264648438,93.8309555053711,55.79341506958008,37.900848388671875,29.45273780822754,21.615259170532227,18.569002151489258,16.316104888916016
240000,250001,17,9,254,162,1,19961.38671875,352.36883544921875,159.48495483398438,104.22322845458984,79.94583892822266,57.74471664428711,47.2797737121582,35.76814270019531,33.55366134643555,24.547483444213867,23.598289489746094,22.626527786254883,21.556814193725586,20.79195785522461,17.667417526245117,16.63382339477539,15.837162017822266,14545.0908203125,166.0386505126953,89.43440246582031,55.48097229003906,35.70647430419922,27.777856826782227,21.44493865966797,21.000526428222656,17.05843162536621
245000,255001,17,9,248,171,0,18984.830078125,935.5169677734375,369.3316955566406,127.68521118164062,93.51463317871094,77.23831176757812,56.47810363769531,38.18790817260742,35.30229568481445,27.730817794799805,25.02850341796875,22.270458221435547,19.6302547454834,18.229690551757812,16.211999893188477,14.309322357177734,13.749582290649414,13780.75,424.0662841796875,123.23699951171875,57.995933532714844,44.9582405090332,28.34434700012207,25.134727478027344,18.62444496154785,14.989480972290039
245000,255001,17,9,248,171,1,18997.642578125,929.181884765625,367.28375244140625,115.21075439453125,86.8267822265625,69.92768859863281,48.82978057861328,38.51414108276367,32.14970397949219,27.171072006225586,23.30231285095215,22.68379783630371,20.730560302734375,19.090078353881836,17.486434936523438,15.716133117675781,13.303399085998535,13790.3740234375,419.77117919921875,110.98063659667969,46.983497619628906,41.23664855957031,25.34419059753418,21.932140350341797,20.337261199951172,16.522851943969727
250000,260001,17,9,252,163,0,19080.951171875,623.8626708984375,227.78848266601562,115.66055297851562,95.77871704101562,71.2345199584961,52.6264762878418,47.66522216796875,37.022239685058594,31.719791412353516,29.541147232055664,26.482553482055664,23.1566104888916,22.21120262145996,19.70560646057129,17.107221603393555,14.928995132446289,13880.140625,200.6800537109375,91.80335235595703,60.805946350097656,36.48874282836914,29.39055633544922,22.794315338134766,17.292938232421875,16.689647674560547
250000,260001,17,9,252,163,1,19093.47265625,625.1323852539062,228.90878295898438,115.23104095458984,89.52310180664062,65.28960418701172,50.0546989440918,42.531497955322266,32.59947204589844,29.498302459716797,26.82863426208496,24.411134719848633,22.23093605041504,20.88463592529297,19.31003761291504,17.797822952270508,14.778261184692383,13892.23046875,198.0466766357422,86.14847564697266,55.860538482666016,33.57622146606445,27.47758674621582,21.888586044311523,20.358625411987305,16.258317947387695
255000,265001,17,9,251,157,0,20139.0546875,759.1226806640625,256.22271728515625,116.14302062988281,101.1548843383789,77.01639556884766,61.33395004272461,52.274742126464844,38.019683837890625,31.014123916625977,27.695241928100586,25.749452590942383,23.957963943481445,19.40337371826172,18.28561782836914,17.20090103149414,16.397090911865234,14675.7197265625,345.6183166503906,97.92031860351562,71.1044921875,50.67972183227539,29.98358154296875,24.474262237548828,19.91893768310547,17.752727508544922
255000,265001,17,9,251,157,1,20128.125,758.246337890625,261.661865234375,116.34602355957031,97.3295669555664,62.53343963623047,55.939144134521484,48.06203079223633,38.79658508300781,31.722501754760742,28.719146728515625,26.05045509338379,23.46564483642578,21.85553550720215,18.65787696838379,18.484769821166992,15.048561096191406,14667.79296875,348.5140380859375,91.35284423828125,60.61053466796875,44.78612518310547,30.4337100982666,25.20182228088379,23.39090919494629,18.726022720336914
260000,270001,17,9,252,170,0,19956.61328125,458.7393493652344,245.3015594482422,125.52022552490234,81.86793518066406,65.63013458251953,54.797569274902344,48.11076354980469,35.6161003112793,33.19160079956055,26.596418380737305,23.46756935119629,21.968538284301758,20.033641815185547,18.877416610717773,17.247934341430664,14.752869606018066,14531.595703125,315.1416931152344,71.57259368896484,55.359310150146484,41.975738525390625,33.98676681518555,25.342166900634766,20.84795379638672,17.634479522705078
260000,270001,17,9,252,170,1,19968.826171875,458.942626953125,245.80319213867188,125.80091094970703,83.77568817138672,67.20134735107422,54.72625732421875,48.938419342041016,41.91011047363281,32.20374298095703,28.50443458557129,25.974069595336914,21.67015266418457,19.793041229248047,19.144655227661133,17.658483505249023,16.6085262298584,14540.634765625,315.55462646484375,71.0027084350586,54.298789978027344,45.46759033203125,38.155113220214844,25.332242965698242,21.528818130493164,19.960493087768555
265000,275001,17,9,251,161,0,19994.75,405.1038818359375,178.31549072265625,105.85855102539062,74.04166412353516,50.820926666259766,39.757972717285156,35.66078186035156,30.412946701049805,27.744997024536133,23.697551727294922,21.77855110168457,19.831087112426758,18.727903366088867,15.677813529968262,13.841802597045898,12.094825744628906,14572.2783203125,163.59205627441406,67.1196060180664,41.548789978027344,30.2860050201416,28.301706314086914,20.149065017700195,19.370025634765625,15.771621704101562
265000,275001,17,9,251,161,1,20007.849609375,400.8028869628906,180.55555725097656,109.32118225097656,76.17838287353516,52.771446228027344,44.742610931396484,38.782188415527344,30.852432250976562,27.604862213134766,26.65172576904297,25.8598690032959,23.08423614501953,20.946861267089844,18.322235107421875,17.89371109008789,15.835630416870117,14581.125,166.51052856445312,69.79501342773438,44.554222106933594,35.819427490234375,30.118013381958008,23.891324996948242,23.13654327392578,18.399791717529297
270000,280001,17,9,250,167,0,20361.349609375,571.0289306640625,205.8838653564453,97.64754486083984,69.56477355957031,50.71541213989258,43.93833923339844,38.294342041015625,26.32114028930664,25.633747100830078,22.505138397216797,21.210796356201172,20.61641502380371,18.77483367919922,16.584794998168945,14.759101867675781,12.610244750976562,14825.5166015625,188.607421875,82.115234375,43.15568161010742,33.02668762207031,24.288610458374023,19.533540725708008,17.967418670654297,14.802817344665527
270000,280001,17,9,250,167,1,20365.087890625,568.5319213867188,211.25563049316406,97.45736694335938,70.80156707763672,47.968955993652344,44.63169479370117,37.49530029296875,27.66098403930664,25.77132797241211,24.170331954956055,21.50989532470703,20.865821838378906,19.564847946166992,16.950294494628906,15.284181594848633,13.661550521850586,14829.1787109375,194.125732421875,82.10205078125,43.96115493774414,30.87785530090332,26.506336212158203,21.830507278442383,17.715490341186523,15.003357887268066
275000,285001,17,9,252,167,0,20972.638671875,397.16015625,178.36509704589844,100.64205932617188,69.2470703125,51.983882904052734,39.61166000366211,35.5990104675293,30.08591651916504,26.76146697998047,21.541549682617188,19.71230697631836,18.103227615356445,16.822114944458008,15.544743537902832,14.232696533203125,12.14745807647705,15285.8955078125,250.71353149414062,83.94503021240234,43.972129821777344,30.52199363708496,29.548419952392578,18.47170639038086,15.977943420410156,14.300984382629395
275000,285001,17,9,252,167,1,20977.900390625,394.7176208496094,181.83755493164062,99.76697540283203,69.81897735595703,56.08197021484375,40.58013916015625,37.24223327636719,29.649391174316406,27.22856330871582,21.295623779296875,19.954402923583984,18.142248153686523,17.405380249023438,17.007064819335938,14.697646141052246,12.74852180480957,15289.919921875,250.81365966796875,82.79915618896484,45.6220817565918,31.000314712524414,26.994508743286133,19.502506256103516,17.709901809692383,16.207767486572266
280000,290001,17,9,254,167,0,19908.162109375,534.4443969726562,196.86183166503906,107.35143280029297,73.19950103759766,63.15304946899414,40.926513671875,32.668052673339844,26.844181060791016,21.75016975402832,19.934223175048828,19.250608444213867,17.743017196655273,15.883502960205078,15.441153526306152,14.034273147583008,12.402668952941895,14488.4443359375,254.59788513183594,93.02363586425781,63.88983154296875,32.190673828125,23.45096206665039,20.153989791870117,17.271846771240234,15.676878929138184
280000,290001,17,9,254,167,1,19906.13671875,533.0517578125,193.98654174804688,106.56468963623047,71.20240783691406,57.21895980834961,39.98462677001953,35.14435958862305,25.563201904296875,21.461551666259766,19.218103408813477,18.709754943847656,17.428272247314453,15.496515274047852,12.768882751464844,12.488147735595703,11.690910339355469,14487.0625,255.13140869140625,95.4062271118164,62.990203857421875,34.547149658203125,20.948040008544922,19.059192657470703,14.987726211547852,12.988903045654297
285000,295001,17,9,251,169,0,21027.408203125,510.6105651855469,177.12725830078125,112.81975555419922,83.77910614013672,47.966346740722656,44.79996871948242,35.37809371948242,29.78667640686035,22.48365592956543,19.158876419067383,18.783313751220703,17.097929000854492,16.730152130126953,16.061904907226562,13.769755363464355,12.759683609008789,15293.7373046875,297.062744140625,104.95046997070312,73.34387969970703,42.88212966918945,31.4989013671875,20.56768798828125,16.98153305053711,16.528804779052734
285000,295001,17,9,251,169,1,21013.50390625,506.2481994628906,180.056884765625,115.97172546386719,88.9743423461914,54.37287902832031,49.97928237915039,35.226444244384766,34.223472595214844,30.27981185913086,26.47553825378418,23.76732063293457,22.439411163330078,19.16590118408203,18.546260833740234,15.260730743408203,13.574014663696289,15284.20703125,298.9696960449219,103.28462219238281,87.16315460205078,50.47854232788086,34.51668930053711,29.87519645690918,25.98402214050293,19.58111572265625
290000,300001,17,9,254,176,0,21431.35546875,472.7823181152344,167.21336364746094,108.55282592773438,76.17517852783203,56.33359146118164,43.62557601928711,31.137651443481445,26.77541160583496,22.91366195678711,22.851015090942383,19.912384033203125,18.78476333618164,18.218719482421875,16.296096801757812,14.578095436096191,13.951902389526367,15612.623046875,160.1187286376953,73.27534484863281,37.41050720214844,26.649181365966797,22.39312171936035,18.969236373901367,16.74066734313965,15.04957389831543
290000,300001,17,9,254,176,1,21433.927734375,478.6767883300781,169.64991760253906,103.92366027832031,72.7916259765625,57.25324630737305,42.34611511230469,30.656005859375,28.41460609436035,25.491580963134766,24.262863159179688,21.53486442565918,20.22509002685547,18.93461799621582,17.895421981811523,17.45627212524414,14.451874732971191,15614.021484375,157.87210083007812,70.92613983154297,39.938270568847656,27.81622886657715,22.658628463745117,21.042964935302734,18.666622161865234,16.38050079345703
295000,305001,17,9,253,164,0,21660.1953125,667.4902954101562,199.8001708984375,101.80416870117188,83.03077697753906,60.268898010253906,44.7943115234375,38.38668441772461,33.38957977294922,28.040313720703125,25.47174072265625,24.545364379882812,22.810577392578125,21.84268569946289,19.461240768432617,17.06140899658203,14.406911849975586,15776.0927734375,191.1663818359375,77.07170867919922,44.0891227722168,31.989233016967773,26.265369415283203,24.221281051635742,22.32432746887207,17.771072387695312
295000,305001,17,9,253,164,1,21666.916015625,670.991943359375,201.0579833984375,104.02584838867188,87.3154525756836,61.61748123168945,47.3261833190918,40.801483154296875,33.31658935546875,30.669490814208984,28.016494750976562,26.77348518371582,24.226104736328125,22.83127212524414,22.0134334564209,18.554826736450195,16.0589599609375,15779.537109375,192.04196166992188,85.4304428100586,47.1836051940918,30.952226638793945,27.356924057006836,26.05482292175293,23.370670318603516,19.459871292114258
300000,310001,17,9,256,186,0,21210.9609375,554.8451538085938,256.1007995605469,129.31507873535156,75.98604583740234,59.11219024658203,50.85700607299805,46.04230880737305,34.08295440673828,32.06672668457031,27.704965591430664,24.15302085876465,23.608455657958984,18.221452713012695,15.341654777526855,13.842022895812988,13.315569877624512,15448.361328125,294.8970947265625,92.0420150756836,52.520957946777344,46.6245002746582,27.804874420166016,26.05325698852539,22.06434440612793,16.817285537719727
300000,310001,17,9,256,186,1,21205.873046875,554.927490234375,253.5565948486328,124.01386260986328,72.652099609375,58.000797271728516,49.949310302734375,45.622589111328125,28.498777389526367,27.607295989990234,23.4737491607666,22.315080642700195,20.001583099365234,16.883190155029297,14.720455169677734,12.758013725280762,12.203200340270996,15444.4501953125,287.5087890625,91.3853988647461,56.395565032958984,41.16834259033203,25.2652645111084,22.975341796875,19.01122283935547,15.938810348510742
305000,315001,17,9,248,176,0,21088.513671875,369.6740417480469,193.75880432128906,110.66340637207031,88.92794799804688,68.72142028808594,44.68659210205078,41.20976638793945,34.25713348388672,28.46757698059082,25.790376663208008,22.850692749023438,21.66231346130371,18.15960693359375,17.449275970458984,15.240870475769043,12.92552661895752,15366.595703125,263.2331237792969,101.9576187133789,76.18070220947266,41.36165237426758,28.47775650024414,25.26566505432129,22.989355087280273,17.81182861328125
305000,315001,17,9,248,176,1,21092.486328125,370.87225341796875,195.57012939453125,109.49112701416016,88.75347137451172,70.29771423339844,47.395381927490234,46.56645584106445,36.67584991455078,30.111053466796875,26.904754638671875,23.54644012451172,20.533292770385742,17.886676788330078,16.62010955810547,14.209821701049805,12.182158470153809,15369.8076171875,264.42755126953125,100.94037628173828,81.52558898925781,46.08193588256836,31.71357536315918,24.87766456604004,24.103578567504883,16.472822189331055
310000,320001,17,9,250,176,0,21334.1640625,425.47894287109375,205.29507446289062,118.74195098876953,90.18383026123047,72.43502807617188,64.15509033203125,59.8484992980957,43.15517807006836,38.61779022216797,33.685691833496094,28.151290893554688,24.251644134521484,19.934659957885742,17.10714340209961,16.07610321044922,13.598535537719727,15514.82421875,224.5853729248047,108.65607452392578,63.93263244628906,48.738868713378906,37.88532638549805,27.975223541259766,23.34531593322754,19.239316940307617
310000,320001,17,9,250,176,1,21333.33203125,422.1876220703125,199.10780334472656,113.82622528076172,85.30697631835938,70.7826919555664,62.40925979614258,55.482398986816406,38.16895294189453,36.096038818359375,27.187368392944336,24.37042808532715,22.1696834564209,18.299354553222656,15.019173622131348,14.748592376708984,12.569268226623535,15513.0615234375,223.02740478515625,102.55067443847656,64.04291534423828,45.047786712646484,30.440114974975586,27.328449249267578,20.612335205078125,15.550959587097168
315000,325001,17,9,253,175,0,22905.525390625,328.32843017578125,173.49411010742188,98.40115356445312,56.845699310302734,48.577880859375,43.72837829589844,39.483970642089844,33.71215057373047,23.421293258666992,21.680631637573242,19.960432052612305,19.721956253051758,16.914287567138672,15.412566184997559,12.200935363769531,11.932853698730469,16679.939453125,153.9517822265625,62.366031646728516,46.90704345703125,34.75537872314453,22.216970443725586,18.85145378112793,16.97160530090332,13.042582511901855
315000,325001,17,9,253,175,1,22889.365234375,328.4352722167969,171.5924072265625,93.1316909790039,56.69095230102539,51.02565002441406,42.186161041259766,38.86406326293945,32.02543258666992,27.140155792236328,22.24730682373047,20.314525604248047,18.645166397094727,17.73110008239746,13.674018859863281,13.154353141784668,12.31031322479248,16667.97265625,152.5769500732422,61.553035736083984,44.12744140625,34.09320831298828,19.94361686706543,18.78719711303711,14.877777099609375,13.758774757385254
320000,330001,17,9,251,172,0,21695.400390625,619.971923828125,252.987060546875,131.89674377441406,82.74480438232422,62.97972869873047,53.912200927734375,43.0334358215332,40.30331802368164,34.380741119384766,26.559232711791992,25.275981903076172,20.937463760375977,20.1138858795166,16.819578170776367,15.707205772399902,14.072256088256836,15784.5380859375,218.5870361328125,110.8984603881836,53.38325881958008,41.12746810913086,34.1085090637207,23.36035919189453,21.00370216369629,18.272878646850586
320000,330001,17,9,251,172,1,21679.904296875,620.2469482421875,254.42434692382812,131.60890197753906,79.38910675048828,61.78139877319336,53.558998107910156,43.23162841796875,39.695465087890625,31.433637619018555,25.60745620727539,24.832090377807617,19.36825180053711,18.514854431152344,16.837377548217773,15.27981185913086,13.289034843444824,15774.02734375,220.5084228515625,110.7391128540039,53.545433044433594,38.90860366821289,35.259891510009766,21.870376586914062,20.343050003051758,16.45522117614746
325000,335001,17,9,251,177,0,22158.513671875,689.3732299804688,258.4954833984375,112.65782928466797,93.53905487060547,84.9950942993164,63.83077621459961,59.80003356933594,43.35385513305664,32.514244079589844,29.542110443115234,25.826335906982422,21.89271354675293,21.041357040405273,16.743797302246094,15.49987506866455,14.257322311401367,16137.6572265625,331.4679260253906,90.05353546142578,68.8790512084961,49.831512451171875,35.91110610961914,25.66288185119629,20.733522415161133,14.995747566223145
325000,335001,17,9,251,177,1,22156.89453125,691.4473266601562,258.4541015625,114.1194076538086,93.99345397949219,81.37462615966797,64.05059051513672,55.44515609741211,41.16754150390625,37.487342834472656,33.29032897949219,24.29078483581543,22.135190963745117,21.44346809387207,18.83621597290039,17.291624069213867,14.89238452911377,16136.9521484375,329.1459655761719,90.02384185791016,70.42404174804688,48.0919075012207,30.954246520996094,25.949445724487305,21.70690155029297,17.004030227661133
330000,340001,17,9,253,173,0,22915.599609375,435.34832763671875,190.13067626953125,109.62918090820312,76.78715515136719,56.690521240234375,47.012855529785156,40.4200439453125,34.33988571166992,30.405269622802734,27.871456146240234,27.4487247467041,23.006967544555664,21.1724796295166,19.3382511138916,17.440776824951172,15.611705780029297,16647.099609375,251.55528259277344,107.73461151123047,52.41044235229492,37.021663665771484,32.39089584350586,26.074966430664062,25.29241371154785,19.69873046875
330000,340001,17,9,253,173,1,22909.271484375,435.1378173828125,187.03131103515625,106.82624816894531,78.13009643554688,55.12432861328125,49.09839630126953,40.925575256347656,33.34959030151367,32.34086227416992,28.364389419555664,26.786245346069336,24.52726173400879,22.062448501586914,21.12998390197754,18.99704933166504,17.20293426513672,16643.19921875,248.2673797607422,105.88148498535156,48.9112434387207,37.85778045654297,32.876182556152344,27.127758026123047,23.82465934753418,18.608928680419922
335000,345001,17,9,253,180,0,23585.12109375,478.52972412109375,236.638671875,142.610107421875,79.59403991699219,55.33384704589844,43.66552734375,39.5572624206543,30.787565231323242,29.551237106323242,29.123445510864258,27.459497451782227,24.794660568237305,21.109539031982422,18.788951873779297,17.187681198120117,15.495246887207031,17156.208984375,219.7664337158203,110.51927185058594,57.87055969238281,39.572898864746094,29.11953353881836,28.688432693481445,21.973297119140625,19.950345993041992
335000,345001,17,9,253,180,1,23587.5390625,478.1901550292969,237.58155822753906,147.6685028076172,79.94305419921875,51.75664138793945,46.77335739135742,41.2578010559082,33.05364227294922,32.25752639770508,29.56277084350586,26.109071731567383,25.079069137573242,22.297409057617188,19.48636817932129,18.59334945678711,16.096336364746094,17159.236328125,224.22874450683594,117.65367889404297,54.68806457519531,39.211429595947266,32.36518096923828,28.19895362854004,21.873760223388672,20.688840866088867
340000,350001,17,9,254,182,0,22708.701171875,654.0372924804688,235.91531372070312,116.8975830078125,61.148155212402344,56.45399856567383,49.63100051879883,44.907039642333984,26.382463455200195,25.357738494873047,22.012575149536133,20.514198303222656,19.459453582763672,18.80632209777832,17.585264205932617,17.02231216430664,15.771219253540039,16539.76953125,161.17086791992188,85.9973373413086,49.796531677246094,37.723758697509766,26.518579483032227,21.48452377319336,18.69325065612793,17.884370803833008
340000,350001,17,9,254,182,1,22700.28515625,655.4307861328125,230.6755828857422,116.3547592163086,64.24617004394531,63.00202941894531,56.06842041015625,46.44963836669922,28.43634033203125,26.544801712036133,21.964595794677734,21.321531295776367,20.3032283782959,19.28093719482422,18.50042724609375,16.36125373840332,15.524864196777344,16533.001953125,160.4626922607422,88.82280731201172,54.511985778808594,44.032127380371094,26.798295974731445,22.456562042236328,19.421165466308594,16.331998825073242
345000,355001,17,9,254,186,0,23489.609375,375.94732666015625,135.8209228515625,86.1944580078125,70.79895782470703,49.064395904541016,46.30348587036133,35.03619384765625,25.551820755004883,24.643997192382812,21.823959350585938,20.323293685913086,18.680435180664062,16.386619567871094,13.997693061828613,13.488506317138672,12.060104370117188,17091.234375,160.7883758544922,69.66670989990234,51.972869873046875,29.46490478515625,23.368244171142578,19.866809844970703,16.87759780883789,13.378049850463867
345000,355001,17,9,254,186,1,23500.9453125,373.7623291015625,139.06240844726562,81.03130340576172,72.52943420410156,48.453155517578125,47.04267501831055,35.014156341552734,23.806100845336914,22.442262649536133,20.834274291992188,18.794504165649414,18.28844451904297,17.672481536865234,14.7154541015625,13.852862358093262,11.528916358947754,17099.470703125,166.45423889160156,67.9513168334961,51.114288330078125,31.2080078125,21.88257598876953,20.13330841064453,18.790117263793945,12.186928749084473
350000,360001,17,9,252,180,0,22314.673828125,261.25360107421875,148.76080322265625,86.668701171875,52.19120788574219,45.95195388793945,37.40614318847656,33.921382904052734,27.4854736328125,25.750032424926758,23.684627532958984,21.006011962890625,18.270261764526367,17.820560455322266,14.451982498168945,13.086935043334961,11.191414833068848,16243.865234375,155.34031677246094,66.46415710449219,42.0577278137207,30.98286247253418,25.177343368530273,24.429458618164062,18.438247680664062,15.804062843322754
350000,360001,17,9,252,180,1,22321.03515625,264.3349914550781,148.54898071289062,88.92272186279297,59.16534423828125,47.630123138427734,42.10822677612305,37.12998962402344,25.247394561767578,22.382320404052734,20.734760284423828,19.582290649414062,18.300228118896484,16.10374641418457,14.548016548156738,14.097079277038574,12.485193252563477,16248.224609375,153.59033203125,70.19287109375,42.76924133300781,29.87267303466797,22.368478775024414,18.7128963470459,16.461593627929688,15.824283599853516
355000,365001,17,9,253,176,0,22892.10546875,290.4720153808594,165.35108947753906,95.97119903564453,70.90971374511719,50.41211700439453,41.801170349121094,36.52540588378906,28.4466495513916,22.276905059814453,22.09294319152832,20.39314842224121,17.56132698059082,17.21975326538086,16.121374130249023,13.153688430786133,11.853302955627441,16662.677734375,168.91539001464844,76.67829132080078,44.72152328491211,32.53540802001953,23.610919952392578,20.264583587646484,17.33772087097168,15.160327911376953
355000,365001,17,9,253,176,1,22902.2734375,292.04620361328125,163.935791015625,99.06548309326172,73.98678588867188,44.82772445678711,38.36153793334961,32.16840744018555,25.426767349243164,23.593154907226562,22.323997497558594,20.556921005249023,18.064817428588867,17.536592483520508,15.6455078125,14.13463020324707,12.818456649780273,16669.349609375,167.16802978515625,81.17137145996094,42.70491027832031,28.982149124145508,23.188335418701172,21.063766479492188,17.04387855529785,15.229157447814941
360000,370001,17,9,249,180,0,23636.890625,633.7608032226562,211.20957946777344,103.83568572998047,72.4173583984375,44.642913818359375,41.178775787353516,34.786869049072266,27.954561233520508,23.3765926361084,20.403318405151367,16.524499893188477,13.68018913269043,13.473701477050781,12.260903358459473,11.801141738891602,10.420598030090332,17216.748046875,372.5476989746094,100.06265258789062,45.9038200378418,29.52271270751953,23.09937286376953,15.518692016601562,13.786421775817871,12.693623542785645
360000,370001,17,9,249,180,1,23636.505859375,632.07373046875,210.73007202148438,107.16841125488281,75.32283782958984,44.609153747558594,43.229881286621094,38.991554260253906,25.143774032592773,22.43753433227539,21.09584617614746,19.113523483276367,17.049074172973633,16.16775894165039,14.094958305358887,13.368694305419922,10.309233665466309,17216.66796875,373.6989440917969,102.609375,50.082942962646484,31.14394760131836,21.31020164489746,20.395503997802734,16.135353088378906,15.328996658325195
365000,375001,17,9,252,195,0,23048.6484375,566.3995971679688,237.79327392578125,123.81924438476562,72.7301254272461,62.19383239746094,56.58122634887695,42.02871322631836,40.1431884765625,33.35239791870117,27.856714248657227,25.17675018310547,22.941204071044922,21.570926666259766,20.032320022583008,17.665245056152344,15.042040824890137,16769.30078125,284.164306640625,79.72638702392578,59.880340576171875,42.21196746826172,34.518157958984375,23.5054874420166,20.487140655517578,16.97933578491211
365000,375001,17,9,252,195,1,23060.462890625,568.4221801757812,235.95718383789062,125.41020202636719,79.94740295410156,67.53075408935547,55.187747955322266,43.20797348022461,40.28679275512695,33.35676956176758,29.579240798950195,27.068744659423828,22.795169830322266,20.011062622070312,19.154762268066406,18.229022979736328,15.681488990783691,16777.9140625,286.6214599609375,83.7850570678711,70.53346252441406,44.86863708496094,31.43091583251953,25.18767738342285,21.37775230407715,19.357826232910156
370000,380001,17,9,248,187,0,23553.740234375,536.575439453125,141.55865478515625,119.41826629638672,62.957889556884766,53.40782165527344,41.08102035522461,35.467552185058594,28.91620445251465,25.692256927490234,19.0591983795166,18.32466697692871,17.483993530273438,17.357202529907227,15.804966926574707,14.040125846862793,13.34076976776123,17181.759765625,153.5218048095703,71.93635559082031,48.74785232543945,31.366317749023438,21.933176040649414,17.749168395996094,17.2733154296875,16.877649307250977
370000,380001,17,9,248,187,1,23548.76171875,538.40478515625,148.07318115234375,123.26148223876953,60.46991729736328,52.752742767333984,41.429439544677734,37.36710739135742,29.649002075195312,25.91899299621582,22.69088363647461,19.21653175354004,19.059303283691406,17.192874908447266,16.912548065185547,15.131834030151367,14.463797569274902,17177.595703125,158.03050231933594,70.67989349365234,50.492340087890625,33.33250045776367,22.567628860473633,18.59075927734375,17.410064697265625,16.330793380737305
375000,385001,17,9,252,180,0,23466.87890625,543.162353515625,151.1367950439453,96.42664337158203,66.2690200805664,46.829978942871094,43.71457290649414,34.27546310424805,27.62749671936035,24.593769073486328,20.931135177612305,19.117897033691406,17.922698974609375,15.733602523803711,14.029870986938477,13.747441291809082,12.411877632141113,17101.548828125,201.7422332763672,95.44091796875,45.41253662109375,33.6119270324707,27.240041732788086,18.712785720825195,16.198362350463867,13.667500495910645
375000,385001,17,9,252,180,1,23468.640625,539.2122802734375,154.56117248535156,92.37189483642578,66.78767395019531,47.872615814208984,40.71002960205078,36.33856964111328,25.718503952026367,22.604671478271484,20.17844009399414,19.646133422851562,18.026430130004883,17.23579978942871,15.136914253234863,13.169312477111816,10.72079849243164,17102.541015625,204.72154235839844,96.4230728149414,47.38294982910156,33.669898986816406,22.645973205566406,18.79953956604004,16.80661392211914,12.001395225524902
380000,390001,17,9,253,188,0,23941.466796875,512.5518798828125,215.59811401367188,121.37074279785156,73.61640930175781,51.553184509277344,42.05093002319336,37.57337951660156,32.766700744628906,26.405982971191406,22.167922973632812,20.8939208984375,19.37406349182129,18.174726486206055,16.280784606933594,14.621625900268555,11.275269508361816,17422.966796875,176.97543334960938,53.938236236572266,39.68125915527344,24.302223205566406,20.99198341369629,16.5093994140625,15.016953468322754,11.760229110717773
380000,390001,17,9,253,188,1,23952.8984375,511.3194580078125,217.41311645507812,125.10279846191406,69.36844635009766,47.6751708984375,39.95051193237305,33.44784927368164,28.8801326751709,24.014747619628906,22.978111267089844,19.799455642700195,18.994964599609375,17.794517517089844,16.534263610839844,15.284842491149902,14.945673942565918,17431.412109375,177.26931762695312,57.14202880859375,39.143009185791016,26.221084594726562,20.665189743041992,17.504730224609375,16.92088508605957,15.307391166687012
385000,395001,17,9,250,187,0,24328.408203125,519.2940063476562,144.59437561035156,74.9004898071289,55.99672317504883,48.22099685668945,47.8358039855957,42.157630920410156,29.42354965209961,24.723379135131836,23.893888473510742,22.805086135864258,20.8786678314209,17.89400863647461,17.222911834716797,16.510404586791992,14.163620948791504,17720.80078125,220.98318481445312,57.685604095458984,51.536922454833984,36.87943649291992,24.203899383544922,21.90028953552246,19.179637908935547,16.4699764251709
385000,395001,17,9,250,187,1,24325.435546875,514.8541870117188,145.0605010986328,74.84151458740234,56.98544692993164,49.47496795654297,46.04576873779297,40.10786437988281,30.269376754760742,25.007421493530273,24.623767852783203,20.991832733154297,19.182113647460938,17.08798599243164,16.120512008666992,15.378276824951172,12.625338554382324,17718.517578125,221.32574462890625,56.56918716430664,51.68505096435547,36.68745040893555,21.633684158325195,19.247867584228516,18.122203826904297,16.394466400146484
390000,400001,17,9,255,200,0,24534.576171875,554.6324462890625,215.81349182128906,105.69811248779297,82.16093444824219,54.843467712402344,48.952213287353516,39.119361877441406,35.4487419128418,33.98299026489258,28.973005294799805,22.012487411499023,20.67987060546875,16.885892868041992,15.88301944732666,14.059736251831055,13.239402770996094,17828.724609375,177.05142211914062,72.77336120605469,51.997840881347656,35.16428756713867,28.625022888183594,20.924352645874023,17.951906204223633,15.295520782470703
390000,400001,17,9,255,200,1,24524.755859375,558.6417846679688,215.48606872558594,107.97991180419922,77.8561782836914,55.48517990112305,45.82890319824219,40.03403091430664,36.65795135498047,30.84661102294922,26.92319107055664,22.27962875366211,19.76689910888672,18.833229064941406,15.760756492614746,15.209633827209473,14.273460388183594,17821.470703125,178.72503662109375,71.68312072753906,43.95890808105469,30.955638885498047,28.62761688232422,19.22498893737793,18.516359329223633,15.145842552185059
395000,405001,17,9,252,180,0,24778.810546875,583.7210693359375,208.8968963623047,84.88822937011719,70.52976989746094,56.1348991394043,52.020652770996094,45.19731903076172,36.08967208862305,28.405519485473633,24.895545959472656,21.14389991760254,19.76332664489746,18.17062759399414,15.549535751342773,14.774527549743652,12.250469207763672,18042.158203125,176.6539764404297,76.84059143066406,53.35945129394531,39.3932991027832,23.301321029663086,19.7237491607666,18.818008422851562,15.00676441192627
395000,405001,17,9,252,180,1,24783.89453125,586.09765625,214.06076049804688,87.84098052978516,71.36408996582031,61.26903533935547,55.108646392822266,48.984619140625,38.253360748291016,28.300643920898438,22.997421264648438,20.090927124023438,19.61577796936035,17.661470413208008,16.312084197998047,13.894145965576172,13.821723937988281,18046.65234375,172.84173583984375,81.59513854980469,57.27125930786133,40.66714096069336,23.846799850463867,19.997547149658203,18.15502166748047,16.40460968017578
400000,410001,17,9,250,191,0,25151.7265625,339.1886901855469,136.31756591796875,80.609619140625,69.15209197998047,56.812503814697266,48.17021942138672,42.9748420715332,27.349021911621094,22.85718536376953,21.65073013305664,19.15702247619629,16.71413230895996,15.555566787719727,14.252341270446777,13.550161361694336,11.81375789642334,18323.44921875,146.49928283691406,66.91676330566406,54.80980682373047,35.887351989746094,21.872669219970703,18.46794319152832,16.805097579956055,14.011198997497559
400000,410001,17,9,250,191,1,25152.3203125,341.15460205078125,137.57460021972656,80.5237808227539,67.9288101196289,54.05788803100586,45.369293212890625,40.73030090332031,25.53781509399414,22.716379165649414,20.619098663330078,19.91780662536621,19.099323272705078,16.599233627319336,15.670853614807129,14.227222442626953,12.708168029785156,18324.345703125,147.88671875,64.87542724609375,50.053462982177734,33.39499282836914,21.461936950683594,19.23480224609375,16.65912437438965,14.601862907409668
405000,415001,17,9,254,184,0,24982.181640625,745.3243408203125,221.43399047851562,87.41822052001953,63.044715881347656,57.460662841796875,44.47616195678711,42.720985412597656,28.437362670898438,24.436193466186523,20.756223678588867,20.15620231628418,17.15000343322754,16.591835021972656,15.644861221313477,15.149608612060547,14.422704696655273,18186.3359375,347.277099609375,71.59217071533203,58.21114730834961,40.55522918701172,25.56712532043457,20.419193267822266,17.476882934570312,16.85309410095215
405000,415001,17,9,254,184,1,24969.943359375,745.70458984375,219.49758911132812,88.78742980957031,66.30252838134766,55.459251403808594,44.9867057800293,41.514041900634766,25.8114013671875,22.737226486206055,22.24410629272461,19.958017349243164,17.82862091064453,17.03812599182129,15.920413970947266,15.689949035644531,13.577448844909668,18178.08203125,344.9251403808594,76.65577697753906,55.376991271972656,38.303775787353516,26.357267379760742,23.64944076538086,17.270090103149414,15.138554573059082
410000,420001,17,9,248,193,0,25190.587890625,507.4438171386719,177.15928649902344,78.0670394897461,60.53908157348633,46.413692474365234,42.356666564941406,37.89448547363281,25.153396606445312,24.23603630065918,22.755807876586914,21.075788497924805,19.004961013793945,16.227766036987305,15.793991088867188,14.079480171203613,13.335453987121582,18349.330078125,307.9453125,60.15774154663086,42.23289108276367,34.114952087402344,20.98143196105957,20.468475341796875,17.811012268066406,14.452561378479004
410000,420001,17,9,248,193,1,25178.466796875,506.97802734375,179.6455078125,80.64286804199219,57.74967575073242,48.54286193847656,39.95079040527344,36.423484802246094,27.4801025390625,24.97209930419922,23.836318969726562,21.174510955810547,19.009063720703125,17.718477249145508,15.862752914428711,14.581045150756836,13.661141395568848,18340.064453125,315.1377868652344,57.1036376953125,43.511627197265625,31.59324836730957,22.521587371826172,20.643169403076172,19.511999130249023,14.338254928588867
415000,425001,17,9,254,198,0,25965.658203125,789.7664184570312,214.05059814453125,137.17263793945312,73.21514129638672,68.80650329589844,58.330291748046875,43.79783630371094,30.097017288208008,27.50358009338379,23.782211303710938,22.747859954833984,22.17238426208496,20.190814971923828,18.607534408569336,17.0196475982666,14.329390525817871,18897.248046875,296.9896240234375,102.84471130371094,67.04029846191406,44.85087203979492,35.195960998535156,22.679349899291992,21.35789680480957,17.25531768798828
415000,425001,17,9,254,198,1,25958.220703125,782.5789794921875,217.65939331054688,144.20957946777344,72.70504760742188,66.98812866210938,53.102455139160156,43.56191635131836,33.45328903198242,30.285945892333984,27.054155349731445,24.690834045410156,24.42559051513672,21.750871658325195,19.801393508911133,18.021671295166016,17.384410858154297,18893.001953125,296.86175537109375,108.95381927490234,69.2441635131836,42.10038375854492,35.22724151611328,23.74285125732422,21.552047729492188,20.39644432067871
420000,430001,17,9,251,190,0,25318.017578125,606.1962890625,155.2718505859375,84.18028259277344,58.94425582885742,45.51903533935547,35.22565460205078,33.16789245605469,23.59690284729004,21.285690307617188,19.497161865234375,17.001604080200195,15.104374885559082,14.5044527053833,14.107311248779297,12.602459907531738,10.893256187438965,18428.521484375,394.3311767578125,70.52568054199219,48.940406799316406,31.64272689819336,21.518692016601562,18.562374114990234,15.031485557556152,13.851923942565918
420000,430001,17,9,251,190,1,25326.017578125,605.584716796875,161.30918884277344,84.55039978027344,62.06645965576172,45.717037200927734,37.65420150756836,35.59749984741211,25.66124153137207,24.176481246948242,22.359024047851562,19.518394470214844,16.426225662231445,15.014446258544922,13.202030181884766,13.035040855407715,10.447056770324707,18434.865234375,391.7738952636719,70.41411590576172,49.662353515625,31.623416900634766,25.11498260498047,17.11018180847168,15.403759956359863,12.659280776977539
425000,435001,17,9,252,197,0,26619.34765625,582.3572998046875,222.15858459472656,107.82364654541016,86.75172424316406,71.74098205566406,47.933937072753906,45.31221008300781,38.74755859375,35.43284225463867,30.761577606201172,29.476070404052734,25.84490966796875,24.401939392089844,22.120954513549805,19.972318649291992,18.332530975341797,19359.546875,179.19712829589844,85.89755249023438,47.03322982788086,40.57115173339844,34.278282165527344,29.071565628051758,25.958707809448242,22.719371795654297
425000,435001,17,9,252,197,1,26615.140625,585.0436401367188,228.86500549316406,114.97379302978516,92.7184066772461,75.22235107421875,49.765708923339844,46.78812789916992,36.98153305053711,33.05099868774414,31.68340492248535,29.06839942932129,25.18347930908203,23.063161849975586,21.981361389160156,20.468040466308594,19.049760818481445,19356.1640625,186.69680786132812,92.16999816894531,55.40532302856445,45.19407653808594,34.28101348876953,30.966331481933594,25.891971588134766,24.199586868286133
430000,440001,17,9,254,190,0,25671.86328125,427.4300537109375,176.41360473632812,94.42071533203125,85.6690902709961,56.11724853515625,52.114688873291016,44.73548889160156,32.774837493896484,27.69832992553711,25.2249698638916,18.928552627563477,17.081645965576172,16.041913986206055,15.40919017791748,14.573650360107422,11.373785018920898,18696.310546875,228.87399291992188,91.68888854980469,52.981285095214844,42.93330383300781,28.219249725341797,18.234119415283203,16.015104293823242,13.926275253295898
430000,440001,17,9,254,190,1,25657.791015625,423.7735900878906,177.8501739501953,90.65345764160156,83.56949615478516,57.19400405883789,48.63559341430664,47.85387420654297,33.89201736450195,28.506895065307617,23.85486602783203,19.185871124267578,18.052223205566406,16.914485931396484,15.871160507202148,14.909429550170898,11.851998329162598,18686.1015625,227.9238739013672,88.98644256591797,51.280662536621094,44.975929260253906,29.468217849731445,19.28055191040039,17.93905258178711,12.732337951660156
435000,445001,17,9,251,191,0,25938.439453125,709.4862670898438,285.7990417480469,105.72476196289062,63.669559478759766,48.664207458496094,44.738189697265625,43.579307556152344,30.94207763671875,26.322511672973633,23.604473114013672,19.851593017578125,18.442827224731445,18.2060546875,16.9835205078125,16.49186134338379,13.210301399230957,18878.26953125,217.03627014160156,80.28982543945312,44.43791198730469,35.46920394897461,24.990633010864258,20.74007797241211,18.596805572509766,15.997431755065918
435000,445001,17,9,251,191,1,25944.93359375,707.8578491210938,285.1478271484375,104.32630920410156,68.27494049072266,48.389652252197266,45.66401672363281,44.57168960571289,33.79433822631836,26.758193969726562,25.484350204467773,21.732999801635742,19.64469337463379,18.218399047851562,16.72166633605957,15.726036071777344,13.507616996765137,18882.96875,222.4972686767578,80.46051025390625,47.86994552612305,36.511993408203125,27.105121612548828,21.18968391418457,19.375818252563477,14.755535125732422
440000,450001,17,9,255,200,0,26750.154296875,548.4630126953125,176.3416748046875,86.92736053466797,57.930973052978516,41.87801742553711,35.6864128112793,30.513614654541016,27.62710952758789,23.4091854095459,22.930131912231445,22.24384117126465,19.439184188842773,18.454214096069336,16.532276153564453,15.506084442138672,14.158042907714844,19484.705078125,342.1275329589844,77.73222351074219,40.266666412353516,28.614246368408203,24.29669952392578,22.0140323638916,16.831010818481445,16.477985382080078
440000,450001,17,9,255,200,1,26750.568359375,550.4684448242188,173.274658203125,87.49726867675781,57.653499603271484,42.79115295410156,36.795230865478516,32.14487838745117,27.384872436523438,21.847091674804688,21.449371337890625,18.468616485595703,17.721529006958008,16.63054847717285,15.506889343261719,15.073161125183105,13.468535423278809,19485.5859375,343.25494384765625,78.02003479003906,39.677879333496094,27.9254207611084,23.027118682861328,18.281797409057617,15.799710273742676,14.614047050476074
445000,455001,17,9,251,192,0,26681.013671875,622.0293579101562,199.36727905273438,103.13490295410156,74.42984008789062,48.959815979003906,42.45551681518555,39.60345458984375,34.055110931396484,27.701692581176758,23.141752243041992,22.836196899414062,20.664405822753906,18.82910919189453,17.231544494628906,15.153422355651855,14.66722297668457,19422.412109375,405.0603332519531,84.68655395507812,53.45698547363281,33.65558624267578,30.4378604888916,21.85761833190918,19.5093994140625,17.631261825561523
445000,455001,17,9,251,192,1,26681.9140625,620.7640991210938,196.0679168701172,99.66385650634766,75.15706634521484,49.13580322265625,42.033935546875,38.7905387878418,30.710186004638672,27.760833740234375,27.20416831970215,24.67339324951172,22.05838394165039,19.178741455078125,18.303085327148438,16.235950469970703,15.79677677154541,19425.212890625,406.45404052734375,80.42456817626953,54.186798095703125,34.00885772705078,27.612279891967773,23.503398895263672,19.33846664428711,17.317604064941406
450000,460001,17,9,250,192,0,27550.267578125,763.4599609375,306.8280029296875,94.11225128173828,81.34530639648438,54.20146942138672,45.38323211669922,35.9151611328125,29.631778717041016,26.48560333251953,26.00676155090332,20.721071243286133,19.915176391601562,18.241456985473633,16.395362854003906,16.07710075378418,15.26016616821289,20037.140625,305.4522705078125,76.17045593261719,40.50668716430664,31.324216842651367,23.65428352355957,19.788536071777344,17.371660232543945,15.946577072143555
450000,460001,17,9,250,192,1,27562.75390625,766.3617553710938,304.30072021484375,99.70157623291016,75.2359390258789,57.29867935180664,44.12490463256836,33.562767028808594,30.75873565673828,25.68791389465332,24.391923904418945,21.495405197143555,19.837995529174805,17.395742416381836,16.463706970214844,14.706463813781738,13.94600772857666,20047.150390625,308.9241027832031,72.66698455810547,39.22062301635742,27.98537826538086,21.52857208251953,19.538240432739258,15.783119201660156,14.243083953857422
455000,465001,17,9,246,190,0,26628.9765625,706.8528442382812,183.88922119140625,104.11358642578125,75.08442687988281,70.14607238769531,43.33291244506836,41.29261779785156,33.550479888916016,29.635953903198242,24.779855728149414,22.86417579650879,20.923038482666016,16.577234268188477,15.1882905960083,14.775923728942871,14.542094230651855,19385.658203125,307.357666015625,94.36247253417969,69.8563232421875,40.519134521484375,30.235628128051758,20.1269588470459,18.346126556396484,16.06062126159668
455000,465001,17,9,246,190,1,26622.580078125,708.0598754882812,185.64529418945312,105.1242904663086,79.45368194580078,65.54751586914062,45.31025314331055,37.90012741088867,30.576274871826172,27.73090171813965,23.674972534179688,20.446109771728516,18.290237426757812,16.601449966430664,15.244897842407227,14.922929763793945,13.40146541595459,19381.58203125,306.867431640625,96.04950714111328,67.0914306640625,36.899696350097656,25.86592674255371,18.76422119140625,17.060073852539062,15.931806564331055
460000,470001,17,9,254,196,0,26717.669921875,327.6072998046875,133.6812744140625,81.91871643066406,59.536109924316406,43.34881591796875,38.151451110839844,37.14042282104492,32.682281494140625,29.72064208984375,28.212833404541016,25.571168899536133,23.26352882385254,20.65699005126953,19.112442016601562,17.571897506713867,14.892630577087402,19479.904296875,171.2428436279297,61.70223617553711,36.63425064086914,34.63719177246094,28.099157333374023,24.937795639038086,20.62528419494629,18.13998794555664
460000,470001,17,9,254,196,1,26722.13671875,330.6010437011719,135.80142211914062,84.30559539794922,63.69248962402344,46.09419250488281,40.76725769042969,39.260292053222656,35.227256774902344,33.683658599853516,31.508481979370117,27.496349334716797,23.897409439086914,20.81049346923828,19.247026443481445,18.37371063232422,14.819672584533691,19483.8828125,172.33526611328125,62.64237976074219,40.36134719848633,38.43970489501953,29.12696075439453,27.69655418395996,22.21427345275879,17.04381561279297
465000,475001,17,9,252,199,0,27073.828125,436.6263732910156,206.71107482910156,129.66566467285156,76.09384155273438,59.35276412963867,49.10297775268555,40.619625091552734,34.3211555480957,27.30290985107422,25.144304275512695,21.85450553894043,19.86578369140625,18.40169906616211,16.889358520507812,15.996901512145996,14.129789352416992,19714.005859375,171.6074676513672,78.46365356445312,51.82853317260742,34.24163055419922,24.06014060974121,18.74224090576172,18.068767547607422,15.578092575073242
465000,475001,17,9,252,199,1,27073.7890625,437.21319580078125,204.09226989746094,128.5049591064453,70.80671691894531,57.68092727661133,54.364173889160156,41.41295623779297,35.1947021484375,28.289857864379883,23.37323760986328,22.106840133666992,18.812252044677734,17.60118293762207,16.25318145751953,14.200275421142578,13.156848907470703,19714.232421875,166.87156677246094,70.61934661865234,49.022796630859375,34.34794616699219,26.39263916015625,19.693574905395508,18.7376708984375,14.537952423095703
470000,480001,17,9,253,190,0,28077.990234375,605.4478759765625,185.1757049560547,116.37783813476562,88.80183410644531,64.46992492675781,58.94804763793945,52.35686111450195,47.38698196411133,37.08341979980469,33.28037643432617,29.874216079711914,28.58598518371582,26.853487014770508,23.63341522216797,22.9604549407959,21.76024627685547,20429.13671875,379.9378356933594,96.2488021850586,61.16275405883789,54.07715606689453,32.324649810791016,30.24237823486328,24.764408111572266,22.43083953857422
470000,480001,17,9,253,190,1,28088.431640625,607.2163696289062,184.83998107910156,118.3253173828125,89.5660171508789,71.05125427246094,62.11866760253906,53.37594223022461,47.26679992675781,38.72922134399414,35.399967193603516,29.925294876098633,28.8531494140625,28.560598373413086,24.318204879760742,22.829904556274414,20.64438247680664,20436.935546875,379.2202453613281,98.86198425292969,68.03153228759766,50.0087890625,31.78282928466797,29.27193260192871,27.005027770996094,22.58664894104004
475000,485001,17,9,255,205,0,27032.431640625,445.0200500488281,153.1693115234375,85.76374816894531,66.45372009277344,50.89630889892578,47.82991027832031,37.86520767211914,33.875308990478516,25.807743072509766,23.40719985961914,22.54830551147461,20.311506271362305,19.91242790222168,17.546125411987305,15.319963455200195,14.934415817260742,19658.490234375,162.7129669189453,65.26766967773438,50.96410369873047,35.0334587097168,25.600202560424805,23.100812911987305,20.178815841674805,16.023399353027344
475000,485001,17,9,255,205,1,27048.33984375,447.71142578125,155.95799255371094,90.10568237304688,63.61202621459961,48.819854736328125,47.17329788208008,38.588600158691406,31.466651916503906,27.270523071289062,21.50370216369629,20.651418685913086,19.58994483947754,17.703519821166992,16.749969482421875,15.564070701599121,14.829244613647461,19669.615234375,163.7826385498047,63.77128219604492,47.204368591308594,35.322669982910156,25.070253372192383,21.44295883178711,17.85809898376465,15.587843894958496
480000,490001,17,9,250,203,0,27251.583984375,344.01513671875,140.624755859375,79.2764663696289,65.58785247802734,45.96458053588867,40.19755554199219,39.99315643310547,29.42796516418457,23.981714248657227,20.706634521484375,20.566064834594727,18.451879501342773,17.05217170715332,16.127037048339844,15.261712074279785,13.976580619812012,19853.625,158.5404510498047,59.0137939453125,44.089500427246094,34.432151794433594,23.9539852142334,19.522010803222656,18.22000503540039,17.368593215942383
480000,490001,17,9,250,203,1,27256.515625,340.30072021484375,143.27194213867188,81.05010223388672,66.98475646972656,54.188621520996094,46.33885192871094,43.54828643798828,33.995033264160156,24.730976104736328,23.311115264892578,20.161346435546875,18.30629539489746,17.331857681274414,16.545568466186523,15.400951385498047,14.908720016479492,19858.037109375,158.48867797851562,61.49227523803711,48.201324462890625,42.1110954284668,26.69171905517578,18.394662857055664,17.89867401123047,16.415462493896484
485000,495001,17,9,252,199,0,28362.75,444.80291748046875,227.15184020996094,109.9803237915039,92.01663970947266,60.391056060791016,54.039939880371094,49.710960388183594,41.892662048339844,30.051101684570312,29.249603271484375,25.52362632751465,24.0726261138916,23.051538467407227,20.57021141052246,17.74187469482422,15.960796356201172,20640.181640625,274.5596008300781,102.80008697509766,54.88249588012695,41.885284423828125,30.92844009399414,28.820087432861328,22.257413864135742,17.012544631958008
485000,495001,17,9,252,199,1,28367.181640625,446.00146484375,226.57337951660156,111.31990051269531,87.60242462158203,59.843605041503906,52.4640998840332,51.1431999206543,40.67819595336914,30.936315536499023,27.689250946044922,26.31936264038086,24.40523910522461,22.67799949645996,21.125856399536133,17.852069854736328,16.147090911865234,20643.33203125,274.4423522949219,95.61953735351562,53.454689025878906,41.070247650146484,31.297649383544922,27.111587524414062,23.433746337890625,18.254375457763672
490000,500001,17,9,253,199,0,27711.43359375,668.4625854492188,218.78221130371094,150.13238525390625,86.54743194580078,70.70030975341797,46.7532844543457,36.291534423828125,31.427772521972656,27.056175231933594,25.45877456665039,24.21355438232422,22.40831184387207,19.7158260345459,19.1107120513916,15.54098892211914,15.16500473022461,20153.9609375,250.06382751464844,93.76148223876953,65.27998352050781,35.579551696777344,28.19227409362793,25.005510330200195,22.27275848388672,16.82901954650879
490000,500001,17,9,253,199,1,27723.1796875,668.1210327148438,214.16461181640625,146.85009765625,86.2593765258789,69.41850280761719,47.98075866699219,36.08081817626953,33.38716506958008,27.753549575805664,27.364761352539062,24.664447784423828,23.520015716552734,20.618867874145508,18.014623641967773,17.051416397094727,16.367469787597656,20163.166015625,243.2450714111328,92.9626693725586,65.34931945800781,33.96441650390625,25.760929107666016,24.357452392578125,22.607011795043945,17.795747756958008
495000,505001,17,9,252,198,0,28303.203125,670.7852783203125,199.36581420898438,131.30064392089844,91.32504272460938,61.14599609375,46.934326171875,41.24715805053711,35.898155212402344,25.780832290649414,25.08315658569336,23.457382202148438,23.386302947998047,22.56545066833496,18.333833694458008,17.568401336669922,14.761598587036133,20596.740234375,325.9664611816406,108.78517150878906,83.08914947509766,41.495628356933594,25.27764129638672,23.69481658935547,22.577495574951172,17.150894165039062
495000,505001,17,9,252,198,1,28297.5234375,678.2616577148438,207.86463928222656,133.0519256591797,94.84844207763672,61.174400329589844,52.170101165771484,44.538509368896484,41.69704818725586,31.318973541259766,28.716169357299805,27.314281463623047,24.564029693603516,23.375547409057617,21.542036056518555,20.054513931274414,19.036849975585938,20594.146484375,323.4429626464844,107.70249938964844,85.5587158203125,43.50228500366211,27.987098693847656,24.5269775390625,22.958999633789062,20.230432510375977
500000,510001,17,9,252,197,0,28093.6484375,327.1349182128906,169.16015625,78.28900146484375,63.047367095947266,49.2482795715332,39.89641571044922,34.15428161621094,31.65245246887207,24.755184173583984,23.559619903564453,19.476957321166992,18.202621459960938,17.17012596130371,16.476716995239258,14.551772117614746,13.270848274230957,20462.986328125,133.9331817626953,56.041778564453125,43.29188919067383,31.953502655029297,21.48464012145996,17.349689483642578,16.58928871154785,15.015592575073242
500000,510001,17,9,252,197,1,28104.4765625,330.002685546875,164.79867553710938,79.3200912475586,65.23681640625,50.139793395996094,42.36937713623047,35.466800689697266,32.18175506591797,25.410602569580078,23.5969295501709,21.604482650756836,19.181041717529297,17.114622116088867,15.955263137817383,13.372429847717285,12.537919998168945,20471.78125,133.22146606445312,57.18003463745117,43.89210510253906,31.15763282775879,23.654508590698242,16.593360900878906,16.404321670532227,13.013649940490723
505000,515001,17,9,247,195,0,28336.849609375,597.5177612304688,174.6558074951172,76.32635498046875,66.94611358642578,57.263248443603516,52.73073959350586,45.82865524291992,31.829336166381836,28.068613052368164,27.42119598388672,23.428918838500977,22.806028366088867,21.374408721923828,20.018001556396484,18.38210105895996,16.292573928833008,20636.435546875,122.7306900024414,58.69878387451172,51.81398010253906,44.358558654785156,28.480369567871094,24.675264358520508,22.429075241088867,20.934837341308594
505000,515001,17,9,247,195,1,28329.91796875,594.783935546875,176.3027801513672,76.12324523925781,63.83610916137695,54.37336730957031,48.922603607177734,43.27531814575195,32.3607177734375,29.654470443725586,26.881999969482422,24.315399169921875,22.033382415771484,21.129316329956055,19.905738830566406,18.165796279907227,15.994900703430176,20631.404296875,123.28870391845703,60.38247299194336,49.16189193725586,38.43648147583008,32.01964569091797,24.39556312561035,23.672523498535156,19.835176467895508
510000,520001,17,9,251,199,0,27721.0625,811.4608154296875,325.16693115234375,201.5467071533203,90.44612884521484,50.68519592285156,46.51786804199219,40.626312255859375,30.585193634033203,28.76936912536621,26.473140716552734,22.568584442138672,21.62397003173828,20.809925079345703,16.633947372436523,16.12937355041504,14.148401260375977,20188.828125,390.5134582519531,153.5950927734375,68.53227996826172,47.30765914916992,29.91817283630371,26.57158851623535,19.813663482666016,16.511451721191406
510000,520001,17,9,251,199,1,27731.224609375,804.6831665039062,321.44293212890625,193.4839630126953,88.68500518798828,47.2283935546875,44.48242950439453,38.00303649902344,31.56764793395996,27.331083297729492,25.4718074798584,22.583330154418945,21.541046142578125,18.542882919311523,18.08395004272461,17.446624755859375,14.805002212524414,20194.458984375,385.59814453125,139.42457580566406,58.89777374267578,45.10733413696289,31.42188835144043,24.95334815979004,21.45741844177246,18.5166072845459
515000,525001,17,9,254,200,0,29057.31640625,750.9224853515625,240.77902221679688,125.68804168701172,97.50044250488281,61.967010498046875,51.10003662109375,48.89902877807617,28.875141143798828,28.508033752441406,25.40821647644043,24.316110610961914,21.476882934570312,19.944704055786133,18.437116622924805,14.944755554199219,13.938275337219238,21171.126953125,261.6536865234375,102.46459197998047,59.23268127441406,37.597572326660156,27.67738914489746,24.292512893676758,22.661081314086914,17.687875747680664
515000,525001,17,9,254,200,1,29073.263671875,755.2200317382812,235.86801147460938,125.89139556884766,98.70394134521484,61.266700744628906,54.355072021484375,49.550193786621094,35.93486022949219,32.751495361328125,31.305925369262695,26.297468185424805,22.95615577697754,20.118854522705078,17.524715423583984,16.29343032836914,14.766550064086914,21183.423828125,258.276611328125,102.56814575195312,59.694114685058594,43.6276741027832,33.46315383911133,26.06585121154785,21.570863723754883,16.21446418762207
520000,530001,17,9,251,190,0,29589.43359375,368.1358337402344,135.9905548095703,85.3108139038086,57.00583267211914,44.21996307373047,39.161739349365234,34.3470344543457,26.814815521240234,23.485132217407227,21.257308959960938,20.291763305664062,18.026199340820312,17.182893753051758,15.017363548278809,14.912708282470703,14.19682788848877,21541.720703125,138.0882568359375,63.143653869628906,39.36247253417969,29.805580139160156,23.222759246826172,18.19575309753418,17.30533790588379,15.10820484161377
520000,530001,17,9,251,190,1,29582.138671875,367.06982421875,137.22169494628906,84.76641845703125,58.59675216674805,44.79817199707031,36.890708923339844,31.16204261779785,27.223674774169922,22.36911392211914,21.128198623657227,19.46331214904785,18.16189956665039,15.781195640563965,15.622359275817871,14.171941757202148,12.981212615966797,21537.771484375,140.6978759765625,66.46546936035156,43.521514892578125,28.232568740844727,22.35567855834961,20.205944061279297,17.74357795715332,13.383394241333008
525000,535001,17,9,252,205,0,29446.486328125,359.81585693359375,181.05178833007812,82.40418243408203,67.07110595703125,55.18351745605469,50.34608459472656,43.57790756225586,31.314424514770508,25.770139694213867,23.498044967651367,22.765092849731445,20.299659729003906,19.304229736328125,18.37798500061035,16.245288848876953,14.2666654586792,21455.234375,221.91639709472656,62.605655670166016,50.14936065673828,33.739356994628906,22.14820098876953,21.507373809814453,18.732473373413086,16.357952117919922
525000,535001,17,9,252,205,1,29452.603515625,359.4289855957031,177.8437042236328,81.64014434814453,67.4198226928711,56.45387649536133,53.784332275390625,48.55004119873047,36.85655212402344,27.91162872314453,23.882471084594727,23.135576248168945,21.807395935058594,20.929195404052734,20.11277961730957,16.945775985717773,15.775190353393555,21460.38671875,217.69439697265625,66.07624053955078,53.01924514770508,34.71885299682617,24.501178741455078,22.06708335876465,21.49954605102539,17.49449920654297
530000,540001,17,9,254,199,0,30045.662109375,542.9231567382812,186.21958923339844,112.75435638427734,84.28450775146484,66.36363220214844,58.290470123291016,52.11545944213867,34.662513732910156,27.88286018371582,24.064897537231445,21.970945358276367,19.587005615234375,18.575790405273438,18.34871482849121,16.35809898376465,16.13776397705078,21873.337890625,187.4473114013672,104.79582977294922,61.563026428222656,45.336421966552734,28.006614685058594,21.9510498046875,19.192813873291016,17.202878952026367
530000,540001,17,9,254,199,1,30040.837890625,535.60205078125,179.30841064453125,111.00150299072266,76.96218872070312,61.428470611572266,51.83689498901367,48.61114501953125,33.695457458496094,27.10043716430664,22.135787963867188,21.6287841796875,19.614395141601562,18.141244888305664,17.35334587097168,15.90606689453125,14.513447761535645,21869.515625,186.35169982910156,100.09793853759766,60.21348190307617,42.54044723510742,27.550121307373047,21.952756881713867,17.92475700378418,15.91161060333252
535000,545001,17,9,249,197,0,29176.953125,286.6950378417969,193.11553955078125,140.537841796875,73.36592864990234,53.31160354614258,47.436214447021484,44.36965560913086,33.999046325683594,26.692602157592773,23.412460327148438,22.042325973510742,17.787105560302734,17.57164764404297,16.982154846191406,13.616291046142578,12.368208885192871,21264.662109375,202.77671813964844,75.58229064941406,46.37858200073242,33.645423889160156,23.927356719970703,22.003053665161133,17.770906448364258,14.116682052612305
535000,545001,17,9,249,197,1,29185.49609375,287.3208312988281,190.5032196044922,141.4794464111328,75.17223358154297,52.483646392822266,49.317604064941406,44.419830322265625,32.64102554321289,26.369653701782227,25.468585968017578,21.492538452148438,17.54669761657715,16.2568416595459,15.248356819152832,13.798741340637207,12.49560832977295,21271.169921875,200.2948455810547,76.59435272216797,47.54444122314453,33.98249053955078,26.419034957885742,19.11654281616211,15.719446182250977,14.406187057495117
540000,550001,17,9,252,207,0,29234.244140625,351.2269287109375,156.4648895263672,89.97332763671875,68.35431671142578,54.58646011352539,51.20254898071289,47.462425231933594,36.18441390991211,33.349796295166016,31.447900772094727,29.464933395385742,27.12633514404297,25.968616485595703,24.39803123474121,20.11198616027832,19.85604476928711,21291.138671875,176.00184631347656,67.65678405761719,48.54629135131836,47.49066925048828,32.14067077636719,29.950300216674805,26.587629318237305,21.530410766601562
540000,550001,17,9,252,207,1,29228.32421875,347.9045104980469,163.10780334472656,93.98675537109375,63.728240966796875,51.60014724731445,46.695682525634766,40.89290237426758,35.794700622558594,33.44246292114258,28.664142608642578,26.94881248474121,25.93988037109375,23.34500503540039,21.01917266845703,19.451221466064453,18.4089412689209,21288.126953125,174.88690185546875,63.226905822753906,44.32041549682617,40.628047943115234,31.476484298706055,27.15712547302246,22.803346633911133,20.962190628051758
545000,555001,17,9,254,209,0,30293.9765625,702.2776489257812,174.93991088867188,137.1464385986328,94.6141586303711,79.47393798828125,73.85871887207031,55.227027893066406,36.33458709716797,31.52241325378418,27.701139450073242,23.958614349365234,22.27422332763672,20.324230194091797,18.91193962097168,17.549497604370117,15.476249694824219,22066.33203125,217.17022705078125,119.820556640625,82.32271575927734,57.3411750793457,27.846933364868164,24.613868713378906,19.324037551879883,16.651395797729492
545000,555001,17,9,254,209,1,30295.130859375,705.3290405273438,175.49256896972656,133.1977081298828,91.1166000366211,81.78743743896484,73.61698150634766,55.88900375366211,38.01927947998047,33.72104263305664,29.764583587646484,26.849210739135742,25.618186950683594,23.90576171875,20.077251434326172,17.832345962524414,17.20913314819336,22066.01953125,211.62620544433594,117.2904052734375,77.6583023071289,57.19023513793945,30.2258358001709,29.424997329711914,24.23052978515625,19.285606384277344
550000,560001,17,9,254,208,0,30376.52734375,489.233642578125,168.68150329589844,82.43435668945312,63.696720123291016,44.07805633544922,38.00752258300781,32.136085510253906,23.425037384033203,20.564403533935547,19.30879783630371,17.790605545043945,17.173105239868164,15.879976272583008,14.516923904418945,13.497544288635254,11.684428215026855,22130.125,129.00877380371094,62.451717376708984,41.254432678222656,25.054319381713867,19.397674560546875,18.462326049804688,15.29568099975586,12.47548770904541
550000,560001,17,9,254,208,1,30369.580078125,487.1888122558594,166.26641845703125,81.25978088378906,62.72703552246094,46.93788146972656,39.27875900268555,35.07535934448242,22.77486801147461,22.30272102355957,18.714811325073242,17.437286376953125,16.84433937072754,14.03104305267334,13.379374504089355,12.748302459716797,12.171646118164062,22125.736328125,127.3788070678711,61.32987594604492,44.777488708496094,24.7255859375,19.72260856628418,16.91425323486328,13.859634399414062,13.123832702636719
555000,565001,17,9,252,208,0,29438.150390625,777.4448852539062,226.5984344482422,140.37725830078125,102.19728088378906,85.52533721923828,53.032344818115234,47.20014953613281,33.81452560424805,28.153278350830078,26.01628303527832,24.791719436645508,19.434011459350586,19.16476058959961,16.026119232177734,15.32946491241455,13.844579696655273,21438.232421875,225.1996612548828,124.78936004638672,65.51433563232422,49.150760650634766,38.40948486328125,26.496578216552734,16.332027435302734,15.032003402709961
555000,565001,17,9,252,208,1,29451.11328125,776.9140625,223.7785186767578,145.13475036621094,101.13167572021484,80.83061218261719,56.332908630371094,54.63089370727539,35.461299896240234,28.879100799560547,27.283397674560547,23.994443893432617,22.143823623657227,20.25719451904297,17.20906639099121,15.849170684814453,15.314330101013184,21448.265625,224.661865234375,123.12120819091797,63.21360397338867,45.06158447265625,36.95018768310547,24.231718063354492,19.51447296142578,16.218626022338867
