grad_step,env_steps,window_len,penalty_len,n_windows,unique_eps,critic,sv_01,sv_02,sv_03,sv_04,sv_05,sv_06,sv_07,sv_08,sv_09,sv_10,sv_11,sv_12,sv_13,sv_14,sv_15,sv_16,sv_17,pen_sv_01,pen_sv_02,pen_sv_03
0,10001,17,3,254,10,0,12.047767639160156,6.384395122528076,6.146413326263428,5.898146629333496,5.711816310882568,5.261434555053711,5.195704936981201,5.097362041473389,5.020753383636475,4.935371398925781,4.694489479064941,4.402924537658691,4.243319034576416,3.8800642490386963,3.4323925971984863,3.1023361682891846,2.731693983078003,6.117105007171631,5.279963493347168,5.022701740264893
0,10001,17,3,254,10,1,7.399163246154785,3.4524288177490234,3.316859006881714,3.12949538230896,3.0384891033172607,2.937351942062378,2.76042103767395,2.645792007446289,2.6419897079467773,2.501132011413574,2.443197250366211,2.393965721130371,2.3441245555877686,2.2321817874908447,2.2080790996551514,2.086599349975586,2.0123276710510254,3.9390437602996826,2.7671284675598145,2.6368260383605957
5000,15001,17,3,254,15,0,207.15553283691406,69.81951904296875,41.6606330871582,29.075265884399414,24.221454620361328,20.332387924194336,18.212520599365234,14.255111694335938,12.712706565856934,11.83010482788086,10.712367057800293,9.23196029663086,8.851490020751953,8.318803787231445,7.453273773193359,6.686858654022217,6.191747665405273,97.52534484863281,17.445985794067383,8.922728538513184
5000,15001,17,3,254,15,1,209.20045471191406,70.27648162841797,41.20497512817383,30.213319778442383,24.328330993652344,20.42376708984375,18.198755264282227,13.953197479248047,12.503607749938965,11.746683120727539,10.106711387634277,9.335564613342285,8.973841667175293,7.945941925048828,7.268259525299072,6.908618927001953,6.408186912536621,98.43383026123047,17.71718978881836,8.673201560974121
10000,20001,17,3,256,20,0,576.9049682617188,87.1834487915039,46.874908447265625,35.86967086791992,27.751583099365234,23.05493927001953,20.725040435791016,19.473346710205078,16.47744369506836,14.807022094726562,13.728911399841309,12.094456672668457,11.824947357177734,11.144791603088379,10.553162574768066,9.880237579345703,9.5698823928833,239.71095275878906,19.619539260864258,14.077635765075684
10000,20001,17,3,256,20,1,564.149658203125,86.4881820678711,46.554744720458984,35.16838073730469,28.565706253051758,22.994117736816406,21.47117805480957,18.268728256225586,16.304628372192383,13.942495346069336,13.197636604309082,12.121336936950684,11.16942024230957,10.55112361907959,10.267016410827637,9.321269989013672,8.948415756225586,234.7115020751953,18.905303955078125,13.624115943908691
15000,25001,17,3,252,25,0,962.626220703125,103.84336853027344,55.71540832519531,35.69285583496094,30.809101104736328,22.621931076049805,19.21592140197754,18.508798599243164,15.001934051513672,11.258145332336426,9.213194847106934,9.100312232971191,8.98344612121582,8.317611694335938,7.840676784515381,7.337268352508545,7.012308597564697,409.9277648925781,18.9039249420166,9.772231101989746
15000,25001,17,3,252,25,1,967.0972290039062,105.15135192871094,56.145286560058594,36.27790069580078,29.31157112121582,21.919694900512695,19.050945281982422,17.474145889282227,13.906736373901367,11.368949890136719,9.520319938659668,8.680726051330566,8.518959045410156,7.934033393859863,7.7188920974731445,6.91181755065918,6.7302374839782715,412.4197692871094,17.975679397583008,9.32040786743164
20000,30001,17,3,248,30,0,1868.2412109375,147.05772399902344,58.01978302001953,45.863033294677734,33.822750091552734,27.40192222595215,25.153470993041992,21.45703125,16.502925872802734,15.28317642211914,12.895906448364258,12.344482421875,11.987565994262695,10.596125602722168,9.417670249938965,9.154330253601074,8.539462089538574,783.176513671875,25.204317092895508,12.046788215637207
20000,30001,17,3,248,30,1,1863.199462890625,147.61668395996094,56.79378890991211,46.75382995605469,33.581356048583984,28.281166076660156,25.86100196838379,23.048664093017578,16.975460052490234,14.646090507507324,13.895709991455078,12.325531959533691,11.410356521606445,10.838172912597656,9.93863582611084,9.615816116333008,8.338581085205078,782.1166381835938,24.350725173950195,11.357961654663086
25000,35001,17,3,248,35,0,2957.8115234375,175.15818786621094,96.66424560546875,59.3358154296875,44.833927154541016,36.181766510009766,31.954477310180664,27.573505401611328,24.713590621948242,23.427915573120117,20.69582176208496,17.853654861450195,15.525805473327637,14.551148414611816,13.738899230957031,13.571130752563477,12.634455680847168,1241.744384765625,29.79881477355957,17.26572036743164
25000,35001,17,3,248,35,1,2957.0517578125,176.20291137695312,96.93314361572266,59.15317916870117,48.05002975463867,34.82021713256836,31.100181579589844,27.87801742553711,23.32859992980957,20.611042022705078,20.08965492248535,16.527589797973633,15.92832088470459,15.049764633178711,14.005311965942383,12.20596694946289,11.292892456054688,1241.73974609375,32.56949996948242,17.021955490112305
30000,40001,17,3,251,40,0,4410.30419921875,206.48513793945312,113.8302001953125,77.87191772460938,48.576393127441406,42.11579895019531,37.13043212890625,29.411361694335938,28.099815368652344,24.0302791595459,21.69581413269043,20.706443786621094,18.7142333984375,17.688692092895508,16.094097137451172,15.540677070617676,14.7400541305542,1855.3115234375,34.842472076416016,20.735078811645508
30000,40001,17,3,251,40,1,4414.76416015625,209.7338104248047,112.71925354003906,74.92920684814453,49.133548736572266,41.24509048461914,37.96206283569336,32.37556076049805,26.917234420776367,24.945547103881836,22.65875816345215,20.6053524017334,18.632307052612305,18.13970947265625,16.190526962280273,15.418732643127441,14.174034118652344,1855.2742919921875,37.12818908691406,20.954071044921875
35000,45001,17,3,251,44,0,5755.51953125,215.79177856445312,113.96543884277344,75.74261474609375,51.79624557495117,48.29188919067383,36.716064453125,34.74076843261719,30.894529342651367,29.260177612304688,27.384069442749023,24.98607635498047,22.886062622070312,22.324193954467773,20.76424217224121,20.063440322875977,18.854337692260742,2425.616943359375,45.15529251098633,24.562482833862305
35000,45001,17,3,251,44,1,5735.77001953125,215.2901153564453,112.88931274414062,72.94844055175781,50.93275833129883,45.80766677856445,35.71296691894531,31.094701766967773,28.275007247924805,25.695781707763672,23.651180267333984,22.351974487304688,21.242387771606445,20.38243293762207,19.78221321105957,18.482425689697266,17.605066299438477,2418.89208984375,44.13646697998047,22.52911376953125
40000,50001,17,3,251,50,0,7062.68310546875,251.95057678222656,147.8380584716797,87.06033325195312,60.677284240722656,49.05998611450195,42.00128173828125,38.71895217895508,32.5504035949707,29.5423641204834,28.564292907714844,25.902572631835938,25.386934280395508,22.387121200561523,20.400362014770508,19.563186645507812,18.787914276123047,2952.098388671875,48.32441329956055,24.80421257019043
40000,50001,17,3,251,50,1,7006.0546875,251.21083068847656,149.1839599609375,82.822021484375,59.69564437866211,49.575401306152344,42.90315246582031,36.76134490966797,31.384132385253906,28.775142669677734,26.737804412841797,25.6784725189209,23.749267578125,23.046375274658203,21.52422523498535,20.827720642089844,19.407899856567383,2929.285400390625,43.84527587890625,26.585893630981445
45000,55001,17,3,250,55,0,8513.73046875,308.7821044921875,158.32997131347656,104.05113983154297,66.94132232666016,58.44679641723633,54.00807189941406,45.904563903808594,40.52071762084961,33.478572845458984,31.853702545166016,28.801090240478516,27.141681671142578,25.932504653930664,25.336965560913086,23.408607482910156,22.202407836914062,3577.097900390625,57.904972076416016,27.57785415649414
45000,55001,17,3,250,55,1,8503.259765625,309.08843994140625,156.4180908203125,101.41456604003906,66.651123046875,55.794219970703125,50.32604217529297,44.046112060546875,39.38672637939453,33.622684478759766,30.816791534423828,28.21590232849121,27.21626091003418,26.22346305847168,23.77662467956543,23.25161361694336,22.02802085876465,3570.468505859375,53.58255386352539,28.82731056213379
50000,60001,17,3,254,57,0,9602.33984375,296.4053039550781,164.2344512939453,106.8556137084961,73.23051452636719,58.20075988769531,53.46224594116211,46.14517593383789,43.183589935302734,37.75890350341797,35.942955017089844,34.01545333862305,32.56599044799805,31.910533905029297,30.185028076171875,28.927753448486328,26.71527099609375,4045.480224609375,63.581729888916016,34.522247314453125
50000,60001,17,3,254,57,1,9574.9921875,297.30767822265625,168.82760620117188,106.15471649169922,72.90386962890625,62.872169494628906,58.129852294921875,50.30992126464844,42.193016052246094,40.16897201538086,37.16980743408203,33.814605712890625,31.696413040161133,30.59332275390625,29.97907066345215,29.130691528320312,23.31597137451172,4032.450927734375,63.76541519165039,33.57880783081055
55000,65001,17,3,254,62,0,11507.7802734375,416.0250549316406,201.9651641845703,113.45276641845703,83.79684448242188,65.43709564208984,53.506103515625,48.991607666015625,40.1943359375,37.62638854980469,35.09262466430664,33.6065788269043,31.438016891479492,30.279708862304688,28.239599227905273,27.580373764038086,25.24732208251953,4843.17138671875,66.74905395507812,32.33110427856445
55000,65001,17,3,254,62,1,11501.4150390625,413.47174072265625,200.65060424804688,116.43907928466797,83.00867462158203,63.485870361328125,59.02315139770508,51.52408218383789,44.11247253417969,38.73789596557617,36.924949645996094,33.964599609375,31.92525291442871,31.62298011779785,30.616138458251953,28.31603240966797,27.10978126525879,4837.1259765625,63.076324462890625,32.67720031738281
60000,70001,17,3,250,69,0,11808.0810546875,355.1918029785156,166.24832153320312,109.77359008789062,80.67626190185547,69.66500091552734,67.5840835571289,58.308563232421875,48.616519927978516,46.493045806884766,41.05512237548828,40.35954284667969,37.37283706665039,34.926395416259766,33.619354248046875,32.37141799926758,29.148128509521484,4994.884765625,67.3671646118164,37.61928939819336
60000,70001,17,3,250,69,1,11792.109375,354.7987365722656,171.77491760253906,109.5703125,86.17549133300781,72.19905090332031,63.28992462158203,51.77965545654297,46.12568283081055,43.97218322753906,42.598480224609375,40.568538665771484,36.7739372253418,33.5191764831543,31.46472930908203,30.440914154052734,28.9272403717041,4987.462890625,71.51139831542969,38.59721374511719
65000,75001,17,3,252,73,0,13834.37109375,422.52496337890625,200.9680938720703,131.99172973632812,94.94227600097656,75.59135437011719,68.41073608398438,55.421878814697266,49.88655090332031,45.055885314941406,43.626556396484375,43.420921325683594,40.618595123291016,37.8102912902832,35.59763717651367,34.55110549926758,30.956558227539062,5842.86767578125,65.19964599609375,37.18136978149414
65000,75001,17,3,252,73,1,13811.1572265625,421.8403625488281,204.49453735351562,133.8935089111328,92.68579864501953,78.23607635498047,68.94873809814453,56.8416862487793,51.88184356689453,44.01192855834961,42.2625732421875,40.685970306396484,39.5055046081543,37.9661750793457,36.17703628540039,34.663299560546875,31.774913787841797,5839.05712890625,66.3081283569336,36.81018829345703
70000,80001,17,3,251,78,0,14689.4970703125,438.031005859375,205.3100128173828,131.11119079589844,101.60081481933594,82.89800262451172,70.22379302978516,58.23331069946289,55.49488067626953,51.482704162597656,45.90570831298828,43.49576187133789,42.09292221069336,39.96818923950195,38.307762145996094,36.700199127197266,32.91581726074219,6157.01953125,67.94313049316406,41.64832305908203
70000,80001,17,3,251,78,1,14695.708984375,441.3890380859375,213.3155975341797,132.4599609375,102.50968933105469,80.18280792236328,72.01598358154297,56.13459014892578,50.23471450805664,49.12779998779297,43.604347229003906,42.710845947265625,41.251243591308594,39.77902603149414,38.59821701049805,35.008155822753906,29.946908950805664,6163.2998046875,65.64948272705078,39.04480743408203
75000,85001,17,3,255,80,0,16234.7041015625,393.1113586425781,185.242919921875,143.5587615966797,104.5951919555664,94.38713073730469,90.07352447509766,66.82421112060547,53.576194763183594,50.49934005737305,47.608699798583984,44.217010498046875,40.41434860229492,38.47914123535156,37.23554611206055,35.65250778198242,34.688499450683594,6830.541015625,80.19004821777344,45.452693939208984
75000,85001,17,3,255,80,1,16209.181640625,396.4971923828125,186.34664916992188,141.03245544433594,104.59784698486328,81.06626892089844,76.35453033447266,60.6396369934082,51.35899353027344,49.66398239135742,47.17761993408203,42.94003677368164,41.48322296142578,39.687110900878906,37.155521392822266,35.566898345947266,30.66567611694336,6817.2763671875,76.90660858154297,44.95627212524414
80000,90001,17,3,253,85,0,16939.46875,481.26080322265625,220.53927612304688,138.18885803222656,97.18018341064453,91.1804428100586,79.27101135253906,61.67051696777344,58.12696838378906,53.52532196044922,49.38188171386719,47.84034729003906,45.29513931274414,44.663795471191406,40.24736785888672,36.623512268066406,35.05350875854492,7115.591796875,83.92388916015625,46.61366653442383
80000,90001,17,3,253,85,1,16915.521484375,480.37493896484375,220.56973266601562,136.34007263183594,98.13284301757812,81.54777526855469,73.14601135253906,59.96689224243164,53.48528289794922,51.13554763793945,48.09247589111328,45.1745491027832,42.40618133544922,39.80771255493164,37.931480407714844,37.0587272644043,35.070098876953125,7106.1162109375,81.2397689819336,44.61580276489258
85000,95001,17,3,251,85,0,18255.642578125,513.5476684570312,239.75405883789062,154.40008544921875,109.71912384033203,88.26499938964844,73.08324432373047,66.0375747680664,63.58254623413086,58.96356964111328,56.67641067504883,52.25772476196289,47.496456146240234,45.331546783447266,44.372806549072266,38.377891540527344,37.69575881958008,7666.76513671875,85.6843490600586,48.303218841552734
85000,95001,17,3,251,85,1,18300.314453125,515.161865234375,235.702880859375,159.57772827148438,111.24796295166016,87.92516326904297,69.12163543701172,65.03079223632812,61.223690032958984,57.12276840209961,51.19731521606445,45.55842971801758,44.488059997558594,42.117679595947266,39.393516540527344,39.1471061706543,35.675418853759766,7682.6376953125,80.45394897460938,47.408226013183594
90000,100001,17,3,250,90,0,19515.88671875,489.6581726074219,215.51882934570312,148.00245666503906,115.83943176269531,110.07897186279297,99.635498046875,81.34249114990234,69.12090301513672,60.66025161743164,56.25408935546875,52.20476150512695,48.375274658203125,46.522377014160156,45.67116165161133,40.53338623046875,39.46107482910156,8248.0087890625,93.16249084472656,49.0605583190918
90000,100001,17,3,250,90,1,19501.138671875,493.44769287109375,218.1990509033203,146.21836853027344,109.27364349365234,96.63553619384766,89.03593444824219,77.4723892211914,68.831298828125,59.65614700317383,52.84543228149414,49.60059356689453,48.91497802734375,44.925662994384766,44.064537048339844,42.726898193359375,41.64570999145508,8246.904296875,89.51781463623047,51.65296173095703
95000,105001,17,3,255,97,0,19674.05859375,609.7429809570312,283.0890808105469,159.8843231201172,113.27427673339844,100.05984497070312,91.45816802978516,75.11597442626953,71.3531494140625,62.851280212402344,57.86319351196289,55.8876953125,50.64894104003906,48.89411544799805,45.03575134277344,44.58486557006836,38.6031608581543,8250.3017578125,96.45567321777344,52.12422180175781
95000,105001,17,3,255,97,1,19620.34765625,632.1779174804688,293.274658203125,159.41368103027344,113.13592529296875,104.23006439208984,85.75579071044922,75.0576400756836,69.42802429199219,63.21723175048828,59.930423736572266,56.55223846435547,52.286521911621094,49.840206146240234,48.496700286865234,46.00061798095703,43.955299377441406,8221.4794921875,97.44039916992188,51.972923278808594
100000,110001,17,3,253,96,0,20354.4296875,466.7027282714844,220.761474609375,139.84161376953125,110.85974884033203,87.31800842285156,75.90299224853516,72.36153411865234,66.89507293701172,62.928192138671875,56.84358596801758,51.710174560546875,49.57682418823242,47.437862396240234,43.1458740234375,40.796573638916016,36.62263488769531,8574.740234375,83.05323791503906,53.059444427490234
100000,110001,17,3,253,96,1,20346.0234375,471.1246643066406,224.7324981689453,150.66302490234375,106.28704833984375,88.439697265625,75.81243133544922,70.18998718261719,63.367488861083984,61.57240676879883,53.63004684448242,50.30405044555664,49.245018005371094,46.183841705322266,43.81690979003906,41.232452392578125,37.36784362792969,8573.427734375,88.5369644165039,49.91593933105469
105000,115001,17,3,256,100,0,21269.337890625,501.8150329589844,242.34494018554688,156.4744873046875,121.0660629272461,112.7616958618164,110.23992919921875,87.08065032958984,71.47103118896484,64.74472045898438,61.00069046020508,59.437625885009766,55.1062126159668,54.29853439331055,49.199012756347656,48.41474533081055,43.93026351928711,8957.326171875,92.99144744873047,62.4102783203125
105000,115001,17,3,256,100,1,21275.642578125,502.8457946777344,237.72067260742188,156.54261779785156,120.61738586425781,106.81942749023438,103.0698013305664,86.41834259033203,70.44617462158203,63.7444953918457,61.70700454711914,59.22046661376953,50.299720764160156,48.533287048339844,47.4459342956543,43.78327941894531,40.1008186340332,8968.5126953125,93.72077178955078,62.527137756347656
110000,120001,17,3,248,107,0,22639.162109375,504.9760437011719,305.495361328125,182.07568359375,125.6072769165039,106.98051452636719,103.72515106201172,87.90953826904297,73.84019470214844,70.78752136230469,66.40174102783203,63.36265182495117,55.162559509277344,54.36338424682617,50.73236083984375,45.41123580932617,43.03050994873047,9484.3564453125,94.21639251708984,60.18467330932617
110000,120001,17,3,248,107,1,22645.048828125,510.65216064453125,300.3759765625,186.10646057128906,120.13551330566406,106.20608520507812,98.5628890991211,89.52609252929688,75.73497009277344,67.21337890625,62.178855895996094,60.11980438232422,57.17787170410156,53.53141784667969,49.74721908569336,47.97189712524414,43.88923645019531,9486.9638671875,87.6821060180664,55.0886344909668
115000,125001,17,3,255,110,0,23542.431640625,639.0609130859375,305.9703063964844,171.92222595214844,136.8629150390625,106.23442077636719,86.74897003173828,77.33783721923828,72.39846801757812,66.01945495605469,59.95468521118164,56.56787109375,55.73405075073242,53.1878547668457,49.64338684082031,45.136837005615234,43.8039665222168,9863.9306640625,94.16881561279297,64.8565673828125
115000,125001,17,3,255,110,1,23520.109375,627.4889526367188,298.6942138671875,165.1802520751953,131.19216918945312,106.23967742919922,88.35102844238281,78.49349212646484,71.4604721069336,69.84381103515625,66.2396469116211,57.528812408447266,53.201866149902344,52.94868850708008,50.85025405883789,47.814090728759766,46.313323974609375,9860.42578125,93.6777572631836,61.03118896484375
120000,130001,17,3,253,113,0,24149.193359375,555.713623046875,278.8780517578125,177.49183654785156,126.69727325439453,113.42991638183594,95.57640838623047,75.7859878540039,74.03045654296875,63.9630241394043,62.91449737548828,62.11799240112305,55.851322174072266,49.213134765625,47.582984924316406,45.79187774658203,44.74477005004883,10158.0966796875,95.77784729003906,64.4085693359375
120000,130001,17,3,253,113,1,24174.86328125,563.2488403320312,276.9683532714844,177.8887176513672,129.34280395507812,111.64766693115234,92.02667999267578,84.72457885742188,75.0475082397461,64.63687896728516,60.524940490722656,58.094703674316406,57.95703125,52.28074264526367,47.32585144042969,46.79875183105469,44.127220153808594,10168.826171875,101.4790267944336,63.734466552734375
125000,135001,17,3,254,112,0,24861.85546875,614.1748657226562,262.7095947265625,185.1132354736328,149.0063018798828,108.88961791992188,101.76014709472656,91.58159637451172,80.06310272216797,71.16244506835938,64.39116668701172,61.199520111083984,60.766998291015625,59.6617546081543,54.279850006103516,49.66932678222656,47.498207092285156,10473.7548828125,101.46405792236328,57.79153060913086
125000,135001,17,3,254,112,1,24934.78125,626.3927001953125,260.29461669921875,188.45242309570312,150.91519165039062,110.3753662109375,93.08308410644531,83.50147247314453,74.97589874267578,70.07347869873047,65.27183532714844,61.69770050048828,57.342472076416016,54.37480545043945,50.21437454223633,47.37111282348633,43.330963134765625,10508.3544921875,98.8229751586914,60.73042678833008
130000,140001,17,3,248,115,0,25873.208984375,556.7017822265625,311.3530578613281,172.5377655029297,122.79508209228516,106.4939193725586,88.16214752197266,81.0649642944336,80.06395721435547,66.94429779052734,63.712562561035156,60.25309371948242,54.73891830444336,49.747806549072266,48.00197982788086,47.58659744262695,46.53742980957031,10879.5849609375,95.47264099121094,74.3218994140625
130000,140001,17,3,248,115,1,25911.3671875,562.4389038085938,308.8647155761719,177.64353942871094,123.06182098388672,109.35263061523438,95.85636138916016,91.94464111328125,76.01775360107422,65.93936157226562,62.93465805053711,59.995426177978516,57.923946380615234,56.63024139404297,53.61463165283203,50.64774703979492,43.693511962890625,10895.4580078125,97.4602279663086,70.47918701171875
135000,145001,17,3,250,115,0,26328.017578125,490.34332275390625,292.4754943847656,186.67645263671875,140.40208435058594,134.64242553710938,129.6593780517578,89.69019317626953,83.01544952392578,73.3996353149414,71.20050048828125,66.18028259277344,58.94242477416992,57.785552978515625,56.33064651489258,51.08171463012695,48.56321334838867,11088.7705078125,107.13880157470703,60.73805236816406
135000,145001,17,3,250,115,1,26359.419921875,487.08135986328125,300.90557861328125,194.93008422851562,149.5711669921875,139.62481689453125,128.67190551757812,102.10590362548828,85.35686492919922,71.61743927001953,68.81892395019531,66.05667877197266,62.31521987915039,55.10191345214844,51.62393569946289,50.354549407958984,45.938724517822266,11091.841796875,113.55021667480469,67.44625854492188
140000,150001,17,3,251,122,0,27249.857421875,628.7417602539062,296.3720397949219,196.92567443847656,153.8332977294922,119.47810363769531,102.89984130859375,96.10322570800781,81.14896392822266,74.0988998413086,69.8522720336914,64.3371810913086,59.97527313232422,54.4727897644043,52.32494354248047,51.606849670410156,43.44660186767578,11493.306640625,111.12310791015625,58.88326644897461
140000,150001,17,3,251,122,1,27284.013671875,627.6279296875,293.7177429199219,197.9943389892578,150.80697631835938,123.71754455566406,105.99143981933594,91.96730041503906,81.7218246459961,77.61474609375,68.1556625366211,65.33342742919922,62.685089111328125,59.51322937011719,55.406612396240234,53.712738037109375,49.139808654785156,11508.48046875,113.40959167480469,59.790748596191406
145000,155001,17,3,251,127,0,27494.619140625,566.2493286132812,284.67828369140625,193.01187133789062,140.12803649902344,113.98172760009766,106.40868377685547,92.54076385498047,84.08013916015625,82.03326416015625,76.82730865478516,70.33833312988281,66.49664306640625,63.44681930541992,56.10901641845703,50.31532669067383,45.47060012817383,11591.2275390625,127.41156005859375,68.68588256835938
145000,155001,17,3,251,127,1,27502.87109375,557.39453125,270.1996765136719,199.45559692382812,135.60606384277344,115.65763092041016,102.46421813964844,93.48109436035156,85.78277587890625,83.00126647949219,73.05689239501953,67.44770812988281,63.20455551147461,57.60020065307617,54.741546630859375,48.78098678588867,46.217323303222656,11594.28515625,123.34814453125,70.23648071289062
150000,160001,17,3,252,124,0,28515.40625,588.706787109375,271.5499572753906,192.82737731933594,129.68954467773438,109.40653991699219,88.60677337646484,74.77218627929688,72.84323120117188,67.94957733154297,66.16496276855469,65.02832794189453,61.80881118774414,58.67595672607422,56.993873596191406,52.08975601196289,48.215938568115234,12036.8056640625,121.229736328125,65.43683624267578
150000,160001,17,3,252,124,1,28477.556640625,579.1888427734375,272.46588134765625,191.5967559814453,125.71697998046875,103.13074493408203,96.91407775878906,79.11793518066406,69.8807601928711,68.232177734375,66.06744384765625,63.331111907958984,57.68107223510742,51.95643997192383,50.5711784362793,47.409523010253906,44.493106842041016,12024.7880859375,123.87561798095703,66.29550170898438
155000,165001,17,3,252,121,0,29603.091796875,562.0647583007812,309.4984436035156,179.12887573242188,136.3536834716797,126.89657592773438,99.2273941040039,81.94573974609375,78.68164825439453,71.78519439697266,70.36863708496094,66.98111724853516,65.25778198242188,61.74763488769531,59.0628776550293,56.157493591308594,52.3054084777832,12400.4521484375,105.79508972167969,63.57349395751953
155000,165001,17,3,252,121,1,29562.87890625,563.1580810546875,310.9512939453125,179.40597534179688,135.85504150390625,133.37686157226562,122.2876205444336,90.42662811279297,82.17699432373047,70.37643432617188,68.62773895263672,65.62024688720703,60.4693717956543,58.706790924072266,56.83907699584961,52.990394592285156,49.36872863769531,12384.076171875,114.7818374633789,64.10110473632812
160000,170001,17,3,253,137,0,28946.634765625,672.191162109375,304.1233825683594,202.95188903808594,153.8509979248047,139.7745361328125,117.43616485595703,104.566650390625,84.63524627685547,80.83097076416016,76.90707397460938,70.54441833496094,66.67253875732422,61.97353744506836,58.77790451049805,51.403465270996094,49.165977478027344,12173.2294921875,146.10775756835938,65.84439086914062
160000,170001,17,3,253,137,1,28967.708984375,684.9196166992188,292.0904235839844,196.97035217285156,163.0530548095703,134.0130615234375,117.38782501220703,105.22334289550781,83.10999298095703,78.99502563476562,72.84303283691406,71.94200897216797,66.21672058105469,62.047061920166016,56.489501953125,54.64199447631836,50.57632827758789,12186.763671875,142.21832275390625,63.858131408691406
165000,175001,17,3,246,127,0,29577.212890625,749.7555541992188,357.8818054199219,225.0508270263672,174.85899353027344,136.88002014160156,111.19348907470703,99.2682876586914,92.43407440185547,78.90132141113281,74.80445861816406,73.38349914550781,68.79226684570312,66.00076293945312,63.0132942199707,59.74015426635742,54.574989318847656,12430.525390625,152.87918090820312,77.14372253417969
165000,175001,17,3,246,127,1,29586.96484375,760.5014038085938,366.5946960449219,233.07940673828125,195.4148712158203,149.95040893554688,113.19165802001953,99.59986114501953,88.89312744140625,88.43199920654297,85.31114959716797,81.89710998535156,77.66687774658203,74.2599868774414,72.71319580078125,69.58342742919922,63.73192596435547,12441.126953125,167.03636169433594,78.67723083496094
170000,180001,17,3,253,130,0,31494.556640625,657.1389770507812,297.09033203125,195.1743927001953,148.94911193847656,134.01092529296875,110.92467498779297,80.03887176513672,79.02787780761719,75.47850036621094,72.41631317138672,66.79600524902344,64.93428802490234,61.005455017089844,55.005062103271484,51.56519317626953,49.937198638916016,13254.3310546875,96.0656509399414,60.201744079589844
170000,180001,17,3,253,130,1,31457.7734375,664.0579223632812,293.14569091796875,195.80047607421875,153.45947265625,136.25184631347656,110.84005737304688,89.26610565185547,87.23450469970703,81.73722076416016,75.59425354003906,73.63897705078125,68.31564331054688,64.52093505859375,64.15113067626953,61.71141815185547,56.741355895996094,13238.173828125,98.32868957519531,69.28295135498047
175000,185001,17,3,252,136,0,30514.7890625,619.8079223632812,270.1194152832031,166.33180236816406,131.01162719726562,100.47748565673828,95.28146362304688,82.12930297851562,77.89268493652344,71.67464447021484,68.25072479248047,60.27589797973633,60.16862106323242,56.849552154541016,53.02143096923828,50.826026916503906,43.74123001098633,12867.548828125,86.06547546386719,61.11894607543945
175000,185001,17,3,252,136,1,30497.6953125,617.3809814453125,268.2354431152344,173.48391723632812,131.87884521484375,107.50959777832031,98.08216857910156,80.76898956298828,75.53138732910156,71.97315216064453,69.81810760498047,64.49771118164062,60.90330505371094,58.873844146728516,58.249107360839844,54.82855987548828,50.70255661010742,12861.775390625,87.28558349609375,58.88664627075195
180000,190001,17,3,248,130,0,31221.22265625,906.6339721679688,287.4615173339844,187.18417358398438,130.36167907714844,120.476318359375,113.57357788085938,92.87690734863281,82.56375122070312,77.7742919921875,72.01065826416016,70.1324691772461,64.99884033203125,59.54216003417969,58.11904525756836,50.7541389465332,45.906005859375,13151.8662109375,106.17819213867188,65.83101654052734
180000,190001,17,3,248,130,1,31225.16015625,921.9603881835938,299.6214294433594,190.1487274169922,127.35262298583984,118.24656677246094,109.02742004394531,88.89656066894531,77.10417175292969,74.00411987304688,64.38948059082031,62.102210998535156,59.051761627197266,57.911956787109375,51.77402114868164,49.018463134765625,43.339298248291016,13154.6328125,98.02969360351562,57.801021575927734
185000,195001,17,3,254,143,0,32380.134765625,643.0113525390625,295.8828125,191.03599548339844,138.1916961669922,108.94679260253906,97.90362548828125,94.5783462524414,81.72818756103516,73.27534484863281,70.00482177734375,65.77796173095703,62.131309509277344,59.29051971435547,57.33625030517578,52.382789611816406,49.085384368896484,13606.2939453125,111.7578353881836,63.00033187866211
185000,195001,17,3,254,143,1,32294.322265625,652.27783203125,305.5862121582031,195.8817138671875,143.75778198242188,126.03570556640625,98.96723937988281,91.05829620361328,85.5809326171875,80.62477111816406,73.95344543457031,65.8376235961914,64.43272399902344,63.50143814086914,58.716434478759766,55.928688049316406,54.66392517089844,13567.6455078125,110.58187103271484,64.58123779296875
190000,200001,17,3,251,144,0,33042.49609375,672.6668701171875,284.67181396484375,215.58157348632812,156.8363037109375,123.40200805664062,117.60486602783203,99.20800018310547,77.54864501953125,74.25078582763672,70.89024353027344,68.18811798095703,64.2897720336914,57.58506774902344,53.27345275878906,51.71834945678711,46.96457290649414,13893.86328125,104.38973999023438,66.5947265625
190000,200001,17,3,251,144,1,33050.625,682.0908813476562,277.3346252441406,212.18994140625,150.94390869140625,120.8939208984375,111.42298126220703,95.8227767944336,76.94314575195312,74.35189819335938,70.46786499023438,62.52682876586914,61.464393615722656,59.73196029663086,58.585594177246094,52.666343688964844,50.62194061279297,13898.4091796875,107.64510345458984,61.21661376953125
195000,205001,17,3,252,150,0,33972.5234375,831.7350463867188,288.07196044921875,205.07330322265625,126.31015014648438,106.16471862792969,95.61420440673828,79.51766967773438,77.82510375976562,71.19083404541016,63.306209564208984,62.118160247802734,57.66615676879883,55.993221282958984,52.209163665771484,49.24310302734375,45.67921447753906,14292.26953125,98.68538665771484,60.053646087646484
195000,205001,17,3,252,150,1,34048.67578125,837.4109497070312,299.5522155761719,210.58302307128906,136.31797790527344,108.26520538330078,101.20305633544922,80.61141204833984,77.01232147216797,73.41284942626953,65.12506103515625,63.62248611450195,62.74386978149414,59.02131271362305,52.00577926635742,48.22587203979492,47.831783294677734,14329.5390625,95.16703796386719,53.981689453125
200000,210001,17,3,248,139,0,33260.62109375,1127.6995849609375,432.8741760253906,244.62203979492188,190.2483367919922,137.28562927246094,120.16483306884766,103.73229217529297,93.97295379638672,81.35420227050781,77.6375961303711,71.10621643066406,65.26713562011719,59.2253532409668,56.65591812133789,53.93766784667969,53.18046188354492,13965.2392578125,137.67355346679688,71.8301010131836
200000,210001,17,3,248,139,1,33271.9453125,1145.1568603515625,435.17437744140625,258.9791259765625,187.541015625,153.00582885742188,123.7684555053711,96.13477325439453,89.08492279052734,80.53248596191406,74.48519134521484,70.6658935546875,63.935272216796875,59.350135803222656,56.09269714355469,54.8481330871582,48.093868255615234,13973.44921875,149.85543823242188,84.65961456298828
205000,215001,17,3,253,154,0,34518.046875,745.1502685546875,355.0256042480469,222.60400390625,171.04647827148438,133.37991333007812,113.9601058959961,93.57933807373047,82.33936309814453,80.23949432373047,76.23107147216797,71.24795532226562,66.34459686279297,61.29045104980469,59.69905471801758,56.5916633605957,52.72600173950195,14499.6669921875,106.47602844238281,67.89137268066406
205000,215001,17,3,253,154,1,34530.90234375,725.6206665039062,343.2348937988281,230.5668182373047,176.0948028564453,125.64224243164062,114.16752624511719,90.09825897216797,84.27497863769531,78.84803771972656,76.7457275390625,72.76322937011719,65.33793640136719,60.513336181640625,56.6661491394043,54.592071533203125,47.49082565307617,14498.783203125,112.13134765625,71.59584045410156
210000,220001,17,3,250,152,0,34953.06640625,871.654541015625,354.8822326660156,181.27976989746094,160.9519805908203,132.6735382080078,111.24024200439453,89.649169921875,82.98652648925781,75.08248138427734,69.36872863769531,64.97099304199219,62.558406829833984,59.86743927001953,54.72674560546875,51.54999923706055,48.758575439453125,14686.5732421875,99.97442626953125,70.29129028320312
210000,220001,17,3,250,152,1,34994.8984375,861.630859375,368.9123840332031,192.50216674804688,156.64149475097656,139.16976928710938,103.77286529541016,91.9871597290039,85.76715087890625,77.9158706665039,68.78407287597656,64.30238342285156,61.074951171875,60.04042053222656,57.903839111328125,53.656524658203125,51.5097541809082,14711.83984375,111.52666473388672,64.73979949951172
215000,225001,17,3,253,148,0,35113.2578125,941.2584228515625,346.6759948730469,205.60202026367188,157.15682983398438,133.6393585205078,119.17952728271484,104.6897964477539,85.9248275756836,83.08966827392578,76.6399154663086,71.82015991210938,70.44660949707031,63.99599075317383,62.17882537841797,54.972015380859375,51.3661994934082,14789.2939453125,138.33851623535156,74.17378234863281
215000,225001,17,3,253,148,1,35136.06640625,923.3700561523438,338.4513854980469,200.8113250732422,138.57748413085938,128.66822814941406,119.06755065917969,96.18695831298828,90.3278579711914,83.76041412353516,75.81678009033203,71.31159973144531,64.73013305664062,61.63495635986328,59.886417388916016,55.053279876708984,54.09984588623047,14796.7421875,131.7843780517578,71.21337890625
220000,230001,17,3,251,151,0,35517.1640625,819.3480834960938,320.0179748535156,241.59466552734375,138.99110412597656,111.77590942382812,106.68253326416016,82.0415267944336,79.33316040039062,72.68048095703125,70.76692199707031,62.5193977355957,59.090267181396484,57.30552291870117,55.7422981262207,52.146793365478516,44.95127868652344,14967.912109375,104.75193786621094,60.10404586791992
220000,230001,17,3,251,151,1,35547.1171875,830.5194091796875,313.6044006347656,231.5924530029297,142.09426879882812,112.10421752929688,107.17086791992188,82.06072235107422,75.92024230957031,74.06201171875,69.65623474121094,66.6838150024414,62.41128921508789,60.30971908569336,56.723453521728516,52.713768005371094,46.77113723754883,14983.087890625,103.38928985595703,65.46395111083984
225000,235001,17,3,248,163,0,37295.875,783.2818603515625,323.7854309082031,205.24241638183594,170.74520874023438,142.88108825683594,105.33271789550781,91.3277359008789,85.57545471191406,81.37382507324219,72.69407653808594,70.32719421386719,67.1141128540039,62.69255447387695,53.89873123168945,50.74105453491211,47.586334228515625,15677.7470703125,121.59373474121094,68.9572982788086
225000,235001,17,3,248,163,1,37251.33203125,790.8864135742188,314.5408935546875,204.03652954101562,164.29869079589844,127.83857727050781,99.74378967285156,91.69969940185547,79.87718200683594,76.27605438232422,72.03388214111328,69.26929473876953,66.7178955078125,63.645713806152344,59.03792190551758,55.79314422607422,54.17362976074219,15655.689453125,115.4664306640625,71.71920013427734
230000,240001,17,3,253,155,0,36988.35546875,704.4329833984375,325.9432678222656,224.1376953125,154.2257843017578,128.94078063964844,124.82037353515625,97.54151916503906,86.18059539794922,79.73397064208984,75.2104721069336,70.30199432373047,67.1471176147461,62.23040771484375,61.05146789550781,56.662593841552734,55.45255661010742,15546.8642578125,176.8767547607422,67.51899719238281
230000,240001,17,3,253,155,1,36953.12109375,735.3832397460938,328.5783386230469,232.27481079101562,169.2494659423828,136.72630310058594,129.8909149169922,94.60384368896484,84.88912200927734,78.9471664428711,77.71916198730469,73.45450592041016,70.14006805419922,64.14517974853516,61.92230987548828,58.645347595214844,50.348880767822266,15537.6337890625,204.3316650390625,77.278564453125
235000,245001,17,3,254,154,0,37695.51171875,688.712646484375,316.3641052246094,219.0384979248047,146.071533203125,128.07838439941406,114.40823364257812,104.83927154541016,96.06201171875,90.15589141845703,82.98493194580078,78.91299438476562,76.38990020751953,73.29454040527344,68.93295288085938,66.18412017822266,60.75617218017578,15842.7802734375,122.75132751464844,77.14026641845703
235000,245001,17,3,254,154,1,37671.484375,699.8329467773438,320.07623291015625,221.1373291015625,152.99281311035156,126.95542907714844,121.8522720336914,105.7001953125,94.8508071899414,92.98848724365234,89.24340057373047,87.9215316772461,78.30358123779297,75.23970794677734,70.82673645019531,66.4816665649414,63.88783645629883,15837.142578125,123.38240051269531,89.16484069824219
240000,250001,17,3,253,161,0,38058.9765625,604.23291015625,310.4800720214844,186.19346618652344,142.7780303955078,117.0214614868164,100.70753479003906,87.43241119384766,78.76193237304688,75.499267578125,68.3287353515625,64.33494567871094,59.44947814941406,58.20956039428711,54.87832260131836,51.68499755859375,47.51803207397461,16023.61328125,110.45414733886719,68.39183807373047
240000,250001,17,3,253,161,1,37999.34375,606.7471923828125,316.9787902832031,175.76856994628906,146.9422149658203,115.74549865722656,100.94832611083984,83.6927261352539,79.38253021240234,75.24480438232422,68.35549926757812,63.4111213684082,60.200260162353516,57.25715637207031,55.02423095703125,49.74398422241211,45.9677734375,16004.8134765625,111.04615020751953,71.12715148925781
245000,255001,17,3,253,165,0,38141.09765625,844.3031616210938,326.1003723144531,238.24774169921875,182.95416259765625,124.54104614257812,110.22703552246094,94.06732940673828,87.13262939453125,78.49604034423828,74.5706787109375,74.06065368652344,70.364501953125,65.55362701416016,62.6223258972168,61.7723274230957,54.64181900024414,16035.2119140625,137.74313354492188,70.34110260009766
245000,255001,17,3,253,165,1,38170.4375,851.084716796875,330.8995056152344,229.4162139892578,180.9410858154297,121.52806854248047,105.71113586425781,98.74858093261719,91.87277221679688,88.64894104003906,74.45996856689453,74.05863952636719,67.54600524902344,65.17001342773438,59.018043518066406,58.158992767333984,53.352630615234375,16038.1396484375,142.9059600830078,68.66558074951172
250000,260001,17,3,253,161,0,38440.4921875,984.5043334960938,281.6353454589844,225.7623291015625,166.795166015625,138.2257843017578,129.671142578125,113.97089385986328,96.61737823486328,90.46166229248047,81.48760986328125,74.08391571044922,71.302978515625,67.68278503417969,64.19271850585938,59.21771240234375,53.61699295043945,16186.7158203125,106.87422943115234,69.50103759765625
250000,260001,17,3,253,161,1,38436.74609375,940.4794921875,282.1134338378906,228.2120361328125,153.6177520751953,132.96133422851562,114.29508209228516,100.8047866821289,84.9638442993164,80.49476623535156,74.2030258178711,69.49168395996094,66.4302749633789,63.09635925292969,60.575355529785156,58.52949905395508,53.65767288208008,16191.6669921875,109.00270080566406,69.22766876220703
255000,265001,17,3,250,159,0,38286.67578125,938.6943359375,356.3213195800781,239.95449829101562,211.4284210205078,139.8175811767578,122.36519622802734,110.3131332397461,95.96312713623047,89.7134780883789,72.23462677001953,69.56009674072266,66.4722671508789,60.65907287597656,57.706851959228516,50.20927047729492,48.552425384521484,16129.6796875,162.8544921875,64.37218475341797
255000,265001,17,3,250,159,1,38306.15234375,923.8670654296875,345.59149169921875,251.50888061523438,221.95738220214844,132.22198486328125,115.76048278808594,102.6747817993164,89.45729064941406,86.74854278564453,78.1596908569336,72.21038818359375,70.13352966308594,61.67965316772461,57.33448028564453,51.55006408691406,50.102787017822266,16131.765625,180.26181030273438,64.2033462524414
260000,270001,17,3,249,157,0,38353.71484375,724.5121459960938,299.46966552734375,202.5011749267578,144.6411895751953,122.21174621582031,100.36754608154297,96.78077697753906,78.93247985839844,73.90040588378906,71.79493713378906,67.6746826171875,60.668209075927734,56.90021514892578,55.10878372192383,51.81342697143555,43.561683654785156,16127.919921875,101.39968872070312,58.73273468017578
260000,270001,17,3,249,157,1,38288.6484375,733.9970092773438,305.398681640625,202.44512939453125,157.92239379882812,128.2164306640625,104.48629760742188,100.20795440673828,81.98796081542969,75.04297637939453,72.06370544433594,66.66578674316406,63.28158187866211,61.97097396850586,54.41625213623047,50.11842346191406,48.596458435058594,16094.046875,113.89566802978516,70.20515441894531
265000,275001,17,3,252,173,0,39349.07421875,751.6910400390625,336.6578369140625,201.3972930908203,184.751220703125,125.78638458251953,112.35231018066406,103.24364471435547,88.8607177734375,83.02947998046875,80.29937744140625,72.13340759277344,67.67454528808594,65.08789825439453,61.67780303955078,59.37677001953125,55.94501876831055,16520.734375,107.901123046875,64.92583465576172
265000,275001,17,3,252,173,1,39360.5390625,751.3863525390625,328.2646484375,206.96311950683594,170.69166564941406,126.81078338623047,108.3625717163086,94.51525115966797,84.20832061767578,80.91613006591797,75.85980987548828,72.81841278076172,67.4678955078125,63.688018798828125,58.1138916015625,55.564186096191406,52.6245231628418,16529.041015625,104.42488098144531,66.5400161743164
270000,280001,17,3,251,165,0,39270.49609375,687.534912109375,415.24072265625,290.9879150390625,179.61940002441406,119.61122131347656,103.92515563964844,88.40741729736328,77.04573822021484,69.84327697753906,66.74507904052734,63.128971099853516,57.24532699584961,51.78546905517578,50.96833801269531,47.94175338745117,46.10206985473633,16518.98046875,334.0697326660156,75.19001770019531
270000,280001,17,3,251,165,1,39190.19921875,699.1804809570312,427.09259033203125,288.58209228515625,187.77503967285156,130.5182342529297,116.77051544189453,100.55702209472656,89.29926300048828,73.41011047363281,68.6602554321289,63.16621780395508,58.86075210571289,53.772335052490234,52.69253921508789,49.4913215637207,44.32477951049805,16478.87109375,342.64886474609375,68.73031616210938
275000,285001,17,3,253,162,0,39457.25,682.1798095703125,297.9974060058594,179.6335906982422,153.2884979248047,114.8604736328125,93.2974624633789,91.38417053222656,85.42162322998047,70.06231689453125,68.7542724609375,65.64509582519531,60.67241287231445,56.778099060058594,55.95328903198242,52.76980972290039,50.78873825073242,16602.154296875,88.53994750976562,54.976287841796875
275000,285001,17,3,253,162,1,39505.015625,682.3526611328125,292.0404357910156,185.72653198242188,148.55233764648438,116.89041900634766,105.86940002441406,96.1183853149414,79.62023162841797,72.17867279052734,68.78601837158203,67.43740844726562,62.209754943847656,59.9753303527832,58.128868103027344,52.991546630859375,52.111175537109375,16627.119140625,92.6435317993164,60.97901916503906
280000,290001,17,3,252,160,0,40210.46875,706.2991333007812,387.28863525390625,254.7604217529297,151.0640411376953,129.89747619628906,100.15909576416016,90.10396575927734,84.00597381591797,82.0954818725586,78.69928741455078,70.5904312133789,67.8713150024414,65.11041259765625,59.823760986328125,56.49208068847656,52.614131927490234,16901.955078125,233.98619079589844,81.2120132446289
280000,290001,17,3,252,160,1,40198.640625,681.9613037109375,376.98870849609375,226.20220947265625,148.659912109375,139.48651123046875,116.44514465332031,100.60912322998047,88.68269348144531,86.44098663330078,79.328857421875,71.62355041503906,64.55084228515625,62.65494918823242,58.92441940307617,55.633975982666016,52.902183532714844,16899.935546875,192.4220428466797,81.4925308227539
285000,295001,17,3,251,167,0,41108.81640625,734.3169555664062,348.161865234375,210.86805725097656,137.8092041015625,136.7313690185547,113.49706268310547,99.626220703125,80.84542846679688,77.57077026367188,64.52887725830078,61.719581604003906,60.19327163696289,56.54137420654297,53.901268005371094,50.435028076171875,43.416908264160156,17312.140625,138.49374389648438,54.782535552978516
285000,295001,17,3,251,167,1,41108.23046875,745.6000366210938,344.5377502441406,204.6228485107422,140.2318878173828,121.21368408203125,113.42556762695312,92.60103607177734,75.89517211914062,66.66732025146484,64.57402801513672,56.976768493652344,56.126319885253906,53.039546966552734,52.00279998779297,47.2488899230957,46.28609085083008,17315.443359375,130.924560546875,55.17340087890625
290000,300001,17,3,253,174,0,40580.53125,704.1693725585938,359.9503479003906,239.57850646972656,165.1291961669922,136.16969299316406,107.51378631591797,100.75078582763672,91.25242614746094,84.52533721923828,73.96434020996094,70.88896942138672,70.76465606689453,66.3231430053711,61.12246322631836,57.553550720214844,53.444976806640625,17043.90234375,115.6467514038086,68.08809661865234
290000,300001,17,3,253,174,1,40534.4296875,706.2061157226562,356.4619140625,237.71658325195312,157.77027893066406,137.46051025390625,109.90596008300781,103.91635131835938,94.46282196044922,89.1189956665039,78.13667297363281,71.90027618408203,68.03868103027344,63.960994720458984,63.60874938964844,57.23991775512695,54.414546966552734,17033.708984375,121.27953338623047,76.67522430419922
295000,305001,17,3,254,168,0,42278.90234375,626.0675659179688,311.21673583984375,214.44482421875,131.61163330078125,109.13329315185547,91.79888916015625,88.15996551513672,77.75873565673828,75.9732666015625,70.95771026611328,68.09761810302734,65.98236083984375,61.787540435791016,57.51213073730469,50.431884765625,48.008445739746094,17843.888671875,96.25259399414062,61.78017044067383
295000,305001,17,3,254,168,1,42235.9140625,628.1607055664062,308.6767578125,219.4435577392578,132.40110778808594,105.01739501953125,94.72575378417969,88.0857925415039,81.43035888671875,77.62995147705078,75.30551147460938,71.14982604980469,68.51980590820312,60.69427490234375,57.17699432373047,54.44824981689453,51.195457458496094,17834.958984375,113.55535125732422,69.86041259765625
300000,310001,17,3,249,173,0,41897.6328125,924.8768310546875,375.5726013183594,201.60279846191406,170.77708435058594,154.05921936035156,131.59237670898438,103.4305419921875,87.5504379272461,80.39715576171875,75.0953598022461,70.18696594238281,64.25920104980469,58.418338775634766,57.11018753051758,54.75373840332031,45.259979248046875,17593.494140625,114.71257019042969,69.84811401367188
300000,310001,17,3,249,173,1,41831.98828125,939.5162353515625,383.6068115234375,208.95513916015625,168.3065948486328,153.46023559570312,118.88957977294922,104.52787017822266,85.43465423583984,78.4959487915039,76.70829010009766,69.17943572998047,59.834190368652344,57.55363845825195,54.94581985473633,53.454769134521484,49.00563430786133,17568.796875,111.84263610839844,69.61089324951172
305000,315001,17,3,256,185,0,41886.921875,924.5712890625,310.2326965332031,201.1101837158203,162.4225311279297,138.36097717285156,120.80299377441406,106.79019165039062,88.60443115234375,79.21381378173828,72.64442443847656,65.29647827148438,61.881710052490234,55.83870315551758,52.9217643737793,49.868682861328125,46.95096969604492,17618.025390625,117.03153991699219,76.01870727539062
305000,315001,17,3,256,185,1,41919.56640625,920.10400390625,295.677734375,194.6480712890625,162.19305419921875,130.01922607421875,116.25774383544922,102.26174926757812,87.04325103759766,80.05927276611328,73.73619842529297,67.68163299560547,64.02828216552734,56.80072021484375,53.62546920776367,50.13371276855469,47.72938537597656,17634.59375,113.88372039794922,75.72953796386719
310000,320001,17,3,252,176,0,41085.71875,645.3319702148438,277.4397888183594,184.82940673828125,148.42874145507812,118.93125915527344,100.67212677001953,95.4639663696289,78.90718078613281,73.81851959228516,69.14238739013672,61.1395378112793,60.540279388427734,59.109413146972656,54.094139099121094,51.2615966796875,49.138038635253906,17321.197265625,96.78253936767578,65.61480712890625
310000,320001,17,3,252,176,1,41080.1484375,643.4182739257812,276.49566650390625,183.1898956298828,145.46388244628906,120.14213562011719,102.6594467163086,92.01290893554688,78.15003967285156,72.03009033203125,65.24925994873047,62.486122131347656,60.01911163330078,59.03305435180664,56.02389144897461,54.133628845214844,50.00325012207031,17312.283203125,100.80826568603516,63.61998748779297
315000,325001,17,3,253,173,0,42015.515625,860.0422973632812,307.2788391113281,204.67251586914062,158.21063232421875,130.8056640625,113.96312713623047,90.2091293334961,86.31706237792969,81.96702575683594,78.67239379882812,74.4400634765625,68.73258209228516,67.5046615600586,58.07366180419922,54.216552734375,48.452850341796875,17672.76953125,118.18225860595703,83.42385864257812
315000,325001,17,3,253,173,1,42006.25,889.7974243164062,301.8522644042969,198.03428649902344,155.09686279296875,123.05229187011719,109.98221588134766,89.86165618896484,77.3194808959961,75.556884765625,73.78445434570312,68.45211029052734,63.72377395629883,60.306373596191406,57.510623931884766,54.28243637084961,50.97502899169922,17673.1953125,115.6917495727539,64.7421646118164
320000,330001,17,3,250,179,0,42522.609375,634.824462890625,309.6176452636719,176.96063232421875,140.46099853515625,108.83291625976562,104.61992645263672,83.97694396972656,72.23331451416016,69.80549621582031,62.973506927490234,58.75233840942383,56.73935317993164,52.74181365966797,50.56793212890625,48.00476837158203,44.91815185546875,17916.681640625,101.33563995361328,53.17539596557617
320000,330001,17,3,250,179,1,42485.5078125,632.58984375,293.2812194824219,172.18215942382812,133.0854034423828,104.19432830810547,93.13957977294922,85.78361511230469,71.40205383300781,69.78780364990234,65.34379577636719,61.937828063964844,60.108787536621094,53.731346130371094,51.815792083740234,45.553646087646484,42.180694580078125,17898.58203125,94.2345962524414,57.00355529785156
325000,335001,17,3,252,188,0,42479.59375,842.1295776367188,340.3744812011719,176.0713653564453,149.84169006347656,112.90715789794922,108.00857543945312,97.14816284179688,77.8270263671875,72.6915283203125,68.43711853027344,65.6025390625,61.82221603393555,60.39092254638672,56.748634338378906,52.58076858520508,48.9106330871582,17897.18359375,114.4258041381836,63.53355026245117
325000,335001,17,3,252,188,1,42552.5625,844.6484375,325.5265808105469,174.47999572753906,149.8971710205078,114.9395523071289,109.1972885131836,94.94258117675781,82.13300323486328,77.9891357421875,74.13578796386719,66.27313232421875,63.05750274658203,55.21901321411133,53.680137634277344,52.85289764404297,48.36077117919922,17927.548828125,114.28705596923828,54.62715148925781
330000,340001,17,3,253,173,0,44162.06640625,594.9956665039062,296.3083801269531,190.3836212158203,125.74996948242188,107.62862396240234,87.63825225830078,74.67041778564453,69.5343017578125,66.07259368896484,61.656803131103516,59.89704513549805,55.63638687133789,54.63649368286133,49.47452163696289,48.39311981201172,43.652984619140625,18619.6875,91.15972900390625,54.021636962890625
330000,340001,17,3,253,173,1,44077.12109375,594.6802368164062,295.3653564453125,192.69422912597656,133.92996215820312,120.95620727539062,103.0311279296875,83.35364532470703,78.12205505371094,69.86408233642578,65.70773315429688,63.356361389160156,60.564247131347656,56.053585052490234,51.432308197021484,46.8298454284668,45.88804626464844,18585.107421875,97.37135314941406,60.8164176940918
335000,345001,17,3,253,181,0,43227.828125,678.1067504882812,339.4022521972656,209.1811981201172,147.1488494873047,129.49293518066406,106.5676040649414,97.008544921875,86.00415802001953,76.92583465576172,73.2499771118164,70.22395324707031,67.9065170288086,64.3811264038086,59.78363800048828,56.83076477050781,56.31818771362305,18173.0,112.6951675415039,68.99147033691406
335000,345001,17,3,253,181,1,43278.09765625,685.5263061523438,330.6196594238281,194.10098266601562,149.2433319091797,145.08071899414062,134.77444458007812,100.64299011230469,90.03199005126953,81.63851165771484,77.2985610961914,73.39814758300781,67.69114685058594,61.323123931884766,60.37562561035156,52.1423225402832,50.77595138549805,18193.068359375,132.8569793701172,75.38689422607422
340000,350001,17,3,255,180,0,43687.0390625,609.2190551757812,316.8028564453125,201.2209930419922,160.9612274169922,131.5308837890625,118.936767578125,91.481689453125,85.14534759521484,72.29857635498047,70.49815368652344,65.55625915527344,63.85116958618164,59.67151641845703,54.90864944458008,51.848976135253906,45.47020721435547,18401.1484375,121.76445770263672,67.1976089477539
340000,350001,17,3,255,180,1,43681.20703125,601.7743530273438,321.8162841796875,213.658203125,156.42800903320312,130.99362182617188,110.80004119873047,96.44055938720703,79.80209350585938,78.34565734863281,73.70243835449219,68.15174865722656,63.14145278930664,58.77079772949219,55.56941223144531,54.474483489990234,47.101776123046875,18389.35546875,119.23699188232422,73.8115234375
345000,355001,17,3,252,189,0,45451.22265625,591.8527221679688,312.5059509277344,167.1992645263672,141.4220428466797,115.24578094482422,96.0621337890625,74.32359313964844,71.24111938476562,66.43629455566406,62.23105239868164,61.56052017211914,53.2634391784668,52.6037712097168,47.57939910888672,44.262168884277344,42.66058349609375,19135.265625,111.2994384765625,52.77116775512695
345000,355001,17,3,252,189,1,45433.49609375,589.0859375,307.27789306640625,162.37400817871094,143.87649536132812,107.7806396484375,97.87346649169922,79.2131576538086,72.06269836425781,68.3290023803711,62.31344223022461,60.289695739746094,56.98982620239258,55.97947692871094,52.2796745300293,47.5283088684082,45.66656494140625,19125.328125,109.93004608154297,56.81974792480469
350000,360001,17,3,250,181,0,44095.26171875,697.6064453125,354.6003723144531,219.66781616210938,146.2469024658203,125.9173355102539,110.7314224243164,93.25340270996094,86.26905822753906,74.89781188964844,69.8760986328125,65.80601501464844,64.26435852050781,57.685420989990234,55.60710525512695,51.6049690246582,47.88835525512695,18531.212890625,116.13359069824219,61.82681655883789
350000,360001,17,3,250,181,1,44075.61328125,699.5339965820312,355.3468017578125,229.6619415283203,138.40386962890625,121.81087493896484,105.66219329833984,92.3871078491211,86.54969024658203,75.86035919189453,73.79117584228516,68.3567886352539,65.81863403320312,60.73490524291992,58.372642517089844,50.5869026184082,45.2044563293457,18524.259765625,109.26760864257812,68.28527069091797
355000,365001,17,3,252,187,0,44293.5,857.8577270507812,298.5637512207031,231.35565185546875,154.04019165039062,121.06364440917969,97.63050079345703,87.47471618652344,79.92741394042969,74.74610137939453,67.33130645751953,66.55206298828125,61.003231048583984,58.10146713256836,54.44872283935547,50.35194778442383,45.16322708129883,18620.77734375,127.9537582397461,68.44168853759766
355000,365001,17,3,252,187,1,44296.30859375,866.7390747070312,297.2548828125,230.22348022460938,150.15826416015625,128.45309448242188,98.05661010742188,90.18989562988281,87.08659362792969,75.11238098144531,73.61946868896484,68.53758239746094,62.56845474243164,61.39837646484375,55.7086296081543,51.80126953125,50.75532531738281,18620.0703125,135.2275848388672,76.56535339355469
360000,370001,17,3,250,177,0,44517.4140625,832.48974609375,317.7718505859375,210.4578094482422,141.5849151611328,126.8790512084961,118.61131286621094,92.16968536376953,84.90352630615234,73.33370971679688,70.2652587890625,67.22261810302734,64.96080780029297,61.6221923828125,56.37001037597656,52.52323532104492,49.30299377441406,18740.833984375,112.826171875,65.9482192993164
360000,370001,17,3,250,177,1,44513.35546875,821.9369506835938,332.5276184082031,216.25489807128906,141.4975128173828,121.56112670898438,107.42155456542969,85.7703857421875,77.02520751953125,70.51317596435547,65.23258972167969,63.65864181518555,58.9734001159668,57.29174041748047,52.571258544921875,49.41938781738281,47.36993408203125,18738.630859375,108.40216064453125,68.88277435302734
365000,375001,17,3,251,179,0,44135.609375,712.400146484375,325.9661560058594,198.41732788085938,153.0574493408203,117.91419982910156,99.48014831542969,83.06673431396484,78.6546859741211,71.94941711425781,64.65373229980469,62.7681770324707,59.22496795654297,56.83982849121094,50.920440673828125,47.45332336425781,42.966190338134766,18618.18359375,110.06034088134766,67.62661743164062
365000,375001,17,3,251,179,1,44067.3203125,713.1539306640625,318.56512451171875,206.6475067138672,160.10629272460938,117.28964233398438,107.11809539794922,93.29727172851562,86.54622650146484,73.06256866455078,65.67605590820312,62.81444549560547,58.38554763793945,52.49065017700195,51.64249801635742,49.299678802490234,44.57304763793945,18589.53125,107.79450225830078,65.32405090332031
370000,380001,17,3,254,188,0,44325.453125,729.4505004882812,326.1030578613281,189.50070190429688,138.3006134033203,123.77484130859375,114.70952606201172,101.4439926147461,86.91936492919922,77.20523834228516,68.15567779541016,64.9834976196289,60.5941047668457,52.270851135253906,51.00368881225586,46.28136444091797,43.80680465698242,18683.5703125,122.69795227050781,58.496578216552734
370000,380001,17,3,254,188,1,44357.65625,739.6795043945312,321.7303466796875,190.0566864013672,137.1107635498047,118.99878692626953,105.66378021240234,99.31034851074219,89.61023712158203,79.45301055908203,72.0963134765625,67.94625854492188,62.00223922729492,58.097530364990234,50.5416259765625,48.728023529052734,43.87913513183594,18699.537109375,117.28665161132812,65.85394287109375
375000,385001,17,3,250,184,0,44521.2734375,597.3402709960938,272.8297424316406,185.98521423339844,131.87632751464844,116.26097106933594,97.65409088134766,77.10400390625,74.51509094238281,68.1578140258789,59.28843307495117,57.50107192993164,55.281105041503906,53.60107421875,50.29038619995117,46.131683349609375,41.94999694824219,18763.224609375,104.76747131347656,52.205299377441406
375000,385001,17,3,250,184,1,44566.984375,604.7515869140625,283.0649719238281,182.84591674804688,141.68899536132812,121.79535675048828,117.90477752685547,84.17982482910156,70.95680236816406,67.68159484863281,63.014076232910156,62.82130813598633,57.629364013671875,55.89564895629883,54.21820831298828,52.989112854003906,45.95197677612305,18776.90625,103.43978881835938,58.74809646606445
380000,390001,17,3,253,191,0,45478.359375,720.29150390625,318.9555358886719,197.00753784179688,150.935791015625,111.5079345703125,101.64875793457031,80.36650848388672,76.12926483154297,74.59174346923828,70.46466064453125,64.1781234741211,61.865596771240234,56.33198928833008,55.79110336303711,47.177093505859375,45.06649398803711,19142.921875,121.5387191772461,61.843833923339844
380000,390001,17,3,253,191,1,45393.77734375,710.48974609375,308.3223571777344,195.7378387451172,139.7126922607422,118.8305892944336,102.14044189453125,81.74718475341797,80.06747436523438,74.4517822265625,69.445068359375,67.8533706665039,66.17210388183594,62.26906204223633,61.52313995361328,56.06492614746094,53.95218276977539,19108.69140625,115.21331024169922,61.551456451416016
385000,395001,17,3,255,190,0,45906.38671875,1177.1761474609375,352.8109436035156,212.9403076171875,157.5428009033203,116.39045715332031,105.9105224609375,98.05128479003906,86.24352264404297,78.23178100585938,73.774169921875,66.87117767333984,62.225921630859375,57.691429138183594,56.054866790771484,51.77335739135742,44.65253448486328,19273.880859375,139.99928283691406,65.36262512207031
385000,395001,17,3,255,190,1,45939.328125,1169.9835205078125,360.30035400390625,207.61431884765625,169.21014404296875,120.42597961425781,108.59403228759766,102.76960754394531,81.9087142944336,73.791748046875,72.56022644042969,68.4793472290039,64.69894409179688,57.84951400756836,55.6710205078125,50.618553161621094,43.528629302978516,19282.451171875,124.55875396728516,65.47210693359375
390000,400001,17,3,255,184,0,46243.15234375,835.0238647460938,365.86004638671875,253.21412658691406,161.36317443847656,140.04673767089844,126.44607543945312,117.75284576416016,85.11197662353516,76.82572937011719,73.12862396240234,65.60681915283203,60.82952880859375,57.34733581542969,52.33548355102539,49.907535552978516,46.311344146728516,19443.51171875,116.12151336669922,69.3203353881836
390000,400001,17,3,255,184,1,46175.546875,855.3663330078125,371.9173583984375,244.69961547851562,161.2825164794922,139.2833251953125,126.66624450683594,115.87002563476562,87.88320922851562,81.44412994384766,77.24818420410156,70.69346618652344,63.9972038269043,62.2819938659668,58.828941345214844,56.53007888793945,54.018402099609375,19415.60546875,124.59236907958984,76.44453430175781
395000,405001,17,3,255,187,0,45274.01171875,806.3778076171875,334.09228515625,191.8489227294922,161.20455932617188,110.51395416259766,103.53150177001953,90.3138656616211,82.40145111083984,70.69330596923828,67.25234985351562,65.23945617675781,63.512916564941406,59.65488052368164,55.129085540771484,51.42179870605469,49.66400146484375,19035.95703125,172.12939453125,73.41829681396484
395000,405001,17,3,255,187,1,45383.4375,843.3455200195312,333.898193359375,202.4308319091797,161.0670928955078,119.22188568115234,107.17327880859375,103.73046112060547,83.69950866699219,73.79170227050781,69.54788970947266,63.7347526550293,62.1745719909668,60.00063705444336,56.1811408996582,54.76945495605469,51.576019287109375,19074.25,181.20132446289062,84.3006591796875
400000,410001,17,3,254,191,0,45665.40234375,947.0059814453125,386.6658935546875,218.1929473876953,171.3040771484375,159.35369873046875,120.8480224609375,100.61064910888672,90.33302307128906,85.22370147705078,79.94615936279297,70.66832733154297,66.43067169189453,62.23281478881836,61.21796798706055,55.723609924316406,50.2838134765625,19216.236328125,102.48385620117188,66.16642761230469
400000,410001,17,3,254,191,1,45691.62109375,937.4873657226562,385.12542724609375,212.01661682128906,168.9794158935547,150.57872009277344,118.48182678222656,105.6868667602539,91.14847564697266,74.42880249023438,72.72610473632812,69.72806549072266,66.60004425048828,61.7951774597168,56.92403793334961,54.18597412109375,47.37125778198242,19228.85546875,90.32844543457031,74.2291030883789
405000,415001,17,3,250,190,0,45688.24609375,593.9014892578125,280.206298828125,184.30946350097656,154.18890380859375,115.34989166259766,99.47443389892578,87.17305755615234,76.56329345703125,73.3175277709961,71.92041778564453,60.76615905761719,58.99711227416992,55.26618957519531,53.34434127807617,49.219810485839844,47.72004318237305,19265.421875,103.77095031738281,65.8171615600586
405000,415001,17,3,250,190,1,45703.85546875,590.2797241210938,294.5298156738281,186.5321502685547,152.9661865234375,123.07782745361328,114.35448455810547,98.483154296875,81.953125,71.50468444824219,65.45503997802734,62.343868255615234,55.425201416015625,53.85763931274414,53.17015838623047,49.732872009277344,44.93687057495117,19269.587890625,109.32798767089844,60.17670822143555
410000,420001,17,3,250,187,0,45526.27734375,760.9154663085938,296.4911193847656,193.08871459960938,171.95199584960938,136.01531982421875,109.05806732177734,103.92870330810547,81.8924789428711,72.90797424316406,69.6648178100586,66.40451049804688,65.34271240234375,62.189353942871094,58.31652069091797,55.11045837402344,44.22709655761719,19127.78515625,121.66829681396484,69.51905059814453
410000,420001,17,3,250,187,1,45517.2265625,750.1866455078125,304.6602783203125,202.49917602539062,172.78074645996094,127.80719757080078,125.98892211914062,93.53551483154297,89.2831039428711,77.37117004394531,68.5948715209961,67.53569030761719,64.62195587158203,63.02134323120117,61.00239944458008,55.83877944946289,51.182559967041016,19123.201171875,115.36309051513672,68.60054779052734
415000,425001,17,3,253,188,0,46358.7265625,753.970947265625,400.6302185058594,186.97293090820312,143.24403381347656,118.41188049316406,102.02731323242188,83.76560974121094,78.27230072021484,69.2628402709961,65.29581451416016,61.66495895385742,59.248313903808594,56.8130989074707,53.28959655761719,49.1667366027832,42.15619659423828,19542.373046875,102.0879898071289,62.0908088684082
415000,425001,17,3,253,188,1,46328.86328125,754.5552978515625,401.54534912109375,194.38153076171875,150.29212951660156,114.25389862060547,100.1114273071289,92.62850189208984,77.66270446777344,70.7057876586914,67.12036895751953,64.04634094238281,59.99412155151367,57.85508728027344,52.80632019042969,48.789363861083984,46.98579025268555,19531.91796875,108.12279510498047,57.118011474609375
420000,430001,17,3,252,198,0,46393.6875,565.1175537109375,292.7554016113281,164.3733673095703,144.28314208984375,120.23211669921875,109.18350219726562,89.28704833984375,81.9118881225586,77.7385482788086,74.27995300292969,63.5297966003418,58.216732025146484,56.06246566772461,54.75257110595703,49.705291748046875,45.224754333496094,19555.109375,94.07730865478516,62.737449645996094
420000,430001,17,3,252,198,1,46430.52734375,569.2529296875,301.19818115234375,161.5435791015625,136.89698791503906,119.05419158935547,105.44025421142578,94.9729232788086,76.28374481201172,68.2138671875,66.57633972167969,63.190818786621094,58.2680549621582,56.318748474121094,51.31612014770508,47.6512565612793,40.05329513549805,19570.45703125,102.60626983642578,64.16205596923828
425000,435001,17,3,248,183,0,45874.20703125,740.1876831054688,315.5462951660156,196.6806640625,155.33212280273438,122.88521575927734,110.61588287353516,102.10889434814453,89.47401428222656,83.27035522460938,80.92214965820312,71.60227966308594,70.33000183105469,69.09851837158203,62.110084533691406,58.50183868408203,56.35374069213867,19265.8125,125.08594512939453,79.31138610839844
425000,435001,17,3,248,183,1,45868.79296875,731.0321044921875,320.1007995605469,200.40553283691406,158.30262756347656,125.07752990722656,113.02207946777344,96.77046966552734,90.13984680175781,78.37049102783203,74.81294250488281,70.30357360839844,68.09616088867188,66.84134674072266,61.229434967041016,59.8641242980957,55.9112548828125,19267.5859375,129.25192260742188,86.1108627319336
430000,440001,17,3,253,188,0,47640.43359375,671.3386840820312,305.3867492675781,213.5238494873047,156.48402404785156,125.95856475830078,102.66026306152344,85.8196792602539,78.6047134399414,75.1169204711914,68.08203125,64.85477447509766,59.011165618896484,54.80796813964844,51.550350189208984,49.754459381103516,46.59097671508789,19993.931640625,94.51396179199219,54.054168701171875
430000,440001,17,3,253,188,1,47644.04296875,668.2322387695312,322.2486267089844,204.02395629882812,162.27748107910156,131.42184448242188,118.05194091796875,90.19161224365234,78.1494369506836,70.15225982666016,66.36151885986328,63.00367736816406,60.17877197265625,57.66326141357422,49.681121826171875,47.664337158203125,44.467002868652344,19993.51171875,102.16238403320312,53.551639556884766
435000,445001,17,3,246,192,0,46555.59375,535.1570434570312,273.2955627441406,180.37538146972656,141.8434600830078,126.49967193603516,108.2953109741211,84.9276351928711,80.60515594482422,72.12906646728516,60.76176452636719,59.797916412353516,56.38440704345703,51.514869689941406,50.69266891479492,50.10142517089844,45.58756637573242,19599.96875,127.48235321044922,57.737770080566406
435000,445001,17,3,246,192,1,46609.77734375,534.8002319335938,271.6540222167969,180.1365203857422,132.4691619873047,120.07559967041016,96.68991088867188,86.03114318847656,75.00670623779297,70.97148895263672,61.148902893066406,56.9695930480957,55.889896392822266,51.98065185546875,45.18507766723633,43.70977783203125,41.04518127441406,19613.64453125,123.82820892333984,64.74492645263672
440000,450001,17,3,248,190,0,46287.4375,717.7506713867188,273.8752136230469,184.22808837890625,131.2352294921875,128.3688507080078,120.4376220703125,90.6229019165039,86.0604476928711,78.27809143066406,66.66022491455078,63.201168060302734,62.95438766479492,56.475563049316406,55.000633239746094,50.221290588378906,45.48274612426758,19505.943359375,88.98403930664062,60.836856842041016
440000,450001,17,3,248,190,1,46287.91015625,732.9443969726562,265.64935302734375,185.0679931640625,132.4023895263672,118.1287841796875,103.15570068359375,90.40271759033203,85.45724487304688,74.03572845458984,66.66121673583984,64.32757568359375,59.45298767089844,57.80586624145508,54.895652770996094,51.853057861328125,45.231021881103516,19507.05078125,88.55622863769531,57.97477722167969
445000,455001,17,3,252,191,0,46521.6171875,998.2915649414062,309.5912780761719,183.42098999023438,135.88426208496094,105.34317016601562,93.64046478271484,87.0013656616211,75.54194641113281,70.63338470458984,65.84446716308594,61.389278411865234,59.678768157958984,55.31004333496094,52.61101150512695,49.79792022705078,45.577491760253906,19552.05078125,110.86414337158203,65.94158172607422
445000,455001,17,3,252,191,1,46592.45703125,1023.675537109375,326.7785949707031,183.59536743164062,137.90585327148438,115.57433319091797,99.03038024902344,91.39522552490234,82.87324523925781,74.55359649658203,68.89651489257812,63.14726257324219,61.81083679199219,59.72730255126953,58.0920524597168,53.45650863647461,50.453582763671875,19583.041015625,109.96533203125,72.60429382324219
450000,460001,17,3,254,199,0,46977.95703125,1102.5604248046875,302.4053955078125,192.22740173339844,161.34912109375,127.00137329101562,119.83839416503906,95.53538513183594,75.82661437988281,74.7958755493164,65.1831283569336,61.64874267578125,59.5662841796875,55.977298736572266,51.777137756347656,49.20726013183594,43.74774169921875,19761.921875,97.04871368408203,61.949588775634766
450000,460001,17,3,254,199,1,47038.34375,1113.041015625,310.8584289550781,200.96267700195312,169.94480895996094,126.05549621582031,119.0801773071289,87.69552612304688,78.73311614990234,69.2533950805664,67.30685424804688,63.51668930053711,60.962459564208984,55.89315414428711,51.72032928466797,49.08003234863281,39.61512756347656,19786.955078125,106.06269836425781,62.30707550048828
455000,465001,17,3,250,196,0,47499.95703125,606.9312133789062,211.686767578125,170.3589324951172,134.02920532226562,113.34918975830078,98.17877197265625,82.5429458618164,78.71548461914062,72.61363220214844,66.99154663085938,64.34115600585938,57.903846740722656,53.38200378417969,51.7808952331543,48.69084548950195,42.250038146972656,20012.373046875,114.12435150146484,71.36961364746094
455000,465001,17,3,250,196,1,47491.109375,607.7924194335938,220.64199829101562,176.9341583251953,135.81985473632812,112.80166625976562,96.93577575683594,86.81118774414062,76.93114471435547,69.98200225830078,67.62561798095703,62.54839324951172,60.673065185546875,55.913944244384766,51.65049362182617,50.648616790771484,47.68769454956055,20008.876953125,109.71083068847656,62.047523498535156
460000,470001,17,3,249,196,0,47378.11328125,838.4873046875,280.14495849609375,201.0416259765625,147.09713745117188,121.73052978515625,107.15483093261719,87.3965835571289,81.46524047851562,77.56895446777344,64.53730773925781,58.18964767456055,56.41664505004883,51.281978607177734,49.750179290771484,46.28664016723633,43.89314651489258,19947.6484375,117.64079284667969,69.4271240234375
460000,470001,17,3,249,196,1,47367.4921875,834.6654663085938,267.81781005859375,206.0762176513672,139.22923278808594,111.40117645263672,98.63858032226562,90.46458435058594,76.40196228027344,72.8047103881836,66.08476257324219,63.02195358276367,57.95768356323242,54.88811111450195,51.254844665527344,45.42060470581055,40.16726303100586,19942.171875,107.38118743896484,59.906036376953125
465000,475001,17,3,251,200,0,47514.98046875,800.1361083984375,288.7745666503906,199.99171447753906,163.29562377929688,153.40447998046875,119.27794647216797,92.10291290283203,84.3346939086914,77.93108367919922,73.2681655883789,67.46205139160156,63.262664794921875,60.08463668823242,54.005775451660156,50.47688293457031,49.838993072509766,19983.68359375,139.97779846191406,73.50466918945312
465000,475001,17,3,251,200,1,47567.03515625,799.4239501953125,286.142822265625,200.31500244140625,158.7748565673828,136.3379669189453,106.649658203125,90.73466491699219,89.53496551513672,75.88565063476562,68.53717041015625,63.5123176574707,60.33314514160156,55.62430953979492,53.4912223815918,49.565982818603516,47.21769714355469,19998.150390625,141.9325714111328,75.86508178710938
470000,480001,17,3,251,191,0,47643.296875,836.1388549804688,320.0071105957031,201.81825256347656,189.2611541748047,159.24783325195312,148.94227600097656,114.58346557617188,101.9965591430664,101.3632583618164,89.49374389648438,83.38497161865234,71.44036102294922,67.12950134277344,61.94282913208008,53.96727752685547,51.08387756347656,20051.078125,198.02635192871094,93.36424255371094
470000,480001,17,3,251,191,1,47662.55078125,831.5368041992188,301.3737487792969,208.78892517089844,191.70933532714844,145.06663513183594,129.99571228027344,114.625732421875,104.72152709960938,90.02999877929688,85.01673889160156,78.68705749511719,68.68003845214844,63.76560974121094,53.2148551940918,51.062461853027344,46.880802154541016,20059.458984375,202.3663330078125,78.32243347167969
475000,485001,17,3,253,202,0,47390.41015625,638.2117309570312,279.7760009765625,188.49903869628906,145.59323120117188,131.15638732910156,108.84180450439453,87.44656372070312,82.8285903930664,68.37004089355469,65.00554656982422,58.24832534790039,55.854522705078125,50.585960388183594,49.04610061645508,46.59516143798828,41.74757766723633,19923.482421875,110.093505859375,50.42003631591797
475000,485001,17,3,253,202,1,47361.8828125,632.2656860351562,275.6643371582031,187.8487091064453,151.67437744140625,133.6946258544922,104.29090881347656,90.31668090820312,84.76509857177734,75.71014404296875,70.7913589477539,61.99221420288086,59.38167953491211,58.676856994628906,54.00735855102539,46.76165771484375,45.45569610595703,19909.888671875,111.47225189208984,56.14020538330078
480000,490001,17,3,250,198,0,47124.38671875,737.7567138671875,318.01190185546875,235.22747802734375,165.9903564453125,131.00328063964844,109.7292251586914,86.91287231445312,82.93791198730469,73.40808868408203,67.1896743774414,64.58406829833984,63.35504913330078,59.555641174316406,58.09415054321289,52.756141662597656,50.40129852294922,19802.7734375,145.6400604248047,65.86012268066406
480000,490001,17,3,250,198,1,47129.0625,723.975341796875,306.1073913574219,225.33090209960938,167.11959838867188,130.35507202148438,103.7940444946289,93.07044982910156,90.88988494873047,76.20124816894531,72.11031341552734,69.9924087524414,60.9754753112793,57.0787467956543,55.1644172668457,52.375526428222656,47.979408264160156,19805.837890625,145.89222717285156,67.07874298095703
485000,495001,17,3,254,206,0,48370.484375,959.30908203125,322.9242858886719,205.29852294921875,159.39129638671875,153.7829132080078,114.16756439208984,108.3949966430664,88.82903289794922,82.63326263427734,78.6430435180664,72.5379638671875,69.36380767822266,68.24811553955078,64.86669921875,62.17466354370117,56.577091217041016,20340.38671875,108.007568359375,76.19602966308594
485000,495001,17,3,254,206,1,48373.859375,960.8648071289062,310.3929138183594,213.87918090820312,144.6465301513672,136.68853759765625,101.29016876220703,87.71756744384766,81.42505645751953,76.0748291015625,71.59088897705078,65.79240417480469,63.9892463684082,62.26106262207031,56.586666107177734,50.30296325683594,47.08709716796875,20340.17578125,99.54512786865234,65.98947143554688
490000,500001,17,3,253,195,0,47801.1640625,592.4881591796875,307.1033020019531,187.88699340820312,136.34217834472656,122.25557708740234,115.66114044189453,88.70297241210938,81.60398864746094,71.67112731933594,70.52141571044922,67.32988739013672,59.102195739746094,56.53843688964844,50.20431900024414,48.93381118774414,43.31278991699219,20131.521484375,109.1498031616211,64.5940933227539
490000,500001,17,3,253,195,1,47870.17578125,599.951416015625,314.71405029296875,184.2135009765625,136.209716796875,116.91807556152344,105.52809143066406,83.57225799560547,76.04395294189453,68.83570861816406,68.30022430419922,59.07077407836914,58.29877471923828,55.573097229003906,53.19749069213867,45.7667236328125,44.74163818359375,20159.283203125,116.63758087158203,69.72262573242188
495000,505001,17,3,254,204,0,48051.96484375,967.4691162109375,327.216552734375,247.73165893554688,160.18280029296875,138.93594360351562,122.51113891601562,101.39909362792969,87.64002227783203,76.98452758789062,65.7280502319336,63.22978973388672,60.31291198730469,55.73741149902344,53.768672943115234,49.68830108642578,47.189964294433594,20229.71484375,145.33566284179688,69.40692138671875
495000,505001,17,3,254,204,1,48067.43359375,934.7532348632812,316.3636169433594,266.07733154296875,159.4214324951172,135.66082763671875,118.4153060913086,94.50396728515625,84.36808776855469,79.70541381835938,69.56009674072266,66.31067657470703,61.12421798706055,59.298152923583984,55.174476623535156,52.430816650390625,49.34855651855469,20237.490234375,148.19163513183594,77.00897216796875
500000,510001,17,3,251,197,0,49222.04296875,1022.046875,252.8374481201172,180.24830627441406,129.10227966308594,118.11454772949219,93.2113265991211,77.0523910522461,74.01698303222656,70.02352142333984,64.33287048339844,59.83676528930664,56.96045684814453,51.91828918457031,47.635597229003906,45.87822341918945,44.00381088256836,20727.076171875,95.05994415283203,55.224639892578125
500000,510001,17,3,251,197,1,49209.8671875,1027.3763427734375,246.37107849121094,176.86289978027344,129.88771057128906,124.94817352294922,99.45063018798828,80.06150817871094,74.5652847290039,67.3182144165039,64.05345153808594,58.53218460083008,53.2281379699707,50.004825592041016,48.95131301879883,46.68764114379883,46.070438385009766,20715.359375,92.09874725341797,54.81742858886719
505000,515001,17,3,254,210,0,48949.2578125,1656.07373046875,346.6956481933594,286.3607482910156,198.18936157226562,175.6468505859375,122.43368530273438,102.65740966796875,93.08164978027344,87.98091888427734,78.34549713134766,75.85456848144531,70.38349151611328,67.09175109863281,57.51872253417969,54.337135314941406,51.415767669677734,20571.701171875,165.1320037841797,104.2774658203125
505000,515001,17,3,254,210,1,48950.4609375,1649.432861328125,330.9927673339844,280.1827392578125,195.82276916503906,175.94290161132812,125.61732482910156,99.21046447753906,92.54873657226562,81.93342590332031,76.80766296386719,75.62760162353516,70.13858032226562,65.57069396972656,61.44392395019531,59.38391876220703,56.8142204284668,20573.208984375,175.23085021972656,83.59333801269531
510000,520001,17,3,249,201,0,47669.484375,726.1222534179688,267.04473876953125,201.4415283203125,159.05239868164062,144.69667053222656,123.8130111694336,91.21298217773438,81.18885040283203,73.19580841064453,63.606529235839844,57.57659149169922,53.707763671875,50.9894905090332,47.261741638183594,46.08327102661133,43.41685485839844,20069.513671875,102.8145523071289,57.036197662353516
510000,520001,17,3,249,201,1,47671.078125,730.4444580078125,276.3726501464844,213.2471466064453,149.26182556152344,120.18885040283203,108.09545135498047,94.1660385131836,77.41651153564453,74.112548828125,69.635986328125,63.41564178466797,55.21424865722656,52.45945739746094,49.528419494628906,47.060733795166016,42.84595489501953,20069.576171875,101.63123321533203,50.643070220947266
515000,525001,17,3,252,199,0,47806.7265625,583.114501953125,245.77435302734375,166.3843994140625,119.27485656738281,104.69325256347656,90.89854431152344,83.65892791748047,72.02812957763672,69.54119110107422,66.223876953125,61.529388427734375,59.19426345825195,51.233585357666016,48.12974166870117,45.25548553466797,43.14552688598633,20153.92578125,98.13642883300781,65.95063781738281
515000,525001,17,3,252,199,1,47855.17578125,582.5986938476562,239.41912841796875,169.50625610351562,117.38911437988281,110.89772033691406,92.35175323486328,73.87655639648438,67.36941528320312,63.13029098510742,59.803714752197266,58.66412353515625,54.116416931152344,50.54088592529297,47.102073669433594,41.70475769042969,40.144866943359375,20172.75390625,96.85253143310547,55.65620803833008
520000,530001,17,3,249,203,0,48622.48828125,657.9020385742188,310.72991943359375,224.43666076660156,168.60694885253906,129.6963653564453,113.68769073486328,96.15997314453125,88.71849822998047,83.35144805908203,81.12748718261719,69.4592514038086,65.44829559326172,64.57952880859375,59.68017578125,56.723594665527344,48.53586196899414,20432.7734375,103.05345153808594,96.58572387695312
520000,530001,17,3,249,203,1,48662.79296875,676.7612915039062,326.8089294433594,233.80430603027344,181.61146545410156,133.5808868408203,115.18230438232422,94.97467041015625,79.86785888671875,74.47990417480469,65.83385467529297,65.57444763183594,60.93915939331055,57.97339630126953,51.43194580078125,50.169273376464844,47.82904815673828,20455.326171875,102.03887939453125,69.9879379272461
525000,535001,17,3,254,193,0,49037.87890625,633.9400634765625,327.4093017578125,223.9353485107422,162.83131408691406,124.50171661376953,122.88776397705078,95.22592163085938,85.2558364868164,81.0616683959961,76.7464370727539,73.27609252929688,64.46125030517578,57.816898345947266,56.98165512084961,54.09532165527344,45.36665344238281,20677.78515625,100.7313003540039,60.206199645996094
525000,535001,17,3,254,193,1,49087.1328125,639.0281372070312,326.38348388671875,225.1208038330078,163.45985412597656,124.45482635498047,120.20679473876953,104.3813247680664,90.3826904296875,76.57735443115234,75.01577758789062,72.38589477539062,68.875,62.73862075805664,56.90532684326172,54.23678970336914,51.10969924926758,20701.994140625,94.8823471069336,69.70298767089844
530000,540001,17,3,253,200,0,48103.3359375,621.0425415039062,309.1521301269531,193.15728759765625,132.242431640625,112.93722534179688,93.88079071044922,79.1531753540039,78.20153045654297,69.94295501708984,63.608070373535156,60.24930191040039,55.39594268798828,54.51952362060547,49.881160736083984,48.838436126708984,41.7767219543457,20263.783203125,112.205810546875,65.0262451171875
530000,540001,17,3,253,200,1,48071.73828125,633.9961547851562,311.82989501953125,191.5236053466797,129.66796875,112.20464324951172,95.20954132080078,85.62003326416016,78.2225341796875,73.44331359863281,67.79039001464844,66.0418930053711,61.85340118408203,58.29901885986328,51.16082763671875,46.91640090942383,45.14344787597656,20244.884765625,111.84896087646484,70.36479187011719
535000,545001,17,3,250,206,0,48500.99609375,1005.5223388671875,363.0978088378906,254.9062957763672,192.4043731689453,171.75196838378906,123.73162078857422,101.74523162841797,88.96137237548828,81.4829330444336,73.78885650634766,70.75020599365234,67.06970977783203,61.25638198852539,57.59189224243164,53.514991760253906,47.76553726196289,20379.77734375,150.13743591308594,86.96875
535000,545001,17,3,250,206,1,48488.8828125,1084.391845703125,382.5144958496094,285.65142822265625,215.940673828125,189.80816650390625,127.6776351928711,108.43881225585938,90.95804595947266,85.04740905761719,78.52668762207031,75.74874877929688,70.1920394897461,63.492454528808594,60.9140510559082,52.8108024597168,49.3420295715332,20367.09375,183.280029296875,89.31697845458984
540000,550001,17,3,254,211,0,49302.33203125,590.9931640625,293.0306396484375,197.66038513183594,148.76426696777344,122.9725570678711,102.3757095336914,92.4868392944336,78.3087387084961,72.80396270751953,68.51436614990234,64.9339370727539,60.23521423339844,58.99178695678711,55.64915084838867,53.30524444580078,48.327388763427734,20761.837890625,101.7065658569336,56.41922378540039
540000,550001,17,3,254,211,1,49271.6640625,591.8599243164062,292.2467041015625,194.69668579101562,157.5321044921875,113.8646469116211,96.45484161376953,89.11343383789062,74.9715576171875,68.97601318359375,66.50647735595703,61.89657974243164,58.92823791503906,57.548709869384766,51.008819580078125,49.8894157409668,45.537139892578125,20747.28125,113.73641204833984,55.466487884521484
545000,555001,17,3,255,213,0,50288.10546875,789.827392578125,409.6221923828125,207.0023193359375,152.6851043701172,119.50303649902344,104.341552734375,84.53782653808594,77.4267349243164,65.46683502197266,64.19827270507812,63.38877868652344,59.7408447265625,57.72248077392578,55.71617889404297,50.919273376464844,45.2297248840332,21112.85546875,124.6432113647461,69.1385498046875
545000,555001,17,3,255,213,1,50256.03515625,773.6215209960938,413.2776184082031,191.79176330566406,139.2093963623047,125.44450378417969,109.44175720214844,85.21258544921875,79.95771026611328,70.66303253173828,66.22457885742188,63.14313507080078,63.022098541259766,56.56597900390625,55.393096923828125,51.7015495300293,49.70782470703125,21094.25,120.65498352050781,70.2423095703125
550000,560001,17,3,251,208,0,49003.65625,583.8645629882812,253.18466186523438,190.3075714111328,119.64079284667969,101.56913757324219,92.71550750732422,74.08942413330078,68.45118713378906,64.75112915039062,58.124046325683594,56.911293029785156,53.431373596191406,51.66112518310547,47.282901763916016,45.62754821777344,40.858890533447266,20651.375,119.04566192626953,61.324554443359375
550000,560001,17,3,251,208,1,48991.25,583.055908203125,248.4828643798828,193.84292602539062,127.6302719116211,105.37328338623047,88.42862701416016,86.60435485839844,70.88587951660156,63.87733840942383,59.651084899902344,57.953128814697266,57.11716842651367,51.33042907714844,48.50318145751953,43.20601272583008,41.16295623779297,20652.98046875,110.07289123535156,54.60020065307617
555000,565001,17,3,255,206,0,50014.828125,574.5128173828125,248.83963012695312,171.80772399902344,135.16497802734375,117.85542297363281,105.32194519042969,85.2042236328125,77.18240356445312,73.77877807617188,63.01601791381836,57.53589630126953,53.883888244628906,50.12407684326172,45.793087005615234,41.403663635253906,38.259944915771484,21055.265625,105.3848876953125,63.28590774536133
555000,565001,17,3,255,206,1,49957.56640625,577.5690307617188,251.0596923828125,169.37530517578125,131.3416290283203,107.83299255371094,96.00245666503906,82.34664916992188,76.53865814208984,70.08737182617188,63.50056076049805,56.64336013793945,54.32270050048828,48.40507888793945,41.85238265991211,40.97102355957031,37.92716979980469,21036.365234375,96.93475341796875,56.463008880615234
560000,570001,17,3,251,198,0,49258.5390625,937.2452392578125,276.39007568359375,236.3482666015625,154.89796447753906,137.40785217285156,131.47682189941406,117.29344177246094,103.8056640625,101.38756561279297,86.32925415039062,79.43052673339844,73.35271453857422,70.5197982788086,61.06053924560547,52.91824722290039,51.745704650878906,20705.171875,127.10359191894531,76.03935241699219
560000,570001,17,3,251,198,1,49299.23828125,944.6209716796875,275.3954162597656,222.52426147460938,172.4088897705078,150.2371368408203,131.49673461914062,115.8101806640625,103.12020111083984,95.3086166381836,87.95217895507812,76.52027130126953,76.02594757080078,67.06367492675781,63.58052444458008,61.0429801940918,53.50456619262695,20721.099609375,122.64713287353516,76.27000427246094
565000,575001,17,3,250,211,0,49373.796875,685.1399536132812,281.66851806640625,185.82073974609375,146.8455352783203,110.78421783447266,99.31966400146484,74.98876190185547,69.29097747802734,62.37113571166992,60.14155197143555,55.2457389831543,52.86597442626953,51.370548248291016,49.50419616699219,47.22191619873047,42.7822265625,20760.94921875,100.0720443725586,62.224273681640625
565000,575001,17,3,250,211,1,49406.96484375,668.936279296875,276.0696716308594,184.66419982910156,128.33677673339844,108.46919250488281,86.50442504882812,76.25074005126953,66.9945297241211,64.76954650878906,61.69971466064453,53.71657180786133,51.11125946044922,49.687774658203125,48.474185943603516,45.45473098754883,41.03750991821289,20776.720703125,93.8853988647461,59.289955139160156
570000,580001,17,3,250,201,0,49548.4375,621.5255126953125,283.69061279296875,215.14076232910156,161.12301635742188,151.51487731933594,123.46226501464844,104.97703552246094,98.73060607910156,81.68346405029297,75.82113647460938,70.57047271728516,66.61682891845703,61.85158920288086,56.65483093261719,52.66876220703125,44.48855972290039,20806.689453125,132.959228515625,72.01580047607422
570000,580001,17,3,250,201,1,49523.08203125,625.1408081054688,303.25799560546875,201.93963623046875,154.44361877441406,138.34349060058594,111.6050796508789,97.2921371459961,92.45073699951172,81.05477905273438,76.98237609863281,68.77034759521484,64.52066802978516,59.82936096191406,54.561279296875,49.75657653808594,48.82273864746094,20803.56640625,128.396240234375,63.1879768371582
575000,585001,17,3,253,207,0,50145.41015625,761.0440673828125,345.917236328125,162.1023406982422,140.31594848632812,120.55337524414062,106.76801300048828,93.94137573242188,76.65926361083984,72.67900848388672,69.06383514404297,62.275123596191406,57.14188003540039,56.43320846557617,54.30397033691406,50.85104751586914,45.3426513671875,21098.869140625,111.98450469970703,73.61921691894531
575000,585001,17,3,253,207,1,50129.03515625,771.8241577148438,352.08880615234375,168.5953369140625,141.06500244140625,127.9259033203125,114.67695617675781,88.29524230957031,85.23571014404297,76.6955337524414,68.05416870117188,65.35456085205078,63.96427536010742,54.86040115356445,51.17390823364258,47.56760787963867,44.019283294677734,21094.98828125,117.57260131835938,66.15370178222656
580000,590001,17,3,254,214,0,50458.44140625,678.2499389648438,296.01263427734375,232.0000762939453,159.44908142089844,140.76683044433594,114.87474822998047,90.88042449951172,83.52098083496094,74.48907470703125,72.49370574951172,62.830875396728516,60.13848114013672,56.82680130004883,55.64787673950195,53.04230880737305,52.206321716308594,21232.310546875,97.1773452758789,59.237186431884766
580000,590001,17,3,254,214,1,50455.28125,671.8662109375,294.0134582519531,230.60870361328125,152.42984008789062,130.66958618164062,124.04206085205078,95.43338775634766,85.85455322265625,74.34070587158203,72.34195709228516,69.63603973388672,65.40210723876953,63.10371398925781,60.43994903564453,54.82884216308594,49.57981872558594,21230.7734375,92.20468139648438,64.19580841064453
585000,595001,17,3,251,204,0,50194.1328125,624.1040649414062,269.6285400390625,167.0785369873047,148.24920654296875,117.5645523071289,94.7403335571289,77.57878875732422,69.88735961914062,62.55232620239258,61.2739143371582,57.59912109375,55.25885009765625,53.08845520019531,52.69300842285156,49.939414978027344,44.104000091552734,21168.0859375,117.0553970336914,59.27406692504883
585000,595001,17,3,251,204,1,50241.51171875,629.7105102539062,265.0390625,168.2525634765625,141.8695068359375,116.13610076904297,98.08627319335938,76.97151947021484,69.19853210449219,68.41184997558594,60.142295837402344,58.00132369995117,56.097103118896484,50.104373931884766,49.854103088378906,44.044883728027344,41.26540756225586,21186.904296875,109.44751739501953,56.204002380371094
590000,600001,17,3,251,212,0,49820.0703125,535.7794189453125,288.83331298828125,168.80270385742188,137.8638153076172,128.2718048095703,121.68983459472656,82.99864959716797,75.16712188720703,67.3423080444336,64.96904754638672,63.972938537597656,58.460941314697266,56.74748229980469,53.770606994628906,47.54954528808594,44.55101776123047,20999.048828125,94.36231231689453,57.58627700805664
590000,600001,17,3,251,212,1,49787.23828125,543.4987182617188,294.7376403808594,181.808837890625,140.20907592773438,135.627685546875,129.3733367919922,89.83465576171875,80.22509002685547,66.5478744506836,65.13229370117188,64.20011138916016,60.705718994140625,54.61712646484375,51.26264190673828,47.21005630493164,42.7490348815918,20989.591796875,102.06819152832031,64.0920181274414
595000,605001,17,3,252,204,0,50605.04296875,670.5783081054688,271.2084045410156,155.03204345703125,120.46084594726562,110.46964263916016,90.07177734375,83.93414306640625,75.7665023803711,72.7475814819336,64.75992584228516,59.05922317504883,55.90422058105469,54.409053802490234,49.55058288574219,43.88718032836914,42.83366012573242,21295.72265625,85.18956756591797,62.484031677246094
595000,605001,17,3,252,204,1,50681.75,669.1615600585938,269.14666748046875,153.52223205566406,129.2103271484375,112.96122741699219,99.31346130371094,89.30989837646484,72.27549743652344,69.14154052734375,61.37491226196289,57.782371520996094,55.54730987548828,54.79458236694336,51.574703216552734,46.82781982421875,42.75489807128906,21327.69921875,83.42544555664062,58.928218841552734
600000,610001,17,3,251,198,0,50684.23828125,619.4739379882812,356.777099609375,241.8720703125,153.1079559326172,131.8254852294922,122.40833282470703,95.06109619140625,75.79997253417969,68.16670989990234,63.53824996948242,61.00175476074219,58.11323928833008,56.8110237121582,51.9969596862793,50.3800048828125,42.2174186706543,21334.931640625,296.54608154296875,71.00350189208984
600000,610001,17,3,251,198,1,50719.6953125,646.3851318359375,376.94940185546875,243.81005859375,160.47756958007812,133.365966796875,114.773681640625,81.68305969238281,75.16816711425781,71.09099578857422,63.20578384399414,60.8192024230957,56.069976806640625,54.208900451660156,50.439117431640625,48.83006286621094,46.06953048706055,21346.212890625,309.2812194824219,68.51020050048828
605000,615001,17,3,253,212,0,49844.40234375,635.2598266601562,293.8849792480469,178.03125,135.6931610107422,107.8669204711914,91.72401428222656,86.93452453613281,79.02144622802734,73.03063201904297,62.310543060302734,60.26713180541992,56.16056823730469,55.586788177490234,49.928321838378906,44.75765609741211,40.39902877807617,20973.041015625,94.0606918334961,57.34183883666992
605000,615001,17,3,253,212,1,49866.98828125,633.8422241210938,310.0739440917969,186.70184326171875,152.77186584472656,112.15243530273438,97.37814331054688,89.23175048828125,74.0176010131836,71.27957916259766,66.0755844116211,59.50653076171875,56.1180419921875,52.82505798339844,48.545799255371094,45.7420768737793,42.29593276977539,20984.9921875,102.46624755859375,53.1158447265625
610000,620001,17,3,249,207,0,51179.46875,601.6389770507812,315.908935546875,186.54153442382812,168.23379516601562,163.88406372070312,142.2989044189453,103.72044372558594,94.19930267333984,80.86091613769531,70.54456329345703,69.26316833496094,65.9736328125,60.12578582763672,56.29155731201172,53.176856994628906,48.65227127075195,21529.337890625,101.92650604248047,63.264862060546875
610000,620001,17,3,249,207,1,51110.53125,593.6939697265625,310.04046630859375,183.9978485107422,154.0069122314453,148.05178833007812,133.59698486328125,112.55785369873047,87.45217895507812,80.29222869873047,75.14564514160156,65.91429138183594,61.59697723388672,55.34117889404297,50.984981536865234,48.885101318359375,43.60576629638672,21504.21484375,100.84963989257812,59.29740905761719
615000,625001,17,3,253,217,0,51022.29296875,658.0361938476562,301.8245849609375,190.87489318847656,149.29000854492188,139.83074951171875,131.64051818847656,95.3321304321289,83.42725372314453,79.70867919921875,70.59812927246094,60.92076110839844,57.46651840209961,52.97869110107422,49.85867691040039,46.94449234008789,44.83483123779297,21438.134765625,109.81314849853516,59.189720153808594
615000,625001,17,3,253,217,1,50954.625,657.1590576171875,303.09161376953125,201.90167236328125,162.90432739257812,135.2563934326172,113.30938720703125,89.16841125488281,82.50190734863281,77.63941955566406,65.12337493896484,61.09428405761719,56.47347640991211,54.33035659790039,52.11701583862305,49.96112823486328,47.192176818847656,21412.93359375,108.34530639648438,53.58198165893555
620000,630001,17,3,253,206,0,50825.953125,754.9346923828125,340.7420959472656,166.7562255859375,157.37039184570312,126.68740844726562,102.6897201538086,87.6749496459961,84.28721618652344,79.77145385742188,72.45049285888672,67.58074188232422,57.679161071777344,54.48162841796875,52.71355056762695,45.369388580322266,43.0559196472168,21363.09765625,130.6656036376953,99.1276626586914
620000,630001,17,3,253,206,1,50835.99609375,746.0262451171875,344.625732421875,182.9579315185547,158.36929321289062,143.14596557617188,117.04763793945312,96.03794860839844,85.60684967041016,75.92655944824219,68.91896057128906,61.57037353515625,60.40803146362305,57.11077117919922,53.6291618347168,47.080772399902344,40.62860107421875,21370.435546875,127.11112213134766,82.48540496826172
625000,635001,17,3,254,211,0,50510.8984375,703.4639892578125,415.0984191894531,224.37754821777344,151.88328552246094,120.10578918457031,110.66621398925781,90.91140747070312,84.32164764404297,77.46939086914062,72.49256896972656,65.73529815673828,58.53647994995117,52.716522216796875,46.051719665527344,44.797603607177734,40.97816467285156,21270.9609375,96.832763671875,56.268375396728516
625000,635001,17,3,254,211,1,50515.41796875,692.2100830078125,398.0188293457031,236.59945678710938,148.94955444335938,117.37872314453125,105.90464782714844,91.0938949584961,89.07015991210938,76.66157531738281,74.51367950439453,66.57282257080078,59.810813903808594,57.49530029296875,51.18889617919922,44.203182220458984,40.68647384643555,21276.580078125,106.55672454833984,54.2667236328125
630000,640001,17,3,250,211,0,50654.57421875,776.5803833007812,347.35430908203125,231.06541442871094,160.40911865234375,149.5196075439453,123.18463134765625,93.84992218017578,81.11825561523438,70.76788330078125,65.40763092041016,63.18913269042969,61.056732177734375,56.183406829833984,48.62185287475586,47.14512634277344,41.40242385864258,21326.982421875,90.12509155273438,70.4945297241211
630000,640001,17,3,250,211,1,50652.6328125,800.3903198242188,380.37750244140625,258.3092346191406,165.97085571289062,154.50245666503906,123.33232879638672,103.8203125,89.07838439941406,81.08712005615234,72.51265716552734,66.14431762695312,62.6490592956543,62.232913970947266,53.678306579589844,47.91888427734375,42.94827651977539,21326.61328125,109.40877532958984,76.08628845214844
635000,645001,17,3,250,204,0,50162.578125,683.0573120117188,320.8226318359375,192.84719848632812,132.37777709960938,121.29802703857422,106.0069808959961,94.15633392333984,81.84097290039062,77.23419189453125,67.41676330566406,65.8302993774414,64.56199645996094,60.67459487915039,57.24473190307617,52.8380012512207,45.27495193481445,21109.552734375,118.2493667602539,83.38352966308594
635000,645001,17,3,250,204,1,50179.81640625,676.2203979492188,336.04412841796875,209.00918579101562,147.33029174804688,129.86805725097656,117.78972625732422,96.71469116210938,86.41297149658203,84.52584075927734,77.42330169677734,69.19124603271484,67.30487823486328,63.05576705932617,57.20999526977539,54.65835189819336,49.32909393310547,21121.162109375,140.58836364746094,73.06777954101562
640000,650001,17,3,249,208,0,50981.1015625,712.7594604492188,312.5061950683594,226.68629455566406,161.3494873046875,108.04589080810547,97.47537994384766,88.69144439697266,76.70288848876953,72.6527328491211,66.59131622314453,61.82981491088867,54.84071731567383,53.6429328918457,52.17942428588867,48.96898651123047,46.51028060913086,21462.9140625,106.24288177490234,55.91285705566406
640000,650001,17,3,249,208,1,51037.59375,716.401123046875,326.54620361328125,222.59742736816406,158.717041015625,118.47166442871094,103.01603698730469,89.75,79.7361068725586,71.30818939208984,68.84465026855469,67.48001861572266,63.85871887207031,53.83820724487305,50.54994583129883,49.854793548583984,44.03514099121094,21482.73046875,107.47042846679688,61.037715911865234
645000,655001,17,3,255,207,0,51701.19921875,873.1094360351562,287.4851379394531,196.22239685058594,155.1114501953125,124.01044464111328,111.78656768798828,99.52094268798828,85.0062026977539,72.36524963378906,64.31460571289062,61.344417572021484,59.324493408203125,55.686580657958984,53.6447639465332,52.6456184387207,45.22250747680664,21756.802734375,117.48846435546875,50.22642517089844
645000,655001,17,3,255,207,1,51697.640625,850.8464965820312,280.8115539550781,195.50881958007812,154.60134887695312,125.4729232788086,99.09101867675781,96.07808685302734,88.32268524169922,72.71533203125,64.91304779052734,60.52260208129883,57.697166442871094,52.86512756347656,51.40935516357422,50.38743209838867,42.630794525146484,21759.607421875,106.53614807128906,54.970436096191406
650000,660001,17,3,253,210,0,50877.62890625,631.8612060546875,262.24725341796875,180.1766357421875,129.90313720703125,108.18098449707031,99.0785140991211,77.08485412597656,69.83655548095703,67.71277618408203,63.62819290161133,59.05427169799805,55.08845138549805,53.676734924316406,52.64204788208008,42.90239334106445,40.36077117919922,21430.912109375,98.49793243408203,55.729122161865234
650000,660001,17,3,253,210,1,50864.453125,638.9791259765625,274.3369445800781,178.27210998535156,125.0684814453125,104.93637084960938,100.43678283691406,80.4011459350586,70.25870513916016,67.26874542236328,64.4978256225586,62.7712516784668,58.21757507324219,51.20122146606445,49.454261779785156,46.64612579345703,42.268348693847656,21428.8828125,95.97411346435547,56.999298095703125
655000,665001,17,3,253,210,0,50764.375,677.9326782226562,317.87164306640625,217.52719116210938,154.2841796875,115.78584289550781,105.9614028930664,93.64725494384766,77.64119720458984,72.57098388671875,61.719852447509766,57.45560073852539,56.539451599121094,52.3138313293457,50.29931640625,47.65134048461914,45.879024505615234,21346.859375,113.48583984375,65.76580810546875
655000,665001,17,3,253,210,1,50815.71875,690.737548828125,320.359130859375,217.29931640625,156.81161499023438,116.8664321899414,96.71781921386719,80.21744537353516,79.05463409423828,75.7324447631836,66.9385986328125,61.791866302490234,57.81047058105469,55.16500473022461,52.540130615234375,47.54371643066406,45.67192077636719,21373.29296875,113.04698181152344,65.13770294189453
660000,670001,17,3,252,205,0,51762.26171875,1590.745361328125,372.71533203125,183.55548095703125,131.78578186035156,106.1204833984375,100.8533706665039,87.70011138916016,76.45178985595703,74.69548034667969,61.17839431762695,57.06145477294922,55.113765716552734,51.148983001708984,47.91504669189453,47.00294876098633,45.004966735839844,21763.994140625,163.8180389404297,60.84341812133789
660000,670001,17,3,252,205,1,51728.03125,1554.181884765625,365.7035827636719,205.15728759765625,125.054931640625,102.96812438964844,97.35009002685547,78.06483459472656,75.13166809082031,65.62108612060547,62.84499740600586,56.406768798828125,51.23667526245117,48.522525787353516,46.42625045776367,45.862098693847656,41.82425308227539,21748.798828125,149.87095642089844,50.744972229003906
665000,675001,17,3,254,210,0,51211.875,692.9982299804688,292.2333068847656,190.92535400390625,153.10281372070312,123.25796508789062,107.07586669921875,97.21451568603516,86.48516845703125,83.11632537841797,71.7436752319336,66.83084106445312,59.82889175415039,57.92036056518555,51.814453125,47.611732482910156,42.24103546142578,21542.3125,103.7251968383789,70.82475280761719
665000,675001,17,3,254,210,1,51237.62109375,699.192626953125,286.5088806152344,182.56814575195312,148.108154296875,115.381103515625,95.5620346069336,89.79305267333984,85.81228637695312,70.31595611572266,69.038330078125,63.70913314819336,57.109100341796875,53.324485778808594,49.514892578125,47.19560623168945,44.22306442260742,21553.330078125,101.30323028564453,76.01190185546875
670000,680001,17,3,251,202,0,51439.46875,735.1348266601562,447.8164978027344,226.47799682617188,185.6951446533203,139.7942657470703,127.4918212890625,113.42814636230469,86.2893295288086,74.70733642578125,72.20026397705078,67.45082092285156,64.4756088256836,59.37562942504883,55.013648986816406,53.443607330322266,50.16033172607422,21628.625,192.84841918945312,105.22271728515625
670000,680001,17,3,251,202,1,51538.4765625,772.7861938476562,499.6715393066406,233.9508819580078,188.05751037597656,135.18814086914062,113.21269226074219,105.94120788574219,86.80377960205078,78.10485076904297,73.56999206542969,65.70763397216797,64.86336517333984,62.87288284301758,55.68239212036133,53.605892181396484,48.43900680541992,21662.306640625,205.77574157714844,73.66650390625
675000,685001,17,3,254,209,0,51293.48828125,620.1360473632812,326.784912109375,187.0657958984375,139.24142456054688,111.6021728515625,99.97604370117188,84.6140365600586,71.4167709350586,66.05430603027344,62.41851806640625,57.52387619018555,55.297000885009766,51.03284454345703,47.982765197753906,47.24843215942383,42.402076721191406,21649.75390625,107.61315155029297,60.636070251464844
675000,685001,17,3,254,209,1,51206.46875,625.2638549804688,335.5356140136719,198.79168701171875,150.47869873046875,114.89644622802734,108.44145965576172,94.58352661132812,76.02495574951172,65.1949691772461,64.11321258544922,59.81381607055664,57.75886154174805,55.400569915771484,50.44305419921875,46.61283874511719,42.116939544677734,21610.6171875,127.3657455444336,70.37816619873047
680000,690001,17,3,248,208,0,51514.71875,606.9334106445312,311.434326171875,213.2174072265625,161.2081298828125,140.803466796875,126.70881652832031,100.77954864501953,92.05311584472656,77.52084350585938,74.47681427001953,69.89734649658203,66.28235626220703,61.83345031738281,56.85448455810547,54.867347717285156,48.29978942871094,21676.80078125,134.73773193359375,70.9723892211914
680000,690001,17,3,248,208,1,51600.796875,602.41650390625,313.937255859375,214.560302734375,153.3280487060547,139.05857849121094,125.02626037597656,92.56322479248047,79.91793060302734,70.61815643310547,69.00596618652344,64.55999755859375,57.601524353027344,55.33216857910156,52.121395111083984,46.43666076660156,44.29828643798828,21711.48828125,148.76119995117188,70.81977081298828
685000,695001,17,3,253,210,0,51742.18359375,664.7998046875,279.3785095214844,207.78402709960938,144.5279083251953,125.82576751708984,120.50910186767578,93.55105590820312,83.95488739013672,76.51883697509766,67.12759399414062,64.28055572509766,60.32262420654297,59.91960144042969,57.74563980102539,52.396854400634766,47.621341705322266,21787.11328125,114.09305572509766,62.58970260620117
685000,695001,17,3,253,210,1,51759.47265625,643.4121704101562,272.60986328125,221.67996215820312,143.37835693359375,125.36763763427734,110.02099609375,95.16412353515625,83.88260650634766,67.69597625732422,63.64073181152344,59.115928649902344,58.37485885620117,54.85640335083008,51.215904235839844,47.628658294677734,44.41626739501953,21789.287109375,116.66327667236328,58.25188064575195
690000,700001,17,3,252,211,0,51841.16015625,969.9407958984375,354.4190979003906,211.3402099609375,156.7822723388672,146.21376037597656,131.56822204589844,107.7303237915039,92.30425262451172,86.12905883789062,78.8499526977539,75.38824462890625,61.73973083496094,61.14806365966797,58.16263198852539,51.488670349121094,48.7353401184082,21822.70703125,116.98892211914062,61.44390106201172
690000,700001,17,3,252,211,1,51913.94140625,973.9176025390625,380.0420227050781,189.66207885742188,167.64337158203125,163.0611114501953,134.21421813964844,96.66545104980469,86.63822174072266,80.47923278808594,77.91812896728516,73.33271026611328,72.08090209960938,64.32777404785156,57.706424713134766,51.70835876464844,46.04316711425781,21853.251953125,134.5908203125,72.34137725830078
695000,705001,17,3,251,210,0,52327.4296875,1406.22412109375,317.60418701171875,174.46096801757812,159.83489990234375,116.70777130126953,108.68746948242188,90.8050308227539,83.58019256591797,70.98807525634766,67.66500854492188,58.1070671081543,56.2079963684082,53.29841232299805,49.956024169921875,45.59780502319336,43.71017837524414,21971.5078125,134.8536376953125,79.06877136230469
695000,705001,17,3,251,210,1,52389.71875,1454.3284912109375,313.5707702636719,188.2532958984375,156.03860473632812,119.10865020751953,116.23471069335938,106.51616668701172,83.6060562133789,68.19123840332031,65.04904174804688,59.75470733642578,55.06425857543945,52.6975212097168,47.115867614746094,45.558834075927734,43.8079948425293,21997.09765625,138.80917358398438,61.25227355957031
700000,710001,17,3,254,220,0,50965.765625,741.8024291992188,262.8708190917969,198.90658569335938,168.4933319091797,128.47982788085938,114.99925994873047,103.98861694335938,77.68804931640625,73.008056640625,69.03624725341797,65.82259368896484,60.65910339355469,54.37141799926758,51.97554016113281,50.008941650390625,48.28868865966797,21461.919921875,121.87689208984375,63.81858825683594
700000,710001,17,3,254,220,1,50955.77734375,744.2725830078125,311.505859375,212.175048828125,186.56935119628906,120.3004379272461,107.26785278320312,91.4063720703125,79.17694854736328,70.21735382080078,66.82365417480469,61.60838317871094,56.683773040771484,52.018836975097656,49.87168884277344,47.626277923583984,46.232276916503906,21455.126953125,106.3650894165039,54.5653190612793
705000,715001,17,3,254,213,0,52848.57421875,643.17626953125,272.1379089355469,176.69442749023438,129.41036987304688,117.49520111083984,110.54724884033203,87.70354461669922,73.20868682861328,71.62611389160156,63.88038635253906,60.5665283203125,57.02025604248047,53.82421875,49.38299560546875,46.35285949707031,44.36479187011719,22235.97265625,101.23558807373047,66.24261474609375
705000,715001,17,3,254,213,1,52829.12890625,657.9712524414062,270.7844543457031,186.41844177246094,128.9212646484375,122.77586364746094,101.6063003540039,86.27957153320312,77.77769470214844,67.36736297607422,66.09590148925781,61.044639587402344,56.983741760253906,53.18111801147461,47.94077682495117,46.31383514404297,44.758514404296875,22226.205078125,93.93777465820312,62.16746139526367
710000,720001,17,3,252,212,0,52302.8125,681.3099365234375,298.1284484863281,202.5322723388672,163.442626953125,116.6093521118164,107.5623550415039,87.99391174316406,86.77954864501953,76.27203369140625,67.2430648803711,63.20816421508789,62.60829544067383,57.680233001708984,50.26945114135742,45.16789627075195,43.554588317871094,22006.408203125,114.066162109375,63.56902313232422
710000,720001,17,3,252,212,1,52235.40234375,672.9983520507812,339.6904296875,197.31912231445312,167.84280395507812,127.1413803100586,118.50237274169922,98.0676498413086,91.76978302001953,71.24801635742188,63.93666076660156,57.51681900024414,55.73797607421875,53.9388542175293,50.9930534362793,48.39194107055664,43.1363639831543,21977.708984375,103.26827239990234,63.1021842956543
715000,725001,17,3,252,221,0,52189.48828125,575.1517944335938,254.52561950683594,168.071044921875,157.0922393798828,121.78961944580078,114.01287078857422,96.0440673828125,83.97077941894531,74.79199981689453,73.25450134277344,65.99050903320312,62.72127151489258,53.96297073364258,53.407615661621094,48.83378219604492,43.21745681762695,21953.439453125,110.59095764160156,72.93098449707031
715000,725001,17,3,252,221,1,52170.41015625,577.8076782226562,254.17971801757812,155.3672637939453,145.6295623779297,122.18854522705078,112.02012634277344,77.69761657714844,74.06886291503906,67.33101654052734,64.9840316772461,57.69035720825195,53.185089111328125,51.482261657714844,48.35564041137695,45.976200103759766,41.55573654174805,21945.005859375,96.69576263427734,64.70245361328125
720000,730001,17,3,253,210,0,52102.4453125,1014.7936401367188,310.9949035644531,252.54635620117188,181.9729766845703,169.33920288085938,108.28838348388672,100.0013427734375,74.85902404785156,73.05984497070312,67.4451904296875,62.86309814453125,60.453453063964844,52.659908294677734,51.03070831298828,47.643898010253906,44.042076110839844,21888.525390625,126.98530578613281,58.810096740722656
720000,730001,17,3,253,210,1,52133.58203125,1013.6011962890625,307.1627502441406,222.9347381591797,172.2742156982422,165.86297607421875,118.36270141601562,108.8165512084961,84.65804290771484,69.76713562011719,65.85725402832031,61.642799377441406,58.43795394897461,55.48617935180664,53.60856246948242,45.46882247924805,41.62858963012695,21902.302734375,122.24728393554688,55.4592170715332
725000,735001,17,3,250,208,0,51708.09765625,844.248779296875,421.3016357421875,328.9525451660156,186.91128540039062,164.73915100097656,121.95731353759766,106.5600357055664,83.8796157836914,69.4972152709961,68.12406158447266,63.466121673583984,59.48794937133789,55.53227615356445,48.98661804199219,47.39454650878906,44.96041488647461,21708.619140625,185.88818359375,63.71692657470703
725000,735001,17,3,250,208,1,51708.61328125,869.5773315429688,469.251708984375,335.91033935546875,200.7583770751953,155.9124755859375,125.32946014404297,102.29627227783203,90.18611907958984,74.40863037109375,65.86500549316406,63.86317443847656,60.51286697387695,53.03260803222656,51.14558029174805,48.8098258972168,44.076358795166016,21700.056640625,190.2967071533203,69.30644989013672
730000,740001,17,3,255,218,0,52915.98828125,548.1207275390625,247.99310302734375,169.66111755371094,131.35084533691406,114.12960052490234,111.98866271972656,96.36215209960938,77.96614837646484,75.2236099243164,66.33971405029297,61.17410659790039,55.8856315612793,53.941123962402344,49.31433868408203,46.587432861328125,40.100399017333984,22276.34765625,99.33927154541016,60.071205139160156
730000,740001,17,3,255,218,1,52878.375,554.8588256835938,250.63400268554688,161.18472290039062,142.18568420410156,116.36973571777344,110.21702575683594,96.87853240966797,85.63392639160156,69.28462219238281,68.1618881225586,64.61669921875,60.39983367919922,58.27190399169922,52.0106201171875,46.68621063232422,43.467185974121094,22257.033203125,106.63069152832031,68.4056396484375
735000,745001,17,3,250,214,0,51821.7578125,595.8560791015625,310.0207824707031,191.16160583496094,171.2694854736328,130.0024871826172,111.7488784790039,89.69107818603516,82.32494354248047,72.61503601074219,69.21382904052734,61.2327995300293,58.312255859375,54.33868408203125,51.338226318359375,48.23483657836914,44.19873046875,21842.341796875,136.82778930664062,70.86270904541016
735000,745001,17,3,250,214,1,51782.76953125,612.6109619140625,309.7726745605469,205.0731201171875,182.2896728515625,125.98863983154297,114.62023162841797,94.49686431884766,89.26065063476562,75.1771469116211,67.8141860961914,64.96764373779297,64.76856994628906,57.40288543701172,51.3140983581543,47.3638916015625,43.99116897583008,21821.91796875,131.7245635986328,73.82767486572266
740000,750001,17,3,253,217,0,52138.4765625,559.3024291992188,224.0958709716797,159.7645721435547,133.0798797607422,122.68452453613281,110.90303802490234,86.77617645263672,80.2090835571289,69.83940887451172,59.404701232910156,57.04816436767578,54.41337966918945,48.553871154785156,42.70819854736328,41.142269134521484,40.405025482177734,21969.861328125,108.76322174072266,61.225772857666016
740000,750001,17,3,253,217,1,52143.9375,552.7658081054688,225.2660675048828,176.8845977783203,132.34756469726562,120.71800994873047,109.77738952636719,89.70526123046875,76.08769226074219,69.05369567871094,60.01969528198242,58.623207092285156,52.97628402709961,49.7553596496582,48.504600524902344,42.15278244018555,41.245216369628906,21972.771484375,112.14319610595703,59.303123474121094
745000,755001,17,3,252,217,0,53075.03515625,652.6849365234375,257.39813232421875,219.64830017089844,132.58526611328125,127.02140045166016,93.00009155273438,82.31829833984375,74.44105529785156,68.28205108642578,66.6762466430664,62.65631866455078,59.55232238769531,56.20269775390625,48.92118835449219,47.70270538330078,43.701881408691406,22323.919921875,99.14105224609375,55.05620193481445
745000,755001,17,3,252,217,1,53103.31640625,662.5534057617188,256.4479675292969,212.7497100830078,129.9934539794922,129.07167053222656,105.59212493896484,89.56655883789062,78.82861328125,70.48196411132812,63.715518951416016,58.445045471191406,54.519195556640625,52.002079010009766,48.99766540527344,47.1651611328125,43.978450775146484,22336.919921875,101.8843994140625,60.27208709716797
750000,760001,17,3,249,216,0,52446.58203125,734.5020141601562,310.4826354980469,221.5395965576172,142.92596435546875,130.43618774414062,126.15312194824219,95.51209259033203,86.37347412109375,83.47573852539062,73.68145751953125,66.94329071044922,63.379695892333984,58.79331588745117,57.43600082397461,51.857818603515625,47.55259323120117,22033.68359375,154.07286071777344,92.07557678222656
750000,760001,17,3,249,216,1,52401.2734375,739.448974609375,314.63348388671875,220.37197875976562,153.19229125976562,147.8341522216797,111.01042175292969,99.14005279541016,80.98896789550781,75.26309967041016,70.79833221435547,64.92825317382812,62.92776870727539,59.16396713256836,57.62696838378906,51.02927780151367,41.17173767089844,22018.78515625,111.52253723144531,68.42172241210938
755000,765001,17,3,251,216,0,52624.5390625,599.0462036132812,319.3986511230469,207.5722198486328,131.6264190673828,123.74010467529297,107.92422485351562,92.4452896118164,73.52994537353516,71.90910339355469,61.876007080078125,56.84775924682617,55.668113708496094,54.421268463134766,48.36075210571289,47.07164764404297,42.57619094848633,22150.17578125,114.83783721923828,63.41635513305664
755000,765001,17,3,251,216,1,52616.94921875,604.8494262695312,318.6814880371094,202.9651641845703,135.43228149414062,115.2167739868164,101.89048767089844,82.83460235595703,79.06871032714844,69.07284545898438,68.57615661621094,64.01347351074219,59.666839599609375,56.129817962646484,50.56576156616211,49.46878433227539,46.63151168823242,22147.017578125,107.98287963867188,65.15272521972656
760000,770001,17,3,249,215,0,52437.04296875,1311.1961669921875,456.06842041015625,254.2046356201172,211.77127075195312,145.93238830566406,135.49021911621094,105.58653259277344,93.16101837158203,85.26073455810547,69.72138977050781,68.88448333740234,65.02647399902344,59.34221649169922,54.44829177856445,49.4150390625,44.05665588378906,22083.025390625,134.066162109375,79.0580062866211
760000,770001,17,3,249,215,1,52463.84375,1324.7320556640625,434.2637634277344,227.9922637939453,189.31126403808594,147.6334686279297,130.19671630859375,95.35242462158203,91.84442901611328,77.99695587158203,74.3056869506836,69.15483093261719,61.84171676635742,54.89762496948242,54.15960693359375,52.467002868652344,47.71782302856445,22091.025390625,127.21027374267578,66.02062225341797
765000,775001,17,3,255,208,0,52669.8203125,667.7229614257812,310.4046630859375,190.52101135253906,142.2630157470703,123.64766693115234,102.89379119873047,92.9355239868164,80.56519317626953,72.80439758300781,68.64491271972656,65.4234390258789,61.02668762207031,57.47144317626953,52.062095642089844,46.77204895019531,42.479774475097656,22192.771484375,103.96543884277344,63.901344299316406
765000,775001,17,3,255,208,1,52752.609375,672.5387573242188,303.29833984375,181.50701904296875,128.43067932128906,113.36532592773438,93.67276763916016,85.34107971191406,80.33260345458984,76.64898681640625,71.1607666015625,64.7046127319336,60.920188903808594,60.6718864440918,55.49000549316406,47.856048583984375,44.03588104248047,22224.7890625,97.58365631103516,66.12383270263672
770000,780001,17,3,250,217,0,52563.6484375,622.2049560546875,268.1279296875,170.3758544921875,124.65214538574219,109.96792602539062,92.8133316040039,83.93084716796875,74.70462799072266,69.31369018554688,63.16848373413086,58.87017059326172,54.41370391845703,52.30226135253906,47.98420715332031,42.8340950012207,40.52592086791992,22140.1875,95.06352996826172,56.39731216430664
770000,780001,17,3,250,217,1,52553.53515625,631.267578125,284.3207092285156,181.6971893310547,127.16913604736328,113.46478271484375,96.53466033935547,86.98756408691406,76.11177825927734,69.61078643798828,65.82957458496094,60.97636413574219,54.47098922729492,51.27622604370117,48.48712921142578,47.78765106201172,42.82763671875,22139.578125,102.64502716064453,61.854576110839844
775000,785001,17,3,250,221,0,51922.48046875,694.2193603515625,324.2843322753906,190.38157653808594,144.4662628173828,126.14747619628906,102.58570861816406,94.75352478027344,76.92926025390625,68.13241577148438,60.044776916503906,58.85425567626953,56.792842864990234,52.726585388183594,51.651607513427734,50.34183883666992,39.19550323486328,21883.498046875,107.7685546875,57.588504791259766
775000,785001,17,3,250,221,1,51880.50390625,691.0260620117188,354.93212890625,236.36978149414062,186.94729614257812,165.5507354736328,123.71923828125,104.43043518066406,88.04310607910156,77.40470123291016,71.93586730957031,65.53314208984375,58.11759567260742,56.4379768371582,54.01255798339844,50.2086296081543,47.325416564941406,21857.8125,175.34884643554688,77.84075927734375
780000,790001,17,3,249,218,0,51918.1328125,715.3858642578125,326.2435302734375,197.47311401367188,140.58290100097656,118.30650329589844,106.41163635253906,99.34416961669922,84.20982360839844,73.5985336303711,64.09507751464844,61.48884582519531,56.269962310791016,53.01116180419922,48.70701217651367,47.45284652709961,42.941768646240234,21861.65625,104.82252502441406,55.10101318359375
780000,790001,17,3,249,218,1,51808.4609375,718.132080078125,334.911376953125,179.47010803222656,134.68807983398438,130.25819396972656,118.23979187011719,84.48786926269531,72.48176574707031,70.94425201416016,65.1546630859375,59.44145584106445,57.97645568847656,51.77924728393555,47.96248245239258,46.88069152832031,42.17594528198242,21807.69140625,100.53469848632812,49.61955642700195
785000,795001,17,3,254,206,0,53125.9921875,783.6869506835938,279.2396240234375,205.50367736816406,137.57142639160156,115.85643768310547,104.5744400024414,88.04717254638672,84.01703643798828,74.28484344482422,66.23272705078125,60.361244201660156,56.12926483154297,51.61069107055664,48.791893005371094,46.66883850097656,43.817405700683594,22341.626953125,94.0128173828125,57.00151443481445
785000,795001,17,3,254,206,1,53138.0859375,784.3741455078125,287.3373718261719,196.6816864013672,135.12875366210938,125.78221130371094,112.16173553466797,91.0517578125,81.99063110351562,69.30880737304688,63.41040802001953,57.19741439819336,56.60100173950195,50.535057067871094,47.8551139831543,44.24671936035156,42.23869323730469,22347.23046875,92.17379760742188,55.666751861572266
790000,800001,17,3,251,206,0,52923.4296875,650.66943359375,333.41888427734375,207.44131469726562,152.19546508789062,108.84834289550781,107.13714599609375,90.07127380371094,77.06599426269531,72.15435028076172,70.45265197753906,68.5373764038086,60.78609085083008,60.069759368896484,54.45719909667969,49.99504089355469,45.815391540527344,22233.029296875,125.3576431274414,68.06402587890625
790000,800001,17,3,251,206,1,52854.8046875,651.4743041992188,332.98797607421875,212.78106689453125,155.6807403564453,108.85600280761719,102.95223236083984,86.58573913574219,77.42066955566406,74.39111328125,72.26611328125,68.7605972290039,66.38087463378906,59.16481399536133,55.34553527832031,51.8760986328125,46.35649108886719,22204.033203125,130.90139770507812,73.2513427734375
795000,805001,17,3,251,215,0,53382.6328125,988.9696044921875,385.6850280761719,232.5559539794922,157.37962341308594,126.37810516357422,123.78652954101562,108.33668518066406,86.67190551757812,84.14640808105469,68.36071014404297,64.75725555419922,61.90675735473633,55.75746536254883,52.76606750488281,47.53915786743164,41.195072174072266,22488.23828125,102.00389862060547,59.33952331542969
795000,805001,17,3,251,215,1,53374.9765625,1008.7344970703125,384.96600341796875,242.55886840820312,171.6393280029297,126.01605224609375,122.69392395019531,96.09507751464844,92.00762176513672,82.5415267944336,80.27664947509766,64.75126647949219,60.52589797973633,55.67622756958008,53.39988708496094,45.1942024230957,42.376502990722656,22484.689453125,106.14096069335938,55.42167663574219
800000,810001,17,3,249,215,0,53307.12890625,482.1111755371094,203.5474395751953,166.92919921875,141.1267852783203,111.28388214111328,108.52932739257812,81.92280578613281,67.59530639648438,64.83384704589844,57.009586334228516,52.45903778076172,47.97435760498047,44.08511734008789,42.21108627319336,38.40970993041992,38.043296813964844,22470.43359375,143.39512634277344,57.32543182373047
800000,810001,17,3,249,215,1,53284.328125,474.50787353515625,201.0700225830078,160.89781188964844,125.69255065917969,114.46483612060547,101.36397552490234,81.00215148925781,62.9547004699707,58.198997497558594,56.286197662353516,51.476463317871094,49.814430236816406,45.28633499145508,42.39515686035156,40.80202102661133,39.35966110229492,22463.482421875,117.67024993896484,50.55416488647461
805000,815001,17,3,253,218,0,53289.1640625,969.5640869140625,326.0048828125,237.38156127929688,150.45213317871094,145.40379333496094,111.96000671386719,106.84471893310547,93.67138671875,91.80319213867188,80.43555450439453,79.3556137084961,72.23692321777344,67.23625946044922,61.94213104248047,57.73431396484375,50.852447509765625,22481.556640625,111.36186218261719,61.6390380859375
805000,815001,17,3,253,218,1,53292.953125,996.1674194335938,347.5696716308594,248.49371337890625,151.5565185546875,135.57568359375,115.61041259765625,113.49475860595703,104.0916748046875,91.37732696533203,81.5244369506836,77.23982238769531,69.4662857055664,64.9312744140625,58.93063735961914,55.817020416259766,48.966552734375,22478.2578125,102.34613037109375,61.8147087097168
810000,820001,17,3,254,217,0,53390.9453125,1416.250732421875,332.8728332519531,211.5548095703125,141.3976593017578,130.61231994628906,111.69518280029297,95.05342102050781,81.78135681152344,72.7728500366211,66.18291473388672,61.4822883605957,60.22951126098633,51.89503479003906,48.096683502197266,47.145782470703125,43.55261993408203,22493.552734375,127.57105255126953,68.9073715209961
810000,820001,17,3,254,217,1,53404.12890625,1421.75439453125,320.5101013183594,209.1178741455078,152.139404296875,127.2186050415039,114.2954330444336,93.48571014404297,80.24037170410156,68.82319641113281,67.568115234375,60.5611686706543,57.94877624511719,55.581275939941406,52.867828369140625,49.85185623168945,45.94529342651367,22501.1796875,128.8460235595703,67.15947723388672
815000,825001,17,3,253,221,0,52896.4453125,619.12890625,342.4939880371094,250.04266357421875,137.571533203125,112.62088012695312,107.26828002929688,89.35009765625,87.71417999267578,71.03143310546875,65.45201110839844,64.30216217041016,59.76415252685547,50.92682647705078,49.556434631347656,48.18877410888672,45.06190872192383,22288.8046875,102.41940307617188,58.942955017089844
815000,825001,17,3,253,221,1,52863.65625,615.1710815429688,353.33087158203125,252.06048583984375,127.3224868774414,109.107666015625,105.00403594970703,90.76090240478516,76.45886993408203,72.54175567626953,65.34796142578125,64.07928466796875,58.96477127075195,57.74815368652344,55.874027252197266,49.20931625366211,43.08488845825195,22276.384765625,104.76029205322266,58.144866943359375
820000,830001,17,3,253,217,0,53512.73828125,1041.41455078125,356.6116943359375,275.8707580566406,164.4923553466797,141.4911651611328,136.00558471679688,103.02588653564453,80.21551513671875,74.07821655273438,68.12036895751953,66.22589874267578,60.952239990234375,55.8722038269043,51.15492248535156,49.271183013916016,47.81422424316406,22530.287109375,115.07096099853516,61.62563705444336
820000,830001,17,3,253,217,1,53423.828125,1042.2154541015625,379.891357421875,273.331787109375,154.5130157470703,132.4282684326172,120.59043884277344,102.49230194091797,82.47406768798828,72.71470642089844,70.02092742919922,68.08643341064453,62.75013732910156,56.29169845581055,53.01801681518555,48.499210357666016,43.693077087402344,22492.94921875,106.4064712524414,94.77742767333984
825000,835001,17,3,251,214,0,53462.5859375,605.3967895507812,222.9140625,181.5764923095703,130.03500366210938,112.03607940673828,97.38871765136719,79.97744750976562,76.67520141601562,71.22098541259766,65.0307388305664,61.89448165893555,57.51362228393555,53.902469635009766,50.610626220703125,47.05971908569336,43.454010009765625,22474.478515625,87.5823974609375,70.3932113647461
825000,835001,17,3,251,214,1,53504.3828125,615.9114990234375,237.91383361816406,178.4027099609375,142.4191436767578,102.07227325439453,91.35538482666016,76.99657440185547,70.20700073242188,66.58517456054688,61.34489822387695,56.97396469116211,53.237300872802734,51.41767883300781,45.80316925048828,45.03116226196289,39.935630798339844,22492.796875,88.21015167236328,58.64025115966797
830000,840001,17,3,253,220,0,53414.37109375,650.0244750976562,243.41375732421875,203.86911010742188,156.56797790527344,132.35052490234375,130.73829650878906,87.68460083007812,78.47581481933594,75.54122924804688,73.2685317993164,67.9400634765625,62.8582763671875,58.818504333496094,56.42411422729492,48.027557373046875,46.220802307128906,22491.341796875,142.1009979248047,66.0263442993164
830000,840001,17,3,253,220,1,53370.9609375,647.1351318359375,243.27053833007812,198.84555053710938,154.36758422851562,124.6846694946289,115.21697998046875,88.02037811279297,78.01495361328125,70.37651062011719,68.20048522949219,62.87931823730469,60.5623779296875,55.18748474121094,54.25624465942383,46.434574127197266,43.175357818603516,22468.251953125,131.4829864501953,64.42721557617188
835000,845001,17,3,250,223,0,53197.43359375,677.9916381835938,396.7947998046875,190.9935760498047,162.50927734375,114.937744140625,107.56664276123047,103.76524353027344,96.75731658935547,81.92910766601562,74.68362426757812,71.9043960571289,66.9159164428711,63.488983154296875,54.527000427246094,53.57987594604492,46.72603225708008,22444.595703125,91.86052703857422,60.70660400390625
835000,845001,17,3,250,223,1,53183.83203125,664.7389526367188,394.5184631347656,188.4863739013672,138.29762268066406,113.14904022216797,105.74625396728516,96.01551818847656,86.77607727050781,71.46704864501953,70.77031707763672,68.26437377929688,66.68424224853516,61.9071159362793,53.155582427978516,50.8328857421875,44.75630187988281,22439.978515625,89.80902862548828,55.77436828613281
840000,850001,17,3,251,221,0,52810.17578125,672.6334838867188,260.1713562011719,177.66644287109375,149.72482299804688,127.02326965332031,106.89511108398438,96.22997283935547,78.13134765625,75.0089340209961,73.78790283203125,62.999473571777344,57.83314514160156,54.74911117553711,51.42888259887695,50.03630447387695,40.54861831665039,22214.279296875,115.7318115234375,72.81002044677734
840000,850001,17,3,251,221,1,52822.32421875,673.0167236328125,250.7163848876953,180.1868133544922,154.13058471679688,130.7107696533203,116.41764831542969,88.50067138671875,77.13227081298828,71.7772445678711,67.85588836669922,63.19044876098633,62.06061553955078,58.39895248413086,52.85211181640625,47.77430725097656,44.613067626953125,22218.970703125,109.86477661132812,72.73819732666016
845000,855001,17,3,250,214,0,53798.03515625,541.3690185546875,236.44586181640625,172.4095001220703,133.65403747558594,119.9933853149414,102.22650146484375,72.85100555419922,67.17196655273438,64.43986511230469,60.652679443359375,53.31315994262695,50.891788482666016,48.19565200805664,45.11854934692383,43.0457763671875,40.8299674987793,22615.072265625,91.77571868896484,56.42015075683594
845000,855001,17,3,250,214,1,53786.1640625,533.6099243164062,233.17306518554688,160.85015869140625,126.25971984863281,113.59500122070312,85.97344970703125,75.91352081298828,65.31226348876953,63.62397766113281,59.62864303588867,55.729248046875,54.367576599121094,49.77371597290039,46.3633918762207,44.438289642333984,40.455963134765625,22611.857421875,95.04118347167969,58.410091400146484
850000,860001,17,3,254,218,0,54342.0546875,1103.8646240234375,255.449462890625,182.41326904296875,137.6656036376953,129.7821807861328,111.74309539794922,84.74295043945312,79.96821594238281,76.44615936279297,64.54649353027344,57.504032135009766,55.933101654052734,50.728939056396484,50.11520004272461,47.48556137084961,44.880210876464844,22865.078125,88.15283203125,59.23830032348633
850000,860001,17,3,254,218,1,54310.125,1145.586181640625,260.3085632324219,185.5611572265625,138.30418395996094,127.87398529052734,114.9976806640625,89.12976837158203,71.80819702148438,64.75992584228516,64.44020080566406,56.914703369140625,53.43268966674805,51.68433380126953,47.849769592285156,46.65359115600586,45.07950210571289,22852.52734375,89.15251922607422,53.865604400634766
855000,865001,17,3,254,220,0,53694.7421875,686.8800048828125,331.6280822753906,204.2608184814453,162.4190673828125,138.40902709960938,124.8574447631836,99.19496154785156,89.90428161621094,77.35025787353516,72.47804260253906,68.16122436523438,62.65407180786133,57.42866897583008,54.70186996459961,51.08463668823242,48.39748001098633,22595.470703125,103.8889389038086,67.74282836914062
855000,865001,17,3,254,220,1,53711.6328125,671.989501953125,314.4641418457031,195.48782348632812,164.55140686035156,139.58375549316406,132.057373046875,106.38389587402344,86.46134948730469,80.16190338134766,74.78992462158203,70.45830535888672,69.4930419921875,64.46284484863281,60.56818389892578,57.67621612548828,53.51994705200195,22601.015625,114.04270935058594,79.13751983642578
860000,870001,17,3,253,219,0,53300.2109375,1390.8873291015625,278.4322204589844,195.56092834472656,166.56939697265625,113.45677185058594,99.95165252685547,77.7497787475586,71.26065063476562,64.33103942871094,62.579345703125,54.07182693481445,52.416744232177734,50.496341705322266,45.29634094238281,43.57257080078125,36.77627944946289,22453.974609375,99.40655517578125,47.685611724853516
860000,870001,17,3,253,219,1,53290.45703125,1412.910400390625,287.751220703125,204.55621337890625,171.651123046875,121.5816650390625,99.97893524169922,82.90951538085938,72.26519012451172,66.25102233886719,64.73922729492188,60.04082107543945,55.987083435058594,51.094573974609375,50.16180419921875,45.590354919433594,42.3209228515625,22451.396484375,112.96121978759766,57.70866775512695
865000,875001,17,3,252,214,0,53463.84765625,676.0272216796875,282.2564697265625,192.4629669189453,153.61679077148438,124.06446075439453,109.29473876953125,93.54588317871094,76.82048034667969,71.35143280029297,66.63358306884766,61.6528205871582,54.113338470458984,49.317283630371094,48.96205139160156,44.788291931152344,40.97365188598633,22534.126953125,128.53407287597656,63.1055908203125
865000,875001,17,3,252,214,1,53460.078125,697.040283203125,283.8570861816406,216.611083984375,157.7968292236328,144.75814819335938,120.2836685180664,101.47422790527344,81.05024719238281,72.36943817138672,68.79981994628906,63.1065673828125,59.256919860839844,53.2313346862793,50.60669708251953,47.51713180541992,42.961849212646484,22529.138671875,117.21298217773438,81.41802978515625
870000,880001,17,3,252,213,0,54036.2890625,623.8430786132812,302.43011474609375,198.89254760742188,143.51443481445312,126.29962921142578,97.00048065185547,94.93328857421875,77.55245971679688,72.00432586669922,65.73870086669922,60.442352294921875,59.219581604003906,52.704254150390625,47.15446472167969,44.2813835144043,38.00908279418945,22753.38671875,98.54390716552734,58.33064270019531
870000,880001,17,3,252,213,1,53990.42578125,618.1148071289062,306.7633972167969,186.6920928955078,147.442138671875,118.65007019042969,98.32447052001953,79.79906463623047,69.95321655273438,61.965152740478516,60.76668167114258,56.6630859375,53.79703903198242,48.00511932373047,43.74093246459961,41.882511138916016,38.15300750732422,22732.755859375,92.70137786865234,63.00288391113281
875000,885001,17,3,250,211,0,54367.0078125,625.5869140625,239.45022583007812,195.08421325683594,147.06541442871094,104.84888458251953,103.0085678100586,77.07064056396484,71.52591705322266,64.4975357055664,63.27879333496094,58.295074462890625,51.693748474121094,50.57816696166992,48.243099212646484,45.14404296875,40.06988525390625,22877.89453125,104.72976684570312,59.110435485839844
875000,885001,17,3,250,211,1,54345.02734375,618.2537841796875,243.38818359375,189.8636474609375,139.26785278320312,109.40748596191406,97.73057556152344,75.31770324707031,72.99042510986328,65.0482177734375,58.055233001708984,56.794612884521484,51.801536560058594,49.162330627441406,43.8994026184082,42.21418762207031,36.807289123535156,22865.283203125,101.96737670898438,56.63417434692383
880000,890001,17,3,253,227,0,53905.7890625,743.5653076171875,309.8941345214844,219.0465850830078,161.93902587890625,143.10452270507812,130.64117431640625,109.28209686279297,91.64346313476562,73.93112182617188,71.90975952148438,64.70457458496094,61.802059173583984,58.05657958984375,55.224853515625,52.385841369628906,48.07042694091797,22685.82421875,121.47444915771484,64.71869659423828
880000,890001,17,3,253,227,1,53941.1484375,695.7256469726562,311.96978759765625,233.51849365234375,208.5752410888672,166.22682189941406,155.7187957763672,125.0313491821289,102.16160583496094,92.42644500732422,82.93368530273438,69.11715698242188,68.54666137695312,57.71167755126953,54.28007507324219,52.380611419677734,44.5527458190918,22694.853515625,170.2879180908203,61.675662994384766
885000,895001,17,3,250,214,0,53651.11328125,679.6316528320312,290.3020324707031,209.01792907714844,155.0612335205078,126.66398620605469,97.9915771484375,88.39692687988281,80.59921264648438,73.21263122558594,67.18510437011719,62.1966667175293,53.33977127075195,51.194217681884766,49.42918014526367,46.39513397216797,44.036903381347656,22560.298828125,88.73821258544922,59.97710037231445
885000,895001,17,3,250,214,1,53642.30859375,700.6607666015625,300.36529541015625,208.8636016845703,139.43692016601562,125.78873443603516,104.90626525878906,91.76558685302734,80.59143829345703,69.22856140136719,60.384033203125,55.5134162902832,53.25951385498047,47.26723098754883,46.19392776489258,43.56354522705078,41.36152267456055,22553.265625,86.33517456054688,56.89610290527344
890000,900001,17,3,251,224,0,54265.83203125,1586.7874755859375,389.85821533203125,228.6614532470703,179.3606414794922,115.85770416259766,114.89096069335938,88.56793975830078,87.14751434326172,70.97395324707031,64.00249481201172,62.625511169433594,53.9617805480957,52.48818588256836,50.74900436401367,44.99833679199219,39.58290481567383,22808.552734375,91.72132873535156,63.44682312011719
890000,900001,17,3,251,224,1,54289.04296875,1551.3310546875,368.4366455078125,207.37806701660156,190.19956970214844,120.58544158935547,104.6319580078125,91.95364379882812,88.78741455078125,78.5577621459961,68.52510833740234,63.82608413696289,56.66930389404297,51.02808380126953,46.55264663696289,45.163978576660156,40.44721984863281,22811.54296875,93.19612884521484,69.18317413330078
895000,905001,17,3,252,218,0,54601.1796875,856.2421875,301.57855224609375,194.9674072265625,127.51468658447266,120.42147827148438,97.16434478759766,89.62628936767578,70.92318725585938,69.126953125,64.48748016357422,60.81678009033203,58.744911193847656,51.079505920410156,50.866703033447266,48.0786018371582,42.75581741333008,22962.076171875,137.36517333984375,66.05586242675781
895000,905001,17,3,252,218,1,54570.0078125,833.6031494140625,298.38531494140625,193.86614990234375,130.87518310546875,121.0511245727539,95.77164459228516,89.70957946777344,75.1339111328125,64.02994537353516,59.24488830566406,55.559661865234375,53.15224075317383,50.68588638305664,48.53691482543945,43.706966400146484,42.34203338623047,22952.484375,129.77615356445312,61.984031677246094
900000,910001,17,3,251,224,0,54646.3671875,1099.654052734375,274.9019470214844,216.92535400390625,146.297607421875,123.7800521850586,116.92023468017578,85.74048614501953,81.68157196044922,68.05313110351562,62.978294372558594,59.40856170654297,57.77190399169922,54.7607421875,50.15212631225586,46.238460540771484,41.961021423339844,22984.775390625,101.72620391845703,52.10183334350586
900000,910001,17,3,251,224,1,54670.8828125,1147.3404541015625,282.60748291015625,213.28369140625,147.7368621826172,122.8646011352539,105.85935974121094,83.4570541381836,71.49676513671875,64.53067016601562,63.14274978637695,57.698211669921875,55.82545471191406,50.87301254272461,47.17302703857422,45.36137771606445,43.5808219909668,22993.587890625,103.44113159179688,56.33455276489258
905000,915001,17,3,253,213,0,54196.6171875,771.7699584960938,315.9501037597656,169.2677459716797,130.25706481933594,113.99053192138672,96.5848159790039,89.21365356445312,86.18345642089844,68.7713394165039,62.906715393066406,59.615028381347656,57.033206939697266,51.38359451293945,48.30457305908203,42.62785339355469,41.84529113769531,22839.0,88.24763488769531,54.7650260925293
905000,915001,17,3,253,213,1,54159.81640625,725.4425048828125,314.63983154296875,185.89805603027344,141.91835021972656,116.58988189697266,107.8108139038086,93.8973617553711,77.67503356933594,72.03166961669922,63.102386474609375,59.08324432373047,56.39609146118164,52.72268295288086,47.69967269897461,45.68251037597656,38.1391716003418,22823.837890625,105.67316436767578,60.9700813293457
910000,920001,17,3,250,223,0,53724.39453125,561.52734375,317.95623779296875,216.84854125976562,137.5041046142578,123.41986083984375,99.558349609375,85.4876708984375,82.87689971923828,73.90621948242188,68.34884643554688,66.23584747314453,61.05279541015625,59.262290954589844,54.838802337646484,50.96467971801758,47.26571273803711,22613.513671875,104.03502655029297,65.31490325927734
910000,920001,17,3,250,223,1,53673.55859375,564.7830200195312,317.83843994140625,220.4988250732422,152.45831298828125,130.51583862304688,111.83653259277344,94.59672546386719,86.40277862548828,79.56275177001953,75.01669311523438,69.62057495117188,66.53768920898438,59.178871154785156,57.44754409790039,50.80537796020508,46.5347900390625,22592.275390625,116.63128662109375,59.95777130126953
915000,925001,17,3,252,219,0,54268.5078125,723.4052734375,418.0813903808594,216.99729919433594,153.63186645507812,122.71509552001953,103.5992660522461,91.76676177978516,75.36222839355469,69.5195541381836,67.40879821777344,62.54484176635742,59.07353973388672,54.4139518737793,53.78343200683594,51.822628021240234,42.59585189819336,22862.849609375,185.38055419921875,64.43148803710938
915000,925001,17,3,252,219,1,54252.953125,720.3317260742188,420.44805908203125,216.75384521484375,152.82192993164062,116.95693969726562,97.2697982788086,92.2005844116211,87.20804595947266,78.11861419677734,69.03427124023438,67.9579086303711,61.21763229370117,57.46723937988281,53.44169998168945,51.55999755859375,44.60288619995117,22857.689453125,222.88746643066406,64.19930267333984
920000,930001,17,3,252,224,0,54797.765625,591.18115234375,278.1169738769531,198.93516540527344,136.62132263183594,125.60118865966797,118.33122253417969,105.73410034179688,86.66346740722656,76.53459930419922,73.64290618896484,68.06584930419922,62.427738189697266,56.388797760009766,52.75896072387695,46.09571838378906,42.63129806518555,23104.134765625,114.71324157714844,71.71080017089844
920000,930001,17,3,252,224,1,54785.2734375,571.02734375,279.3853759765625,184.22227478027344,153.8923797607422,113.62316131591797,110.3127670288086,93.88632202148438,84.04364776611328,74.23060607910156,71.2716293334961,65.37979125976562,57.501953125,57.20817184448242,51.82988357543945,48.08504104614258,43.51008224487305,23098.8046875,98.90148162841797,68.85669708251953
925000,935001,17,3,251,212,0,54607.16015625,575.6632690429688,256.5031433105469,198.53872680664062,120.69998931884766,106.25138854980469,88.56221771240234,75.52326965332031,67.80457305908203,65.50701141357422,61.3344841003418,58.69904327392578,55.36961364746094,50.741580963134766,47.02540588378906,41.5617561340332,37.04124450683594,22976.662109375,89.33607482910156,54.86860275268555
925000,935001,17,3,251,212,1,54597.33203125,579.7779541015625,268.28656005859375,213.03564453125,128.91246032714844,109.18128204345703,98.08901977539062,84.0285415649414,77.29649353027344,68.51248168945312,61.850467681884766,58.32707214355469,55.83387756347656,48.87945556640625,46.358802795410156,42.22934341430664,40.37827682495117,22980.6875,79.4435806274414,52.17809295654297
930000,940001,17,3,251,218,0,54449.30859375,613.7272338867188,235.6900634765625,178.9340057373047,143.95999145507812,111.38096618652344,100.52581787109375,78.29219055175781,74.17178344726562,68.23532104492188,60.97141647338867,58.655433654785156,53.076045989990234,49.60414123535156,47.07892990112305,43.08181381225586,40.9047737121582,22917.14453125,95.16223907470703,45.24580001831055
930000,940001,17,3,251,218,1,54472.82421875,607.5966186523438,246.4147186279297,183.3911895751953,138.2187042236328,119.07830047607422,100.9712905883789,85.35771942138672,73.80696105957031,65.70796966552734,62.18187713623047,57.62508773803711,57.088035583496094,51.849422454833984,50.01585006713867,47.064903259277344,44.87565994262695,22926.2734375,88.34332275390625,62.31914520263672
935000,945001,17,3,253,222,0,54073.6796875,549.0921020507812,297.16650390625,166.2030487060547,131.8397674560547,122.12689971923828,108.05732727050781,85.8720932006836,81.47342681884766,69.6722183227539,65.3502426147461,59.05410385131836,57.2237434387207,50.15787124633789,48.56062316894531,46.08293533325195,42.640037536621094,22760.091796875,105.81739044189453,71.4915771484375
935000,945001,17,3,253,222,1,54064.01171875,558.5042114257812,303.63433837890625,165.97706604003906,129.70240783691406,124.53913879394531,109.59210968017578,82.99170684814453,69.01002502441406,65.1012954711914,61.18080139160156,59.03185272216797,56.28874588012695,53.18330001831055,46.60787582397461,45.460044860839844,44.511409759521484,22758.08203125,92.23831939697266,58.38496780395508
940000,950001,17,3,248,217,0,54365.58203125,611.9662475585938,247.6484375,202.37545776367188,136.9130096435547,113.60447692871094,100.9665756225586,86.05905151367188,79.0595474243164,74.69345092773438,66.35360717773438,58.6193962097168,56.84341812133789,52.15217590332031,50.2324104309082,40.651268005371094,38.071632385253906,22890.302734375,96.79742431640625,57.10464096069336
940000,950001,17,3,248,217,1,54390.87890625,599.6204833984375,261.523681640625,198.52777099609375,132.6608428955078,119.07353973388672,103.13782501220703,89.15185546875,81.43421936035156,73.47615814208984,65.6598129272461,59.49171829223633,55.41421127319336,54.87983703613281,51.58727264404297,45.964385986328125,37.723079681396484,22906.3671875,93.98445892333984,58.18136978149414
945000,955001,17,3,251,228,0,55193.1484375,502.0369567871094,235.8599090576172,187.05413818359375,131.5152587890625,125.26286315917969,109.33393859863281,97.87176513671875,77.33355712890625,68.80045318603516,63.44497299194336,60.10588455200195,56.40760803222656,50.65319061279297,47.4768180847168,44.45564651489258,41.65618896484375,23220.20703125,97.66948699951172,57.383724212646484
945000,955001,17,3,251,228,1,55201.6640625,518.8630981445312,243.63401794433594,178.0687255859375,149.78907775878906,118.3590316772461,105.99297332763672,96.82546997070312,78.29845428466797,66.46544647216797,64.8973388671875,61.729976654052734,55.062503814697266,53.40321350097656,47.580772399902344,46.275733947753906,41.78670120239258,23224.072265625,99.716552734375,60.4420051574707
950000,960001,17,3,254,225,0,55857.078125,616.6522216796875,264.4454345703125,174.2732391357422,142.1819305419922,111.53856658935547,92.0959243774414,76.46802520751953,65.94867706298828,62.82889175415039,58.64469528198242,57.81886672973633,52.722660064697266,49.4560432434082,47.55608367919922,45.36551284790039,43.07073974609375,23514.451171875,97.37797546386719,60.29203414916992
950000,960001,17,3,254,225,1,55804.19140625,609.3311157226562,258.6236267089844,172.80874633789062,139.9486083984375,117.33647155761719,97.7850112915039,90.34767150878906,71.51507568359375,67.26274871826172,63.021305084228516,59.741943359375,53.929969787597656,52.27825164794922,47.15005111694336,43.917152404785156,42.24775695800781,23495.384765625,104.32457733154297,58.71673583984375
955000,965001,17,3,252,227,0,56008.3203125,567.5430297851562,271.36480712890625,180.2930908203125,143.92930603027344,112.02198791503906,105.46222686767578,87.08889770507812,81.87211608886719,75.33190155029297,72.6490707397461,66.9720230102539,59.50168228149414,51.505977630615234,48.09639358520508,45.25259780883789,42.488040924072266,23566.478515625,90.87992858886719,58.25914001464844
955000,965001,17,3,252,227,1,56020.4140625,568.8490600585938,275.96588134765625,191.83230590820312,153.8616180419922,116.7460708618164,113.79102325439453,102.08687591552734,76.15778350830078,70.22933959960938,68.11621856689453,63.55611038208008,58.207584381103516,55.441280364990234,52.65028381347656,47.58290100097656,43.31528091430664,23570.8671875,91.61265563964844,63.11418533325195
960000,970001,17,3,254,221,0,55500.58203125,538.004638671875,236.73829650878906,184.80795288085938,135.32151794433594,124.67618560791016,111.43548583984375,69.21107482910156,63.740177154541016,61.75362014770508,58.90724182128906,52.500465393066406,50.99821853637695,46.00151062011719,43.41434860229492,38.15556716918945,36.28167724609375,23377.99609375,87.43229675292969,49.006797790527344
960000,970001,17,3,254,221,1,55536.49609375,528.2179565429688,234.66014099121094,176.62709045410156,138.37818908691406,126.18092346191406,111.53399658203125,83.76518249511719,75.032958984375,70.05745697021484,62.282920837402344,61.542633056640625,55.34171676635742,53.07167434692383,51.65939712524414,47.716163635253906,43.312721252441406,23393.44140625,97.92427825927734,61.66767501831055
965000,975001,17,3,252,229,0,55235.84765625,554.4822998046875,276.0127258300781,166.23956298828125,138.41017150878906,106.22457122802734,95.27641296386719,78.64695739746094,72.34569549560547,70.37858581542969,64.76130676269531,57.90728759765625,55.00851058959961,47.77357864379883,44.407047271728516,43.549373626708984,37.63431167602539,23228.232421875,96.40473175048828,68.36450958251953
965000,975001,17,3,252,229,1,55229.62890625,548.119873046875,273.8241882324219,173.69361877441406,151.5551300048828,107.67405700683594,106.94841003417969,78.64306640625,70.7950439453125,67.20601654052734,64.17779541015625,59.628719329833984,53.300636291503906,52.30209732055664,45.05556869506836,43.8489990234375,42.9597053527832,23228.248046875,98.05660247802734,64.75279235839844
970000,980001,17,3,251,224,0,55215.28515625,552.4188842773438,330.1271667480469,221.1663055419922,145.39988708496094,111.43317413330078,103.50711059570312,78.90235137939453,73.20732116699219,66.65511322021484,62.08557891845703,57.307861328125,55.732513427734375,49.06201934814453,48.06251525878906,43.483341217041016,41.05072021484375,23217.744140625,134.4413604736328,54.99029541015625
970000,980001,17,3,251,224,1,55222.77734375,554.6766967773438,322.71441650390625,226.87010192871094,152.68528747558594,114.8544921875,106.26019287109375,88.10697174072266,70.44808959960938,67.38954162597656,62.35051727294922,59.420413970947266,56.89499282836914,51.77162170410156,49.86561965942383,43.1212043762207,39.80385208129883,23219.00390625,127.28277587890625,63.192935943603516
975000,985001,17,3,249,224,0,54112.71875,623.567626953125,256.34613037109375,187.7848663330078,128.3749542236328,122.60904693603516,96.77205657958984,92.2121353149414,74.28499603271484,70.19568634033203,67.81934356689453,62.01002883911133,59.242496490478516,55.40845489501953,50.70537185668945,48.82026290893555,44.52288055419922,22803.646484375,86.66280364990234,49.69106674194336
975000,985001,17,3,249,224,1,54093.109375,621.5238647460938,261.8758850097656,176.0218048095703,121.86508178710938,107.0435562133789,87.20816802978516,79.73128509521484,74.71456909179688,67.10352325439453,65.39938354492188,60.041873931884766,59.408023834228516,56.895408630371094,52.752052307128906,50.00586700439453,48.57989501953125,22792.359375,77.39363098144531,52.86463165283203
980000,990001,17,3,253,221,0,55328.3671875,682.263916015625,331.4172058105469,165.95733642578125,159.91709899902344,113.90152740478516,106.29706573486328,93.52631378173828,82.16049194335938,75.4097671508789,70.95109558105469,65.38170623779297,58.092159271240234,54.37541198730469,53.37906265258789,48.92997360229492,45.49644470214844,23287.75,93.30955505371094,53.10676574707031
980000,990001,17,3,253,221,1,55384.19140625,662.2406005859375,323.3096008300781,181.1573028564453,161.35191345214844,117.47063446044922,112.82433319091797,86.5284194946289,84.92324829101562,73.9613037109375,66.3536605834961,62.19176483154297,59.09468078613281,55.618629455566406,47.324344635009766,45.96239471435547,44.72759246826172,23311.5625,91.21414947509766,59.83623123168945
985000,995001,17,3,251,213,0,55196.03125,625.5939331054688,361.4937744140625,202.58236694335938,140.75811767578125,111.77364349365234,95.7050552368164,86.04818725585938,82.77855682373047,71.6302719116211,68.08106994628906,63.32583236694336,62.63027572631836,53.85471725463867,51.36704635620117,49.90355682373047,42.687400817871094,23224.66796875,88.3163070678711,57.073890686035156
985000,995001,17,3,251,213,1,55241.64453125,632.3697509765625,354.646728515625,199.05819702148438,140.34580993652344,109.95659637451172,104.14594268798828,77.60826873779297,74.63390350341797,67.87751770019531,62.673622131347656,59.71483612060547,54.975547790527344,53.2206916809082,51.045013427734375,45.91799545288086,43.61503219604492,23243.05859375,86.78121948242188,56.55376052856445
