grad_step,env_steps,window_len,penalty_len,n_windows,unique_eps,critic,sv_01,sv_02,sv_03,sv_04,sv_05,sv_06,sv_07,sv_08,sv_09,sv_10,sv_11,sv_12,sv_13,sv_14,sv_15,sv_16,sv_17,pen_sv_01,pen_sv_02,pen_sv_03
0,10001,17,3,254,10,0,12.047767639160156,6.384395122528076,6.146413326263428,5.898146629333496,5.711816310882568,5.261434555053711,5.195704936981201,5.097362041473389,5.020753383636475,4.935371398925781,4.694489479064941,4.402924537658691,4.243319034576416,3.8800642490386963,3.4323925971984863,3.1023361682891846,2.731693983078003,6.117105007171631,5.279963493347168,5.022701740264893
0,10001,17,3,254,10,1,7.399163246154785,3.4524288177490234,3.316859006881714,3.12949538230896,3.0384891033172607,2.937351942062378,2.76042103767395,2.645792007446289,2.6419897079467773,2.501132011413574,2.443197250366211,2.393965721130371,2.3441245555877686,2.2321817874908447,2.2080790996551514,2.086599349975586,2.0123276710510254,3.9390437602996826,2.7671284675598145,2.6368260383605957
5000,15001,17,3,254,15,0,207.15553283691406,69.81951904296875,41.6606330871582,29.075265884399414,24.221454620361328,20.332387924194336,18.212520599365234,14.255111694335938,12.712706565856934,11.83010482788086,10.712367057800293,9.23196029663086,8.851490020751953,8.318803787231445,7.453273773193359,6.686858654022217,6.191747665405273,97.52534484863281,17.445985794067383,8.922728538513184
5000,15001,17,3,254,15,1,209.20045471191406,70.27648162841797,41.20497512817383,30.213319778442383,24.328330993652344,20.42376708984375,18.198755264282227,13.953197479248047,12.503607749938965,11.746683120727539,10.106711387634277,9.335564613342285,8.973841667175293,7.945941925048828,7.268259525299072,6.908618927001953,6.408186912536621,98.43383026123047,17.71718978881836,8.673201560974121
10000,20001,17,3,256,20,0,576.9049682617188,87.1834487915039,46.874908447265625,35.86967086791992,27.751583099365234,23.05493927001953,20.725040435791016,19.473346710205078,16.47744369506836,14.807022094726562,13.728911399841309,12.094456672668457,11.824947357177734,11.144791603088379,10.553162574768066,9.880237579345703,9.5698823928833,239.71095275878906,19.619539260864258,14.077635765075684
10000,20001,17,3,256,20,1,564.149658203125,86.4881820678711,46.554744720458984,35.16838073730469,28.565706253051758,22.994117736816406,21.47117805480957,18.268728256225586,16.304628372192383,13.942495346069336,13.197636604309082,12.121336936950684,11.16942024230957,10.55112361907959,10.267016410827637,9.321269989013672,8.948415756225586,234.7115020751953,18.905303955078125,13.624115943908691
15000,25001,17,3,252,25,0,497.51055908203125,57.696903228759766,29.514835357666016,16.843460083007812,12.113995552062988,7.690972328186035,5.598684310913086,5.017175197601318,3.724421262741089,2.9932544231414795,2.6829922199249268,2.4601097106933594,2.3768019676208496,2.1081361770629883,2.0189015865325928,1.7922903299331665,1.6935029029846191,211.57237243652344,7.492033004760742,2.600625514984131
15000,25001,17,3,252,25,1,496.71099853515625,58.05392837524414,29.171947479248047,17.053396224975586,11.835081100463867,7.7270073890686035,5.689436435699463,4.736404895782471,3.6396210193634033,2.717108964920044,2.6479506492614746,2.513178586959839,2.474733829498291,2.268955945968628,2.080350637435913,1.755766749382019,1.6959218978881836,212.0247344970703,7.497352123260498,2.7244062423706055
20000,30001,17,3,248,30,0,656.5693969726562,74.77909088134766,33.68014144897461,20.75458335876465,13.64639949798584,9.439519882202148,6.626359462738037,5.759554386138916,4.3402099609375,3.709399700164795,3.2777161598205566,2.959200620651245,2.7874696254730225,2.3859832286834717,2.2599289417266846,2.1003406047821045,1.9354169368743896,268.12255859375,9.637500762939453,2.8637547492980957
20000,30001,17,3,248,30,1,660.8302001953125,74.2716064453125,35.273277282714844,21.17413902282715,13.954448699951172,9.445860862731934,6.442174911499023,6.262112140655518,4.2559027671813965,3.8929028511047363,3.4704418182373047,3.1317708492279053,2.8453245162963867,2.6233954429626465,2.4563066959381104,2.2512381076812744,2.1942782402038574,270.0027770996094,9.381365776062012,3.1138808727264404
25000,35001,17,3,248,35,0,801.68115234375,83.86119842529297,42.513816833496094,19.921249389648438,13.654500961303711,9.443521499633789,8.183305740356445,6.563150405883789,5.067992687225342,4.012430667877197,3.1875362396240234,2.9884324073791504,2.635734796524048,2.567146062850952,2.2009165287017822,2.087237596511841,2.052790641784668,332.01959228515625,9.888870239257812,3.109440565109253
25000,35001,17,3,248,35,1,806.5150756835938,85.42154693603516,43.38813018798828,20.007240295410156,14.085801124572754,9.395922660827637,8.46585464477539,6.588265895843506,5.168182849884033,3.8932044506073,3.4473958015441895,3.011591672897339,2.957951545715332,2.7794511318206787,2.5055692195892334,2.434962511062622,2.065605640411377,334.8153076171875,9.776880264282227,3.4854013919830322
30000,40001,17,3,251,40,0,1126.833984375,100.15594482421875,49.483802795410156,28.761552810668945,15.845185279846191,10.578575134277344,9.207653045654297,7.984511852264404,5.504289627075195,4.663097858428955,4.415539741516113,3.625018358230591,3.203981637954712,3.167349100112915,2.9957964420318604,2.7478222846984863,2.6160902976989746,472.1778869628906,11.978473663330078,3.7568438053131104
30000,40001,17,3,251,40,1,1126.1307373046875,100.41615295410156,49.21043395996094,28.88755989074707,15.801374435424805,11.303229331970215,9.299882888793945,9.184185028076172,5.87994384765625,4.513585090637207,3.793191909790039,3.5571556091308594,3.3514809608459473,3.0568888187408447,2.8264691829681396,2.77559757232666,2.4987800121307373,472.5899353027344,12.421834945678711,3.7355339527130127
35000,45001,17,3,251,44,0,1545.8529052734375,97.90736389160156,55.827125549316406,32.52216720581055,22.79132080078125,16.18906593322754,12.504472732543945,9.126758575439453,6.9517741203308105,5.922216415405273,4.785301208496094,4.532055377960205,4.159050941467285,3.9846384525299072,3.5374045372009277,3.145217180252075,3.0125622749328613,655.6312255859375,16.42766761779785,5.311970233917236
35000,45001,17,3,251,44,1,1547.433349609375,99.0162124633789,56.17168045043945,29.929868698120117,22.70704460144043,15.440300941467285,10.470391273498535,7.893259048461914,6.755428314208984,5.533917427062988,4.501902103424072,4.368875980377197,3.9145727157592773,3.555687189102173,3.31012225151062,3.2070014476776123,2.920159339904785,656.3128051757812,15.701805114746094,5.384303569793701
40000,50001,17,3,251,50,0,1853.0272216796875,132.47317504882812,67.98873138427734,38.97091293334961,24.13288116455078,14.678812980651855,12.0003023147583,9.009237289428711,7.077847003936768,5.862543106079102,5.339753150939941,4.104405879974365,3.847428321838379,3.6689889430999756,3.425260543823242,3.318051338195801,2.822608470916748,766.0126953125,20.139177322387695,5.384757041931152
40000,50001,17,3,251,50,1,1845.5718994140625,133.26626586914062,68.2512435913086,38.884742736816406,23.924631118774414,15.153176307678223,12.058141708374023,10.041863441467285,7.2687225341796875,5.969417572021484,5.6376261711120605,4.627042293548584,4.402446269989014,4.0952067375183105,3.881629467010498,3.422457456588745,2.8008267879486084,763.1375122070312,19.959205627441406,5.750705242156982
45000,55001,17,3,250,55,0,2340.9716796875,163.66043090820312,69.04004669189453,40.967735290527344,24.933542251586914,16.51947593688965,14.838569641113281,11.305842399597168,9.188936233520508,7.1758341789245605,6.848782062530518,6.2073235511779785,5.50336217880249,5.334677696228027,4.741584777832031,4.571859359741211,3.768031597137451,980.8236694335938,19.428607940673828,6.378542900085449
45000,55001,17,3,250,55,1,2342.474609375,161.92041015625,68.9673843383789,41.332496643066406,24.831941604614258,16.412052154541016,14.143720626831055,12.32917594909668,8.895363807678223,6.701486587524414,6.52915096282959,5.741720199584961,5.014211177825928,4.805048942565918,4.656656265258789,3.8808770179748535,3.648087978363037,980.9556884765625,19.58057403564453,6.094192028045654
50000,60001,17,3,254,57,0,2935.44287109375,168.26959228515625,97.03207397460938,46.4212760925293,31.439788818359375,23.039531707763672,20.587108612060547,17.165088653564453,11.795387268066406,8.893144607543945,8.264086723327637,7.81950569152832,6.097983360290527,5.6017231941223145,5.547076225280762,5.242194175720215,4.7406840324401855,1231.03076171875,22.848583221435547,7.139529228210449
50000,60001,17,3,254,57,1,2930.322265625,170.8988800048828,98.52294158935547,48.217464447021484,31.598846435546875,23.28563690185547,21.708036422729492,16.870361328125,10.954559326171875,8.94949722290039,8.299239158630371,7.615513801574707,6.4730072021484375,6.149926662445068,5.8363423347473145,5.465343952178955,4.994726181030273,1228.20263671875,23.36414909362793,8.575186729431152
55000,65001,17,3,254,62,0,3480.150146484375,206.41937255859375,114.59613800048828,68.88136291503906,36.377376556396484,25.94489860534668,23.04165267944336,19.60990333557129,13.830187797546387,10.93962574005127,10.11251163482666,9.143942832946777,7.68582010269165,7.201286792755127,6.218375205993652,6.1512346267700195,5.409126281738281,1458.0849609375,27.67822265625,8.403562545776367
55000,65001,17,3,254,62,1,3481.92138671875,206.38711547851562,115.87053680419922,68.1273422241211,36.22539520263672,25.720684051513672,21.669219970703125,19.023828506469727,13.418725967407227,10.038774490356445,9.176416397094727,8.164276123046875,7.8046441078186035,7.214862823486328,6.50669527053833,5.940865993499756,5.162416458129883,1457.75927734375,28.250389099121094,7.94571590423584
60000,70001,17,3,250,69,0,3841.8583984375,198.4408721923828,102.79802703857422,62.19116973876953,40.15486145019531,29.23973846435547,22.507951736450195,19.181907653808594,14.529438972473145,10.162866592407227,9.13685131072998,8.562772750854492,7.157266139984131,6.835512638092041,6.621577262878418,5.883182048797607,5.251292705535889,1613.343994140625,33.730716705322266,10.568498611450195
60000,70001,17,3,250,69,1,3840.667724609375,200.69073486328125,103.8307876586914,60.954261779785156,42.058956146240234,30.764860153198242,23.05727767944336,20.076702117919922,14.945210456848145,10.624173164367676,9.704480171203613,8.347444534301758,7.946991920471191,7.653388500213623,6.973994731903076,5.778618812561035,5.037896633148193,1613.0694580078125,34.34656524658203,9.059897422790527
65000,75001,17,3,252,73,0,4191.05712890625,245.38034057617188,111.1287841796875,55.09676742553711,46.08046340942383,33.06019973754883,22.063386917114258,21.332311630249023,15.200847625732422,10.970096588134766,10.430572509765625,9.682856559753418,9.266918182373047,8.855123519897461,7.272447109222412,6.731122016906738,6.580931663513184,1757.283203125,29.903459548950195,10.539597511291504
65000,75001,17,3,252,73,1,4195.59716796875,247.85614013671875,110.70866394042969,55.285701751708984,45.82518005371094,30.38292121887207,21.256601333618164,18.217620849609375,17.059459686279297,13.134435653686523,10.846264839172363,10.29188060760498,9.640886306762695,8.302169799804688,7.972085475921631,7.471411228179932,6.7584052085876465,1759.2864990234375,29.600427627563477,10.736810684204102
70000,80001,17,3,251,78,0,4999.9306640625,262.504638671875,130.95779418945312,72.29792785644531,44.53688430786133,32.52789306640625,27.13465690612793,20.057527542114258,17.141700744628906,12.765461921691895,12.126248359680176,10.461220741271973,10.19898509979248,9.455698013305664,8.842019081115723,8.179712295532227,6.6302618980407715,2072.598876953125,33.813682556152344,11.868454933166504
70000,80001,17,3,251,78,1,4996.287109375,264.3860778808594,132.4467010498047,70.86752319335938,43.98591232299805,31.525678634643555,26.862701416015625,21.014692306518555,16.053916931152344,12.602336883544922,11.465045928955078,10.213661193847656,9.678082466125488,8.60891342163086,8.16646671295166,7.360014915466309,6.800335884094238,2067.82666015625,33.23027038574219,11.291321754455566
75000,85001,17,3,255,80,0,5729.51904296875,271.5889892578125,145.08978271484375,78.69776153564453,53.04545211791992,35.772308349609375,32.12193298339844,23.094120025634766,18.95311737060547,15.096166610717773,13.794716835021973,12.873290061950684,11.989744186401367,11.058280944824219,10.202784538269043,9.122027397155762,8.030685424804688,2399.617919921875,42.59624481201172,13.203168869018555
75000,85001,17,3,255,80,1,5715.8212890625,272.887939453125,145.98941040039062,76.48875427246094,54.36032485961914,32.9929313659668,29.377782821655273,22.577842712402344,18.442668914794922,16.467395782470703,14.399967193603516,12.36920166015625,11.370911598205566,10.03985595703125,9.440104484558105,8.350784301757812,7.14045524597168,2392.95703125,41.31608200073242,14.139108657836914
80000,90001,17,3,253,85,0,6131.083984375,327.7732238769531,140.56375122070312,85.16105651855469,57.640235900878906,36.23763656616211,26.535959243774414,25.42025375366211,18.42996597290039,16.803131103515625,14.365111351013184,13.625326156616211,12.71215534210205,11.56552791595459,10.528800010681152,10.37837028503418,9.07907772064209,2561.33349609375,43.555843353271484,15.249360084533691
80000,90001,17,3,253,85,1,6153.6220703125,331.71282958984375,143.37588500976562,85.54183959960938,58.56940460205078,39.10359573364258,28.49639129638672,23.94183921813965,19.36549186706543,16.047988891601562,13.65290355682373,12.368521690368652,12.00647258758545,11.047273635864258,9.757681846618652,9.550166130065918,8.880825996398926,2572.219970703125,43.36235427856445,13.73128890991211
85000,95001,17,3,251,85,0,6729.00146484375,309.1410217285156,129.3762969970703,87.0112533569336,60.539459228515625,39.17181396484375,34.84754180908203,24.572511672973633,21.000774383544922,17.564462661743164,16.832664489746094,15.64275074005127,15.18873119354248,12.636929512023926,11.520090103149414,10.92263412475586,9.813920974731445,2859.60009765625,36.326141357421875,13.699922561645508
85000,95001,17,3,251,85,1,6744.150390625,311.6096496582031,128.7476043701172,84.75273132324219,60.35655212402344,38.45863342285156,31.257280349731445,24.37213897705078,19.54907989501953,17.068784713745117,15.771939277648926,13.119401931762695,12.82086181640625,12.182634353637695,11.238953590393066,10.56429672241211,9.633513450622559,2863.875732421875,35.781009674072266,12.846162796020508
90000,100001,17,3,250,90,0,8108.1103515625,407.04315185546875,161.36195373535156,101.37737274169922,69.5643539428711,48.77373504638672,34.37418746948242,28.727867126464844,23.330589294433594,18.994380950927734,17.560810089111328,15.678333282470703,14.884832382202148,13.252208709716797,12.394848823547363,11.297839164733887,10.666010856628418,3378.669189453125,48.08064270019531,14.884510040283203
90000,100001,17,3,250,90,1,8113.099609375,409.3335266113281,160.84190368652344,102.54998779296875,68.75586700439453,51.531517028808594,35.908348083496094,31.860517501831055,24.332294464111328,20.154163360595703,17.915311813354492,16.019760131835938,14.741442680358887,13.721930503845215,13.393495559692383,12.072394371032715,11.191143989562988,3379.801025390625,51.095947265625,14.174651145935059
95000,105001,17,3,255,97,0,8938.9482421875,313.9585876464844,194.62400817871094,101.04686737060547,69.33485412597656,52.31496047973633,33.788475036621094,28.433349609375,23.505691528320312,19.776840209960938,19.48357391357422,17.997745513916016,15.628767013549805,14.5277681350708,12.880512237548828,11.041749954223633,9.784066200256348,3746.14892578125,48.031005859375,19.563064575195312
95000,105001,17,3,255,97,1,8944.0810546875,320.0689697265625,198.7610321044922,98.4229507446289,68.86416625976562,51.2754020690918,38.20105743408203,30.226699829101562,22.745229721069336,20.756553649902344,19.8126163482666,17.55875015258789,16.14075469970703,15.290072441101074,14.687224388122559,12.678106307983398,10.84717082977295,3746.1904296875,52.98262405395508,22.182504653930664
100000,110001,17,3,253,96,0,9431.865234375,443.7593078613281,173.89857482910156,118.64974212646484,70.22447204589844,52.496700286865234,40.43993377685547,36.593589782714844,27.76679229736328,25.56498146057129,20.277328491210938,18.650102615356445,16.97765350341797,16.347984313964844,14.644368171691895,13.433268547058105,12.380626678466797,3926.637451171875,55.594078063964844,20.723386764526367
100000,110001,17,3,253,96,1,9432.87890625,448.20953369140625,173.60394287109375,117.28267669677734,72.73860168457031,52.13037109375,40.80878829956055,34.45016860961914,27.632266998291016,24.44379425048828,21.09538459777832,18.079788208007812,16.832876205444336,16.030895233154297,14.906353950500488,13.96863842010498,12.65733814239502,3928.1123046875,54.00756072998047,20.70863914489746
105000,115001,17,3,256,100,0,10370.62109375,404.3193664550781,220.4861297607422,105.90443420410156,84.07103729248047,59.34507369995117,46.946292877197266,40.40839767456055,33.12049865722656,24.36480712890625,23.14276123046875,20.878551483154297,18.829299926757812,17.08154296875,15.734793663024902,14.431349754333496,13.199591636657715,4355.15771484375,70.28395080566406,23.77583885192871
105000,115001,17,3,256,100,1,10359.5927734375,409.1234436035156,221.6280975341797,107.50992584228516,83.96742248535156,59.41960906982422,47.26892852783203,44.121856689453125,32.63988494873047,22.788105010986328,20.88640022277832,19.98002815246582,17.796966552734375,17.606197357177734,15.538780212402344,14.142300605773926,13.759340286254883,4349.046875,70.29337310791016,23.1142635345459
110000,120001,17,3,248,107,0,11347.2470703125,443.231201171875,194.67543029785156,109.35037994384766,81.91654205322266,62.46577835083008,44.426185607910156,37.73889923095703,28.11101531982422,26.14967918395996,22.30210304260254,21.17654037475586,19.54514503479004,17.485422134399414,17.14395523071289,16.334278106689453,15.747454643249512,4739.6904296875,65.63850402832031,20.808643341064453
110000,120001,17,3,248,107,1,11348.197265625,445.292236328125,195.20538330078125,112.7076416015625,81.95343017578125,63.10187530517578,42.622108459472656,35.85964584350586,30.666095733642578,24.95836639404297,22.17963218688965,21.311485290527344,19.273958206176758,17.98442268371582,16.950716018676758,15.533703804016113,14.214168548583984,4740.04931640625,62.999534606933594,23.95392417907715
115000,125001,17,3,255,110,0,11819.9423828125,445.7371520996094,227.64328002929688,142.95396423339844,89.99251556396484,65.56560516357422,52.49020004272461,45.268611907958984,34.37340545654297,27.15140151977539,24.436880111694336,21.838388442993164,19.653717041015625,17.854389190673828,16.950664520263672,15.385066032409668,13.666245460510254,4963.09375,56.96714401245117,21.182144165039062
115000,125001,17,3,255,110,1,11799.6689453125,444.86651611328125,228.7113037109375,143.67587280273438,87.51213836669922,60.90668869018555,52.22930145263672,40.41358184814453,30.591922760009766,28.275609970092773,24.042383193969727,22.03365707397461,19.37458610534668,17.072208404541016,16.142406463623047,14.648812294006348,12.766243934631348,4954.576171875,54.75179672241211,22.4700927734375
120000,130001,17,3,253,113,0,12396.90234375,487.7598876953125,217.2661590576172,137.88800048828125,77.70396423339844,70.43763732910156,61.078121185302734,49.73310852050781,33.54027557373047,27.368694305419922,25.62891387939453,22.096393585205078,20.075300216674805,18.439895629882812,17.076148986816406,16.68267250061035,15.601517677307129,5177.34228515625,53.105934143066406,22.358043670654297
120000,130001,17,3,253,113,1,12409.2919921875,493.8363037109375,221.70391845703125,135.5115966796875,80.91956329345703,71.43756103515625,55.41722106933594,41.03712844848633,30.84697723388672,28.146400451660156,26.918237686157227,24.55908966064453,23.121601104736328,21.543018341064453,19.29033088684082,18.530357360839844,16.68611717224121,5181.96630859375,49.25524139404297,20.91919708251953
125000,135001,17,3,254,112,0,13109.5302734375,492.5186767578125,229.30946350097656,136.82887268066406,89.41727447509766,63.663429260253906,55.06422424316406,37.96462631225586,30.337900161743164,28.115257263183594,27.97390365600586,24.024736404418945,20.579524993896484,19.04564666748047,17.98612403869629,17.020315170288086,15.351552963256836,5534.91015625,58.931549072265625,24.08022117614746
125000,135001,17,3,254,112,1,13105.0439453125,493.97967529296875,226.9819793701172,142.55848693847656,86.45507049560547,68.01851654052734,54.50945281982422,40.662879943847656,32.665618896484375,29.87757682800293,27.27770233154297,25.19151496887207,22.4311580657959,19.722192764282227,19.35213851928711,17.6361083984375,15.49746322631836,5535.42724609375,59.769126892089844,21.673145294189453
130000,140001,17,3,248,115,0,13556.830078125,415.51068115234375,219.37388610839844,120.9437484741211,89.14008331298828,57.27758026123047,45.79370880126953,42.247737884521484,34.425132751464844,29.221153259277344,24.078845977783203,22.750036239624023,21.007598876953125,19.239572525024414,17.303607940673828,16.808441162109375,16.57063102722168,5730.3740234375,59.111289978027344,24.29606056213379
130000,140001,17,3,248,115,1,13566.505859375,418.3484191894531,215.74278259277344,119.9288330078125,87.32194519042969,59.50507354736328,43.68952178955078,40.61936950683594,32.722328186035156,28.786693572998047,23.507911682128906,21.251279830932617,20.44890785217285,18.235157012939453,17.45416259765625,14.711997985839844,13.1251859664917,5734.6630859375,61.981502532958984,24.55999755859375
135000,145001,17,3,250,115,0,14073.2265625,451.4581298828125,249.22518920898438,123.30242919921875,100.66954040527344,60.56561279296875,49.479984283447266,40.77408218383789,38.38490295410156,33.13654327392578,29.129867553710938,25.93406867980957,21.675832748413086,21.118858337402344,18.705644607543945,18.18006134033203,17.054248809814453,5898.666015625,66.02440643310547,25.855897903442383
135000,145001,17,3,250,115,1,14084.4033203125,454.75,248.3741912841797,125.90479278564453,100.90444946289062,58.354827880859375,51.976253509521484,44.69017028808594,37.9358024597168,29.614532470703125,28.06090545654297,26.272598266601562,23.365753173828125,22.290861129760742,20.658620834350586,18.63767433166504,16.088640213012695,5905.966796875,67.04881286621094,30.40823745727539
140000,150001,17,3,251,122,0,15437.791015625,485.3830261230469,238.38648986816406,141.476318359375,98.93185424804688,64.80730438232422,58.202552795410156,46.005104064941406,38.56260681152344,29.053707122802734,27.825088500976562,25.077640533447266,23.744983673095703,22.28078842163086,21.464815139770508,19.551366806030273,17.09846305847168,6484.15185546875,68.31160736083984,22.77842903137207
140000,150001,17,3,251,122,1,15423.91015625,483.9376220703125,236.00648498535156,139.47703552246094,98.04045104980469,64.15050506591797,51.727352142333984,40.482303619384766,35.863128662109375,29.258258819580078,27.813243865966797,24.958900451660156,24.118633270263672,22.625524520874023,20.654130935668945,19.351791381835938,18.195098876953125,6474.966796875,63.80552673339844,24.768054962158203
145000,155001,17,3,251,127,0,15707.220703125,540.2994384765625,286.31878662109375,159.39727783203125,103.96755981445312,66.82220458984375,59.84822082519531,51.38801956176758,41.5744514465332,35.8552131652832,31.859216690063477,29.295631408691406,25.51470947265625,22.889198303222656,21.900535583496094,20.309288024902344,17.844579696655273,6592.67041015625,85.80204772949219,25.521509170532227
145000,155001,17,3,251,127,1,15702.5810546875,539.40869140625,282.2586669921875,154.38848876953125,99.75164794921875,65.04051971435547,60.156314849853516,52.91360092163086,43.05635452270508,31.779523849487305,28.56391716003418,25.255268096923828,23.23889923095703,21.931211471557617,21.549198150634766,19.94664192199707,16.750293731689453,6589.97265625,79.71769714355469,25.473560333251953
150000,160001,17,3,252,124,0,17030.060546875,724.4107055664062,271.1533508300781,146.2395782470703,102.97620391845703,77.78071594238281,66.11872100830078,50.64540481567383,40.370567321777344,34.60442352294922,31.003143310546875,27.635074615478516,24.33539581298828,23.76839256286621,22.174205780029297,21.854440689086914,19.044036865234375,7143.63037109375,68.67837524414062,26.656436920166016
150000,160001,17,3,252,124,1,17039.982421875,727.3529663085938,274.1647644042969,146.02630615234375,102.62742614746094,78.37133026123047,61.71812057495117,51.551048278808594,37.91682434082031,34.16164016723633,31.609758377075195,29.2208194732666,25.028793334960938,23.929203033447266,23.157703399658203,20.751386642456055,17.70457649230957,7144.76318359375,67.40743255615234,25.182878494262695
155000,165001,17,3,252,121,0,18215.267578125,503.70416259765625,245.28564453125,159.1875,103.65803527832031,71.80086517333984,56.78338623046875,49.48893356323242,39.89287185668945,35.431793212890625,30.793710708618164,26.732242584228516,26.003164291381836,23.548330307006836,22.52762794494629,20.036977767944336,19.10006332397461,7697.09765625,67.5651626586914,25.845996856689453
155000,165001,17,3,252,121,1,18193.994140625,506.28619384765625,242.76837158203125,155.0958709716797,97.6160888671875,76.22237396240234,62.335113525390625,52.33696365356445,42.05144500732422,36.99136734008789,32.40590286254883,26.559839248657227,25.087718963623047,23.840015411376953,22.384050369262695,19.950603485107422,19.350025177001953,7686.2568359375,66.93714904785156,24.353103637695312
160000,170001,17,3,253,137,0,18089.5703125,608.2062377929688,264.31353759765625,183.7841339111328,122.03158569335938,81.66996765136719,68.88277435302734,55.504241943359375,44.051944732666016,36.00018310546875,34.16419219970703,31.457366943359375,29.780176162719727,24.483354568481445,22.35723114013672,20.97467041015625,20.159526824951172,7600.76123046875,71.49462127685547,30.04439353942871
160000,170001,17,3,253,137,1,18110.345703125,617.0338745117188,261.42529296875,190.14837646484375,121.31655883789062,84.45785522460938,66.98786926269531,59.117759704589844,47.87628936767578,38.654483795166016,35.76314926147461,31.73310089111328,29.055755615234375,28.195295333862305,26.134082794189453,22.098390579223633,20.02387046813965,7607.68017578125,72.03326416015625,32.36460876464844
165000,175001,17,3,246,127,0,19385.73046875,589.589599609375,288.8272399902344,159.88479614257812,113.10709381103516,78.91323852539062,60.189064025878906,51.00080490112305,46.09136199951172,42.26547622680664,35.907474517822266,33.522117614746094,29.607772827148438,29.235328674316406,28.225261688232422,24.73775291442871,22.109966278076172,8113.4306640625,83.91925811767578,33.85996627807617
165000,175001,17,3,246,127,1,19400.041015625,593.4015502929688,288.47698974609375,163.0309600830078,114.70973205566406,79.77861022949219,60.28815841674805,51.4345703125,46.65334701538086,36.751243591308594,34.5713005065918,31.522430419921875,31.269468307495117,29.554237365722656,27.673357009887695,26.329879760742188,25.240707397460938,8121.6708984375,85.44083404541016,34.847434997558594
170000,180001,17,3,253,130,0,20115.412109375,613.9150390625,302.2861022949219,170.3539581298828,116.42240142822266,82.94159698486328,69.26654815673828,56.2093505859375,46.162376403808594,45.262542724609375,39.48759078979492,33.31190872192383,32.31918716430664,30.286666870117188,26.213041305541992,24.183717727661133,22.42560386657715,8455.169921875,96.67369079589844,39.49258804321289
170000,180001,17,3,253,130,1,20104.314453125,609.20849609375,297.3673400878906,172.2140655517578,119.94446563720703,84.91586303710938,66.54873657226562,54.538028717041016,46.59331130981445,41.112422943115234,38.52742385864258,36.30016326904297,31.64228630065918,29.667909622192383,27.867321014404297,26.082988739013672,21.31635093688965,8447.5078125,97.33064270019531,35.93080520629883
175000,185001,17,3,252,136,0,21135.94921875,522.1693115234375,276.29339599609375,177.99749755859375,112.9711685180664,85.4426498413086,67.77420806884766,54.91931915283203,50.307193756103516,42.00121307373047,37.92634582519531,34.07611846923828,32.7302131652832,29.470449447631836,25.627307891845703,25.2492618560791,23.233320236206055,8890.568359375,96.28661346435547,35.10183334350586
175000,185001,17,3,252,136,1,21147.169921875,522.5995483398438,275.9811096191406,179.01028442382812,120.85774230957031,86.50923919677734,71.16193389892578,58.19175338745117,52.27460479736328,45.377254486083984,39.56669235229492,35.947174072265625,31.741622924804688,29.523113250732422,25.209766387939453,24.406124114990234,22.881141662597656,8896.546875,93.56871795654297,32.630645751953125
180000,190001,17,3,248,130,0,21306.03515625,672.6994018554688,278.35479736328125,172.92164611816406,111.0062484741211,103.86090087890625,74.39636993408203,66.39896392822266,52.70872497558594,44.01533508300781,42.00004959106445,35.57036590576172,33.159481048583984,29.718379974365234,28.00364875793457,24.989368438720703,22.732421875,8946.865234375,88.41252136230469,38.890960693359375
180000,190001,17,3,248,130,1,21311.53515625,666.6912231445312,271.9174499511719,170.72779846191406,109.91468811035156,103.67799377441406,79.11907958984375,67.34222412109375,51.912635803222656,49.88199234008789,39.559261322021484,34.89826583862305,30.31706428527832,28.933460235595703,25.96730613708496,23.839466094970703,21.2950382232666,8946.8349609375,93.49581146240234,35.01785659790039
185000,195001,17,3,254,143,0,21906.96875,515.6861572265625,297.4826965332031,171.91661071777344,127.81198120117188,86.59831237792969,70.58489990234375,54.83618927001953,46.391170501708984,45.18781661987305,42.43874740600586,35.0687255859375,33.399169921875,30.457420349121094,28.209749221801758,25.34400749206543,22.8985652923584,9173.3154296875,92.19413757324219,34.782188415527344
185000,195001,17,3,254,143,1,21943.392578125,512.2626342773438,295.6488342285156,174.1568145751953,128.03347778320312,89.75695037841797,71.7906494140625,53.807098388671875,50.06279373168945,44.660072326660156,38.7885856628418,36.83723831176758,34.05326461791992,30.233755111694336,29.382003784179688,24.492258071899414,23.500686645507812,9184.89453125,87.34944152832031,31.06093978881836
190000,200001,17,3,251,144,0,23349.671875,555.728515625,312.0752258300781,191.09979248046875,121.28257751464844,92.1856689453125,71.50069427490234,65.7897720336914,49.90625762939453,45.800933837890625,38.89370346069336,37.95505142211914,35.76565170288086,33.665653228759766,31.30946159362793,29.030988693237305,25.863439559936523,9853.87109375,91.75616455078125,40.04893493652344
190000,200001,17,3,251,144,1,23332.04296875,558.7490234375,307.7525634765625,193.51280212402344,125.91773223876953,87.86870574951172,75.07093811035156,70.37092590332031,54.269901275634766,46.013648986816406,41.28493118286133,39.384849548339844,36.137046813964844,34.536075592041016,33.34922409057617,29.480148315429688,26.951087951660156,9846.072265625,90.3031005859375,42.542762756347656
195000,205001,17,3,252,150,0,24897.900390625,793.7119750976562,345.3471984863281,206.9019317626953,142.43768310546875,106.63821411132812,91.58209991455078,72.11941528320312,58.51869201660156,48.78723907470703,44.83378982543945,41.41470718383789,39.31366729736328,37.34365463256836,34.645286560058594,31.95918083190918,28.637144088745117,10469.9453125,112.57633209228516,44.26374435424805
195000,205001,17,3,252,150,1,24895.734375,789.0811157226562,342.5050354003906,205.219482421875,134.39300537109375,104.59120178222656,81.10569763183594,66.57317352294922,54.04841232299805,45.087371826171875,41.56021499633789,39.248287200927734,37.270408630371094,33.552574157714844,30.898710250854492,28.48724937438965,25.71678924560547,10471.3310546875,105.98635864257812,38.47303009033203
200000,210001,17,3,248,139,0,24392.302734375,707.2691040039062,292.9349670410156,208.6444549560547,131.0924072265625,117.69823455810547,87.96614074707031,67.77877044677734,49.915714263916016,48.49991989135742,43.017086029052734,39.19887161254883,36.02684020996094,34.194984436035156,30.31551170349121,28.961166381835938,27.269018173217773,10250.7353515625,120.70902252197266,44.15080642700195
200000,210001,17,3,248,139,1,24379.025390625,713.4863891601562,294.5666809082031,207.466552734375,135.30020141601562,108.84268188476562,85.2367935180664,67.19155883789062,56.81770324707031,48.44886016845703,41.8727912902832,38.67268753051758,36.39904022216797,33.00112533569336,31.247827529907227,27.276782989501953,25.873632431030273,10240.5625,117.29217529296875,42.86035919189453
205000,215001,17,3,253,154,0,26098.41796875,875.5715942382812,393.4465637207031,233.458740234375,158.01222229003906,118.64269256591797,103.2019271850586,72.75057220458984,63.396148681640625,56.07463073730469,52.82364273071289,45.06460189819336,39.76727294921875,38.83291244506836,34.12150955200195,31.579267501831055,28.543981552124023,10985.53125,93.13947296142578,51.897483825683594
205000,215001,17,3,253,154,1,26081.341796875,868.683837890625,384.9883117675781,233.6543731689453,160.08926391601562,114.56412506103516,97.7135009765625,75.07652282714844,61.60148239135742,55.6175422668457,52.85521697998047,48.854244232177734,44.794681549072266,42.615264892578125,37.71946716308594,34.83821487426758,32.19670867919922,10980.5615234375,92.6651382446289,47.539371490478516
210000,220001,17,3,250,152,0,26076.244140625,598.36767578125,338.3222961425781,195.33474731445312,127.4151382446289,94.37364959716797,80.44237518310547,66.97378540039062,57.020565032958984,49.37246322631836,46.654449462890625,40.625274658203125,40.37306594848633,35.13843536376953,32.84102249145508,31.570594787597656,29.264432907104492,10977.529296875,89.58417510986328,41.89786911010742
210000,220001,17,3,250,152,1,26095.2421875,599.2986450195312,337.74530029296875,188.6939697265625,131.59918212890625,94.0780258178711,87.72713470458984,71.44688415527344,63.019290924072266,50.06985092163086,43.88800811767578,39.643760681152344,37.1812858581543,33.675880432128906,32.705810546875,30.981138229370117,26.523122787475586,10982.0244140625,83.86222076416016,43.509517669677734
215000,225001,17,3,253,148,0,26963.046875,770.0728149414062,375.615478515625,235.0338897705078,157.89614868164062,122.12094116210938,96.35465240478516,73.37312316894531,68.67571258544922,60.17634201049805,54.93484878540039,50.1545524597168,43.4781608581543,42.2232551574707,39.80387496948242,34.097686767578125,31.938112258911133,11301.177734375,114.27547454833984,50.67295837402344
215000,225001,17,3,253,148,1,26968.912109375,771.015869140625,370.232421875,232.80526733398438,163.20166015625,119.94737243652344,98.24549102783203,77.43911743164062,67.93946838378906,60.66311264038086,52.967350006103516,44.76994705200195,42.29768371582031,40.14788818359375,37.9666633605957,34.108726501464844,33.201744079589844,11304.21484375,123.91268920898438,56.344669342041016
220000,230001,17,3,251,151,0,28759.275390625,667.1165771484375,346.20184326171875,199.18966674804688,150.56716918945312,96.56969451904297,81.99696350097656,71.96878814697266,59.08611297607422,51.482608795166016,47.55960464477539,43.85251998901367,36.253143310546875,35.06245422363281,34.0019645690918,29.99331283569336,28.435932159423828,12133.30859375,93.32476043701172,40.964656829833984
220000,230001,17,3,251,151,1,28761.83203125,670.4446411132812,339.6167297363281,205.92416381835938,145.93722534179688,98.61122131347656,82.78226470947266,69.39932250976562,57.94160842895508,55.10890197753906,45.51441955566406,43.437767028808594,40.06018829345703,37.01399230957031,35.4351921081543,31.86604118347168,29.642993927001953,12133.708984375,90.51131439208984,39.731605529785156
225000,235001,17,3,248,163,0,28730.708984375,605.2113647460938,292.0438232421875,198.10166931152344,119.40724182128906,101.37834167480469,75.38594055175781,62.54572296142578,61.21058654785156,55.07551956176758,48.02797317504883,42.18238067626953,39.80638122558594,38.22807693481445,35.70315170288086,33.64979553222656,31.608701705932617,12188.8564453125,94.94390106201172,36.1429328918457
225000,235001,17,3,248,163,1,28697.51953125,593.1104736328125,291.3404235839844,197.1510467529297,125.49132537841797,100.6925277709961,73.07803344726562,60.374942779541016,56.264522552490234,52.7147102355957,44.18902587890625,41.1299934387207,40.306400299072266,35.940589904785156,33.61406326293945,32.14791488647461,31.11448097229004,12172.544921875,90.04058837890625,44.49945831298828
230000,240001,17,3,253,155,0,29655.12890625,847.47265625,343.8932189941406,271.3418273925781,161.16070556640625,128.5508575439453,106.79840087890625,78.77397155761719,73.10901641845703,62.385379791259766,57.26967239379883,53.526893615722656,50.50913619995117,45.57127380371094,42.23271942138672,38.232208251953125,37.17293167114258,12471.162109375,131.0166778564453,58.45633316040039
230000,240001,17,3,253,155,1,29631.853515625,854.750244140625,340.3251647949219,270.8727111816406,164.33367919921875,131.4020538330078,103.0518569946289,82.26615142822266,76.2148666381836,59.999305725097656,56.92005920410156,49.48130798339844,48.903564453125,41.6093864440918,40.6575927734375,38.43861389160156,37.89684295654297,12462.15625,132.37881469726562,55.28382873535156
235000,245001,17,3,254,154,0,30479.720703125,801.20068359375,355.4712219238281,273.12213134765625,170.62408447265625,139.3970184326172,108.1534652709961,78.10591888427734,64.95372772216797,63.64124298095703,60.040374755859375,52.459327697753906,48.94526672363281,43.3501091003418,41.42152786254883,40.40826416015625,36.81074905395508,12855.12109375,151.3849639892578,62.81238555908203
235000,245001,17,3,254,154,1,30455.970703125,796.0735473632812,349.9210205078125,269.2657775878906,166.48709106445312,137.5445556640625,105.42154693603516,79.850830078125,66.67144012451172,58.82097625732422,55.07123947143555,52.39598846435547,46.66566467285156,42.951820373535156,41.943199157714844,39.6566162109375,37.25439453125,12848.013671875,142.6666717529297,58.861209869384766
240000,250001,17,3,253,161,0,30662.12890625,812.0117797851562,363.6762390136719,235.65234375,150.65834045410156,113.66449737548828,88.44955444335938,68.8642349243164,66.81281280517578,50.743682861328125,48.32731628417969,43.60651779174805,40.508575439453125,36.51968002319336,36.045249938964844,33.86985397338867,29.251304626464844,12908.91796875,108.87562561035156,46.57487106323242
240000,250001,17,3,253,161,1,30670.423828125,827.5404052734375,369.2940979003906,225.5230255126953,146.67893981933594,105.5351333618164,88.5041275024414,71.26554107666016,63.29595184326172,57.64155578613281,47.69108581542969,44.13035583496094,41.61397171020508,38.05331039428711,34.838436126708984,33.96697998046875,31.57270622253418,12914.5390625,99.66178131103516,42.9784049987793
245000,255001,17,3,253,165,0,31117.6953125,884.8046875,389.04693603515625,254.0380401611328,178.47946166992188,108.55724334716797,98.21041107177734,78.66606903076172,74.83478546142578,64.07144927978516,58.205589294433594,52.44882583618164,49.186607360839844,43.683990478515625,40.250640869140625,37.215110778808594,34.9882698059082,13090.69140625,107.82136535644531,58.63994598388672
245000,255001,17,3,253,165,1,31138.923828125,881.4718627929688,390.02288818359375,251.06695556640625,176.8662109375,105.40803527832031,87.94640350341797,81.56575775146484,75.85249328613281,59.98710632324219,53.40866470336914,48.01438903808594,46.050384521484375,43.44600296020508,39.86919403076172,35.89669418334961,31.4666805267334,13102.11328125,102.8528823852539,49.05746841430664
250000,260001,17,3,253,161,0,31644.35546875,902.7850341796875,415.4248352050781,258.1043701171875,144.4889678955078,127.84959411621094,106.40342712402344,77.74980163574219,73.44373321533203,61.59885787963867,58.35453414916992,53.83259963989258,48.92810821533203,47.144134521484375,41.48541259765625,37.050384521484375,35.08140182495117,13324.416015625,126.26854705810547,48.74708557128906
250000,260001,17,3,253,161,1,31602.056640625,898.1884155273438,412.6021423339844,255.53602600097656,143.33795166015625,124.90238189697266,116.3370590209961,92.2002944946289,76.09246826171875,65.35078430175781,54.348018646240234,51.33051681518555,48.86003494262695,43.972171783447266,40.49028015136719,38.51073455810547,30.92073631286621,13302.8125,128.1396026611328,50.12931823730469
255000,265001,17,3,250,159,0,31961.833984375,724.4815063476562,398.5819396972656,239.20079040527344,168.86956787109375,130.72772216796875,94.77867889404297,82.86278533935547,70.32206726074219,61.790897369384766,54.45854568481445,49.026512145996094,45.270423889160156,41.78191375732422,40.73566818237305,36.50202178955078,29.6529483795166,13457.6142578125,124.51382446289062,46.107444763183594
255000,265001,17,3,250,159,1,31910.662109375,721.051513671875,393.1506652832031,244.49685668945312,169.2799072265625,125.46790313720703,93.23834228515625,82.43482208251953,67.45701599121094,56.11979293823242,49.50566101074219,47.3521728515625,45.948883056640625,41.93047332763672,38.69145202636719,37.46165466308594,33.44392395019531,13437.7919921875,130.25270080566406,47.7379035949707
260000,270001,17,3,249,157,0,32187.0,784.6316528320312,350.6161804199219,246.5834503173828,149.40304565429688,132.5403289794922,101.53807830810547,81.08411407470703,67.86837005615234,59.48652267456055,55.38514709472656,52.03382873535156,47.439247131347656,44.93239974975586,38.99094009399414,34.8758659362793,33.60899353027344,13519.4775390625,107.59747314453125,46.70853042602539
260000,270001,17,3,249,157,1,32195.640625,781.0968017578125,351.5068054199219,254.8711395263672,150.39581298828125,126.3914794921875,93.45878601074219,79.50726318359375,72.80789947509766,57.03654479980469,53.71391677856445,50.781497955322266,47.81391906738281,42.92423629760742,40.49097442626953,38.490726470947266,33.209434509277344,13523.732421875,104.35670471191406,48.24340057373047
265000,275001,17,3,252,173,0,32973.375,776.0912475585938,391.07330322265625,285.5883483886719,175.48765563964844,141.79042053222656,110.52610778808594,102.74461364746094,89.18669891357422,71.77336883544922,68.54622650146484,59.05855941772461,55.92024612426758,49.738670349121094,43.15544891357422,41.13401412963867,37.73507308959961,13858.591796875,136.59866333007812,67.64383697509766
265000,275001,17,3,252,173,1,32943.28125,774.1065673828125,389.30206298828125,289.23394775390625,174.29222106933594,140.6802215576172,108.97296142578125,100.29012298583984,96.25914001464844,78.70784759521484,73.37276458740234,58.14144515991211,51.52831268310547,46.51573944091797,40.84235382080078,39.950408935546875,37.08781433105469,13850.58203125,129.81983947753906,67.633056640625
270000,280001,17,3,251,165,0,33715.53125,774.47412109375,388.78302001953125,249.27630615234375,187.4041290283203,116.49628448486328,96.54411315917969,78.41712188720703,69.52128601074219,60.85384750366211,55.34687042236328,49.34653091430664,45.74625015258789,45.21384048461914,40.071746826171875,38.667484283447266,35.65255355834961,14229.4541015625,129.684326171875,50.279293060302734
270000,280001,17,3,251,165,1,33752.6953125,764.6017456054688,393.87872314453125,251.3285675048828,181.5240020751953,121.89408111572266,97.86236572265625,81.31063079833984,74.4784164428711,59.22642135620117,56.720489501953125,49.429710388183594,46.14019775390625,44.38573455810547,38.83517837524414,36.52067565917969,35.14859390258789,14246.77734375,122.072021484375,49.58052444458008
275000,285001,17,3,253,162,0,33831.83984375,868.5118408203125,421.05615234375,218.77493286132812,154.61862182617188,122.04973602294922,96.1010971069336,83.35332489013672,66.596923828125,56.126930236816406,53.26906967163086,45.50331115722656,43.24577331542969,41.66923904418945,40.58180236816406,37.089012145996094,35.696327209472656,14173.857421875,110.55599212646484,53.416107177734375
275000,285001,17,3,253,162,1,33802.83984375,867.46875,415.81060791015625,230.89234924316406,149.65664672851562,122.01993560791016,95.6683349609375,86.85443115234375,65.03262329101562,57.442115783691406,51.84949493408203,49.326568603515625,43.490333557128906,41.901641845703125,38.121131896972656,36.04820251464844,33.9943733215332,14163.912109375,108.59864807128906,53.571006774902344
280000,290001,17,3,252,160,0,34268.22265625,743.2677001953125,410.63128662109375,219.59100341796875,175.50302124023438,120.53438568115234,99.30461883544922,89.34295654296875,71.80084991455078,63.66798400878906,56.470489501953125,50.6031608581543,48.164833068847656,44.420867919921875,40.37815856933594,37.80360794067383,32.00345230102539,14441.69140625,121.32324981689453,51.40177536010742
280000,290001,17,3,252,160,1,34245.26953125,747.6959838867188,411.2218322753906,218.1793670654297,173.02853393554688,125.22176361083984,110.87567138671875,84.5245132446289,69.37495422363281,59.160160064697266,57.000972747802734,52.17908477783203,51.28229522705078,45.41195297241211,38.18191146850586,37.04160690307617,35.119834899902344,14426.2978515625,128.26536560058594,55.695316314697266
285000,295001,17,3,251,167,0,35356.69140625,938.5784301757812,377.41973876953125,212.63442993164062,184.53736877441406,127.48580169677734,103.16854095458984,78.30825805664062,75.28350830078125,61.916587829589844,51.99702453613281,49.45975875854492,46.843021392822266,44.69442367553711,41.52870178222656,36.756065368652344,34.222267150878906,14893.53515625,114.52233123779297,57.18523406982422
285000,295001,17,3,251,167,1,35361.65625,946.0750732421875,379.532470703125,207.56088256835938,188.52333068847656,128.50193786621094,95.92205047607422,86.78148651123047,78.76946258544922,65.96173095703125,65.25853729248047,51.361106872558594,46.25154495239258,43.22724151611328,41.00702667236328,38.837066650390625,37.0288200378418,14892.3798828125,122.52064514160156,56.51796340942383
290000,300001,17,3,253,174,0,34922.765625,805.960693359375,359.7707214355469,261.8435974121094,159.43832397460938,138.31761169433594,107.20714569091797,85.46114349365234,66.628662109375,63.21308135986328,55.15580749511719,52.30413818359375,50.64569091796875,46.32665252685547,43.05323028564453,42.34299087524414,34.66472244262695,14694.060546875,136.53970336914062,57.7664680480957
290000,300001,17,3,253,174,1,34957.09765625,813.9102172851562,365.58502197265625,266.834716796875,168.8958740234375,141.00743103027344,110.71073150634766,96.08816528320312,73.031982421875,67.24972534179688,58.23683166503906,52.29903793334961,49.33378601074219,46.60091018676758,41.36052322387695,39.84272384643555,35.73345947265625,14712.923828125,157.1001434326172,57.08714294433594
295000,305001,17,3,254,168,0,36266.23828125,922.4777221679688,447.5220642089844,250.6536865234375,181.990478515625,150.80848693847656,103.99739837646484,89.67852020263672,88.75489044189453,69.41954040527344,66.15251159667969,64.40408325195312,51.96770095825195,50.715145111083984,45.94291305541992,42.66791534423828,37.94546890258789,15256.6044921875,120.12254333496094,61.315059661865234
295000,305001,17,3,254,168,1,36241.50390625,918.0167846679688,452.2701721191406,249.1942901611328,185.7799835205078,146.8769073486328,105.76031494140625,96.44597625732422,83.49175262451172,75.16783142089844,68.4849853515625,64.4699935913086,57.24462890625,52.03078079223633,44.85782241821289,40.65719985961914,38.47721862792969,15238.740234375,121.25114440917969,63.95840835571289
300000,310001,17,3,249,173,0,36983.85546875,852.8670654296875,432.6958923339844,256.4178161621094,167.69845581054688,127.40767669677734,110.3006591796875,87.31084442138672,73.2742691040039,62.73210525512695,57.63906478881836,52.95760726928711,52.37996292114258,49.31024932861328,44.14922332763672,42.81413269042969,38.27163314819336,15568.86328125,117.26016998291016,51.37370681762695
300000,310001,17,3,249,173,1,36942.6953125,853.8511962890625,438.68585205078125,248.93276977539062,167.3106231689453,121.37687683105469,102.5503158569336,90.85183715820312,74.48492431640625,69.03684997558594,57.30791473388672,54.29650115966797,50.51254653930664,46.09687042236328,42.15775680541992,41.51982498168945,36.49161911010742,15555.1767578125,127.28462982177734,56.482967376708984
305000,315001,17,3,256,185,0,37999.546875,1012.09912109375,448.0317687988281,313.94696044921875,208.3267822265625,174.80438232421875,149.42901611328125,120.36636352539062,115.26202392578125,97.96913146972656,81.34613037109375,76.75933074951172,63.731685638427734,61.660892486572266,55.12856674194336,50.23259735107422,46.74475860595703,15934.6962890625,185.1761016845703,80.41837310791016
305000,315001,17,3,256,185,1,37999.265625,1019.0184326171875,452.9753112792969,304.5730285644531,206.98524475097656,167.7161407470703,130.1933135986328,104.96821594238281,98.06180572509766,90.38270568847656,76.7413330078125,70.24468994140625,67.23722076416016,61.05971908569336,54.68046188354492,51.086944580078125,44.429351806640625,15933.251953125,172.749267578125,82.3485107421875
310000,320001,17,3,252,176,0,36706.19921875,812.657958984375,409.1282043457031,307.00311279296875,190.63912963867188,158.25848388671875,116.08699035644531,91.98590087890625,81.13961029052734,74.75970458984375,66.413330078125,57.76116180419922,53.826683044433594,49.92699432373047,48.074546813964844,45.82966232299805,41.7271728515625,15482.271484375,199.80650329589844,64.4257583618164
310000,320001,17,3,252,176,1,36718.19140625,803.1611328125,415.7942810058594,292.3211364746094,190.0255126953125,150.23890686035156,117.76148986816406,90.8065414428711,75.6114501953125,72.04732513427734,65.94818115234375,58.5062255859375,52.37311935424805,49.51118469238281,47.06106948852539,42.63208770751953,42.26078796386719,15486.9052734375,193.60113525390625,62.40492630004883
315000,325001,17,3,253,173,0,37560.91015625,829.0701904296875,425.0930480957031,271.7386169433594,167.40203857421875,133.12417602539062,98.43167877197266,93.3743667602539,79.45306396484375,70.05806732177734,64.9861831665039,58.65302658081055,53.487159729003906,49.52618408203125,48.29059600830078,45.31053924560547,41.73064041137695,15780.5185546875,104.5553970336914,52.97431564331055
315000,325001,17,3,253,173,1,37604.26171875,823.243408203125,427.5260314941406,280.5135192871094,166.54037475585938,135.6963348388672,100.49447631835938,97.15485382080078,86.69468688964844,71.25074005126953,59.617794036865234,56.245567321777344,52.05167770385742,48.75582504272461,46.91078186035156,46.092796325683594,40.25050354003906,15798.7451171875,98.98087310791016,54.434505462646484
320000,330001,17,3,250,179,0,37847.18359375,918.5667114257812,484.6498107910156,288.8697204589844,180.0913543701172,145.72225952148438,111.9187240600586,96.11930847167969,83.59581756591797,75.8550033569336,68.33967590332031,62.9791145324707,56.781524658203125,53.46656799316406,50.46128463745117,48.263938903808594,41.892723083496094,15899.0146484375,113.7407455444336,51.553375244140625
320000,330001,17,3,250,179,1,37887.91015625,916.9432983398438,474.47174072265625,284.53375244140625,187.8737335205078,154.25,118.54851531982422,90.10470581054688,82.59550476074219,79.01624298095703,67.99534606933594,63.359779357910156,56.85774612426758,53.48710250854492,50.50846862792969,43.10076141357422,37.735843658447266,15915.9091796875,114.69196319580078,51.29714584350586
325000,335001,17,3,252,188,0,37468.21875,1360.6103515625,548.4181518554688,262.7372131347656,179.16708374023438,143.98092651367188,130.14942932128906,117.76748657226562,101.36943817138672,85.22686767578125,75.5487289428711,66.96630859375,57.34223556518555,55.992942810058594,46.66977310180664,44.05765151977539,40.152713775634766,15716.41796875,186.7254180908203,68.57733154296875
325000,335001,17,3,252,188,1,37462.87109375,1357.6558837890625,525.9164428710938,259.5008544921875,173.3035888671875,151.99462890625,123.53897094726562,114.60223388671875,88.66278076171875,84.85301971435547,75.80467987060547,68.3850326538086,59.452571868896484,56.691829681396484,49.34994888305664,45.8338623046875,43.661598205566406,15710.416015625,198.0482177734375,74.82762908935547
330000,340001,17,3,253,173,0,38803.671875,853.9283447265625,400.80023193359375,246.46182250976562,183.85174560546875,124.72863006591797,98.84835052490234,79.45085906982422,72.3642807006836,63.48861312866211,59.5174560546875,56.19417953491211,54.915687561035156,49.61977005004883,49.119171142578125,45.1505241394043,41.05542755126953,16254.328125,123.61955261230469,51.502113342285156
330000,340001,17,3,253,173,1,38779.8515625,851.8646240234375,400.9781494140625,256.5836486816406,193.8762969970703,120.11663818359375,98.74393463134766,86.21920013427734,76.9114761352539,74.02812194824219,67.04364013671875,61.95054244995117,55.684417724609375,53.305145263671875,48.6384391784668,42.44343185424805,41.360633850097656,16245.9326171875,129.25064086914062,60.55121612548828
335000,345001,17,3,253,181,0,39604.390625,1134.3035888671875,536.600341796875,317.6942138671875,233.7178497314453,145.2984619140625,111.85484313964844,107.88157653808594,92.1484603881836,77.39008331298828,66.634033203125,60.721778869628906,56.13325119018555,55.32176971435547,45.933650970458984,44.11688995361328,42.11841583251953,16631.658203125,140.10675048828125,68.59672546386719
335000,345001,17,3,253,181,1,39624.02734375,1145.3018798828125,547.302734375,313.01336669921875,232.20260620117188,134.65850830078125,103.32122039794922,99.25210571289062,78.56967163085938,72.18201446533203,65.13150024414062,55.80326843261719,53.45072937011719,51.96916961669922,43.137760162353516,42.81361770629883,36.46934127807617,16637.46875,130.09194946289062,61.151187896728516
340000,350001,17,3,255,180,0,38958.84765625,829.3042602539062,422.50787353515625,317.10919189453125,179.6737518310547,143.69769287109375,113.42010498046875,97.1165542602539,88.35183715820312,74.77020263671875,64.33963775634766,60.728145599365234,53.732364654541016,51.45405197143555,47.307491302490234,44.80167007446289,43.20148849487305,16401.216796875,134.35964965820312,60.49399185180664
340000,350001,17,3,255,180,1,38945.42578125,821.4242553710938,431.7333984375,334.2611999511719,176.51531982421875,134.133056640625,112.55428314208984,97.55342102050781,81.87242126464844,78.62600708007812,66.67272186279297,64.13877868652344,55.07332992553711,52.73086929321289,47.51529312133789,43.101322174072266,40.46259307861328,16394.83984375,126.69902801513672,61.36872100830078
345000,355001,17,3,252,189,0,41113.25390625,842.6734008789062,399.7265625,234.0639190673828,186.1733856201172,174.0561065673828,108.93256378173828,91.110595703125,72.7850341796875,65.0805435180664,59.588199615478516,59.388065338134766,52.77286148071289,48.08821487426758,47.51631546020508,42.816070556640625,39.709877014160156,17317.669921875,138.77061462402344,59.17686462402344
345000,355001,17,3,252,189,1,41192.328125,850.5017700195312,402.6022644042969,246.16665649414062,181.16680908203125,177.28834533691406,108.0193862915039,97.26759338378906,81.75703430175781,74.09062194824219,69.4421615600586,59.34675598144531,55.77306365966797,53.82353210449219,51.88109588623047,45.54362487792969,39.849239349365234,17351.2421875,139.45242309570312,56.306888580322266
350000,360001,17,3,250,181,0,39280.5703125,1690.6749267578125,446.0210266113281,267.88134765625,220.72042846679688,134.271240234375,123.74423217773438,107.7450942993164,91.84565734863281,85.45521545410156,69.67605590820312,63.63783264160156,58.397064208984375,57.25494384765625,47.505096435546875,45.3940544128418,41.221153259277344,16554.681640625,122.54247283935547,72.77128601074219
350000,360001,17,3,250,181,1,39294.3203125,1720.2816162109375,446.8594055175781,270.2348937988281,228.44500732421875,140.04380798339844,137.22042846679688,111.54314422607422,84.57487487792969,77.96495819091797,70.63442993164062,61.425228118896484,60.246307373046875,54.52835464477539,50.924888610839844,44.43619155883789,42.92597198486328,16559.630859375,139.725341796875,104.33887481689453
355000,365001,17,3,252,187,0,39759.078125,932.3168334960938,367.474365234375,278.7396545410156,161.76344299316406,134.2801971435547,123.03723907470703,94.56307220458984,82.77114868164062,73.09014892578125,65.53133392333984,59.43183135986328,54.61288833618164,52.95768737792969,46.53108215332031,44.34807586669922,37.86555099487305,16704.7734375,122.51693725585938,61.28362274169922
355000,365001,17,3,252,187,1,39794.00390625,931.394287109375,367.42620849609375,270.3520202636719,167.49354553222656,126.03314971923828,114.7250747680664,103.61137390136719,83.30079650878906,80.0998306274414,67.89443969726562,62.88304138183594,60.189327239990234,56.59910202026367,49.599525451660156,45.45845413208008,42.48329162597656,16723.341796875,112.14873504638672,59.43525314331055
360000,370001,17,3,250,177,0,41024.21875,809.474365234375,386.52032470703125,256.9378356933594,162.96731567382812,154.0616455078125,121.40352630615234,94.35165405273438,85.101806640625,70.3060531616211,65.56023406982422,56.2007942199707,53.433048248291016,49.79135513305664,47.334136962890625,45.467777252197266,43.7466926574707,17261.017578125,155.5701141357422,65.35369110107422
360000,370001,17,3,250,177,1,41061.68359375,799.6046752929688,373.2483825683594,248.03456115722656,170.1239471435547,146.52182006835938,112.6123046875,98.28807067871094,80.30204010009766,72.21839141845703,66.3807373046875,64.84750366210938,58.43788528442383,52.485740661621094,50.064208984375,46.64226531982422,38.71744155883789,17268.966796875,142.96852111816406,72.5343246459961
365000,375001,17,3,251,179,0,40190.57421875,907.93701171875,391.955322265625,235.9629669189453,184.71957397460938,141.84194946289062,124.93112182617188,101.89676666259766,77.11862182617188,66.61890411376953,59.95186233520508,56.017147064208984,52.9069938659668,49.98724365234375,46.53422164916992,45.33086395263672,40.234535217285156,16907.431640625,133.68600463867188,49.708499908447266
365000,375001,17,3,251,179,1,40165.25,893.1869506835938,392.5606994628906,240.29486083984375,186.98988342285156,130.01473999023438,111.0079116821289,91.51763153076172,77.56680297851562,60.6578254699707,54.439353942871094,48.54025650024414,46.470359802246094,44.051658630371094,42.975337982177734,41.38014221191406,35.93375015258789,16897.27734375,125.58175659179688,48.314273834228516
370000,380001,17,3,254,188,0,39909.953125,940.3110961914062,328.3421325683594,242.08218383789062,180.6410369873047,150.513916015625,127.42372131347656,118.58940887451172,81.39078521728516,76.94385528564453,69.38189697265625,63.11850357055664,61.52266311645508,57.22230529785156,52.3999137878418,48.97624206542969,45.36648178100586,16820.65234375,130.4591522216797,70.72372436523438
370000,380001,17,3,254,188,1,39901.21875,942.5372314453125,337.4295959472656,240.7517547607422,175.77769470214844,150.27198791503906,133.14920043945312,116.30425262451172,91.34757232666016,75.16092681884766,72.51411437988281,68.78143310546875,61.776588439941406,52.867244720458984,50.80693817138672,46.15660095214844,43.92638397216797,16821.361328125,118.85083770751953,58.21798324584961
375000,385001,17,3,250,184,0,39452.40625,1142.3125,498.5787048339844,251.99134826660156,214.45375061035156,151.1602783203125,128.69967651367188,110.06840515136719,100.9553451538086,78.8010482788086,69.53416442871094,64.0345230102539,57.75044631958008,54.61983871459961,51.5394287109375,40.235145568847656,37.20673370361328,16608.8125,109.77413940429688,67.69921875
375000,385001,17,3,250,184,1,39444.17578125,1122.5101318359375,506.5754699707031,250.90725708007812,215.84397888183594,148.66860961914062,121.24712371826172,109.87387084960938,105.7435073852539,73.06426239013672,65.37247467041016,64.52606964111328,61.372920989990234,48.43708801269531,43.17459487915039,40.55118942260742,39.85405731201172,16607.439453125,115.1084213256836,61.108428955078125
380000,390001,17,3,253,191,0,42164.26171875,936.405029296875,484.94366455078125,255.68983459472656,161.234130859375,115.8554458618164,89.91015625,87.85453796386719,73.58646392822266,59.111942291259766,55.673255920410156,51.6270751953125,47.133609771728516,46.75035095214844,41.664512634277344,39.22750473022461,34.47951126098633,17756.4453125,117.1903305053711,51.80135726928711
380000,390001,17,3,253,191,1,42150.796875,930.8042602539062,474.8879089355469,250.2935791015625,169.33558654785156,125.22570037841797,101.23603057861328,92.26880645751953,87.39435577392578,59.69778060913086,57.08932876586914,53.52136993408203,50.6400146484375,48.96415710449219,46.4699592590332,42.105873107910156,38.76201248168945,17751.009765625,136.2175750732422,58.87056350708008
385000,395001,17,3,255,190,0,42432.078125,694.4688110351562,416.27459716796875,263.1053771972656,180.03099060058594,147.11839294433594,124.28241729736328,92.27875518798828,73.2132797241211,68.01126098632812,62.14093017578125,60.05131530761719,57.78086471557617,49.109703063964844,47.68897247314453,46.3712158203125,43.73770523071289,17866.154296875,116.62411499023438,56.86380386352539
385000,395001,17,3,255,190,1,42442.59375,699.6688232421875,399.56610107421875,264.93426513671875,176.90711975097656,142.05218505859375,112.83586883544922,90.462158203125,71.66193389892578,69.94784545898438,62.52772903442383,60.3885612487793,54.108673095703125,53.25559616088867,48.231178283691406,44.639408111572266,42.142601013183594,17870.25390625,120.13072204589844,59.48316192626953
390000,400001,17,3,255,184,0,42057.79296875,787.6776733398438,443.34375,281.3156433105469,224.49948120117188,157.3809814453125,114.7100601196289,93.53590393066406,82.97071838378906,74.24836730957031,64.43726348876953,58.99609375,57.58296203613281,47.19481658935547,45.74602508544922,43.24320602416992,40.9844970703125,17684.626953125,171.80482482910156,55.40658950805664
390000,400001,17,3,255,184,1,42046.98828125,787.6640625,430.4411926269531,283.36822509765625,219.0355987548828,164.701416015625,115.66423034667969,96.28695678710938,88.55582427978516,82.82148742675781,71.87911987304688,62.84990310668945,57.60478591918945,57.09724044799805,50.96650695800781,46.29505157470703,42.009803771972656,17677.314453125,163.98915100097656,67.0321273803711
395000,405001,17,3,255,187,0,41917.23046875,874.4468383789062,431.08624267578125,273.8156433105469,202.0638427734375,129.1131134033203,115.96680450439453,98.40005493164062,87.93557739257812,78.39889526367188,72.45943450927734,59.13713836669922,57.88279342651367,56.02774429321289,47.6080436706543,45.869571685791016,45.02695083618164,17582.900390625,105.85762786865234,53.45553970336914
395000,405001,17,3,255,187,1,41925.36328125,885.7337646484375,427.92864990234375,283.0448913574219,208.10997009277344,132.5065460205078,109.17579650878906,95.34735870361328,92.86653900146484,79.75064849853516,74.52093505859375,66.35382843017578,59.13882064819336,53.590091705322266,49.11651611328125,46.55601501464844,42.19348907470703,17581.376953125,107.53120422363281,60.75645446777344
400000,410001,17,3,254,191,0,41409.8984375,1065.141845703125,467.76171875,326.4673156738281,258.3387756347656,166.65065002441406,154.4862823486328,114.00272369384766,111.72784423828125,78.77569580078125,71.17364501953125,64.48110961914062,58.287654876708984,56.05584716796875,50.066749572753906,49.53838348388672,45.5571174621582,17398.33984375,130.56680297851562,62.846168518066406
400000,410001,17,3,254,191,1,41370.6875,1060.3013916015625,489.4740295410156,324.9317932128906,243.78768920898438,167.09088134765625,145.9103546142578,138.4351806640625,98.70469665527344,93.18683624267578,80.58526611328125,74.56695556640625,63.32688522338867,56.623016357421875,52.2844352722168,45.963558197021484,42.186527252197266,17378.48828125,125.20658111572266,70.77410125732422
405000,415001,17,3,250,190,0,41125.6171875,1013.1787719726562,438.06060791015625,265.1256408691406,187.59129333496094,147.94178771972656,119.46882629394531,105.93231964111328,82.50916290283203,78.00824737548828,60.76088333129883,56.30191421508789,51.87321853637695,50.3596305847168,43.1590461730957,35.51548385620117,34.36650848388672,17345.046875,144.23324584960938,71.6705093383789
405000,415001,17,3,250,190,1,41124.375,1020.8472900390625,449.8822021484375,254.12010192871094,191.90484619140625,142.4652557373047,121.00149536132812,110.00283813476562,90.3982162475586,85.18385314941406,62.197940826416016,56.95851516723633,51.11602020263672,45.20420455932617,42.278472900390625,40.60476303100586,35.5390739440918,17339.96484375,151.0613555908203,69.11019897460938
410000,420001,17,3,250,187,0,41802.1875,846.3859252929688,392.0111389160156,225.46173095703125,159.46929931640625,139.49229431152344,119.58982849121094,102.34442138671875,76.66438293457031,66.47093200683594,61.418663024902344,57.669410705566406,53.35112762451172,50.081722259521484,43.343467712402344,39.26445388793945,36.82568359375,17575.115234375,116.10401153564453,50.778404235839844
410000,420001,17,3,250,187,1,41767.56640625,847.8657836914062,383.2670593261719,225.33639526367188,169.61666870117188,140.40782165527344,115.47674560546875,97.29667663574219,85.91082000732422,68.24311828613281,62.2352180480957,56.45233154296875,50.280521392822266,47.772830963134766,45.000572204589844,41.50651550292969,39.80918502807617,17564.6796875,114.4306411743164,58.717960357666016
415000,425001,17,3,253,188,0,42238.96484375,1157.94580078125,444.38995361328125,283.39898681640625,226.97943115234375,190.2132568359375,138.66322326660156,125.03152465820312,105.93440246582031,88.25181579589844,69.44639587402344,65.43959045410156,60.20928955078125,57.554386138916016,50.651939392089844,44.9641227722168,38.45401382446289,17706.453125,178.5336456298828,84.18616485595703
415000,425001,17,3,253,188,1,42217.29296875,1144.7176513671875,435.790771484375,287.6217346191406,223.35118103027344,174.65426635742188,139.99583435058594,122.39165496826172,92.540771484375,73.72596740722656,69.54303741455078,62.772979736328125,55.808982849121094,53.52261734008789,49.401039123535156,45.87118148803711,42.77172088623047,17696.1171875,186.22532653808594,79.80873107910156
420000,430001,17,3,252,198,0,42855.1015625,911.543701171875,385.46649169921875,255.4137420654297,149.06039428710938,136.20010375976562,125.93800354003906,100.12993621826172,75.24185943603516,72.08643341064453,64.13724517822266,58.75017547607422,56.42631149291992,49.3720703125,41.28683090209961,39.31584930419922,33.027984619140625,18050.166015625,142.08897399902344,66.09554290771484
420000,430001,17,3,252,198,1,42879.2109375,895.3338012695312,387.2869873046875,260.1265563964844,160.47178649902344,131.2567138671875,111.90167999267578,96.25398254394531,73.533447265625,61.9114990234375,58.563385009765625,54.65182113647461,51.7187385559082,48.0085334777832,42.032920837402344,40.71931457519531,35.99811935424805,18066.671875,115.20124053955078,56.51966094970703
425000,435001,17,3,248,183,0,41800.3203125,935.489501953125,428.2330627441406,242.33413696289062,191.06805419921875,167.29025268554688,124.15306091308594,106.84945678710938,83.71646881103516,79.91102600097656,68.88190460205078,62.11008834838867,55.179134368896484,52.37127685546875,49.012115478515625,41.63984298706055,39.97444152832031,17497.9453125,116.9476318359375,54.27388381958008
425000,435001,17,3,248,183,1,41792.09765625,921.4099731445312,420.87982177734375,240.9612579345703,197.59280395507812,172.88865661621094,124.41889953613281,101.42839813232422,89.66481018066406,76.14986419677734,72.17952728271484,62.17448043823242,57.5713996887207,53.74954605102539,45.58464431762695,43.1592903137207,42.117366790771484,17502.462890625,120.46711730957031,55.36266326904297
430000,440001,17,3,253,188,0,44687.7265625,864.6854858398438,403.81256103515625,218.05686950683594,146.4658203125,132.227294921875,122.45852661132812,93.07649230957031,82.30683135986328,67.11388397216797,66.08097839355469,51.86172866821289,49.9801025390625,45.982479095458984,43.922481536865234,42.713375091552734,40.304969787597656,18817.599609375,115.82176208496094,52.94037628173828
430000,440001,17,3,253,188,1,44681.4609375,864.754150390625,402.0784912109375,208.54071044921875,153.74208068847656,125.54007720947266,116.50041961669922,94.22323608398438,80.54293060302734,71.44486999511719,65.83512878417969,54.736820220947266,50.65159606933594,45.56467056274414,42.73379898071289,37.94133758544922,36.546756744384766,18816.95703125,113.03264617919922,58.14583969116211
435000,445001,17,3,246,192,0,42768.98046875,839.8088989257812,434.7773742675781,291.6116638183594,193.751953125,150.38235473632812,132.326904296875,106.299072265625,91.7220687866211,81.32819366455078,64.92710876464844,62.769203186035156,53.264461517333984,51.10028076171875,50.12489700317383,47.61188507080078,43.85881423950195,17954.41015625,182.13442993164062,65.24726867675781
435000,445001,17,3,246,192,1,42775.87109375,830.4974365234375,428.4353332519531,284.7131042480469,199.99620056152344,151.5817413330078,120.74459838867188,105.99407196044922,85.488525390625,81.08518981933594,63.177188873291016,59.730010986328125,58.72085952758789,53.841026306152344,49.857521057128906,46.25619125366211,41.84228515625,17957.587890625,182.01454162597656,67.81430053710938
440000,450001,17,3,248,190,0,42893.9765625,806.6443481445312,496.45574951171875,270.7443542480469,202.55081176757812,157.71107482910156,108.79864501953125,98.23009490966797,71.85037231445312,68.50552368164062,61.248714447021484,58.91172790527344,52.336448669433594,48.908626556396484,43.73557662963867,42.814857482910156,41.31438064575195,18055.94921875,124.10956573486328,49.5107307434082
440000,450001,17,3,248,190,1,42910.71875,805.0431518554688,505.9487609863281,272.098876953125,197.7999267578125,152.51669311523438,116.35562133789062,97.25306701660156,72.8408203125,68.75566864013672,63.68561935424805,61.00930404663086,53.43186950683594,48.32008743286133,44.44375991821289,40.700294494628906,37.92444610595703,18058.337890625,123.34103393554688,64.49993896484375
445000,455001,17,3,252,191,0,42779.3828125,897.9586181640625,405.55194091796875,312.09820556640625,235.5507049560547,161.98382568359375,129.29798889160156,113.3084945678711,94.69932556152344,85.80091857910156,73.74925231933594,64.79853057861328,58.786376953125,51.016815185546875,47.46101379394531,42.0345458984375,41.44032287597656,18037.7109375,162.1588134765625,73.61888122558594
445000,455001,17,3,252,191,1,42835.23046875,908.656494140625,416.7498474121094,305.6180419921875,235.05799865722656,170.9650421142578,135.26242065429688,128.03421020507812,86.21764373779297,81.06771850585938,74.55965423583984,63.936546325683594,56.89390182495117,48.31793212890625,45.5168571472168,43.47174072265625,38.195377349853516,18058.923828125,176.9954071044922,70.94503021240234
450000,460001,17,3,254,199,0,43080.59375,838.2254028320312,357.5914611816406,232.45684814453125,155.17828369140625,129.76287841796875,97.53790283203125,78.6763687133789,72.80902099609375,62.91755294799805,58.66704559326172,56.96554183959961,53.40571594238281,45.9924201965332,41.509822845458984,39.68408966064453,35.422603607177734,18135.79296875,115.8271255493164,59.35798263549805
450000,460001,17,3,254,199,1,43078.1796875,852.6668701171875,357.9989013671875,226.72418212890625,151.7709197998047,130.47352600097656,99.57410430908203,77.29684448242188,75.09463500976562,71.20533752441406,59.57912826538086,56.83246612548828,53.98487091064453,45.71223068237305,40.607669830322266,39.18717575073242,37.006290435791016,18137.96875,104.06907653808594,56.967891693115234
455000,465001,17,3,250,196,0,44813.703125,716.5945434570312,365.72088623046875,292.59698486328125,170.39044189453125,154.7884521484375,129.15103149414062,105.2944107055664,81.97261047363281,71.1534652709961,63.316226959228516,58.83273696899414,53.716033935546875,49.079368591308594,45.83424758911133,41.99751663208008,39.495452880859375,18880.849609375,155.36337280273438,66.1095199584961
455000,465001,17,3,250,196,1,44785.9296875,717.0008544921875,353.32269287109375,288.5755615234375,178.6798858642578,149.2332305908203,124.47024536132812,97.02910614013672,78.12103271484375,65.9548568725586,62.166160583496094,56.96834945678711,52.32933044433594,51.845829010009766,47.796630859375,44.36720275878906,41.20667266845703,18872.05078125,146.93141174316406,57.64767074584961
460000,470001,17,3,249,196,0,42724.04296875,1021.8558959960938,424.33154296875,272.091064453125,209.43626403808594,155.0346221923828,133.9966278076172,112.33721160888672,97.62922668457031,82.16072082519531,73.47554016113281,71.0567855834961,64.5467300415039,53.269691467285156,51.867679595947266,46.82939147949219,43.920650482177734,18010.642578125,179.00291442871094,85.06047821044922
460000,470001,17,3,249,196,1,42749.08203125,1011.453857421875,418.67669677734375,268.1534729003906,213.27139282226562,148.55430603027344,120.89939880371094,109.15835571289062,98.74134826660156,72.5859603881836,69.92987823486328,56.44634246826172,55.802276611328125,51.92049026489258,48.123233795166016,47.0055046081543,38.697811126708984,18019.994140625,183.20201110839844,64.70594024658203
465000,475001,17,3,251,200,0,43980.6015625,950.5293579101562,399.99359130859375,302.0559387207031,203.40550231933594,162.86660766601562,141.51669311523438,98.26310729980469,84.07585144042969,63.82115173339844,56.89115905761719,56.2409782409668,54.13398742675781,50.604103088378906,46.475685119628906,41.535091400146484,33.7043571472168,18537.896484375,171.23338317871094,57.375125885009766
465000,475001,17,3,251,200,1,44007.61328125,961.4212036132812,413.07281494140625,317.76904296875,209.79306030273438,175.15745544433594,151.89707946777344,90.86056518554688,79.95677185058594,71.2058334350586,63.6141357421875,58.279869079589844,50.96463394165039,50.24472427368164,46.86091995239258,44.430389404296875,41.126312255859375,18548.515625,183.2717742919922,56.31049728393555
470000,480001,17,3,251,191,0,44544.8125,779.386474609375,392.1720275878906,230.53158569335938,171.42918395996094,126.72087860107422,94.2697525024414,73.44097900390625,68.2086410522461,64.58819580078125,61.128116607666016,52.25216293334961,44.26863479614258,42.93524932861328,39.93138885498047,38.67442321777344,32.80062484741211,18762.89453125,127.75126647949219,43.69309616088867
470000,480001,17,3,251,191,1,44518.9453125,777.6163330078125,392.388916015625,230.0564727783203,177.17913818359375,134.5019073486328,98.7633285522461,82.71440124511719,68.69737243652344,63.5108642578125,57.069923400878906,53.27979278564453,51.29561996459961,44.19584274291992,40.23542022705078,37.99580001831055,35.21058654785156,18751.50390625,139.88253784179688,55.0897331237793
475000,485001,17,3,253,202,0,44319.9765625,712.3892211914062,397.00140380859375,240.16397094726562,144.72698974609375,114.90034484863281,97.1210708618164,88.6167984008789,73.62977600097656,70.81524658203125,60.967002868652344,55.48573684692383,49.7753791809082,47.49906921386719,43.36875915527344,41.45994186401367,40.0576171875,18645.4765625,130.3605499267578,62.12911605834961
475000,485001,17,3,253,202,1,44345.21875,715.3164672851562,403.6621398925781,234.6179656982422,147.5883026123047,116.10135650634766,95.48836517333984,80.90715789794922,71.39774322509766,63.569725036621094,59.11955642700195,56.04669189453125,53.046974182128906,47.516788482666016,44.41205596923828,40.42494583129883,34.01471710205078,18656.384765625,136.06410217285156,62.52911376953125
480000,490001,17,3,250,198,0,44214.1015625,905.4857788085938,478.44451904296875,314.629150390625,233.18592834472656,178.50616455078125,134.72805786132812,105.68712615966797,95.16514587402344,81.08108520507812,80.27672576904297,68.8314437866211,62.850521087646484,60.88471603393555,56.9149284362793,47.42681121826172,40.63323211669922,18501.9765625,202.62042236328125,77.83221435546875
480000,490001,17,3,250,198,1,44141.7734375,919.5929565429688,484.7353210449219,321.6434326171875,228.043701171875,172.77870178222656,136.4901580810547,115.05590057373047,98.78263092041016,84.12382507324219,75.25193786621094,69.40738677978516,60.39302062988281,51.0334358215332,48.33131408691406,44.0792121887207,40.07305908203125,18471.46875,205.64022827148438,57.536781311035156
485000,495001,17,3,254,206,0,46070.078125,875.6533203125,359.3841247558594,230.7039794921875,164.42617797851562,137.977783203125,100.24504089355469,92.21063232421875,80.20552062988281,64.29557037353516,60.40350341796875,52.119659423828125,51.52019119262695,48.13484191894531,43.37223815917969,42.68035888671875,38.67409133911133,19367.74609375,111.17994689941406,55.480552673339844
485000,495001,17,3,254,206,1,45998.44140625,863.3997192382812,353.0438232421875,234.34429931640625,166.88673400878906,135.19235229492188,96.05359649658203,90.29058837890625,77.42173767089844,65.16056823730469,58.83526611328125,53.69107437133789,51.04803466796875,46.41569137573242,42.099571228027344,39.09912872314453,36.10579299926758,19335.04296875,107.13874816894531,62.044742584228516
490000,500001,17,3,253,195,0,44381.41796875,897.9623413085938,429.3328552246094,217.1804962158203,189.9742431640625,130.4263458251953,126.39588928222656,88.61731719970703,82.2104721069336,65.55622100830078,63.17398452758789,57.584129333496094,53.515342712402344,49.954097747802734,47.357234954833984,44.016021728515625,38.80192184448242,18648.486328125,144.93814086914062,59.61066818237305
490000,500001,17,3,253,195,1,44348.2265625,903.1124877929688,424.6253356933594,217.66986083984375,191.37493896484375,130.9638214111328,120.0943832397461,85.28205871582031,78.75740051269531,68.0307846069336,60.98040008544922,56.511268615722656,55.043418884277344,49.98822784423828,47.515865325927734,40.93671798706055,34.132572174072266,18636.697265625,136.14585876464844,66.45752716064453
495000,505001,17,3,254,204,0,45860.5859375,1000.1525268554688,376.205810546875,277.114013671875,201.0897674560547,128.38731384277344,116.59870910644531,98.73223114013672,96.3879165649414,77.13488006591797,68.70124053955078,62.20939254760742,59.55827331542969,50.66507339477539,49.40769577026367,47.011634826660156,39.75695037841797,19313.490234375,123.7397232055664,54.61007308959961
495000,505001,17,3,254,204,1,45940.85546875,1005.4033813476562,366.8214416503906,276.4272766113281,200.53030395507812,139.32980346679688,118.01841735839844,108.92942810058594,86.8659896850586,74.74998474121094,68.99263763427734,63.079551696777344,53.253623962402344,50.99507522583008,49.34138488769531,43.903507232666016,40.14068603515625,19344.83984375,123.43672943115234,58.34250259399414
500000,510001,17,3,251,197,0,46333.27734375,959.711669921875,396.9664306640625,254.0146942138672,185.7992706298828,163.41151428222656,111.36419677734375,94.41411590576172,83.25485229492188,76.56623840332031,68.2191390991211,65.31880950927734,59.543548583984375,54.515533447265625,48.89495086669922,46.07387161254883,43.27699279785156,19505.912109375,108.17784881591797,56.719303131103516
500000,510001,17,3,251,197,1,46373.22265625,963.1617431640625,404.8829650878906,254.3734588623047,185.09756469726562,165.74298095703125,113.61807250976562,97.32134246826172,89.29769134521484,79.41996765136719,69.79773712158203,57.30833435058594,53.491455078125,50.80476760864258,49.33198547363281,43.54057693481445,41.06843566894531,19523.521484375,114.00373077392578,53.78313064575195
505000,515001,17,3,254,210,0,46013.00390625,885.7567138671875,424.5628662109375,288.15191650390625,194.68846130371094,148.06008911132812,101.74604797363281,91.15703582763672,84.48355865478516,76.30027770996094,61.49461364746094,54.9466552734375,53.136837005615234,49.89583969116211,44.70372009277344,40.33121871948242,37.536102294921875,19336.654296875,117.61499786376953,54.015079498291016
505000,515001,17,3,254,210,1,46003.61328125,873.6685791015625,408.02056884765625,291.28643798828125,180.8759765625,146.48794555664062,122.89096069335938,111.84504699707031,88.22187042236328,76.27914428710938,62.58062744140625,55.5270881652832,52.87861251831055,48.599998474121094,44.4969596862793,39.82024383544922,35.220741271972656,19327.482421875,122.185546875,55.21742248535156
510000,520001,17,3,249,201,0,45042.46875,812.503662109375,445.80322265625,255.292724609375,168.28732299804688,154.08071899414062,127.17728424072266,103.66477966308594,87.14105224609375,78.15341186523438,73.24273681640625,61.59788131713867,54.0918083190918,48.95533752441406,45.915279388427734,41.58845138549805,34.3438606262207,18946.43359375,132.90245056152344,88.5138931274414
510000,520001,17,3,249,201,1,45046.34375,815.826416015625,439.2180480957031,262.0615539550781,174.8975067138672,150.7830352783203,117.10222625732422,94.5038070678711,81.24475860595703,67.56040954589844,61.40069580078125,57.622982025146484,53.2811279296875,48.99168014526367,45.26165008544922,37.89689636230469,35.6822509765625,18947.4453125,116.48466491699219,70.9721908569336
515000,525001,17,3,252,199,0,45466.48046875,969.172119140625,389.58721923828125,262.6370849609375,174.8607177734375,154.63287353515625,123.00889587402344,88.74693298339844,76.1658706665039,67.60892486572266,60.732784271240234,57.58967590332031,50.76188659667969,47.6685676574707,42.2509880065918,38.59591293334961,36.941139221191406,19169.814453125,137.97872924804688,57.95915985107422
515000,525001,17,3,252,199,1,45462.54296875,1010.8198852539062,383.5619201660156,262.1007995605469,166.10711669921875,155.4770965576172,102.36534881591797,90.37309265136719,74.38377380371094,65.07279968261719,57.98039245605469,54.86681365966797,47.848899841308594,46.56615447998047,43.6003303527832,39.415950775146484,36.99882507324219,19163.80078125,129.97242736816406,52.02924346923828
520000,530001,17,3,249,203,0,46992.5078125,796.4588012695312,365.47064208984375,216.92225646972656,187.021240234375,132.28688049316406,114.46834564208984,86.04972076416016,75.69556427001953,61.07915115356445,56.976707458496094,54.204612731933594,49.73146438598633,45.99929428100586,42.88819885253906,40.233028411865234,38.7887077331543,19734.82421875,124.08274841308594,53.067256927490234
520000,530001,17,3,249,203,1,46981.20703125,804.9476318359375,367.3665466308594,219.9330596923828,194.44821166992188,142.06857299804688,124.71841430664062,94.77359771728516,69.59595489501953,65.47904968261719,62.26614761352539,51.179691314697266,48.54734802246094,43.77946853637695,42.25479507446289,38.9923095703125,37.3731803894043,19735.431640625,138.20846557617188,56.94443130493164
525000,535001,17,3,254,193,0,45942.625,836.5537719726562,466.05963134765625,276.2331237792969,191.57809448242188,152.6388397216797,108.8000259399414,99.33311462402344,87.85231018066406,74.92115020751953,68.36785125732422,63.42192459106445,55.834625244140625,54.613624572753906,51.30266189575195,48.34123611450195,41.0631217956543,19350.125,111.76905059814453,66.32256317138672
525000,535001,17,3,254,193,1,45969.46875,837.4429931640625,460.70379638671875,258.4826354980469,195.89833068847656,139.32595825195312,114.88375091552734,84.88877868652344,81.77330017089844,75.27156829833984,69.88365173339844,61.673988342285156,61.24473571777344,54.810646057128906,50.39700698852539,48.468746185302734,42.609214782714844,19359.515625,124.60855102539062,57.328582763671875
530000,540001,17,3,253,200,0,46052.40234375,682.015869140625,417.10626220703125,177.35586547851562,170.19851684570312,130.67788696289062,94.77471160888672,83.28800201416016,71.73176574707031,62.2934684753418,55.850555419921875,50.350685119628906,48.35570526123047,47.362979888916016,41.867549896240234,37.6380729675293,32.882652282714844,19406.83984375,144.10055541992188,56.5062141418457
530000,540001,17,3,253,200,1,46010.4921875,679.1448364257812,417.1534118652344,191.04978942871094,168.74752807617188,124.3591537475586,94.5521011352539,81.23226165771484,73.63436126708984,59.40139389038086,55.49201583862305,52.877017974853516,49.28986358642578,44.361328125,40.657371520996094,36.84144592285156,35.82015609741211,19387.390625,125.21302795410156,53.03818130493164
535000,545001,17,3,250,206,0,45859.80078125,1085.2523193359375,531.8154296875,321.38720703125,211.9480743408203,185.35145568847656,119.907470703125,104.194580078125,84.18646240234375,75.64459228515625,69.85172271728516,64.10072326660156,59.062828063964844,55.7096061706543,50.49086380004883,40.28235626220703,39.67085647583008,19261.4765625,137.54469299316406,61.72932434082031
535000,545001,17,3,250,206,1,45814.05078125,1073.6478271484375,568.9833374023438,324.1956481933594,241.3453826904297,208.28428649902344,132.74490356445312,112.99773406982422,93.64784240722656,75.28053283691406,67.87616729736328,59.86537170410156,52.27414321899414,49.6693229675293,47.35496520996094,43.94165802001953,37.36579132080078,19246.94140625,137.30130004882812,56.247798919677734
540000,550001,17,3,254,211,0,47284.265625,750.8656005859375,414.0268249511719,209.80316162109375,167.13148498535156,151.84255981445312,108.46087646484375,92.24637603759766,80.56649017333984,68.7589111328125,62.000877380371094,56.20096969604492,53.258148193359375,47.0703010559082,44.07552719116211,40.224796295166016,39.95819854736328,19954.71484375,103.95460510253906,49.691715240478516
540000,550001,17,3,254,211,1,47273.046875,765.7489624023438,404.3229675292969,224.9434814453125,179.564697265625,152.68695068359375,106.39253997802734,93.34169006347656,82.42156982421875,71.46279907226562,63.95339584350586,53.843387603759766,49.10184860229492,47.6864013671875,45.361045837402344,41.275299072265625,36.89690399169922,19951.2265625,101.67151641845703,46.577674865722656
545000,555001,17,3,255,213,0,48196.05078125,788.6747436523438,455.7891845703125,250.3480224609375,150.9926300048828,111.2644271850586,102.885009765625,87.00184631347656,76.32211303710938,64.36106872558594,60.832218170166016,55.491981506347656,51.484954833984375,41.84453201293945,38.93153381347656,37.33677291870117,32.726593017578125,20292.458984375,97.98666381835938,51.435813903808594
545000,555001,17,3,255,213,1,48151.98046875,773.9910888671875,447.3036804199219,255.62062072753906,145.0414581298828,120.3597183227539,105.47627258300781,85.94165802001953,79.9174575805664,63.16300964355469,57.425621032714844,55.973670959472656,51.42603302001953,49.324623107910156,42.84048843383789,40.62255096435547,36.42670822143555,20274.4453125,106.68701934814453,49.356529235839844
550000,560001,17,3,251,208,0,46836.2265625,986.0491943359375,559.7044067382812,260.58477783203125,222.896728515625,139.66390991210938,93.11579132080078,90.78877258300781,87.6551513671875,70.93103790283203,58.7293815612793,55.87335968017578,50.251800537109375,48.41419982910156,44.81597137451172,41.404579162597656,38.41453170776367,19733.537109375,132.50950622558594,54.715721130371094
550000,560001,17,3,251,208,1,46888.84375,969.5841064453125,553.897705078125,249.8769073486328,211.23439025878906,138.33119201660156,93.76859283447266,87.0499267578125,74.87494659423828,70.0825424194336,59.40901565551758,58.29926300048828,52.149715423583984,50.374267578125,46.810791015625,41.783538818359375,38.73783493041992,19755.134765625,122.06396484375,46.36498260498047
555000,565001,17,3,255,206,0,48342.10546875,760.35107421875,353.05401611328125,254.29505920410156,183.6060028076172,116.21450805664062,109.56401062011719,94.60040283203125,75.69563293457031,73.25125885009766,61.11058807373047,58.18970489501953,54.81989288330078,47.301055908203125,44.16252899169922,41.45763397216797,36.29317855834961,20377.904296875,127.24065399169922,66.22286224365234
555000,565001,17,3,255,206,1,48301.453125,765.5508422851562,359.1446228027344,235.00738525390625,186.62152099609375,125.23710632324219,112.37184143066406,92.00945281982422,81.11217498779297,74.19984436035156,59.46683120727539,54.12025451660156,50.597129821777344,47.90116882324219,44.16143798828125,39.96086883544922,36.68305206298828,20356.96484375,123.7801513671875,73.31005096435547
560000,570001,17,3,251,198,0,47939.02734375,985.2160034179688,598.5132446289062,372.9045104980469,212.77174377441406,165.76885986328125,93.0277099609375,76.47332000732422,71.95499420166016,65.50909423828125,60.47114181518555,57.998451232910156,47.32128143310547,42.61761474609375,39.52351760864258,37.35194396972656,34.447959899902344,20240.73046875,208.53274536132812,55.33274841308594
560000,570001,17,3,251,198,1,47975.63671875,980.0621337890625,574.9359741210938,381.5072326660156,197.37001037597656,163.31011962890625,102.8543930053711,101.5216293334961,78.90592193603516,72.95069122314453,66.51001739501953,61.27735137939453,56.32550811767578,50.717811584472656,46.98357391357422,42.117156982421875,39.2760009765625,20257.140625,195.93753051757812,57.17597579956055
565000,575001,17,3,250,211,0,48552.98046875,925.9425048828125,389.58233642578125,237.13687133789062,203.41064453125,131.40646362304688,119.28604125976562,87.31818389892578,81.4838638305664,66.54329681396484,61.953556060791016,59.650543212890625,51.48917007446289,48.925167083740234,43.727638244628906,40.95553207397461,31.80484390258789,20414.001953125,142.13307189941406,59.010684967041016
565000,575001,17,3,250,211,1,48538.9375,932.653564453125,390.15606689453125,237.3250732421875,206.65419006347656,126.95632934570312,124.23004913330078,84.22821044921875,73.00540924072266,70.19813537597656,61.62174606323242,58.47853469848633,54.63035202026367,48.199790954589844,41.785667419433594,40.590728759765625,33.165950775146484,20408.3515625,144.68446350097656,52.21949768066406
570000,580001,17,3,250,201,0,47206.6640625,890.4537353515625,369.79150390625,225.6195068359375,171.7225799560547,142.30162048339844,115.87584686279297,101.47605895996094,79.96839141845703,70.41925811767578,57.12464904785156,56.081214904785156,53.273563385009766,49.02139663696289,47.78567123413086,42.466773986816406,38.492774963378906,19881.564453125,105.76835632324219,54.049564361572266
570000,580001,17,3,250,201,1,47242.4921875,906.3187255859375,360.4859313964844,231.2147216796875,187.32687377929688,133.54953002929688,104.46219635009766,96.36679077148438,79.65461730957031,78.86336517333984,63.44068908691406,61.01142883300781,57.23973846435547,53.384159088134766,46.07792663574219,42.65625,36.87081527709961,19894.671875,116.9546890258789,57.02585983276367
575000,585001,17,3,253,207,0,48764.1875,1242.341552734375,378.3126525878906,221.02349853515625,189.361328125,117.38243103027344,100.7431869506836,82.22550201416016,71.75791931152344,64.71215057373047,57.97145462036133,53.30220413208008,49.626094818115234,47.11271667480469,41.578704833984375,38.25410461425781,35.314002990722656,20532.240234375,181.20603942871094,72.22472381591797
575000,585001,17,3,253,207,1,48826.34375,1239.7193603515625,385.3341369628906,213.49331665039062,177.82113647460938,124.13917541503906,99.080810546875,85.07599639892578,70.04515838623047,63.48666763305664,59.07963180541992,55.35106658935547,47.84613800048828,44.86907196044922,39.517852783203125,35.68896484375,33.56449890136719,20562.21875,162.53555297851562,54.82604217529297
580000,590001,17,3,254,214,0,48761.68359375,835.453369140625,367.09918212890625,280.5124206542969,180.42526245117188,147.20591735839844,129.7677764892578,104.98919677734375,89.89090728759766,82.91618347167969,74.62789154052734,70.67091369628906,67.59910583496094,62.36865997314453,59.02115249633789,54.05025100708008,44.345211029052734,20522.61328125,130.5480499267578,70.02413177490234
580000,590001,17,3,254,214,1,48774.57421875,827.3060913085938,372.9745788574219,285.5009765625,202.5932159423828,143.38270568847656,134.2197723388672,115.54065704345703,107.12535095214844,92.60263061523438,86.55883026123047,82.31050109863281,73.18285369873047,70.17703247070312,57.832275390625,55.39363479614258,50.49892044067383,20527.90625,130.6700897216797,62.96952819824219
585000,595001,17,3,251,204,0,48086.875,933.3355102539062,402.74267578125,270.2940979003906,170.04452514648438,159.90960693359375,133.85533142089844,93.1951904296875,84.16242218017578,76.03627014160156,66.88453674316406,60.29940414428711,55.350215911865234,51.908851623535156,47.86606216430664,42.04851531982422,36.38835525512695,20247.37109375,144.7477264404297,56.684627532958984
585000,595001,17,3,251,204,1,48011.47265625,927.7713623046875,399.15020751953125,273.67474365234375,172.98411560058594,150.47085571289062,127.17848205566406,89.14039611816406,72.00752258300781,69.46208953857422,64.4652099609375,55.735107421875,54.05632781982422,51.63614273071289,44.87362289428711,41.11589050292969,37.55991744995117,20216.84765625,142.8395233154297,64.399169921875
590000,600001,17,3,251,212,0,48051.09375,1078.523681640625,474.628662109375,303.87603759765625,184.60499572753906,166.73013305664062,134.0443115234375,123.35774230957031,89.03490447998047,75.33985900878906,65.83119201660156,64.70753479003906,58.49336624145508,51.65224075317383,47.39056396484375,44.0651741027832,38.829627990722656,20218.234375,210.28233337402344,69.58517456054688
590000,600001,17,3,251,212,1,48039.6953125,1057.9068603515625,468.1773986816406,305.71343994140625,176.1212615966797,166.34854125976562,126.08690643310547,116.9513931274414,90.78246307373047,76.97270965576172,73.4705810546875,67.5963363647461,59.68923568725586,57.15098190307617,50.447906494140625,44.66494369506836,42.073829650878906,20213.7890625,199.47158813476562,86.92459869384766
595000,605001,17,3,252,204,0,48827.69140625,1370.104248046875,491.5732421875,311.7964172363281,187.0821533203125,154.4138641357422,138.9881591796875,115.58177185058594,92.60443115234375,81.39959716796875,76.31653594970703,72.44973754882812,60.65412902832031,53.01974868774414,47.17593002319336,43.958885192871094,37.25140380859375,20523.541015625,163.98037719726562,80.59923553466797
595000,605001,17,3,252,204,1,48795.08984375,1381.4488525390625,504.2754821777344,317.2606201171875,181.69580078125,157.01052856445312,151.0095672607422,124.42732238769531,90.19439697265625,81.18806457519531,73.42721557617188,72.0860366821289,62.68323516845703,52.704811096191406,47.11138153076172,40.59348678588867,36.0593376159668,20515.958984375,168.39346313476562,90.20931243896484
600000,610001,17,3,251,198,0,48736.24609375,813.1747436523438,405.5639953613281,215.30697631835938,184.23631286621094,124.81116485595703,103.77259063720703,89.80888366699219,81.4176025390625,70.89396667480469,67.62116241455078,59.99176025390625,55.23929977416992,51.795127868652344,48.73347854614258,40.28489303588867,38.871612548828125,20494.01171875,92.8790054321289,45.56695556640625
600000,610001,17,3,251,198,1,48725.0703125,804.4295043945312,392.7170715332031,215.44699096679688,186.12786865234375,121.81510925292969,103.77605438232422,85.26245880126953,77.14601135253906,70.32454681396484,67.66622161865234,60.501102447509766,56.342857360839844,50.381343841552734,48.03363037109375,44.52659606933594,36.85195541381836,20488.455078125,92.83795166015625,49.6008186340332
605000,615001,17,3,253,212,0,48573.046875,854.2598266601562,487.5337829589844,314.8663635253906,196.88401794433594,156.39968872070312,131.4365997314453,98.2510986328125,94.22826385498047,77.88043212890625,72.22294616699219,66.49897766113281,63.93268585205078,60.1397590637207,58.49819564819336,47.423011779785156,39.96844482421875,20511.12890625,100.33881378173828,58.29818344116211
605000,615001,17,3,253,212,1,48546.05078125,839.339599609375,462.60699462890625,318.2698059082031,203.48336791992188,160.71652221679688,127.25430297851562,98.60767364501953,86.65099334716797,82.56741333007812,77.15447998046875,72.57039642333984,66.45382690429688,58.0294075012207,52.70573425292969,49.75475311279297,38.57087707519531,20501.126953125,103.44679260253906,46.8007926940918
610000,620001,17,3,249,207,0,49537.87109375,793.5416870117188,312.3303527832031,268.9463806152344,145.7501983642578,130.7272491455078,118.92766571044922,104.92549133300781,94.98632049560547,81.09729766845703,69.24629211425781,65.74082946777344,63.64955139160156,58.04399490356445,50.44975662231445,48.492794036865234,39.717044830322266,20855.625,135.10714721679688,98.88634490966797
610000,620001,17,3,249,207,1,49529.9375,784.9595336914062,314.3625183105469,270.7291564941406,142.39285278320312,126.63807678222656,89.409912109375,82.14653015136719,77.4943618774414,71.92650604248047,65.67371368408203,59.86351776123047,52.3062858581543,48.475772857666016,46.14908218383789,45.3148193359375,39.014259338378906,20853.078125,143.6026611328125,74.1113510131836
615000,625001,17,3,253,217,0,49506.125,829.3002319335938,458.21954345703125,276.9310607910156,196.2703094482422,168.54193115234375,112.09602355957031,92.4752197265625,84.42493438720703,65.97317504882812,63.49944305419922,58.20304870605469,53.37632751464844,51.01032638549805,44.93463897705078,44.86376190185547,38.733402252197266,20824.8125,203.20143127441406,61.729915618896484
615000,625001,17,3,253,217,1,49477.67578125,820.589111328125,457.0267333984375,275.5596618652344,196.25238037109375,188.2071533203125,118.3826675415039,85.95533752441406,71.49066925048828,67.48873901367188,61.25797653198242,56.561485290527344,52.584144592285156,46.69651794433594,41.89653396606445,40.80127716064453,39.77897644042969,20813.6484375,208.07217407226562,67.57829284667969
620000,630001,17,3,253,206,0,49330.43359375,749.6786499023438,433.4278259277344,269.32843017578125,160.909423828125,131.95437622070312,99.79334259033203,90.3068618774414,80.75054168701172,67.6035385131836,64.89187622070312,60.701759338378906,58.087669372558594,54.473907470703125,46.38911819458008,44.060462951660156,41.447811126708984,20739.333984375,127.42819213867188,61.14057922363281
620000,630001,17,3,253,206,1,49365.0,746.0359497070312,433.8292236328125,277.8140563964844,174.74691772460938,135.44876098632812,107.35409545898438,92.29498291015625,86.34788513183594,74.52401733398438,68.6994857788086,60.367191314697266,57.27052688598633,54.11712646484375,47.88823318481445,41.314727783203125,40.34368133544922,20756.958984375,128.86447143554688,62.13404846191406
625000,635001,17,3,254,211,0,49347.9375,1658.3631591796875,453.01019287109375,310.47430419921875,227.39427185058594,154.6520233154297,134.31103515625,116.45475006103516,95.6495132446289,94.78263092041016,76.02861785888672,69.63453674316406,57.77015686035156,54.30105209350586,46.198097229003906,41.70867919921875,38.433013916015625,20703.146484375,228.27584838867188,140.26007080078125
625000,635001,17,3,254,211,1,49338.12109375,1571.3792724609375,441.0116882324219,282.52838134765625,198.24618530273438,143.1223602294922,124.0477066040039,92.83370971679688,80.49250030517578,66.07926940917969,59.97819900512695,58.0511589050293,48.42963409423828,46.77569580078125,44.165626525878906,42.75352096557617,40.93813705444336,20699.158203125,191.2813262939453,72.51626586914062
630000,640001,17,3,250,211,0,49458.51171875,2114.235595703125,763.2263793945312,303.61334228515625,279.4833068847656,178.15391540527344,134.49639892578125,105.963134765625,96.9572525024414,80.31147003173828,71.37660217285156,67.6253890991211,64.02880859375,50.71140670776367,48.204002380371094,44.212554931640625,39.01531219482422,20854.38671875,260.1213073730469,68.58004760742188
630000,640001,17,3,250,211,1,49439.546875,2078.205078125,743.951416015625,298.6831359863281,256.3178405761719,175.11521911621094,121.28532409667969,91.38427734375,84.7681655883789,78.85447692871094,70.9332046508789,67.20730590820312,59.25771713256836,51.35223388671875,50.78327941894531,46.590755462646484,34.33207702636719,20847.181640625,277.2850341796875,77.12947082519531
635000,645001,17,3,250,204,0,48719.03515625,888.420166015625,344.48797607421875,194.81582641601562,148.6992645263672,111.39253997802734,81.5894775390625,74.19417572021484,65.32676696777344,61.01491165161133,55.46400451660156,49.28295135498047,47.08541488647461,45.41659927368164,42.816856384277344,36.40056228637695,30.641925811767578,20507.390625,103.0815200805664,53.16297912597656
635000,645001,17,3,250,204,1,48713.7265625,889.61328125,332.3847351074219,199.1349639892578,142.35748291015625,129.08106994628906,92.7935562133789,75.19619750976562,72.64392852783203,57.46094512939453,53.939231872558594,50.424346923828125,42.506168365478516,42.187381744384766,38.77375793457031,35.84121322631836,30.581501007080078,20505.208984375,108.2391586303711,59.39338684082031
640000,650001,17,3,249,208,0,50277.13671875,737.1049194335938,495.7967224121094,278.05859375,161.16783142089844,129.10589599609375,102.92809295654297,97.35888671875,73.34630584716797,66.80977630615234,61.56161880493164,53.431724548339844,51.18105697631836,48.003780364990234,42.00825500488281,36.90604019165039,33.63774108886719,21171.533203125,177.50741577148438,64.92402648925781
640000,650001,17,3,249,208,1,50259.12109375,741.2816772460938,497.4771423339844,278.9454650878906,165.7567138671875,134.2442626953125,103.2647705078125,90.32167053222656,74.09375762939453,69.79325866699219,68.0329818725586,62.588199615478516,55.49132537841797,47.139957427978516,43.74496841430664,42.546913146972656,37.28606414794922,21158.681640625,210.49620056152344,70.67346954345703
645000,655001,17,3,255,207,0,50794.26953125,1238.85595703125,541.4674682617188,270.6024169921875,218.40699768066406,153.37957763671875,136.8217315673828,98.60950469970703,80.9085693359375,78.72347259521484,64.93844604492188,61.592655181884766,54.679874420166016,49.73240280151367,49.46050262451172,45.397403717041016,41.992950439453125,21357.685546875,138.4830780029297,55.35855484008789
645000,655001,17,3,255,207,1,50764.10546875,1224.26416015625,535.464599609375,272.9557189941406,217.10560607910156,158.5692138671875,122.06834411621094,113.16132354736328,87.25365447998047,75.46078491210938,70.9898910522461,64.05987548828125,56.44160842895508,55.56782150268555,50.92348861694336,49.304718017578125,43.61506652832031,21349.255859375,148.4036407470703,69.59297943115234
650000,660001,17,3,253,210,0,50265.40234375,802.6257934570312,366.6976013183594,271.8204650878906,195.0010528564453,141.9467010498047,116.4518814086914,99.34447479248047,69.90418243408203,61.650943756103516,57.273677825927734,53.20695495605469,47.94578552246094,47.697845458984375,39.85348129272461,38.8084716796875,37.8460807800293,21190.958984375,199.91026306152344,58.00640106201172
650000,660001,17,3,253,210,1,50260.53125,799.5755004882812,363.499267578125,270.76617431640625,207.37379455566406,147.93231201171875,129.82586669921875,103.63712310791016,74.29798889160156,72.28135681152344,64.67742919921875,57.096920013427734,49.46643829345703,46.08171081542969,43.6047477722168,41.9647331237793,38.200252532958984,21184.796875,204.29739379882812,57.214656829833984
655000,665001,17,3,253,210,0,50060.34375,831.8604736328125,398.61822509765625,276.1403503417969,208.4661865234375,134.91464233398438,128.31219482421875,110.33565521240234,84.60064697265625,68.32271575927734,67.16488647460938,60.549530029296875,54.15025329589844,50.16477966308594,47.52035903930664,43.20875930786133,42.12932205200195,21053.890625,140.10037231445312,61.78620910644531
655000,665001,17,3,253,210,1,50029.53125,829.2526245117188,391.49786376953125,260.2963562011719,207.00035095214844,138.296875,121.09526824951172,113.68727111816406,89.0344009399414,74.42271423339844,67.25453186035156,61.42237091064453,55.34638214111328,51.99585723876953,48.166595458984375,47.33443832397461,43.073936462402344,21042.419921875,130.2156524658203,53.676971435546875
660000,670001,17,3,252,205,0,50808.2421875,777.5592041015625,392.9357604980469,281.0764465332031,175.44215393066406,130.49838256835938,102.32989501953125,96.6076889038086,77.90080261230469,62.47881317138672,58.32658004760742,56.30307388305664,53.94370651245117,52.101829528808594,51.19936752319336,43.75914764404297,41.15153503417969,21341.126953125,129.154541015625,53.73456954956055
660000,670001,17,3,252,205,1,50819.44140625,784.4293212890625,401.84149169921875,274.1202697753906,165.6584014892578,126.22868347167969,112.64569091796875,87.25489807128906,79.01563262939453,68.88094329833984,60.77836608886719,57.2171745300293,55.98257064819336,49.75035095214844,48.28860855102539,44.245182037353516,41.01957321166992,21347.85546875,129.1042938232422,61.53214645385742
665000,675001,17,3,254,210,0,51243.9296875,1055.030029296875,371.9590148925781,293.92578125,203.45643615722656,144.70559692382812,125.58645629882812,90.93193054199219,88.7071304321289,79.1617431640625,63.3286018371582,55.45222854614258,52.014678955078125,48.620521545410156,44.598079681396484,41.99933624267578,40.02324295043945,21568.533203125,135.68319702148438,59.16486740112305
665000,675001,17,3,254,210,1,51267.28515625,1039.6026611328125,380.3774108886719,278.75567626953125,207.24586486816406,149.8477325439453,139.65069580078125,104.78479766845703,99.31036376953125,74.47840118408203,71.88545989990234,64.26579284667969,52.16001510620117,51.6722412109375,50.23594665527344,43.626033782958984,41.20786666870117,21576.587890625,155.61380004882812,59.86174392700195
670000,680001,17,3,251,202,0,49709.078125,954.337890625,406.4217529296875,252.56842041015625,187.37461853027344,151.0222625732422,110.76985931396484,83.06255340576172,71.96892547607422,68.39126586914062,60.983394622802734,58.18342971801758,51.788909912109375,44.08003616333008,42.823734283447266,35.32135009765625,33.504520416259766,20858.693359375,118.87189483642578,60.71364212036133
670000,680001,17,3,251,202,1,49708.390625,979.7626953125,406.0856628417969,250.47982788085938,203.29248046875,157.2964630126953,120.06623077392578,82.86723327636719,78.34679412841797,66.09395599365234,61.701717376708984,57.0193977355957,53.480159759521484,50.12382888793945,46.926456451416016,40.84663009643555,36.952919006347656,20860.859375,139.89227294921875,64.71397399902344
675000,685001,17,3,254,209,0,50570.62890625,909.4549560546875,426.1777648925781,243.53602600097656,197.61648559570312,161.29818725585938,121.66332244873047,97.62500762939453,89.66581726074219,77.91677856445312,69.85181427001953,61.29606628417969,54.937400817871094,49.960208892822266,43.37031936645508,42.66776657104492,38.84772491455078,21252.267578125,125.74671173095703,51.26301193237305
675000,685001,17,3,254,209,1,50534.01171875,909.4230346679688,415.0627746582031,226.74893188476562,180.3692169189453,156.01222229003906,112.54991912841797,88.94917297363281,87.56220245361328,74.14667510986328,64.27559661865234,60.23799514770508,47.04538345336914,46.44831085205078,44.0750617980957,42.101200103759766,41.38914108276367,21235.173828125,120.12054443359375,58.11598205566406
680000,690001,17,3,248,208,0,51165.015625,938.0123901367188,504.5207214355469,327.74896240234375,195.3614959716797,164.60971069335938,138.55288696289062,106.76382446289062,102.63847351074219,92.1380615234375,72.70209503173828,71.76087951660156,67.92715454101562,57.67389678955078,52.835079193115234,42.32939147949219,41.65306854248047,21446.712890625,127.13831329345703,60.50839614868164
680000,690001,17,3,248,208,1,51124.0546875,937.7431640625,490.5862121582031,321.8731994628906,204.5907745361328,148.563232421875,126.37074279785156,110.27265930175781,98.33208465576172,89.44711303710938,65.91321563720703,62.4857292175293,59.63849639892578,56.271461486816406,48.645652770996094,45.69524383544922,44.98424530029297,21429.6953125,114.63768005371094,59.96955108642578
685000,695001,17,3,253,210,0,50740.875,793.4263916015625,294.9513244628906,211.7686309814453,207.7357940673828,127.81196594238281,118.83126068115234,103.34785461425781,87.76504516601562,69.53884887695312,55.640464782714844,50.33734130859375,47.317832946777344,44.2068977355957,40.59803009033203,36.970027923583984,35.86459732055664,21360.40625,181.04441833496094,76.1462631225586
685000,695001,17,3,253,210,1,50752.484375,802.4849853515625,299.3440856933594,217.92645263671875,197.35508728027344,118.94680786132812,101.98848724365234,97.90856170654297,75.97747039794922,65.45954895019531,60.67023468017578,52.76931381225586,45.20060729980469,42.425331115722656,41.06159591674805,36.714725494384766,35.018123626708984,21370.86328125,167.02093505859375,65.5618667602539
690000,700001,17,3,252,211,0,51673.51171875,829.4741821289062,398.355712890625,224.10147094726562,164.56271362304688,125.75902557373047,96.0029296875,89.49258422851562,87.66120910644531,64.5557632446289,58.11198425292969,49.586795806884766,45.358585357666016,43.57136154174805,39.83346939086914,36.03144454956055,34.397830963134766,21750.7265625,104.58740997314453,45.11280822753906
690000,700001,17,3,252,211,1,51690.58984375,827.1229858398438,398.2592468261719,215.43409729003906,157.0526123046875,127.49383544921875,89.04281616210938,75.9144515991211,75.3460464477539,65.48695373535156,58.55077362060547,54.929649353027344,50.2222900390625,48.37910461425781,44.761348724365234,42.14550018310547,33.567779541015625,21754.96875,97.37642669677734,54.72703552246094
695000,705001,17,3,251,210,0,50962.35546875,791.6634521484375,418.33056640625,237.2808837890625,190.70652770996094,150.30294799804688,105.37006378173828,85.61834716796875,77.53214263916016,65.9115982055664,61.422584533691406,56.70102310180664,49.53725051879883,45.90315246582031,41.408164978027344,39.62632369995117,37.868350982666016,21407.203125,114.85235595703125,54.09339904785156
695000,705001,17,3,251,210,1,50993.98046875,785.27880859375,412.9221496582031,251.79818725585938,196.688720703125,141.345703125,110.23428344726562,84.58745574951172,80.42181396484375,69.18500518798828,67.67455291748047,58.96003341674805,56.76230239868164,52.14431381225586,48.395450592041016,45.74235916137695,44.19523620605469,21423.955078125,115.8400650024414,59.864505767822266
700000,710001,17,3,254,220,0,50815.328125,851.2395629882812,323.94512939453125,224.04420471191406,172.51519775390625,113.54645538330078,92.71366882324219,73.0389175415039,68.83589935302734,61.09378433227539,54.53220748901367,51.0132942199707,49.39643096923828,45.22704315185547,40.70800018310547,36.830284118652344,34.28137969970703,21433.2421875,114.50048828125,51.35123825073242
700000,710001,17,3,254,220,1,50814.12109375,845.5303344726562,330.40191650390625,215.9970703125,161.09983825683594,105.40001678466797,91.87731170654297,71.87574005126953,63.33466720581055,58.943267822265625,57.414817810058594,51.228424072265625,48.749813079833984,47.201210021972656,40.94640350341797,39.260528564453125,36.604373931884766,21435.869140625,116.58116912841797,52.3129997253418
705000,715001,17,3,254,213,0,52154.94140625,640.2066040039062,308.3028259277344,254.65765380859375,156.80894470214844,127.2355728149414,96.79386138916016,69.26543426513672,66.42178344726562,59.9415168762207,55.05152893066406,52.38520050048828,46.047183990478516,44.452789306640625,39.95853042602539,38.035587310791016,35.92000198364258,21976.318359375,136.4193572998047,59.427711486816406
705000,715001,17,3,254,213,1,52203.7578125,645.5953369140625,312.52667236328125,254.59007263183594,155.696533203125,132.5516815185547,95.58566284179688,83.6828842163086,67.06674194335938,61.51041030883789,58.4136962890625,50.35050582885742,46.28042984008789,42.87925338745117,37.73673629760742,36.36050796508789,33.34695816040039,21999.15234375,148.17245483398438,59.09281921386719
710000,720001,17,3,252,212,0,51757.609375,724.3333129882812,355.04681396484375,234.60552978515625,167.07717895507812,127.48612213134766,103.8639144897461,89.78633117675781,69.61407470703125,64.89280700683594,56.79640579223633,50.96439743041992,47.381282806396484,45.67860412597656,44.60574722290039,38.45210647583008,36.40744400024414,21771.330078125,113.53327941894531,50.56859588623047
710000,720001,17,3,252,212,1,51756.9453125,719.16748046875,362.2987060546875,237.9066925048828,171.5618133544922,119.42266845703125,95.93706512451172,88.44928741455078,78.77464294433594,67.5493392944336,56.59440231323242,48.90275192260742,46.91393280029297,44.659358978271484,42.189422607421875,40.9193115234375,37.81019973754883,21769.759765625,114.0738525390625,54.867088317871094
715000,725001,17,3,252,221,0,52282.21484375,761.5325927734375,332.56793212890625,249.5801239013672,136.50682067871094,129.6491241455078,108.74935150146484,80.71034240722656,64.94761657714844,62.58226013183594,61.60276794433594,49.629371643066406,46.246524810791016,44.606422424316406,38.51549530029297,37.863731384277344,36.097103118896484,22037.5546875,107.31233978271484,43.95198440551758
715000,725001,17,3,252,221,1,52234.921875,752.2086181640625,326.7641296386719,251.4243621826172,147.1907196044922,125.79833984375,115.98005676269531,85.53097534179688,77.2684555053711,62.17679977416992,58.00553894042969,52.887577056884766,46.01390838623047,44.03820037841797,38.16582489013672,33.21394348144531,31.751924514770508,22014.904296875,109.0621566772461,48.62053680419922
720000,730001,17,3,253,210,0,51516.03515625,767.93212890625,350.5464172363281,252.10385131835938,154.43902587890625,132.76657104492188,94.25651550292969,81.20408630371094,80.39091491699219,60.20911407470703,52.801300048828125,49.83968734741211,45.1152229309082,43.27235412597656,41.43122863769531,39.363712310791016,35.00411605834961,21686.609375,111.08037567138672,43.740264892578125
720000,730001,17,3,253,210,1,51501.140625,763.6570434570312,348.2804260253906,241.4656982421875,156.1486053466797,136.28622436523438,110.43955993652344,96.38397216796875,78.511962890625,77.4926528930664,69.76624298095703,57.30278396606445,50.959136962890625,47.0856819152832,42.88945007324219,36.73490905761719,34.21176528930664,21681.43359375,101.16647338867188,45.00261688232422
725000,735001,17,3,250,208,0,51048.3203125,911.283935546875,461.020263671875,267.3659973144531,180.48268127441406,147.82089233398438,118.53507232666016,95.64202117919922,82.8440170288086,69.11186981201172,64.46436309814453,58.235504150390625,50.042938232421875,44.79100036621094,39.667457580566406,37.62269973754883,34.894771575927734,21454.759765625,114.20301055908203,50.198307037353516
725000,735001,17,3,250,208,1,51010.94921875,904.627685546875,456.1293029785156,266.18896484375,185.87911987304688,132.45413208007812,110.205078125,95.13633728027344,84.82990264892578,70.77239990234375,67.50711822509766,61.36698532104492,54.536537170410156,48.96509552001953,43.818241119384766,42.38588333129883,38.43812942504883,21441.115234375,109.67707824707031,48.723594665527344
730000,740001,17,3,255,218,0,52725.46484375,1152.979736328125,378.37939453125,202.133056640625,142.3272247314453,127.49224090576172,95.2448501586914,78.48064422607422,70.34857177734375,67.17408752441406,63.36295700073242,58.95833969116211,49.039432525634766,44.328453063964844,39.67484664916992,35.697505950927734,29.27920150756836,22150.16796875,98.60169219970703,49.36317825317383
730000,740001,17,3,255,218,1,52726.81640625,1142.4501953125,389.4356994628906,208.02764892578125,151.02821350097656,125.92481231689453,98.89298248291016,88.93282318115234,74.0312728881836,68.14021301269531,58.42940902709961,52.966575622558594,47.704139709472656,46.2641487121582,42.28106689453125,40.70648956298828,32.407432556152344,22150.48046875,99.3850326538086,57.24483871459961
735000,745001,17,3,250,214,0,50963.78515625,872.0264892578125,467.4663391113281,237.91619873046875,188.7028045654297,156.13720703125,131.7396697998047,105.5810317993164,82.27136993408203,77.25528717041016,61.0379524230957,57.544715881347656,53.35285949707031,47.37715148925781,43.99711227416992,39.93593978881836,36.744178771972656,21452.4375,123.1509017944336,59.129085540771484
735000,745001,17,3,250,214,1,51027.5625,873.8611450195312,460.30328369140625,249.66494750976562,208.487548828125,157.2028045654297,126.28177642822266,113.5784912109375,82.08496856689453,79.05606842041016,63.02531814575195,58.04987716674805,51.56023025512695,48.278289794921875,46.54884719848633,42.76309585571289,40.223514556884766,21479.4140625,124.60811614990234,58.090084075927734
740000,750001,17,3,253,217,0,52244.734375,893.5410766601562,360.630615234375,210.8897247314453,148.13914489746094,111.88397216796875,94.53934478759766,78.366455078125,68.71322631835938,61.207786560058594,56.147613525390625,50.70183181762695,48.84141159057617,45.58661651611328,40.339744567871094,35.39234161376953,34.22610092163086,21962.94140625,112.88909912109375,61.54370880126953
740000,750001,17,3,253,217,1,52226.24609375,885.0582885742188,362.0791931152344,212.1322021484375,151.9571533203125,100.5859146118164,87.29004669189453,76.92565155029297,62.58064270019531,59.26959991455078,50.66320037841797,46.275726318359375,43.20052719116211,41.52091598510742,39.380035400390625,34.360809326171875,32.24958038330078,21954.525390625,113.18386840820312,52.4987907409668
745000,755001,17,3,252,217,0,52891.13671875,932.7684936523438,406.3978576660156,246.6836395263672,167.44970703125,125.7107925415039,100.50601196289062,92.27281951904297,86.01716613769531,69.49200439453125,64.1435546875,55.33741760253906,52.572349548339844,49.84357833862305,47.28293991088867,44.87406921386719,37.2725944519043,22157.107421875,132.25730895996094,88.40127563476562
745000,755001,17,3,252,217,1,52904.60546875,939.8411254882812,404.0055236816406,254.98886108398438,174.50839233398438,125.61071014404297,103.97925567626953,89.30838012695312,71.99819946289062,68.14740753173828,59.41335678100586,54.68281173706055,53.54515075683594,47.43939208984375,45.39310073852539,38.927703857421875,37.47928237915039,22164.638671875,130.63157653808594,54.84518814086914
750000,760001,17,3,249,216,0,52100.59765625,766.0258178710938,364.2433776855469,232.3322296142578,174.94056701660156,119.45040893554688,94.73320770263672,78.56648254394531,72.5606918334961,62.19975662231445,55.493370056152344,50.14810562133789,48.246341705322266,46.398807525634766,41.01481246948242,37.9321174621582,34.439048767089844,21955.27734375,133.7420654296875,46.91252517700195
750000,760001,17,3,249,216,1,52092.58203125,757.8445434570312,362.3583984375,232.17910766601562,166.88389587402344,117.61392974853516,94.89478302001953,79.0374984741211,71.19953155517578,66.2740478515625,57.94761276245117,52.824928283691406,48.52718734741211,44.47113800048828,41.75956726074219,38.280860900878906,36.031494140625,21948.333984375,135.7687225341797,55.83311462402344
755000,765001,17,3,251,216,0,51532.13671875,2034.587890625,567.6589965820312,342.1161193847656,193.48406982421875,148.8820343017578,130.0877685546875,117.54778289794922,102.72196197509766,86.48310852050781,67.34638214111328,66.43961334228516,56.514957427978516,52.39746856689453,46.771915435791016,40.9351806640625,38.567623138427734,21712.634765625,131.76206970214844,77.95465087890625
755000,765001,17,3,251,216,1,51530.2890625,2089.487060546875,560.0255126953125,340.6759338378906,195.52655029296875,153.0809783935547,142.3728790283203,114.67095184326172,102.55512237548828,81.55990600585938,69.8031997680664,60.658931732177734,56.34463882446289,51.630950927734375,46.026710510253906,41.72487258911133,36.217098236083984,21709.564453125,147.9050750732422,59.799049377441406
760000,770001,17,3,249,215,0,52314.015625,768.0865478515625,431.9448547363281,246.28955078125,179.7415008544922,127.6264419555664,110.62259674072266,94.73097229003906,76.89875030517578,69.6113052368164,61.885250091552734,60.06034851074219,56.98871994018555,51.12577438354492,49.132354736328125,44.751976013183594,36.95421600341797,22019.99609375,144.1053924560547,61.505496978759766
760000,770001,17,3,249,215,1,52284.1953125,765.2230224609375,422.6018371582031,250.26058959960938,173.71966552734375,134.3439178466797,98.71390533447266,92.03277587890625,77.58014678955078,66.97338104248047,62.588836669921875,58.223899841308594,50.61540222167969,48.60005187988281,44.286476135253906,40.01818084716797,35.116859436035156,22009.34765625,145.15823364257812,59.091400146484375
765000,775001,17,3,255,208,0,51960.64453125,1081.0950927734375,547.3593139648438,246.82009887695312,162.65597534179688,150.3079376220703,110.17952728271484,96.3369369506836,80.26060485839844,76.57352447509766,67.36629486083984,61.98999786376953,55.35310363769531,47.305904388427734,44.83506393432617,42.13006591796875,36.07756805419922,21854.3828125,103.66775512695312,63.25351333618164
765000,775001,17,3,255,208,1,51920.6328125,1075.6016845703125,533.1041870117188,251.43399047851562,161.08644104003906,131.62672424316406,115.67057800292969,95.51973724365234,90.48795318603516,81.23152160644531,68.85636138916016,59.21747970581055,53.35291290283203,47.09245681762695,46.08544921875,44.24475860595703,38.855255126953125,21834.158203125,112.20362091064453,55.94754409790039
770000,780001,17,3,250,217,0,51731.30859375,844.8641357421875,434.6547546386719,315.7753601074219,221.11170959472656,145.5443878173828,127.6564712524414,90.75576782226562,89.77467346191406,76.13836669921875,63.67128372192383,60.2050666809082,51.636070251464844,48.675716400146484,46.34257888793945,42.87739562988281,36.4597282409668,21747.84375,98.6947021484375,53.36608123779297
770000,780001,17,3,250,217,1,51737.609375,838.2838745117188,425.1573181152344,299.5530700683594,229.47470092773438,144.7584686279297,121.19267272949219,99.82821655273438,88.53155517578125,79.9009017944336,70.1806411743164,62.62248229980469,51.156837463378906,50.24951171875,46.186527252197266,41.87362289428711,40.966941833496094,21752.677734375,104.55583190917969,51.58778381347656
775000,785001,17,3,250,221,0,51984.35546875,1299.4066162109375,466.1373596191406,304.22454833984375,230.56211853027344,150.3297882080078,128.44873046875,94.89459991455078,89.02679443359375,85.39132690429688,74.2868423461914,57.57888412475586,56.470970153808594,52.546966552734375,44.795387268066406,43.924781799316406,37.47018051147461,21770.552734375,336.3107604980469,61.433326721191406
775000,785001,17,3,250,221,1,52010.765625,1315.61572265625,449.53436279296875,297.8309326171875,231.34805297851562,148.370849609375,121.47687530517578,96.0439682006836,88.90450286865234,78.29170989990234,62.81072998046875,56.13603591918945,54.39606475830078,51.2155647277832,47.6236686706543,45.351661682128906,36.38796615600586,21777.9296875,311.1598815917969,61.19977569580078
780000,790001,17,3,249,218,0,52121.70703125,853.1155395507812,403.43719482421875,243.55047607421875,145.3459014892578,125.81929779052734,101.82133483886719,93.11975860595703,85.03961181640625,78.7642822265625,68.97543334960938,66.59896850585938,58.50975036621094,57.94508743286133,52.07999038696289,48.51811981201172,45.02537536621094,21915.658203125,127.17561340332031,66.72655487060547
780000,790001,17,3,249,218,1,52135.375,848.0797729492188,413.10528564453125,237.1932830810547,150.38772583007812,136.76080322265625,99.5674819946289,93.94258880615234,86.59142303466797,79.13541412353516,68.87372589111328,66.18000793457031,57.0615234375,50.44097137451172,48.38932418823242,45.92799377441406,40.64174270629883,21922.1015625,128.5076904296875,71.73772430419922
785000,795001,17,3,254,206,0,52474.20703125,921.5242309570312,405.8719482421875,263.6606750488281,179.79188537597656,153.8251953125,133.93133544921875,93.04550170898438,83.32197570800781,74.27001953125,69.5353012084961,60.7110595703125,55.919795989990234,47.55120086669922,45.398677825927734,43.28912353515625,38.0389518737793,22094.130859375,152.6387176513672,57.62683868408203
785000,795001,17,3,254,206,1,52482.81640625,925.3468017578125,412.4767150878906,253.3773956298828,178.1266632080078,147.8936767578125,137.598388671875,87.8916015625,80.68512725830078,77.48519897460938,61.40567398071289,56.70116424560547,50.029361724853516,48.84148406982422,45.86463165283203,43.67091369628906,40.57710266113281,22094.939453125,131.7509307861328,58.59611892700195
790000,800001,17,3,251,206,0,52075.40234375,940.5372314453125,395.6330871582031,260.3019714355469,197.77195739746094,147.87063598632812,103.30818176269531,92.74181365966797,77.28504180908203,69.86375427246094,58.81959915161133,55.178829193115234,51.753173828125,47.851905822753906,45.38961410522461,37.600528717041016,34.92007064819336,21907.908203125,164.49234008789062,58.99521255493164
790000,800001,17,3,251,206,1,52080.9140625,956.530517578125,402.3701477050781,254.25164794921875,199.0040283203125,137.44802856445312,94.52851104736328,84.44725799560547,71.40058135986328,66.96101379394531,62.086997985839844,56.45265197753906,51.71644973754883,43.357177734375,42.102909088134766,38.723114013671875,35.53573989868164,21910.912109375,159.7042694091797,54.99285888671875
795000,805001,17,3,251,215,0,53370.82421875,815.7661743164062,416.76812744140625,209.855712890625,165.6931610107422,150.03277587890625,106.27999877929688,86.80110931396484,71.94873809814453,63.3684196472168,59.05445098876953,52.573455810546875,48.00910186767578,42.220863342285156,40.46577072143555,38.12060546875,33.09891128540039,22523.880859375,172.47743225097656,61.34569549560547
795000,805001,17,3,251,215,1,53381.15625,815.3696899414062,422.70806884765625,213.32920837402344,167.7503204345703,146.5608673095703,101.89581298828125,84.2584457397461,72.44720458984375,61.18687057495117,54.45762252807617,50.094573974609375,47.39413070678711,42.383567810058594,38.824867248535156,37.71195602416992,34.95951461791992,22527.638671875,172.14759826660156,51.78114700317383
800000,810001,17,3,249,215,0,53261.82421875,799.6370239257812,365.59320068359375,240.7672882080078,168.5932159423828,113.309814453125,108.02420043945312,96.96111297607422,90.94679260253906,72.208740234375,65.43838500976562,60.014522552490234,49.77294921875,48.290828704833984,44.27979278564453,39.98220443725586,34.90818405151367,22415.1171875,117.37973022460938,50.120094299316406
800000,810001,17,3,249,215,1,53291.49609375,784.3234252929688,368.1289367675781,226.54049682617188,161.14508056640625,121.10401153564453,105.58103942871094,94.65367889404297,82.96479034423828,70.18218994140625,58.842864990234375,55.109920501708984,50.58839797973633,45.82844161987305,41.90489959716797,39.04359436035156,35.11344909667969,22427.052734375,117.64031982421875,59.015865325927734
805000,815001,17,3,253,218,0,53000.390625,739.3377685546875,441.3195495605469,252.4329376220703,186.4497528076172,162.11671447753906,121.79891967773438,79.3498306274414,72.04769134521484,69.95561981201172,60.21810531616211,55.63114929199219,53.646034240722656,50.06910705566406,46.79624938964844,42.458133697509766,40.42316436767578,22310.189453125,94.59971618652344,52.8425407409668
805000,815001,17,3,253,218,1,52994.921875,745.8535766601562,450.6536560058594,256.7724609375,190.80328369140625,146.64967346191406,112.93685913085938,83.18243408203125,75.61587524414062,62.32048416137695,55.38089370727539,52.72332000732422,51.0375862121582,46.490631103515625,45.264183044433594,43.34294128417969,38.18904113769531,22302.4921875,100.03309631347656,50.20683288574219
810000,820001,17,3,254,217,0,53113.19921875,784.9881591796875,356.93743896484375,218.0775909423828,166.41091918945312,125.5900650024414,97.8038558959961,81.02824401855469,69.58035278320312,59.90510940551758,56.515689849853516,52.78323745727539,50.18764114379883,47.25764083862305,43.33565902709961,39.72792053222656,33.73193359375,22401.021484375,89.84225463867188,53.68772888183594
810000,820001,17,3,254,217,1,53154.89453125,783.974853515625,369.116455078125,215.5240936279297,152.57589721679688,133.11300659179688,86.62467956542969,81.02638244628906,74.44007873535156,62.817543029785156,56.29557418823242,54.65001678466797,48.08689880371094,45.41264724731445,42.279273986816406,37.4354133605957,36.95954895019531,22415.322265625,93.85446166992188,52.892173767089844
815000,825001,17,3,253,221,0,52668.01171875,1035.5631103515625,507.6649169921875,261.434814453125,166.05592346191406,130.569091796875,118.10307312011719,97.79264831542969,88.41956329345703,71.660888671875,65.4185562133789,60.87173080444336,55.38128662109375,51.775760650634766,51.31224060058594,41.822853088378906,37.016258239746094,22186.86328125,115.51569366455078,56.792518615722656
815000,825001,17,3,253,221,1,52701.4453125,1036.377197265625,497.63330078125,257.9342956542969,170.82960510253906,131.81971740722656,115.50782775878906,100.34481811523438,78.552001953125,71.2617416381836,62.57181930541992,60.78805160522461,55.19749069213867,50.1984977722168,46.71098327636719,42.77091598510742,40.685821533203125,22199.84375,119.20479583740234,56.688419342041016
820000,830001,17,3,253,217,0,54309.53125,836.6780395507812,399.7796325683594,249.95416259765625,168.34640502929688,145.8621063232422,91.97236633300781,77.34046173095703,71.20159912109375,65.0609130859375,55.892967224121094,53.41132736206055,49.02642059326172,46.0518798828125,42.009246826171875,37.39870071411133,33.292964935302734,22859.837890625,101.59162139892578,57.58482360839844
820000,830001,17,3,253,217,1,54316.6875,829.5833740234375,409.6535949707031,253.17132568359375,168.2502899169922,148.18685913085938,89.06219482421875,78.4686279296875,69.38798522949219,60.44247055053711,55.35692596435547,50.11588668823242,48.36290740966797,46.38249206542969,39.09687805175781,38.0443000793457,30.87070083618164,22860.599609375,101.31990051269531,57.20893096923828
825000,835001,17,3,251,214,0,53643.48046875,958.8460083007812,405.5086975097656,269.2726135253906,169.7010955810547,122.08905792236328,100.46874237060547,80.6339111328125,73.79214477539062,67.09217834472656,63.48407745361328,56.817195892333984,49.602684020996094,45.580711364746094,43.41188430786133,40.54317092895508,38.75501251220703,22546.369140625,211.2267303466797,53.40407943725586
825000,835001,17,3,251,214,1,53665.76171875,953.1734008789062,405.91741943359375,267.76885986328125,182.46847534179688,126.65689086914062,110.4569091796875,98.20760345458984,80.37882995605469,68.82075500488281,60.66920852661133,59.32151794433594,55.011531829833984,48.79060745239258,46.35816192626953,38.0063591003418,32.79092788696289,22556.263671875,213.7066650390625,64.02061462402344
830000,840001,17,3,253,220,0,53185.79296875,835.3407592773438,340.4499816894531,195.36968994140625,158.2014617919922,118.75335693359375,93.4486083984375,80.93352508544922,66.2939682006836,64.36561584472656,57.233428955078125,53.90427780151367,49.54886245727539,48.43259048461914,43.247344970703125,41.65650939941406,37.38608932495117,22434.419921875,116.994873046875,52.107826232910156
830000,840001,17,3,253,220,1,53170.70703125,841.794189453125,338.84490966796875,196.768310546875,157.24951171875,117.81140899658203,99.75645446777344,82.78133392333984,67.44403839111328,61.26842498779297,55.53740310668945,50.20502853393555,47.10930252075195,43.6702995300293,42.15837860107422,38.11223602294922,35.45426940917969,22425.9296875,101.6581039428711,49.04655075073242
835000,845001,17,3,250,223,0,53258.2578125,846.4361572265625,408.4936828613281,240.5869140625,154.334716796875,131.4492645263672,111.25875091552734,93.94007110595703,76.9771957397461,71.040771484375,64.6601791381836,62.53731155395508,50.64632034301758,47.60894775390625,42.12112045288086,41.56688690185547,35.971954345703125,22434.029296875,114.61238861083984,51.729736328125
835000,845001,17,3,250,223,1,53244.5390625,851.5042114257812,418.4382019042969,253.0522918701172,157.62205505371094,133.9169158935547,111.66974639892578,94.42896270751953,79.49712371826172,71.5475082397461,60.69464111328125,57.25514602661133,53.46266174316406,45.14204406738281,44.638038635253906,40.1312370300293,34.77711868286133,22427.65625,116.81182098388672,54.91654968261719
840000,850001,17,3,251,221,0,52762.03515625,873.9820556640625,376.201416015625,194.92459106445312,143.50765991210938,128.38009643554688,103.21188354492188,87.03846740722656,68.79823303222656,59.284908294677734,54.250328063964844,50.332855224609375,46.384254455566406,44.098941802978516,42.01375961303711,38.46234893798828,34.23505401611328,22238.58203125,113.47745513916016,50.7471923828125
840000,850001,17,3,251,221,1,52728.71875,881.741455078125,386.6998596191406,203.84912109375,153.4024200439453,121.7136001586914,99.23591613769531,81.4769287109375,77.15209197998047,60.9990119934082,56.4742317199707,54.79384994506836,48.16979217529297,46.38297653198242,41.74331283569336,37.038639068603516,34.52077102661133,22222.701171875,119.78123474121094,54.45768356323242
845000,855001,17,3,250,214,0,54322.32421875,795.0702514648438,372.166259765625,228.0936737060547,170.87628173828125,127.87429809570312,101.66986083984375,95.30401611328125,77.0892105102539,67.13231658935547,58.95143127441406,57.349693298339844,49.75688552856445,48.94059753417969,44.8836555480957,41.22941207885742,40.348480224609375,22850.671875,125.57678985595703,55.23033142089844
845000,855001,17,3,250,214,1,54333.32421875,805.3798217773438,387.0801086425781,233.1594696044922,166.1632843017578,145.50172424316406,106.74640655517578,94.86445617675781,79.98760986328125,74.10255432128906,71.44699096679688,64.38488006591797,58.60205841064453,50.98616409301758,45.8797607421875,44.46736145019531,39.7193489074707,22850.798828125,139.77081298828125,59.422523498535156
850000,860001,17,3,254,218,0,54683.2578125,845.3728637695312,463.1100769042969,319.9263000488281,240.1741943359375,143.43475341796875,129.65805053710938,104.9683837890625,91.40536499023438,81.91217803955078,77.92800903320312,59.66236877441406,55.5822639465332,50.727882385253906,49.47707748413086,46.5507926940918,40.63926696777344,22983.9609375,212.13479614257812,76.2725601196289
850000,860001,17,3,254,218,1,54683.75390625,861.2120971679688,458.1366882324219,299.1512451171875,220.9298095703125,143.10914611816406,126.82475280761719,95.29325866699219,82.88232421875,73.46698760986328,67.06596374511719,60.37015151977539,58.283084869384766,57.40768814086914,51.97903060913086,49.939762115478516,42.5733757019043,22983.7109375,203.922607421875,65.61975860595703
855000,865001,17,3,254,220,0,53830.890625,1148.8916015625,543.0975952148438,297.46051025390625,179.01388549804688,160.44253540039062,112.54823303222656,99.29248046875,80.29845428466797,69.98352813720703,62.65522003173828,61.22053146362305,58.333404541015625,54.63847351074219,50.25116729736328,45.25934600830078,40.916969299316406,22664.455078125,131.4186248779297,76.56914520263672
855000,865001,17,3,254,220,1,53822.38671875,1162.27197265625,553.3781127929688,300.7403259277344,182.98797607421875,147.38502502441406,110.34866333007812,94.4349594116211,83.71600341796875,76.65306854248047,67.63954162597656,65.56979370117188,61.93971633911133,49.02143478393555,47.11259841918945,44.0606689453125,37.90548324584961,22664.220703125,134.18951416015625,62.5164794921875
860000,870001,17,3,253,219,0,53245.46484375,862.8783569335938,406.363525390625,261.673583984375,179.4497833251953,126.28057861328125,102.6684799194336,95.11410522460938,86.87089538574219,76.25609588623047,64.11309814453125,57.6880989074707,52.66531753540039,52.17526626586914,50.230377197265625,43.663028717041016,42.16300582885742,22431.1953125,107.13054656982422,58.13595962524414
860000,870001,17,3,253,219,1,53244.4765625,852.4566650390625,417.9710388183594,261.252685546875,180.04820251464844,130.1715087890625,104.92474365234375,101.14762878417969,90.84545135498047,80.30913543701172,61.552207946777344,56.83379364013672,53.04182052612305,50.529273986816406,45.108734130859375,43.42353439331055,41.8338737487793,22428.39453125,111.38306427001953,63.020137786865234
865000,875001,17,3,252,214,0,53790.50390625,1089.90966796875,463.21148681640625,412.52593994140625,205.66517639160156,186.8978271484375,111.1694564819336,94.07424926757812,80.79429626464844,65.16116333007812,64.01355743408203,55.322872161865234,51.73961639404297,49.278621673583984,44.276397705078125,41.24686050415039,40.781097412109375,22658.1328125,154.31927490234375,59.682655334472656
865000,875001,17,3,252,214,1,53810.03125,1134.09716796875,493.12310791015625,399.7980041503906,232.6749725341797,195.8733367919922,107.1133041381836,89.15695190429688,80.63541412353516,68.39544677734375,57.836795806884766,56.52869415283203,49.44048309326172,43.82072448730469,40.79313278198242,38.9715576171875,36.23371505737305,22666.771484375,157.8114013671875,55.04768371582031
870000,880001,17,3,252,213,0,54409.09765625,771.9312744140625,440.68731689453125,278.52288818359375,199.34039306640625,170.5349884033203,145.74777221679688,115.76263427734375,97.00587463378906,95.47654724121094,75.07951354980469,65.89901733398438,64.35832977294922,57.190696716308594,51.09104919433594,49.076019287109375,45.94501495361328,22898.37109375,238.02352905273438,106.92059326171875
870000,880001,17,3,252,213,1,54395.84375,775.9955444335938,432.3765563964844,280.105224609375,204.44180297851562,167.85525512695312,135.2441864013672,123.39873504638672,114.21466827392578,82.16595458984375,77.50116729736328,60.7660026550293,56.38736343383789,55.90666961669922,50.24079895019531,48.35486602783203,41.97489929199219,22889.8671875,214.520751953125,132.1999969482422
875000,885001,17,3,250,211,0,53813.890625,830.5889282226562,421.194580078125,229.5532989501953,195.75254821777344,131.72694396972656,112.39952087402344,90.72624206542969,74.50314331054688,64.94511413574219,61.74265670776367,54.7410888671875,47.05012130737305,45.1405143737793,43.82644271850586,38.075077056884766,33.55940246582031,22644.56640625,128.15484619140625,49.30136489868164
875000,885001,17,3,250,211,1,53823.140625,828.5548095703125,437.941162109375,221.30262756347656,210.13536071777344,132.82540893554688,124.00857543945312,99.24181365966797,82.23458099365234,75.47289276123047,69.4407958984375,56.33603286743164,48.20576095581055,47.009517669677734,41.3963737487793,40.2608757019043,36.18172836303711,22649.490234375,129.556640625,53.924705505371094
880000,890001,17,3,253,227,0,54139.91796875,890.3298950195312,488.5661926269531,246.2846221923828,198.1551055908203,137.83584594726562,106.64925384521484,95.71404266357422,76.72870635986328,66.50933837890625,63.52325439453125,56.55473709106445,52.62165832519531,48.57810592651367,46.72395324707031,43.362213134765625,40.54161834716797,22735.951171875,158.7863006591797,55.13381576538086
880000,890001,17,3,253,227,1,54171.99609375,909.509033203125,490.54168701171875,240.6822052001953,194.5961456298828,141.44403076171875,103.79461669921875,92.85285186767578,84.74633026123047,74.48018646240234,65.5008773803711,62.82301712036133,55.24679183959961,50.233497619628906,48.51054763793945,45.25789260864258,41.6863899230957,22743.046875,140.9320831298828,53.82073974609375
885000,895001,17,3,250,214,0,53442.13671875,1236.56396484375,440.4643249511719,293.45892333984375,252.0520782470703,185.05926513671875,142.7943572998047,104.42514038085938,96.34894561767578,79.3646469116211,69.1637191772461,68.58351135253906,60.04758071899414,54.800777435302734,52.37743377685547,47.48664093017578,41.34377670288086,22428.11328125,131.5638885498047,60.673397064208984
885000,895001,17,3,250,214,1,53441.64453125,1231.6563720703125,434.9045715332031,318.91436767578125,264.14605712890625,181.35328674316406,139.35899353027344,106.7729721069336,94.22041320800781,75.35641479492188,73.63008117675781,64.01842498779297,59.866268157958984,58.36116409301758,50.92827606201172,50.32296371459961,46.89579772949219,22423.505859375,134.7813720703125,74.06765747070312
890000,900001,17,3,251,224,0,55393.83203125,976.8948974609375,525.7578125,269.6708068847656,220.04640197753906,171.10198974609375,132.69534301757812,105.77128601074219,91.02980041503906,77.77865600585938,65.88360595703125,63.1325798034668,60.12337112426758,50.283878326416016,45.01117706298828,40.641048431396484,36.19357681274414,23274.81640625,124.09742736816406,53.44281005859375
890000,900001,17,3,251,224,1,55426.51953125,986.2217407226562,534.1155395507812,265.35308837890625,194.11215209960938,166.13568115234375,128.53897094726562,106.31831359863281,84.99775695800781,80.10627746582031,67.81417846679688,63.40126037597656,61.311851501464844,48.359798431396484,42.177494049072266,40.49879455566406,37.251197814941406,23282.126953125,121.58326721191406,94.73896789550781
895000,905001,17,3,252,218,0,54845.7734375,992.288818359375,378.3303527832031,248.356689453125,198.4309844970703,130.2904052734375,107.28974151611328,98.58744812011719,83.9049301147461,67.63001251220703,61.73707580566406,60.698646545410156,53.36333084106445,51.680049896240234,49.179283142089844,39.43854522705078,37.4007453918457,23087.677734375,112.07010650634766,62.16241455078125
895000,905001,17,3,252,218,1,54867.47265625,1006.811279296875,375.08758544921875,256.6824035644531,215.2039337158203,126.17951965332031,108.48741149902344,94.49747467041016,80.30296325683594,75.69062042236328,71.1775894165039,58.90018081665039,54.39039993286133,52.47294235229492,45.31143569946289,43.97867965698242,36.05263900756836,23097.107421875,122.05974578857422,63.256141662597656
900000,910001,17,3,251,224,0,55223.578125,1227.16796875,404.08251953125,267.2503356933594,192.36537170410156,165.47889709472656,136.21707153320312,112.48765563964844,82.27500915527344,76.25656127929688,67.89997100830078,60.842933654785156,52.675682067871094,46.66664505004883,43.293514251708984,37.916263580322266,35.9914665222168,23235.990234375,128.2686767578125,69.39740753173828
900000,910001,17,3,251,224,1,55250.3515625,1242.271484375,410.26202392578125,242.30157470703125,186.88536071777344,163.3968963623047,139.34732055664062,106.96388244628906,95.01174926757812,79.6554946899414,72.16785430908203,59.55823516845703,56.94639587402344,49.859954833984375,48.3607177734375,43.972103118896484,39.96561050415039,23243.26953125,130.22669982910156,63.056434631347656
905000,915001,17,3,253,213,0,54684.02734375,910.5206909179688,314.7879333496094,260.7292785644531,186.34146118164062,139.95010375976562,129.27523803710938,97.30961608886719,89.0128173828125,69.71578216552734,59.181034088134766,54.8734245300293,51.328224182128906,46.234046936035156,42.960208892822266,40.85703659057617,36.867759704589844,23050.669921875,144.48081970214844,59.628414154052734
905000,915001,17,3,253,213,1,54658.19921875,908.0357666015625,316.3976745605469,248.3281707763672,193.08056640625,141.89776611328125,120.6303482055664,105.90030670166016,80.3763656616211,69.58827209472656,65.49713897705078,56.04485321044922,52.430152893066406,47.9315185546875,45.91222381591797,42.12702178955078,38.53248977661133,23040.669921875,140.6084442138672,56.90148162841797
910000,920001,17,3,250,223,0,53606.85546875,968.3923950195312,460.0044250488281,288.8181457519531,190.98663330078125,158.10194396972656,112.8592758178711,93.53072357177734,85.79527282714844,75.04159545898438,71.86542510986328,65.60704040527344,58.29765701293945,54.97984313964844,50.733970642089844,45.94511795043945,39.737613677978516,22565.62890625,123.62671661376953,62.58317184448242
910000,920001,17,3,250,223,1,53555.69921875,971.6617431640625,460.8656311035156,282.920166015625,191.30885314941406,155.10691833496094,120.9404067993164,106.08618927001953,87.90184020996094,84.53199005126953,75.0058364868164,68.34648895263672,62.280826568603516,52.40731430053711,48.942970275878906,46.91020202636719,41.03384017944336,22543.986328125,126.01519775390625,59.5432014465332
915000,925001,17,3,252,219,0,54396.94140625,932.7149047851562,472.2302551269531,282.2650451660156,220.35874938964844,173.6278076171875,130.20346069335938,100.757568359375,98.57893371582031,74.54275512695312,67.72071075439453,66.65853881835938,62.023502349853516,53.37804412841797,49.547332763671875,47.462745666503906,42.80540466308594,22821.40234375,160.5970001220703,54.228633880615234
915000,925001,17,3,252,219,1,54398.875,934.153564453125,471.4694519042969,285.5333557128906,205.19107055664062,169.3516387939453,121.3606185913086,99.0951919555664,81.16487884521484,66.33551025390625,59.89408874511719,58.55085372924805,55.632057189941406,51.76948165893555,47.17850875854492,45.08394241333008,42.327484130859375,22819.4375,160.07879638671875,58.20212173461914
920000,930001,17,3,252,224,0,55424.99609375,822.0552368164062,424.07843017578125,284.3952331542969,168.3518524169922,148.4156951904297,117.36273956298828,102.57460021972656,84.21665954589844,77.93499755859375,67.06099700927734,58.113216400146484,55.01063537597656,48.52411651611328,45.12946701049805,40.04336166381836,37.935699462890625,23320.59765625,186.95994567871094,53.50371551513672
920000,930001,17,3,252,224,1,55417.14453125,827.67333984375,426.61114501953125,289.1929931640625,168.9670867919922,148.5451202392578,112.87810516357422,106.33871459960938,83.29595947265625,71.41024017333984,66.2394027709961,62.04894256591797,49.47896194458008,48.842567443847656,43.76328659057617,39.038387298583984,36.2686767578125,23311.6484375,190.64979553222656,51.81232452392578
925000,935001,17,3,251,212,0,54529.88671875,1264.39697265625,523.7391357421875,300.15118408203125,215.5938262939453,143.70594787597656,132.88851928710938,112.46968078613281,109.6041030883789,93.69202423095703,74.43624114990234,72.93832397460938,62.5238037109375,57.628604888916016,50.55916213989258,46.01926040649414,44.11720657348633,22901.66015625,170.65335083007812,76.3687973022461
925000,935001,17,3,251,212,1,54530.84375,1271.775146484375,520.14990234375,313.24224853515625,200.38182067871094,150.75759887695312,144.0581817626953,130.82403564453125,124.049072265625,88.0195083618164,84.84880065917969,74.07520294189453,70.26937866210938,61.08196258544922,47.338680267333984,46.34320831298828,40.276588439941406,22908.716796875,176.707275390625,64.07299041748047
930000,940001,17,3,251,218,0,55164.0625,1152.255859375,444.95001220703125,218.77813720703125,178.28004455566406,144.40760803222656,116.54277038574219,99.89764404296875,78.93012237548828,73.71436309814453,60.29923629760742,52.97024154663086,50.38357162475586,42.19135284423828,41.99460983276367,38.49571990966797,35.06562805175781,23249.130859375,241.92306518554688,108.5683364868164
930000,940001,17,3,251,218,1,55200.58203125,1157.54736328125,445.1896057128906,227.4052734375,177.61282348632812,137.45408630371094,116.30976104736328,97.63479614257812,80.50527954101562,68.60502624511719,62.4272575378418,59.10889434814453,50.25691223144531,46.32210159301758,43.45680618286133,37.919410705566406,35.108299255371094,23266.369140625,219.0285186767578,108.98265838623047
935000,945001,17,3,253,222,0,54841.64453125,961.9224243164062,429.1697692871094,320.8411865234375,193.63938903808594,153.74224853515625,136.51490783691406,116.0712661743164,81.48710632324219,68.54811096191406,66.76524353027344,62.1441535949707,57.0582389831543,50.543556213378906,48.710289001464844,44.02588653564453,41.382713317871094,23039.97265625,195.2239227294922,89.30518341064453
935000,945001,17,3,253,222,1,54819.359375,946.9542846679688,424.0694580078125,316.4563903808594,203.63230895996094,149.30690002441406,137.11837768554688,109.39805603027344,81.65196990966797,77.5748062133789,70.46324157714844,61.73881912231445,58.95089340209961,55.81592559814453,48.402740478515625,47.245121002197266,44.849979400634766,23034.474609375,162.82711791992188,80.9290542602539
940000,950001,17,3,248,217,0,55900.69140625,897.7180786132812,390.6993408203125,240.86512756347656,200.18515014648438,120.97158813476562,95.94759368896484,79.10317993164062,73.8823471069336,67.01698303222656,56.37847137451172,51.225826263427734,45.12558364868164,43.541263580322266,41.76872253417969,38.31132888793945,33.959171295166016,23551.5859375,141.38369750976562,56.175506591796875
940000,950001,17,3,248,217,1,55815.75,887.3545532226562,387.45526123046875,241.05470275878906,192.8287811279297,132.6251678466797,104.91862487792969,75.0180435180664,69.22834777832031,60.72690200805664,54.49040985107422,45.74591064453125,42.33000946044922,40.267459869384766,36.15361404418945,32.98014450073242,31.346729278564453,23515.8203125,140.30490112304688,60.66149139404297
945000,955001,17,3,251,228,0,55599.03515625,793.4539794921875,421.353271484375,237.24440002441406,192.5805206298828,139.93930053710938,126.39883422851562,109.25457763671875,77.59815216064453,69.22712707519531,61.66490936279297,60.38484573364258,57.96023178100586,50.92527770996094,49.102298736572266,44.172149658203125,35.86955261230469,23395.201171875,129.7698974609375,66.01129913330078
945000,955001,17,3,251,228,1,55584.16796875,787.5413208007812,421.515869140625,242.0125732421875,191.28517150878906,141.50721740722656,122.86833190917969,114.24446105957031,82.51544189453125,70.87738037109375,64.60405731201172,60.56009292602539,56.56467056274414,48.209632873535156,45.339759826660156,42.29591751098633,38.02881622314453,23390.609375,125.1461181640625,46.00785827636719
950000,960001,17,3,254,225,0,56367.70703125,797.6984252929688,392.3112487792969,267.2262878417969,173.68344116210938,154.2005157470703,117.33316802978516,90.77322387695312,80.47792053222656,69.65452575683594,63.711097717285156,58.730777740478516,53.60365676879883,46.93013000488281,44.41799545288086,42.18411636352539,39.62657928466797,23750.44921875,159.23587036132812,70.3485107421875
950000,960001,17,3,254,225,1,56325.30078125,812.1681518554688,388.49456787109375,278.82305908203125,177.88548278808594,170.9142303466797,119.57797241210938,104.49527740478516,81.2328872680664,75.18714904785156,68.7039566040039,65.76537322998047,51.120059967041016,49.93208694458008,45.91740417480469,42.3382453918457,38.33307647705078,23731.638671875,176.9473114013672,80.24669647216797
955000,965001,17,3,252,227,0,56548.00390625,810.921630859375,372.2503662109375,228.41201782226562,176.3048095703125,109.1059341430664,90.47838592529297,88.46485900878906,74.12409973144531,72.12503051757812,66.45674133300781,62.3060188293457,58.40559768676758,56.466495513916016,50.66992950439453,46.74253463745117,42.160545349121094,23776.591796875,130.5010528564453,61.310096740722656
955000,965001,17,3,252,227,1,56499.41015625,813.3998413085938,364.28057861328125,230.44351196289062,175.74307250976562,120.4151840209961,98.89517211914062,94.735595703125,86.56766510009766,66.85604858398438,63.191768646240234,60.56834030151367,55.62543869018555,50.60714340209961,49.30011749267578,44.517486572265625,41.6462516784668,23761.5078125,123.72055053710938,52.53703689575195
960000,970001,17,3,254,221,0,56181.1328125,868.4049682617188,447.9040222167969,310.16400146484375,201.90927124023438,150.13070678710938,135.45364379882812,114.14830017089844,95.54783630371094,73.84125518798828,70.03751373291016,66.17980194091797,60.834293365478516,51.499473571777344,48.19343185424805,44.5126838684082,38.90715026855469,23617.66015625,163.76222229003906,74.94650268554688
960000,970001,17,3,254,221,1,56151.765625,877.8605346679688,446.83941650390625,306.5997009277344,201.50982666015625,167.2090301513672,136.77703857421875,106.83025360107422,97.37320709228516,80.16148376464844,66.03489685058594,62.45553970336914,59.212158203125,53.23844909667969,48.63042068481445,44.42512512207031,40.668426513671875,23606.36328125,147.5994873046875,66.03182983398438
965000,975001,17,3,252,229,0,55448.45703125,897.6744384765625,450.5009460449219,289.3524169921875,213.10366821289062,138.81642150878906,128.0720977783203,92.83824157714844,85.78465270996094,82.52254486083984,74.51644134521484,66.8237075805664,60.03713607788086,53.577308654785156,52.263240814208984,49.117706298828125,42.836402893066406,23305.7265625,146.39114379882812,74.35808563232422
965000,975001,17,3,252,229,1,55445.8359375,900.4252319335938,456.53436279296875,284.60992431640625,216.85488891601562,150.99612426757812,124.32919311523438,110.3632583618164,87.64505767822266,83.19397735595703,73.54158020019531,65.86060333251953,62.891761779785156,56.793704986572266,49.28696823120117,48.107181549072266,46.41651916503906,23304.07421875,144.27142333984375,70.746826171875
970000,980001,17,3,251,224,0,56288.29296875,992.0289306640625,424.194580078125,271.66998291015625,197.60362243652344,130.1395721435547,100.83354187011719,94.04908752441406,86.33695983886719,77.5831298828125,63.99299621582031,59.63306427001953,55.686702728271484,50.34127426147461,48.68296432495117,43.85553741455078,40.189327239990234,23642.173828125,150.19992065429688,53.589107513427734
970000,980001,17,3,251,224,1,56281.05859375,987.7982788085938,417.673828125,266.1773681640625,190.6754150390625,137.41737365722656,103.37049102783203,86.08525085449219,74.82038879394531,69.18235778808594,61.02556228637695,59.049522399902344,55.502498626708984,50.84996795654297,47.05810546875,45.96232223510742,41.541229248046875,23643.177734375,169.59046936035156,61.32427978515625
975000,985001,17,3,249,224,0,55280.8984375,1029.128662109375,444.70025634765625,314.91009521484375,211.5689239501953,140.23043823242188,130.84463500976562,111.50181579589844,87.28164672851562,79.25541687011719,68.6900405883789,59.09214782714844,55.50298309326172,49.05052185058594,45.52411651611328,44.22258758544922,39.22738265991211,23270.04296875,182.30084228515625,50.334564208984375
975000,985001,17,3,249,224,1,55280.05859375,1014.5100708007812,452.9900817871094,299.4945373535156,204.6151123046875,151.7580108642578,145.73548889160156,122.78482818603516,110.61651611328125,89.36063385009766,66.81644439697266,65.55781555175781,57.41926574707031,51.09406661987305,43.91726303100586,41.42814254760742,38.3792610168457,23271.71875,177.0106201171875,57.87285614013672
980000,990001,17,3,253,221,0,55683.890625,800.9881591796875,421.21875,231.0030059814453,151.6421356201172,124.20204162597656,100.501220703125,90.31277465820312,81.41899871826172,70.57205200195312,63.97734069824219,57.277626037597656,48.84340286254883,46.39768600463867,43.93831253051758,42.20592498779297,35.77330780029297,23398.80859375,124.41975402832031,56.839229583740234
980000,990001,17,3,253,221,1,55663.64453125,816.265380859375,421.94915771484375,240.00634765625,146.1630096435547,125.50899505615234,95.1014175415039,88.10576629638672,80.19771575927734,76.51453399658203,63.56676483154297,51.123046875,49.041603088378906,47.31897735595703,42.02373123168945,38.25093460083008,35.97835922241211,23387.7109375,118.52076721191406,50.330867767333984
985000,995001,17,3,251,213,0,55816.87109375,887.1712036132812,452.1283264160156,246.9907989501953,189.5389404296875,150.58233642578125,120.90546417236328,90.99275970458984,74.30671691894531,67.8328857421875,65.26589965820312,58.76594924926758,52.723331451416016,51.215755462646484,48.965049743652344,39.15517807006836,36.99878692626953,23452.697265625,137.83448791503906,56.762203216552734
985000,995001,17,3,251,213,1,55807.81640625,876.2901611328125,461.7534484863281,282.8804016113281,186.48504638671875,150.2056121826172,114.6086196899414,87.55140686035156,82.59567260742188,72.44461059570312,63.68638229370117,59.66294860839844,53.207427978515625,47.43317413330078,44.60886001586914,41.63762664794922,40.855594635009766,23449.01171875,124.78754425048828,52.0484619140625
