grad_step,env_steps,window_len,penalty_len,n_windows,unique_eps,critic,sv_01,sv_02,sv_03,sv_04,sv_05,sv_06,sv_07,sv_08,sv_09,sv_10,sv_11,sv_12,sv_13,sv_14,sv_15,sv_16,sv_17,pen_sv_01,pen_sv_02,pen_sv_03,pen_sv_04,pen_sv_05,pen_sv_06,pen_sv_07,pen_sv_08,pen_sv_09
0,10001,17,9,251,10,0,8.514538764953613,4.509583950042725,4.38642692565918,4.275768280029297,4.046211242675781,3.956099510192871,3.9188549518585205,3.8404552936553955,3.700396776199341,3.533254623413086,3.448671579360962,3.4070472717285156,3.2422046661376953,3.103423833847046,2.966888427734375,2.542130708694458,2.33335280418396,6.459447383880615,4.349643230438232,3.985933542251587,3.8730812072753906,3.659214735031128,3.537083864212036,3.445528984069824,3.189432144165039,2.507869005203247
0,10001,17,9,251,10,1,12.224997520446777,4.137818336486816,4.0747575759887695,3.748991012573242,3.649998188018799,3.4905998706817627,3.417133331298828,3.4016780853271484,3.336118459701538,3.1902623176574707,3.1296660900115967,3.003678560256958,2.828233242034912,2.7480268478393555,2.671863555908203,2.547605514526367,2.361015558242798,9.101987838745117,3.9811758995056152,3.666534662246704,3.400269031524658,3.216320514678955,3.1394786834716797,3.075277805328369,2.878654956817627,2.7340619564056396
5000,15001,17,9,248,15,0,2143.94921875,66.39325714111328,39.79206848144531,32.22414779663086,26.27643394470215,22.659940719604492,21.907869338989258,17.598718643188477,14.451061248779297,14.05863094329834,12.641335487365723,12.52500057220459,11.408966064453125,10.558636665344238,9.836980819702148,9.322537422180176,8.666662216186523,1560.2557373046875,42.57312774658203,26.68836784362793,21.749540328979492,15.138006210327148,13.955057144165039,11.033182144165039,10.20733642578125,9.79715347290039
5000,15001,17,9,248,15,1,2150.13818359375,65.69551849365234,39.244083404541016,31.596466064453125,26.46251678466797,22.679147720336914,20.94127082824707,17.67983627319336,15.698451042175293,14.862865447998047,13.228292465209961,12.085810661315918,11.436652183532715,10.711910247802734,10.045727729797363,9.494762420654297,9.116772651672363,1564.1162109375,42.51057815551758,26.69292640686035,21.552589416503906,15.1621675491333,14.665599822998047,12.115989685058594,9.976555824279785,9.731093406677246
10000,20001,17,9,250,20,0,1943.6290283203125,64.90502166748047,45.55616760253906,31.283123016357422,25.608139038085938,23.520729064941406,20.941713333129883,17.798463821411133,14.352663040161133,14.044828414916992,12.086329460144043,10.93809700012207,10.567180633544922,9.399471282958984,9.165251731872559,8.778338432312012,8.323755264282227,1412.74462890625,42.13716125488281,26.052902221679688,22.208946228027344,16.181787490844727,13.009781837463379,10.630520820617676,10.283942222595215,8.736907958984375
10000,20001,17,9,250,20,1,1942.5994873046875,64.79447174072266,44.93791961669922,30.729232788085938,26.97101593017578,22.84248924255371,20.3176326751709,17.080074310302734,14.6117525100708,14.43328857421875,12.532803535461426,10.964971542358398,10.334405899047852,9.935676574707031,9.452190399169922,9.025788307189941,8.17831039428711,1411.896240234375,42.3273811340332,25.94223976135254,21.58995819091797,15.89181900024414,13.58193588256836,10.736878395080566,10.05565071105957,8.723461151123047
15000,25001,17,9,252,25,0,1596.4156494140625,90.53424072265625,45.37163543701172,33.94010543823242,29.471847534179688,23.693756103515625,20.160430908203125,18.419212341308594,17.856674194335938,14.756019592285156,12.87427806854248,11.803265571594238,11.360013961791992,10.355596542358398,9.872044563293457,9.408014297485352,8.959572792053223,1166.4407958984375,44.64318084716797,29.717344284057617,21.76512908935547,18.54847526550293,13.892194747924805,12.094837188720703,10.846546173095703,9.19765567779541
15000,25001,17,9,252,25,1,1600.4278564453125,89.52854919433594,46.25309753417969,34.92806625366211,28.78085708618164,25.298505783081055,20.138410568237305,19.781389236450195,16.16929817199707,14.66317081451416,12.464068412780762,11.620243072509766,10.773750305175781,10.17894458770752,9.652478218078613,9.18458080291748,8.331896781921387,1169.5694580078125,44.62077713012695,29.995859146118164,22.795320510864258,18.058147430419922,13.45873737335205,11.720193862915039,9.93810749053955,8.845566749572754
20000,30001,17,9,252,30,0,1625.4827880859375,137.27386474609375,66.0125732421875,46.062110900878906,33.2711067199707,28.05320930480957,24.008296966552734,22.222612380981445,20.38895606994629,16.81205940246582,15.078763961791992,14.34289836883545,13.451238632202148,12.869429588317871,11.409117698669434,10.572952270507812,9.983442306518555,1179.9219970703125,71.76508331298828,37.918479919433594,24.55577850341797,20.043745040893555,14.722583770751953,14.274230003356934,12.11273193359375,10.618125915527344
20000,30001,17,9,252,30,1,1624.28076171875,138.41409301757812,67.75121307373047,46.02313232421875,32.955204010009766,29.37637710571289,22.50609016418457,21.49325942993164,18.895029067993164,17.188312530517578,15.013925552368164,14.11998462677002,12.768762588500977,12.423553466796875,12.080620765686035,11.478093147277832,8.928407669067383,1179.4036865234375,73.54448699951172,37.28519821166992,24.030263900756836,19.578413009643555,15.194998741149902,13.683431625366211,12.395204544067383,9.72298812866211
25000,35001,17,9,254,35,0,2378.451416015625,183.75567626953125,77.37228393554688,53.188621520996094,41.82244110107422,32.33060073852539,30.135578155517578,26.115800857543945,23.398616790771484,20.607702255249023,19.674922943115234,16.180986404418945,15.671704292297363,14.581743240356445,13.377636909484863,12.874370574951172,12.384906768798828,1721.9647216796875,83.47251892089844,43.97195053100586,30.64488410949707,24.238115310668945,18.73692512512207,16.746110916137695,15.288522720336914,13.940564155578613
25000,35001,17,9,254,35,1,2381.9970703125,185.86972045898438,77.18637084960938,51.72772216796875,42.07583236694336,32.99549102783203,30.382417678833008,25.550846099853516,21.63155746459961,20.856327056884766,18.736064910888672,17.45407485961914,16.91840934753418,15.830645561218262,15.568598747253418,13.778999328613281,12.336557388305664,1724.338623046875,83.57971954345703,43.66888427734375,30.8516845703125,23.15601921081543,19.098857879638672,17.789052963256836,15.402437210083008,14.03874397277832
30000,40001,17,9,254,40,0,3480.75634765625,198.0363311767578,87.35298919677734,62.09616470336914,48.42195129394531,38.376251220703125,37.16985321044922,30.90511703491211,28.253467559814453,23.957151412963867,23.045724868774414,20.814311981201172,20.215721130371094,19.473600387573242,17.415634155273438,16.715330123901367,15.394536018371582,2555.6787109375,102.82643127441406,56.806915283203125,37.23773956298828,29.162662506103516,23.2093505859375,19.96592903137207,19.594833374023438,17.494873046875
30000,40001,17,9,254,40,1,3479.608642578125,197.62013244628906,85.92195129394531,60.66129684448242,48.39205551147461,40.30161666870117,38.86437225341797,33.389408111572266,32.71631622314453,25.519067764282227,24.28391456604004,23.649717330932617,21.84100914001465,19.314409255981445,18.41891098022461,16.847137451171875,16.3857364654541,2555.1181640625,101.91483306884766,55.92462158203125,39.98051452636719,32.0080451965332,27.41033172607422,24.32405662536621,19.245962142944336,18.237152099609375
35000,45001,17,9,249,45,0,4796.15087890625,246.08322143554688,118.0735092163086,82.56082153320312,63.629302978515625,48.1329345703125,40.30463409423828,39.040122985839844,35.9173469543457,31.345355987548828,26.066286087036133,24.71567153930664,23.38693618774414,22.47209930419922,21.040571212768555,20.070505142211914,19.063045501708984,3491.538818359375,143.87356567382812,72.86385345458984,44.99335861206055,38.56395721435547,30.10232925415039,23.24724769592285,22.185937881469727,19.81661605834961
35000,45001,17,9,249,45,1,4794.66845703125,244.39508056640625,117.91404724121094,83.45743560791016,63.63993835449219,48.56960678100586,41.36090850830078,39.968048095703125,39.45746994018555,35.74443054199219,30.12252426147461,27.543611526489258,26.12942123413086,22.651012420654297,22.012474060058594,20.432453155517578,18.323360443115234,3490.353515625,142.24160766601562,73.24227905273438,46.2830696105957,40.521419525146484,31.43240737915039,27.007959365844727,23.29738998413086,20.426984786987305
40000,50001,17,9,253,50,0,6092.3642578125,174.54440307617188,94.38426971435547,70.5321044921875,52.377113342285156,43.604251861572266,37.91828918457031,36.98921585083008,31.791316986083984,29.982213973999023,26.898099899291992,26.070701599121094,24.46382713317871,22.79045295715332,21.898141860961914,19.92557144165039,18.69733238220215,4449.748046875,94.90556335449219,54.106224060058594,39.04353713989258,33.421722412109375,27.6622257232666,25.046234130859375,22.594738006591797,21.593507766723633
40000,50001,17,9,253,50,1,6102.4150390625,175.43875122070312,93.86275482177734,73.63737487792969,49.900821685791016,44.703495025634766,38.8112907409668,36.93171691894531,31.899593353271484,31.363162994384766,25.837400436401367,24.585636138916016,23.70146369934082,23.564191818237305,21.858205795288086,20.12158966064453,18.67374038696289,4456.40966796875,95.97509002685547,54.75773620605469,41.08855056762695,35.460548400878906,28.764816284179688,24.170488357543945,23.46474266052246,19.85067367553711
45000,55001,17,9,251,55,0,7499.68212890625,277.9903564453125,145.68917846679688,99.12258911132812,73.4983901977539,50.67588424682617,45.086334228515625,40.48283386230469,37.63204574584961,32.0919189453125,29.74751853942871,29.510530471801758,26.511676788330078,25.41012954711914,24.68682098388672,23.946916580200195,22.755449295043945,5451.00439453125,163.38575744628906,88.40740966796875,47.39415740966797,41.02749252319336,31.791027069091797,28.44832992553711,26.029315948486328,25.5786075592041
45000,55001,17,9,251,55,1,7503.49072265625,277.3668518066406,145.4484405517578,96.39825439453125,70.39501190185547,50.79763412475586,44.161380767822266,39.24491882324219,36.724525451660156,32.25310516357422,30.26540184020996,28.3464298248291,27.8730525970459,25.16465950012207,23.222198486328125,22.057100296020508,21.0804386138916,5453.57763671875,164.7743377685547,87.306884765625,47.000118255615234,39.56101989746094,30.78838348388672,29.17306900024414,25.20134925842285,22.607919692993164
50000,60001,17,9,252,59,0,9046.59765625,310.75537109375,160.5662841796875,96.38652801513672,74.24158477783203,60.59305953979492,50.93986129760742,48.006710052490234,44.38036346435547,39.40485382080078,38.82004165649414,32.70850372314453,31.194700241088867,30.166051864624023,29.44390296936035,27.21574592590332,24.43517303466797,6602.68115234375,175.45643615722656,81.20108795166016,52.6497917175293,46.97584915161133,37.491573333740234,32.357177734375,31.015485763549805,28.04408073425293
50000,60001,17,9,252,59,1,9065.2568359375,306.906494140625,160.89353942871094,93.02314758300781,74.01961517333984,64.0022201538086,53.45895767211914,50.227821350097656,44.11592102050781,37.623992919921875,36.90711975097656,34.21648025512695,31.073545455932617,30.332468032836914,29.67266273498535,27.73042869567871,27.310564041137695,6614.92626953125,177.9368438720703,78.65019226074219,55.26972961425781,49.20342254638672,37.51008605957031,33.89679718017578,29.831111907958984,28.634355545043945
55000,65001,17,9,251,64,0,9833.1025390625,308.6263427734375,191.7134246826172,108.53937530517578,71.06623840332031,59.6883659362793,51.97500991821289,48.80231475830078,46.30940246582031,44.26019287109375,35.154136657714844,33.3272590637207,31.33722496032715,29.664165496826172,28.212753295898438,25.607107162475586,23.07851219177246,7153.904296875,183.0366668701172,81.3809814453125,59.52174377441406,47.44160079956055,39.65810775756836,35.2421989440918,29.576740264892578,23.884151458740234
55000,65001,17,9,251,64,1,9829.1416015625,305.9448547363281,190.11849975585938,108.52937316894531,71.667724609375,61.422454833984375,49.558799743652344,45.2234001159668,44.21813201904297,40.37411117553711,33.902462005615234,33.000694274902344,32.03912353515625,29.707605361938477,28.756013870239258,26.365751266479492,25.243621826171875,7153.5419921875,181.59597778320312,81.6202163696289,59.41147232055664,43.412750244140625,36.208438873291016,35.07212448120117,28.56302833557129,28.17889404296875
60000,70001,17,9,252,69,0,11416.251953125,348.1455383300781,192.7039031982422,120.55244445800781,102.7466049194336,66.76513671875,52.522315979003906,49.07386779785156,45.42790985107422,42.9732551574707,40.18175506591797,37.80266189575195,33.187442779541016,32.09883499145508,30.370527267456055,29.80982780456543,26.06093978881836,8304.5498046875,206.15431213378906,108.00093841552734,53.86989974975586,47.44894790649414,40.246055603027344,32.643802642822266,31.136728286743164,28.907222747802734
60000,70001,17,9,252,69,1,11402.212890625,350.76763916015625,190.1921844482422,125.96308135986328,102.24076843261719,68.84332275390625,51.30805587768555,48.538883209228516,45.70376205444336,40.78155517578125,37.736541748046875,35.3526725769043,34.7309455871582,30.994539260864258,30.573196411132812,28.570775985717773,26.18348503112793,8293.0400390625,207.30282592773438,108.14025115966797,52.052978515625,49.35875701904297,37.07082748413086,34.82234573364258,30.873218536376953,30.1921329498291
65000,75001,17,9,252,70,0,12293.134765625,366.38031005859375,161.30923461914062,111.30778503417969,81.99198150634766,74.19908905029297,59.1387939453125,53.26185989379883,47.661075592041016,43.61893844604492,38.254764556884766,36.75114440917969,35.64305877685547,33.814613342285156,32.74371337890625,31.044477462768555,28.00762176513672,8950.1572265625,196.824951171875,94.5203857421875,63.997039794921875,52.07896041870117,43.12938690185547,36.10504150390625,33.715091705322266,32.083011627197266
65000,75001,17,9,252,70,1,12305.1376953125,366.8259582519531,162.73709106445312,113.62918090820312,80.06705474853516,73.08621215820312,55.592132568359375,52.26283645629883,47.28989028930664,43.52029037475586,39.3857421875,34.34368133544922,33.47325897216797,33.08817672729492,31.881380081176758,30.7255916595459,29.510021209716797,8958.9208984375,198.62010192871094,93.77699279785156,62.708831787109375,51.53586959838867,42.34586715698242,35.42056655883789,32.205299377441406,31.05748748779297
70000,80001,17,9,252,78,0,13691.8896484375,350.1377868652344,146.7707977294922,122.61338806152344,78.48322296142578,58.45576477050781,56.241458892822266,47.46075439453125,42.817527770996094,40.68562316894531,37.94635009765625,35.04365158081055,34.06289291381836,32.08015823364258,30.4036922454834,28.955326080322266,25.702089309692383,9968.7265625,155.0376739501953,103.48489379882812,56.75373840332031,42.90081787109375,38.05670166015625,35.1431999206543,31.137495040893555,29.382234573364258
70000,80001,17,9,252,78,1,13687.7587890625,351.138671875,148.0695037841797,120.91629791259766,80.48944854736328,59.86033248901367,58.183841705322266,50.4918327331543,46.6544303894043,44.5512580871582,40.000797271728516,36.357303619384766,35.52663803100586,32.48070526123047,31.92692756652832,30.609037399291992,27.12031364440918,9965.3173828125,152.21299743652344,101.64009094238281,57.807220458984375,50.35605239868164,41.26844024658203,36.630306243896484,33.03498840332031,31.471271514892578
75000,85001,17,9,253,81,0,15117.53125,380.09124755859375,170.01953125,114.42315673828125,81.94898986816406,66.58950805664062,55.71279525756836,50.86567306518555,45.20197677612305,41.51859664916992,39.3025016784668,35.112186431884766,32.464298248291016,31.461748123168945,29.463468551635742,27.976367950439453,25.676921844482422,11005.3662109375,166.82191467285156,90.66455078125,61.126792907714844,47.75700378417969,44.06342697143555,34.45432662963867,31.8778018951416,30.115474700927734
75000,85001,17,9,253,81,1,15109.208984375,381.9388122558594,171.41790771484375,109.6797866821289,78.81993865966797,63.362518310546875,55.49253845214844,47.81433868408203,44.905494689941406,39.609275817871094,39.41841506958008,34.72951126098633,33.84456253051758,32.0965690612793,31.097169876098633,29.135618209838867,25.20942497253418,10999.9775390625,165.2275848388672,88.54918670654297,59.11798095703125,45.359153747558594,38.00656509399414,34.039615631103516,31.525997161865234,30.454347610473633
80000,90001,17,9,251,86,0,15600.8115234375,367.3690490722656,169.6974639892578,132.4761505126953,88.89967346191406,69.3253402709961,60.807247161865234,56.04628372192383,49.026126861572266,44.54008102416992,40.353607177734375,38.27884292602539,33.313358306884766,32.2044677734375,30.809104919433594,29.4583683013916,27.635889053344727,11374.1962890625,172.9582061767578,102.14826202392578,66.70352172851562,50.06706619262695,40.68680953979492,39.26863479614258,32.13192367553711,29.578847885131836
80000,90001,17,9,251,86,1,15583.0087890625,365.66778564453125,175.27980041503906,128.9834442138672,86.80448150634766,67.8782958984375,62.39879608154297,58.463783264160156,53.46055221557617,46.053470611572266,41.31039047241211,37.664886474609375,36.745723724365234,35.40723419189453,31.265832901000977,30.287382125854492,26.893695831298828,11362.541015625,172.58673095703125,103.95457458496094,68.91484832763672,55.14392852783203,42.50788116455078,35.87758255004883,32.55058670043945,29.46411895751953
85000,95001,17,9,254,90,0,16570.439453125,381.3015441894531,195.44683837890625,120.17147064208984,93.39102172851562,67.53758239746094,62.55815887451172,57.88355255126953,56.555320739746094,47.54541778564453,40.422035217285156,38.72719192504883,35.61178970336914,34.516414642333984,32.58067321777344,31.532285690307617,28.593734741210938,12051.822265625,182.23281860351562,98.04782104492188,59.588172912597656,56.314979553222656,41.766666412353516,38.103675842285156,35.41328430175781,32.4901008605957
85000,95001,17,9,254,90,1,16582.197265625,377.8963928222656,194.6724853515625,119.20706176757812,92.21536254882812,70.65241241455078,65.00476837158203,60.779327392578125,57.46657943725586,50.77177047729492,46.321083068847656,42.30992889404297,39.11886978149414,36.26011276245117,33.40290832519531,30.696664810180664,28.46291160583496,12060.6787109375,180.51942443847656,99.26349639892578,64.2364730834961,59.9508171081543,47.342838287353516,42.969932556152344,35.97716522216797,34.75861358642578
90000,100001,17,9,247,92,0,17759.2734375,371.769775390625,182.84043884277344,134.19558715820312,94.04414367675781,75.7947998046875,63.65776062011719,61.63060760498047,54.456661224365234,54.01464080810547,40.341094970703125,39.18903732299805,37.67327880859375,35.12004470825195,33.9339599609375,30.932207107543945,29.010540008544922,12938.6220703125,193.4517364501953,98.77153778076172,70.7906265258789,58.96726608276367,51.25703811645508,37.49203109741211,35.43434143066406,31.750446319580078
90000,100001,17,9,247,92,1,17754.130859375,368.9737243652344,186.5518798828125,137.46871948242188,95.76902770996094,80.22412109375,62.31167984008789,59.20060729980469,54.39631271362305,52.64276123046875,40.96441650390625,36.432674407958984,35.9228515625,34.7255744934082,32.64371109008789,31.402259826660156,29.19282341003418,12936.8525390625,195.83551025390625,101.19485473632812,71.21956634521484,56.03548049926758,52.5364990234375,37.18851852416992,35.03569030761719,32.20641326904297
95000,105001,17,9,254,97,0,18143.9296875,482.7183837890625,187.16188049316406,128.74411010742188,88.3631362915039,72.99305725097656,71.60628509521484,63.50446701049805,61.339229583740234,48.9114990234375,41.566795349121094,40.57981872558594,37.57571792602539,36.756832122802734,33.482696533203125,32.661468505859375,31.127790451049805,13205.6416015625,240.0005340576172,89.99151611328125,77.76580810546875,66.170654296875,50.885440826416016,42.8779411315918,37.02879333496094,34.390113830566406
95000,105001,17,9,254,97,1,18149.708984375,482.46734619140625,182.76658630371094,131.08570861816406,82.16495513916016,72.4825210571289,69.35107421875,62.557979583740234,59.29191589355469,52.880821228027344,45.50054931640625,41.11323165893555,38.98286437988281,37.17344665527344,35.21617126464844,33.43049621582031,30.196903228759766,13210.4990234375,235.77064514160156,87.38721466064453,74.34205627441406,69.222412109375,50.42123031616211,43.09723663330078,39.024559020996094,34.33189392089844
100000,110001,17,9,255,95,0,19291.04296875,366.2933349609375,180.34703063964844,130.39173889160156,89.19257354736328,72.37041473388672,65.78998565673828,60.21537399291992,55.36472702026367,46.51030349731445,42.858463287353516,40.252159118652344,37.13611602783203,33.60173034667969,32.8711051940918,30.5396671295166,26.276134490966797,14055.4169921875,181.14796447753906,95.41969299316406,64.64250183105469,54.324745178222656,46.820404052734375,40.31193542480469,33.61619186401367,29.270185470581055
100000,110001,17,9,255,95,1,19296.22265625,367.57769775390625,184.37501525878906,130.00009155273438,91.04340362548828,73.90870666503906,64.1791000366211,55.663307189941406,54.758975982666016,47.175743103027344,44.118492126464844,37.91514205932617,35.60345458984375,34.94926834106445,32.920536041259766,30.718883514404297,26.77060317993164,14061.25,180.27247619628906,96.85044860839844,64.81338500976562,53.56208801269531,46.12823486328125,41.197471618652344,33.10401916503906,31.559785842895508
105000,115001,17,9,252,98,0,19994.4296875,325.9473876953125,192.35304260253906,107.1383285522461,80.06952667236328,71.1441650390625,64.61769104003906,60.81854248046875,55.864524841308594,47.82276153564453,41.62940979003906,40.788429260253906,36.399383544921875,35.5601692199707,35.14994430541992,33.69003677368164,31.272857666015625,14583.87890625,171.2406768798828,90.69721221923828,65.05152130126953,52.49150848388672,48.7612419128418,42.089107513427734,36.52385330200195,33.84945297241211
105000,115001,17,9,252,98,1,19984.212890625,324.4236755371094,184.28558349609375,110.03152465820312,80.23018646240234,75.81539916992188,73.3912582397461,68.65679931640625,60.71221160888672,52.69799041748047,43.65724563598633,43.0289306640625,36.59844970703125,34.94694519042969,33.482845306396484,31.78687858581543,31.590919494628906,14576.392578125,167.15577697753906,87.67332458496094,66.59544372558594,61.69715881347656,51.91411590576172,38.18111801147461,34.545166015625,33.735294342041016
110000,120001,17,9,250,106,0,20095.73046875,319.67938232421875,173.0349578857422,127.43350982666016,97.77718353271484,76.358642578125,72.63434600830078,59.31731033325195,54.39241409301758,47.60531234741211,41.987796783447266,39.20094680786133,34.7635383605957,34.226409912109375,32.59041976928711,31.665225982666016,30.386995315551758,14629.6220703125,176.9464874267578,109.25953674316406,68.21548461914062,64.295654296875,47.91648864746094,36.215850830078125,33.512569427490234,32.29922866821289
110000,120001,17,9,250,106,1,20052.021484375,318.8628234863281,174.83070373535156,126.62775421142578,96.02127838134766,74.52534484863281,68.47559356689453,61.40493392944336,53.440486907958984,46.999515533447266,43.51655960083008,41.999176025390625,38.15788269042969,36.28781509399414,32.86661911010742,31.343158721923828,29.58074951171875,14597.6943359375,176.05596923828125,109.31350708007812,66.53553771972656,59.358577728271484,48.70441436767578,37.72841262817383,34.091651916503906,32.19266128540039
115000,125001,17,9,251,108,0,20650.955078125,408.98626708984375,172.07896423339844,116.03500366210938,79.78731536865234,72.8511734008789,55.946720123291016,50.11090850830078,44.27936935424805,41.440738677978516,40.143409729003906,38.80614471435547,34.069461822509766,33.544456481933594,31.110450744628906,30.93623924255371,30.301677703857422,15055.4619140625,199.43313598632812,87.9675521850586,65.6060562133789,48.49201965332031,40.69458770751953,39.26222610473633,36.437843322753906,34.310672760009766
115000,125001,17,9,251,108,1,20677.671875,410.5471496582031,169.21798706054688,113.33612823486328,72.72931671142578,71.5894775390625,56.052490234375,50.73807907104492,49.069400787353516,45.16950607299805,37.626441955566406,35.28664016723633,33.99997329711914,32.4205207824707,32.164527893066406,30.766536712646484,27.12416648864746,15076.525390625,199.60337829589844,83.10151672363281,63.78413391113281,51.69380187988281,42.82429885864258,34.728675842285156,33.587459564208984,31.617029190063477
120000,130001,17,9,253,108,0,21900.9375,362.2732238769531,231.4182586669922,127.3892822265625,94.25121307373047,86.64273834228516,77.73787689208984,75.0677261352539,69.13642120361328,58.85641860961914,49.93638610839844,44.27414321899414,42.776100158691406,38.1922607421875,36.28564453125,34.71324157714844,31.331552505493164,15938.283203125,197.7768096923828,91.50293731689453,82.79815673828125,77.65365600585938,53.025489807128906,42.36784362792969,40.63505554199219,34.891502380371094
120000,130001,17,9,253,108,1,21886.22265625,354.8057861328125,232.5934600830078,126.65576934814453,87.84978485107422,82.74082946777344,78.86788177490234,75.78046417236328,68.95378875732422,54.31897735595703,48.9700813293457,41.67802047729492,39.843082427978516,37.44970703125,34.312320709228516,32.595523834228516,30.556005477905273,15929.0556640625,194.3299102783203,93.79261016845703,77.7567367553711,74.11949157714844,55.283023834228516,41.33860397338867,36.57294845581055,35.75083541870117
125000,135001,17,9,251,114,0,21666.6875,430.8609619140625,189.90411376953125,142.14599609375,92.28197479248047,81.70262908935547,71.06767272949219,61.1917839050293,58.14961242675781,45.719539642333984,42.01457214355469,38.1629638671875,37.318626403808594,35.14761734008789,33.87729263305664,32.392494201660156,29.222585678100586,15757.2490234375,214.46302795410156,120.62860107421875,75.60659790039062,60.762779235839844,51.220420837402344,42.485469818115234,37.161720275878906,33.79373550415039
125000,135001,17,9,251,114,1,21671.3828125,431.3050842285156,192.50099182128906,144.452392578125,98.1965103149414,82.90259552001953,68.65991973876953,61.612918853759766,56.58966827392578,44.12617111206055,42.609153747558594,38.117950439453125,36.42951202392578,33.414608001708984,31.203651428222656,29.572399139404297,28.62055206298828,15759.34765625,213.15573120117188,126.45092010498047,78.81048583984375,61.32477951049805,46.6494026184082,42.66887664794922,36.49604034423828,32.98116683959961
130000,140001,17,9,251,117,0,21532.619140625,404.3123779296875,179.15846252441406,119.29214477539062,85.8267822265625,74.36003875732422,60.97496032714844,60.33043670654297,53.17526626586914,45.489501953125,41.29045867919922,39.97458267211914,37.3553466796875,34.768882751464844,32.2512321472168,30.432899475097656,28.749649047851562,15681.181640625,202.67276000976562,90.6202163696289,65.17173767089844,53.30602264404297,48.94133758544922,39.92793655395508,34.819007873535156,32.262672424316406
130000,140001,17,9,251,117,1,21509.59375,402.2137145996094,186.9396514892578,124.88689422607422,88.29380798339844,72.23165130615234,64.12846374511719,57.51068115234375,54.915103912353516,46.779178619384766,45.007389068603516,41.37918472290039,37.960716247558594,36.97107696533203,36.63859939575195,31.84697914123535,29.780994415283203,15664.8662109375,209.32679748535156,93.2054443359375,62.867244720458984,56.100341796875,50.167537689208984,41.34931182861328,36.83591842651367,33.057621002197266
135000,145001,17,9,255,121,0,22170.62109375,359.06793212890625,177.99826049804688,113.5997543334961,82.4366455078125,65.81008911132812,59.43727493286133,55.32052230834961,44.69880294799805,44.28068923950195,38.40275573730469,36.33330535888672,34.11095428466797,32.14458465576172,30.66471290588379,27.052669525146484,24.329540252685547,16126.884765625,200.99725341796875,89.44300079345703,60.99761962890625,46.82719039916992,40.296810150146484,37.3521614074707,32.42439270019531,26.657180786132812
135000,145001,17,9,255,121,1,22158.544921875,354.802734375,174.1787567138672,116.87445068359375,84.32804870605469,62.2956657409668,60.313472747802734,53.681922912597656,47.35895919799805,43.61461639404297,37.476051330566406,35.78722381591797,33.84602355957031,33.4873046875,31.26502799987793,28.84641456604004,27.202903747558594,16118.9375,199.53775024414062,91.86685180664062,61.195159912109375,46.73934555053711,41.44645309448242,35.36155319213867,34.056148529052734,29.161985397338867
140000,150001,17,9,253,124,0,23160.83203125,479.12054443359375,170.4287567138672,130.0181884765625,84.09656524658203,73.53329467773438,62.333152770996094,61.21895217895508,51.31817626953125,45.14670181274414,42.32368850708008,36.6732292175293,34.751277923583984,33.733482360839844,31.07358169555664,30.012102127075195,28.285242080688477,16865.244140625,189.7521514892578,101.64018249511719,69.47766876220703,59.35687255859375,46.268253326416016,36.07419204711914,34.359596252441406,31.436187744140625
140000,150001,17,9,253,124,1,23179.236328125,483.2286376953125,175.1591339111328,129.263671875,83.71073150634766,67.01249694824219,61.325279235839844,58.10430908203125,46.980831146240234,45.00617980957031,39.79977798461914,37.46213150024414,34.88974380493164,33.7478141784668,32.50944519042969,26.629501342773438,26.246994018554688,16877.544921875,193.39466857910156,99.5153579711914,65.14977264404297,54.08760070800781,44.0604248046875,38.78406524658203,30.131071090698242,28.273025512695312
145000,155001,17,9,252,127,0,22718.4765625,396.82965087890625,156.27618408203125,116.55300903320312,86.57586669921875,73.51506805419922,59.43227767944336,55.36252212524414,54.00351333618164,46.027992248535156,41.954708099365234,36.108272552490234,35.59324645996094,33.8066291809082,31.130746841430664,28.13205337524414,27.19118309020996,16546.359375,172.3066864013672,101.28759765625,65.40667724609375,56.06052780151367,44.44172286987305,38.733463287353516,35.31621551513672,30.610679626464844
145000,155001,17,9,252,127,1,22703.37109375,393.138671875,157.19256591796875,116.82855224609375,86.55477142333984,71.3916015625,65.54663848876953,58.96489715576172,54.44533157348633,47.693878173828125,44.080623626708984,37.7750358581543,35.39514923095703,32.74156188964844,31.92196273803711,30.406415939331055,25.809083938598633,16534.80078125,172.7114715576172,103.01715850830078,67.79003143310547,59.037357330322266,44.61810302734375,38.320472717285156,35.83424758911133,31.857431411743164
150000,160001,17,9,253,124,0,23711.87109375,369.2115783691406,173.55465698242188,113.21902465820312,86.0284652709961,70.55683898925781,64.289794921875,60.63034439086914,56.588253021240234,47.263492584228516,39.754573822021484,39.3177604675293,36.54225158691406,33.11380386352539,30.565597534179688,29.467464447021484,26.189353942871094,17267.810546875,195.20669555664062,88.66057586669922,67.19007873535156,60.00938415527344,49.21677017211914,38.371604919433594,34.67259979248047,30.223711013793945
150000,160001,17,9,253,124,1,23680.85546875,372.9159851074219,176.90309143066406,110.56188201904297,89.79703521728516,73.93567657470703,59.65985870361328,58.15840530395508,55.41786193847656,47.707908630371094,40.59455108642578,37.765403747558594,36.9749641418457,34.652320861816406,31.72542381286621,29.39256477355957,27.212766647338867,17246.51953125,197.38401794433594,90.0029296875,68.05746459960938,57.935420989990234,47.00275802612305,37.29631423950195,34.809898376464844,32.54570770263672
155000,165001,17,9,253,129,0,23678.583984375,317.4717102050781,174.24464416503906,109.56989288330078,78.479248046875,65.21973419189453,59.0626335144043,57.75257873535156,50.98931121826172,42.14335632324219,39.107845306396484,37.4801139831543,34.5575065612793,31.83275604248047,30.01848602294922,28.63654327392578,26.285018920898438,17253.375,179.60011291503906,81.28749084472656,58.910179138183594,52.366371154785156,41.9229621887207,36.0763053894043,31.384933471679688,29.966285705566406
155000,165001,17,9,253,129,1,23691.99609375,318.6209411621094,176.3172607421875,109.33490753173828,78.86183166503906,70.06555938720703,65.0106201171875,60.263614654541016,51.618038177490234,47.20591354370117,37.48406219482422,35.16826248168945,33.516109466552734,31.593093872070312,30.913131713867188,27.002111434936523,26.13418960571289,17262.78125,181.83493041992188,84.16009521484375,65.27224731445312,55.98567199707031,44.89436721801758,34.48257827758789,32.66413116455078,28.072227478027344
160000,170001,17,9,251,131,0,24117.66015625,390.9724426269531,202.9739532470703,124.43492126464844,95.45881652832031,63.18307113647461,60.21662521362305,57.334041595458984,49.98164367675781,41.952476501464844,36.707637786865234,36.263423919677734,34.390010833740234,33.43505096435547,31.238969802856445,29.529888153076172,25.50242805480957,17567.19921875,204.4586639404297,95.10698699951172,59.509525299072266,49.79594802856445,38.45621871948242,33.853912353515625,30.55858612060547,29.31357192993164
160000,170001,17,9,251,131,1,24098.462890625,390.9942626953125,201.04249572753906,126.01197052001953,94.43234252929688,66.54788208007812,62.041282653808594,58.81463623046875,52.56460952758789,48.0714111328125,40.64542007446289,37.7584342956543,37.34169006347656,35.100486755371094,31.801170349121094,31.60662841796875,28.952045440673828,17553.490234375,203.42283630371094,93.27960968017578,63.011863708496094,55.26765060424805,44.07779312133789,36.95087432861328,33.28069305419922,32.6662483215332
165000,175001,17,9,252,128,0,24082.802734375,406.690185546875,178.71763610839844,110.15196228027344,79.95726013183594,63.43817901611328,58.877193450927734,52.41584014892578,47.473148345947266,41.93796920776367,38.736427307128906,35.57366943359375,33.841392517089844,31.03343391418457,30.226856231689453,27.875934600830078,26.861207962036133,17527.2265625,201.67913818359375,86.81901550292969,62.32766342163086,52.578399658203125,41.17981719970703,34.91990661621094,33.053260803222656,31.089719772338867
165000,175001,17,9,252,128,1,24079.34765625,405.2878723144531,178.7333984375,111.12937927246094,79.65567779541016,67.62642669677734,60.12366485595703,51.433197021484375,50.50962829589844,47.282936096191406,38.167110443115234,35.626708984375,33.51528549194336,32.83858108520508,31.40448570251465,30.231962203979492,26.926921844482422,17523.14453125,200.2330322265625,88.44053649902344,65.11051940917969,49.03276062011719,43.77253723144531,35.696475982666016,33.147220611572266,29.618633270263672
170000,180001,17,9,252,130,0,25029.958984375,397.8285827636719,175.60589599609375,125.4018783569336,85.83490753173828,74.35070037841797,63.893184661865234,49.24058151245117,48.65779113769531,44.89803695678711,40.34669494628906,38.321685791015625,35.598960876464844,33.797691345214844,31.436973571777344,30.032106399536133,25.973087310791016,18214.86328125,210.72634887695312,89.3043212890625,64.23500061035156,50.170921325683594,43.861106872558594,39.464927673339844,32.410972595214844,30.430601119995117
170000,180001,17,9,252,130,1,25014.755859375,399.3802795410156,177.78575134277344,132.3130340576172,88.18611145019531,72.25325775146484,65.9043960571289,53.389286041259766,47.552703857421875,45.82358169555664,40.787330627441406,37.62721252441406,35.651344299316406,34.46056365966797,31.87030601501465,29.800575256347656,28.425600051879883,18203.123046875,210.442138671875,95.37102508544922,63.800682067871094,53.65203094482422,43.203346252441406,36.30604553222656,32.60851287841797,30.45206069946289
175000,185001,17,9,246,139,0,24756.740234375,358.05804443359375,157.21241760253906,96.23184967041016,77.38288116455078,64.6852035522461,57.911293029785156,53.99278259277344,49.31911849975586,43.110652923583984,32.90500259399414,32.140567779541016,31.210124969482422,29.317941665649414,26.440937042236328,25.53688621520996,23.677227020263672,18030.966796875,173.62742614746094,80.6435546875,55.51487350463867,52.025360107421875,43.414608001708984,32.43378448486328,28.49781036376953,25.612777709960938
175000,185001,17,9,246,139,1,24782.67578125,355.50390625,155.13885498046875,100.73851776123047,79.541015625,62.47160339355469,58.29635238647461,54.455692291259766,50.230838775634766,41.00537872314453,35.28611755371094,32.8291015625,30.499004364013672,29.125972747802734,26.978567123413086,25.92750358581543,24.4415340423584,18047.755859375,174.5013885498047,80.15975952148438,53.73805236816406,50.553627014160156,42.016414642333984,32.834075927734375,28.66817855834961,28.297636032104492
180000,190001,17,9,252,143,0,25450.09765625,416.4261169433594,173.97097778320312,105.96560668945312,81.67855834960938,74.19737243652344,67.16141510009766,63.61675262451172,59.12057876586914,45.632625579833984,43.047752380371094,39.9514045715332,36.13653564453125,34.27461624145508,32.660072326660156,30.06043815612793,28.966318130493164,18529.3203125,188.81166076660156,88.03958892822266,66.91107940673828,61.95458221435547,48.13609313964844,41.49119186401367,37.729705810546875,31.462440490722656
180000,190001,17,9,252,143,1,25431.30078125,411.77392578125,174.7976531982422,105.69132232666016,76.30896759033203,69.36833190917969,61.53187561035156,51.92901611328125,49.99224853515625,42.75659942626953,39.158302307128906,36.18490982055664,34.10136032104492,32.164852142333984,30.284799575805664,29.352642059326172,26.145185470581055,18516.7890625,186.05972290039062,82.80757141113281,62.23578643798828,52.255191802978516,41.387969970703125,38.068878173828125,35.31452178955078,29.65357208251953
185000,195001,17,9,252,137,0,25408.888671875,344.2667236328125,175.51614379882812,120.74847412109375,83.69535827636719,73.37230682373047,59.26580810546875,53.47153091430664,48.4055290222168,41.73359680175781,39.18281555175781,34.876644134521484,33.909767150878906,33.16245651245117,31.072736740112305,28.07190704345703,25.61699867248535,18458.8203125,189.8830108642578,94.04975128173828,62.64845275878906,49.32951736450195,38.52577590942383,34.894691467285156,30.333759307861328,29.126726150512695
185000,195001,17,9,252,137,1,25418.912109375,345.1320495605469,177.09194946289062,117.18743896484375,87.2679443359375,74.82788848876953,61.219913482666016,55.7729606628418,46.420616149902344,45.47688293457031,40.78297424316406,35.02742385864258,33.64690399169922,32.8553352355957,31.162630081176758,29.86614227294922,27.387216567993164,18470.048828125,189.061279296875,96.59458923339844,59.94328689575195,53.850868225097656,42.547691345214844,33.62835693359375,33.10701370239258,29.604816436767578
190000,200001,17,9,253,143,0,25346.03125,381.7197570800781,194.18142700195312,116.69326782226562,86.37451171875,69.29544830322266,57.27796936035156,53.03558349609375,48.622615814208984,41.675437927246094,38.038970947265625,36.081321716308594,35.78396987915039,33.60085678100586,31.4323787689209,29.73786163330078,26.877248764038086,18458.18359375,198.9031524658203,92.96793365478516,65.210693359375,50.55888366699219,42.44979476928711,34.55241394042969,32.69214630126953,32.010040283203125
190000,200001,17,9,253,143,1,25387.67578125,385.82855224609375,195.37884521484375,119.18708038330078,91.9428482055664,67.29019165039062,54.8724250793457,54.42721939086914,53.386871337890625,41.68914794921875,38.27254104614258,36.068302154541016,32.74171829223633,32.28840637207031,29.98301124572754,29.14002799987793,28.16590118408203,18489.5703125,202.94796752929688,96.7231674194336,62.406070709228516,52.4112548828125,41.262271881103516,38.04776382446289,32.83092498779297,29.221588134765625
195000,205001,17,9,254,147,0,26899.095703125,373.9630126953125,191.38442993164062,114.39756774902344,83.19017028808594,64.49571228027344,59.19657516479492,56.482933044433594,52.11485290527344,41.633365631103516,37.002994537353516,36.43597412109375,34.13594436645508,30.959138870239258,30.333463668823242,28.812597274780273,26.611806869506836,19582.19921875,208.7994842529297,87.05353546142578,61.898433685302734,50.698001861572266,43.890567779541016,33.458656311035156,31.565174102783203,30.001638412475586
195000,205001,17,9,254,147,1,26877.0234375,366.8316650390625,195.06393432617188,118.95115661621094,82.03413391113281,65.8543701171875,60.69073486328125,58.90046310424805,55.127689361572266,40.915504455566406,38.149452209472656,35.97941589355469,34.24264907836914,31.519046783447266,30.55918312072754,29.298311233520508,28.057538986206055,19565.591796875,211.12518310546875,90.7730484008789,64.54348754882812,55.53644561767578,43.497657775878906,32.90643310546875,32.696624755859375,30.792348861694336
200000,210001,17,9,250,151,0,26537.525390625,325.7540588378906,178.99049377441406,119.13319396972656,83.45238494873047,72.64347076416016,59.52819061279297,55.490196228027344,50.09217834472656,44.75230407714844,40.97822570800781,38.16389846801758,35.25198745727539,32.903663635253906,29.96190071105957,28.112916946411133,25.812969207763672,19315.607421875,194.11964416503906,92.81131744384766,72.35956573486328,57.46501159667969,44.539337158203125,37.311946868896484,36.08961868286133,29.372806549072266
200000,210001,17,9,250,151,1,26557.669921875,331.7097473144531,176.08778381347656,119.21975708007812,79.54449462890625,71.12140655517578,57.86039352416992,52.376949310302734,51.40056610107422,43.4316520690918,39.662925720214844,37.71547317504883,36.760406494140625,31.708681106567383,30.785717010498047,28.66485023498535,27.64397430419922,19328.83203125,195.39492797851562,92.26557159423828,68.68750762939453,50.50872039794922,48.74028015136719,37.87881088256836,34.304107666015625,28.733964920043945
205000,215001,17,9,251,141,0,26666.8203125,380.33648681640625,146.10154724121094,109.68543243408203,72.2825698852539,68.74497985839844,55.1049690246582,49.485137939453125,47.38816452026367,37.68661880493164,35.48836898803711,33.65396499633789,32.37836456298828,30.925739288330078,27.44126319885254,27.039804458618164,23.743061065673828,19422.845703125,192.13893127441406,82.351806640625,64.5755615234375,47.464630126953125,41.07427978515625,34.45225524902344,29.0883731842041,27.182987213134766
205000,215001,17,9,251,141,1,26630.47265625,382.5601501464844,143.90692138671875,111.04324340820312,79.96395874023438,68.09869384765625,52.90293502807617,49.70134353637695,45.62413787841797,40.9064826965332,37.56795883178711,36.448020935058594,32.43410110473633,31.589584350585938,30.32518196105957,28.513416290283203,27.280500411987305,19395.73046875,188.99072265625,85.8395004272461,67.72901916503906,49.219215393066406,41.15108108520508,34.09110641479492,30.9362850189209,29.413782119750977
210000,220001,17,9,253,155,0,26803.8046875,392.2398681640625,180.736083984375,123.72740173339844,90.09695434570312,64.26824188232422,59.89936828613281,53.673648834228516,49.66957092285156,43.345149993896484,42.20222854614258,34.3914909362793,33.55913162231445,32.532989501953125,30.28399658203125,29.48394012451172,27.367029190063477,19512.767578125,183.50469970703125,86.16049194335938,60.23773193359375,54.411869049072266,43.46076202392578,35.02757263183594,33.862823486328125,31.14934539794922
210000,220001,17,9,253,155,1,26796.828125,390.0550842285156,180.23001098632812,119.92308044433594,87.25714111328125,63.83263397216797,61.30497360229492,57.935916900634766,55.039981842041016,50.70497512817383,41.299705505371094,36.66583251953125,34.83259963989258,32.871482849121094,30.972366333007812,29.1949520111084,27.906818389892578,19507.41015625,185.33071899414062,84.24138641357422,60.07929229736328,55.46436309814453,47.77549362182617,35.858001708984375,35.15119171142578,30.378379821777344
215000,225001,17,9,252,152,0,26584.529296875,363.1417236328125,189.3852081298828,109.09541320800781,79.450439453125,68.43246459960938,59.273712158203125,50.16937255859375,47.365352630615234,46.52114486694336,40.84204864501953,35.43623733520508,34.82020950317383,33.04403305053711,30.45003890991211,28.511608123779297,26.681068420410156,19369.765625,202.9220428466797,90.308349609375,61.413421630859375,55.98693084716797,43.1030158996582,37.17287063598633,33.111244201660156,29.57603645324707
215000,225001,17,9,252,152,1,26573.673828125,362.2281188964844,188.90689086914062,106.71016693115234,79.85531616210938,67.55296325683594,66.8091049194336,50.53241729736328,49.26689910888672,48.59248733520508,39.252899169921875,38.52444076538086,36.52314758300781,34.068607330322266,32.638675689697266,29.876920700073242,27.261812210083008,19362.787109375,200.2313690185547,92.38744354248047,63.838191986083984,58.30235290527344,43.57730484008789,36.170204162597656,34.74217224121094,29.675399780273438
220000,230001,17,9,254,148,0,26817.578125,499.972412109375,202.93795776367188,132.2653045654297,96.66646575927734,71.96797180175781,66.51271057128906,63.57725524902344,57.52119827270508,52.092491149902344,42.422977447509766,39.649139404296875,36.49011993408203,32.01412582397461,31.219209671020508,30.896408081054688,29.05153465270996,19537.291015625,238.82211303710938,101.13519287109375,64.66106414794922,57.35254669189453,53.683929443359375,37.19794464111328,33.68989562988281,31.175514221191406
220000,230001,17,9,254,148,1,26787.5390625,501.05126953125,202.6294403076172,127.2599868774414,98.91165161132812,75.4464340209961,65.49373626708984,64.65214538574219,59.836063385009766,54.691741943359375,45.537940979003906,38.85673141479492,35.94406509399414,35.14533996582031,33.24588394165039,32.49192428588867,29.58123016357422,19515.794921875,232.3643798828125,102.58558654785156,67.68634796142578,60.78942108154297,52.383880615234375,36.30683517456055,33.94770050048828,30.910219192504883
225000,235001,17,9,251,152,0,27765.64453125,311.3237609863281,146.77670288085938,113.30693054199219,71.96782684326172,69.15989685058594,66.3380126953125,61.25071716308594,49.75173568725586,40.21535110473633,38.05698776245117,33.166236877441406,30.995452880859375,29.801786422729492,28.849166870117188,27.642152786254883,25.524953842163086,20254.177734375,154.01622009277344,79.72869110107422,60.8463249206543,55.22367477416992,47.564170837402344,31.103506088256836,29.27126121520996,26.949542999267578
225000,235001,17,9,251,152,1,27759.8203125,317.0079345703125,149.1843719482422,110.62706756591797,71.89855194091797,65.10771942138672,60.37782669067383,58.81187438964844,48.99626922607422,42.0357780456543,35.564029693603516,34.14720153808594,30.528160095214844,27.65459442138672,27.50604248046875,25.60407066345215,23.97087287902832,20249.53125,157.32408142089844,78.34221649169922,58.63430404663086,51.93916320800781,41.56642532348633,32.401275634765625,28.08147430419922,27.55293846130371
230000,240001,17,9,254,153,0,28304.833984375,351.43621826171875,169.37034606933594,111.98452758789062,87.83351135253906,62.01148223876953,50.06190872192383,47.678627014160156,44.55430603027344,40.48958206176758,34.75699996948242,33.412986755371094,31.030223846435547,30.367292404174805,28.830039978027344,27.799034118652344,26.720884323120117,20603.763671875,177.27334594726562,89.14640045166016,54.630470275878906,45.743473052978516,36.78595733642578,33.25447463989258,29.912675857543945,28.197649002075195
230000,240001,17,9,254,153,1,28320.615234375,354.419921875,170.21876525878906,112.01121520996094,88.36971282958984,60.50762939453125,50.72664260864258,46.682701110839844,45.2140998840332,43.058475494384766,38.41478729248047,35.39841079711914,34.3502197265625,30.769798278808594,28.728397369384766,27.18988609313965,25.66510772705078,20614.826171875,179.168212890625,86.970703125,49.84548568725586,44.83536148071289,39.29745864868164,33.62702941894531,31.663198471069336,28.158246994018555
235000,245001,17,9,249,150,0,28276.654296875,370.544677734375,162.17771911621094,110.58782958984375,90.07852172851562,70.19413757324219,61.10701370239258,57.30366897583008,51.25605010986328,42.669708251953125,37.37638854980469,35.487098693847656,34.23435592651367,32.552608489990234,30.357707977294922,28.771041870117188,25.67610740661621,20600.578125,194.20724487304688,100.33003234863281,60.07024383544922,54.864524841308594,42.569664001464844,34.556541442871094,33.24385070800781,28.93329620361328
235000,245001,17,9,249,150,1,28263.58203125,368.7945861816406,158.58290100097656,110.66608428955078,86.85661315917969,69.10907745361328,63.06964874267578,57.91341781616211,50.89459228515625,44.3762321472168,40.186607360839844,35.68714141845703,34.21310806274414,32.595542907714844,31.22450828552246,28.071012496948242,26.316511154174805,20592.39453125,191.94508361816406,101.02436065673828,61.88949966430664,56.22547912597656,47.31423568725586,34.29802703857422,33.37337112426758,28.741605758666992
240000,250001,17,9,254,162,0,28058.7421875,353.6734619140625,156.3165740966797,101.18290710449219,83.08190155029297,63.19564437866211,54.53450012207031,46.26438903808594,44.26171875,39.12034606933594,34.24030685424805,31.057079315185547,30.448749542236328,29.25543975830078,28.32308578491211,26.47311782836914,25.77524185180664,20469.2109375,171.317626953125,79.87596130371094,55.463104248046875,43.20534133911133,35.38655090332031,30.85022735595703,29.64565086364746,27.51521873474121
240000,250001,17,9,254,162,1,28077.146484375,354.3942565917969,156.59109497070312,104.9638671875,77.45527648925781,61.83113098144531,54.81272888183594,46.21624755859375,43.69621658325195,41.91794967651367,36.00229263305664,33.75811767578125,32.6569709777832,29.478588104248047,27.681028366088867,25.81251335144043,24.97956657409668,20482.244140625,175.6748809814453,75.87920379638672,56.16145706176758,46.210689544677734,35.56903839111328,30.13313102722168,28.123092651367188,26.328184127807617
245000,255001,17,9,248,171,0,27717.880859375,498.2048034667969,213.60264587402344,107.82981872558594,76.04855346679688,65.88954162597656,56.96604919433594,48.496917724609375,44.91261291503906,38.24979019165039,34.95756912231445,34.261104583740234,32.56431579589844,31.744049072265625,30.017118453979492,28.99698829650879,26.00421905517578,20178.560546875,249.58419799804688,82.33889770507812,59.91933822631836,46.05943298339844,39.8276252746582,32.8619499206543,30.37227439880371,26.869998931884766
245000,255001,17,9,248,171,1,27711.28515625,497.0379943847656,218.62332153320312,111.34431457519531,81.66512298583984,65.14228057861328,59.4754524230957,47.731903076171875,43.56684112548828,40.567161560058594,36.60288619995117,33.551605224609375,32.670284271240234,31.127975463867188,29.501819610595703,27.9254093170166,27.448915481567383,20170.408203125,255.0390625,87.04473114013672,67.28544616699219,46.1959114074707,40.301841735839844,33.3891716003418,32.5343132019043,30.243602752685547
250000,260001,17,9,252,163,0,27951.44140625,372.1777648925781,186.19923400878906,108.009033203125,79.21131134033203,70.46166229248047,66.45824432373047,55.03422164916992,53.26039505004883,48.21076202392578,39.91967010498047,35.830345153808594,33.130367279052734,31.972688674926758,31.50283432006836,29.131717681884766,26.58795166015625,20366.689453125,212.04132080078125,94.5373306274414,67.0240249633789,58.22188186645508,44.921260833740234,34.89844512939453,33.90347671508789,29.65192222595215
250000,260001,17,9,252,163,1,27937.04296875,366.27911376953125,181.11024475097656,111.48986053466797,81.24874114990234,69.46162414550781,63.785091400146484,55.50076675415039,50.428653717041016,45.40303421020508,38.24514389038086,35.47304153442383,33.579689025878906,29.832460403442383,28.359848022460938,25.8593807220459,25.137542724609375,20355.833984375,204.40786743164062,96.70246887207031,65.31453704833984,55.188819885253906,44.2894287109375,35.156105041503906,30.12717628479004,26.345903396606445
255000,265001,17,9,251,157,0,28427.57421875,395.88177490234375,156.06301879882812,122.69960021972656,75.19522857666016,64.87459564208984,59.20233154296875,53.09512710571289,44.474239349365234,41.624366760253906,38.792457580566406,32.75331115722656,31.609142303466797,29.91248321533203,28.693710327148438,26.37272071838379,23.690258026123047,20722.51171875,179.00535583496094,83.18173217773438,58.27793884277344,44.44187545776367,39.78461837768555,30.78804588317871,28.81014633178711,24.967008590698242
255000,265001,17,9,251,157,1,28421.064453125,399.85650634765625,151.91802978515625,119.56468963623047,77.15216064453125,69.82059478759766,59.19858932495117,51.20066833496094,45.18103790283203,40.5580940246582,34.295040130615234,32.30455780029297,31.051725387573242,30.316194534301758,30.110204696655273,27.574195861816406,25.9992618560791,20717.376953125,177.1569366455078,84.81019592285156,63.432125091552734,46.976810455322266,37.00844955444336,32.39094543457031,31.303258895874023,28.316783905029297
260000,270001,17,9,252,170,0,28708.71875,383.185546875,184.60604858398438,124.1034164428711,88.71582794189453,70.05853271484375,54.878089904785156,50.95991134643555,47.50372314453125,45.03356170654297,38.93537139892578,35.87192153930664,34.24296188354492,32.28205871582031,28.7406005859375,27.09510040283203,25.500551223754883,20871.564453125,181.43597412109375,88.71237182617188,64.7422103881836,49.28969192504883,40.03470993041992,38.31511688232422,30.84916114807129,28.758182525634766
260000,270001,17,9,252,170,1,28702.11328125,381.6886901855469,187.81399536132812,125.41791534423828,84.33042907714844,72.30180358886719,64.62882995605469,58.23127746582031,52.965999603271484,48.37308883666992,41.83280563354492,38.518646240234375,35.92533493041992,33.09450912475586,29.65306854248047,29.137052536010742,27.433082580566406,20867.037109375,185.41815185546875,86.2940673828125,63.36115646362305,58.940826416015625,47.77216720581055,39.919925689697266,33.831336975097656,31.120025634765625
265000,275001,17,9,251,161,0,29038.48046875,339.5489501953125,151.64918518066406,107.36001586914062,73.79731750488281,59.01093673706055,50.113277435302734,44.58284378051758,43.27083206176758,39.15395736694336,34.038726806640625,32.81267547607422,32.088260650634766,30.83558464050293,28.941621780395508,26.387195587158203,24.924863815307617,21156.271484375,170.9720458984375,83.9962158203125,52.964500427246094,45.184146881103516,36.48111343383789,33.25143814086914,30.034931182861328,26.791492462158203
265000,275001,17,9,251,161,1,29058.33984375,344.15679931640625,152.59153747558594,104.75719451904297,81.3625717163086,65.65799713134766,51.93375778198242,44.90362548828125,43.23318099975586,40.84727096557617,35.64598083496094,33.230037689208984,31.414554595947266,30.768857955932617,29.443462371826172,28.81601333618164,25.98590087890625,21170.369140625,172.73353576660156,88.15812683105469,54.8517951965332,47.564910888671875,40.06515121459961,33.3653678894043,30.659379959106445,28.442541122436523
270000,280001,17,9,250,167,0,29485.541015625,328.7974853515625,173.74559020996094,103.65750122070312,82.11148071289062,66.38104248046875,58.20888137817383,54.9647216796875,49.600215911865234,47.4768180847168,37.55628204345703,37.07524490356445,34.4934196472168,32.051090240478516,30.244068145751953,28.539880752563477,26.21112060546875,21459.46875,192.28298950195312,88.63826751708984,59.601505279541016,53.345947265625,43.80479049682617,36.502315521240234,31.399293899536133,29.628738403320312
270000,280001,17,9,250,167,1,29469.34765625,327.5462646484375,174.7543487548828,108.69641876220703,84.45570373535156,63.687740325927734,61.412662506103516,56.88077926635742,52.38776397705078,47.60313034057617,40.5327033996582,37.99198913574219,36.89918518066406,34.29632568359375,32.45496368408203,29.154998779296875,27.803436279296875,21447.1171875,193.971435546875,91.79354858398438,62.474117279052734,57.114749908447266,44.25445556640625,38.4821891784668,33.41402816772461,30.200408935546875
275000,285001,17,9,252,167,0,29755.84765625,368.5369873046875,156.5169677734375,103.30567169189453,74.39171600341797,64.36050415039062,56.48008728027344,46.53947448730469,43.520713806152344,41.58089828491211,37.98571014404297,32.924072265625,31.614023208618164,29.966142654418945,28.67789077758789,26.11204719543457,23.101930618286133,21675.458984375,172.8265380859375,79.65995025634766,55.38685989379883,42.704246520996094,39.155845642089844,32.89262771606445,31.595256805419922,24.346778869628906
275000,285001,17,9,252,167,1,29751.00390625,370.0638122558594,160.34735107421875,103.66128540039062,73.9858169555664,65.05805969238281,56.443321228027344,51.17607498168945,46.74836349487305,43.17021179199219,39.170440673828125,36.652618408203125,33.12377166748047,32.375526428222656,30.283300399780273,27.896728515625,26.516481399536133,21670.85546875,178.4066925048828,79.77715301513672,57.47999572753906,48.24616622924805,42.512943267822266,33.772945404052734,31.16802406311035,27.127269744873047
280000,290001,17,9,254,167,0,29311.1171875,335.6830749511719,189.8893585205078,112.40937805175781,75.12199401855469,63.55835723876953,58.51983642578125,52.26948547363281,46.691253662109375,46.073646545410156,42.0384635925293,38.734619140625,34.33283996582031,32.00569534301758,30.427446365356445,30.104507446289062,26.28400230407715,21339.986328125,173.32627868652344,81.21034240722656,58.390254974365234,45.87555694580078,45.46099853515625,33.7854118347168,32.537261962890625,30.71674346923828
280000,290001,17,9,254,167,1,29266.837890625,335.281005859375,191.27647399902344,115.10395812988281,78.90147399902344,65.676025390625,64.04956817626953,57.32359313964844,54.09196090698242,50.11628723144531,44.38865280151367,37.828269958496094,35.29909896850586,33.77877426147461,30.820981979370117,29.677696228027344,28.71489906311035,21307.85546875,173.5897979736328,84.57662963867188,58.97989273071289,53.915626525878906,46.79990005493164,35.9633674621582,32.59383010864258,29.848106384277344
285000,295001,17,9,251,169,0,29582.6875,334.90093994140625,161.11817932128906,101.6563491821289,72.25082397460938,62.25471496582031,51.60355758666992,49.3301887512207,47.422977447509766,43.12297821044922,36.39678955078125,32.97230529785156,30.467937469482422,28.610004425048828,26.64171028137207,24.35904312133789,23.336091995239258,21560.19140625,175.0364990234375,72.34587097167969,54.42155838012695,49.005126953125,40.885398864746094,32.32274627685547,30.69345474243164,24.427047729492188
285000,295001,17,9,251,169,1,29590.1953125,339.66754150390625,164.1717529296875,105.92457580566406,77.98800659179688,60.14944839477539,53.43558120727539,47.87411117553711,42.90958786010742,40.797855377197266,35.72088623046875,32.78923797607422,31.374248504638672,30.261043548583984,29.376480102539062,27.74115753173828,24.627470016479492,21566.552734375,176.39393615722656,74.72750854492188,55.821876525878906,46.65044403076172,35.6858024597168,33.42776107788086,29.593835830688477,26.32915496826172
290000,300001,17,9,254,176,0,30187.8359375,520.9463500976562,163.16954040527344,125.84650421142578,88.82610321044922,75.30601501464844,72.04961395263672,55.95317459106445,46.61846923828125,45.522926330566406,43.49278259277344,37.84611892700195,35.399776458740234,34.328956604003906,33.45697784423828,30.077617645263672,28.04572296142578,21969.94921875,173.09713745117188,108.3058090209961,70.57328796386719,48.27913284301758,44.69102478027344,38.43352508544922,34.11362838745117,30.8780460357666
290000,300001,17,9,254,176,1,30173.14453125,521.3224487304688,166.65260314941406,123.04447937011719,84.21342468261719,75.90548706054688,62.8081169128418,55.55961608886719,44.21242141723633,42.09044647216797,41.43863296508789,38.5379638671875,34.84146499633789,33.4901008605957,31.878755569458008,29.528104782104492,27.58708381652832,21956.884765625,178.1505584716797,104.15325927734375,66.18290710449219,50.10624694824219,43.06898880004883,36.73556900024414,33.9730224609375,31.692453384399414
295000,305001,17,9,253,164,0,30540.068359375,352.287353515625,158.91415405273438,108.91275787353516,76.91271209716797,61.764217376708984,58.26816940307617,50.673274993896484,50.5473747253418,41.419761657714844,34.864261627197266,33.37016296386719,32.33625411987305,30.000181198120117,27.084196090698242,25.457502365112305,24.34674835205078,22261.986328125,178.22659301757812,88.79336547851562,58.471309661865234,49.115177154541016,42.551212310791016,33.43983840942383,31.49614715576172,25.87822151184082
295000,305001,17,9,253,164,1,30510.642578125,348.8919372558594,155.9055938720703,112.58037567138672,83.1964340209961,64.67977905273438,59.60499572753906,53.28135681152344,49.40793228149414,43.70585632324219,34.182552337646484,32.43166732788086,30.648523330688477,29.344430923461914,26.686328887939453,25.692350387573242,23.80941390991211,22240.76171875,178.2537841796875,93.32215118408203,62.92267608642578,54.13007354736328,39.885223388671875,32.73413848876953,31.249568939208984,27.26375389099121
300000,310001,17,9,256,186,0,30522.080078125,371.1299133300781,176.18954467773438,112.20825958251953,86.31623077392578,76.71354675292969,66.40937042236328,64.97721862792969,55.41166305541992,47.60732650756836,39.1711540222168,37.43110656738281,35.399559020996094,31.01378631591797,29.30160903930664,28.759767532348633,27.968082427978516,22210.59375,189.13800048828125,91.93463897705078,65.30448913574219,55.58162307739258,48.17085647583008,37.344478607177734,30.131135940551758,28.564783096313477
300000,310001,17,9,256,186,1,30523.34765625,370.5002746582031,179.47230529785156,110.84998321533203,85.12629699707031,75.12481689453125,65.2201156616211,61.467010498046875,51.41836929321289,48.999019622802734,38.90019226074219,35.98194122314453,34.462406158447266,32.31812286376953,30.7896785736084,28.823427200317383,25.891021728515625,22212.1640625,190.74205017089844,87.81480407714844,63.17045974731445,56.87191390991211,47.672611236572266,33.03062057495117,29.92605209350586,27.76082420349121
305000,315001,17,9,248,176,0,30222.853515625,381.4076232910156,159.9585723876953,115.14608001708984,80.34016418457031,64.1590347290039,57.519287109375,53.60453796386719,47.807315826416016,44.55677032470703,36.96963119506836,33.289825439453125,30.824369430541992,29.541841506958008,27.702892303466797,25.482486724853516,24.426288604736328,22017.9765625,197.2098388671875,103.5735855102539,59.25033187866211,51.225101470947266,43.51137161254883,32.68285369873047,31.284311294555664,28.73835563659668
305000,315001,17,9,248,176,1,30254.6953125,375.07098388671875,161.01959228515625,116.21833038330078,83.43943786621094,64.69705200195312,55.54357147216797,51.416473388671875,44.92713165283203,42.50537109375,35.70783233642578,33.74584197998047,32.889225006103516,30.88796615600586,27.907255172729492,27.20351791381836,24.473037719726562,22043.720703125,197.73455810546875,106.17838287353516,57.37113952636719,48.60463333129883,39.33766555786133,32.437286376953125,29.70000648498535,28.086620330810547
310000,320001,17,9,250,176,0,30061.16015625,391.3631896972656,144.68783569335938,101.29913330078125,75.52743530273438,62.54515838623047,56.18696975708008,51.08932113647461,44.31275177001953,43.615150451660156,34.18522644042969,33.16210174560547,32.08001708984375,29.48715591430664,26.878902435302734,25.948474884033203,24.370512008666992,21918.986328125,161.8822784423828,77.49105072021484,50.34382629394531,45.568519592285156,39.627037048339844,31.497098922729492,29.72120475769043,26.511850357055664
310000,320001,17,9,250,176,1,30050.373046875,398.2383728027344,146.0064697265625,99.52690124511719,72.90260314941406,61.941585540771484,58.12299346923828,48.30525588989258,45.75806427001953,42.55098342895508,36.34682083129883,33.569740295410156,30.752548217773438,28.78353500366211,27.634075164794922,25.604829788208008,22.585954666137695,21910.982421875,159.12965393066406,74.78060913085938,47.9110221862793,45.76854705810547,40.68441390991211,34.124996185302734,28.909610748291016,26.68577766418457
315000,325001,17,9,253,175,0,31442.630859375,299.7392578125,151.4777374267578,97.72525024414062,76.67997741699219,64.76904296875,56.1569938659668,52.486305236816406,50.146724700927734,40.844879150390625,34.759464263916016,32.43053436279297,31.316444396972656,29.091772079467773,27.444181442260742,25.25843620300293,24.831523895263672,22899.119140625,149.1938934326172,78.06787872314453,56.134647369384766,52.82310485839844,39.02439880371094,32.347564697265625,28.94601821899414,27.32782745361328
315000,325001,17,9,253,175,1,31454.8671875,298.9879455566406,151.1373748779297,99.88690948486328,80.05728149414062,70.1967544555664,64.73307037353516,57.25826644897461,51.70790100097656,43.455265045166016,34.227718353271484,31.986474990844727,30.55173110961914,28.89592933654785,26.99289321899414,26.850488662719727,22.09175682067871,22910.255859375,150.55059814453125,80.73705291748047,61.1786003112793,58.96827697753906,42.7830696105957,32.69023895263672,29.158809661865234,27.308399200439453
320000,330001,17,9,251,172,0,30251.408203125,390.2183837890625,151.88973999023438,101.72132110595703,71.29024505615234,60.0350456237793,52.88829803466797,51.544189453125,45.43006896972656,41.03787612915039,36.57415008544922,31.66290855407715,28.773818969726562,28.366518020629883,26.04092025756836,25.17365264892578,21.519683837890625,22020.81640625,179.52857971191406,84.25089263916016,57.54956817626953,48.63540267944336,41.987606048583984,31.073421478271484,28.49603843688965,22.492238998413086
320000,330001,17,9,251,172,1,30236.77734375,394.1852111816406,151.01539611816406,100.93666076660156,71.02861785888672,59.65706253051758,57.65510177612305,45.34897232055664,42.06412124633789,36.59590530395508,35.68849563598633,28.83009147644043,28.315820693969727,27.288698196411133,25.962007522583008,24.821533203125,24.3657283782959,22010.3125,175.7081298828125,83.258544921875,58.382652282714844,42.33444595336914,35.615394592285156,30.328542709350586,27.585861206054688,26.613792419433594
325000,335001,17,9,251,177,0,31142.68359375,372.5780334472656,171.90670776367188,106.00050354003906,84.25557708740234,67.63214874267578,56.03205108642578,46.76199722290039,46.21844482421875,41.53029251098633,36.70328140258789,35.277870178222656,32.4913330078125,30.275388717651367,28.321409225463867,27.45803451538086,25.385717391967773,22698.796875,173.2755584716797,87.38619232177734,53.17133712768555,44.19314193725586,36.53611755371094,31.368101119995117,28.58074378967285,26.310840606689453
325000,335001,17,9,251,177,1,31127.080078125,369.5926208496094,175.57305908203125,100.86454772949219,84.46170043945312,68.55586242675781,59.6622428894043,48.707950592041016,47.03599548339844,39.09025573730469,37.09200668334961,34.526458740234375,31.521221160888672,29.183258056640625,27.500383377075195,25.011186599731445,24.363372802734375,22687.150390625,172.65281677246094,87.72657012939453,54.16212463378906,44.48032760620117,37.38205337524414,30.08281707763672,28.69405746459961,26.209760665893555
330000,340001,17,9,253,173,0,31093.875,302.9565124511719,147.2400665283203,105.57828521728516,75.50953674316406,67.68648529052734,61.09421157836914,56.512596130371094,49.44572830200195,43.00856399536133,37.290138244628906,35.8087272644043,32.388240814208984,30.710176467895508,26.711074829101562,24.220260620117188,23.740825653076172,22630.95703125,159.1443634033203,81.60948181152344,62.98194885253906,52.702171325683594,40.5152702331543,33.803409576416016,30.47611427307129,26.961925506591797
330000,340001,17,9,253,173,1,31128.94921875,301.32135009765625,143.33241271972656,102.59435272216797,74.6991195678711,66.86779022216797,63.97578048706055,56.13583755493164,46.91189956665039,42.70518112182617,37.19513702392578,33.337432861328125,32.550498962402344,30.429269790649414,27.12755584716797,25.533639907836914,23.697603225708008,22657.517578125,158.23239135742188,82.01637268066406,58.93836975097656,52.81631088256836,42.99913024902344,34.23774719238281,29.125978469848633,26.896522521972656
335000,345001,17,9,253,180,0,31954.396484375,296.40814208984375,143.56382751464844,98.7110595703125,81.61521911621094,69.63983917236328,64.1087646484375,53.85899353027344,50.33183670043945,42.32454299926758,35.77679443359375,33.11796951293945,31.742326736450195,30.393400192260742,28.610090255737305,24.28866958618164,23.75309181213379,23266.943359375,152.71847534179688,83.68256378173828,60.9724006652832,52.55265808105469,40.76018524169922,33.16199493408203,29.545101165771484,24.538496017456055
335000,345001,17,9,253,180,1,31962.185546875,297.2889709472656,139.1846466064453,101.13961791992188,78.0255126953125,68.91729736328125,61.83443069458008,57.68539810180664,51.01747131347656,42.87974548339844,36.27412414550781,34.10914993286133,33.1882438659668,31.20733070373535,28.565444946289062,28.005638122558594,23.118234634399414,23272.837890625,150.8096923828125,80.43917083740234,60.43004608154297,53.28395462036133,41.46372985839844,34.8825569152832,32.88645553588867,26.973073959350586
340000,350001,17,9,254,182,0,31271.951171875,344.0560302734375,156.94869995117188,114.19829559326172,78.99977111816406,63.56499099731445,56.6576042175293,52.392601013183594,49.93441390991211,41.01203536987305,36.23692321777344,34.38090515136719,32.094539642333984,31.455894470214844,29.032978057861328,27.999731063842773,25.822782516479492,22773.646484375,175.4657440185547,83.89936065673828,54.65781021118164,50.43389892578125,41.38693618774414,34.39563751220703,32.62492752075195,28.906681060791016
340000,350001,17,9,254,182,1,31301.15625,343.55657958984375,156.02304077148438,112.0811767578125,81.32276153564453,67.2206039428711,59.845516204833984,58.31049728393555,52.578460693359375,45.495323181152344,39.998313903808594,38.223575592041016,34.692447662353516,33.39275360107422,32.92192840576172,30.84592628479004,29.639923095703125,22795.0546875,175.74234008789062,86.02837371826172,59.53371047973633,54.862667083740234,46.10000991821289,38.38309097290039,35.497982025146484,31.576372146606445
345000,355001,17,9,254,186,0,31588.53125,326.6629638671875,143.82237243652344,100.80257415771484,74.18490600585938,61.52497863769531,54.517608642578125,50.0238151550293,49.42892074584961,40.242862701416016,37.15068817138672,35.191619873046875,33.817989349365234,31.704137802124023,29.83051109313965,27.767902374267578,26.973299026489258,22991.525390625,145.608154296875,77.47089385986328,54.9001579284668,48.71587371826172,39.546852111816406,32.802337646484375,30.36846351623535,28.619909286499023
345000,355001,17,9,254,186,1,31614.685546875,327.6527099609375,142.54049682617188,102.08283996582031,76.86046600341797,61.11500930786133,53.783756256103516,48.27771759033203,45.77266311645508,38.62063217163086,35.564674377441406,33.78704833984375,33.24458694458008,29.681909561157227,29.143529891967773,27.586410522460938,26.87877655029297,23010.90234375,144.88385009765625,79.81441497802734,52.92451095581055,44.67034149169922,36.04364776611328,30.33889389038086,29.255451202392578,27.993356704711914
350000,360001,17,9,252,180,0,31116.615234375,349.6882629394531,169.13119506835938,109.5373764038086,82.14543151855469,59.534603118896484,52.54418182373047,45.11831283569336,42.87505340576172,41.069522857666016,37.1325569152832,32.36952590942383,32.13764190673828,28.102380752563477,27.204301834106445,26.39836883544922,25.118423461914062,22652.412109375,181.30886840820312,83.69114685058594,60.54781723022461,45.378318786621094,38.444580078125,33.02208709716797,30.645891189575195,26.518718719482422
350000,360001,17,9,252,180,1,31079.0546875,344.7265930175781,169.092041015625,107.5625991821289,81.60904693603516,58.62971115112305,51.10478210449219,46.26140213012695,42.606285095214844,35.83650588989258,34.437705993652344,33.50620651245117,31.004005432128906,28.714811325073242,27.426576614379883,26.217849731445312,25.311105728149414,22625.025390625,178.37564086914062,84.7416763305664,59.39716339111328,43.50448226928711,35.88267135620117,32.81113052368164,29.526901245117188,26.563528060913086
355000,365001,17,9,253,176,0,31468.09765625,375.1752624511719,159.93112182617188,114.69824981689453,82.5262451171875,73.8929214477539,62.16189956665039,60.097206115722656,50.930416107177734,42.574283599853516,38.47227478027344,35.642913818359375,33.459716796875,30.75067138671875,28.118532180786133,27.193519592285156,24.500396728515625,22902.556640625,164.9883575439453,83.89059448242188,68.66608428955078,54.50739669799805,45.282413482666016,34.870601654052734,30.55290985107422,28.782766342163086
355000,365001,17,9,253,176,1,31469.185546875,377.78741455078125,162.16685485839844,116.95799255371094,82.02404022216797,73.69642639160156,62.84249496459961,58.34552764892578,49.80910873413086,43.479591369628906,37.68516159057617,34.21938705444336,32.80665969848633,31.5559139251709,28.54969596862793,27.134531021118164,26.23723030090332,22903.71875,165.46487426757812,83.83829498291016,70.55216217041016,52.777652740478516,41.9725227355957,31.826419830322266,28.606605529785156,27.102359771728516
360000,370001,17,9,249,180,0,31798.587890625,514.2154541015625,182.80905151367188,99.86355590820312,65.89433288574219,59.29164505004883,54.08738327026367,51.94424057006836,48.18974304199219,42.91151428222656,33.67362594604492,31.841217041015625,30.201557159423828,28.184446334838867,27.4105167388916,25.436819076538086,23.574909210205078,23149.23828125,290.7134094238281,87.31877899169922,57.98945236206055,48.512474060058594,40.629783630371094,30.423381805419922,28.522462844848633,25.563385009765625
360000,370001,17,9,249,180,1,31773.193359375,510.4267578125,184.05413818359375,105.04521179199219,77.68202209472656,75.59916687011719,66.7279281616211,59.63344955444336,49.702056884765625,44.888038635253906,36.29146194458008,32.270320892333984,31.23855972290039,29.62555694580078,27.733844757080078,26.626718521118164,25.448701858520508,23130.95703125,283.81402587890625,89.77466583251953,67.99156188964844,63.016845703125,47.802513122558594,33.294105529785156,30.66828155517578,27.924720764160156
365000,375001,17,9,252,195,0,32253.3515625,488.6967468261719,164.62026977539062,112.43205261230469,81.98003387451172,61.100669860839844,56.745548248291016,51.82081604003906,47.18722915649414,43.601985931396484,36.81456756591797,35.553401947021484,33.81608200073242,31.951152801513672,30.22579002380371,28.229753494262695,27.7251033782959,23475.96484375,213.50006103515625,84.85730743408203,54.370849609375,51.71449661254883,41.486209869384766,34.372554779052734,33.65361022949219,28.742061614990234
365000,375001,17,9,252,195,1,32259.482421875,491.9280090332031,165.8632354736328,110.78504180908203,80.12413787841797,64.45426177978516,51.127777099609375,49.472557067871094,46.683326721191406,43.17549514770508,37.68463897705078,35.496150970458984,31.25934600830078,30.195491790771484,29.133939743041992,27.97049903869629,26.811758041381836,23480.08984375,216.81874084472656,81.12149047851562,56.33179473876953,47.27366256713867,36.86842727661133,34.80458450317383,29.78519058227539,28.821399688720703
370000,380001,17,9,248,187,0,31807.892578125,391.71282958984375,165.30972290039062,106.97905731201172,76.68521881103516,66.20402526855469,57.59288787841797,53.358097076416016,49.50019836425781,39.14164352416992,34.099693298339844,30.43836212158203,29.925739288330078,29.294485092163086,26.73946762084961,24.73979377746582,22.853939056396484,23185.650390625,172.774169921875,79.19502258300781,59.126319885253906,46.7576904296875,37.62571716308594,33.0115852355957,29.40091896057129,23.62331771850586
370000,380001,17,9,248,187,1,31814.294921875,390.63592529296875,169.6537628173828,105.40703582763672,72.55857849121094,63.26271438598633,54.799842834472656,49.206172943115234,47.36543273925781,38.17894744873047,36.629783630371094,33.84239959716797,31.645835876464844,27.818315505981445,26.03818702697754,25.75050926208496,25.086807250976562,23190.44140625,176.16006469726562,77.74637603759766,56.10212326049805,43.63768005371094,35.923763275146484,34.461341857910156,28.64276123046875,26.667804718017578
375000,385001,17,9,252,180,0,32162.40234375,401.9925842285156,162.04452514648438,105.66661834716797,87.00495910644531,78.30535888671875,57.03178024291992,49.23982620239258,46.668052673339844,44.758453369140625,43.9857292175293,38.70476150512695,36.04059982299805,34.42053985595703,33.15443420410156,30.205577850341797,28.695083618164062,23409.15234375,206.4086456298828,88.2306137084961,62.58814239501953,49.022647857666016,42.95718002319336,39.57050704956055,34.18656539916992,30.48324966430664
375000,385001,17,9,252,180,1,32186.900390625,401.3044128417969,160.46229553222656,103.45187377929688,82.3385009765625,77.8250503540039,54.951072692871094,52.62044906616211,49.98849868774414,45.95997619628906,43.58379364013672,41.33006286621094,38.692283630371094,35.998836517333984,34.352046966552734,32.167030334472656,30.003280639648438,23427.7578125,199.2239990234375,85.4650650024414,59.902374267578125,51.45077896118164,48.17352294921875,44.13152313232422,36.98107147216797,30.903602600097656
380000,390001,17,9,253,188,0,32324.228515625,460.9031677246094,180.95339965820312,109.46986389160156,76.362060546875,69.37928771972656,54.94901657104492,53.02796936035156,46.64601516723633,39.06406021118164,36.126060485839844,32.00554275512695,30.920318603515625,29.757707595825195,27.075876235961914,25.749000549316406,24.13929557800293,23532.4921875,203.03111267089844,80.09201049804688,59.419090270996094,49.756744384765625,37.051883697509766,30.493114471435547,30.20524787902832,27.361852645874023
380000,390001,17,9,253,188,1,32314.515625,463.4695739746094,179.1697235107422,106.4356689453125,75.6361083984375,67.06974792480469,52.27594757080078,48.49354553222656,44.528480529785156,38.84000778198242,34.650367736816406,32.64868927001953,31.77353286743164,29.477596282958984,28.283246994018555,25.91014862060547,23.085121154785156,23524.1484375,201.69747924804688,77.38275146484375,56.1000862121582,45.26154708862305,35.6248664855957,31.736419677734375,28.002178192138672,25.749853134155273
385000,395001,17,9,250,187,0,32471.564453125,358.0628967285156,149.2625274658203,100.06781768798828,75.70391845703125,58.613101959228516,49.12018966674805,46.17969512939453,45.490936279296875,41.38020706176758,36.11883544921875,31.790897369384766,30.512710571289062,29.350648880004883,25.531280517578125,25.232690811157227,23.0252628326416,23658.423828125,182.87344360351562,84.80448150634766,55.521751403808594,44.55361557006836,38.820770263671875,29.940143585205078,28.33550262451172,27.137943267822266
385000,395001,17,9,250,187,1,32493.416015625,355.3038330078125,147.63265991210938,100.63687896728516,78.67747497558594,62.9443244934082,56.34376907348633,50.41618347167969,45.68260192871094,41.92050552368164,35.85645294189453,32.964202880859375,31.514297485351562,28.8703556060791,27.309988021850586,26.81422233581543,23.20277976989746,23675.9453125,179.51023864746094,87.68400573730469,61.231788635253906,48.6711540222168,42.4113655090332,33.923858642578125,30.907787322998047,28.094247817993164
390000,400001,17,9,255,200,0,33099.80078125,374.1484069824219,174.27545166015625,103.83448028564453,82.17424774169922,65.1752700805664,55.704463958740234,48.257171630859375,46.43671798706055,37.46160125732422,35.29509353637695,33.98222351074219,32.581459045410156,30.528141021728516,29.088459014892578,28.758726119995117,25.275466918945312,24095.19921875,184.67642211914062,89.32459259033203,54.199039459228516,44.87126922607422,35.2432746887207,31.542734146118164,29.449533462524414,28.203338623046875
390000,400001,17,9,255,200,1,33108.19921875,368.7027893066406,170.0048065185547,103.27408599853516,84.81175231933594,62.21216583251953,56.0894889831543,48.47229766845703,46.168212890625,39.41167068481445,37.573326110839844,36.22251892089844,31.26587677001953,29.85586929321289,28.655847549438477,27.04256248474121,24.69449234008789,24103.71875,181.7242431640625,89.25544738769531,53.107421875,44.35039520263672,35.012855529785156,31.017282485961914,29.73202133178711,27.850547790527344
395000,405001,17,9,252,180,0,32954.90625,341.4900207519531,149.11138916015625,89.06981658935547,68.2155990600586,56.97483825683594,50.875911712646484,41.48818588256836,39.70415496826172,36.73544692993164,32.97758102416992,29.972227096557617,29.505062103271484,28.455089569091797,26.49483299255371,24.75484275817871,22.582225799560547,24005.4453125,175.84022521972656,76.24275207519531,52.07576370239258,41.09823226928711,34.40162658691406,32.21985626220703,31.295141220092773,27.131933212280273
395000,405001,17,9,252,180,1,32966.59375,342.8995666503906,149.48886108398438,92.56678009033203,70.77644348144531,62.920902252197266,57.15937042236328,53.6434211730957,46.07839584350586,38.708404541015625,35.42839050292969,34.35102462768555,30.326173782348633,27.84642791748047,25.811094284057617,24.32318115234375,23.459651947021484,24015.375,179.24024963378906,78.05752563476562,57.614444732666016,48.50181198120117,39.64060592651367,34.30439758300781,31.365779876708984,26.055767059326172
400000,410001,17,9,250,191,0,33119.75,326.7079162597656,157.43711853027344,98.92144775390625,83.13761901855469,67.87287902832031,50.27852249145508,48.072669982910156,44.01676559448242,37.08195877075195,35.38916778564453,33.389747619628906,30.79933738708496,28.142696380615234,27.6766414642334,25.589475631713867,23.99614143371582,24133.21875,165.2388153076172,87.4474868774414,53.09613037109375,42.83509063720703,37.33841323852539,34.6999397277832,28.494033813476562,26.548070907592773
400000,410001,17,9,250,191,1,33128.4375,326.8924865722656,158.46444702148438,98.0802230834961,79.01953887939453,62.5057373046875,50.72355651855469,47.73696517944336,45.006710052490234,37.27687454223633,35.73435974121094,32.01104736328125,30.797706604003906,30.221084594726562,28.92261505126953,27.690889358520508,24.745519638061523,24139.544921875,163.444091796875,85.810546875,52.911415100097656,44.613651275634766,34.4863395690918,31.690290451049805,30.689844131469727,28.039691925048828
405000,415001,17,9,254,184,0,33275.34765625,371.0026550292969,140.2566680908203,117.07422637939453,71.87955474853516,63.6673469543457,51.218284606933594,47.0738525390625,46.424591064453125,43.351680755615234,35.92971420288086,33.75194549560547,30.62937355041504,29.768131256103516,28.873653411865234,27.51656150817871,23.455095291137695,24229.548828125,175.11895751953125,87.44218444824219,59.0657958984375,46.962276458740234,39.045406341552734,32.86312484741211,29.114564895629883,27.309341430664062
405000,415001,17,9,254,184,1,33247.78125,370.2812805175781,144.2649688720703,117.7671890258789,69.56066131591797,62.36448287963867,52.3952751159668,45.34435272216797,44.14350128173828,39.17599105834961,37.168155670166016,34.16513442993164,31.5214786529541,29.540945053100586,28.109697341918945,26.581758499145508,24.482826232910156,24212.79296875,179.99855041503906,85.79900360107422,56.442771911621094,46.9919548034668,39.409000396728516,34.48777770996094,30.759143829345703,24.575868606567383
410000,420001,17,9,248,193,0,32806.4375,358.7829895019531,156.69471740722656,95.57463073730469,67.19183349609375,56.94097900390625,51.488487243652344,45.10175704956055,38.74815368652344,37.74522018432617,36.580810546875,33.998661041259766,32.220237731933594,30.019655227661133,28.445751190185547,27.682344436645508,26.026180267333984,23898.52734375,175.23277282714844,72.14209747314453,53.63094711303711,42.87896728515625,37.28295135498047,33.53338623046875,30.364171981811523,27.801183700561523
410000,420001,17,9,248,193,1,32813.23828125,356.0780029296875,158.9175262451172,91.61793518066406,68.63816833496094,59.06210708618164,51.410274505615234,45.76596450805664,41.863311767578125,37.53602600097656,35.97331619262695,35.3515739440918,32.69267272949219,29.894601821899414,28.6149845123291,25.98026466369629,25.29384994506836,23902.47265625,173.37684631347656,73.47119140625,53.717472076416016,47.48068618774414,38.060340881347656,34.039825439453125,30.826940536499023,26.386825561523438
415000,425001,17,9,254,198,0,33756.859375,421.1492614746094,161.78530883789062,94.68284606933594,72.79043579101562,57.236000061035156,49.54310989379883,48.199127197265625,42.80757141113281,38.7053337097168,37.27186584472656,32.09723663330078,29.696529388427734,29.20228385925293,27.431013107299805,26.33871841430664,24.12785530090332,24573.27734375,172.7278289794922,77.12754821777344,56.19719696044922,40.64271545410156,39.50437545776367,28.91411018371582,28.28386116027832,26.388748168945312
415000,425001,17,9,254,198,1,33741.55078125,416.70745849609375,158.93603515625,94.05081176757812,76.5680160522461,58.62923812866211,51.83986282348633,47.07193374633789,44.609527587890625,39.78076934814453,37.706146240234375,35.57090759277344,33.65471267700195,31.602968215942383,30.429170608520508,26.87266731262207,24.373899459838867,24562.357421875,178.390380859375,76.67594146728516,60.89772415161133,41.21489334106445,39.046539306640625,36.2194709777832,32.50098419189453,26.833581924438477
420000,430001,17,9,251,190,0,33485.4921875,340.9376525878906,147.33140563964844,101.7662582397461,79.8602523803711,62.19243621826172,48.95013427734375,45.32673645019531,44.725013732910156,38.433387756347656,35.90021896362305,33.52178955078125,31.366300582885742,30.999984741210938,29.367250442504883,26.394412994384766,24.912288665771484,24399.134765625,157.94041442871094,83.37449645996094,49.81810760498047,43.99584197998047,35.71406173706055,34.08406066894531,27.79672622680664,26.768869400024414
420000,430001,17,9,251,190,1,33475.48046875,341.635498046875,149.46278381347656,103.64596557617188,83.35372924804688,63.970115661621094,51.018310546875,49.7712516784668,44.13922882080078,38.28889083862305,35.110076904296875,33.649871826171875,31.323394775390625,29.161380767822266,26.192119598388672,24.59353256225586,22.464771270751953,24391.255859375,160.91201782226562,86.58820343017578,53.67269515991211,47.06974411010742,36.70277786254883,33.15584945678711,26.501277923583984,24.63172149658203
425000,435001,17,9,252,197,0,34320.61328125,590.8699951171875,194.80760192871094,110.7779541015625,73.21392822265625,59.66252517700195,51.208736419677734,47.78076171875,41.644351959228516,37.44169616699219,35.51734161376953,30.922388076782227,30.112628936767578,28.8010311126709,27.390174865722656,24.187698364257812,21.851152420043945,24990.060546875,378.9861145019531,82.34235382080078,59.45729446411133,41.001243591308594,38.10376739501953,31.961606979370117,28.073413848876953,23.545072555541992
425000,435001,17,9,252,197,1,34311.47265625,590.447021484375,194.50880432128906,107.53158569335938,69.77944946289062,63.551692962646484,53.1661491394043,51.74806594848633,48.262351989746094,40.50908279418945,35.21629333496094,31.140409469604492,29.510915756225586,26.622135162353516,26.029390335083008,25.031967163085938,22.603605270385742,24985.46484375,384.8336181640625,77.36858367919922,57.56365966796875,47.920928955078125,41.80162048339844,31.747346878051758,26.209949493408203,25.648988723754883
430000,440001,17,9,254,190,0,33942.68359375,365.6745910644531,174.12548828125,101.85601043701172,78.9163589477539,62.6268196105957,51.1999626159668,49.03321075439453,44.792327880859375,39.331085205078125,34.37504959106445,32.12342834472656,30.776771545410156,28.552785873413086,28.041126251220703,24.881532669067383,21.61448097229004,24712.279296875,176.0124969482422,82.30148315429688,52.120933532714844,46.0993766784668,38.92281723022461,30.17263412475586,29.38602066040039,24.83155059814453
430000,440001,17,9,254,190,1,33970.25390625,363.6089172363281,169.03421020507812,100.19802856445312,80.7745132446289,63.12065887451172,50.2026252746582,44.75080871582031,44.32985305786133,37.24333953857422,32.338314056396484,32.235477447509766,29.616891860961914,28.61507797241211,27.096038818359375,24.93343162536621,22.930265426635742,24733.353515625,172.99612426757812,81.10790252685547,52.3172721862793,41.473758697509766,34.59080505371094,31.983667373657227,27.29730224609375,26.427133560180664
435000,445001,17,9,251,191,0,33890.1953125,331.3956604003906,150.12228393554688,104.4085464477539,83.49472045898438,61.69215393066406,54.908695220947266,49.30042266845703,47.57709884643555,43.174842834472656,36.213836669921875,34.85007095336914,31.156564712524414,28.549718856811523,27.474159240722656,25.71186637878418,25.0411434173584,24657.322265625,175.548095703125,81.9620361328125,56.328224182128906,47.69391632080078,38.70624542236328,31.07648468017578,28.637033462524414,26.813133239746094
435000,445001,17,9,251,191,1,33895.875,327.2842712402344,154.80567932128906,105.06209564208984,85.59026336669922,59.809879302978516,52.49167251586914,52.19077682495117,48.891456604003906,43.767555236816406,37.05147171020508,33.10213088989258,30.2537899017334,27.56884765625,26.869150161743164,24.91017723083496,22.43534278869629,24661.36328125,176.70668029785156,82.07206726074219,54.418182373046875,49.64672088623047,41.116180419921875,29.507173538208008,27.615259170532227,24.06656837463379
440000,450001,17,9,255,200,0,34541.20703125,304.8271179199219,158.32652282714844,98.37332916259766,72.73465728759766,66.1688461303711,58.05147933959961,49.94925308227539,47.75525665283203,40.69624328613281,36.028167724609375,30.023408889770508,28.840120315551758,27.279817581176758,25.134567260742188,24.286418914794922,23.506635665893555,25142.375,161.2873077392578,71.37228393554688,56.5319938659668,53.98977279663086,40.239166259765625,30.302173614501953,27.701066970825195,24.97784423828125
440000,450001,17,9,255,200,1,34534.57421875,305.6202392578125,157.8351287841797,101.92938995361328,70.70545196533203,67.3893051147461,57.71571350097656,51.40845489501953,48.46833038330078,42.7794189453125,35.21846389770508,33.84035873413086,30.87100601196289,27.785324096679688,27.275985717773438,25.588918685913086,24.074392318725586,25136.994140625,161.11392211914062,71.9483413696289,56.73790740966797,54.780242919921875,38.89033508300781,33.459102630615234,29.294580459594727,26.635412216186523
445000,455001,17,9,251,192,0,34331.72265625,362.82464599609375,133.37840270996094,98.66181945800781,81.14556121826172,59.6297721862793,51.97836685180664,45.206207275390625,43.73302459716797,41.03017807006836,37.77638244628906,34.3759651184082,32.95310974121094,30.913238525390625,29.578285217285156,27.622753143310547,26.373624801635742,25026.330078125,163.0407257080078,81.96099090576172,50.999473571777344,46.054744720458984,38.78485107421875,34.633514404296875,32.318336486816406,29.82823371887207
445000,455001,17,9,251,192,1,34333.7890625,368.4739074707031,136.99356079101562,97.48658752441406,79.77213287353516,59.521915435791016,48.58238220214844,47.39419174194336,42.649078369140625,39.3446044921875,36.82155227661133,31.970552444458008,30.48031234741211,29.067901611328125,28.578752517700195,26.774124145507812,25.07256317138672,25027.615234375,166.23944091796875,80.44774627685547,49.30325698852539,40.95730209350586,36.11640548706055,33.60422134399414,29.9227294921875,27.36846351623535
450000,460001,17,9,250,192,0,34366.91796875,428.6836853027344,162.00172424316406,103.4117431640625,79.68307495117188,61.37542724609375,48.8961296081543,44.38803482055664,39.925838470458984,36.50155258178711,33.50949478149414,32.40365982055664,31.12891960144043,28.99094009399414,28.31463623046875,25.873153686523438,25.18997573852539,25033.767578125,194.44874572753906,79.19620513916016,53.33279037475586,42.93144226074219,37.24171829223633,33.426055908203125,29.363658905029297,27.81289291381836
450000,460001,17,9,250,192,1,34362.0078125,428.1680908203125,158.4252166748047,102.34622955322266,85.90235900878906,62.33509063720703,49.163455963134766,45.15876388549805,41.39226531982422,37.959922790527344,37.07181930541992,34.445796966552734,32.1015510559082,30.623416900634766,29.072391510009766,27.03212547302246,26.049142837524414,25030.9140625,193.3917999267578,85.90825653076172,53.57299041748047,43.03902053833008,35.804256439208984,34.45071792602539,31.835622787475586,29.402544021606445
455000,465001,17,9,246,190,0,33842.03125,432.0935363769531,139.38685607910156,105.2281723022461,75.7675552368164,56.91872024536133,49.30823516845703,42.34381103515625,40.63190841674805,35.1441650390625,31.32619285583496,31.051637649536133,29.643102645874023,29.15473747253418,26.012163162231445,24.791297912597656,22.9411678314209,24649.482421875,167.88784790039062,86.39671325683594,53.329769134521484,42.629783630371094,31.611248016357422,30.628755569458008,29.901132583618164,25.16667366027832
455000,465001,17,9,246,190,1,33848.42578125,430.3208312988281,138.34803771972656,99.21067810058594,72.41764068603516,58.287837982177734,48.16816329956055,45.051414489746094,41.96232986450195,35.0787239074707,34.347965240478516,31.393558502197266,31.24689483642578,29.275714874267578,28.67185401916504,27.891450881958008,25.703981399536133,24654.51171875,172.0087127685547,84.61463928222656,55.31629943847656,43.370792388916016,35.65822982788086,33.14060974121094,31.1395320892334,29.18375015258789
460000,470001,17,9,254,196,0,34250.34765625,328.6942138671875,154.5486602783203,95.3487548828125,68.64967346191406,56.447872161865234,54.32022476196289,47.080230712890625,45.79689407348633,40.284996032714844,35.69894027709961,31.464235305786133,29.79158592224121,28.343215942382812,27.467853546142578,24.237895965576172,22.56730079650879,24947.857421875,168.79478454589844,76.5001449584961,52.84438705444336,45.433807373046875,38.736324310302734,32.223636627197266,29.44007110595703,27.44341278076172
460000,470001,17,9,254,196,1,34289.109375,326.45709228515625,153.99977111816406,91.49588012695312,69.74372863769531,55.59135055541992,47.878448486328125,43.09422302246094,41.52667236328125,37.72838592529297,34.85713577270508,32.427669525146484,29.85973358154297,28.639259338378906,26.35622215270996,25.15460968017578,23.36931037902832,24976.623046875,168.19754028320312,75.39268493652344,47.320011138916016,42.39787292480469,36.67274856567383,32.212608337402344,29.438335418701172,27.783376693725586
465000,475001,17,9,252,199,0,34509.96484375,398.4538269042969,158.65478515625,102.1960678100586,79.18196105957031,69.39067840576172,54.54691696166992,50.349483489990234,47.97206497192383,42.43864440917969,34.13338088989258,30.589927673339844,28.784774780273438,27.015296936035156,25.643522262573242,23.786161422729492,21.95034408569336,25142.67578125,210.17381286621094,93.40167236328125,53.8603515625,47.04547882080078,39.71968078613281,30.006799697875977,27.236087799072266,24.345901489257812
465000,475001,17,9,252,199,1,34530.92578125,393.73431396484375,157.95095825195312,104.57207489013672,76.876220703125,65.08519744873047,54.99945831298828,51.283145904541016,46.9965934753418,42.15391159057617,33.40365219116211,31.97507667541504,30.418781280517578,27.06501579284668,24.774744033813477,23.844755172729492,23.46151351928711,25157.505859375,206.88125610351562,93.10906219482422,56.45615005493164,49.225364685058594,41.13391876220703,32.27675247192383,27.7005672454834,24.41136360168457
470000,480001,17,9,253,190,0,34968.0234375,344.54736328125,146.60690307617188,98.15762329101562,75.86570739746094,63.854549407958984,54.40113067626953,45.256202697753906,41.620601654052734,38.587249755859375,36.532554626464844,31.391864776611328,29.651512145996094,27.24475860595703,25.700475692749023,24.79388427734375,22.587886810302734,25466.34375,172.48524475097656,78.62847900390625,57.75764083862305,41.87287521362305,37.169681549072266,32.04023361206055,30.3973331451416,25.019357681274414
470000,480001,17,9,253,190,1,34969.82421875,345.9182434082031,147.00486755371094,99.59835815429688,74.10369110107422,61.937744140625,55.89554977416992,51.50580978393555,49.775753021240234,38.733184814453125,35.836246490478516,33.903751373291016,31.688188552856445,29.590503692626953,28.369327545166016,24.675548553466797,23.392423629760742,25466.916015625,173.031005859375,77.60997009277344,56.50519561767578,43.757781982421875,40.637367248535156,32.01956558227539,29.711532592773438,27.431798934936523
475000,485001,17,9,255,205,0,34519.5,381.4863586425781,173.31480407714844,101.5357437133789,73.94451904296875,64.03955078125,55.12431335449219,49.99422073364258,47.20574951171875,41.261436462402344,33.86131286621094,31.763521194458008,29.61713218688965,27.962127685546875,26.948305130004883,26.065528869628906,24.09438133239746,25150.6015625,176.76641845703125,75.72926330566406,57.83018112182617,47.109901428222656,41.353858947753906,31.698579788208008,27.798263549804688,24.992021560668945
475000,485001,17,9,255,205,1,34513.48046875,378.1992492675781,174.5352325439453,98.8417739868164,71.7445068359375,63.2662353515625,53.62651824951172,48.90012741088867,47.573448181152344,41.17961883544922,36.13317108154297,32.43415069580078,31.274003982543945,28.76613426208496,25.927980422973633,24.515796661376953,23.687257766723633,25145.5390625,174.3512725830078,73.41307067871094,57.35675048828125,46.79777908325195,37.18333435058594,29.83700180053711,27.508840560913086,25.267728805541992
480000,490001,17,9,250,203,0,34954.96484375,297.8649597167969,144.51547241210938,99.96389770507812,80.27503204345703,59.565608978271484,54.939247131347656,51.378910064697266,46.90769577026367,40.75140380859375,35.82464599609375,33.50006866455078,31.754180908203125,29.304964065551758,27.11101531982422,25.652652740478516,23.666301727294922,25439.333984375,167.49183654785156,82.32161712646484,57.224082946777344,49.179561614990234,39.6293830871582,32.19407272338867,30.114126205444336,26.751651763916016
480000,490001,17,9,250,203,1,34959.2578125,295.5735168457031,149.15097045898438,102.740966796875,81.79075622558594,60.897865295410156,52.46692657470703,50.71486282348633,46.12114334106445,38.7304573059082,35.18416213989258,32.77667236328125,31.787870407104492,30.81085777282715,28.356033325195312,26.108375549316406,24.448198318481445,25443.64453125,168.95193481445312,85.22547149658203,55.05263137817383,49.015625,37.284095764160156,33.41232681274414,29.411497116088867,28.22195053100586
485000,495001,17,9,252,199,0,35218.66796875,324.9731750488281,149.92990112304688,99.89622497558594,73.94478607177734,58.78849792480469,52.34506607055664,48.17816925048828,42.416664123535156,36.896705627441406,33.96519088745117,33.22200393676758,31.373777389526367,29.90877342224121,28.57666778564453,27.207324981689453,25.031991958618164,25656.376953125,171.0332794189453,79.61006927490234,53.3789176940918,46.52963638305664,35.128196716308594,32.3615608215332,30.73870277404785,27.895936965942383
485000,495001,17,9,252,199,1,35216.78515625,325.2904357910156,144.30601501464844,100.76886749267578,73.77369689941406,61.62067413330078,48.85540008544922,45.771827697753906,40.48469543457031,33.63346481323242,31.20983123779297,30.593259811401367,28.58908462524414,28.079206466674805,26.692211151123047,26.266572952270508,24.355403900146484,25654.501953125,168.35069274902344,78.48856353759766,52.3897819519043,42.27570343017578,31.030227661132812,30.112472534179688,27.23174285888672,25.326648712158203
490000,500001,17,9,253,199,0,35333.78125,326.529541015625,194.05259704589844,110.39823150634766,83.80148315429688,76.33775329589844,55.651851654052734,51.68581008911133,46.070186614990234,43.4851188659668,39.73970413208008,35.3571662902832,30.464954376220703,28.588417053222656,27.625041961669922,25.996639251708984,25.4705867767334,25724.095703125,163.16314697265625,81.63182067871094,65.80522918701172,44.817283630371094,40.38782501220703,31.19895362854004,28.056604385375977,27.754592895507812
490000,500001,17,9,253,199,1,35325.9296875,317.59625244140625,194.0540771484375,109.64111328125,85.34147644042969,78.49311065673828,55.74335861206055,50.961326599121094,47.63185501098633,44.064849853515625,41.97365188598633,33.37525939941406,31.68769645690918,29.029409408569336,27.619327545166016,26.575334548950195,25.00445556640625,25718.421875,163.72976684570312,83.67269897460938,66.57247924804688,45.965118408203125,42.59183120727539,29.851716995239258,27.52134132385254,26.603979110717773
495000,505001,17,9,252,198,0,35311.4921875,421.44146728515625,151.88812255859375,92.15536499023438,84.86770629882812,66.10438537597656,57.02002716064453,51.5295295715332,46.97835159301758,42.39775085449219,37.64376449584961,33.53850555419922,32.42128372192383,32.26707458496094,28.405012130737305,26.794334411621094,25.110443115234375,25692.8515625,178.24635314941406,80.38827514648438,60.48700714111328,45.884315490722656,38.00640106201172,34.48021697998047,29.070104598999023,27.5438232421875
495000,505001,17,9,252,198,1,35293.10546875,419.54156494140625,149.5730438232422,91.70578002929688,86.09256744384766,62.5224494934082,55.19866943359375,48.58163833618164,45.742000579833984,41.459617614746094,38.49018096923828,34.64495086669922,32.99222183227539,29.927949905395508,27.933454513549805,26.44736671447754,24.424240112304688,25677.861328125,172.07870483398438,82.96294403076172,58.79347229003906,44.664981842041016,40.02998733520508,31.850826263427734,31.483644485473633,26.25202178955078
500000,510001,17,9,252,197,0,35364.67578125,464.04766845703125,174.59669494628906,104.55696868896484,83.65619659423828,69.80500030517578,54.935794830322266,49.613792419433594,44.181922912597656,42.764251708984375,36.02239990234375,33.813289642333984,33.14776611328125,31.711673736572266,27.957969665527344,26.77115249633789,23.871627807617188,25720.576171875,214.64205932617188,94.0421371459961,59.79020309448242,47.51731491088867,40.412113189697266,35.985076904296875,31.436927795410156,27.928260803222656
500000,510001,17,9,252,197,1,35393.82421875,464.45361328125,175.91024780273438,106.24541473388672,84.2521743774414,69.2973403930664,54.07619857788086,52.9559326171875,44.260169982910156,41.87763595581055,37.28954315185547,32.93201446533203,31.194805145263672,30.3553466796875,28.937786102294922,27.6793155670166,23.87894630432129,25740.48828125,209.6006622314453,101.31309509277344,61.28468322753906,49.64957809448242,40.76242446899414,36.308013916015625,30.941648483276367,29.492212295532227
505000,515001,17,9,247,195,0,34739.85546875,320.4503479003906,148.1133575439453,96.9076919555664,70.05589294433594,58.71112823486328,49.65060806274414,47.53923034667969,41.376487731933594,40.2109260559082,32.888092041015625,31.682416915893555,29.05213737487793,26.283859252929688,25.74485206604004,22.063148498535156,21.83477783203125,25308.294921875,151.7542724609375,64.0562973022461,51.8748893737793,41.65107345581055,36.14229965209961,28.98444175720215,26.058818817138672,22.279476165771484
505000,515001,17,9,247,195,1,34717.36328125,321.20086669921875,148.6634063720703,94.43267822265625,73.82353973388672,61.42410659790039,52.14498519897461,46.43421173095703,41.491432189941406,39.58841323852539,36.03346633911133,32.28693389892578,28.742076873779297,26.74054527282715,24.36214828491211,23.14649772644043,21.91408348083496,25293.37109375,150.13662719726562,66.97483825683594,50.7086067199707,41.434043884277344,38.02902603149414,28.274120330810547,25.852066040039062,23.17708969116211
510000,520001,17,9,251,199,0,34950.76953125,354.14117431640625,149.1797637939453,99.84112548828125,76.36058807373047,58.271854400634766,49.83463668823242,46.980186462402344,45.863731384277344,37.99756622314453,34.85926055908203,33.30563735961914,30.786893844604492,29.192066192626953,27.928518295288086,26.109325408935547,25.021860122680664,25480.9296875,159.77072143554688,75.25926971435547,52.245731353759766,44.3299446105957,36.72154235839844,31.443674087524414,28.539216995239258,27.55301856994629
510000,520001,17,9,251,199,1,34933.984375,356.5479431152344,149.67877197265625,100.02572631835938,82.79977416992188,60.48036575317383,52.11909866333008,46.5468635559082,44.14040756225586,41.81547546386719,40.34112548828125,33.69265365600586,32.21021270751953,29.161611557006836,27.807466506958008,26.188051223754883,24.66107177734375,25468.140625,159.60195922851562,79.25188446044922,53.79520797729492,45.005218505859375,36.173160552978516,32.45981979370117,31.666194915771484,26.871755599975586
515000,525001,17,9,254,200,0,35553.55078125,374.6845703125,174.1850128173828,114.2225341796875,70.36490631103516,59.03230285644531,57.74428939819336,46.399658203125,42.80579376220703,37.60282516479492,33.896697998046875,32.0390739440918,30.187776565551758,27.032779693603516,25.107053756713867,23.98837661743164,22.376205444335938,25884.76171875,206.91024780273438,88.44922637939453,56.898101806640625,46.7269287109375,37.178367614746094,33.34026336669922,28.286338806152344,25.826704025268555
515000,525001,17,9,254,200,1,35547.23046875,374.67694091796875,172.1533203125,116.0709228515625,73.45555114746094,64.27137756347656,55.76649475097656,45.11466598510742,44.10057067871094,37.92835998535156,33.1026496887207,31.30792236328125,29.032089233398438,28.638917922973633,25.91617774963379,25.74492645263672,22.45850372314453,25881.75390625,205.8379669189453,87.4551010131836,59.95000076293945,46.043365478515625,37.7921257019043,31.402952194213867,30.36564826965332,27.970802307128906
520000,530001,17,9,251,190,0,36005.80078125,312.93853759765625,150.72430419921875,95.75953674316406,71.1666030883789,60.92188262939453,58.30834197998047,56.23930358886719,46.93149948120117,40.99700927734375,34.99203872680664,32.703216552734375,29.196575164794922,26.139610290527344,25.058202743530273,23.816730499267578,23.079870223999023,26224.337890625,158.50662231445312,77.8882064819336,56.03486251831055,50.4135856628418,38.66446304321289,32.2891845703125,26.644044876098633,24.201026916503906
520000,530001,17,9,251,190,1,35993.90625,316.3419189453125,153.07003784179688,100.55207061767578,72.60008239746094,60.04777908325195,53.24161911010742,49.50192642211914,46.28665542602539,43.076148986816406,32.32927703857422,31.894962310791016,28.965587615966797,26.326961517333984,26.074752807617188,24.95599937438965,23.652000427246094,26214.61328125,160.96482849121094,82.8570327758789,54.20122146606445,44.727630615234375,36.7407341003418,30.012298583984375,28.09119987487793,25.532087326049805
525000,535001,17,9,252,205,0,36027.0859375,400.07244873046875,177.82998657226562,111.22136688232422,83.40841674804688,66.79173278808594,53.43761444091797,51.119956970214844,46.96110153198242,43.85490417480469,38.24080276489258,34.09209060668945,33.02631378173828,30.85097312927246,28.902538299560547,27.205759048461914,25.081193923950195,26235.458984375,188.8203582763672,94.546875,60.12643814086914,47.924232482910156,44.367252349853516,31.09642219543457,29.80975341796875,27.958627700805664
525000,535001,17,9,252,205,1,36028.05859375,401.8394775390625,177.81329345703125,115.9964828491211,84.9079818725586,65.89237213134766,55.14581298828125,50.688533782958984,45.98339080810547,42.06536102294922,39.32691192626953,33.469661712646484,32.12846755981445,32.027645111083984,26.81489372253418,25.91746711730957,25.02324104309082,26237.890625,192.2115936279297,92.72657775878906,61.12535095214844,46.58127212524414,44.16153335571289,33.110687255859375,32.01954650878906,26.878503799438477
530000,540001,17,9,254,199,0,36053.45703125,307.52685546875,148.83859252929688,91.63573455810547,71.00408172607422,61.32462692260742,53.85966110229492,51.62560272216797,44.76797866821289,39.32541275024414,33.424373626708984,32.104209899902344,31.503198623657227,29.44039535522461,26.98277473449707,26.059602737426758,23.16497802734375,26266.3515625,157.21295166015625,81.08747100830078,57.9494743347168,43.787322998046875,36.79267883300781,32.07605743408203,30.022348403930664,26.315534591674805
530000,540001,17,9,254,199,1,36059.0625,308.8288269042969,145.32786560058594,95.5880126953125,67.87924194335938,59.2524299621582,52.53727340698242,51.91304016113281,48.05498123168945,41.987083435058594,33.32798385620117,31.431861877441406,30.900659561157227,29.99380111694336,29.38596534729004,27.842138290405273,26.052858352661133,26271.19140625,158.13449096679688,81.1838150024414,55.14854049682617,46.37428283691406,37.20366287231445,31.6558837890625,29.88036346435547,27.717531204223633
535000,545001,17,9,249,197,0,35391.55859375,318.27032470703125,159.09046936035156,102.38194274902344,72.1408920288086,54.690330505371094,48.745059967041016,46.56195831298828,41.6751594543457,35.82999038696289,33.123191833496094,32.7286376953125,29.552480697631836,28.00154685974121,26.27437400817871,24.595226287841797,23.232784271240234,25796.080078125,156.19776916503906,74.61377716064453,48.90776824951172,42.19038009643555,34.294769287109375,29.746652603149414,28.927810668945312,23.815471649169922
535000,545001,17,9,249,197,1,35377.19140625,316.28436279296875,161.09291076660156,104.14022064208984,75.6738510131836,56.15107727050781,52.06189727783203,47.55668640136719,43.1894416809082,38.06821060180664,35.004417419433594,31.95148468017578,30.572599411010742,28.108505249023438,25.95928955078125,24.6076717376709,23.16792869567871,25786.17578125,160.93186950683594,75.18617248535156,51.614681243896484,41.6074104309082,37.47325897216797,31.085952758789062,26.851285934448242,23.78297233581543
540000,550001,17,9,252,207,0,35683.17578125,307.3433837890625,149.7266387939453,101.0729751586914,73.69567108154297,60.1534423828125,52.106300354003906,50.022071838378906,44.703067779541016,41.04299545288086,35.36102294921875,33.28754425048828,31.499792098999023,30.905668258666992,29.221189498901367,27.80843162536621,26.101545333862305,25985.4921875,149.21726989746094,80.16551971435547,51.76984786987305,46.868316650390625,37.447872161865234,33.73250198364258,31.3277645111084,28.029726028442383
540000,550001,17,9,252,207,1,35690.4453125,310.14617919921875,147.274658203125,97.20108795166016,74.14396667480469,62.579559326171875,51.93426513671875,50.280914306640625,46.24465560913086,40.19537353515625,33.06502914428711,32.29396057128906,30.159912109375,28.38387680053711,27.935850143432617,26.45233917236328,25.031084060668945,25992.0546875,146.75108337402344,80.07876586914062,53.091957092285156,45.86037063598633,35.02165603637695,32.20085906982422,29.91889762878418,27.957157135009766
545000,555001,17,9,254,209,0,36195.3984375,340.2057189941406,139.91683959960938,103.37163543701172,74.97391510009766,61.894798278808594,46.83096694946289,43.97015380859375,43.049259185791016,38.622676849365234,38.17964553833008,34.26210021972656,32.92110061645508,29.438323974609375,26.093687057495117,25.34377098083496,24.524951934814453,26374.56640625,173.6005401611328,86.48893737792969,51.20556640625,46.04747772216797,39.725074768066406,34.37247848510742,31.229555130004883,26.111482620239258
545000,555001,17,9,254,209,1,36217.12890625,337.3405456542969,137.1402130126953,99.05284881591797,71.4854507446289,61.41057586669922,47.99379348754883,44.879737854003906,42.3160514831543,38.31283950805664,34.555572509765625,33.828739166259766,30.514074325561523,29.475866317749023,26.625133514404297,26.323701858520508,23.68880271911621,26390.00390625,169.56578063964844,85.48053741455078,52.47367477416992,43.360076904296875,41.154178619384766,33.79262924194336,31.143251419067383,27.890880584716797
550000,560001,17,9,254,208,0,36678.65625,341.3499755859375,156.6866912841797,114.97465515136719,75.8310546875,66.45687103271484,54.20824432373047,46.88440704345703,43.01032257080078,41.154693603515625,34.24272537231445,34.066139221191406,31.34880828857422,29.78813362121582,27.152006149291992,26.597593307495117,25.715930938720703,26718.916015625,162.91775512695312,88.2328872680664,59.38933563232422,42.81409454345703,37.53836441040039,31.290433883666992,30.167680740356445,28.215133666992188
550000,560001,17,9,254,208,1,36669.83203125,343.845458984375,158.61866760253906,117.46592712402344,75.76093292236328,63.60056686401367,54.87779998779297,46.90047836303711,44.519351959228516,38.78312301635742,35.23598098754883,32.76953125,31.37360954284668,28.313385009765625,25.764236450195312,25.499788284301758,23.49120330810547,26712.8828125,168.23390197753906,88.68525695800781,58.23438262939453,46.271331787109375,39.12260437011719,31.635231018066406,27.877391815185547,24.12246322631836
555000,565001,17,9,252,208,0,35743.87890625,670.0079345703125,181.0549774169922,112.4305648803711,89.92362976074219,77.72508239746094,60.44978332519531,49.721595764160156,45.20493698120117,42.19075393676758,34.7908935546875,33.841575622558594,31.565502166748047,30.57663917541504,28.617002487182617,26.771202087402344,24.8962345123291,26040.427734375,226.4229736328125,96.10055541992188,66.92108154296875,47.50474548339844,41.7636833190918,35.450782775878906,31.42140007019043,27.269466400146484
555000,565001,17,9,252,208,1,35736.86328125,668.9259033203125,179.64793395996094,110.20222473144531,85.19027709960938,73.96978759765625,55.10353469848633,53.83372497558594,46.825225830078125,40.4259147644043,39.11266326904297,35.571537017822266,32.5435905456543,31.363481521606445,27.45920181274414,26.050708770751953,25.744325637817383,26035.10546875,218.0580596923828,98.78498840332031,63.736785888671875,48.79934310913086,42.6271858215332,36.84943771362305,32.61359405517578,27.735416412353516
560000,570001,17,9,252,198,0,36604.3046875,357.51995849609375,123.52252197265625,96.73979949951172,72.00777435302734,59.417903900146484,47.288272857666016,40.671783447265625,38.69940185546875,36.64357376098633,30.274621963500977,28.54494857788086,27.911651611328125,25.836957931518555,23.754261016845703,23.460107803344727,19.763212203979492,26679.681640625,154.11663818359375,75.99805450439453,47.147666931152344,41.54951858520508,33.25623321533203,28.3936824798584,26.99860382080078,23.900543212890625
560000,570001,17,9,252,198,1,36611.7890625,356.56658935546875,124.45960998535156,94.94062042236328,68.66759490966797,54.7967529296875,49.58091354370117,40.78726577758789,39.43076705932617,33.81846618652344,30.104726791381836,29.597686767578125,27.7183780670166,26.91512680053711,24.386877059936523,22.991788864135742,20.707427978515625,26684.833984375,151.4256134033203,71.59268951416016,49.0042610168457,40.40920639038086,30.846485137939453,29.97760772705078,25.945030212402344,24.901050567626953
565000,575001,17,9,251,201,0,36572.10546875,324.02618408203125,149.8255615234375,90.36557006835938,71.4245834350586,68.29813385009766,52.827911376953125,48.22942352294922,42.35712432861328,40.60454559326172,37.11427307128906,32.022613525390625,30.8682861328125,29.897903442382812,29.353071212768555,26.95789909362793,25.48545265197754,26648.365234375,162.95391845703125,73.66541290283203,55.275081634521484,46.77902603149414,37.08904266357422,32.17388153076172,30.131832122802734,27.646900177001953
565000,575001,17,9,251,201,1,36556.25390625,325.8709716796875,149.31883239746094,89.75972747802734,69.949951171875,67.138916015625,54.92367172241211,48.03001403808594,41.27259063720703,38.86073303222656,37.640464782714844,33.63957977294922,31.377939224243164,30.070899963378906,28.21103858947754,26.287322998046875,25.276939392089844,26635.65234375,163.8335418701172,71.3224868774414,58.157798767089844,47.80936813354492,37.64381408691406,32.65087127685547,30.246063232421875,26.676422119140625
570000,580001,17,9,251,208,0,36635.87890625,421.8421325683594,142.86012268066406,99.83747100830078,81.46133422851562,74.58827209472656,69.55264282226562,56.98546600341797,54.55120849609375,44.01180648803711,38.80698776245117,33.682125091552734,31.38955307006836,29.32719612121582,27.772138595581055,25.237380981445312,24.35763168334961,26683.853515625,166.3549346923828,76.67325592041016,65.5087661743164,60.796836853027344,42.86710739135742,33.5641975402832,30.84851837158203,27.171274185180664
570000,580001,17,9,251,208,1,36638.40234375,421.6568908691406,139.45770263671875,100.39733123779297,83.90233612060547,77.0353775024414,68.18418884277344,56.10826110839844,52.875091552734375,44.1176872253418,38.73613739013672,32.520389556884766,29.332069396972656,27.339935302734375,26.33243751525879,25.001220703125,22.79038429260254,26685.45703125,167.2897491455078,77.7784194946289,67.71161651611328,60.1676139831543,43.91493606567383,31.056428909301758,28.209325790405273,25.218904495239258
575000,585001,17,9,251,207,0,36641.6875,389.25701904296875,149.5042266845703,88.66073608398438,80.03459930419922,64.9306869506836,49.29950714111328,45.728477478027344,42.226776123046875,39.25434875488281,32.55710983276367,29.84934425354004,29.5942440032959,27.395395278930664,24.970239639282227,24.018796920776367,21.477191925048828,26669.0625,198.00462341308594,77.50753021240234,57.263370513916016,42.52044677734375,38.48933029174805,30.5209903717041,27.1130428314209,25.779016494750977
575000,585001,17,9,251,207,1,36641.64453125,391.2685852050781,147.42849731445312,89.25951385498047,82.04315185546875,64.99473571777344,49.3479118347168,45.692405700683594,44.21079635620117,40.478458404541016,33.760807037353516,30.086345672607422,29.412099838256836,27.405202865600586,25.61501121520996,24.33649253845215,22.375030517578125,26668.97265625,198.07571411132812,78.8196029663086,55.9480094909668,43.06785583496094,38.414100646972656,29.599395751953125,26.337989807128906,25.008888244628906
580000,590001,17,9,253,203,0,37015.828125,313.6929626464844,132.59959411621094,86.81543731689453,69.18201446533203,56.380455017089844,46.016727447509766,45.36589813232422,41.53601837158203,37.875160217285156,35.660091400146484,33.91747283935547,30.548677444458008,29.385221481323242,27.446720123291016,25.707120895385742,23.58199119567871,26969.853515625,156.24252319335938,70.91129302978516,49.8160285949707,40.6261100769043,35.49589538574219,32.54936218261719,28.718730926513672,27.12206268310547
580000,590001,17,9,253,203,1,37016.5078125,312.220703125,131.67282104492188,89.4822998046875,68.99691009521484,57.70723342895508,47.45498275756836,44.89384460449219,40.40412139892578,37.360618591308594,34.814659118652344,31.752880096435547,30.730743408203125,27.59408187866211,27.131181716918945,26.512046813964844,25.642772674560547,26970.103515625,156.71482849121094,70.6061019897461,52.759765625,41.35310745239258,34.517189025878906,30.78536605834961,29.569162368774414,28.771379470825195
585000,595001,17,9,250,206,0,37000.203125,428.6934814453125,179.4880828857422,90.28152465820312,78.54374694824219,63.804718017578125,52.953208923339844,47.50143814086914,44.7160758972168,40.0473518371582,35.767513275146484,31.41576385498047,29.127676010131836,28.999603271484375,28.574642181396484,27.5106201171875,25.50743865966797,26923.318359375,194.48660278320312,82.18384552001953,57.49338912963867,48.61343765258789,40.802947998046875,32.10805130004883,31.361623764038086,28.570798873901367
585000,595001,17,9,250,206,1,36998.5546875,429.5601806640625,177.2858123779297,88.12696838378906,79.27393341064453,66.85798645019531,56.555381774902344,51.49888610839844,48.682437896728516,39.75995635986328,35.82333755493164,31.651609420776367,30.343074798583984,29.365427017211914,25.83544158935547,25.610265731811523,24.258798599243164,26922.6015625,192.5072784423828,82.39033508300781,66.28556060791016,51.17043685913086,43.346534729003906,30.452672958374023,28.466646194458008,26.79861831665039
590000,600001,17,9,251,208,0,36853.7734375,336.11236572265625,145.5563507080078,89.95225524902344,76.02938842773438,63.39147186279297,50.69388961791992,42.75300979614258,40.33667755126953,35.88391876220703,32.757747650146484,30.522668838500977,29.254533767700195,27.421091079711914,26.543758392333984,23.86125373840332,22.719892501831055,26855.24609375,166.67218017578125,72.77304077148438,54.98693084716797,36.598201751708984,35.059207916259766,28.836240768432617,26.36564064025879,24.277128219604492
590000,600001,17,9,251,208,1,36858.1640625,335.20892333984375,145.96197509765625,90.42432403564453,72.7629165649414,59.17610168457031,50.55418395996094,44.61261749267578,38.542972564697266,33.175132751464844,31.593812942504883,30.448633193969727,27.84292984008789,27.01507568359375,26.329679489135742,23.515399932861328,21.541227340698242,26857.96875,165.86483764648438,73.87593078613281,52.46165466308594,34.81562042236328,33.833778381347656,28.02297592163086,26.739377975463867,22.373811721801758
595000,605001,17,9,248,203,0,36274.58203125,360.08282470703125,156.33831787109375,101.90438842773438,72.16356658935547,61.28580856323242,47.25141525268555,45.12151336669922,43.934471130371094,36.7263069152832,32.17157745361328,28.072940826416016,26.678476333618164,25.717866897583008,25.18290138244629,22.99232292175293,21.357501983642578,26402.607421875,183.00372314453125,92.32925415039062,56.99444580078125,43.11788558959961,36.17193603515625,27.853116989135742,26.747209548950195,23.73550796508789
595000,605001,17,9,248,203,1,36273.79296875,357.0115051269531,160.15618896484375,103.06504821777344,69.94013214111328,60.12617492675781,56.26280975341797,50.8193244934082,45.183448791503906,38.20378112792969,34.064029693603516,29.382770538330078,27.9449520111084,26.422119140625,25.166223526000977,24.20066261291504,22.51763343811035,26403.806640625,186.1527862548828,88.89116668701172,56.85659408569336,48.213905334472656,39.96331024169922,30.405296325683594,27.750085830688477,25.285444259643555
600000,610001,17,9,253,203,0,37097.21484375,373.3497314453125,149.2039031982422,96.84305572509766,77.64019012451172,61.49266815185547,53.71226501464844,44.25928497314453,41.6199951171875,37.89467239379883,34.80970001220703,32.41214370727539,30.745616912841797,28.37091064453125,26.97072982788086,25.17472267150879,21.20924186706543,26995.751953125,179.71792602539062,86.66648864746094,53.82685470581055,44.12806701660156,39.29149627685547,34.554866790771484,28.803260803222656,27.133464813232422
600000,610001,17,9,253,203,1,37111.09765625,376.3311462402344,148.9083709716797,98.98724365234375,73.3713607788086,62.1275634765625,56.35667419433594,47.34660720825195,40.989349365234375,39.81394958496094,34.731075286865234,30.214698791503906,29.49337387084961,28.070438385009766,27.000770568847656,23.581472396850586,23.327714920043945,27004.71875,177.5172576904297,81.50257110595703,53.2059211730957,44.20265579223633,38.588844299316406,31.305339813232422,30.330228805541992,24.526531219482422
605000,615001,17,9,253,204,0,37499.421875,296.7759094238281,132.03884887695312,85.83424377441406,63.46781539916992,58.810035705566406,56.704715728759766,48.15211486816406,43.317195892333984,40.225337982177734,34.06343078613281,29.31096839904785,27.51473617553711,25.07417106628418,24.519744873046875,23.129674911499023,20.8233642578125,27329.74609375,146.85887145996094,66.16242980957031,52.01629638671875,48.67816162109375,38.139060974121094,29.2025089263916,24.90342903137207,22.88674545288086
605000,615001,17,9,253,204,1,37525.0234375,300.0557556152344,132.16064453125,88.09527587890625,61.38877487182617,58.408992767333984,55.05758285522461,50.79139709472656,43.691505432128906,39.27201461791992,33.36088180541992,31.840538024902344,27.353639602661133,25.924835205078125,24.40909194946289,23.136489868164062,22.13725471496582,27349.572265625,146.8286895751953,66.72978210449219,52.66069030761719,49.47404479980469,39.80137252807617,28.112722396850586,25.648279190063477,24.53373146057129
610000,620001,17,9,254,208,0,37498.15234375,355.5831298828125,174.69393920898438,99.6927490234375,83.44815826416016,70.868896484375,62.161556243896484,55.812137603759766,54.43634796142578,43.62081527709961,34.066280364990234,32.04553985595703,28.727293014526367,26.824228286743164,25.125314712524414,24.509363174438477,22.8065128326416,27323.1171875,176.56748962402344,82.4154281616211,62.72945022583008,52.898197174072266,41.39045715332031,32.95512390136719,28.00074577331543,25.776065826416016
610000,620001,17,9,254,208,1,37517.078125,354.4682922363281,166.29908752441406,99.04917907714844,77.92561340332031,66.41481018066406,63.184844970703125,56.38497543334961,52.68595886230469,43.35951232910156,35.14760208129883,32.169525146484375,29.970069885253906,28.715959548950195,28.12160873413086,26.554691314697266,23.78298568725586,27337.728515625,171.28076171875,80.23106384277344,61.283416748046875,54.115116119384766,40.75416564941406,34.887210845947266,30.307785034179688,26.627721786499023
615000,625001,17,9,252,208,0,37329.890625,547.0233764648438,129.45587158203125,97.64762878417969,72.7875747680664,59.41909408569336,48.914276123046875,45.35923385620117,39.3403205871582,38.072792053222656,33.62358093261719,31.302461624145508,30.811431884765625,28.999147415161133,27.07306671142578,25.591575622558594,24.372201919555664,27174.8125,201.36355590820312,82.30087280273438,53.57270431518555,43.120880126953125,36.3330078125,32.87712860107422,30.17673683166504,27.776599884033203
615000,625001,17,9,252,208,1,37351.9375,543.3155517578125,129.0241241455078,99.02377319335938,77.17369842529297,62.616355895996094,52.033485412597656,50.91395950317383,47.187767028808594,41.665889739990234,36.0129508972168,33.4416618347168,32.129241943359375,29.622831344604492,28.06172752380371,26.82126235961914,25.210922241210938,27190.685546875,200.4524688720703,84.01455688476562,57.434295654296875,45.934120178222656,43.23574447631836,35.3399772644043,29.627151489257812,28.44232940673828
620000,630001,17,9,252,209,0,37176.05078125,313.6912841796875,149.51248168945312,94.07360076904297,69.38835144042969,59.05931854248047,55.141048431396484,51.944847106933594,50.312870025634766,39.81723403930664,35.44169616699219,34.100242614746094,32.85911560058594,29.330886840820312,28.01836395263672,27.34139060974121,24.446840286254883,27071.890625,153.9093780517578,76.79302215576172,56.69243240356445,45.42556381225586,36.110511779785156,32.76502227783203,30.52692222595215,28.16716957092285
620000,630001,17,9,252,209,1,37178.296875,311.88482666015625,146.33575439453125,94.35340881347656,73.16159057617188,58.45792770385742,54.87211990356445,51.21567153930664,47.119503021240234,39.00951385498047,35.626983642578125,34.5932731628418,31.590513229370117,29.679964065551758,28.34429931640625,27.68788719177246,26.452943801879883,27075.419921875,152.55111694335938,77.06441497802734,53.030826568603516,45.184749603271484,37.56156539916992,35.696956634521484,31.70499038696289,27.565488815307617
625000,635001,17,9,252,217,0,37308.31640625,324.67431640625,142.5769500732422,105.32162475585938,72.81681823730469,69.60372161865234,58.611915588378906,55.53441619873047,50.726409912109375,43.856624603271484,38.50922775268555,36.20009231567383,34.29969787597656,30.425321578979492,29.777484893798828,27.585969924926758,26.679855346679688,27172.52734375,156.89883422851562,77.64762878417969,60.4307975769043,52.09790802001953,42.11273956298828,35.85215759277344,31.10762596130371,29.26283073425293
625000,635001,17,9,252,217,1,37290.65234375,328.2711486816406,144.76333618164062,106.62840270996094,76.82103729248047,73.33329010009766,67.99032592773438,65.2983169555664,50.08750534057617,46.37041091918945,36.92805480957031,34.95553970336914,33.88789367675781,32.03881072998047,29.258237838745117,26.822011947631836,26.040935516357422,27158.650390625,160.36351013183594,78.56977081298828,63.133506774902344,58.04063415527344,46.85609436035156,35.54097366333008,31.55177879333496,29.236650466918945
630000,640001,17,9,253,213,0,37711.0078125,701.7244873046875,147.63084411621094,112.19064331054688,79.77660369873047,67.50029754638672,58.650787353515625,50.635398864746094,44.941280364990234,41.5006217956543,39.86104202270508,31.435510635375977,29.831029891967773,28.205503463745117,26.424930572509766,24.3895320892334,22.80592918395996,27450.7734375,292.0252990722656,110.45329284667969,61.649654388427734,50.2634391784668,42.90449523925781,35.20206069946289,29.063533782958984,25.042882919311523
630000,640001,17,9,253,213,1,37699.015625,699.4940795898438,140.14707946777344,112.49815368652344,80.17326354980469,69.19316864013672,54.538818359375,50.74657440185547,47.434112548828125,45.01844024658203,39.39518356323242,33.6907844543457,31.157690048217773,30.196989059448242,27.350528717041016,26.81138038635254,24.53499412536621,27442.23046875,298.5538330078125,106.91519165039062,64.41446685791016,48.721126556396484,43.31587600708008,31.451160430908203,30.59819221496582,27.845657348632812
635000,645001,17,9,250,212,0,37441.29296875,350.3318176269531,154.6422119140625,91.4850082397461,76.94132232666016,62.6589241027832,50.85048294067383,45.80796432495117,38.627952575683594,38.274959564208984,33.999664306640625,32.899574279785156,31.298274993896484,29.634788513183594,27.346071243286133,25.48360252380371,24.33437156677246,27293.462890625,168.34715270996094,85.6307373046875,53.89027786254883,43.557098388671875,35.10243225097656,34.901187896728516,27.494482040405273,25.98317527770996
635000,645001,17,9,250,212,1,37453.984375,354.6826171875,151.45849609375,88.96597290039062,75.7061538696289,58.70296859741211,49.91785430908203,44.09023666381836,36.42872619628906,33.37639236450195,31.999174118041992,31.428918838500977,28.535219192504883,27.638004302978516,26.255090713500977,24.54262924194336,22.25083351135254,27301.69921875,165.5974578857422,81.65235137939453,52.380592346191406,39.883872985839844,32.961647033691406,31.190418243408203,27.81659507751465,23.355010986328125
640000,650001,17,9,253,205,0,37095.484375,355.5606994628906,163.38287353515625,94.56180572509766,77.32720184326172,60.84675598144531,46.11885070800781,42.724754333496094,39.292335510253906,35.82133865356445,32.29015350341797,29.72696304321289,29.197593688964844,27.974111557006836,26.95469093322754,26.17711067199707,22.71514892578125,27023.421875,186.18850708007812,80.02371215820312,53.6425666809082,41.26941680908203,35.60643768310547,32.313568115234375,27.93187141418457,26.548757553100586
640000,650001,17,9,253,205,1,37106.390625,357.71990966796875,162.5423583984375,94.12239074707031,81.63054656982422,61.4066047668457,49.88440704345703,42.291282653808594,39.888343811035156,37.53800582885742,32.8357048034668,31.142627716064453,29.375818252563477,27.792224884033203,26.272001266479492,24.478797912597656,21.17913246154785,27031.66015625,181.57835388183594,84.36262512207031,55.1554069519043,42.441253662109375,34.76676559448242,32.11602020263672,30.14375114440918,25.596895217895508
645000,655001,17,9,255,214,0,37762.0625,345.1629943847656,151.73831176757812,93.5783920288086,70.54759216308594,62.29109191894531,50.325050354003906,42.743492126464844,39.990394592285156,37.4750862121582,32.016605377197266,30.59748649597168,28.196495056152344,26.62445831298828,24.16724967956543,23.590702056884766,22.838314056396484,27499.3984375,183.46136474609375,79.87462615966797,53.52410125732422,40.62415313720703,35.95729064941406,27.29648780822754,26.84457015991211,23.905445098876953
645000,655001,17,9,255,214,1,37757.125,340.0140075683594,152.37548828125,94.11853790283203,67.93122863769531,61.45150375366211,53.04161071777344,46.489715576171875,44.28392028808594,39.87810134887695,36.21979522705078,31.121692657470703,29.186538696289062,28.112140655517578,26.568933486938477,24.693008422851562,23.81991958618164,27495.23828125,179.16603088378906,77.76467895507812,57.50379180908203,45.695003509521484,36.410316467285156,29.12259292602539,26.5797119140625,25.153104782104492
650000,660001,17,9,251,207,0,37673.23046875,362.9263916015625,145.10015869140625,100.96833801269531,70.82958221435547,58.94510269165039,51.44467544555664,48.52442932128906,46.47304153442383,39.09941864013672,35.75923156738281,30.012704849243164,28.431182861328125,26.497764587402344,25.858287811279297,24.47759437561035,21.38374137878418,27457.716796875,170.92774963378906,78.6116714477539,55.197879791259766,48.22914505004883,37.28209686279297,30.916301727294922,26.46915054321289,25.040477752685547
650000,660001,17,9,251,207,1,37674.92578125,366.3410339355469,148.6922607421875,99.04922485351562,70.1622314453125,57.56596755981445,52.79206466674805,50.04127502441406,44.790775299072266,41.30442428588867,36.962486267089844,31.932537078857422,31.21463394165039,27.09791374206543,26.405799865722656,25.47022247314453,21.56705093383789,27459.255859375,173.3633270263672,76.36844635009766,58.470340728759766,46.6325798034668,41.083404541015625,32.91659164428711,27.545909881591797,26.197607040405273
655000,665001,17,9,253,201,0,38074.7109375,313.77294921875,151.4543914794922,105.67215728759766,74.53333282470703,65.05321502685547,56.98243713378906,48.98573684692383,45.535396575927734,38.495086669921875,36.31511306762695,30.008512496948242,29.784311294555664,27.3073787689209,25.33032989501953,24.81539535522461,24.61711311340332,27706.818359375,165.8820037841797,81.09959411621094,62.18320846557617,45.9873161315918,40.3206901550293,32.24924850463867,26.92644691467285,25.76861000061035
655000,665001,17,9,253,201,1,38059.5390625,311.6485900878906,152.89627075195312,103.9866943359375,77.03617095947266,63.69963836669922,55.96631622314453,49.23129653930664,48.8244514465332,38.8287353515625,34.12281036376953,32.679351806640625,31.35426139831543,30.49115562438965,27.93761444091797,25.978565216064453,25.195566177368164,27697.515625,167.38571166992188,78.99551391601562,61.78691101074219,47.460845947265625,41.42030334472656,33.240421295166016,28.45401382446289,26.430068969726562
660000,670001,17,9,249,206,0,36986.375,377.6288757324219,158.19009399414062,105.04295349121094,75.52706146240234,69.63034057617188,53.74596405029297,52.570472717285156,45.2991943359375,40.15385437011719,36.13677978515625,34.71544647216797,31.221378326416016,30.164209365844727,28.059431076049805,26.192541122436523,23.890859603881836,26948.935546875,188.40957641601562,78.8626708984375,57.492515563964844,48.97812271118164,39.46434020996094,33.88060760498047,28.99173355102539,25.473918914794922
660000,670001,17,9,249,206,1,36965.0703125,376.991943359375,159.08888244628906,104.57808685302734,78.94100189208984,69.32042694091797,54.8726806640625,50.33564758300781,45.7723388671875,40.384681701660156,34.259429931640625,30.827045440673828,30.58796501159668,29.104812622070312,27.37965202331543,26.447084426879883,23.65450096130371,26933.677734375,187.0237579345703,76.94270324707031,61.170555114746094,46.92713165283203,40.57929992675781,33.5924186706543,29.693294525146484,26.30284881591797
665000,675001,17,9,252,207,0,38060.39453125,339.3104248046875,167.7731475830078,109.34400939941406,70.56746673583984,67.8695068359375,53.990806579589844,43.17664337158203,40.063968658447266,37.71220016479492,36.195945739746094,33.1008186340332,30.389970779418945,28.77797508239746,28.329431533813477,25.705337524414062,22.210647583007812,27710.033203125,169.69407653808594,76.08585357666016,59.25960922241211,42.09653091430664,34.995140075683594,31.30927085876465,29.202964782714844,27.60519027709961
665000,675001,17,9,252,207,1,38061.02734375,345.72161865234375,168.57662963867188,106.96920013427734,76.90988159179688,64.15229034423828,51.06514358520508,47.72688293457031,43.9049072265625,40.85011672973633,36.03195571899414,33.525779724121094,32.180992126464844,30.99274444580078,28.574195861816406,27.6141357421875,27.376605987548828,27710.8046875,172.0922088623047,77.64407348632812,58.70420837402344,42.8984260559082,34.82877731323242,31.896732330322266,30.197038650512695,29.4869441986084
670000,680001,17,9,251,210,0,37762.734375,370.085693359375,154.3541717529297,104.57880401611328,76.4504165649414,66.67190551757812,56.73473358154297,50.39748764038086,47.42380142211914,40.48869705200195,36.65079116821289,33.48674774169922,31.47840690612793,30.23558235168457,27.876266479492188,26.529237747192383,23.71023178100586,27500.07421875,189.6753387451172,83.18023681640625,59.67110824584961,51.29470443725586,41.20420455932617,32.259254455566406,30.28506851196289,26.293336868286133
670000,680001,17,9,251,210,1,37750.84765625,372.6157531738281,154.01736450195312,104.13591003417969,79.17398071289062,67.52289581298828,54.56092071533203,50.97135925292969,48.96379852294922,41.55756378173828,36.92377853393555,33.070411682128906,32.176387786865234,30.95768928527832,29.183456420898438,26.842851638793945,26.027212142944336,27490.599609375,189.6790008544922,85.93754577636719,62.150665283203125,49.655757904052734,39.536842346191406,34.298709869384766,28.254941940307617,27.552152633666992
675000,685001,17,9,251,210,0,37711.4765625,490.3600769042969,191.9659881591797,134.74407958984375,102.97068786621094,73.67440032958984,64.87841033935547,62.24116516113281,54.646339416503906,46.124916076660156,40.064178466796875,37.04173278808594,35.15623474121094,33.23005676269531,30.132585525512695,28.342239379882812,24.58175277709961,27451.6796875,260.148193359375,103.57061004638672,66.90971374511719,56.48036193847656,46.14177703857422,35.993839263916016,33.40589141845703,30.770278930664062
675000,685001,17,9,251,210,1,37722.61328125,492.5855407714844,193.58924865722656,139.39967346191406,94.77473449707031,71.55079650878906,64.62694549560547,55.68193435668945,50.93014907836914,43.032711029052734,41.28909683227539,38.48407745361328,32.2935676574707,31.192867279052734,29.59534454345703,26.238798141479492,25.730741500854492,27456.931640625,258.5254821777344,94.79232025146484,66.85955810546875,52.763511657714844,46.40092086791992,38.58867645263672,29.82895851135254,26.19832992553711
680000,690001,17,9,247,206,0,37636.484375,336.0947570800781,139.62924194335938,101.08917236328125,71.70780944824219,61.67844772338867,53.58537673950195,49.760498046875,46.54570770263672,39.23991394042969,37.26732635498047,33.22943115234375,32.06505584716797,30.893510818481445,30.073713302612305,26.895132064819336,24.15645980834961,27425.294921875,166.99720764160156,80.97164154052734,56.07680892944336,45.0452995300293,38.83700180053711,36.62358093261719,31.545310974121094,28.592403411865234
680000,690001,17,9,247,206,1,37631.15625,340.4075927734375,140.9642791748047,99.47225952148438,73.03810119628906,59.300514221191406,51.53916549682617,47.0706787109375,42.43096923828125,39.70701599121094,37.52211380004883,32.498416900634766,31.22173500061035,28.7152042388916,27.844161987304688,26.4150333404541,24.627357482910156,27421.8359375,165.99620056152344,81.08879852294922,54.249263763427734,46.34453582763672,36.937625885009766,33.95566177368164,29.245071411132812,28.590017318725586
685000,695001,17,9,251,217,0,38522.72265625,325.5021057128906,143.4652099609375,93.48623657226562,76.08830261230469,66.75076293945312,63.286399841308594,57.31707000732422,49.23194122314453,41.76364517211914,34.06859588623047,31.89234161376953,31.04413604736328,28.538414001464844,26.97694206237793,26.06402587890625,24.821598052978516,28057.115234375,151.79368591308594,82.84461212158203,55.743247985839844,51.92359161376953,41.485477447509766,32.38895034790039,28.120019912719727,25.983869552612305
685000,695001,17,9,251,217,1,38497.3125,330.16546630859375,139.69772338867188,92.3973617553711,78.47057342529297,57.52311706542969,54.26344680786133,50.724605560302734,43.59913635253906,39.13473892211914,35.197967529296875,30.742429733276367,27.78046989440918,27.061996459960938,25.601804733276367,24.653562545776367,23.20475959777832,28038.513671875,151.05958557128906,82.3257064819336,54.092071533203125,42.99702453613281,37.22395706176758,31.489471435546875,27.372018814086914,25.51957893371582
690000,700001,17,9,251,210,0,38062.70703125,447.75830078125,177.1119842529297,104.0689697265625,79.27017974853516,67.27877807617188,51.605064392089844,48.78720474243164,46.65019607543945,43.227943420410156,37.725948333740234,33.70697021484375,33.08249282836914,29.584171295166016,28.13107681274414,26.965147018432617,25.876365661621094,27721.90234375,215.76040649414062,81.3353500366211,54.927391052246094,48.18595504760742,38.82493209838867,35.40242004394531,30.455354690551758,28.23610496520996
690000,700001,17,9,251,210,1,38061.58984375,453.9441833496094,181.0163116455078,101.92547607421875,79.27891540527344,66.8944091796875,55.70627212524414,52.66490936279297,47.2100944519043,45.017948150634766,40.9012451171875,38.9683952331543,35.598854064941406,32.84617233276367,28.73710060119629,27.8862361907959,25.324928283691406,27720.310546875,221.42904663085938,78.55189514160156,57.15414810180664,49.109092712402344,38.98373794555664,37.72698211669922,32.94740676879883,27.265357971191406
695000,705001,17,9,251,211,0,37964.0859375,384.8965148925781,158.39076232910156,116.81671142578125,84.0609130859375,67.38611602783203,56.0401725769043,46.70668411254883,41.01823806762695,38.700965881347656,33.777671813964844,32.4373664855957,28.231224060058594,27.90969467163086,26.6016788482666,25.130645751953125,23.628847122192383,27652.875,181.48609924316406,84.03535461425781,56.575172424316406,40.62439727783203,34.91743850708008,31.355419158935547,28.172725677490234,25.0176944732666
695000,705001,17,9,251,211,1,37986.890625,383.1004333496094,154.81773376464844,117.97320556640625,80.71329498291016,71.52725982666016,55.221038818359375,51.50159454345703,42.914794921875,40.334781646728516,33.75823974609375,32.120819091796875,31.630346298217773,27.844036102294922,26.854228973388672,24.190479278564453,22.530052185058594,27669.982421875,177.57606506347656,85.2226333618164,57.764930725097656,43.25969696044922,37.03482437133789,31.957286834716797,26.407434463500977,24.37708854675293
700000,710001,17,9,253,209,0,38392.66796875,385.9487609863281,150.7093048095703,109.55962371826172,75.10665130615234,65.89580535888672,52.98081970214844,49.163333892822266,48.525360107421875,39.73606491088867,34.686344146728516,31.259071350097656,30.825977325439453,28.80629539489746,27.53411102294922,26.010446548461914,25.285491943359375,27958.23046875,197.8476104736328,84.947265625,56.80241012573242,45.59714889526367,37.13058090209961,32.72444534301758,30.348596572875977,28.12970733642578
700000,710001,17,9,253,209,1,38393.62109375,390.3966369628906,153.32763671875,108.75221252441406,72.9715576171875,63.92996597290039,52.664833068847656,48.02967834472656,44.4022102355957,39.10489273071289,35.86131286621094,31.93909454345703,30.018835067749023,27.942209243774414,26.164531707763672,25.546117782592773,25.0549373626709,27957.943359375,203.24818420410156,81.38563537597656,55.95984649658203,45.28422546386719,39.092674255371094,33.14701461791992,29.41566276550293,26.963356018066406
705000,715001,17,9,253,215,0,38804.16015625,504.7669982910156,175.6262969970703,100.88189697265625,85.06551361083984,64.3220443725586,54.68794631958008,43.41822052001953,42.40118408203125,39.579429626464844,34.296363830566406,29.64146614074707,27.98375129699707,26.662599563598633,25.8862361907959,22.922609329223633,21.426246643066406,28249.119140625,173.8791961669922,92.63471221923828,58.956947326660156,43.152034759521484,38.1535530090332,29.877086639404297,27.669361114501953,24.02544403076172
705000,715001,17,9,253,215,1,38804.1015625,491.13616943359375,175.82797241210938,97.25202941894531,85.2820816040039,64.60438537597656,52.58475875854492,47.76774215698242,42.42168426513672,39.25703811645508,33.71718978881836,31.177528381347656,28.00071144104004,27.90380859375,25.24155616760254,24.163101196289062,21.882976531982422,28247.87890625,172.79408264160156,90.28482818603516,57.61793518066406,47.40341567993164,36.32759094238281,31.323801040649414,29.546293258666992,27.09701919555664
710000,720001,17,9,253,214,0,38515.9140625,365.1391906738281,160.79519653320312,109.25642395019531,74.84625244140625,63.96824264526367,55.20526885986328,48.99575424194336,44.30508041381836,40.1707878112793,35.42715835571289,33.70201110839844,29.68216896057129,27.883684158325195,27.216754913330078,26.407960891723633,23.879793167114258,28035.396484375,183.4990234375,74.5720443725586,59.586097717285156,50.97324752807617,36.83319091796875,33.78644943237305,28.178829193115234,26.25370216369629
710000,720001,17,9,253,214,1,38525.54296875,367.2186279296875,163.20291137695312,104.62654113769531,77.96176147460938,68.34214782714844,58.54071044921875,52.449562072753906,50.287105560302734,42.66728591918945,34.13292694091797,32.109230041503906,30.988204956054688,28.77493667602539,28.266265869140625,27.425506591796875,25.92778205871582,28041.4921875,182.29298400878906,76.71709442138672,65.81497955322266,54.2867317199707,39.815101623535156,32.62624740600586,29.047706604003906,28.120849609375
715000,725001,17,9,252,212,0,38729.66796875,369.4848937988281,156.3595428466797,112.2915267944336,86.25080108642578,63.037288665771484,57.42751693725586,50.64069747924805,43.569400787353516,41.20154571533203,35.6603889465332,34.99055099487305,32.11116409301758,30.98533058166504,29.41847038269043,28.374845504760742,27.27002716064453,28194.87890625,169.5758056640625,84.25568389892578,55.81121826171875,48.62971878051758,39.10112762451172,35.11857604980469,30.404361724853516,29.163898468017578
715000,725001,17,9,252,212,1,38756.51171875,372.6938171386719,150.4246826171875,104.43600463867188,87.18315124511719,62.65377426147461,55.2108039855957,45.443946838378906,40.22614288330078,38.69997787475586,37.593997955322266,33.23666763305664,31.697328567504883,30.967283248901367,26.615283966064453,24.198863983154297,23.864030838012695,28214.28125,168.492919921875,82.21563720703125,53.88340759277344,43.520599365234375,35.65952682495117,35.17963409423828,28.043895721435547,26.090496063232422
720000,730001,17,9,252,208,0,38352.15234375,359.4464111328125,158.74365234375,115.46272277832031,79.57551574707031,66.88412475585938,51.68436813354492,47.922061920166016,45.54087448120117,39.66642761230469,33.71327209472656,31.701601028442383,30.374225616455078,29.41119384765625,27.233579635620117,26.64622688293457,24.66522979736328,27952.859375,171.5159912109375,98.71492004394531,59.52629470825195,46.16660690307617,39.02785873413086,31.680374145507812,28.189056396484375,27.134077072143555
720000,730001,17,9,252,208,1,38377.94140625,364.27392578125,156.17098999023438,109.19303894042969,77.45625305175781,62.24610900878906,50.70964050292969,47.38494873046875,43.17259216308594,37.7072868347168,32.58303451538086,30.67690658569336,29.686141967773438,29.063617706298828,26.72350311279297,25.325885772705078,24.43157196044922,27971.927734375,173.68809509277344,93.32827758789062,54.75269317626953,48.40641403198242,36.5283203125,31.197586059570312,28.597789764404297,27.025375366210938
725000,735001,17,9,250,210,0,38668.90625,527.890380859375,137.30828857421875,95.0863037109375,75.30213928222656,61.36724090576172,50.32316970825195,46.08632278442383,40.58720016479492,35.51445007324219,34.5608024597168,30.630990982055664,29.058053970336914,27.74041748046875,27.109628677368164,25.489891052246094,23.401472091674805,28164.138671875,214.6922607421875,74.13114929199219,60.24488067626953,43.07767868041992,35.40985870361328,30.38562774658203,26.199169158935547,24.046255111694336
725000,735001,17,9,250,210,1,38644.1015625,528.9632568359375,138.24111938476562,96.26542663574219,73.17711639404297,64.14320373535156,56.61785125732422,53.032100677490234,48.18783187866211,39.505550384521484,35.57726287841797,30.9379940032959,28.95855140686035,27.661081314086914,24.239402770996094,22.588220596313477,21.427631378173828,28145.734375,211.8223876953125,70.15375518798828,61.71144485473633,46.19987106323242,44.38726043701172,30.160215377807617,24.37178611755371,23.429458618164062
730000,740001,17,9,249,219,0,38443.75390625,390.3675842285156,147.54942321777344,105.93955993652344,88.6814193725586,70.63905334472656,56.021976470947266,52.774723052978516,48.43517303466797,43.00187683105469,37.11730194091797,33.974727630615234,30.080162048339844,28.85668182373047,28.476425170898438,26.722578048706055,22.72081756591797,27985.04296875,195.77818298339844,88.29132843017578,65.33844757080078,49.68880844116211,42.27459716796875,30.55331039428711,29.94337272644043,25.568592071533203
730000,740001,17,9,249,219,1,38432.640625,383.038818359375,152.03419494628906,107.44815063476562,94.62564086914062,68.4559555053711,53.37574768066406,49.65681076049805,45.46371841430664,39.99229049682617,36.40161895751953,32.98564910888672,32.212127685546875,30.71516990661621,27.788578033447266,26.626113891601562,24.554725646972656,27976.61328125,194.68460083007812,96.5551986694336,64.72184753417969,49.85401916503906,38.42974090576172,32.642330169677734,30.333288192749023,27.605140686035156
735000,745001,17,9,255,217,0,39285.0,397.3981018066406,157.9383544921875,100.8092269897461,74.72627258300781,61.25958251953125,50.4323616027832,47.79460525512695,41.789833068847656,38.87845230102539,33.06754684448242,31.187091827392578,28.815263748168945,26.09479522705078,25.818275451660156,24.516042709350586,23.07453727722168,28624.734375,200.8349609375,96.71951293945312,55.506317138671875,46.029415130615234,35.54986572265625,33.00946044921875,30.806528091430664,24.860811233520508
735000,745001,17,9,255,217,1,39275.4140625,396.10400390625,157.4275665283203,102.02672576904297,78.07296752929688,61.53609085083008,51.4189567565918,44.80704116821289,42.824337005615234,35.881446838378906,33.65685272216797,31.073650360107422,29.869766235351562,28.123699188232422,27.064197540283203,26.037012100219727,23.195350646972656,28616.091796875,195.8590850830078,100.3338623046875,54.84720993041992,45.41139602661133,36.93739318847656,31.821531295776367,29.289098739624023,26.713836669921875
740000,750001,17,9,253,206,0,38698.578125,357.4259948730469,172.49676513671875,95.0159912109375,73.19552612304688,58.9056396484375,52.28630065917969,45.98447799682617,44.06159591674805,38.79738998413086,34.741722106933594,32.116458892822266,30.179962158203125,29.666635513305664,27.337282180786133,24.77448272705078,22.303634643554688,28208.998046875,171.45684814453125,74.40440368652344,55.92996597290039,45.703697204589844,35.533321380615234,32.0880126953125,26.132835388183594,23.679929733276367
740000,750001,17,9,253,206,1,38710.890625,359.64739990234375,172.10989379882812,96.00955963134766,75.6365737915039,59.79020309448242,49.323272705078125,44.445350646972656,43.28334426879883,37.981422424316406,35.59916305541992,33.209407806396484,31.2518253326416,28.700218200683594,27.735057830810547,24.964086532592773,23.8784122467041,28216.263671875,174.05628967285156,76.17643737792969,56.64959716796875,45.264198303222656,37.007015228271484,30.214519500732422,27.22330093383789,26.30655288696289
745000,755001,17,9,249,218,0,39114.765625,304.9718017578125,161.49234008789062,100.79035186767578,72.00469207763672,66.29283142089844,52.428462982177734,49.435970306396484,47.87922668457031,39.93191146850586,34.19245529174805,31.678333282470703,29.465497970581055,27.94861602783203,26.743797302246094,24.868610382080078,22.832847595214844,28459.21484375,168.65428161621094,78.9110107421875,55.95180130004883,47.378055572509766,38.94194030761719,33.215370178222656,27.978679656982422,25.044097900390625
745000,755001,17,9,249,218,1,39117.5390625,301.89007568359375,159.40396118164062,101.17607879638672,75.77582550048828,68.09406280517578,53.84764862060547,49.87004470825195,46.969425201416016,43.431610107421875,35.99957275390625,35.09331130981445,29.809099197387695,29.365886688232422,24.88665008544922,23.662187576293945,22.007369995117188,28460.763671875,165.20541381835938,78.19222259521484,58.58628845214844,51.5926399230957,38.861083984375,30.738719940185547,29.984914779663086,24.463218688964844
750000,760001,17,9,252,214,0,39497.2578125,367.9179382324219,133.35208129882812,100.90604400634766,69.9322280883789,63.48843765258789,57.8573112487793,55.309783935546875,49.69374465942383,42.436161041259766,37.473968505859375,35.524959564208984,34.217254638671875,32.287322998046875,29.796363830566406,28.25870132446289,25.739852905273438,28771.58203125,155.09461975097656,75.63372802734375,52.53258514404297,50.77634811401367,44.77323913574219,34.39238357543945,32.65113830566406,29.155336380004883
750000,760001,17,9,252,214,1,39506.28515625,368.4814147949219,135.3963623046875,103.93472290039062,72.56198120117188,65.94172668457031,58.4095458984375,53.786277770996094,48.77943801879883,45.90629196166992,38.361244201660156,35.841209411621094,34.30829620361328,31.56485939025879,29.571720123291016,26.81572723388672,26.147851943969727,28778.634765625,155.57969665527344,77.75638580322266,54.420806884765625,51.57014083862305,43.326473236083984,36.76628494262695,31.064632415771484,27.8841552734375
755000,765001,17,9,250,214,0,39134.9609375,322.44384765625,152.48672485351562,106.61491394042969,76.53984832763672,67.64749908447266,56.650150299072266,50.75519561767578,49.705387115478516,40.45336151123047,34.8696403503418,34.49693298339844,33.2269401550293,31.82205581665039,28.4748592376709,26.864282608032227,25.18052101135254,28510.724609375,162.8748321533203,85.07223510742188,55.04705047607422,48.7275505065918,37.02457809448242,34.03242111206055,31.802474975585938,26.019672393798828
755000,765001,17,9,250,214,1,39171.7890625,320.5330810546875,154.8225860595703,104.17364501953125,72.06031799316406,66.89698028564453,58.21630859375,53.911773681640625,50.39661407470703,38.610538482666016,37.16014099121094,33.69466781616211,32.11513137817383,31.589515686035156,27.766897201538086,24.630842208862305,23.699752807617188,28536.55078125,163.66079711914062,81.60701751708984,54.6718635559082,50.15967559814453,36.68577194213867,33.150367736816406,31.934816360473633,25.024517059326172
760000,770001,17,9,253,216,0,38697.953125,357.21868896484375,149.8472900390625,108.04137420654297,76.55943298339844,64.58221435546875,55.47386169433594,52.05056381225586,48.800472259521484,40.038978576660156,36.752967834472656,34.02577590942383,31.76483154296875,29.834678649902344,29.20557975769043,25.96561050415039,25.034381866455078,28209.52734375,164.93817138671875,71.92105865478516,57.46913146972656,50.198001861572266,39.996864318847656,33.30847930908203,26.910560607910156,26.300016403198242
760000,770001,17,9,253,216,1,38679.48046875,354.2767333984375,149.8174285888672,109.96820068359375,80.72479248046875,66.14644622802734,54.62104415893555,49.22796630859375,44.5669059753418,43.20174026489258,40.27452850341797,34.135902404785156,33.34638214111328,31.309364318847656,29.60270118713379,27.598939895629883,25.994720458984375,28194.1328125,165.6782684326172,71.85968780517578,60.42266082763672,48.427921295166016,39.353294372558594,32.936256408691406,31.302091598510742,26.962804794311523
765000,775001,17,9,255,223,0,39289.61328125,352.0638427734375,177.1162109375,105.26472473144531,90.79055786132812,65.4478988647461,53.778629302978516,49.03178405761719,47.143524169921875,38.563934326171875,36.57773208618164,32.84538269042969,31.335166931152344,28.209577560424805,27.226232528686523,25.377450942993164,24.620647430419922,28603.880859375,188.85638427734375,86.27100372314453,57.31183624267578,45.418460845947266,39.043052673339844,33.44993209838867,30.32097816467285,27.44363021850586
765000,775001,17,9,255,223,1,39311.5546875,356.32098388671875,178.9947052001953,107.05999755859375,88.30728912353516,70.14183044433594,57.140541076660156,53.75922775268555,48.67583465576172,41.46989059448242,40.02134323120117,33.38326644897461,31.381555557250977,31.130542755126953,28.57058334350586,27.212417602539062,23.042173385620117,28619.658203125,192.41934204101562,86.1053237915039,61.996253967285156,51.42570877075195,40.93552780151367,33.185569763183594,30.825336456298828,29.149805068969727
770000,780001,17,9,253,216,0,39456.80859375,440.1129150390625,146.34300231933594,95.6651840209961,71.54618072509766,58.60612487792969,54.276397705078125,49.35579299926758,43.91120910644531,38.59244155883789,35.847923278808594,35.649532318115234,32.58599853515625,31.367815017700195,28.100135803222656,26.472366333007812,25.180580139160156,28764.107421875,179.11940002441406,67.5497055053711,55.06687545776367,46.190372467041016,39.008453369140625,33.630611419677734,31.47346305847168,28.75004005432129
770000,780001,17,9,253,216,1,39483.5546875,435.1101989746094,146.3212127685547,94.11740112304688,71.67948150634766,58.787071228027344,53.22666931152344,49.55643081665039,40.40634536743164,38.83470153808594,36.5914192199707,33.946678161621094,33.202484130859375,30.492895126342773,28.621713638305664,26.956274032592773,26.069368362426758,28782.630859375,179.87911987304688,69.30797576904297,56.635047912597656,46.97600173950195,36.12704849243164,33.6541633605957,30.573381423950195,29.976499557495117
775000,785001,17,9,252,211,0,39433.0625,296.1446533203125,163.5321044921875,96.73416137695312,77.66891479492188,63.42741012573242,53.406307220458984,46.27619552612305,44.10196304321289,39.37002182006836,35.660465240478516,33.426448822021484,30.986730575561523,28.478214263916016,27.386972427368164,25.739442825317383,24.807540893554688,28706.23046875,164.11331176757812,84.03166961669922,60.25006103515625,43.16614532470703,38.397552490234375,33.29201889038086,28.977046966552734,27.37173080444336
775000,785001,17,9,252,211,1,39429.0234375,298.0091552734375,164.07325744628906,94.78453826904297,80.27381896972656,62.392059326171875,52.7242546081543,45.88524627685547,45.613460540771484,39.965660095214844,35.34075164794922,32.813682556152344,30.112045288085938,28.420074462890625,27.435178756713867,26.031978607177734,23.46710968017578,28702.3828125,165.67323303222656,84.17548370361328,59.776397705078125,44.06904602050781,40.0289192199707,33.34547805786133,28.969785690307617,27.846622467041016
780000,790001,17,9,251,215,0,39548.90234375,351.1093444824219,167.6409454345703,105.33446502685547,85.48516845703125,68.45263671875,56.2169189453125,47.36410140991211,44.33754348754883,33.57768249511719,32.42760467529297,30.95502471923828,28.47905921936035,27.504335403442383,26.255887985229492,24.348548889160156,21.534252166748047,28786.263671875,185.18563842773438,91.36087799072266,59.1113395690918,46.439414978027344,33.727725982666016,30.441797256469727,27.534507751464844,23.549226760864258
780000,790001,17,9,251,215,1,39566.87890625,350.4219055175781,164.46142578125,107.84773254394531,87.95844268798828,67.0533447265625,55.670623779296875,48.415225982666016,45.11021041870117,36.94587707519531,33.182796478271484,31.712310791015625,30.742565155029297,28.306446075439453,27.783449172973633,25.82008934020996,23.857637405395508,28799.966796875,178.35768127441406,91.8335952758789,60.08529281616211,44.97820281982422,34.25067901611328,29.228132247924805,28.721946716308594,26.35586929321289
785000,795001,17,9,252,213,0,39582.15625,456.9176025390625,152.04818725585938,100.1510009765625,85.8370132446289,70.53947448730469,60.52427673339844,48.02967834472656,46.0214958190918,41.88154983520508,36.317867279052734,33.1334228515625,31.406213760375977,30.199298858642578,29.477371215820312,26.91023826599121,24.6283016204834,28825.029296875,221.84524536132812,89.36664581298828,64.81893157958984,47.501075744628906,41.273197174072266,35.81241989135742,31.46588134765625,29.055349349975586
785000,795001,17,9,252,213,1,39634.1484375,453.1299133300781,157.40052795410156,98.74999237060547,86.8232192993164,73.1355972290039,58.215171813964844,52.4438591003418,45.21576690673828,41.481788635253906,38.61002731323242,34.74070739746094,33.60980987548828,29.693984985351562,29.287097930908203,28.460613250732422,27.442296981811523,28863.068359375,213.4324493408203,86.9901351928711,68.39307403564453,51.323753356933594,40.22422409057617,36.517547607421875,31.428890228271484,29.48146629333496
790000,800001,17,9,251,210,0,39084.453125,386.21429443359375,143.8755645751953,96.98265075683594,78.9256362915039,65.98574829101562,54.15046691894531,47.814476013183594,43.31895065307617,38.53476333618164,32.67716598510742,31.931968688964844,29.541427612304688,28.13901138305664,27.949440002441406,26.572425842285156,23.48789405822754,28489.63671875,173.50782775878906,80.05584716796875,51.417572021484375,44.896095275878906,38.84266662597656,29.929866790771484,28.50020408630371,23.993680953979492
790000,800001,17,9,251,210,1,39100.17578125,387.000732421875,145.82559204101562,97.38528442382812,74.63151550292969,67.50546264648438,54.02056121826172,45.96867752075195,44.552955627441406,41.15671920776367,36.05437088012695,33.967308044433594,32.10065841674805,29.16623306274414,28.69428825378418,27.673431396484375,25.84473991394043,28499.578125,176.60250854492188,79.704833984375,49.69394302368164,46.457847595214844,39.48960494995117,32.04331970214844,30.25510597229004,28.289337158203125
795000,805001,17,9,254,215,0,39549.46875,351.3967590332031,163.81063842773438,94.05221557617188,73.92591857910156,60.41751480102539,56.57466125488281,51.90153503417969,42.52256774902344,39.28508758544922,35.673797607421875,34.674842834472656,33.497154235839844,31.799715042114258,28.564529418945312,28.052650451660156,25.76003074645996,28793.9921875,170.188232421875,68.46831512451172,55.36500930786133,43.41694259643555,35.044166564941406,32.90235137939453,30.408754348754883,28.5047607421875
795000,805001,17,9,254,215,1,39576.54296875,349.88629150390625,170.58311462402344,94.9368667602539,77.76908874511719,63.255977630615234,55.91169738769531,51.92639923095703,47.76545715332031,42.31501007080078,36.92073059082031,35.83038330078125,32.10924530029297,31.11787986755371,28.584884643554688,26.234516143798828,24.340557098388672,28813.90625,171.4075927734375,69.80758666992188,60.86454391479492,49.1313591003418,38.57963562011719,32.15315246582031,31.709543228149414,27.55356788635254
800000,810001,17,9,248,207,0,39437.76171875,363.4916076660156,153.44227600097656,94.2000961303711,76.21012115478516,68.14537811279297,49.597721099853516,45.84269332885742,44.59226989746094,40.15664291381836,33.089019775390625,31.38386344909668,29.728675842285156,28.6688289642334,27.062299728393555,26.236888885498047,24.705400466918945,28743.029296875,178.90184020996094,74.87075805664062,61.14061737060547,44.90048599243164,35.925445556640625,31.336124420166016,29.849254608154297,25.517330169677734
800000,810001,17,9,248,207,1,39460.1953125,361.50384521484375,154.2786102294922,93.03701782226562,71.69527435302734,68.38211059570312,48.61735534667969,45.549583435058594,43.587860107421875,42.82172775268555,33.59462356567383,31.459745407104492,30.80447769165039,30.270647048950195,27.720251083374023,26.790573120117188,23.981327056884766,28761.66015625,176.03260803222656,70.2461929321289,60.89809036254883,43.944129943847656,37.733394622802734,31.98162841796875,30.09352684020996,28.10072898864746
805000,815001,17,9,253,214,0,39551.76171875,387.09100341796875,164.7011260986328,102.2922592163086,86.73246765136719,66.86917877197266,54.700862884521484,48.55428695678711,44.461761474609375,39.07304000854492,36.96519088745117,32.91217041015625,32.00620651245117,28.785911560058594,28.100379943847656,27.989545822143555,26.009708404541016,28804.931640625,184.06837463378906,91.51847839355469,55.188758850097656,44.45668029785156,37.319759368896484,34.94331359863281,29.830398559570312,27.821260452270508
805000,815001,17,9,253,214,1,39540.05859375,389.4382019042969,159.5995635986328,103.64441680908203,79.49608612060547,63.504886627197266,52.162017822265625,50.25334548950195,44.82284164428711,39.35838317871094,38.648658752441406,36.9354362487793,33.28128433227539,31.930810928344727,29.924522399902344,29.068572998046875,27.422218322753906,28796.552734375,184.11080932617188,88.95743560791016,51.681785583496094,44.06730270385742,40.762088775634766,37.03976821899414,30.150470733642578,29.85456085205078
810000,820001,17,9,245,210,0,38794.890625,359.1126403808594,162.53196716308594,119.31670379638672,89.08853149414062,68.42729187011719,58.942569732666016,51.878421783447266,43.91214370727539,39.29058074951172,36.54773712158203,34.8822135925293,31.502145767211914,28.97545051574707,27.770137786865234,26.612035751342773,26.432024002075195,28254.6640625,186.68048095703125,87.28495025634766,63.70159912109375,43.56936264038086,37.45468521118164,33.309181213378906,29.870464324951172,27.5117244720459
810000,820001,17,9,245,210,1,38778.9921875,357.7314758300781,159.83103942871094,114.46176147460938,81.95954895019531,67.53523254394531,54.62281799316406,51.0508918762207,45.944942474365234,38.907833099365234,33.9344367980957,32.71829605102539,32.199466705322266,28.487892150878906,27.319293975830078,26.417247772216797,25.143396377563477,28242.681640625,189.48504638671875,83.42628479003906,62.26078414916992,44.8400993347168,37.26872253417969,32.00857925415039,28.421831130981445,26.71297264099121
815000,825001,17,9,249,208,0,39982.9765625,382.614013671875,151.5330047607422,121.51611328125,89.00520324707031,63.04335021972656,51.63351821899414,46.626365661621094,42.927398681640625,37.387535095214844,35.929534912109375,34.10179901123047,31.520254135131836,28.781139373779297,28.155946731567383,24.615522384643555,21.38816261291504,29111.666015625,177.5470733642578,103.54227447509766,61.01027297973633,46.045833587646484,35.33024215698242,31.890090942382812,29.809816360473633,27.426515579223633
815000,825001,17,9,249,208,1,40001.8828125,376.18719482421875,157.38204956054688,116.69374084472656,89.84416961669922,60.02739334106445,53.10282516479492,46.8451042175293,42.79683303833008,36.44044494628906,33.27718734741211,32.00120544433594,31.440031051635742,29.858930587768555,28.591684341430664,24.859230041503906,23.7226505279541,29127.96484375,184.95445251464844,98.93399047851562,56.97349548339844,44.92656326293945,37.22511291503906,32.19179153442383,29.823883056640625,28.8231258392334
820000,830001,17,9,252,223,0,40033.13671875,366.9407043457031,160.78163146972656,103.551513671875,79.565185546875,70.69328308105469,67.68287658691406,59.358848571777344,50.96772384643555,47.51164245605469,40.70097351074219,33.87653350830078,32.565555572509766,31.535707473754883,28.93006134033203,27.950668334960938,23.824228286743164,29160.220703125,165.77590942382812,81.67888641357422,65.16920471191406,58.851383209228516,48.17278289794922,34.83208465576172,30.210060119628906,26.644222259521484
820000,830001,17,9,252,223,1,40036.1875,366.26715087890625,161.58348083496094,105.4528579711914,80.89085388183594,71.570068359375,68.3072280883789,61.5380859375,52.47765350341797,48.53225326538086,38.0567626953125,35.11144256591797,34.55498504638672,33.16090393066406,28.257932662963867,26.663482666015625,25.303068161010742,29160.865234375,163.04251098632812,83.02803802490234,67.43547058105469,59.037559509277344,46.51865005493164,36.78870391845703,28.56831169128418,27.536169052124023
825000,835001,17,9,251,213,0,40280.23046875,373.82373046875,142.91458129882812,108.97985076904297,82.21268463134766,67.91484069824219,56.34073257446289,52.79155349731445,45.18337631225586,40.21477127075195,37.33903884887695,34.794498443603516,33.224647521972656,31.122522354125977,28.568649291992188,26.46933364868164,25.39311408996582,29344.857421875,173.28384399414062,100.43064880371094,57.51338577270508,49.605316162109375,43.202877044677734,34.530517578125,29.97121238708496,28.165359497070312
825000,835001,17,9,251,213,1,40283.3515625,370.5105285644531,145.01930236816406,103.18738555908203,82.27669525146484,68.37602996826172,57.871917724609375,55.988990783691406,45.87934875488281,43.724021911621094,39.894771575927734,35.92779541015625,33.10773468017578,30.119831085205078,28.8344783782959,26.127574920654297,25.22675895690918,29346.388671875,176.9946746826172,94.66734313964844,61.030670166015625,52.40352249145508,43.6891975402832,38.264671325683594,29.264501571655273,26.56754493713379
830000,840001,17,9,252,207,0,40269.125,328.4759826660156,185.77859497070312,101.58485412597656,78.91141510009766,63.65315246582031,51.5656623840332,43.09103775024414,42.21846389770508,38.4177360534668,34.51142883300781,33.857242584228516,31.041244506835938,29.548803329467773,27.910306930541992,25.91248321533203,23.842132568359375,29310.48828125,176.87930297851562,84.78494262695312,57.45184326171875,41.70504379272461,37.5761833190918,33.615516662597656,29.351560592651367,27.932035446166992
830000,840001,17,9,252,207,1,40234.171875,332.6417541503906,185.19143676757812,105.25862121582031,79.46883392333984,65.5459976196289,52.8676643371582,47.43306350708008,44.48179244995117,38.5778923034668,35.53315353393555,34.6042594909668,32.43496322631836,28.93617057800293,26.98824691772461,26.764114379882812,25.36269760131836,29286.765625,176.29884338378906,84.55368041992188,58.31354522705078,45.99557876586914,40.844261169433594,34.94445037841797,30.81915855407715,27.939809799194336
835000,845001,17,9,250,216,0,39809.53125,392.8447265625,152.33522033691406,104.52796173095703,80.67882537841797,67.7154312133789,50.87677001953125,48.57310485839844,45.935359954833984,41.64176940917969,35.321380615234375,33.04863739013672,32.63386535644531,29.49419593811035,27.891902923583984,26.53253746032715,24.153854370117188,29003.599609375,184.76449584960938,81.1916275024414,60.590171813964844,48.18625259399414,36.41539764404297,34.0316047668457,28.681276321411133,27.815027236938477
835000,845001,17,9,250,216,1,39826.953125,390.6791076660156,148.11093139648438,100.42514038085938,77.890625,68.26034545898438,53.2418212890625,52.49785614013672,48.786170959472656,39.77241897583008,37.8387565612793,34.67637634277344,31.762733459472656,30.325908660888672,28.523223876953125,26.978662490844727,23.88783836364746,29014.38671875,185.6528778076172,80.61356353759766,60.23235321044922,51.25105285644531,39.08127975463867,32.87129592895508,29.222171783447266,25.285112380981445
840000,850001,17,9,254,211,0,40528.35546875,342.26824951171875,143.5302276611328,87.98117065429688,68.24059295654297,58.59257125854492,47.33563232421875,45.34173583984375,42.416194915771484,38.82755661010742,35.64063262939453,31.080123901367188,30.279582977294922,27.859786987304688,26.41364097595215,24.875064849853516,23.917625427246094,29524.984375,169.54745483398438,76.4898681640625,54.90374755859375,46.38236999511719,37.07938766479492,31.718843460083008,29.05887794494629,28.186410903930664
840000,850001,17,9,254,211,1,40530.80859375,344.9981994628906,145.46273803710938,88.59170532226562,71.53889465332031,61.7461051940918,48.40744400024414,45.076602935791016,41.209442138671875,38.5915412902832,36.409690856933594,30.815141677856445,30.140342712402344,29.314865112304688,26.629013061523438,25.51742935180664,23.30999755859375,29526.77734375,173.5179901123047,77.091552734375,56.583030700683594,47.12918472290039,37.8232536315918,32.58262252807617,28.580875396728516,25.643110275268555
845000,855001,17,9,253,218,0,40143.62109375,469.07940673828125,162.5221710205078,108.51782989501953,79.47994995117188,67.07662963867188,58.522518157958984,56.06443786621094,50.185646057128906,42.911521911621094,37.76582336425781,35.734375,32.42258071899414,31.564682006835938,29.8726863861084,28.707239151000977,25.911197662353516,29233.927734375,207.11793518066406,86.17236328125,62.50878143310547,49.82681655883789,38.439144134521484,36.59264373779297,30.79383659362793,27.82013511657715
845000,855001,17,9,253,218,1,40150.0546875,466.0657958984375,160.26681518554688,107.66073608398438,76.0877685546875,61.69758605957031,59.28311538696289,51.175148010253906,49.21382141113281,41.233707427978516,38.32938766479492,37.006797790527344,32.700408935546875,29.81497573852539,28.7401065826416,27.489826202392578,26.269010543823242,29237.904296875,206.01939392089844,81.34089660644531,60.63941955566406,49.26466369628906,40.93433380126953,32.7840461730957,29.358489990234375,27.52896499633789
850000,860001,17,9,252,213,0,39988.8125,392.7944641113281,144.61770629882812,115.85860443115234,78.03966522216797,68.18287658691406,56.39055252075195,51.02479553222656,48.417091369628906,44.22882843017578,38.65217208862305,34.94224548339844,33.12376022338867,30.889509201049805,29.28262710571289,24.938770294189453,23.286558151245117,29110.416015625,165.6483612060547,80.12171173095703,66.77110290527344,52.85673141479492,41.76066970825195,35.76616668701172,31.26484489440918,25.303415298461914
850000,860001,17,9,252,213,1,40038.96484375,391.2050476074219,143.9199981689453,112.28724670410156,75.3030776977539,65.32843017578125,53.51905059814453,48.77980422973633,46.049072265625,44.44399642944336,37.0693473815918,35.33632278442383,32.546749114990234,31.482301712036133,30.250207901000977,26.24539566040039,22.7569580078125,29145.64453125,165.28469848632812,81.34085845947266,63.79336929321289,49.539703369140625,41.177528381347656,37.85272979736328,33.97383117675781,25.807167053222656
855000,865001,17,9,252,218,0,40879.45703125,413.8323974609375,171.61244201660156,106.81114959716797,84.50609588623047,57.49834060668945,53.20926284790039,50.8768310546875,48.51601028442383,39.29287338256836,35.75476837158203,33.46078872680664,32.2652587890625,30.579076766967773,29.54758071899414,27.98329734802246,25.213611602783203,29759.017578125,190.35638427734375,100.30862426757812,56.64072799682617,48.93608093261719,38.50664520263672,35.49187469482422,30.848114013671875,29.441753387451172
855000,865001,17,9,252,218,1,40853.89453125,410.58197021484375,164.7014617919922,109.87664794921875,85.03329467773438,59.74235153198242,53.10676956176758,50.07337951660156,47.47752380371094,41.76347351074219,34.27293014526367,33.32542037963867,30.57608985900879,28.936750411987305,27.84853172302246,26.4113826751709,24.636882781982422,29741.5078125,185.43150329589844,102.01634979248047,58.84568786621094,48.175140380859375,39.74040603637695,32.84099578857422,29.0424747467041,28.14643669128418
860000,870001,17,9,253,222,0,40442.7890625,395.6518859863281,164.43992614746094,109.8309326171875,78.10150146484375,68.94063568115234,59.44500732421875,52.26829147338867,49.898529052734375,44.14742660522461,36.09674072265625,34.362876892089844,31.406883239746094,30.435441970825195,28.086027145385742,26.197845458984375,24.5631160736084,29455.51171875,176.81414794921875,87.67196655273438,59.16106414794922,51.6164436340332,43.59962463378906,35.163944244384766,29.810035705566406,27.408824920654297
860000,870001,17,9,253,222,1,40461.00390625,395.05657958984375,158.9241943359375,107.67601013183594,78.79312896728516,69.4766845703125,56.22288131713867,46.598663330078125,46.06352615356445,39.70950698852539,37.27479553222656,33.47080993652344,30.942649841308594,28.8904972076416,27.70301055908203,26.773269653320312,23.861955642700195,29466.46875,174.7686309814453,86.66107940673828,57.685306549072266,47.07255935668945,38.85162353515625,32.7628288269043,29.84838104248047,26.24871826171875
865000,875001,17,9,253,208,0,40924.8203125,341.67706298828125,157.4588165283203,107.97073364257812,79.64439392089844,71.71668243408203,48.35438919067383,45.33773422241211,41.1239013671875,37.88731002807617,34.02735900878906,31.860260009765625,30.462560653686523,29.20522117614746,27.86690902709961,25.330020904541016,24.057518005371094,29794.580078125,176.11976623535156,87.8486099243164,59.68174362182617,43.52381134033203,38.185340881347656,31.93729591369629,30.252445220947266,28.043399810791016
865000,875001,17,9,253,208,1,40926.65625,347.69451904296875,155.5047149658203,110.81753540039062,79.8952407836914,70.58686065673828,48.89411163330078,45.94829177856445,40.215511322021484,37.64531326293945,35.97749328613281,33.47218322753906,32.26004409790039,29.731138229370117,28.482019424438477,25.889272689819336,25.0368709564209,29797.474609375,176.6099090576172,93.23576354980469,56.08717727661133,40.965858459472656,37.40165328979492,36.3382453918457,32.87364196777344,26.771167755126953
870000,880001,17,9,250,210,0,40564.31640625,333.351806640625,160.6917724609375,95.3353500366211,76.55340576171875,66.85116577148438,50.91175079345703,45.31393814086914,43.873016357421875,38.480674743652344,32.157325744628906,31.67099952697754,28.819753646850586,27.413022994995117,26.88947296142578,25.288772583007812,24.295068740844727,29550.6015625,188.13563537597656,78.48937225341797,57.818603515625,42.78315734863281,34.75809097290039,31.41163444519043,27.457380294799805,26.11254119873047
870000,880001,17,9,250,210,1,40525.828125,332.53570556640625,160.5161895751953,94.86654663085938,76.00223541259766,66.35377502441406,52.795597076416016,46.804508209228516,45.38180160522461,36.5343017578125,34.005226135253906,30.59013557434082,29.863178253173828,27.201322555541992,26.59245491027832,25.109296798706055,24.14459800720215,29522.203125,185.02145385742188,78.6176528930664,58.95208740234375,43.998321533203125,35.41179275512695,29.44948959350586,27.925874710083008,25.977550506591797
875000,885001,17,9,251,215,0,40560.640625,418.1169128417969,164.10252380371094,100.8148422241211,78.39622497558594,72.78642272949219,67.664306640625,58.77903747558594,53.89113998413086,44.46858596801758,38.92525100708008,36.36549377441406,35.80643081665039,33.39693832397461,31.418886184692383,29.824298858642578,27.36673927307129,29547.64453125,193.51504516601562,80.54198455810547,60.12792205810547,59.766029357910156,44.62213897705078,35.75065994262695,34.444786071777344,28.975635528564453
875000,885001,17,9,251,215,1,40579.14453125,419.11077880859375,158.40646362304688,104.4771957397461,79.25981903076172,74.28382873535156,69.46477508544922,62.16128921508789,55.137908935546875,48.0782356262207,37.92414093017578,37.795162200927734,34.300437927246094,32.5332145690918,30.266685485839844,27.5603084564209,26.03398323059082,29562.837890625,194.0386199951172,78.79238891601562,68.32904052734375,65.14840698242188,46.982398986816406,37.18960189819336,32.78024673461914,29.98444175720215
880000,890001,17,9,255,225,0,40718.2890625,376.4134216308594,150.31214904785156,108.10633850097656,80.5593490600586,71.50447845458984,55.81697082519531,45.13331985473633,41.57709503173828,40.00777053833008,36.986873626708984,36.020687103271484,34.87944030761719,32.3647346496582,31.070688247680664,29.615402221679688,27.430477142333984,29651.705078125,189.08541870117188,82.96757507324219,58.929237365722656,43.011985778808594,40.430458068847656,33.996803283691406,33.297950744628906,29.25542449951172
880000,890001,17,9,255,225,1,40706.36328125,375.69512939453125,150.16610717773438,108.61787414550781,78.93675994873047,75.23290252685547,55.91197967529297,47.31188201904297,43.40159606933594,40.9300422668457,38.8719482421875,36.4791259765625,34.83985137939453,31.81512451171875,30.4175968170166,27.127151489257812,25.648290634155273,29644.37890625,188.49049377441406,82.78623962402344,63.06330871582031,42.000328063964844,39.52412414550781,36.12450408935547,32.18533706665039,26.667829513549805
885000,895001,17,9,252,221,0,41255.625,371.79742431640625,159.78265380859375,100.4983139038086,83.98125457763672,62.84109115600586,55.04622268676758,46.79302215576172,41.7761344909668,41.14317321777344,40.02695846557617,35.0383415222168,34.12656784057617,30.882266998291016,30.002483367919922,27.519304275512695,25.143630981445312,30042.650390625,192.68858337402344,84.33204650878906,58.037689208984375,41.970115661621094,37.95416259765625,34.85731887817383,31.813209533691406,30.01708221435547
885000,895001,17,9,252,221,1,41278.25,369.02374267578125,157.36097717285156,100.1158676147461,82.7720718383789,68.81269073486328,56.26999282836914,48.1505241394043,46.40023422241211,40.200523376464844,38.52428436279297,34.850990295410156,34.35803985595703,33.14513397216797,29.6090145111084,29.47141456604004,27.624364852905273,30061.205078125,188.66879272460938,83.783935546875,58.788612365722656,45.211708068847656,36.41868209838867,33.7854118347168,31.665124893188477,29.716224670410156
890000,900001,17,9,252,215,0,40997.2109375,350.14105224609375,148.32980346679688,97.74885559082031,75.91519927978516,67.81331634521484,52.484893798828125,42.3347053527832,39.045684814453125,35.60127639770508,34.021446228027344,33.208805084228516,30.53920555114746,29.86440086364746,27.24870491027832,25.896629333496094,24.377079010009766,29864.84765625,171.3477783203125,79.70195007324219,61.86797332763672,41.29001998901367,36.3682746887207,31.82146453857422,28.98419189453125,25.702838897705078
890000,900001,17,9,252,215,1,41016.23046875,351.1851806640625,152.3506317138672,98.072265625,78.81777954101562,67.2923583984375,54.1340217590332,45.968841552734375,40.43115997314453,38.47516632080078,34.97111129760742,32.081138610839844,31.83983039855957,28.568103790283203,26.8936824798584,25.496721267700195,23.892549514770508,29881.3671875,174.06060791015625,81.8092041015625,58.991249084472656,42.39832305908203,33.973899841308594,31.097332000732422,29.077592849731445,24.5743465423584
895000,905001,17,9,253,217,0,40849.1640625,342.0246887207031,162.1927490234375,106.4703140258789,79.03709411621094,63.9838981628418,53.40846252441406,48.42409133911133,45.08120346069336,39.5230598449707,37.50069046020508,36.153411865234375,34.347015380859375,30.825868606567383,29.726543426513672,27.32561683654785,24.91315460205078,29753.974609375,162.59176635742188,88.55750274658203,52.64302444458008,44.73030471801758,38.75882339477539,36.49946212768555,30.6817626953125,29.60080337524414
895000,905001,17,9,253,217,1,40842.2734375,343.70635986328125,162.33042907714844,100.78453826904297,78.07705688476562,67.86921691894531,52.317569732666016,50.95410919189453,46.03000259399414,43.01545715332031,39.383697509765625,33.112022399902344,31.401121139526367,30.495452880859375,28.579591751098633,25.916929244995117,25.10633087158203,29749.65625,166.0774383544922,84.7116470336914,56.173580169677734,46.15432357788086,39.92511749267578,32.61554718017578,31.078092575073242,27.38742446899414
900000,910001,17,9,252,217,0,40740.9375,412.0511474609375,161.61038208007812,115.67809295654297,87.54820251464844,65.00176239013672,55.0191535949707,47.03011703491211,45.15361404418945,39.32096862792969,37.43661117553711,36.96634292602539,31.944570541381836,31.724706649780273,29.958093643188477,28.216796875,26.803316116333008,29657.98828125,195.74818420410156,87.0638198852539,57.783512115478516,45.6445426940918,41.28108215332031,33.8057861328125,32.14453125,28.58440399169922
900000,910001,17,9,252,217,1,40735.81640625,411.8255310058594,163.84332275390625,112.00981903076172,84.90560913085938,69.64774322509766,52.508544921875,50.76201248168945,46.66413879394531,40.5173225402832,39.35832977294922,36.26228713989258,35.19554901123047,32.31383514404297,30.53900718688965,29.428619384765625,28.193357467651367,29653.986328125,199.7138671875,86.9542007446289,61.3012809753418,48.36001205444336,38.926551818847656,37.569026947021484,31.0218448638916,29.574153900146484
905000,915001,17,9,251,220,0,40914.03125,358.46661376953125,160.00157165527344,107.39514923095703,91.64212799072266,67.23767852783203,58.326026916503906,51.265342712402344,49.79416275024414,41.06306457519531,38.18473815917969,34.573421478271484,33.194488525390625,30.986713409423828,30.01148796081543,27.590421676635742,26.1038818359375,29783.8515625,169.92982482910156,88.42317199707031,60.299217224121094,47.85588455200195,40.10340881347656,33.4622688293457,30.662559509277344,26.590240478515625
905000,915001,17,9,251,220,1,40903.84375,355.6177978515625,159.52716064453125,102.4911880493164,90.56578063964844,65.9500732421875,58.518470764160156,54.7414665222168,51.78121566772461,45.970821380615234,35.36225891113281,34.92164993286133,32.22868728637695,30.143598556518555,29.298995971679688,27.977834701538086,25.50642967224121,29777.1796875,163.95257568359375,87.5897445678711,59.400638580322266,50.85517883300781,41.167320251464844,33.383235931396484,31.702369689941406,26.962186813354492
910000,920001,17,9,252,226,0,40687.51171875,386.010498046875,168.04800415039062,116.33366394042969,90.57894134521484,67.33492279052734,57.88528060913086,52.11869430541992,49.65382766723633,44.47102737426758,37.039947509765625,35.66364669799805,34.021324157714844,31.67078971862793,29.521421432495117,27.54862403869629,25.659120559692383,29628.5546875,211.75125122070312,100.10600280761719,60.336673736572266,49.20417785644531,45.382469177246094,36.11127853393555,32.52159118652344,27.613937377929688
910000,920001,17,9,252,226,1,40662.2890625,386.89398193359375,172.1045379638672,119.06169891357422,89.60664367675781,70.40436553955078,58.651527404785156,54.38726043701172,52.73543930053711,44.49852752685547,38.72994613647461,36.810890197753906,35.30292892456055,32.79777526855469,28.06157112121582,27.55613899230957,24.63749885559082,29609.69921875,211.91334533691406,101.30001831054688,61.991729736328125,52.78568649291992,45.22748947143555,38.37870407104492,36.050662994384766,29.951763153076172
915000,925001,17,9,252,224,0,41300.19140625,342.3010559082031,162.94598388671875,108.98541259765625,79.61783599853516,63.41352844238281,53.86615753173828,50.21054458618164,47.10536193847656,41.123741149902344,38.045867919921875,34.49907684326172,32.257320404052734,30.16468620300293,29.499420166015625,28.176986694335938,26.305992126464844,30076.654296875,161.73951721191406,79.93872833251953,54.93190383911133,47.96505355834961,40.16444396972656,33.01404571533203,30.532623291015625,27.36058807373047
915000,925001,17,9,252,224,1,41283.8125,344.5740051269531,163.9542236328125,108.1703872680664,81.91035461425781,65.73772430419922,55.848480224609375,50.15657043457031,45.364219665527344,38.87054443359375,36.04877471923828,34.98838424682617,32.69720458984375,29.33767318725586,28.879798889160156,27.638465881347656,24.383544921875,30064.908203125,158.20242309570312,79.35223388671875,56.25107192993164,44.89474868774414,37.29673767089844,34.1497917175293,28.71759605407715,24.686195373535156
920000,930001,17,9,253,229,0,41290.30859375,341.8124694824219,151.62635803222656,105.56065368652344,76.01487731933594,62.24025344848633,53.551673889160156,45.970149993896484,45.20574188232422,40.78551483154297,34.98290252685547,33.48720932006836,32.068965911865234,29.844804763793945,27.36075210571289,26.572044372558594,24.667512893676758,30053.427734375,172.73170471191406,82.08609008789062,58.25252914428711,47.244930267333984,38.765682220458984,34.373687744140625,30.47691535949707,27.8521728515625
920000,930001,17,9,253,229,1,41258.3046875,344.1126708984375,154.05178833007812,108.15140533447266,74.1444320678711,60.216915130615234,55.26111602783203,48.27858352661133,45.25682830810547,42.620208740234375,40.197078704833984,32.82503128051758,30.877544403076172,29.51470947265625,28.544477462768555,27.782886505126953,25.896663665771484,30030.427734375,173.58763122558594,80.12425231933594,57.79497528076172,50.40167999267578,43.49685287475586,32.5158576965332,29.38543128967285,27.4468936920166
925000,935001,17,9,252,224,0,40522.9921875,374.24139404296875,153.79637145996094,103.21268463134766,85.6663818359375,68.61878204345703,54.458255767822266,52.36217498779297,47.10842514038086,38.651668548583984,36.38957977294922,34.20989990234375,33.67761993408203,29.607162475585938,29.113880157470703,26.686519622802734,25.328571319580078,29520.873046875,164.19546508789062,87.66439056396484,53.5621223449707,47.83659362792969,38.76713943481445,36.99748229980469,31.367774963378906,26.17060089111328
925000,935001,17,9,252,224,1,40529.84765625,375.01287841796875,149.29261779785156,106.61421203613281,85.13710021972656,64.69613647460938,57.72053909301758,53.12989044189453,49.922691345214844,38.78915023803711,34.02419662475586,31.532793045043945,30.850589752197266,30.350576400756836,28.285127639770508,27.465152740478516,25.775291442871094,29526.47265625,163.8522491455078,92.58074188232422,58.62664794921875,51.82762908935547,37.41297912597656,32.76698684692383,30.516565322875977,28.43837547302246
930000,940001,17,9,250,222,0,41180.30859375,320.1632995605469,143.589599609375,107.72848510742188,77.6434555053711,68.35589599609375,49.30393600463867,46.68194580078125,42.38751983642578,39.790184020996094,36.8630256652832,32.82686233520508,31.515872955322266,29.99031639099121,28.77218246459961,24.495264053344727,23.855213165283203,29993.712890625,151.00392150878906,75.82585144042969,55.65337371826172,46.447505950927734,40.6060791015625,33.096492767333984,27.109451293945312,25.971311569213867
930000,940001,17,9,250,222,1,41207.2734375,322.5648498535156,142.1161346435547,107.5663070678711,77.94702911376953,71.6046371459961,52.762508392333984,48.9487190246582,45.241512298583984,40.2917366027832,39.36679458618164,36.89603042602539,32.85987854003906,30.85311508178711,30.66172981262207,30.262792587280273,26.533287048339844,30015.01953125,150.95643615722656,74.93101501464844,59.81681823730469,47.63808059692383,42.933021545410156,32.02719497680664,30.685253143310547,27.96603012084961
935000,945001,17,9,253,223,0,41555.04296875,361.6900939941406,156.4859619140625,112.1827392578125,80.25675201416016,63.71165466308594,53.83065414428711,49.98160171508789,46.6207389831543,38.822933197021484,35.618560791015625,34.23481750488281,32.583980560302734,29.97501564025879,27.972354888916016,25.78207015991211,24.271682739257812,30257.90234375,184.7060546875,89.10458374023438,57.366390228271484,48.037479400634766,43.19569778442383,36.65113067626953,31.976186752319336,26.549503326416016
935000,945001,17,9,253,223,1,41564.19140625,363.1714782714844,161.20883178710938,109.83729553222656,80.99164581298828,63.37174987792969,52.205902099609375,51.329200744628906,45.67667770385742,38.586509704589844,35.03322219848633,34.80375289916992,34.36766052246094,30.790637969970703,29.530860900878906,26.341764450073242,24.09945297241211,30264.03515625,187.7575225830078,87.5651626586914,56.469696044921875,46.19550704956055,45.286170959472656,34.8740119934082,32.96133804321289,27.393600463867188
940000,950001,17,9,251,228,0,41276.4609375,378.0060729980469,131.6087646484375,104.15139770507812,70.67831420898438,64.26174926757812,58.34771728515625,58.050567626953125,47.426490783691406,40.17626190185547,35.739253997802734,31.65508460998535,30.120853424072266,28.739994049072266,26.540319442749023,24.111160278320312,23.255294799804688,30103.853515625,180.92259216308594,75.77915954589844,56.05122375488281,49.753929138183594,42.00481033325195,28.8772029876709,28.257041931152344,24.86339569091797
940000,950001,17,9,251,228,1,41290.81640625,373.6026306152344,132.34320068359375,104.27320098876953,71.32186126708984,66.71756744384766,59.341609954833984,53.93399429321289,48.25886154174805,40.95991134643555,36.848384857177734,34.498146057128906,30.972549438476562,29.312719345092773,28.020099639892578,26.91161346435547,24.297101974487305,30115.099609375,179.43687438964844,75.53645324707031,56.0343017578125,47.9083137512207,45.19887924194336,30.818323135375977,29.4072208404541,27.88624382019043
945000,955001,17,9,255,225,0,42146.15625,320.3298645019531,150.6448211669922,96.97196960449219,76.80901336669922,61.71885681152344,53.327518463134766,42.927066802978516,40.6961669921875,37.77707290649414,34.57638168334961,31.256357192993164,30.576032638549805,27.23935890197754,25.935626983642578,25.656265258789062,23.234052658081055,30693.75,157.87225341796875,75.28195190429688,56.79823684692383,39.531166076660156,34.557064056396484,30.45354652404785,28.18548583984375,24.874488830566406
945000,955001,17,9,255,225,1,42129.73828125,319.7642517089844,156.13938903808594,93.06044006347656,74.18245697021484,67.00826263427734,57.629112243652344,49.37110900878906,48.60529708862305,40.820491790771484,33.684993743896484,30.41367530822754,29.4815673828125,27.441490173339844,25.103893280029297,24.012895584106445,23.42744255065918,30680.451171875,163.0361328125,72.25814056396484,64.41170501708984,47.09347152709961,43.557559967041016,28.338642120361328,26.792430877685547,23.948118209838867
950000,960001,17,9,255,234,0,42139.5,327.2679138183594,151.6082763671875,92.52549743652344,77.24958801269531,65.51499938964844,60.24053955078125,53.9843635559082,49.36602783203125,43.027252197265625,39.084529876708984,33.569732666015625,32.40816116333008,29.937152862548828,28.166982650756836,27.134504318237305,25.195953369140625,30694.328125,167.9970245361328,86.24276733398438,57.29517364501953,50.245880126953125,41.70591735839844,32.31993865966797,30.975811004638672,28.21117401123047
950000,960001,17,9,255,234,1,42148.47265625,330.0605163574219,152.4479522705078,93.19442749023438,81.62630462646484,67.8953857421875,54.12985610961914,52.26152801513672,50.71139907836914,46.20206069946289,37.69367980957031,36.19356155395508,33.53325653076172,31.68436622619629,29.94269371032715,28.281333923339844,24.29766845703125,30700.572265625,170.6514434814453,91.28363800048828,57.479793548583984,49.5494270324707,41.97675323486328,33.85325622558594,31.292146682739258,26.38050651550293
955000,965001,17,9,254,227,0,42323.83203125,381.6839294433594,179.5430145263672,122.11048889160156,81.06295776367188,65.91512298583984,55.36106491088867,53.48758316040039,46.7253303527832,39.761383056640625,37.02841567993164,33.823692321777344,31.514301300048828,29.22711944580078,27.12468719482422,26.22711944580078,23.918628692626953,30837.61328125,220.1539764404297,100.6490478515625,56.33700942993164,47.774818420410156,41.33119201660156,32.77005386352539,30.981916427612305,29.545894622802734
955000,965001,17,9,254,227,1,42293.625,388.5054626464844,180.158935546875,131.7381134033203,78.19149780273438,65.05839538574219,54.1307373046875,53.08103942871094,43.80534744262695,39.214107513427734,35.87000274658203,33.352638244628906,29.734325408935547,28.559934616088867,26.30463981628418,24.57682991027832,22.85038185119629,30816.423828125,226.9503631591797,100.14066314697266,56.93959045410156,44.95780944824219,34.14011764526367,33.8680305480957,30.338241577148438,24.55684471130371
960000,970001,17,9,253,220,0,41944.12890625,350.110595703125,175.65452575683594,112.13504791259766,78.75689697265625,62.65968322753906,48.029415130615234,45.78959274291992,40.74848175048828,37.245540618896484,35.19073486328125,34.148250579833984,33.47528839111328,29.49684715270996,28.595760345458984,27.3771915435791,24.115968704223633,30549.9140625,192.17527770996094,98.02851867675781,59.38805389404297,39.899070739746094,37.26569747924805,31.557401657104492,30.189617156982422,28.06226921081543
960000,970001,17,9,253,220,1,41957.453125,351.5021057128906,172.21990966796875,113.27098083496094,78.1805419921875,63.73310852050781,53.37916564941406,49.66901397705078,43.24006652832031,37.23204040527344,36.48318862915039,35.55241012573242,34.612674713134766,32.53367614746094,30.514251708984375,28.513822555541992,25.50766372680664,30559.900390625,193.3787384033203,97.6628189086914,57.546695709228516,41.319820404052734,39.53799057006836,36.69106674194336,34.15961456298828,29.008159637451172
965000,975001,17,9,248,220,0,41557.98046875,395.9205017089844,183.03128051757812,109.99983215332031,94.45652770996094,70.32166290283203,56.08671951293945,53.51472854614258,50.98908233642578,40.629085540771484,35.315223693847656,33.5618896484375,30.353961944580078,28.987316131591797,27.029611587524414,25.781230926513672,23.589502334594727,30274.60546875,219.48919677734375,89.87205505371094,62.65634536743164,50.65871047973633,42.61776351928711,33.740352630615234,32.391292572021484,30.042585372924805
965000,975001,17,9,248,220,1,41563.35546875,394.1598205566406,176.63424682617188,107.3515853881836,92.06014251708984,71.24813079833984,53.884552001953125,51.64189147949219,49.9183235168457,44.88249969482422,34.19541931152344,32.85026168823242,31.508729934692383,28.0050106048584,27.610965728759766,25.63304901123047,24.95330238342285,30280.078125,223.111083984375,86.8426742553711,62.79341506958008,51.8162956237793,43.88199234008789,35.820430755615234,29.29427146911621,28.198476791381836
970000,980001,17,9,254,213,0,41995.875,346.9073486328125,155.9691619873047,110.65514373779297,83.6815185546875,67.27340698242188,61.090858459472656,57.19960021972656,52.10441589355469,45.388710021972656,38.923622131347656,35.942344665527344,32.113731384277344,31.628625869750977,30.13707160949707,28.817724227905273,27.06509780883789,30579.05078125,188.9967498779297,95.5906982421875,60.320919036865234,55.787322998046875,45.29795837402344,33.236915588378906,31.99626922607422,31.071077346801758
970000,980001,17,9,254,213,1,42015.50390625,344.96160888671875,150.3518524169922,106.98197174072266,83.78083038330078,67.92451477050781,60.01085662841797,55.52377700805664,50.738990783691406,49.120174407958984,38.58412551879883,36.602901458740234,30.57470703125,29.988622665405273,27.677244186401367,27.054330825805664,25.667261123657227,30594.27734375,181.93978881835938,92.48253631591797,59.286983489990234,54.86808395385742,45.50217819213867,32.004234313964844,30.1425724029541,29.065439224243164
975000,985001,17,9,253,220,0,41848.07421875,339.61834716796875,171.05079650878906,109.86166381835938,84.77354431152344,69.42359924316406,62.74674606323242,56.15190505981445,49.60838317871094,47.26081466674805,38.76209259033203,35.884708404541016,33.244224548339844,31.030548095703125,29.194499969482422,27.62183952331543,25.556262969970703,30468.23828125,177.8837432861328,87.61954498291016,59.548213958740234,55.25999450683594,49.451812744140625,34.288238525390625,29.327699661254883,28.935579299926758
975000,985001,17,9,253,220,1,41843.765625,342.26165771484375,173.9363250732422,109.66790008544922,83.90923309326172,66.35234832763672,57.614952087402344,55.740257263183594,52.47157287597656,49.89786911010742,38.927616119384766,35.204200744628906,34.40213394165039,32.50601577758789,30.316017150878906,28.33283805847168,24.31441879272461,30465.501953125,181.1990966796875,85.02296447753906,57.484291076660156,52.57984924316406,51.07683181762695,36.55465316772461,31.98349380493164,28.38156509399414
980000,990001,17,9,256,224,0,41763.5234375,341.12298583984375,167.9241180419922,112.13326263427734,97.75753784179688,75.70500183105469,65.91143035888672,63.060970306396484,60.500732421875,51.73198699951172,44.41489791870117,41.64904022216797,36.91975021362305,32.05144119262695,31.599559783935547,28.091007232666016,23.554704666137695,30426.078125,192.9517822265625,100.88187408447266,66.12056732177734,61.44743347167969,48.45248031616211,40.07247543334961,33.51593017578125,29.03693389892578
980000,990001,17,9,256,224,1,41750.13671875,339.40277099609375,165.6334686279297,110.19694519042969,95.78594207763672,80.66162872314453,72.0325698852539,70.66389465332031,63.869205474853516,51.96600341796875,46.64896011352539,41.84101104736328,38.371089935302734,35.73109817504883,32.89442443847656,30.35283088684082,27.837778091430664,30416.30859375,192.44586181640625,97.02346801757812,71.29216003417969,68.36335754394531,52.63909912109375,42.07870864868164,35.7560920715332,30.378463745117188
985000,995001,17,9,253,229,0,42314.9765625,354.0538635253906,160.90916442871094,105.13427734375,86.7393569946289,61.428401947021484,56.29337692260742,53.26039123535156,46.1080207824707,42.413814544677734,34.97163772583008,34.312156677246094,31.042322158813477,30.782766342163086,28.856128692626953,27.949419021606445,25.489765167236328,30792.001953125,168.75851440429688,89.89005279541016,61.410037994384766,48.840293884277344,39.599464416503906,33.58411407470703,31.286012649536133,29.577190399169922
985000,995001,17,9,253,229,1,42330.35546875,355.3641357421875,163.75535583496094,106.7405776977539,87.21604919433594,67.62457275390625,55.7675666809082,51.85147476196289,45.5698356628418,38.646263122558594,38.222877502441406,34.63481521606445,32.47732162475586,30.75388526916504,28.722196578979492,26.903310775756836,25.304670333862305,30802.431640625,173.47109985351562,94.44650268554688,67.20530700683594,46.5845947265625,39.324161529541016,36.88333511352539,32.20951461791992,29.22254180908203
