grad_step,env_steps,window_len,penalty_len,n_windows,unique_eps,critic,sv_01,sv_02,sv_03,sv_04,sv_05,sv_06,sv_07,sv_08,sv_09,sv_10,sv_11,sv_12,sv_13,sv_14,sv_15,sv_16,sv_17,pen_sv_01,pen_sv_02,pen_sv_03
0,10048,17,3,251,10,0,8.514538764953613,4.509583950042725,4.38642692565918,4.275768280029297,4.046211242675781,3.956099510192871,3.9188549518585205,3.8404552936553955,3.700396776199341,3.533254623413086,3.448671579360962,3.4070472717285156,3.2422046661376953,3.103423833847046,2.966888427734375,2.542130708694458,2.33335280418396,4.335708141326904,3.930556535720825,3.6003878116607666
0,10048,17,3,251,10,1,12.224997520446777,4.137818336486816,4.0747575759887695,3.748991012573242,3.649998188018799,3.4905998706817627,3.417133331298828,3.4016780853271484,3.336118459701538,3.1902623176574707,3.1296660900115967,3.003678560256958,2.828233242034912,2.7480268478393555,2.671863555908203,2.547605514526367,2.361015558242798,6.008124351501465,3.6097147464752197,3.1067323684692383
5000,15040,17,3,249,16,0,2158.928955078125,79.39120483398438,50.4568977355957,34.263893127441406,28.94759178161621,25.743562698364258,22.15622901916504,20.399585723876953,16.724151611328125,14.82673454284668,14.229144096374512,13.17192554473877,11.96467399597168,11.766982078552246,10.641422271728516,9.647185325622559,9.227944374084473,907.769287109375,20.565000534057617,13.341862678527832
5000,15040,17,3,249,16,1,2164.589111328125,77.51384735107422,51.133113861083984,33.77692794799805,29.710956573486328,25.664173126220703,21.95602035522461,20.83067512512207,17.866785049438477,16.08519744873047,13.43474292755127,13.255987167358398,12.672538757324219,12.344635009765625,10.737656593322754,10.319300651550293,9.50079345703125,909.5350341796875,20.370059967041016,14.797345161437988
10000,20032,17,3,250,21,0,1955.041748046875,77.9089126586914,49.63587188720703,32.86566162109375,26.25505828857422,24.90007209777832,21.478837966918945,16.713743209838867,15.274469375610352,14.373781204223633,13.356632232666016,11.963982582092285,11.292052268981934,10.659811019897461,10.410727500915527,9.420413970947266,8.98487377166748,819.2640380859375,19.746034622192383,11.906499862670898
10000,20032,17,3,250,21,1,1952.673095703125,77.4398193359375,50.021358489990234,32.61891555786133,26.389144897460938,25.421812057495117,21.975353240966797,17.01801872253418,15.88630485534668,14.80690860748291,12.883161544799805,12.58039379119873,11.82286548614502,11.522771835327148,10.762414932250977,10.69762134552002,9.44814682006836,818.80419921875,20.0958194732666,12.228812217712402
15000,25024,17,3,247,25,0,1638.3021240234375,101.25750732421875,63.414302825927734,44.490238189697266,33.503150939941406,31.075136184692383,23.150562286376953,19.324081420898438,17.347118377685547,15.504395484924316,13.836627006530762,13.10591983795166,11.440799713134766,11.036314010620117,10.653592109680176,10.499485969543457,9.465287208557129,682.1366577148438,26.242345809936523,12.997802734375
15000,25024,17,3,247,25,1,1639.71826171875,100.94457244873047,65.68134307861328,44.5463752746582,32.98133087158203,30.694698333740234,22.93758773803711,19.88176155090332,17.899946212768555,16.370059967041016,14.446849822998047,13.30484676361084,12.265371322631836,11.411823272705078,10.703965187072754,9.82850456237793,9.672138214111328,682.7672729492188,25.40284538269043,13.145622253417969
20000,30016,17,3,251,30,0,1939.42724609375,136.12051391601562,62.97317123413086,46.972434997558594,35.383079528808594,29.838878631591797,26.556760787963867,22.78179359436035,20.380102157592773,18.932628631591797,17.777694702148438,16.044065475463867,15.037039756774902,14.521728515625,13.226194381713867,11.72284984588623,11.36556339263916,814.3065185546875,27.475339889526367,13.466649055480957
20000,30016,17,3,251,30,1,1942.403076171875,133.93043518066406,62.26641082763672,49.13603591918945,34.54086685180664,29.259902954101562,25.577011108398438,22.87721824645996,20.68331527709961,18.510358810424805,16.52315330505371,15.896162986755371,13.7345609664917,12.688419342041016,12.068153381347656,11.102323532104492,10.718765258789062,816.3295288085938,27.162601470947266,13.515596389770508
25000,35008,17,3,248,35,0,2907.879150390625,174.7567138671875,87.4668197631836,50.00203323364258,43.50414276123047,33.556846618652344,32.52925491333008,29.382286071777344,26.51251792907715,24.65670394897461,22.20827865600586,19.340606689453125,18.924579620361328,18.57111167907715,17.046886444091797,15.304805755615234,14.650711059570312,1226.550537109375,32.72560119628906,19.359617233276367
25000,35008,17,3,248,35,1,2909.65380859375,174.25315856933594,88.83048248291016,49.913631439208984,41.3247184753418,32.13319396972656,30.779788970947266,29.029691696166992,25.203716278076172,22.74102783203125,20.285131454467773,19.793432235717773,18.044971466064453,16.93408203125,15.906747817993164,14.852980613708496,13.958695411682129,1227.400390625,31.899824142456055,19.946975708007812
30000,40000,17,3,250,39,0,4209.85009765625,191.1991424560547,95.95089721679688,62.50768280029297,44.979496002197266,39.699974060058594,35.94390869140625,31.954301834106445,29.346830368041992,26.187185287475586,22.44523048400879,21.769411087036133,20.287601470947266,19.233524322509766,18.60386085510254,18.241077423095703,17.058900833129883,1775.1083984375,34.565467834472656,22.233701705932617
30000,40000,17,3,250,39,1,4230.02001953125,191.7482147216797,94.53881072998047,62.2462272644043,43.73726272583008,40.307586669921875,36.7336311340332,32.42439270019531,30.207538604736328,26.34075927734375,22.934764862060547,21.352861404418945,20.934043884277344,19.51401710510254,18.34696388244629,18.138525009155273,16.921600341796875,1784.8875732421875,35.9335823059082,22.379880905151367
35000,44992,17,3,253,44,0,6126.86865234375,217.70799255371094,104.7563247680664,75.44384002685547,52.51564407348633,50.4505500793457,42.67528533935547,41.078834533691406,39.200042724609375,35.876304626464844,30.618284225463867,27.065385818481445,25.894641876220703,23.08503532409668,22.60228157043457,21.58942413330078,20.264930725097656,2571.132080078125,43.009769439697266,28.95953941345215
35000,44992,17,3,253,44,1,6120.6005859375,217.34251403808594,106.33667755126953,76.6275405883789,51.34760665893555,47.61806106567383,43.057682037353516,36.338626861572266,34.80891036987305,32.907535552978516,27.546777725219727,25.991636276245117,24.132244110107422,22.524311065673828,20.70732307434082,19.36785316467285,18.062103271484375,2569.69091796875,41.79309844970703,27.424266815185547
40000,50048,17,3,254,50,0,7138.50146484375,264.1309509277344,110.94762420654297,71.0086898803711,56.58200454711914,50.13411331176758,40.58203887939453,35.47771453857422,32.42216873168945,30.322473526000977,27.671993255615234,25.523761749267578,24.148897171020508,22.718515396118164,21.31342315673828,20.303632736206055,18.811378479003906,3004.0771484375,38.722171783447266,26.92013168334961
40000,50048,17,3,254,50,1,7137.74169921875,264.904541015625,112.91060638427734,72.017578125,58.708133697509766,50.007240295410156,40.33596420288086,36.67996597290039,35.42781066894531,31.2547607421875,27.0872802734375,25.376705169677734,22.749691009521484,21.159482955932617,20.16534423828125,19.01445198059082,16.92935562133789,3002.5830078125,39.92362976074219,26.317588806152344
45000,55040,17,3,252,55,0,8174.32421875,258.8844299316406,126.91265869140625,74.88800048828125,56.890838623046875,50.81184005737305,44.27987289428711,41.38185501098633,38.23301315307617,36.011844635009766,32.719058990478516,27.09024429321289,25.915090560913086,24.889728546142578,23.959074020385742,22.63287353515625,21.15229606628418,3435.643798828125,48.677127838134766,28.602663040161133
45000,55040,17,3,252,55,1,8163.33154296875,258.79461669921875,125.07722473144531,74.69164276123047,60.054195404052734,49.10676193237305,40.81871795654297,40.008174896240234,36.64088821411133,31.008014678955078,27.28395652770996,25.403032302856445,24.835498809814453,23.133079528808594,22.91292953491211,20.173782348632812,19.51675796508789,3432.723388671875,46.89568328857422,27.322307586669922
50000,60032,17,3,256,59,0,9551.6611328125,223.11459350585938,116.54270935058594,93.66490173339844,60.063865661621094,50.12619400024414,41.359432220458984,39.46905517578125,35.39177322387695,30.74626922607422,28.422260284423828,28.018268585205078,26.213924407958984,24.434072494506836,23.228273391723633,22.54421615600586,21.282360076904297,4007.663330078125,39.365325927734375,26.69493865966797
50000,60032,17,3,256,59,1,9539.9296875,219.2464599609375,114.44989776611328,93.6833724975586,63.16297912597656,49.22234344482422,43.30723571777344,39.264930725097656,36.497581481933594,31.15742301940918,28.92721939086914,27.803590774536133,25.653289794921875,24.69978904724121,24.000776290893555,22.48090171813965,19.97511863708496,4002.08984375,37.854400634765625,24.62445640563965
55000,65024,17,3,248,65,0,10218.9921875,254.43716430664062,131.17916870117188,88.14927673339844,63.79469299316406,48.07217025756836,39.075191497802734,37.61030960083008,34.65167999267578,32.60517883300781,31.733592987060547,29.117948532104492,27.01731300354004,25.1719913482666,24.2385311126709,20.764881134033203,20.070053100585938,4296.7470703125,46.40360641479492,26.35091781616211
55000,65024,17,3,248,65,1,10239.7275390625,257.1273193359375,130.5096893310547,85.54291534423828,65.06129455566406,49.78988265991211,38.478843688964844,36.43842315673828,33.07537078857422,32.46205520629883,31.530649185180664,28.20208740234375,26.565452575683594,25.15817642211914,23.246145248413086,22.32525062561035,20.532670974731445,4304.12646484375,46.30836486816406,26.87223243713379
60000,70016,17,3,252,68,0,11233.4560546875,271.4503479003906,129.9270782470703,85.95539093017578,60.70151901245117,52.5775146484375,45.68510818481445,43.997432708740234,41.370697021484375,36.90767288208008,32.99309158325195,28.79843521118164,27.067392349243164,26.117746353149414,25.359416961669922,25.021345138549805,23.062753677368164,4728.82373046875,49.394161224365234,31.12666893005371
60000,70016,17,3,252,68,1,11239.47265625,271.9522705078125,127.62230682373047,85.63021087646484,60.59598159790039,49.88447570800781,43.03251647949219,41.87419509887695,37.51597595214844,34.820255279541016,30.566577911376953,28.181371688842773,27.46158218383789,25.800607681274414,23.374988555908203,22.593223571777344,20.945005416870117,4730.90380859375,45.95906448364258,26.599761962890625
65000,75008,17,3,254,74,0,12331.9111328125,225.96791076660156,149.12884521484375,81.25243377685547,68.99675750732422,54.97157287597656,46.21968460083008,38.425113677978516,37.50059127807617,33.51059341430664,30.069608688354492,27.513084411621094,25.7736873626709,25.050689697265625,23.915061950683594,23.223445892333984,21.74154281616211,5192.55712890625,48.14011001586914,29.15277862548828
65000,75008,17,3,254,74,1,12333.7705078125,227.0140838623047,154.06561279296875,82.19573211669922,69.78470611572266,58.05423355102539,46.72138977050781,39.75841522216797,35.73701095581055,34.0366096496582,29.599308013916016,29.063209533691406,26.025043487548828,24.970712661743164,22.567413330078125,21.437273025512695,20.349918365478516,5194.29345703125,47.9876708984375,29.083528518676758
70000,80000,17,3,255,76,0,13817.490234375,358.4593200683594,137.17727661132812,95.11851501464844,68.11992645263672,56.28339767456055,44.809608459472656,40.65739059448242,39.48492431640625,35.16542053222656,30.988807678222656,30.31816291809082,26.533906936645508,25.170528411865234,24.14199447631836,22.492290496826172,19.83677101135254,5795.59130859375,56.2343864440918,29.018075942993164
70000,80000,17,3,255,76,1,13763.37109375,359.5734558105469,136.85986328125,98.18534088134766,68.98513793945312,57.965736389160156,54.41347885131836,48.295196533203125,42.638946533203125,38.477481842041016,35.427207946777344,29.6859188079834,27.37122917175293,25.388187408447266,23.647676467895508,22.904783248901367,21.328720092773438,5773.0478515625,59.165496826171875,32.301963806152344
75000,84992,17,3,255,84,0,13649.16015625,294.5870361328125,158.53192138671875,100.46532440185547,66.59194946289062,53.63053894042969,48.33785629272461,39.81422424316406,37.6823844909668,35.18902587890625,34.211212158203125,29.173341751098633,28.064146041870117,27.653871536254883,25.0441837310791,23.070030212402344,22.144567489624023,5729.80908203125,54.64453125,25.765026092529297
75000,84992,17,3,255,84,1,13682.130859375,291.8063049316406,158.46156311035156,98.8171615600586,64.53123474121094,52.621158599853516,46.66679763793945,37.31348419189453,35.72322463989258,33.814754486083984,33.387290954589844,29.52837371826172,26.654802322387695,23.448781967163086,22.98538589477539,22.714797973632812,21.409305572509766,5744.87255859375,48.8039436340332,26.665456771850586
80000,90048,17,3,250,81,0,14298.6328125,261.5862121582031,143.9663543701172,96.79481506347656,62.75408172607422,56.353153228759766,49.08824920654297,38.90690231323242,38.37972640991211,35.97296142578125,33.35014343261719,31.97430992126465,30.051664352416992,27.511810302734375,25.900957107543945,25.147518157958984,22.38274574279785,6001.2373046875,54.14529800415039,32.42302322387695
80000,90048,17,3,250,81,1,14320.9189453125,264.84326171875,143.72637939453125,98.41922760009766,66.59141540527344,53.928951263427734,47.4008903503418,43.26018524169922,39.7193603515625,37.21649169921875,31.901897430419922,30.799928665161133,29.64417266845703,25.616886138916016,24.52972984313965,23.34850311279297,22.712568283081055,6011.04638671875,47.33871078491211,28.00924301147461
85000,95040,17,3,254,83,0,15576.9296875,279.8304443359375,149.7364501953125,100.51895904541016,72.9036865234375,56.42710494995117,47.085628509521484,41.830806732177734,40.20417404174805,34.142486572265625,32.47943878173828,29.836132049560547,26.7210693359375,25.458425521850586,25.126628875732422,24.231182098388672,23.372159957885742,6540.64892578125,51.35129165649414,29.673038482666016
85000,95040,17,3,254,83,1,15586.73046875,279.09527587890625,150.4307098388672,101.97763061523438,73.32831573486328,57.858177185058594,46.12092971801758,42.01749038696289,40.86245346069336,35.611568450927734,33.01298141479492,31.044309616088867,29.249217987060547,26.891647338867188,25.269805908203125,24.74390411376953,22.70021629333496,6544.53759765625,51.44606018066406,30.596580505371094
90000,100032,17,3,249,85,0,15128.0859375,314.0509338378906,144.6536407470703,95.72368621826172,63.88412094116211,56.172523498535156,48.56983184814453,42.028053283691406,39.155487060546875,35.07097244262695,32.23140335083008,29.367937088012695,27.944961547851562,27.18569564819336,25.87693977355957,24.462289810180664,23.14951515197754,6369.81396484375,47.715511322021484,31.449859619140625
90000,100032,17,3,249,85,1,15124.5556640625,310.3738708496094,142.3446044921875,96.77429962158203,65.72714233398438,52.89811706542969,49.444496154785156,44.280338287353516,38.52431106567383,36.566253662109375,30.291810989379883,29.43019676208496,27.827529907226562,26.393827438354492,25.640317916870117,23.37392234802246,23.084592819213867,6370.3095703125,47.45589065551758,27.19388771057129
95000,105024,17,3,250,92,0,16365.583984375,301.68072509765625,140.12588500976562,92.39227294921875,67.61295318603516,57.051124572753906,48.07595443725586,39.49335861206055,35.570091247558594,34.816864013671875,32.18153381347656,29.325437545776367,26.98036003112793,25.885780334472656,23.285179138183594,22.73956298828125,20.37480926513672,6867.8515625,52.83779525756836,26.20160675048828
95000,105024,17,3,250,92,1,16376.716796875,301.2022705078125,140.9618377685547,93.1086196899414,67.24337005615234,54.09166717529297,44.801517486572266,39.57716369628906,39.18668746948242,34.577056884765625,31.356489181518555,27.669981002807617,26.958961486816406,25.864030838012695,24.982553482055664,23.349454879760742,22.177024841308594,6872.3720703125,46.809852600097656,26.39736557006836
100000,110016,17,3,247,91,0,15616.51953125,314.8647766113281,150.79595947265625,94.20401763916016,70.5382308959961,54.78852081298828,50.77939987182617,46.013938903808594,43.434669494628906,39.92279052734375,33.629478454589844,31.756389617919922,28.011653900146484,27.68039321899414,26.1885986328125,24.734710693359375,23.625368118286133,6546.9267578125,57.9354133605957,29.616125106811523
100000,110016,17,3,247,91,1,15598.4619140625,314.45806884765625,152.50442504882812,95.19256591796875,70.41521453857422,54.09103012084961,50.069549560546875,48.9882698059082,43.27936553955078,40.820552825927734,34.70316696166992,31.37931251525879,29.131916046142578,26.917510986328125,25.965560913085938,24.20890998840332,22.473657608032227,6540.1435546875,58.36429214477539,29.37466812133789
105000,115008,17,3,252,99,0,17004.296875,293.4684143066406,137.3474884033203,100.58477783203125,69.1341552734375,54.861698150634766,50.164676666259766,44.409889221191406,39.88420486450195,36.076026916503906,30.905872344970703,29.43573760986328,27.15594482421875,24.605295181274414,23.607994079589844,22.247905731201172,21.310928344726562,7170.41650390625,54.781864166259766,31.53853988647461
105000,115008,17,3,252,99,1,16977.55859375,295.18914794921875,137.19432067871094,99.67992401123047,67.04740905761719,52.44086456298828,50.68886947631836,44.841800689697266,42.713863372802734,33.74896240234375,32.54072189331055,30.422008514404297,29.375688552856445,26.146387100219727,25.28327751159668,22.804344177246094,21.687223434448242,7158.7763671875,51.864601135253906,30.21022605895996
110000,120000,17,3,247,104,0,16890.498046875,263.5073547363281,146.69381713867188,89.60503387451172,69.6490707397461,62.035400390625,43.847103118896484,42.246395111083984,34.801918029785156,33.736541748046875,30.351940155029297,29.722139358520508,27.547672271728516,26.8931827545166,25.5524845123291,24.800373077392578,23.8172607421875,7107.40380859375,47.50411605834961,27.826278686523438
110000,120000,17,3,247,104,1,16903.490234375,263.6575927734375,146.43202209472656,89.57421875,68.18115997314453,61.37749099731445,45.40131759643555,38.210594177246094,36.30713653564453,33.49972915649414,29.202274322509766,27.982208251953125,27.131711959838867,25.45838165283203,24.189453125,23.372142791748047,20.562824249267578,7114.25048828125,46.70173263549805,26.588621139526367
115000,124992,17,3,253,104,0,17548.49609375,282.67230224609375,136.3505096435547,100.6080551147461,75.53156280517578,59.866004943847656,48.066200256347656,45.50947952270508,43.818843841552734,39.742149353027344,31.91010856628418,30.876537322998047,29.258760452270508,27.62291145324707,26.912952423095703,24.02499008178711,21.732757568359375,7385.50830078125,59.126739501953125,31.941287994384766
115000,124992,17,3,253,104,1,17583.021484375,283.32879638671875,135.18722534179688,103.35091400146484,72.86348724365234,60.697715759277344,48.37285614013672,45.8101921081543,42.38978576660156,39.832881927490234,32.27973556518555,30.421293258666992,28.714235305786133,27.443220138549805,25.944368362426758,24.49650001525879,22.271636962890625,7401.67919921875,59.40593719482422,32.38090896606445
120000,130048,17,3,252,109,0,17927.31640625,285.7176513671875,156.04953002929688,103.49329376220703,68.89020538330078,60.096107482910156,51.93164825439453,47.763057708740234,44.18708038330078,38.03239822387695,35.09380340576172,31.194387435913086,29.38616943359375,27.6240291595459,26.51415252685547,24.589426040649414,22.796146392822266,7538.10302734375,56.75076675415039,33.481319427490234
120000,130048,17,3,252,109,1,17934.193359375,287.58154296875,155.88792419433594,104.0521469116211,70.9109115600586,60.29317855834961,51.041873931884766,46.624839782714844,43.27672576904297,37.98247146606445,33.62093734741211,28.942522048950195,28.314855575561523,27.013545989990234,26.2239933013916,25.31210708618164,22.45320701599121,7537.89501953125,57.258155822753906,32.90779495239258
125000,135040,17,3,252,115,0,18258.056640625,336.8309631347656,140.57745361328125,87.25675964355469,69.97061920166016,57.38025665283203,46.51351547241211,45.46234893798828,40.371707916259766,38.970272064208984,34.1337890625,31.395374298095703,28.57490348815918,27.09415626525879,26.470746994018555,25.846036911010742,23.865121841430664,7688.11767578125,51.246498107910156,28.9498233795166
125000,135040,17,3,252,115,1,18271.873046875,343.6383361816406,138.94390869140625,87.4697494506836,69.14520263671875,55.805789947509766,48.772220611572266,45.83328628540039,43.11862564086914,40.26652145385742,32.9017448425293,30.791107177734375,29.020549774169922,26.9499454498291,25.937774658203125,24.50878143310547,23.320371627807617,7694.2919921875,51.390716552734375,30.97588348388672
130000,140032,17,3,250,118,0,18109.0078125,254.9495391845703,149.74559020996094,90.1273193359375,72.9009017944336,56.5135498046875,53.891353607177734,50.48408508300781,45.92884826660156,37.691795349121094,36.8990592956543,30.789735794067383,30.015655517578125,27.210969924926758,24.803874969482422,23.76686668395996,22.747745513916016,7621.595703125,53.75429153442383,31.021259307861328
130000,140032,17,3,250,118,1,18154.708984375,254.78256225585938,151.80514526367188,90.19760131835938,73.90328216552734,57.746158599853516,54.963783264160156,50.95149230957031,45.56808090209961,41.47358322143555,35.93360900878906,29.767412185668945,27.84164047241211,26.347064971923828,25.232295989990234,23.500797271728516,22.915700912475586,7640.41650390625,57.11940002441406,31.220033645629883
135000,145024,17,3,252,112,0,19058.2421875,286.09130859375,135.6795196533203,94.30135345458984,72.35612487792969,57.04175567626953,54.441131591796875,42.71440124511719,39.0376091003418,37.75144577026367,32.46086883544922,30.074060440063477,27.625991821289062,26.699045181274414,25.373554229736328,22.784780502319336,21.652088165283203,8026.27880859375,58.70588684082031,30.15161895751953
135000,145024,17,3,252,112,1,19082.203125,286.044921875,136.86434936523438,94.38162994384766,72.59540557861328,63.04880905151367,59.61763000488281,51.33218765258789,43.05022048950195,40.6544189453125,37.14391326904297,32.3609733581543,30.89621925354004,27.556623458862305,26.19045639038086,24.681657791137695,23.588970184326172,8037.09326171875,61.2609748840332,34.918357849121094
140000,150016,17,3,255,116,0,19584.677734375,293.0221862792969,127.13088989257812,108.33907318115234,71.75209045410156,55.801597595214844,45.09284210205078,41.68674850463867,37.947383880615234,36.04598617553711,33.649818420410156,31.089811325073242,29.6280517578125,27.103532791137695,24.93061637878418,22.701475143432617,22.26767921447754,8222.6689453125,54.37117385864258,27.867637634277344
140000,150016,17,3,255,116,1,19593.130859375,292.3414611816406,127.70865631103516,105.7361831665039,71.33487701416016,55.300025939941406,50.678977966308594,44.20806884765625,42.85618209838867,40.37809753417969,35.33177947998047,29.044483184814453,27.740089416503906,26.514083862304688,25.384740829467773,25.05411720275879,20.253625869750977,8224.619140625,57.740501403808594,32.01826095581055
145000,155008,17,3,250,129,0,19552.486328125,341.0443420410156,146.9425811767578,96.00810241699219,68.41923522949219,53.803585052490234,50.39961624145508,43.3234977722168,40.05343246459961,38.54817199707031,35.41550827026367,33.26729965209961,29.896259307861328,29.546852111816406,27.296592712402344,25.55411148071289,23.03279685974121,8204.4345703125,55.86793518066406,31.309276580810547
145000,155008,17,3,250,129,1,19580.34765625,336.8198547363281,144.50302124023438,94.53502655029297,67.39201354980469,52.99585723876953,46.64805221557617,45.256988525390625,43.416465759277344,40.98855972290039,35.9951057434082,32.55917739868164,30.051916122436523,26.624149322509766,25.538305282592773,25.120128631591797,22.431135177612305,8214.37890625,54.934574127197266,29.13520050048828
150000,160000,17,3,248,127,0,19879.138671875,264.9430847167969,134.33383178710938,93.29650115966797,68.83824920654297,55.91897201538086,52.678443908691406,46.63291549682617,40.525733947753906,37.597572326660156,30.616247177124023,28.463851928710938,27.097013473510742,25.35672950744629,23.70283317565918,22.161069869995117,21.12068748474121,8355.9755859375,52.20038604736328,29.87802505493164
150000,160000,17,3,248,127,1,19891.080078125,264.2919006347656,131.02459716796875,90.12511444091797,65.9503173828125,55.231868743896484,51.72457504272461,44.28506088256836,39.71601486206055,35.88663864135742,30.246627807617188,28.82040786743164,26.0847225189209,25.39073944091797,23.656354904174805,22.46997833251953,20.28334617614746,8361.2763671875,50.769920349121094,28.47258186340332
155000,164992,17,3,250,129,0,20116.31640625,253.83433532714844,131.15296936035156,85.75817108154297,65.12100219726562,56.6418571472168,51.05643844604492,50.583335876464844,41.14242935180664,33.76168441772461,28.778583526611328,27.121688842773438,26.295244216918945,25.599651336669922,23.89411735534668,22.207799911499023,21.129112243652344,8457.2685546875,53.03067398071289,29.170703887939453
155000,164992,17,3,250,129,1,20108.09765625,253.42318725585938,129.90444946289062,83.86080169677734,64.77836608886719,54.457496643066406,50.919212341308594,49.1587028503418,39.10139465332031,36.949825286865234,30.54551124572754,29.062591552734375,25.789758682250977,24.932514190673828,24.77364158630371,22.7869930267334,22.04416275024414,8450.7255859375,50.95689010620117,29.4483585357666
160000,170048,17,3,252,135,0,20410.16796875,248.29176330566406,144.2891082763672,90.8493423461914,76.46073913574219,58.91227722167969,46.57296371459961,44.11771774291992,37.36981201171875,33.19085693359375,32.713497161865234,28.18048667907715,27.1564884185791,25.60520362854004,23.67481803894043,22.06186866760254,19.383502960205078,8579.5927734375,54.917449951171875,28.97825050354004
160000,170048,17,3,252,135,1,20372.931640625,250.53855895996094,142.0354766845703,88.98348999023438,74.70280456542969,57.153297424316406,49.43925857543945,41.5660514831543,41.19756317138672,37.3434944152832,30.761362075805664,28.497215270996094,27.881540298461914,25.5327091217041,24.705608367919922,24.08162498474121,22.181053161621094,8564.228515625,52.02676010131836,34.570640563964844
165000,175040,17,3,253,132,0,20766.23828125,285.08404541015625,135.51451110839844,82.92840576171875,64.22826385498047,57.25598907470703,45.076148986816406,40.33002853393555,37.81867218017578,33.94961166381836,28.5199031829834,27.0242977142334,24.83513832092285,24.53524398803711,23.800674438476562,23.082843780517578,20.831649780273438,8749.1826171875,47.121376037597656,27.175617218017578
165000,175040,17,3,253,132,1,20765.775390625,285.5736999511719,135.6385955810547,82.4420394897461,63.04135513305664,58.037315368652344,41.92621612548828,39.363365173339844,36.87262725830078,32.91067123413086,30.520877838134766,26.4912166595459,25.349355697631836,24.034400939941406,23.531267166137695,22.449209213256836,19.17285919189453,8750.1171875,48.30057907104492,28.506498336791992
170000,180032,17,3,253,147,0,20730.982421875,295.9714660644531,130.7057647705078,83.31121826171875,58.925758361816406,51.8719596862793,43.541595458984375,38.388450622558594,34.556396484375,32.89291000366211,31.88831901550293,29.072439193725586,27.690311431884766,26.75617027282715,24.622211456298828,23.036914825439453,22.0307674407959,8718.916015625,41.58329772949219,31.42171287536621
170000,180032,17,3,253,147,1,20739.625,294.0211486816406,130.54185485839844,80.34126281738281,61.805850982666016,50.53288269042969,42.62439727783203,38.06190872192383,35.513309478759766,34.63362503051758,33.070457458496094,30.03366470336914,28.856170654296875,24.96925926208496,23.602352142333984,23.18792724609375,22.15351104736328,8722.3193359375,41.4180908203125,30.955244064331055
175000,185024,17,3,248,136,0,21131.8203125,286.144287109375,134.0111083984375,96.34022521972656,83.6932373046875,53.13606262207031,49.09900665283203,45.72501754760742,43.93265151977539,41.59933090209961,38.71379089355469,30.464889526367188,28.50912094116211,25.511938095092773,24.197853088378906,22.910024642944336,21.888139724731445,8885.6025390625,62.6918830871582,34.49795150756836
175000,185024,17,3,248,136,1,21116.97265625,285.124267578125,130.26292419433594,93.06521606445312,81.43179321289062,53.4848747253418,48.051658630371094,46.417842864990234,41.44484329223633,37.43671417236328,33.91765213012695,30.095754623413086,27.785242080688477,24.487356185913086,22.77099609375,22.312105178833008,20.290132522583008,8879.7138671875,57.18721008300781,30.81790542602539
180000,190016,17,3,251,141,0,21135.23046875,267.0100402832031,144.3350830078125,103.38724517822266,70.09156799316406,66.86639404296875,59.19574737548828,53.15424346923828,50.176944732666016,39.40434265136719,34.08190155029297,29.942684173583984,28.48871612548828,26.909706115722656,25.307600021362305,22.977392196655273,21.241954803466797,8879.5546875,52.35100173950195,35.87443161010742
180000,190016,17,3,251,141,1,21142.609375,265.6004333496094,142.3791046142578,101.68402862548828,67.86318969726562,64.0094985961914,59.236419677734375,52.50851058959961,48.00736618041992,40.69904708862305,33.26323699951172,30.156579971313477,29.690120697021484,28.11713409423828,24.94109344482422,24.016864776611328,23.901796340942383,8880.0576171875,47.9027214050293,35.9586296081543
185000,195008,17,3,249,142,0,21501.150390625,317.3679504394531,141.84967041015625,94.79644012451172,63.56619644165039,53.68975067138672,45.58418655395508,43.04985809326172,41.26142120361328,33.80044174194336,30.115623474121094,27.558792114257812,26.107006072998047,24.686798095703125,23.900829315185547,22.042930603027344,21.3823299407959,9042.2421875,49.9970817565918,29.506149291992188
185000,195008,17,3,249,142,1,21505.240234375,313.507568359375,143.5015869140625,96.76708984375,64.40462493896484,54.61636734008789,46.966365814208984,45.26896286010742,43.587223052978516,36.06224822998047,34.45796585083008,32.10468673706055,30.177616119384766,27.03925323486328,25.281444549560547,24.794553756713867,22.71687889099121,9042.93359375,50.19245529174805,32.105079650878906
190000,200000,17,3,252,132,0,21873.892578125,214.2881317138672,128.60060119628906,84.66513061523438,66.72525024414062,47.36334228515625,42.95568084716797,41.84651565551758,34.1569709777832,32.30411148071289,28.981245040893555,26.921316146850586,25.139312744140625,24.020326614379883,23.283851623535156,22.42331886291504,20.170459747314453,9190.25390625,43.951942443847656,26.620309829711914
190000,200000,17,3,252,132,1,21866.41015625,211.9758758544922,129.9511260986328,81.31503295898438,65.72140502929688,48.557762145996094,45.16159439086914,42.795440673828125,35.769283294677734,35.27486801147461,27.618927001953125,26.128337860107422,25.027986526489258,23.949203491210938,22.608591079711914,21.17922592163086,19.104488372802734,9184.2109375,45.7701416015625,28.626861572265625
195000,204992,17,3,252,150,0,22332.40234375,256.5992126464844,124.53250122070312,81.10370635986328,59.65663528442383,52.848262786865234,49.70498275756836,44.586204528808594,40.074119567871094,33.55845642089844,30.384843826293945,28.42014503479004,25.781627655029297,23.105093002319336,21.556171417236328,21.072750091552734,19.865436553955078,9385.564453125,44.86846160888672,28.120912551879883
195000,204992,17,3,252,150,1,22308.712890625,254.7769012451172,123.94771575927734,78.86784362792969,60.591556549072266,50.94359588623047,48.89965057373047,44.38304901123047,37.43941116333008,30.661251068115234,28.836301803588867,27.966007232666016,25.527536392211914,24.009550094604492,23.322050094604492,20.879419326782227,19.89501190185547,9373.771484375,42.97386169433594,28.796428680419922
200000,210048,17,3,251,148,0,21936.69921875,300.9995422363281,144.1725311279297,94.65711975097656,71.2714614868164,56.00121307373047,44.85064697265625,35.7979621887207,34.656776428222656,31.891204833984375,29.901653289794922,26.447616577148438,25.706937789916992,24.46452522277832,22.222383499145508,21.397706985473633,20.200149536132812,9200.189453125,59.107845306396484,30.357858657836914
200000,210048,17,3,251,148,1,21932.4609375,303.1108703613281,141.0336456298828,91.70130157470703,74.10791778564453,57.07675552368164,46.56105041503906,38.45204162597656,38.00760269165039,32.21722412109375,29.518043518066406,27.018333435058594,25.731678009033203,24.014911651611328,22.208118438720703,21.53861427307129,19.359169006347656,9197.3837890625,60.10771560668945,28.069746017456055
205000,215040,17,3,255,151,0,22980.8984375,301.0691833496094,156.52847290039062,108.38959503173828,66.91739654541016,57.109188079833984,51.154178619384766,49.18504333496094,38.79781723022461,33.23213195800781,29.13813018798828,27.688488006591797,24.56926727294922,24.130340576171875,21.775789260864258,21.522354125976562,19.65542221069336,9649.8115234375,47.94645309448242,24.5284423828125
205000,215040,17,3,255,151,1,22992.5,306.34796142578125,154.81585693359375,105.5251235961914,65.3536376953125,64.17434692382812,63.07759094238281,51.459774017333984,44.73023223876953,33.418025970458984,29.048105239868164,27.406124114990234,25.861774444580078,24.858572006225586,23.249149322509766,22.286861419677734,21.796340942382812,9654.1181640625,50.45966339111328,28.86705780029297
210000,220032,17,3,252,141,0,22482.341796875,293.3868713378906,129.01344299316406,76.66148376464844,62.99436950683594,49.81196212768555,42.086238861083984,41.38296890258789,37.053321838378906,33.59166717529297,32.96514129638672,27.342235565185547,24.429367065429688,22.071619033813477,21.415111541748047,20.800460815429688,20.328449249267578,9454.6826171875,50.64954376220703,27.043071746826172
210000,220032,17,3,252,141,1,22454.94921875,290.35675048828125,129.0894012451172,75.0243911743164,64.21119689941406,51.11670684814453,41.08148956298828,39.84052276611328,34.20820617675781,32.70338439941406,30.73716926574707,28.25990104675293,24.26294708251953,23.73781394958496,21.202341079711914,20.15079689025879,18.292659759521484,9442.7568359375,50.676937103271484,25.46518325805664
215000,225024,17,3,253,149,0,23088.375,283.877685546875,125.63954162597656,91.4195327758789,63.378028869628906,60.86221694946289,46.380035400390625,40.94013214111328,36.24745559692383,34.06977462768555,26.739858627319336,25.82366371154785,25.52080535888672,23.473657608032227,22.838685989379883,21.369035720825195,19.414737701416016,9689.4736328125,57.03345489501953,24.843034744262695
215000,225024,17,3,253,149,1,23091.248046875,284.91192626953125,123.83790588378906,92.37188720703125,67.82037353515625,58.54048156738281,50.471214294433594,42.517059326171875,36.46927261352539,33.7293815612793,30.836353302001953,27.826807022094727,26.14295768737793,24.437278747558594,23.866151809692383,21.73838996887207,20.191892623901367,9689.005859375,59.26971435546875,27.881261825561523
220000,230016,17,3,255,156,0,23087.52734375,307.359619140625,140.16000366210938,98.77898406982422,66.87815856933594,57.366668701171875,43.210914611816406,38.44807052612305,36.03511428833008,35.90231704711914,30.658479690551758,27.94607925415039,26.029516220092773,23.759511947631836,23.06635284423828,21.5493221282959,21.272377014160156,9719.1279296875,45.433013916015625,26.050073623657227
220000,230016,17,3,255,156,1,23074.583984375,311.1300354003906,140.8580322265625,98.62334442138672,64.4709701538086,52.73080062866211,46.11325454711914,39.331016540527344,36.47687911987305,34.03273010253906,31.751089096069336,27.98745346069336,27.224756240844727,26.63300132751465,23.9041690826416,23.107805252075195,20.80372428894043,9711.0654296875,46.354923248291016,27.711711883544922
225000,235008,17,3,251,152,0,23445.349609375,298.9166564941406,118.38742065429688,80.77987670898438,64.92375183105469,55.78339385986328,54.050743103027344,49.447723388671875,43.44852828979492,33.454071044921875,31.83657455444336,29.427335739135742,27.15101432800293,24.80868911743164,23.700040817260742,21.05484390258789,17.922502517700195,9859.341796875,51.10805130004883,29.697202682495117
225000,235008,17,3,251,152,1,23427.767578125,300.3841552734375,119.28217315673828,81.73909759521484,69.0979232788086,57.021705627441406,53.55065155029297,48.725868225097656,42.435081481933594,33.12832260131836,28.68901824951172,27.652978897094727,26.853891372680664,24.66062355041504,23.26528549194336,22.292633056640625,20.368682861328125,9851.13671875,50.68097686767578,29.871707916259766
230000,240000,17,3,250,161,0,23726.779296875,254.03762817382812,123.5296859741211,85.43270111083984,67.01573181152344,59.979217529296875,55.95338821411133,50.02418899536133,39.048465728759766,32.663909912109375,30.207551956176758,28.159141540527344,25.650089263916016,24.25588607788086,24.000532150268555,22.18881607055664,20.964515686035156,9994.572265625,54.59947967529297,31.57204818725586
230000,240000,17,3,250,161,1,23716.271484375,254.35044860839844,124.44404602050781,85.896484375,66.37051391601562,57.04291915893555,51.47051239013672,47.16257858276367,39.41545867919922,34.008995056152344,30.025959014892578,27.179363250732422,26.104990005493164,24.872488021850586,23.098020553588867,21.517658233642578,20.170969009399414,9989.4013671875,57.184906005859375,29.28006362915039
235000,244992,17,3,254,157,0,23905.462890625,244.36476135253906,128.42140197753906,80.19874572753906,63.738746643066406,48.76172637939453,42.59228515625,40.11949157714844,37.55516815185547,33.74969482421875,26.46509552001953,25.95134735107422,23.124380111694336,22.5001220703125,21.350038528442383,19.84821891784668,18.408002853393555,10055.5380859375,44.664310455322266,27.098039627075195
235000,244992,17,3,254,157,1,23888.86328125,244.2565460205078,126.25543975830078,80.2591781616211,61.161014556884766,46.05839920043945,42.926551818847656,41.262088775634766,38.24330520629883,32.19035720825195,30.32282829284668,26.916885375976562,24.25103759765625,22.289562225341797,21.432632446289062,20.691120147705078,19.00176429748535,10049.7255859375,45.19894027709961,25.776042938232422
240000,250048,17,3,249,157,0,24352.794921875,276.2569885253906,136.31637573242188,80.46101379394531,57.39752960205078,55.54814529418945,47.778133392333984,41.677608489990234,36.8264274597168,33.19209289550781,27.77924919128418,26.01463508605957,24.49818229675293,22.695398330688477,20.899335861206055,19.808094024658203,18.46292495727539,10248.681640625,41.247318267822266,27.5413761138916
240000,250048,17,3,249,157,1,24334.169921875,276.07354736328125,134.9196319580078,80.99119567871094,60.45992660522461,60.258182525634766,51.652530670166016,45.87920379638672,38.17802047729492,33.392093658447266,27.181062698364258,26.584732055664062,24.071748733520508,22.520000457763672,21.793119430541992,20.112892150878906,19.17292022705078,10240.728515625,44.20906066894531,28.086652755737305
245000,255040,17,3,247,158,0,24002.68359375,267.705322265625,119.49105834960938,82.0347671508789,63.716983795166016,50.54331588745117,45.46903991699219,40.848995208740234,36.831459045410156,33.901023864746094,27.237197875976562,25.23668670654297,23.906763076782227,22.18844223022461,21.084550857543945,19.205358505249023,18.70996856689453,10100.1416015625,54.70590591430664,27.495994567871094
245000,255040,17,3,247,158,1,24012.11328125,270.11517333984375,118.57246398925781,83.79769897460938,61.00458908081055,52.45930862426758,48.40147399902344,45.89349365234375,37.27455520629883,32.58183288574219,31.248910903930664,27.62369728088379,25.429767608642578,24.44173812866211,24.04012680053711,21.466594696044922,20.13791275024414,10105.146484375,55.35638427734375,31.167667388916016
250000,260032,17,3,253,159,0,24251.837890625,424.7144775390625,155.0174102783203,87.33415985107422,61.240501403808594,52.139591217041016,43.561702728271484,40.138916015625,36.045169830322266,34.41255187988281,29.996932983398438,28.651195526123047,26.748994827270508,25.576095581054688,24.17352867126465,21.632478713989258,19.647890090942383,10197.8408203125,45.05653762817383,29.89450454711914
250000,260032,17,3,253,159,1,24248.634765625,425.3701477050781,152.30384826660156,89.03311920166016,60.3444938659668,50.26002502441406,46.36429977416992,39.027244567871094,36.78327560424805,34.382022857666016,30.891496658325195,28.695934295654297,27.00795555114746,25.25217056274414,24.75563621520996,23.802059173583984,20.805761337280273,10195.3681640625,44.72396469116211,29.0620059967041
255000,265024,17,3,253,157,0,24321.498046875,245.7135467529297,128.5266876220703,84.6566390991211,59.42341613769531,53.67766189575195,44.93967819213867,39.19560623168945,37.31216049194336,34.372833251953125,29.94684600830078,25.662981033325195,24.374828338623047,23.17388343811035,22.436906814575195,21.09758758544922,18.43355941772461,10229.0859375,47.196937561035156,28.953842163085938
255000,265024,17,3,253,157,1,24319.013671875,246.60964965820312,127.40673828125,82.51454162597656,62.497718811035156,54.55657958984375,44.848785400390625,40.083988189697266,37.03550338745117,34.84080505371094,28.21469497680664,26.745521545410156,23.9862117767334,22.09482765197754,21.33371353149414,20.056840896606445,18.597131729125977,10230.2509765625,45.328914642333984,26.500709533691406
260000,270016,17,3,253,162,0,24724.44921875,301.710693359375,135.69654846191406,79.68724060058594,60.35930633544922,48.83073425292969,38.779212951660156,35.896751403808594,32.68032455444336,29.720890045166016,28.287960052490234,26.12495994567871,24.146682739257812,23.569839477539062,22.13197135925293,20.734546661376953,18.750761032104492,10410.2568359375,40.498294830322266,27.09287452697754
260000,270016,17,3,253,162,1,24721.10546875,302.9825439453125,134.3619842529297,79.7563705444336,58.454833984375,49.8161735534668,43.51466369628906,37.61896896362305,36.97130584716797,31.595489501953125,31.12007713317871,26.62759780883789,25.109588623046875,23.15224266052246,22.802791595458984,21.407569885253906,18.635154724121094,10408.62890625,43.26023483276367,30.75909423828125
265000,275008,17,3,252,159,0,24610.78515625,266.5536804199219,161.39700317382812,80.97737121582031,67.31829833984375,54.68675994873047,47.76660919189453,43.925411224365234,39.025306701660156,35.04446792602539,31.837860107421875,31.147937774658203,25.93102264404297,25.139616012573242,23.217397689819336,21.363122940063477,19.737329483032227,10346.5380859375,47.400386810302734,31.053884506225586
265000,275008,17,3,252,159,1,24600.8359375,267.9435119628906,163.16944885253906,82.31808471679688,67.07917022705078,55.6835823059082,46.683345794677734,45.23054122924805,41.05894470214844,33.72669219970703,33.11351013183594,27.061891555786133,26.165477752685547,23.982837677001953,21.84417152404785,21.62595558166504,19.736364364624023,10341.705078125,46.136810302734375,28.25708770751953
270000,280000,17,3,252,167,0,24728.642578125,289.04986572265625,144.79061889648438,89.08313751220703,69.19328308105469,52.44193649291992,40.429447174072266,38.07069778442383,36.34865951538086,33.08818435668945,30.32759666442871,27.32831382751465,27.225038528442383,25.156219482421875,23.890546798706055,23.51056671142578,22.85519027709961,10409.8876953125,47.05290985107422,26.8176212310791
270000,280000,17,3,252,167,1,24724.271484375,288.71136474609375,143.2038116455078,84.36412048339844,68.33943176269531,48.96990966796875,43.71299743652344,37.47541427612305,34.8265495300293,31.976964950561523,29.458345413208008,28.0301570892334,26.49593162536621,25.70439338684082,24.26893424987793,23.830429077148438,22.504785537719727,10409.4580078125,46.5438232421875,28.307449340820312
275000,284992,17,3,245,156,0,24708.818359375,274.9324951171875,134.89686584472656,98.5396499633789,69.50121307373047,53.77174758911133,52.68804931640625,45.090599060058594,41.60995101928711,30.401857376098633,28.612138748168945,27.011545181274414,25.697063446044922,22.84471893310547,21.59412384033203,19.695131301879883,18.34895133972168,10390.3974609375,50.97740936279297,25.59722900390625
275000,284992,17,3,245,156,1,24730.552734375,277.1587829589844,138.11834716796875,96.98152160644531,71.54613494873047,53.6486930847168,50.963443756103516,44.12750244140625,38.264678955078125,31.260385513305664,29.82561492919922,27.93282127380371,24.978710174560547,23.453205108642578,22.91145896911621,21.675416946411133,20.606203079223633,10398.080078125,47.54072952270508,26.429311752319336
280000,290048,17,3,249,173,0,25171.900390625,266.2471923828125,120.07550811767578,85.93260192871094,73.09477233886719,51.501495361328125,44.765464782714844,39.39807891845703,35.789852142333984,33.550811767578125,31.75214958190918,28.91041374206543,25.276643753051758,24.564434051513672,22.145048141479492,20.662979125976562,20.210098266601562,10582.314453125,51.98337173461914,29.44733428955078
280000,290048,17,3,249,173,1,25145.90234375,268.98095703125,117.96332550048828,83.50113677978516,72.388916015625,50.64799118041992,43.6367073059082,39.39653396606445,37.644073486328125,35.8184700012207,30.503646850585938,29.803014755249023,25.505931854248047,24.5882568359375,20.89454460144043,20.094820022583008,18.9381103515625,10571.5595703125,51.40019989013672,30.722482681274414
285000,295040,17,3,250,172,0,25370.9609375,262.6160583496094,155.15232849121094,89.88519287109375,61.781864166259766,56.06196594238281,48.9428596496582,38.09099578857422,34.95827102661133,33.33203125,26.993011474609375,24.495845794677734,23.361610412597656,23.00409698486328,21.883075714111328,20.26599884033203,18.33734893798828,10665.689453125,61.98777389526367,24.502193450927734
285000,295040,17,3,250,172,1,25379.099609375,259.01214599609375,149.8023223876953,88.88776397705078,60.422359466552734,56.2907600402832,47.60182571411133,37.58381652832031,35.20709991455078,32.30856704711914,27.138404846191406,25.97542953491211,23.95492935180664,22.993541717529297,21.042402267456055,19.566673278808594,19.1219482421875,10671.2119140625,60.28532028198242,25.857017517089844
290000,300032,17,3,251,179,0,25742.87109375,306.3785705566406,111.49773406982422,90.41165161132812,61.04448318481445,48.105892181396484,40.973297119140625,37.207786560058594,32.605037689208984,29.55419921875,27.349958419799805,25.801429748535156,24.72274398803711,23.91967010498047,23.220718383789062,20.808713912963867,19.24296760559082,10835.615234375,47.66877365112305,24.739839553833008
290000,300032,17,3,251,179,1,25765.642578125,304.2016906738281,113.15460968017578,88.28340911865234,60.714637756347656,44.86574172973633,39.765682220458984,37.763648986816406,34.60340881347656,32.887020111083984,28.69988250732422,27.257183074951172,23.99137306213379,22.898141860961914,22.09274673461914,21.414770126342773,19.1155948638916,10845.8095703125,41.78855895996094,25.039901733398438
295000,305024,17,3,250,175,0,25866.568359375,311.2186279296875,120.87425994873047,81.73467254638672,68.0565185546875,53.910953521728516,49.890037536621094,47.14146041870117,38.540794372558594,35.371097564697266,30.975990295410156,27.615520477294922,24.554134368896484,23.63858985900879,22.345781326293945,21.006103515625,17.964054107666016,10876.0595703125,61.886077880859375,28.775245666503906
295000,305024,17,3,250,175,1,25867.951171875,310.52178955078125,119.44532012939453,81.13585662841797,64.7546615600586,53.470611572265625,51.300437927246094,45.327232360839844,37.710533142089844,31.589445114135742,28.08895492553711,26.274831771850586,25.928621292114258,24.7501277923584,22.76322364807129,20.5952091217041,19.712026596069336,10874.630859375,65.08574676513672,31.19048309326172
300000,310016,17,3,251,171,0,26136.10546875,284.1874084472656,139.93087768554688,92.26385498046875,69.36839294433594,63.548336029052734,61.68018341064453,44.9651985168457,40.58613967895508,36.43990707397461,28.631900787353516,27.236324310302734,25.736858367919922,24.65412139892578,22.345521926879883,19.601600646972656,19.23482322692871,11000.626953125,51.463958740234375,27.436111450195312
300000,310016,17,3,251,171,1,26145.802734375,288.7707824707031,142.0101776123047,92.95494079589844,61.92707824707031,58.40233612060547,54.51970672607422,44.02830123901367,40.9755859375,37.352867126464844,30.13336181640625,26.567283630371094,26.11099624633789,25.116107940673828,21.673503875732422,21.180612564086914,18.07717514038086,11003.0751953125,47.934173583984375,24.304235458374023
305000,315008,17,3,253,182,0,26347.09765625,295.868896484375,113.57746887207031,75.03384399414062,61.74026870727539,56.76053237915039,53.62339401245117,43.60297775268555,39.46636199951172,31.999711990356445,28.690887451171875,27.17368507385254,22.6485652923584,21.177257537841797,19.78192901611328,19.331396102905273,17.879135131835938,11090.220703125,50.260616302490234,29.623703002929688
305000,315008,17,3,253,182,1,26345.775390625,296.0185241699219,113.88097381591797,75.9421615600586,56.914085388183594,51.83050537109375,48.851287841796875,42.54438400268555,39.250511169433594,34.51097106933594,28.206098556518555,25.282255172729492,22.822982788085938,21.906532287597656,21.003055572509766,20.15119743347168,17.597673416137695,11088.751953125,51.27115249633789,29.364118576049805
310000,320000,17,3,253,170,0,26652.7890625,366.19769287109375,111.24327087402344,80.92774200439453,58.11479949951172,51.67844009399414,48.77714920043945,44.626346588134766,35.01653289794922,32.05655288696289,29.98006248474121,26.74913215637207,23.95934295654297,21.895347595214844,20.79875946044922,19.18907356262207,17.822250366210938,11211.0556640625,44.41447830200195,28.456308364868164
310000,320000,17,3,253,170,1,26647.888671875,365.1826477050781,108.92093658447266,81.83617401123047,60.78285217285156,48.74152374267578,46.687705993652344,43.23036193847656,37.93690872192383,32.877601623535156,28.923830032348633,25.99028778076172,23.823556900024414,22.078815460205078,20.553133010864258,19.2132511138916,18.09666633605957,11207.640625,43.721160888671875,26.00441551208496
315000,324992,17,3,252,178,0,26469.935546875,298.30108642578125,115.13250732421875,80.86383819580078,61.92782211303711,51.84163284301758,46.500244140625,42.532684326171875,39.80830764770508,34.98542785644531,28.591527938842773,27.247323989868164,23.903871536254883,23.725915908813477,21.67702865600586,18.088233947753906,16.376636505126953,11132.71875,57.13970184326172,26.609365463256836
315000,324992,17,3,252,178,1,26472.873046875,302.0579528808594,112.3111343383789,79.43582153320312,63.89044952392578,54.00044631958008,50.81682586669922,42.58895492553711,39.96115493774414,34.86159896850586,30.12860107421875,27.97117042541504,24.504209518432617,24.34528160095215,21.953102111816406,21.093963623046875,17.946170806884766,11135.4443359375,60.571800231933594,30.189542770385742
320000,330048,17,3,253,172,0,26767.849609375,226.47366333007812,111.79963684082031,78.09988403320312,52.529666900634766,46.944393157958984,42.901145935058594,40.98216247558594,37.410987854003906,34.349815368652344,31.516271591186523,26.445268630981445,25.889436721801758,22.1716365814209,22.06704330444336,21.075895309448242,19.4215030670166,11240.5595703125,41.66510772705078,28.17568588256836
320000,330048,17,3,253,172,1,26754.7578125,227.56295776367188,110.93468475341797,76.02010345458984,52.57090377807617,50.48088836669922,44.14446258544922,42.31621170043945,35.238460540771484,30.000255584716797,28.08064079284668,25.974658966064453,24.899600982666016,22.37200164794922,21.76711082458496,21.545679092407227,17.913387298583984,11233.97265625,42.092369079589844,26.493398666381836
325000,335040,17,3,249,177,0,26621.34375,297.8016357421875,123.17378997802734,98.820556640625,66.37362670898438,50.087738037109375,47.9793586730957,41.57484817504883,38.96255111694336,35.12067413330078,34.59551239013672,29.179983139038086,25.98949432373047,24.91225814819336,23.112476348876953,20.10622215270996,19.369421005249023,11221.7490234375,48.8778076171875,30.435693740844727
325000,335040,17,3,249,177,1,26623.91015625,298.7181396484375,123.32636260986328,101.63633728027344,66.89996337890625,48.90719985961914,44.30059814453125,41.079837799072266,39.84964370727539,34.65138244628906,30.790205001831055,27.26841926574707,25.63747787475586,24.232561111450195,23.137451171875,22.024526596069336,20.625743865966797,11222.5849609375,47.73231887817383,28.349027633666992
330000,340032,17,3,250,174,0,26625.626953125,264.51129150390625,132.23876953125,78.10891723632812,63.21216583251953,43.250545501708984,41.76137924194336,38.256134033203125,36.807430267333984,33.61854553222656,31.78949737548828,26.777767181396484,25.3341007232666,23.662944793701172,23.00825309753418,20.465177536010742,19.208263397216797,11218.8603515625,43.27593231201172,28.91600799560547
330000,340032,17,3,250,174,1,26625.123046875,265.1996154785156,135.824951171875,79.90885162353516,63.318153381347656,50.785926818847656,48.04328918457031,43.343605041503906,37.593902587890625,36.02077102661133,32.426551818847656,26.466541290283203,24.330059051513672,23.283222198486328,22.551273345947266,20.021034240722656,18.484180450439453,11220.072265625,43.8469352722168,30.5931339263916
335000,345024,17,3,253,177,0,26965.67578125,310.3092346191406,124.80095672607422,86.08243560791016,58.01920700073242,54.41512680053711,42.90787887573242,41.157222747802734,38.07044219970703,36.377437591552734,28.015043258666992,27.189626693725586,23.595224380493164,22.659421920776367,20.89325714111328,19.85458755493164,18.692058563232422,11337.5,58.91300964355469,30.15793800354004
335000,345024,17,3,253,177,1,26960.390625,310.9968566894531,129.1775665283203,85.17388153076172,56.387451171875,54.84072494506836,44.21656036376953,42.44660949707031,38.907161712646484,33.20671844482422,31.74195671081543,25.937255859375,24.30147361755371,23.69458770751953,22.061779022216797,20.919897079467773,19.95746612548828,11334.064453125,61.726078033447266,29.830055236816406
340000,350016,17,3,255,186,0,27408.30078125,302.05694580078125,121.3497314453125,87.396240234375,58.56828689575195,52.40081024169922,47.808536529541016,45.00586700439453,39.90863800048828,31.315900802612305,27.736234664916992,26.559833526611328,24.482593536376953,23.372413635253906,21.183622360229492,20.671213150024414,18.738847732543945,11535.0751953125,52.248252868652344,28.11492347717285
340000,350016,17,3,255,186,1,27414.337890625,302.9569396972656,122.51847076416016,87.26895904541016,59.82883071899414,48.34032440185547,43.567203521728516,41.50906753540039,37.63555145263672,29.852916717529297,27.165332794189453,25.048786163330078,23.6108455657959,22.89851188659668,21.345548629760742,20.888256072998047,19.089059829711914,11537.744140625,48.360294342041016,25.173784255981445
345000,355008,17,3,253,182,0,27502.06640625,279.687255859375,131.78729248046875,87.38990783691406,61.683197021484375,50.67792510986328,47.93726348876953,43.81997299194336,36.04711151123047,35.108585357666016,30.47260856628418,27.288415908813477,25.876422882080078,24.102869033813477,23.814651489257812,22.104278564453125,20.590576171875,11536.966796875,51.961280822753906,27.436105728149414
345000,355008,17,3,253,182,1,27492.126953125,279.578369140625,127.57831573486328,86.14794921875,61.124671936035156,53.03831481933594,50.988624572753906,46.20771789550781,39.47686767578125,31.568464279174805,28.87297248840332,26.48820686340332,26.04943084716797,23.878028869628906,22.41615867614746,20.982553482055664,19.214900970458984,11533.380859375,52.75113296508789,25.768129348754883
350000,360000,17,3,251,195,0,27765.52734375,254.35784912109375,123.65863800048828,72.70850372314453,61.34282302856445,46.82614517211914,38.108402252197266,35.68156814575195,33.15506362915039,31.22161102294922,27.0212459564209,22.32040023803711,21.059799194335938,19.5704288482666,18.193607330322266,16.876142501831055,16.138996124267578,11686.9990234375,45.89440155029297,26.674901962280273
350000,360000,17,3,251,195,1,27763.90625,256.22369384765625,122.21710968017578,73.83951568603516,64.17138671875,48.35939025878906,45.0384407043457,39.37915802001953,34.31897735595703,31.066909790039062,26.095537185668945,23.722240447998047,20.955202102661133,20.67962646484375,19.921899795532227,17.872255325317383,16.362245559692383,11685.5537109375,47.22044372558594,27.977136611938477
355000,364992,17,3,251,175,0,27400.802734375,254.08529663085938,128.15940856933594,83.53248596191406,60.7015380859375,56.676998138427734,51.8329963684082,43.74477005004883,37.8638916015625,32.03208541870117,27.026302337646484,25.39362335205078,25.107715606689453,23.87541961669922,22.04280662536621,19.827613830566406,18.606203079223633,11515.458984375,50.71901321411133,27.396512985229492
355000,364992,17,3,251,175,1,27395.154296875,254.13621520996094,127.47564697265625,83.89125061035156,60.83952713012695,56.629695892333984,49.08253479003906,42.68961715698242,37.37526321411133,29.860477447509766,25.857831954956055,24.74515151977539,23.95783805847168,21.49660873413086,19.590354919433594,18.84747314453125,18.027912139892578,11512.66015625,45.37333679199219,26.98037338256836
360000,370048,17,3,252,187,0,27827.357421875,243.79861450195312,119.92613220214844,83.5718765258789,56.15109634399414,52.377540588378906,50.121368408203125,46.17998123168945,36.27488327026367,30.84227752685547,25.694068908691406,24.61496925354004,22.967119216918945,21.4062557220459,19.78415298461914,18.560989379882812,17.913326263427734,11705.736328125,43.483741760253906,23.971120834350586
360000,370048,17,3,252,187,1,27831.34375,244.20623779296875,120.74998474121094,86.78723907470703,55.09898376464844,49.85823059082031,49.21501159667969,45.26321792602539,41.20738983154297,31.86812400817871,27.26360511779785,24.141599655151367,23.229297637939453,21.419992446899414,20.377655029296875,19.0738582611084,17.846179962158203,11707.6357421875,44.76249694824219,24.104639053344727
365000,375040,17,3,252,186,0,27790.126953125,309.3425598144531,123.6790542602539,87.19023895263672,55.03861618041992,46.49822235107422,42.49082565307617,40.97221374511719,33.05128860473633,30.832813262939453,28.06169891357422,25.204082489013672,24.129209518432617,22.303407669067383,21.797149658203125,19.009552001953125,17.983766555786133,11690.8427734375,47.954654693603516,31.04555892944336
365000,375040,17,3,252,186,1,27769.69921875,309.7588195800781,124.08740234375,89.65799713134766,56.150142669677734,51.2435417175293,46.214778900146484,41.424049377441406,35.57822036743164,32.61503601074219,27.352108001708984,26.06304168701172,24.553823471069336,23.417661666870117,22.060897827148438,19.832874298095703,18.723310470581055,11682.3818359375,52.73945999145508,32.8805046081543
370000,380032,17,3,251,175,0,27715.705078125,243.9723663330078,124.8023681640625,93.03783416748047,60.04850387573242,49.568660736083984,46.337215423583984,40.660064697265625,38.51835632324219,30.4149227142334,26.855199813842773,26.51650047302246,25.434728622436523,21.324193954467773,20.157651901245117,19.5567569732666,17.08321189880371,11664.7822265625,42.72002029418945,23.481626510620117
370000,380032,17,3,251,175,1,27723.22265625,246.26307678222656,121.4270248413086,92.04341125488281,63.12955093383789,52.953948974609375,50.079463958740234,43.890602111816406,36.125064849853516,32.0005989074707,28.060083389282227,27.20977020263672,22.81850814819336,22.262836456298828,20.13953971862793,19.00893211364746,17.83174705505371,11667.642578125,47.12553787231445,24.560688018798828
375000,385024,17,3,248,188,0,27964.6484375,277.3142395019531,135.8870086669922,79.04817962646484,57.401634216308594,53.860923767089844,52.95942687988281,42.8695182800293,38.98593521118164,32.89790725708008,31.19344711303711,25.24938201904297,24.293935775756836,20.921878814697266,19.690855026245117,17.67420768737793,16.737773895263672,11762.6279296875,48.89373016357422,28.88242530822754
375000,385024,17,3,248,188,1,27980.775390625,276.38153076171875,133.09890747070312,78.72550964355469,54.73390579223633,51.651615142822266,49.04423904418945,44.50508499145508,36.98950958251953,30.117691040039062,29.04091453552246,25.347518920898438,22.39715003967285,21.911766052246094,21.44503402709961,19.487770080566406,17.935895919799805,11769.9208984375,45.00080108642578,25.68364906311035
380000,390016,17,3,255,185,0,28678.455078125,249.5352783203125,108.24590301513672,93.6788101196289,58.2615852355957,44.12905502319336,41.1148796081543,37.277015686035156,36.48920440673828,33.10831069946289,28.96210289001465,25.896631240844727,23.077106475830078,21.445899963378906,18.950639724731445,17.755285263061523,15.821324348449707,12063.8896484375,44.102020263671875,24.033599853515625
380000,390016,17,3,255,185,1,28646.158203125,250.4949493408203,108.37958526611328,90.10694885253906,58.8967399597168,47.2830696105957,41.24894332885742,36.82797622680664,33.520896911621094,32.6888427734375,31.465469360351562,24.449115753173828,23.182889938354492,22.1257381439209,21.4725399017334,19.383085250854492,17.4162540435791,12050.2001953125,44.42961502075195,25.52819061279297
385000,395008,17,3,255,190,0,28743.486328125,264.2779541015625,120.05084991455078,79.51152801513672,59.123104095458984,57.32726287841797,55.10001754760742,44.20897674560547,38.731483459472656,31.438657760620117,29.664323806762695,24.969820022583008,22.77599334716797,22.1273136138916,20.479236602783203,20.210834503173828,19.581676483154297,12088.9697265625,47.014408111572266,29.680410385131836
385000,395008,17,3,255,190,1,28740.427734375,263.25885009765625,119.8041000366211,77.84344482421875,54.684574127197266,51.758365631103516,48.265380859375,44.92172622680664,36.894371032714844,32.81365203857422,29.731164932250977,25.79839515686035,23.86151123046875,21.632558822631836,21.48676300048828,20.715702056884766,19.352741241455078,12088.2099609375,44.735809326171875,28.639217376708984
390000,400000,17,3,253,192,0,28725.669921875,254.4945068359375,108.67572784423828,71.17451477050781,52.229557037353516,46.103336334228516,43.75558853149414,38.284454345703125,35.553802490234375,28.285619735717773,24.320037841796875,22.660430908203125,21.480899810791016,21.461172103881836,19.753074645996094,17.76202964782715,17.555604934692383,12081.7177734375,42.76198959350586,24.701072692871094
390000,400000,17,3,253,192,1,28732.861328125,251.5302734375,112.6075668334961,72.64857482910156,53.47758483886719,47.28021240234375,42.863525390625,39.4650764465332,34.05253219604492,25.718463897705078,24.554845809936523,24.2437801361084,22.489755630493164,21.052732467651367,18.444995880126953,17.715444564819336,16.253864288330078,12086.3359375,40.629173278808594,26.240060806274414
395000,404992,17,3,251,182,0,28587.021484375,243.47618103027344,115.06354522705078,76.62126922607422,60.0897216796875,47.35097885131836,40.418453216552734,37.83933639526367,33.496337890625,29.039342880249023,25.771604537963867,23.737085342407227,21.689327239990234,20.704647064208984,19.592161178588867,18.989736557006836,16.24187660217285,12027.2060546875,40.66098403930664,22.7628231048584
395000,404992,17,3,251,182,1,28593.673828125,243.39117431640625,115.52493286132812,79.19807434082031,57.83689880371094,46.656227111816406,40.36162185668945,38.98628234863281,36.20403289794922,30.95402717590332,25.576457977294922,23.86372947692871,21.03312110900879,20.529766082763672,19.64223861694336,19.251375198364258,16.80191421508789,12030.9619140625,38.05182647705078,24.144899368286133
400000,410048,17,3,252,197,0,28926.720703125,296.82171630859375,124.81407928466797,80.43620300292969,55.48637390136719,45.082279205322266,40.88277816772461,37.64790725708008,34.91911315917969,29.97675323486328,25.7971248626709,22.42612648010254,21.55480194091797,19.44719696044922,18.191316604614258,17.64787483215332,16.836313247680664,12173.8974609375,42.181400299072266,24.865999221801758
400000,410048,17,3,252,197,1,28927.232421875,298.5868225097656,122.8414306640625,79.12142944335938,59.00043869018555,50.23307800292969,47.685611724853516,43.65156173706055,35.152706146240234,27.895841598510742,26.706298828125,25.712234497070312,22.57155418395996,20.70390510559082,19.124561309814453,18.435041427612305,17.33100128173828,12174.1865234375,47.561344146728516,28.014873504638672
405000,415040,17,3,253,179,0,28773.66015625,317.2701110839844,105.40839385986328,86.49553680419922,62.49916076660156,49.43461990356445,49.2384033203125,44.935176849365234,37.992286682128906,35.73939895629883,30.964555740356445,26.389286041259766,25.363924026489258,23.204368591308594,21.406959533691406,20.84939956665039,17.82794189453125,12099.1552734375,51.69364547729492,29.100418090820312
405000,415040,17,3,253,179,1,28767.431640625,318.0040588378906,104.5931167602539,81.77965545654297,64.09757995605469,57.8458366394043,53.44725036621094,42.09286117553711,40.03412628173828,37.202552795410156,33.35561752319336,26.40872573852539,24.03267478942871,23.448610305786133,20.772703170776367,19.434036254882812,19.265125274658203,12096.103515625,53.61354064941406,31.513750076293945
410000,420032,17,3,251,186,0,28833.076171875,266.24163818359375,110.39502716064453,84.24250030517578,60.77839279174805,56.897438049316406,48.432430267333984,42.824195861816406,36.13570022583008,34.30059051513672,27.412431716918945,23.59876251220703,22.843700408935547,21.433025360107422,19.881580352783203,17.72196388244629,17.327119827270508,12131.1259765625,53.410335540771484,28.048919677734375
410000,420032,17,3,251,186,1,28839.298828125,266.6084899902344,109.5583724975586,83.2384033203125,56.013816833496094,51.132408142089844,41.49716567993164,37.365421295166016,34.49708938598633,33.07004165649414,27.565349578857422,24.192386627197266,21.892724990844727,21.23118782043457,20.533605575561523,19.504613876342773,17.496803283691406,12133.6455078125,45.60091781616211,26.475282669067383
415000,425024,17,3,251,185,0,28841.0234375,304.32891845703125,146.30686950683594,87.36085510253906,59.278778076171875,46.26596450805664,44.24110412597656,40.5194206237793,38.421817779541016,32.903743743896484,31.474559783935547,27.641761779785156,23.5900936126709,21.4805850982666,20.720535278320312,19.54285430908203,17.70315170288086,12116.6728515625,45.17346954345703,31.505996704101562
415000,425024,17,3,251,185,1,28837.158203125,303.1169738769531,146.0423583984375,84.6957015991211,61.14287185668945,46.740257263183594,40.935306549072266,38.10768127441406,36.68323516845703,30.928293228149414,27.83618927001953,24.069265365600586,23.379470825195312,20.66905975341797,19.09206199645996,17.869956970214844,17.016794204711914,12115.3701171875,40.285770416259766,23.959949493408203
420000,430016,17,3,254,186,0,29032.302734375,200.5607147216797,107.93006896972656,71.45973205566406,57.293697357177734,52.643333435058594,49.51331329345703,43.757381439208984,39.52809524536133,33.29798889160156,32.365577697753906,26.8258056640625,23.247032165527344,21.719430923461914,21.346778869628906,20.946266174316406,19.016115188598633,12213.11328125,41.483604431152344,31.29969596862793
420000,430016,17,3,254,186,1,29047.5,201.37022399902344,107.66062927246094,71.70646667480469,57.83428192138672,53.07859802246094,49.82958984375,44.89449691772461,36.96132278442383,33.84979248046875,30.944660186767578,27.543563842773438,23.669002532958984,22.681407928466797,21.925975799560547,19.489974975585938,18.952556610107422,12220.087890625,43.94657897949219,29.33606719970703
425000,435008,17,3,252,184,0,29327.8828125,223.56121826171875,118.10570526123047,73.6697769165039,53.58096694946289,46.397727966308594,42.34572219848633,39.05369567871094,33.35205841064453,28.126983642578125,25.673194885253906,25.016353607177734,22.011802673339844,21.086685180664062,20.009920120239258,19.507383346557617,16.83450698852539,12340.28125,37.91210174560547,27.40813446044922
425000,435008,17,3,252,184,1,29328.76171875,223.11517333984375,119.55554962158203,77.353271484375,52.276458740234375,50.73760223388672,45.49758529663086,37.58651351928711,34.51738739013672,26.672388076782227,25.32871437072754,22.822946548461914,20.553747177124023,19.809066772460938,19.061874389648438,18.576196670532227,16.9036865234375,12338.8251953125,41.53627014160156,23.322656631469727
430000,440000,17,3,252,192,0,29058.5390625,440.14501953125,109.86690521240234,89.53925323486328,63.770362854003906,50.287349700927734,40.130741119384766,38.10102462768555,34.80070495605469,32.25027084350586,26.659425735473633,25.790035247802734,22.3038272857666,20.812345504760742,19.39146614074707,18.533443450927734,17.006662368774414,12219.85546875,52.555992126464844,29.553272247314453
430000,440000,17,3,252,192,1,29060.73828125,439.3098449707031,110.4887466430664,88.27281951904297,63.38746643066406,52.76030731201172,46.603981018066406,39.881961822509766,36.396522521972656,33.783241271972656,26.817516326904297,25.72378158569336,21.663869857788086,20.8638973236084,18.966421127319336,17.326919555664062,15.362202644348145,12222.7705078125,54.82686233520508,30.397541046142578
435000,444992,17,3,252,191,0,29626.568359375,255.70083618164062,94.9228286743164,78.02977752685547,53.6774787902832,42.059532165527344,34.13032531738281,31.925437927246094,28.01294708251953,26.702119827270508,23.437679290771484,20.826501846313477,20.28907012939453,18.178966522216797,17.41729736328125,16.658851623535156,16.41468048095703,12470.9169921875,42.762115478515625,23.40223503112793
435000,444992,17,3,252,191,1,29628.6171875,255.5164337158203,98.99153900146484,73.55253601074219,52.26677322387695,40.177276611328125,33.76157760620117,31.34636878967285,30.240915298461914,26.96406364440918,22.210365295410156,21.006309509277344,20.425891876220703,18.503795623779297,17.932649612426758,16.608211517333984,15.629480361938477,12471.4404296875,40.58002853393555,20.942163467407227
440000,450048,17,3,250,192,0,29460.625,225.8543701171875,107.40797424316406,74.34850311279297,52.95000076293945,48.24361801147461,45.09825897216797,41.34573745727539,34.2293586730957,30.838510513305664,26.280597686767578,23.70337677001953,22.003950119018555,20.809438705444336,19.214157104492188,18.057287216186523,16.645755767822266,12397.541015625,42.52287673950195,23.894577026367188
440000,450048,17,3,250,192,1,29462.47265625,225.8914031982422,111.1589126586914,75.20443725585938,51.100433349609375,43.824031829833984,40.00361633300781,35.82505798339844,32.31501007080078,27.95530891418457,23.73750877380371,23.162221908569336,21.156564712524414,19.249914169311523,18.837278366088867,18.119722366333008,15.665122032165527,12399.748046875,39.67927551269531,22.923784255981445
445000,455040,17,3,252,191,0,29455.71484375,237.41880798339844,106.33824920654297,70.09542083740234,55.000755310058594,47.336448669433594,43.90280532836914,39.50238037109375,34.8267707824707,31.326303482055664,27.405818939208984,23.32809829711914,21.728679656982422,20.06483268737793,18.322086334228516,17.761558532714844,14.442753791809082,12393.953125,44.87044143676758,22.454959869384766
445000,455040,17,3,252,191,1,29468.75390625,236.80624389648438,107.35417175292969,69.4730224609375,55.83234786987305,47.472599029541016,44.9570426940918,39.94892120361328,35.90243911743164,31.68849754333496,26.50248146057129,26.36678695678711,21.630640029907227,20.545961380004883,19.211088180541992,17.796037673950195,15.374911308288574,12398.423828125,45.404361724853516,25.689878463745117
450000,460032,17,3,252,187,0,29712.95703125,445.01190185546875,145.7720489501953,71.49488067626953,54.463706970214844,47.06864547729492,42.05222702026367,36.82185745239258,32.91132354736328,31.972524642944336,26.170934677124023,25.98245620727539,22.3623046875,20.596906661987305,19.577239990234375,18.908151626586914,16.152551651000977,12488.423828125,38.96784591674805,20.95380210876465
450000,460032,17,3,252,187,1,29714.953125,441.5682373046875,144.5609130859375,72.75178527832031,55.306026458740234,45.67890930175781,41.619911193847656,36.58405685424805,34.1710205078125,30.528446197509766,29.094593048095703,26.99504852294922,22.386497497558594,20.835186004638672,19.77908706665039,18.18260383605957,17.396425247192383,12488.861328125,39.41773223876953,22.94969940185547
455000,465024,17,3,253,193,0,29753.9296875,202.30633544921875,101.4659423828125,71.39042663574219,50.07234573364258,37.92234802246094,36.04680252075195,33.521636962890625,29.70321273803711,27.359447479248047,21.7291202545166,19.625593185424805,18.796472549438477,18.197744369506836,17.201452255249023,15.954349517822266,14.245542526245117,12512.5234375,38.702972412109375,22.11869239807129
455000,465024,17,3,253,193,1,29762.384765625,204.30984497070312,102.38333892822266,72.26769256591797,52.16769790649414,43.60215759277344,42.75857162475586,36.503395080566406,29.828889846801758,28.272560119628906,23.278074264526367,22.349140167236328,20.610815048217773,19.173166275024414,17.913415908813477,17.00929832458496,14.918794631958008,12516.740234375,41.77712631225586,25.022226333618164
460000,470016,17,3,255,206,0,29597.37890625,262.38201904296875,129.28829956054688,75.96305847167969,54.65243911743164,48.0854377746582,42.52277755737305,37.54160690307617,32.01414108276367,29.341468811035156,26.288330078125,24.773263931274414,21.69684410095215,20.065095901489258,18.4825382232666,18.02592658996582,17.208110809326172,12452.3408203125,38.66851806640625,25.103557586669922
460000,470016,17,3,255,206,1,29589.130859375,264.7210998535156,126.99793243408203,74.87454986572266,55.300697326660156,46.5816650390625,42.618839263916016,36.811737060546875,32.72971725463867,27.60396957397461,27.169771194458008,23.788557052612305,22.34676170349121,20.953933715820312,20.511642456054688,17.48794937133789,16.762645721435547,12449.2783203125,37.269081115722656,23.815616607666016
465000,475008,17,3,251,190,0,29811.37890625,265.0193786621094,109.46951293945312,65.8631591796875,53.50798797607422,50.18397521972656,42.70760726928711,39.52423858642578,33.938411712646484,29.99715232849121,24.251434326171875,22.15492057800293,21.370527267456055,20.48899269104004,19.84834098815918,17.794523239135742,16.524206161499023,12549.5576171875,44.94985580444336,23.136850357055664
465000,475008,17,3,251,190,1,29796.583984375,263.8473205566406,110.34500122070312,66.06257629394531,58.813289642333984,58.58663558959961,52.536895751953125,43.407318115234375,34.89654541015625,29.45654296875,26.939180374145508,25.09868049621582,21.713781356811523,20.004106521606445,18.38604164123535,18.016056060791016,17.322406768798828,12543.1044921875,49.65094757080078,24.77851676940918
470000,480000,17,3,246,195,0,29379.6640625,255.86190795898438,101.40131378173828,63.027626037597656,48.73033905029297,42.0216178894043,38.75959777832031,34.54460906982422,33.882598876953125,31.961925506591797,26.27808380126953,23.8625545501709,22.94610595703125,21.8878173828125,21.117908477783203,18.978561401367188,16.598831176757812,12361.357421875,41.0626220703125,26.356950759887695
470000,480000,17,3,246,195,1,29381.33203125,260.1576843261719,103.4884262084961,61.68375015258789,46.903411865234375,42.117977142333984,34.679595947265625,31.021696090698242,29.12607192993164,28.60819435119629,26.888442993164062,25.731691360473633,24.693431854248047,21.442798614501953,20.985082626342773,18.723989486694336,16.59457015991211,12362.201171875,37.52900314331055,27.61748695373535
475000,484992,17,3,249,192,0,29441.2734375,258.49957275390625,112.87835693359375,76.81607055664062,69.03062438964844,62.877899169921875,52.41568374633789,43.091983795166016,39.5132942199707,32.87108612060547,30.591386795043945,25.635379791259766,23.831254959106445,22.839370727539062,19.820934295654297,19.505840301513672,17.82296371459961,12392.2216796875,49.26237487792969,28.912673950195312
475000,484992,17,3,249,192,1,29436.66796875,257.2991638183594,112.53035736083984,72.81945037841797,61.307655334472656,57.52293395996094,51.90739059448242,42.831260681152344,34.04585266113281,29.836734771728516,27.403690338134766,25.41877555847168,24.02145004272461,22.244855880737305,19.408267974853516,18.12602996826172,16.037647247314453,12391.7080078125,43.027679443359375,29.484848022460938
480000,490048,17,3,254,197,0,30075.265625,262.8956298828125,105.0206527709961,80.24264526367188,68.365478515625,64.34623718261719,53.193824768066406,40.25278091430664,31.695302963256836,29.046533584594727,26.794649124145508,23.659011840820312,21.348039627075195,20.785442352294922,19.11676788330078,18.17097282409668,16.15725326538086,12650.21484375,48.3392448425293,27.680892944335938
480000,490048,17,3,254,197,1,30074.046875,264.7152099609375,102.07347106933594,78.02739715576172,63.193233489990234,60.38212585449219,52.54362869262695,40.476932525634766,32.208290100097656,27.197612762451172,25.303104400634766,22.31562614440918,21.139209747314453,19.863842010498047,19.091453552246094,16.735694885253906,14.75385856628418,12649.7509765625,44.98830795288086,27.998674392700195
485000,495040,17,3,254,189,0,30408.44921875,349.71697998046875,123.32189178466797,86.55265045166016,61.87957763671875,42.74951934814453,38.52976989746094,33.177852630615234,30.414976119995117,28.979013442993164,23.57169532775879,22.90427017211914,21.241579055786133,19.9447021484375,17.97705841064453,16.65839195251465,14.43305492401123,12764.0263671875,49.55397033691406,22.635351181030273
485000,495040,17,3,254,189,1,30411.59765625,351.4158020019531,128.72032165527344,83.48101043701172,60.67247772216797,43.94350051879883,41.79841995239258,34.963924407958984,32.7286491394043,30.324695587158203,24.47735595703125,23.865262985229492,22.009923934936523,19.608779907226562,19.167564392089844,17.233352661132812,15.765421867370605,12765.2265625,51.46186065673828,23.941118240356445
490000,500032,17,3,254,192,0,30439.541015625,223.10067749023438,129.44003295898438,77.04185485839844,52.710838317871094,46.39395523071289,39.696929931640625,34.81681442260742,33.550498962402344,27.733827590942383,24.210044860839844,21.432052612304688,20.2528018951416,19.81254768371582,18.51287078857422,17.474315643310547,15.121363639831543,12820.767578125,38.13269805908203,24.068641662597656
490000,500032,17,3,254,192,1,30439.76171875,220.5594940185547,118.98626708984375,75.79398345947266,51.916053771972656,45.8315544128418,38.933311462402344,35.94600296020508,33.50260925292969,27.86154556274414,24.996782302856445,23.985002517700195,21.488750457763672,19.52303123474121,18.419958114624023,17.697500228881836,16.41786766052246,12820.93359375,38.51581954956055,23.363056182861328
495000,505024,17,3,250,194,0,29773.43359375,222.9132080078125,118.54369354248047,70.26840209960938,58.10431671142578,43.68716049194336,39.30839157104492,37.07905960083008,34.93839645385742,30.44590950012207,26.566919326782227,24.554445266723633,23.46744155883789,21.910736083984375,20.09939956665039,18.8077392578125,16.46909523010254,12531.58984375,42.04411315917969,26.76787757873535
495000,505024,17,3,250,194,1,29761.244140625,224.04745483398438,113.52955627441406,66.8380355834961,58.04604721069336,41.506900787353516,38.72372055053711,37.770503997802734,32.931365966796875,28.00411605834961,24.96405792236328,24.1365909576416,22.624013900756836,20.855693817138672,20.079923629760742,19.094970703125,18.464365005493164,12527.064453125,41.22069549560547,24.061933517456055
500000,510016,17,3,248,194,0,29907.908203125,354.2088928222656,108.73030090332031,86.84295654296875,55.251792907714844,47.44638442993164,41.028926849365234,36.89766311645508,34.13115692138672,29.977128982543945,25.291133880615234,24.172815322875977,22.041187286376953,20.53802490234375,19.7814998626709,18.70806884765625,16.812360763549805,12561.7158203125,50.95552444458008,26.634212493896484
500000,510016,17,3,248,194,1,29916.97265625,351.84771728515625,112.40176391601562,90.02130126953125,52.9532356262207,47.94351577758789,38.79297637939453,33.67265319824219,29.975372314453125,28.81800079345703,26.339908599853516,23.90045166015625,20.72187614440918,20.38661766052246,19.179508209228516,17.68739128112793,16.38327407836914,12564.724609375,49.84794998168945,25.70820426940918
505000,515008,17,3,250,195,0,29959.279296875,267.38775634765625,121.6346435546875,76.2680435180664,65.01749420166016,46.80205154418945,45.36545944213867,41.261695861816406,37.84672164916992,30.077747344970703,26.77320671081543,25.912446975708008,22.710569381713867,22.50820541381836,19.989213943481445,18.631675720214844,16.614669799804688,12606.078125,62.75607681274414,27.82404136657715
505000,515008,17,3,250,195,1,29962.7734375,266.5940246582031,123.46240234375,79.72777557373047,66.89802551269531,50.550167083740234,46.596778869628906,42.51958465576172,36.73419189453125,33.687740325927734,26.96831512451172,23.245922088623047,20.448551177978516,20.209348678588867,18.49703598022461,18.34491539001465,17.11571502685547,12607.8759765625,69.27920532226562,25.62557601928711
510000,520000,17,3,250,189,0,30396.607421875,247.8290252685547,96.29756927490234,64.64451599121094,49.3879280090332,43.418907165527344,40.91633987426758,38.92704391479492,30.774921417236328,28.731956481933594,23.003128051757812,22.16995620727539,19.636981964111328,18.575658798217773,17.52109718322754,16.845823287963867,16.447839736938477,12800.71875,41.01718521118164,24.268539428710938
510000,520000,17,3,250,189,1,30394.814453125,248.8194580078125,97.15001678466797,63.16943359375,50.061092376708984,42.15066909790039,38.235416412353516,37.43565368652344,31.16030502319336,29.265317916870117,23.791362762451172,22.801137924194336,21.136518478393555,19.316307067871094,18.48661994934082,17.216054916381836,16.395902633666992,12800.12109375,39.135337829589844,23.737762451171875
515000,524992,17,3,251,205,0,30298.9453125,232.7270050048828,95.33672332763672,75.35247039794922,53.91716766357422,37.305809020996094,34.755123138427734,29.834449768066406,28.990949630737305,26.531902313232422,24.687227249145508,22.699485778808594,21.586732864379883,20.840959548950195,19.577119827270508,17.996389389038086,16.67031478881836,12752.56640625,36.10798263549805,21.337106704711914
515000,524992,17,3,251,205,1,30307.890625,231.19081115722656,94.7027587890625,77.16783142089844,52.52056884765625,42.12508010864258,37.389617919921875,34.066749572753906,30.63770866394043,25.89727020263672,24.585121154785156,24.293663024902344,21.65435028076172,20.119733810424805,19.401151657104492,17.87921905517578,16.523883819580078,12756.7353515625,35.999839782714844,21.323375701904297
520000,530048,17,3,248,194,0,30233.388671875,256.17974853515625,104.19738006591797,68.31710052490234,56.137290954589844,42.488441467285156,37.83464813232422,32.664920806884766,31.330381393432617,30.310161590576172,29.031248092651367,24.684051513671875,23.543737411499023,19.960521697998047,18.873371124267578,17.031118392944336,15.113986015319824,12716.6201171875,45.711578369140625,26.288888931274414
520000,530048,17,3,248,194,1,30229.169921875,256.0243225097656,106.93892669677734,68.92346954345703,55.389366149902344,43.527687072753906,38.361534118652344,35.52277374267578,33.571510314941406,29.20853614807129,26.975017547607422,24.495357513427734,23.571313858032227,21.27972412109375,19.253963470458984,17.582176208496094,16.7164306640625,12714.69140625,45.451171875,27.14588737487793
525000,535040,17,3,251,199,0,30606.166015625,258.4213562011719,104.17154693603516,72.01398468017578,56.48145294189453,37.345157623291016,33.077613830566406,31.024171829223633,28.614246368408203,25.523990631103516,22.24529266357422,20.89556121826172,19.25138282775879,18.510135650634766,16.663785934448242,16.55377197265625,15.334805488586426,12882.556640625,36.096466064453125,25.588069915771484
525000,535040,17,3,251,199,1,30616.982421875,257.72601318359375,110.17877960205078,75.2315902709961,57.57353210449219,40.47832107543945,35.198890686035156,31.948537826538086,28.527280807495117,26.10687255859375,22.909189224243164,21.873153686523438,20.932493209838867,19.85175132751465,18.66507911682129,17.715532302856445,16.48263931274414,12886.5390625,38.69474411010742,24.189199447631836
530000,540032,17,3,253,208,0,30627.693359375,336.7088317871094,123.61293029785156,71.72565460205078,57.52442932128906,45.10325241088867,39.28427505493164,34.47325134277344,32.63327407836914,27.88845443725586,26.23734474182129,23.452110290527344,22.3934268951416,20.79655647277832,19.41254997253418,19.08601951599121,16.117189407348633,12868.9951171875,41.63325881958008,24.64850425720215
530000,540032,17,3,253,208,1,30654.06640625,333.9945068359375,120.71734619140625,70.04649353027344,58.17970657348633,49.58409118652344,42.526920318603516,38.98686599731445,37.685943603515625,30.14646339416504,24.565038681030273,22.954906463623047,21.77688217163086,20.576969146728516,19.551074981689453,18.56559944152832,17.4351749420166,12880.65625,44.48413848876953,25.803937911987305
535000,545024,17,3,253,210,0,30881.923828125,225.7967529296875,98.7988052368164,70.95677947998047,53.28212356567383,46.98515319824219,39.99032974243164,36.2828369140625,34.297733306884766,28.02130889892578,22.488428115844727,21.973493576049805,21.493499755859375,18.84665298461914,18.14885902404785,16.966768264770508,15.460521697998047,12978.9541015625,37.88856506347656,22.024322509765625
535000,545024,17,3,253,210,1,30873.943359375,225.8957977294922,98.5662612915039,73.08102416992188,55.43486022949219,47.06584930419922,39.97212600708008,37.69407653808594,34.00320816040039,27.045795440673828,26.353368759155273,25.866846084594727,21.69137191772461,19.97974967956543,19.145030975341797,18.170316696166992,16.88591194152832,12975.05078125,39.12639617919922,24.066593170166016
540000,550016,17,3,250,208,0,30565.30078125,217.06198120117188,108.49651336669922,72.86279296875,54.92279815673828,48.275238037109375,45.71459197998047,40.58619689941406,35.80797576904297,33.5270881652832,27.097166061401367,25.66041374206543,21.98661231994629,21.38072967529297,19.598691940307617,19.39948272705078,18.758113861083984,12860.9755859375,41.92106246948242,24.667694091796875
540000,550016,17,3,250,208,1,30535.912109375,218.68972778320312,108.63481140136719,74.18993377685547,51.29572677612305,43.64739227294922,42.756412506103516,38.041324615478516,32.96982955932617,30.894264221191406,28.087295532226562,24.102497100830078,22.49642562866211,21.39574432373047,21.028059005737305,19.6787052154541,14.721014022827148,12847.181640625,38.585289001464844,23.19577407836914
545000,555008,17,3,253,200,0,31078.068359375,227.4360809326172,83.77647399902344,61.912254333496094,53.92205810546875,42.758548736572266,39.12525939941406,35.38175964355469,28.751110076904297,26.79201889038086,23.686573028564453,20.532855987548828,19.374168395996094,19.17189598083496,18.11253547668457,16.321504592895508,15.30012035369873,13058.70703125,35.226226806640625,22.543331146240234
545000,555008,17,3,253,200,1,31079.44921875,226.25503540039062,82.78678894042969,59.555450439453125,52.746315002441406,39.33998489379883,30.26377296447754,29.686147689819336,26.437530517578125,25.454051971435547,21.591367721557617,21.227209091186523,20.423643112182617,18.416746139526367,17.08884048461914,16.051746368408203,15.465731620788574,13059.8466796875,34.789066314697266,20.54290008544922
550000,560000,17,3,253,209,0,30859.34765625,255.32528686523438,104.54832458496094,67.79876708984375,60.24837112426758,49.14076614379883,35.96646499633789,31.089319229125977,30.490516662597656,27.357412338256836,23.294721603393555,22.41230010986328,21.016260147094727,20.282394409179688,18.334346771240234,17.37215805053711,15.70936107635498,12987.728515625,39.378562927246094,21.047164916992188
550000,560000,17,3,253,209,1,30855.001953125,256.71246337890625,104.97390747070312,69.20172882080078,60.77275466918945,45.622764587402344,34.389381408691406,30.59552001953125,27.687185287475586,26.102230072021484,25.03812599182129,22.553592681884766,21.2733154296875,18.418243408203125,17.731382369995117,16.302438735961914,14.97403621673584,12986.572265625,40.71392822265625,22.484493255615234
555000,564992,17,3,249,197,0,30783.716796875,242.41671752929688,102.92660522460938,65.67942810058594,52.88007354736328,42.30865478515625,33.7982177734375,32.211666107177734,31.420310974121094,29.27237319946289,24.027345657348633,23.285297393798828,19.885971069335938,17.926740646362305,17.404565811157227,15.570454597473145,14.569025039672852,12954.197265625,36.78520584106445,21.227561950683594
555000,564992,17,3,249,197,1,30773.837890625,241.00668334960938,105.3896713256836,67.66998291015625,50.23085021972656,42.49372482299805,32.44554901123047,31.004907608032227,28.94574737548828,25.576242446899414,24.6295223236084,24.338764190673828,20.216394424438477,18.98015022277832,17.4926815032959,16.21428680419922,15.6552152633667,12948.994140625,36.82920455932617,23.30484962463379
560000,570048,17,3,249,204,0,30874.4921875,275.9136962890625,110.10810852050781,70.7160415649414,56.34648513793945,46.142601013183594,37.43452453613281,34.63047790527344,32.307899475097656,30.784011840820312,26.077730178833008,24.46706199645996,20.887855529785156,18.85733985900879,17.627134323120117,16.83134651184082,15.940062522888184,12995.564453125,48.241493225097656,22.168977737426758
560000,570048,17,3,249,204,1,30891.248046875,272.70501708984375,107.78577423095703,71.29054260253906,57.6244010925293,43.28368377685547,37.373573303222656,36.418094635009766,32.646263122558594,28.676410675048828,23.561079025268555,21.188688278198242,20.438430786132812,19.317535400390625,17.092178344726562,16.082603454589844,14.750114440917969,13002.595703125,47.77405548095703,22.63279151916504
565000,575040,17,3,253,200,0,31019.107421875,258.7423400878906,98.91478729248047,67.18484497070312,56.729305267333984,49.36497497558594,44.15432357788086,40.31267166137695,35.455833435058594,31.140108108520508,27.113372802734375,23.656999588012695,21.313018798828125,19.039405822753906,18.089744567871094,17.28386688232422,15.274030685424805,13053.62109375,43.4974479675293,24.747941970825195
565000,575040,17,3,253,200,1,31025.482421875,258.4850158691406,98.63667297363281,66.30644989013672,56.582420349121094,49.54120635986328,45.25497817993164,42.58961486816406,36.45359802246094,30.1029052734375,28.527734756469727,24.541688919067383,20.803686141967773,19.129472732543945,17.703901290893555,17.271379470825195,16.955041885375977,13055.02734375,46.32714080810547,24.783416748046875
570000,580032,17,3,250,207,0,30948.94921875,260.5858459472656,100.91691589355469,67.73578643798828,52.79676818847656,40.93511199951172,36.28510665893555,34.72187805175781,32.4697151184082,28.824060440063477,23.910846710205078,20.159032821655273,18.940113067626953,18.481273651123047,17.079824447631836,15.279537200927734,14.386444091796875,13024.216796875,40.4600830078125,24.64789390563965
570000,580032,17,3,250,207,1,30975.455078125,258.4970703125,101.24885559082031,69.63687133789062,54.44072341918945,39.93317794799805,37.61354064941406,34.38683319091797,31.342348098754883,25.77918815612793,23.193782806396484,21.419008255004883,21.064599990844727,18.921180725097656,18.342769622802734,16.401779174804688,15.544916152954102,13037.18359375,42.121097564697266,23.04755210876465
575000,585024,17,3,255,209,0,30910.90625,251.99020385742188,115.08759307861328,69.7330093383789,48.2873420715332,42.32020950317383,36.71352005004883,36.0218620300293,33.38739776611328,31.884340286254883,23.508684158325195,22.525815963745117,22.126874923706055,19.483123779296875,18.4993896484375,18.282373428344727,16.5773983001709,13008.6904296875,36.691741943359375,25.6793212890625
575000,585024,17,3,255,209,1,30899.03125,250.6444549560547,116.10028076171875,70.42147827148438,52.280818939208984,46.58814239501953,41.91310501098633,38.61439514160156,34.464839935302734,32.26689147949219,24.512836456298828,22.96359634399414,21.646574020385742,19.610361099243164,19.13893699645996,16.8425235748291,15.33649730682373,13002.8837890625,37.5549201965332,27.231067657470703
580000,590016,17,3,255,206,0,31724.44921875,228.2333221435547,105.96776580810547,68.48117065429688,48.098018646240234,43.448089599609375,40.75448989868164,37.145172119140625,30.67294692993164,27.598730087280273,22.06255531311035,21.789775848388672,18.375539779663086,17.8975887298584,16.84294891357422,16.054197311401367,14.435768127441406,13345.9677734375,46.75984191894531,23.417715072631836
580000,590016,17,3,255,206,1,31755.787109375,228.57769775390625,103.05096435546875,69.82185363769531,50.00387191772461,47.77275466918945,45.033817291259766,40.343204498291016,30.327117919921875,27.54006576538086,23.063030242919922,21.891324996948242,19.435626983642578,18.637908935546875,17.460121154785156,16.292295455932617,14.645771980285645,13359.8876953125,46.32095718383789,25.888586044311523
585000,595008,17,3,253,209,0,31142.591796875,233.1961669921875,101.56390380859375,67.59138488769531,56.37671661376953,52.01260757446289,47.614620208740234,36.065460205078125,30.859661102294922,26.531497955322266,23.725269317626953,22.797304153442383,21.409923553466797,18.753686904907227,17.999425888061523,16.07855796813965,14.32189655303955,13114.2314453125,41.3238410949707,25.011144638061523
585000,595008,17,3,253,209,1,31149.541015625,233.29627990722656,101.4580307006836,68.76680755615234,61.66798400878906,58.572513580322266,48.66603469848633,37.56927490234375,30.600374221801758,26.603776931762695,25.232938766479492,23.743091583251953,21.986312866210938,19.5723876953125,17.96765899658203,17.336355209350586,15.744158744812012,13118.1015625,44.54892349243164,28.261316299438477
590000,600000,17,3,250,201,0,31118.64453125,275.1969909667969,95.17918395996094,65.97206115722656,48.40848922729492,39.86137008666992,37.787113189697266,34.73768615722656,29.45557403564453,27.527162551879883,23.99898338317871,21.418527603149414,20.298154830932617,18.940282821655273,18.03776741027832,17.272886276245117,16.149141311645508,13113.4423828125,39.14558792114258,21.9875431060791
590000,600000,17,3,250,201,1,31113.015625,275.80645751953125,96.83306884765625,66.93109130859375,50.432674407958984,42.85257339477539,39.082420349121094,34.69804000854492,29.151567459106445,25.7914981842041,22.681243896484375,20.492931365966797,19.687000274658203,18.15019989013672,17.481176376342773,15.8821382522583,14.692768096923828,13110.1279296875,37.5026741027832,20.474102020263672
595000,604992,17,3,250,208,0,31402.740234375,241.0215301513672,112.5077133178711,75.4444580078125,64.90470123291016,57.44491195678711,54.76906204223633,37.64887237548828,31.96295928955078,26.206985473632812,21.405561447143555,19.652908325195312,18.288394927978516,18.133127212524414,17.149930953979492,16.369415283203125,15.568818092346191,13202.6689453125,44.510406494140625,22.830331802368164
595000,604992,17,3,250,208,1,31395.177734375,240.52638244628906,114.55239868164062,75.99267578125,55.288448333740234,53.26243591308594,49.98897933959961,37.4997444152832,30.10505485534668,26.682676315307617,22.441999435424805,18.739315032958984,18.263294219970703,16.981857299804688,16.432449340820312,15.044922828674316,14.354524612426758,13199.357421875,39.94001388549805,21.62540626525879
600000,610048,17,3,251,211,0,31192.5078125,248.00343322753906,96.13987731933594,75.45270538330078,50.76617431640625,36.92271041870117,33.2925910949707,30.032724380493164,26.250051498413086,25.035184860229492,21.88235092163086,19.199655532836914,18.45286750793457,17.758466720581055,17.433988571166992,15.979628562927246,14.862082481384277,13135.4404296875,32.868690490722656,18.420495986938477
600000,610048,17,3,251,211,1,31187.25,245.0033416748047,96.0341567993164,72.80646514892578,51.027740478515625,37.148685455322266,35.68030548095703,30.003814697265625,28.238557815551758,26.07966423034668,22.47519874572754,20.572765350341797,19.46432113647461,18.535615921020508,16.89200210571289,16.114543914794922,13.958294868469238,13132.1142578125,34.87150192260742,18.914583206176758
605000,615040,17,3,251,201,0,31499.4140625,220.62158203125,80.58882141113281,70.66474151611328,53.059288024902344,37.88035202026367,36.08171081542969,33.11862564086914,31.356063842773438,25.350378036499023,23.610958099365234,21.941062927246094,19.89755630493164,18.688264846801758,17.272903442382812,15.096646308898926,14.037158966064453,13243.654296875,36.855873107910156,20.31291961669922
605000,615040,17,3,251,201,1,31508.197265625,222.03404235839844,80.72409057617188,72.16523742675781,51.83757781982422,38.903160095214844,34.384521484375,32.13203811645508,30.227739334106445,29.7211856842041,24.813385009765625,21.44338035583496,19.60015869140625,17.540027618408203,16.09193992614746,15.487286567687988,14.22349739074707,13249.0595703125,36.11054229736328,22.803421020507812
610000,620032,17,3,250,203,0,31214.287109375,247.7884979248047,110.36083984375,76.83214569091797,55.126708984375,44.231502532958984,40.7744255065918,37.81244659423828,33.27195358276367,28.141435623168945,25.070484161376953,23.786102294921875,22.48288917541504,20.436908721923828,19.243371963500977,17.711009979248047,16.071571350097656,13112.8955078125,43.36683654785156,22.934661865234375
610000,620032,17,3,250,203,1,31223.208984375,247.3860626220703,112.32852172851562,76.83074188232422,56.27257537841797,46.675662994384766,42.52470397949219,39.35027313232422,32.911930084228516,30.036474227905273,27.0224666595459,24.925996780395508,22.985506057739258,22.711753845214844,20.471813201904297,17.545543670654297,17.101531982421875,13117.0703125,44.223365783691406,24.362789154052734
615000,625024,17,3,253,209,0,31160.404296875,256.4817810058594,106.97515106201172,78.73869323730469,55.80924987792969,53.71614456176758,51.15510559082031,39.894683837890625,37.58757019042969,30.439279556274414,26.914512634277344,25.35992431640625,22.190258026123047,19.303112030029297,19.090003967285156,17.35639190673828,15.699493408203125,13105.6171875,42.323280334472656,26.970083236694336
615000,625024,17,3,253,209,1,31154.60546875,257.09857177734375,105.76889038085938,79.64054107666016,56.43376922607422,48.080623626708984,45.73504638671875,40.02488327026367,35.655487060546875,29.109516143798828,27.242658615112305,24.20487403869629,22.82904815673828,20.804521560668945,18.31094741821289,17.912065505981445,15.973695755004883,13105.1123046875,40.679588317871094,26.508651733398438
620000,630016,17,3,253,214,0,31813.8125,204.16244506835938,99.600341796875,63.494266510009766,46.76451110839844,40.15213394165039,35.90658950805664,34.6160774230957,30.862319946289062,27.754920959472656,22.918500900268555,20.57309341430664,18.653396606445312,17.9268856048584,16.743715286254883,16.258451461791992,15.097945213317871,13368.65234375,35.440372467041016,21.292470932006836
620000,630016,17,3,253,214,1,31803.7734375,202.6834259033203,96.9054183959961,65.048583984375,46.327796936035156,42.979087829589844,37.157386779785156,34.906822204589844,31.08799171447754,27.30540657043457,23.62333869934082,22.01027488708496,20.074886322021484,18.00390625,17.030107498168945,15.112546920776367,14.295232772827148,13364.890625,34.28546142578125,21.236385345458984
625000,635008,17,3,248,206,0,31385.50390625,257.1313781738281,97.19470977783203,69.77926635742188,50.780250549316406,39.012428283691406,34.02968978881836,32.55945587158203,31.04775047302246,27.365936279296875,24.01957130432129,20.5837459564209,19.55695152282715,19.036848068237305,17.578571319580078,14.567843437194824,14.253682136535645,13203.1328125,40.93418884277344,21.80746078491211
625000,635008,17,3,248,206,1,31392.5546875,258.1322937011719,95.71971130371094,70.18375396728516,50.23611831665039,37.64044189453125,34.12249755859375,29.998350143432617,29.885910034179688,25.26403045654297,20.321748733520508,19.62618637084961,18.666717529296875,17.43343734741211,17.269067764282227,15.703814506530762,14.160871505737305,13205.9892578125,41.21440124511719,21.94508934020996
630000,640000,17,3,250,213,0,31365.298828125,250.91885375976562,106.0234375,68.8023910522461,52.36654281616211,47.31102752685547,43.95227813720703,39.23090362548828,33.55094528198242,28.191871643066406,22.893306732177734,22.15028190612793,20.290935516357422,17.392488479614258,17.076627731323242,15.504156112670898,14.185526847839355,13191.197265625,37.45473861694336,21.504302978515625
630000,640000,17,3,250,213,1,31376.94140625,250.79055786132812,105.24876403808594,67.56615447998047,56.914466857910156,48.86048126220703,46.29990768432617,41.02851867675781,34.55314636230469,29.68775177001953,23.114728927612305,21.68830680847168,20.527990341186523,17.19368553161621,16.928865432739258,15.663772583007812,14.691489219665527,13196.9794921875,40.507877349853516,23.027297973632812
635000,644992,17,3,256,217,0,31961.974609375,224.63905334472656,95.19239807128906,64.22457885742188,45.4267578125,39.418521881103516,35.75392150878906,33.82493209838867,31.79978370666504,27.42287826538086,23.907651901245117,20.735456466674805,19.482969284057617,19.048921585083008,18.45069694519043,16.5023136138916,15.59713363647461,13446.130859375,31.924314498901367,19.949783325195312
635000,644992,17,3,256,217,1,31971.287109375,221.72889709472656,94.90387725830078,61.5958366394043,45.895755767822266,40.817543029785156,36.36857223510742,34.944129943847656,29.394502639770508,26.7590389251709,23.297378540039062,21.806726455688477,20.6270809173584,19.410606384277344,17.258878707885742,15.605073928833008,14.57724380493164,13450.5693359375,32.609378814697266,18.777132034301758
640000,650048,17,3,255,210,0,32239.09375,169.34349060058594,93.4823226928711,64.16058349609375,49.09881591796875,41.23432159423828,38.018226623535156,35.24273681640625,31.18354034423828,25.399072647094727,23.65092658996582,20.677627563476562,19.443309783935547,18.15805435180664,17.2880802154541,15.72225284576416,14.21672248840332,13552.0751953125,36.32427215576172,21.98362922668457
640000,650048,17,3,255,210,1,32220.244140625,168.98126220703125,91.02696990966797,62.6536750793457,47.77003479003906,39.81636047363281,31.026884078979492,28.686655044555664,26.9051456451416,26.134634017944336,23.240116119384766,21.22124671936035,20.40810203552246,19.274011611938477,18.94293785095215,17.531862258911133,15.775802612304688,13544.5078125,35.11723327636719,22.51804542541504
645000,655040,17,3,251,199,0,31763.568359375,266.8501281738281,110.96272277832031,56.557125091552734,48.19859313964844,43.902095794677734,35.82652282714844,32.017940521240234,29.485532760620117,25.270580291748047,20.483562469482422,19.618669509887695,17.53287124633789,16.182401657104492,15.436924934387207,14.824697494506836,13.53268051147461,13348.1318359375,60.86810302734375,22.89295768737793
645000,655040,17,3,251,199,1,31761.181640625,266.8780517578125,112.01642608642578,56.76217269897461,46.21316909790039,41.57963562011719,33.35670852661133,27.01308822631836,26.86073112487793,25.15155029296875,20.51866340637207,19.210460662841797,17.440420150756836,15.783764839172363,14.696810722351074,14.364304542541504,13.772181510925293,13347.775390625,54.81536865234375,18.544288635253906
650000,660032,17,3,249,206,0,31583.80859375,245.705078125,99.2781982421875,67.87425231933594,50.17417526245117,41.389862060546875,37.9224967956543,32.15146255493164,30.032054901123047,25.787822723388672,23.771623611450195,22.090198516845703,20.411849975585938,20.03962516784668,17.892412185668945,17.1389102935791,16.428173065185547,13293.0380859375,40.90760040283203,24.380470275878906
650000,660032,17,3,249,206,1,31591.271484375,250.893798828125,98.65658569335938,67.19803619384766,50.73564147949219,43.21403503417969,40.1109733581543,33.438297271728516,31.10422134399414,26.164859771728516,24.616168975830078,23.122194290161133,20.803485870361328,19.7650089263916,17.490663528442383,16.900571823120117,15.64289665222168,13296.6748046875,40.451847076416016,25.2951717376709
655000,665024,17,3,251,203,0,32039.455078125,226.70616149902344,96.614013671875,69.8611831665039,54.64381408691406,40.607078552246094,38.05939865112305,35.87604522705078,28.5869140625,26.162343978881836,24.309741973876953,21.866695404052734,18.331451416015625,18.168378829956055,17.532527923583984,15.772356033325195,15.22329330444336,13460.314453125,41.39735794067383,23.917829513549805
655000,665024,17,3,251,203,1,32033.037109375,225.14515686035156,92.33955383300781,70.60958099365234,54.383296966552734,39.93138122558594,36.96842575073242,35.48188400268555,31.658042907714844,28.736581802368164,23.22665786743164,21.89266586303711,18.966175079345703,17.75884246826172,17.4079532623291,17.106481552124023,16.823078155517578,13458.369140625,38.5527458190918,23.33969497680664
660000,670016,17,3,248,196,0,31943.845703125,248.10147094726562,90.17640686035156,64.18949127197266,50.17070388793945,47.288330078125,42.7950439453125,37.03675079345703,30.51578712463379,25.678348541259766,23.853681564331055,20.927715301513672,19.9420108795166,17.537830352783203,16.588151931762695,15.348286628723145,13.74251937866211,13435.505859375,45.00492477416992,21.99689292907715
660000,670016,17,3,248,196,1,31942.203125,247.46617126464844,89.16199493408203,62.38949966430664,48.23200988769531,38.208290100097656,33.152252197265625,30.417972564697266,27.6328067779541,22.903287887573242,22.062332153320312,20.279678344726562,18.931766510009766,17.209712982177734,15.959294319152832,15.272998809814453,14.391282081604004,13434.1259765625,40.31685256958008,20.0628604888916
665000,675008,17,3,253,207,0,31795.57421875,213.67434692382812,109.09414672851562,70.53328704833984,52.498992919921875,45.11497497558594,43.36720657348633,36.82654571533203,28.075590133666992,26.986398696899414,25.342578887939453,22.65149688720703,20.647523880004883,18.452064514160156,17.9434871673584,16.662511825561523,16.069549560546875,13377.7763671875,36.622947692871094,23.034244537353516
665000,675008,17,3,253,207,1,31768.884765625,213.51710510253906,106.73712921142578,70.20722961425781,52.117088317871094,44.73188781738281,42.179779052734375,37.08397674560547,28.024085998535156,26.390840530395508,23.026445388793945,20.755037307739258,19.517356872558594,18.9755859375,17.757478713989258,16.85693359375,15.563773155212402,13366.087890625,36.87979507446289,22.59099578857422
670000,680000,17,3,254,222,0,31907.224609375,184.9233856201172,100.88275146484375,69.70246124267578,52.406288146972656,45.464942932128906,36.25288772583008,34.58613967895508,31.99088478088379,29.869312286376953,22.22838592529297,21.194320678710938,18.6297664642334,18.49274444580078,17.882173538208008,17.174928665161133,14.416756629943848,13402.580078125,37.74856948852539,22.605337142944336
670000,680000,17,3,254,222,1,31885.544921875,185.6117706298828,102.2529067993164,70.16282653808594,51.22978973388672,46.06387710571289,41.753257751464844,36.371795654296875,34.40755844116211,28.955059051513672,26.849044799804688,22.031070709228516,20.607606887817383,19.984487533569336,18.502155303955078,17.254674911499023,15.945616722106934,13393.2216796875,38.57378005981445,23.14544105529785
675000,684992,17,3,248,209,0,31691.990234375,216.711669921875,108.16438293457031,70.50650024414062,57.87824630737305,49.53342056274414,42.26034927368164,39.66450500488281,32.734798431396484,26.822336196899414,22.917051315307617,20.14708709716797,18.904342651367188,18.223249435424805,17.239999771118164,16.475067138671875,15.636053085327148,13323.732421875,40.94414138793945,22.997251510620117
675000,684992,17,3,248,209,1,31675.84765625,219.45065307617188,108.03601837158203,73.63585662841797,56.0787353515625,50.86701202392578,43.56122589111328,41.31580352783203,33.95463943481445,27.391016006469727,22.356279373168945,21.261043548583984,20.768085479736328,19.264060974121094,18.100282669067383,16.18105697631836,15.502318382263184,13317.09375,41.85135269165039,24.126495361328125
680000,690048,17,3,252,220,0,31792.677734375,228.1305694580078,102.50504302978516,59.01275634765625,44.51145553588867,36.059932708740234,32.183982849121094,29.60304069519043,28.752605438232422,24.69388771057129,22.377962112426758,21.161439895629883,18.4135684967041,17.246925354003906,16.681964874267578,15.933806419372559,13.881689071655273,13373.8408203125,33.14657211303711,20.490257263183594
680000,690048,17,3,252,220,1,31811.576171875,230.85926818847656,102.11953735351562,60.4031867980957,47.715858459472656,41.626155853271484,35.652828216552734,33.43606185913086,27.772985458374023,24.177919387817383,22.178680419921875,19.965911865234375,18.1269588470459,16.93091583251953,16.754236221313477,15.563515663146973,15.384604454040527,13380.501953125,34.89521026611328,19.963123321533203
685000,695040,17,3,249,202,0,31567.08984375,284.8882141113281,143.7730712890625,73.29171752929688,56.216190338134766,49.462093353271484,44.49151611328125,36.984405517578125,32.5560188293457,28.183761596679688,26.78428077697754,24.358671188354492,22.14413833618164,20.028181076049805,18.43082046508789,17.564908981323242,14.940779685974121,13290.6474609375,49.21744155883789,24.746322631835938
685000,695040,17,3,249,202,1,31560.05859375,285.5313720703125,138.727294921875,74.54344177246094,56.271793365478516,47.728477478027344,45.776546478271484,35.38526916503906,33.39996337890625,28.539350509643555,26.05927848815918,24.700220108032227,23.223590850830078,19.154138565063477,18.010345458984375,17.817384719848633,15.81402587890625,13288.2294921875,52.066715240478516,25.198322296142578
690000,700032,17,3,251,201,0,31909.044921875,282.7049560546875,95.24079895019531,81.9423828125,53.567874908447266,40.681800842285156,37.86682891845703,36.083351135253906,30.05878448486328,27.484758377075195,27.051231384277344,21.86077117919922,20.235984802246094,18.813411712646484,18.448986053466797,16.984466552734375,15.228452682495117,13426.8330078125,38.82114028930664,22.99959373474121
690000,700032,17,3,251,201,1,31901.58203125,282.4331359863281,95.71517181396484,83.17289733886719,54.34708786010742,37.36058044433594,34.95027160644531,34.52539825439453,27.356342315673828,25.713031768798828,23.18393898010254,20.339754104614258,19.357219696044922,17.907869338989258,17.17483139038086,15.885113716125488,14.902055740356445,13422.7509765625,39.03468322753906,21.96883201599121
695000,705024,17,3,251,210,0,31985.509765625,255.5305938720703,109.36918640136719,77.1647720336914,46.19528579711914,41.826602935791016,36.31572341918945,34.13856887817383,30.453857421875,25.570953369140625,23.773696899414062,20.58414649963379,19.873090744018555,19.143795013427734,17.807706832885742,16.590364456176758,14.815536499023438,13445.875,33.604427337646484,18.719398498535156
695000,705024,17,3,251,210,1,32016.478515625,256.4740295410156,107.81031036376953,79.31114196777344,45.55171585083008,39.80585861206055,33.91865539550781,33.13422775268555,29.348819732666016,24.655315399169922,23.618494033813477,20.104225158691406,19.10317039489746,18.711761474609375,18.419139862060547,16.39491081237793,15.535351753234863,13457.904296875,34.566898345947266,19.30171775817871
700000,710016,17,3,248,203,0,31815.888671875,238.06748962402344,91.97920227050781,66.34225463867188,54.16189956665039,49.979496002197266,40.913482666015625,35.67868423461914,31.06366539001465,29.16025161743164,22.56522560119629,20.538475036621094,19.578296661376953,18.346235275268555,16.358154296875,15.619087219238281,13.604516983032227,13389.9208984375,43.30258560180664,24.216663360595703
700000,710016,17,3,248,203,1,31830.447265625,238.86810302734375,92.76639556884766,63.86351013183594,48.80351257324219,42.8931884765625,38.821407318115234,35.523799896240234,32.18153762817383,24.691293716430664,20.861783981323242,19.676103591918945,19.039594650268555,18.518590927124023,16.29439353942871,16.01224708557129,14.71232795715332,13397.224609375,36.49799728393555,23.208036422729492
705000,715008,17,3,252,216,0,31982.513671875,238.84072875976562,102.14288330078125,79.73638916015625,50.30244827270508,38.05141067504883,37.05721664428711,32.08381652832031,28.220788955688477,24.033111572265625,21.63395881652832,21.215129852294922,19.932466506958008,18.35976791381836,18.18042755126953,14.649430274963379,13.592903137207031,13454.4970703125,44.815574645996094,20.69792938232422
705000,715008,17,3,252,216,1,31968.796875,239.76515197753906,104.72106170654297,76.65644073486328,52.52981185913086,39.022804260253906,34.07210159301758,29.307720184326172,26.610239028930664,25.194141387939453,22.03806495666504,21.173748016357422,19.95665168762207,18.351726531982422,16.762950897216797,15.656889915466309,13.83111572265625,13449.478515625,43.00967788696289,19.535675048828125
710000,720000,17,3,252,221,0,32311.453125,223.8252716064453,94.34380340576172,55.66621398925781,42.74629592895508,33.84272003173828,32.33655548095703,30.51143455505371,28.54214096069336,24.711009979248047,23.590232849121094,21.142940521240234,19.91408348083496,18.53326416015625,17.051801681518555,15.127549171447754,13.346230506896973,13596.2685546875,36.38547134399414,19.016000747680664
710000,720000,17,3,252,221,1,32313.107421875,221.01622009277344,92.1160888671875,58.085693359375,43.937294006347656,35.07075500488281,31.148033142089844,29.228843688964844,27.286027908325195,25.109766006469727,23.900487899780273,19.3272705078125,18.82829475402832,17.40064239501953,16.56252098083496,15.339832305908203,14.5823974609375,13597.8173828125,35.8642692565918,21.896024703979492
715000,724992,17,3,254,211,0,32664.48046875,239.78048706054688,106.24576568603516,70.60039520263672,51.54547882080078,41.66984939575195,37.535213470458984,35.0662841796875,32.651329040527344,28.911827087402344,26.65687370300293,22.32438087463379,20.74921417236328,19.507150650024414,18.552091598510742,17.65427017211914,15.646188735961914,13731.3095703125,35.84866714477539,24.17302894592285
715000,724992,17,3,254,211,1,32664.966796875,246.05072021484375,104.77558898925781,68.77291870117188,52.49087142944336,44.379268646240234,40.99415969848633,38.66352844238281,35.53227996826172,28.465089797973633,22.8252010345459,21.758092880249023,20.184003829956055,18.870344161987305,18.352275848388672,16.358789443969727,13.88225269317627,13731.033203125,36.89322280883789,21.19413948059082
720000,730048,17,3,250,215,0,32010.39453125,238.75515747070312,92.19602966308594,73.29569244384766,47.181610107421875,44.806907653808594,40.13450622558594,35.21458435058594,29.338621139526367,25.48444175720215,21.457073211669922,19.52145004272461,18.84758758544922,17.377891540527344,16.066436767578125,15.476715087890625,14.737382888793945,13462.8427734375,36.74032211303711,20.147817611694336
720000,730048,17,3,250,215,1,32006.89453125,241.84796142578125,95.6396255493164,74.4452133178711,46.37392044067383,44.88589859008789,36.70051193237305,31.97136688232422,30.864856719970703,25.309249877929688,21.729576110839844,20.09050941467285,18.573152542114258,17.389009475708008,16.676387786865234,15.971502304077148,14.555641174316406,13460.7666015625,35.41919708251953,20.44441795349121
725000,735040,17,3,253,220,0,32136.712890625,237.97100830078125,98.65328979492188,67.48713684082031,55.02054214477539,45.34114456176758,38.59075164794922,36.3718376159668,33.2004508972168,24.8771915435791,23.236112594604492,20.0559139251709,18.474090576171875,18.013328552246094,16.35076141357422,16.085784912109375,14.971516609191895,13527.939453125,37.65581130981445,21.94913101196289
725000,735040,17,3,253,220,1,32133.408203125,237.20626831054688,98.08212280273438,65.23912811279297,55.5404167175293,43.29887390136719,38.72966766357422,37.689910888671875,34.41035461425781,25.467805862426758,22.360458374023438,20.307016372680664,18.207157135009766,17.424907684326172,16.906362533569336,15.854114532470703,14.46044635772705,13526.2587890625,38.10948181152344,21.063779830932617
730000,740032,17,3,254,222,0,32395.88671875,294.84442138671875,160.623779296875,74.43470764160156,46.41659164428711,43.09245300292969,39.2328987121582,36.447837829589844,28.497806549072266,28.41703987121582,27.528263092041016,20.95242691040039,20.328468322753906,18.770984649658203,17.87993621826172,16.99443244934082,14.004485130310059,13641.755859375,41.87080383300781,21.172880172729492
730000,740032,17,3,254,222,1,32403.802734375,295.74200439453125,159.115478515625,74.39073944091797,46.96755599975586,41.881919860839844,36.89039611816406,32.115516662597656,27.76395606994629,25.2659969329834,22.89383316040039,20.003904342651367,19.209775924682617,18.551254272460938,17.37710189819336,16.40695571899414,14.93132209777832,13645.1572265625,37.51132583618164,19.45207977294922
735000,745024,17,3,254,208,0,32507.322265625,267.57293701171875,105.8622055053711,64.09638977050781,51.121681213378906,39.76151657104492,36.74414825439453,33.28044509887695,31.234148025512695,30.0351619720459,27.499460220336914,22.62127113342285,20.587209701538086,18.786191940307617,17.915502548217773,16.620311737060547,15.930008888244629,13681.75,37.65201950073242,24.26231575012207
735000,745024,17,3,254,208,1,32507.65625,264.31268310546875,108.01488494873047,66.99070739746094,53.31256103515625,41.34088897705078,38.648136138916016,34.626136779785156,29.871667861938477,28.779705047607422,26.94174575805664,23.289337158203125,21.515174865722656,19.888898849487305,17.236003875732422,16.81168556213379,15.809162139892578,13682.9892578125,34.94010543823242,21.47197914123535
740000,750016,17,3,248,214,0,32353.265625,242.82008361816406,93.39850616455078,80.53842163085938,42.35034942626953,39.31951904296875,35.56414031982422,32.286800384521484,26.981836318969727,25.110733032226562,21.479284286499023,18.557754516601562,17.416500091552734,16.62213134765625,14.662714004516602,13.48814582824707,13.356267929077148,13607.94140625,35.53712463378906,22.157854080200195
740000,750016,17,3,248,214,1,32343.537109375,240.210693359375,93.79248809814453,78.36557006835938,42.825767517089844,40.001094818115234,36.26455307006836,31.843658447265625,27.224897384643555,23.7296199798584,22.131940841674805,20.33157730102539,19.42595100402832,16.167438507080078,15.715986251831055,14.4081392288208,13.527985572814941,13604.4345703125,35.06489181518555,21.58012580871582
745000,755008,17,3,250,220,0,32303.033203125,276.5983581542969,90.6886215209961,65.2499008178711,42.69670486450195,37.480674743652344,33.8975830078125,32.01255798339844,28.11203956604004,26.840700149536133,25.05615997314453,20.529571533203125,19.939668655395508,18.23965835571289,15.617788314819336,15.207979202270508,15.040741920471191,13593.1865234375,38.62230682373047,20.701072692871094
745000,755008,17,3,250,220,1,32291.185546875,277.8583679199219,90.42298889160156,64.1240234375,39.54051208496094,38.1053466796875,32.34716033935547,29.31097984313965,28.49467658996582,24.86338996887207,22.587684631347656,21.441822052001953,19.00931739807129,16.77109146118164,16.301454544067383,15.427735328674316,14.755626678466797,13589.2255859375,37.69367599487305,19.87877082824707
750000,760000,17,3,247,216,0,32164.794921875,189.95558166503906,100.65621948242188,66.84912109375,55.45493698120117,37.50285339355469,33.43148422241211,28.284664154052734,27.981155395507812,25.139785766601562,22.011180877685547,19.99481201171875,17.84519386291504,17.20012855529785,16.659610748291016,15.916348457336426,13.60666275024414,13524.0869140625,38.40089797973633,19.666400909423828
750000,760000,17,3,247,216,1,32166.298828125,187.91799926757812,98.15496063232422,67.01444244384766,57.136287689208984,37.71974182128906,34.37935256958008,30.331756591796875,29.17964744567871,28.024635314941406,22.397918701171875,20.881567001342773,19.28607940673828,16.970458984375,16.382598876953125,15.914589881896973,14.200968742370605,13524.9365234375,39.00741195678711,20.7850284576416
755000,764992,17,3,251,216,0,32426.685546875,202.3943634033203,95.03286743164062,73.19466400146484,50.442134857177734,42.64921951293945,38.53913879394531,37.13607406616211,31.95395851135254,24.96184539794922,23.395353317260742,21.557418823242188,18.289627075195312,17.385944366455078,16.126108169555664,15.511537551879883,14.503678321838379,13634.7705078125,43.838932037353516,23.098371505737305
755000,764992,17,3,251,216,1,32410.41015625,202.45973205566406,92.03414916992188,71.37456512451172,49.50642776489258,39.76323699951172,33.488563537597656,31.532989501953125,28.27886962890625,22.647838592529297,21.25812530517578,19.252788543701172,18.16813850402832,16.552701950073242,16.071699142456055,14.814536094665527,13.643743515014648,13628.3427734375,39.3071403503418,20.483888626098633
760000,770048,17,3,254,216,0,32621.126953125,195.7017364501953,97.55818939208984,62.93109893798828,50.56416702270508,45.44099426269531,38.3920783996582,34.704471588134766,34.36003875732422,27.71380043029785,22.49127960205078,20.87667465209961,20.278648376464844,18.699352264404297,17.46665382385254,16.418399810791016,15.339303970336914,13727.5927734375,39.90446853637695,25.168235778808594
760000,770048,17,3,254,216,1,32605.701171875,193.36314392089844,97.62157440185547,62.12866973876953,50.68159103393555,45.117576599121094,38.967247009277344,35.88743209838867,34.67670822143555,27.24887466430664,21.533161163330078,20.02018165588379,18.9078311920166,18.23200035095215,16.819242477416992,15.546478271484375,15.441162109375,13721.5048828125,41.07078552246094,22.150306701660156
765000,775040,17,3,256,224,0,32851.2734375,247.48973083496094,104.31137084960938,75.26718139648438,55.19259262084961,40.42918014526367,36.101837158203125,32.076393127441406,30.397008895874023,25.582550048828125,21.90696907043457,20.713407516479492,19.043960571289062,16.132862091064453,15.777713775634766,13.13280200958252,12.789650917053223,13822.2412109375,45.79363250732422,24.170862197875977
765000,775040,17,3,256,224,1,32828.7734375,248.73580932617188,107.02530670166016,77.5663833618164,56.8485221862793,42.8828239440918,36.44526672363281,33.354156494140625,27.412494659423828,26.332889556884766,23.544509887695312,19.883934020996094,19.574098587036133,18.876924514770508,15.240690231323242,14.898191452026367,14.340396881103516,13811.4375,47.2490348815918,24.698686599731445
770000,780032,17,3,248,211,0,32097.5859375,230.9647216796875,118.50310516357422,75.23347473144531,51.33536911010742,41.0250358581543,37.81437301635742,36.60092544555664,29.987640380859375,26.619550704956055,25.762943267822266,21.788835525512695,19.420351028442383,17.964210510253906,17.495689392089844,16.052669525146484,15.912675857543945,13493.7119140625,35.9459114074707,21.29888343811035
770000,780032,17,3,248,211,1,32079.708984375,227.258056640625,120.9947509765625,74.89464569091797,53.028472900390625,43.298282623291016,39.20931625366211,36.89529037475586,27.394207000732422,26.62583351135254,24.151763916015625,20.09804344177246,19.408849716186523,18.522733688354492,18.024011611938477,15.569366455078125,14.551358222961426,13486.6298828125,39.32115936279297,21.34356689453125
775000,785024,17,3,255,219,0,32765.1328125,267.3399658203125,91.61325073242188,76.70174407958984,49.233394622802734,40.99827194213867,39.3092155456543,32.36256408691406,28.319705963134766,24.695510864257812,22.42982292175293,19.69558334350586,19.394407272338867,18.2084903717041,17.136737823486328,15.468302726745605,13.670106887817383,13791.6455078125,35.872135162353516,19.775053024291992
775000,785024,17,3,255,219,1,32757.853515625,265.810791015625,91.93975830078125,77.24078369140625,48.208763122558594,43.24139404296875,41.36131286621094,34.0752067565918,28.761898040771484,24.249710083007812,22.85798454284668,19.70098876953125,19.02023696899414,17.66379165649414,16.159225463867188,15.646580696105957,13.677845001220703,13788.2373046875,35.86591339111328,18.746747970581055
780000,790016,17,3,252,213,0,32826.28515625,207.59262084960938,90.47528839111328,61.1012077331543,51.86257553100586,36.91386795043945,34.95726013183594,33.06936264038086,29.241622924804688,27.344200134277344,22.78519058227539,18.950138092041016,17.240903854370117,15.76239013671875,15.553539276123047,14.132576942443848,13.84224796295166,13808.4560546875,32.77204895019531,18.055147171020508
780000,790016,17,3,252,213,1,32826.67578125,206.86839294433594,90.57921600341797,57.85014724731445,48.612422943115234,39.16366195678711,36.665706634521484,34.34904098510742,27.520092010498047,25.94153594970703,21.38920783996582,18.70021629333496,17.42338752746582,16.23488998413086,15.523181915283203,14.182624816894531,13.632486343383789,13809.3232421875,37.49396514892578,20.864566802978516
785000,795008,17,3,250,223,0,32479.88671875,385.1083679199219,178.90228271484375,90.36338806152344,55.37846755981445,40.87847900390625,38.0306282043457,33.11983871459961,29.375144958496094,26.238906860351562,23.78417205810547,19.839113235473633,17.085233688354492,16.476932525634766,15.754446029663086,14.897841453552246,14.58867073059082,13654.2119140625,51.01853942871094,21.354217529296875
785000,795008,17,3,250,223,1,32485.033203125,386.9859924316406,175.75860595703125,86.14264678955078,51.683929443359375,37.68153762817383,36.9460563659668,32.53883743286133,30.864545822143555,24.45200538635254,23.03068733215332,19.732439041137695,17.6628475189209,16.636404037475586,15.44648551940918,14.74958610534668,12.399304389953613,13656.3671875,46.53754425048828,19.45575714111328
790000,800000,17,3,254,227,0,32845.83984375,231.48391723632812,94.11671447753906,66.30352020263672,48.402259826660156,38.82456970214844,35.653377532958984,31.17361831665039,28.35808753967285,27.47882080078125,25.68238067626953,22.127002716064453,19.181066513061523,18.531845092773438,17.890592575073242,17.293336868286133,16.37856101989746,13825.26171875,37.32416915893555,21.77688217163086
790000,800000,17,3,254,227,1,32843.484375,229.82745361328125,95.62805938720703,66.18941497802734,49.390411376953125,40.62670135498047,36.17896270751953,29.722394943237305,28.877267837524414,26.45770835876465,25.115100860595703,21.0468692779541,18.985082626342773,18.597909927368164,17.028038024902344,16.41387939453125,15.466304779052734,13825.10546875,38.822120666503906,22.31365394592285
795000,804992,17,3,248,209,0,32764.330078125,245.82810974121094,114.61395263671875,61.340415954589844,47.40636444091797,35.45835876464844,33.47157669067383,30.399599075317383,27.489423751831055,23.27123260498047,21.43224334716797,19.47789764404297,17.03725814819336,16.387596130371094,15.115428924560547,14.49630355834961,13.768258094787598,13783.2890625,36.43830490112305,18.98758316040039
795000,804992,17,3,248,209,1,32770.2109375,246.6748809814453,115.5843734741211,61.600257873535156,48.8389778137207,37.691070556640625,32.43379211425781,28.46576690673828,27.146692276000977,23.12327003479004,19.398916244506836,18.02222442626953,17.381298065185547,15.198448181152344,14.733638763427734,13.25688362121582,12.63582706451416,13785.4306640625,39.4849967956543,17.425819396972656
800000,810048,17,3,252,218,0,32916.20703125,192.50140380859375,86.32919311523438,53.92201614379883,52.29151916503906,37.829898834228516,33.70223617553711,32.43748092651367,27.368087768554688,22.96364402770996,21.283466339111328,18.454147338867188,16.69927978515625,15.963366508483887,15.315702438354492,13.645880699157715,13.074585914611816,13843.7294921875,32.58927536010742,17.728713989257812
800000,810048,17,3,252,218,1,32908.765625,192.37429809570312,89.23765563964844,54.99728012084961,52.59368896484375,38.721736907958984,35.8424186706543,33.316402435302734,27.18559455871582,25.596755981445312,20.60312271118164,17.712034225463867,16.288543701171875,15.533865928649902,14.93268871307373,13.96621036529541,13.57903003692627,13842.0048828125,35.36765670776367,18.48997688293457
805000,815040,17,3,256,230,0,33540.21484375,226.50135803222656,92.931640625,59.492164611816406,50.18094253540039,36.605899810791016,30.159677505493164,28.183631896972656,26.770240783691406,24.357032775878906,20.755924224853516,17.64555549621582,16.59391212463379,15.785972595214844,14.920109748840332,13.273835182189941,12.898924827575684,14106.349609375,35.89011764526367,19.612356185913086
805000,815040,17,3,256,230,1,33549.1171875,226.39598083496094,93.48844909667969,63.36049270629883,50.75838851928711,40.0113525390625,35.181549072265625,31.56679916381836,27.0803165435791,24.349851608276367,20.81809425354004,20.46652603149414,19.625450134277344,17.3204402923584,16.688615798950195,15.144394874572754,14.902576446533203,14110.2041015625,37.162193298339844,22.515554428100586
810000,820032,17,3,250,216,0,32631.10546875,213.78652954101562,96.18135070800781,67.70557403564453,50.244998931884766,44.920719146728516,37.65400314331055,32.125099182128906,30.43566131591797,25.23912239074707,19.81239891052246,18.892841339111328,18.534770965576172,17.712200164794922,16.82293128967285,15.091931343078613,12.94640827178955,13732.4873046875,42.60165786743164,22.510330200195312
810000,820032,17,3,250,216,1,32637.78515625,212.70899963378906,95.44298553466797,65.25861358642578,50.54667282104492,43.96406936645508,36.44049835205078,31.523040771484375,30.334081649780273,26.366884231567383,21.112524032592773,18.37047576904297,17.78030014038086,17.20896339416504,16.326231002807617,15.834053039550781,13.934840202331543,13735.9609375,42.18853759765625,21.856914520263672
815000,825024,17,3,252,215,0,32973.875,236.6589813232422,108.1580810546875,64.12528991699219,48.751583099365234,41.337646484375,37.109256744384766,34.13813781738281,30.546049118041992,27.049055099487305,25.760530471801758,20.291587829589844,18.709054946899414,16.269075393676758,16.042072296142578,15.020615577697754,14.613630294799805,13872.8173828125,38.2112922668457,22.268335342407227
815000,825024,17,3,252,215,1,32975.96484375,235.02169799804688,104.47986602783203,64.49901580810547,50.141212463378906,40.704044342041016,35.69125747680664,31.868560791015625,30.875701904296875,26.471019744873047,24.744455337524414,20.827617645263672,18.3791446685791,17.867277145385742,15.797383308410645,15.455183982849121,13.575322151184082,13872.849609375,36.284385681152344,24.664936065673828
820000,830016,17,3,254,221,0,32881.453125,212.84678649902344,96.48011779785156,65.91485595703125,48.26478958129883,42.014610290527344,35.7242546081543,30.42498779296875,28.73200225830078,26.678874969482422,22.043367385864258,21.314945220947266,19.34927749633789,18.28866958618164,17.884828567504883,16.086284637451172,14.193113327026367,13836.2578125,38.52321243286133,25.049169540405273
820000,830016,17,3,254,221,1,32879.65234375,213.58334350585938,95.6060562133789,70.8026351928711,48.84190368652344,41.628631591796875,34.352962493896484,28.917081832885742,26.965063095092773,26.324851989746094,26.111543655395508,20.230409622192383,18.735509872436523,17.308277130126953,16.620309829711914,16.246366500854492,13.582368850708008,13834.4296875,40.53120040893555,26.13211441040039
825000,835008,17,3,249,211,0,33015.32421875,220.5391845703125,107.45436096191406,60.66861343383789,51.27070236206055,43.33169937133789,40.835384368896484,35.5429573059082,29.97937774658203,23.964487075805664,21.349910736083984,19.505659103393555,18.777843475341797,18.546167373657227,16.77032470703125,14.800987243652344,14.120121002197266,13894.28125,36.3682861328125,19.56621551513672
825000,835008,17,3,249,211,1,32989.109375,223.6590576171875,109.59062194824219,61.48628234863281,53.80790710449219,44.792755126953125,43.3625373840332,34.7911262512207,31.295921325683594,26.741430282592773,21.242624282836914,19.576669692993164,18.624980926513672,16.43570327758789,15.730745315551758,15.432498931884766,13.100607872009277,13883.70703125,38.67906188964844,19.718605041503906
830000,840000,17,3,250,222,0,32688.310546875,238.86647033691406,85.95380401611328,73.30543518066406,49.25067138671875,40.91813278198242,39.35038757324219,35.18196105957031,29.982013702392578,27.87533950805664,21.99146842956543,20.318422317504883,18.814964294433594,17.726245880126953,14.968521118164062,14.77596378326416,13.531563758850098,13759.2236328125,38.31680679321289,23.092849731445312
830000,840000,17,3,250,222,1,32659.3125,239.24551391601562,85.05394744873047,70.59014129638672,47.06245040893555,37.89319610595703,35.891475677490234,33.95600509643555,27.695817947387695,25.28713607788086,22.77995491027832,19.96490478515625,19.413673400878906,17.954723358154297,16.37298011779785,15.316644668579102,13.936067581176758,13745.72265625,37.501827239990234,22.617399215698242
835000,844992,17,3,251,216,0,32963.390625,250.25726318359375,91.51278686523438,61.44367218017578,49.40007400512695,35.417083740234375,31.916305541992188,28.815813064575195,27.378406524658203,24.540531158447266,20.99643898010254,19.27591323852539,18.37702751159668,17.71505355834961,17.134746551513672,15.27658748626709,14.662095069885254,13878.6123046875,31.43077278137207,20.147933959960938
835000,844992,17,3,251,216,1,32953.4140625,249.69845581054688,91.65815734863281,62.39114761352539,48.7806510925293,36.807525634765625,35.375640869140625,32.01169204711914,28.703397750854492,24.53191375732422,22.518423080444336,20.034914016723633,18.242950439453125,17.793468475341797,16.015714645385742,15.1586275100708,13.687471389770508,13873.302734375,33.93446731567383,20.23151969909668
840000,850048,17,3,255,226,0,33360.08984375,210.6306915283203,102.19339752197266,66.30155944824219,42.27640914916992,36.54694366455078,33.257545471191406,30.54876136779785,28.7246036529541,24.02878761291504,22.490232467651367,19.647140502929688,19.08214569091797,16.244905471801758,15.981195449829102,14.572924613952637,13.961570739746094,14027.46875,36.71993637084961,20.52018165588379
840000,850048,17,3,255,226,1,33359.58203125,212.1691131591797,103.6856689453125,66.5088882446289,43.80927276611328,39.27013397216797,35.42123031616211,34.47532653808594,31.34006690979004,25.115177154541016,22.844776153564453,21.566232681274414,19.562969207763672,17.000139236450195,16.614238739013672,15.778236389160156,13.283021926879883,14027.1630859375,36.875389099121094,22.41396713256836
845000,855040,17,3,252,221,0,33120.921875,253.5963592529297,94.15650177001953,60.22146987915039,45.941741943359375,44.21549606323242,36.576011657714844,28.14021873474121,25.19393539428711,22.459253311157227,20.85850715637207,20.165184020996094,19.871854782104492,18.00774383544922,16.31790542602539,15.01878833770752,12.954228401184082,13927.4921875,40.94168472290039,19.728151321411133
845000,855040,17,3,252,221,1,33126.90625,251.64466857910156,93.54481506347656,59.74051284790039,49.515777587890625,45.39423751831055,34.936119079589844,28.02179527282715,25.98748207092285,24.798948287963867,21.492603302001953,20.560636520385742,18.598520278930664,17.821334838867188,16.59860610961914,14.806534767150879,13.292007446289062,13930.1357421875,43.97959899902344,21.082250595092773
850000,860032,17,3,252,218,0,32849.8125,222.33041381835938,99.30189514160156,63.39136505126953,52.61502456665039,46.480628967285156,40.15205764770508,34.399662017822266,32.59084701538086,27.92098617553711,22.266170501708984,19.987709045410156,18.893430709838867,17.230884552001953,16.455289840698242,16.195926666259766,15.658474922180176,13821.7265625,39.461204528808594,22.6740779876709
850000,860032,17,3,252,218,1,32854.0546875,223.42701721191406,98.1274185180664,62.335426330566406,49.245811462402344,39.61719512939453,37.59515380859375,33.220191955566406,30.048294067382812,26.521114349365234,20.96390151977539,17.866228103637695,17.657901763916016,16.479644775390625,14.89810848236084,14.67483901977539,13.441298484802246,13822.5361328125,37.60693359375,20.628597259521484
855000,865024,17,3,249,218,0,33320.32421875,165.7329559326172,103.08675384521484,67.71558380126953,43.62309265136719,39.70138168334961,34.96625900268555,32.65946578979492,26.476537704467773,24.698036193847656,21.531068801879883,18.228561401367188,17.34016990661621,15.650118827819824,15.532953262329102,13.787854194641113,12.35205364227295,14009.3525390625,31.354013442993164,18.388734817504883
855000,865024,17,3,249,218,1,33322.53125,164.7968292236328,104.54681396484375,67.04979705810547,44.919681549072266,39.260345458984375,34.18645477294922,32.20813751220703,25.654544830322266,25.639127731323242,21.462907791137695,18.44150733947754,16.719839096069336,16.641069412231445,15.013975143432617,13.748059272766113,12.08123779296875,14008.5322265625,31.318708419799805,18.042850494384766
860000,870016,17,3,250,221,0,33202.12109375,243.6178436279297,91.57835388183594,59.18994903564453,45.31673812866211,39.82527542114258,35.07902145385742,30.95366859436035,27.002948760986328,24.944568634033203,21.291635513305664,20.721603393554688,19.912372589111328,17.29346466064453,16.642541885375977,14.956870079040527,12.886131286621094,13956.1357421875,31.348655700683594,21.5079345703125
860000,870016,17,3,250,221,1,33208.7265625,243.45068359375,89.8809585571289,58.96103286743164,46.07124710083008,42.67774963378906,35.06616973876953,31.626924514770508,28.183767318725586,22.218395233154297,20.761808395385742,18.45878791809082,18.18268585205078,17.75519371032715,16.256803512573242,14.137969017028809,13.953821182250977,13960.0947265625,30.282058715820312,20.317989349365234
865000,875008,17,3,252,221,0,33235.4375,218.07196044921875,89.16720581054688,63.86530685424805,50.034507751464844,36.404563903808594,31.48863410949707,28.91861343383789,26.78602409362793,25.448625564575195,22.52580451965332,19.82672882080078,17.462404251098633,16.670276641845703,15.43539047241211,14.976922988891602,14.268397331237793,13974.5888671875,35.076622009277344,19.95926856994629
865000,875008,17,3,252,221,1,33202.265625,219.34130859375,89.16265106201172,63.30342102050781,49.13936233520508,36.981407165527344,31.426851272583008,27.855255126953125,25.99009132385254,23.350448608398438,20.647783279418945,19.012422561645508,18.188472747802734,17.306028366088867,16.940784454345703,15.763663291931152,13.911261558532715,13958.9765625,36.02552795410156,21.223934173583984
870000,880000,17,3,254,221,0,33242.8515625,286.4447937011719,87.092529296875,66.33724975585938,51.58974838256836,37.26719284057617,34.673744201660156,31.0891170501709,28.777780532836914,23.18131446838379,21.1428165435791,19.33260154724121,18.061275482177734,17.154857635498047,16.337373733520508,14.420960426330566,13.488472938537598,13995.7763671875,34.79243087768555,23.924177169799805
870000,880000,17,3,254,221,1,33240.68359375,288.1697692871094,90.06338500976562,65.70555877685547,52.62060546875,37.672523498535156,35.69668960571289,32.089752197265625,29.92482566833496,24.369054794311523,22.0668888092041,19.958181381225586,18.588600158691406,17.558292388916016,17.191213607788086,15.068901062011719,13.809803009033203,13995.3056640625,36.87959289550781,23.176223754882812
875000,884992,17,3,254,221,0,33254.07421875,248.41029357910156,123.20240020751953,67.8636703491211,47.65465545654297,40.18622970581055,37.735660552978516,33.33379364013672,29.148889541625977,25.772356033325195,23.63605308532715,21.596248626708984,18.77283477783203,17.78896713256836,16.12998390197754,15.503275871276855,13.468358039855957,13988.6953125,39.762447357177734,19.51869773864746
875000,884992,17,3,254,221,1,33244.75,250.7752685546875,122.66483306884766,70.9180908203125,49.11433792114258,39.76570129394531,35.17819595336914,31.685205459594727,29.663591384887695,26.869888305664062,22.523237228393555,22.08206558227539,19.462114334106445,18.35837173461914,17.01563835144043,14.468511581420898,13.20518970489502,13985.1640625,37.610897064208984,19.009033203125
880000,890048,17,3,251,218,0,33624.4453125,160.04783630371094,97.32217407226562,59.17863845825195,48.00902557373047,40.551246643066406,31.48666000366211,29.603588104248047,26.18968391418457,23.938753128051758,21.29377555847168,19.112716674804688,17.63404655456543,16.81889533996582,15.682755470275879,15.041996002197266,14.026594161987305,14122.703125,33.028419494628906,21.51543426513672
880000,890048,17,3,251,218,1,33610.92578125,159.6600341796875,97.03472900390625,58.39901351928711,48.33944320678711,40.033714294433594,30.756872177124023,28.125408172607422,26.273799896240234,23.64592933654785,20.13249969482422,18.1899356842041,17.568805694580078,16.13983917236328,14.980735778808594,14.891732215881348,13.432273864746094,14118.095703125,33.26156997680664,19.664201736450195
885000,895040,17,3,253,213,0,33555.03515625,227.13363647460938,99.89452362060547,65.12163543701172,41.94826889038086,37.51770782470703,35.101383209228516,33.93042755126953,27.2130126953125,24.543502807617188,22.608564376831055,20.371145248413086,17.376760482788086,15.49919605255127,14.773992538452148,14.122091293334961,12.847274780273438,14111.7431640625,33.81916427612305,20.40962791442871
885000,895040,17,3,253,213,1,33556.64453125,228.1707763671875,99.02566528320312,65.91859436035156,42.24201202392578,37.31256866455078,36.2995491027832,33.61552810668945,27.906885147094727,24.090988159179688,21.382238388061523,18.81346893310547,17.52890396118164,15.664290428161621,14.551950454711914,14.116225242614746,12.323127746582031,14112.248046875,32.23693084716797,20.520992279052734
890000,900032,17,3,249,222,0,33033.87890625,244.97669982910156,106.19315338134766,69.6100082397461,49.07775115966797,43.55886459350586,32.95403289794922,31.240779876708984,28.66775894165039,25.92384910583496,23.395408630371094,20.455066680908203,20.260608673095703,18.22163963317871,15.974454879760742,15.361623764038086,14.0227632522583,13897.73828125,38.136226654052734,19.21869468688965
890000,900032,17,3,249,222,1,33031.8203125,244.27096557617188,101.42852020263672,69.78215789794922,50.6672248840332,45.08411407470703,36.03837966918945,34.24863815307617,30.51540184020996,28.56316566467285,24.323955535888672,22.69748878479004,18.820541381835938,17.359352111816406,17.008010864257812,15.480964660644531,15.274800300598145,13897.2470703125,39.36920928955078,21.244049072265625
895000,905024,17,3,249,221,0,33295.59375,200.7573699951172,97.18025207519531,58.65702438354492,50.690433502197266,38.932647705078125,37.063323974609375,34.22187805175781,27.03996467590332,26.156721115112305,25.38530158996582,19.188194274902344,17.95962142944336,16.973712921142578,15.119600296020508,14.956178665161133,13.208513259887695,14003.1171875,38.2672004699707,20.549190521240234
895000,905024,17,3,249,221,1,33305.96875,202.6331329345703,97.59281158447266,59.42042922973633,50.107479095458984,42.514434814453125,39.40367889404297,33.16798782348633,28.327301025390625,26.70458984375,22.915258407592773,20.432758331298828,19.640626907348633,17.140243530273438,14.514056205749512,13.740662574768066,13.390277862548828,14008.4560546875,39.00127410888672,19.411235809326172
900000,910016,17,3,249,207,0,33009.578125,283.4360656738281,102.14666748046875,74.40015411376953,54.638153076171875,36.5681266784668,35.701255798339844,34.69583511352539,28.40372085571289,26.30427360534668,23.92173194885254,22.2574405670166,18.957752227783203,17.70137596130371,16.56238555908203,16.185197830200195,15.147500991821289,13890.4638671875,36.7588005065918,20.92534637451172
900000,910016,17,3,249,207,1,33013.21875,283.8881530761719,103.37315368652344,74.05583190917969,53.47570037841797,37.062339782714844,34.41630172729492,32.25160217285156,29.34099769592285,26.616748809814453,22.69574546813965,21.40283966064453,20.32012176513672,18.38990020751953,16.300989151000977,15.9448823928833,15.657061576843262,13892.4365234375,36.67119598388672,21.086036682128906
905000,915008,17,3,249,212,0,33234.4375,225.2447052001953,91.49836730957031,64.95230865478516,47.286075592041016,36.07432174682617,33.19871520996094,30.250436782836914,28.593647003173828,24.378862380981445,23.29107093811035,21.345134735107422,19.57868003845215,18.71113395690918,17.350439071655273,16.988048553466797,15.304237365722656,13973.517578125,33.94575500488281,20.61347007751465
905000,915008,17,3,249,212,1,33244.390625,222.90191650390625,89.74507904052734,69.1338119506836,46.93857192993164,34.792110443115234,32.69424057006836,30.00994110107422,27.269437789916992,22.857145309448242,20.6005802154541,20.30355453491211,19.373180389404297,18.0399169921875,17.218130111694336,15.191705703735352,14.633834838867188,13976.943359375,33.58659362792969,19.805753707885742
910000,920000,17,3,251,222,0,33606.13671875,236.52944946289062,105.19876098632812,64.80696868896484,45.6600341796875,40.01881790161133,36.603271484375,34.228904724121094,28.190845489501953,25.209232330322266,21.979217529296875,19.227317810058594,18.908227920532227,17.307443618774414,16.222455978393555,15.735921859741211,13.853228569030762,14141.3115234375,49.33674240112305,24.738283157348633
910000,920000,17,3,251,222,1,33604.78515625,234.1381072998047,101.42503356933594,61.90972900390625,45.583038330078125,36.78781509399414,31.3006534576416,28.74399757385254,25.568567276000977,25.17781639099121,19.518651962280273,18.658967971801758,17.989643096923828,15.781930923461914,15.142080307006836,14.5486478805542,13.725456237792969,14139.953125,45.43864059448242,21.562606811523438
915000,924992,17,3,251,225,0,33074.5234375,269.2618713378906,101.9100341796875,63.869449615478516,46.592559814453125,44.902565002441406,38.54318618774414,33.50873947143555,28.519216537475586,24.045637130737305,21.082279205322266,20.874317169189453,18.76763153076172,17.130273818969727,16.641347885131836,15.992036819458008,15.159126281738281,13915.3232421875,36.03910827636719,19.719541549682617
915000,924992,17,3,251,225,1,33069.01171875,268.3591613769531,99.00205993652344,63.28298568725586,46.87810516357422,40.82439041137695,36.52278518676758,32.94806671142578,29.126615524291992,20.93169403076172,19.9497013092041,19.663982391357422,18.675399780273438,16.87623405456543,16.371849060058594,14.310107231140137,13.376744270324707,13913.0205078125,34.39690399169922,20.154964447021484
920000,930048,17,3,249,220,0,33050.48046875,264.2445373535156,106.2049331665039,66.3531723022461,54.69590759277344,43.23391342163086,37.7536735534668,32.37203598022461,30.00208854675293,28.641225814819336,23.496564865112305,20.282373428344727,18.00031852722168,16.46189308166504,16.302614212036133,15.68770694732666,13.084836959838867,13904.1357421875,45.3448600769043,20.972476959228516
920000,930048,17,3,249,220,1,33048.40234375,268.1545104980469,108.79727172851562,70.88106536865234,54.9066276550293,41.685611724853516,40.86561965942383,31.977203369140625,30.464595794677734,28.769853591918945,23.441694259643555,22.17616844177246,18.42372703552246,17.050628662109375,16.03423309326172,15.523362159729004,13.363037109375,13903.15625,44.780696868896484,23.065019607543945
925000,935040,17,3,251,220,0,33349.140625,318.553466796875,118.6751480102539,68.61486053466797,45.2505989074707,37.66229248046875,33.982295989990234,31.651212692260742,25.71652603149414,25.329105377197266,19.809818267822266,17.788408279418945,17.175289154052734,15.883310317993164,15.206817626953125,14.199382781982422,13.448351860046387,14030.8134765625,46.35658264160156,18.684608459472656
925000,935040,17,3,251,220,1,33371.30859375,316.6128845214844,121.21621704101562,66.27339935302734,44.2190055847168,38.377098083496094,32.58361053466797,31.256755828857422,25.714126586914062,25.518047332763672,19.76018524169922,17.506078720092773,17.32982635498047,16.402099609375,15.18653678894043,14.528702735900879,13.36013412475586,14039.2734375,39.993804931640625,18.235214233398438
930000,940032,17,3,250,223,0,33334.0625,247.55300903320312,100.02989959716797,59.71932601928711,44.38327407836914,40.354652404785156,35.01592254638672,33.17998504638672,28.803125381469727,25.255788803100586,21.12225341796875,17.776248931884766,17.527477264404297,16.545495986938477,15.686063766479492,15.277419090270996,14.956990242004395,14019.2841796875,34.24681091308594,20.77286720275879
930000,940032,17,3,250,223,1,33346.65625,247.8377227783203,98.93220520019531,59.8602294921875,44.82865905761719,40.87590789794922,37.45225524902344,33.16794204711914,26.72062873840332,24.682016372680664,22.27890968322754,18.693334579467773,17.33364486694336,17.257083892822266,16.499425888061523,15.398796081542969,14.564126014709473,14024.486328125,34.222999572753906,18.409053802490234
935000,945024,17,3,250,219,0,33302.53125,263.0553283691406,93.25054931640625,71.55281829833984,43.75363540649414,36.064029693603516,33.99492645263672,31.970735549926758,28.53049087524414,25.660425186157227,21.7244815826416,20.73053550720215,18.028573989868164,16.60919761657715,16.457202911376953,14.707295417785645,14.32919979095459,14005.1015625,35.052162170410156,20.268644332885742
935000,945024,17,3,250,219,1,33303.4453125,262.7693176269531,91.3437271118164,67.82440948486328,43.60399627685547,39.37809753417969,37.119327545166016,31.898544311523438,28.640361785888672,26.257478713989258,25.167158126831055,19.882020950317383,19.064523696899414,17.7729549407959,16.209318161010742,15.138765335083008,14.424601554870605,14006.9267578125,36.80278015136719,23.69504737854004
940000,950016,17,3,254,225,0,33466.953125,583.7318725585938,112.5540771484375,73.5186767578125,54.11140060424805,42.679622650146484,39.21002960205078,36.46027755737305,29.987071990966797,27.931554794311523,25.71122932434082,21.690256118774414,20.003725051879883,18.339445114135742,16.664518356323242,15.433350563049316,14.007272720336914,14075.556640625,36.00190353393555,22.410045623779297
940000,950016,17,3,254,225,1,33460.2109375,618.6600952148438,119.63790893554688,79.4725570678711,72.70620727539062,48.640411376953125,45.38920593261719,39.70818328857422,32.45268249511719,29.370380401611328,26.817798614501953,21.969711303710938,19.52515411376953,18.226816177368164,17.8870792388916,16.86516761779785,14.968317985534668,14074.921875,45.60381317138672,24.764663696289062
945000,955008,17,3,252,226,0,33632.56640625,235.36253356933594,112.93865966796875,69.38223266601562,48.210880279541016,40.355690002441406,37.24427795410156,32.986366271972656,27.026283264160156,23.635374069213867,21.23334503173828,19.30463218688965,17.442779541015625,16.695987701416016,15.483741760253906,13.157268524169922,12.402200698852539,14155.84765625,35.282283782958984,20.274311065673828
945000,955008,17,3,252,226,1,33650.98046875,232.07150268554688,111.17723846435547,70.33546447753906,50.788177490234375,42.11940002441406,40.189266204833984,32.808738708496094,25.09267234802246,22.48308563232422,19.449344635009766,19.255367279052734,17.349720001220703,16.404855728149414,15.046043395996094,14.415899276733398,13.971087455749512,14162.1240234375,36.686279296875,20.627073287963867
950000,960000,17,3,253,228,0,33489.31640625,252.2969512939453,102.82252502441406,85.7913589477539,48.245216369628906,38.33307647705078,37.60825729370117,31.686248779296875,27.34342384338379,24.92955207824707,22.383974075317383,20.136171340942383,19.14082145690918,17.859216690063477,16.325586318969727,14.840659141540527,13.932466506958008,14089.43359375,35.71923828125,21.08985710144043
950000,960000,17,3,253,228,1,33501.75390625,253.131103515625,102.8714599609375,88.40946960449219,50.215816497802734,41.39286422729492,39.496742248535156,33.81455993652344,28.473920822143555,25.464359283447266,22.987592697143555,20.470304489135742,18.257465362548828,17.756366729736328,16.47492218017578,14.380563735961914,13.89024543762207,14094.806640625,35.13736343383789,20.88719940185547
955000,964992,17,3,253,224,0,33564.9453125,186.91372680664062,82.97869110107422,65.46375274658203,40.19636535644531,32.671730041503906,30.102394104003906,26.929100036621094,25.68095588684082,22.21307945251465,19.702255249023438,18.54030990600586,18.12994956970215,16.637304306030273,15.642926216125488,14.614874839782715,13.28856086730957,14123.0234375,29.57185935974121,19.973228454589844
955000,964992,17,3,253,224,1,33575.46875,188.35214233398438,83.60918426513672,65.25439453125,42.814449310302734,34.47487258911133,33.01174545288086,30.01432991027832,29.151826858520508,24.754379272460938,21.59152603149414,19.807817459106445,18.290529251098633,18.10433006286621,15.546368598937988,15.15841007232666,13.836872100830078,14127.0556640625,31.613595962524414,20.37965965270996
960000,970048,17,3,251,227,0,33313.8046875,312.28857421875,140.55828857421875,75.06531524658203,49.154876708984375,40.527950286865234,35.380855560302734,35.16211700439453,29.803359985351562,24.801908493041992,21.083749771118164,20.367395401000977,18.89615249633789,18.6064395904541,18.139528274536133,17.125946044921875,14.76927375793457,14005.0693359375,72.5950698852539,21.367694854736328
960000,970048,17,3,251,227,1,33304.48046875,305.6449279785156,139.29115295410156,72.54649353027344,49.531890869140625,38.822853088378906,33.66941452026367,31.3264102935791,26.96738624572754,26.29241180419922,21.322124481201172,20.317201614379883,19.501747131347656,18.025859832763672,16.211400985717773,15.281659126281738,13.277925491333008,14001.4990234375,77.21470642089844,19.866525650024414
965000,975040,17,3,253,219,0,33652.51171875,264.4206848144531,90.35054779052734,66.1112289428711,53.82987594604492,46.289710998535156,36.59608840942383,32.027992248535156,30.111528396606445,27.554285049438477,26.56632423400879,21.39784049987793,19.397462844848633,18.43435287475586,17.340574264526367,15.25133228302002,14.611122131347656,14160.1474609375,40.612640380859375,21.898895263671875
965000,975040,17,3,253,219,1,33651.38671875,265.194091796875,91.19261169433594,64.72846984863281,51.99445724487305,44.098388671875,34.75943374633789,31.222286224365234,29.062387466430664,26.90264129638672,25.174083709716797,21.597013473510742,21.03241729736328,18.57419776916504,16.585969924926758,16.100873947143555,14.911396026611328,14160.0830078125,41.875,21.93747329711914
970000,980032,17,3,246,221,0,33442.49609375,225.56666564941406,102.91990661621094,62.39548110961914,41.405006408691406,38.95734405517578,35.81181716918945,31.21759605407715,24.642915725708008,23.421600341796875,19.62438201904297,18.25360679626465,16.1579532623291,15.315861701965332,14.147363662719727,13.752845764160156,13.271437644958496,14072.1337890625,33.75267028808594,17.988880157470703
970000,980032,17,3,246,221,1,33453.671875,225.156982421875,105.98145294189453,62.979000091552734,41.64443588256836,38.55487823486328,29.46285057067871,27.56245994567871,25.653823852539062,22.100200653076172,21.067842483520508,16.521455764770508,15.995756149291992,15.251208305358887,14.948663711547852,14.773271560668945,14.013055801391602,14076.03125,29.516054153442383,18.327651977539062
975000,985024,17,3,251,224,0,33335.26171875,413.7535400390625,133.43093872070312,88.87332153320312,49.694820404052734,40.33385467529297,38.3194580078125,35.62437438964844,33.486961364746094,28.049562454223633,22.975629806518555,19.814008712768555,19.313079833984375,17.85651397705078,16.86668586730957,15.833361625671387,14.24342155456543,14015.013671875,55.84042739868164,21.603574752807617
975000,985024,17,3,251,224,1,33335.71875,415.2695617675781,139.3383331298828,86.28959655761719,53.10525131225586,44.55104446411133,41.3242301940918,37.715328216552734,30.68035316467285,27.946130752563477,23.752700805664062,21.8641414642334,20.8166561126709,20.077024459838867,18.80484390258789,16.959470748901367,15.325658798217773,14015.642578125,53.471981048583984,24.36299705505371
980000,990016,17,3,253,219,0,33580.81640625,215.08047485351562,86.8031997680664,64.46099090576172,45.3697624206543,41.409149169921875,34.37834167480469,31.53851318359375,27.790546417236328,24.63655662536621,19.957067489624023,18.373876571655273,17.71436309814453,16.670984268188477,15.679668426513672,14.239086151123047,13.593873977661133,14128.0263671875,34.759151458740234,18.487438201904297
980000,990016,17,3,253,219,1,33571.37890625,215.175048828125,85.93502044677734,60.08034896850586,43.78644561767578,40.73331832885742,29.915325164794922,27.20078468322754,26.1525821685791,23.1551570892334,18.57891082763672,17.49144172668457,16.428606033325195,15.24260139465332,14.514242172241211,13.136435508728027,11.176560401916504,14123.6318359375,32.35435104370117,17.340940475463867
985000,995008,17,3,254,218,0,34012.953125,181.6641387939453,98.99034118652344,65.62218475341797,46.406768798828125,37.12767028808594,30.616710662841797,30.42003059387207,27.002763748168945,23.626930236816406,20.080650329589844,19.38440704345703,17.198299407958984,16.451923370361328,15.751341819763184,15.254514694213867,14.834486961364746,14297.923828125,35.87442398071289,19.068830490112305
985000,995008,17,3,254,218,1,34036.07421875,180.29461669921875,98.27375030517578,65.62626647949219,47.489524841308594,36.706783294677734,31.862796783447266,30.895925521850586,29.189964294433594,25.191234588623047,22.963985443115234,20.897268295288086,18.138208389282227,17.718046188354492,16.596359252929688,14.649882316589355,14.067062377929688,14307.05859375,34.66026306152344,21.00714683532715
990000,1000000,17,3,254,218,0,33839.78125,252.2709503173828,92.13985443115234,69.20240783691406,51.384910583496094,41.919700622558594,37.813087463378906,32.5938606262207,27.628271102905273,27.2991943359375,26.10248374938965,23.956045150756836,19.178682327270508,17.67586326599121,16.745737075805664,16.49976921081543,15.63720989227295,14245.560546875,38.224369049072266,21.74636459350586
990000,1000000,17,3,254,218,1,33846.31640625,253.31982421875,92.9437255859375,69.70172119140625,49.571041107177734,37.95170974731445,33.70473861694336,29.35073471069336,27.089923858642578,26.13991928100586,23.19597816467285,21.215396881103516,19.033592224121094,17.959684371948242,15.856840133666992,15.320536613464355,13.91783618927002,14249.1728515625,36.2802619934082,20.773569107055664
