grad_step,env_steps,window_len,penalty_len,n_windows,unique_eps,critic,sv_01,sv_02,sv_03,sv_04,sv_05,sv_06,sv_07,sv_08,sv_09,sv_10,sv_11,sv_12,sv_13,sv_14,sv_15,sv_16,sv_17,pen_sv_01,pen_sv_02,pen_sv_03
0,10001,17,3,225,51,0,2.190580129623413,1.4737882614135742,1.3892580270767212,1.3645424842834473,1.2256006002426147,1.171884298324585,1.1227971315383911,1.0299936532974243,1.0183497667312622,0.9801750183105469,0.9275930523872375,0.8705145716667175,0.8358864784240723,0.7922069430351257,0.7684937715530396,0.7524619698524475,0.7156397700309753,1.44013512134552,1.0452964305877686,0.8922876715660095
0,10001,17,3,225,51,1,2.605464220046997,2.4239046573638916,2.2852115631103516,1.9947905540466309,1.87571120262146,1.725063681602478,1.6813056468963623,1.5348312854766846,1.4188176393508911,1.2667897939682007,1.0856717824935913,1.0392918586730957,0.98391193151474,0.970978856086731,0.8971346616744995,0.800403356552124,0.7292962074279785,2.0549769401550293,1.5493640899658203,1.0497713088989258
5000,15001,17,3,230,51,0,397.8249206542969,97.89618682861328,62.415592193603516,47.70597457885742,34.076622009277344,26.506380081176758,21.821439743041992,17.955032348632812,16.553625106811523,15.404861450195312,13.241353988647461,12.752065658569336,12.519720077514648,11.626276016235352,11.075965881347656,9.835345268249512,9.363923072814941,174.67440795898438,21.873228073120117,11.787860870361328
5000,15001,17,3,230,51,1,401.9516296386719,99.2744140625,63.80447006225586,48.765235900878906,34.3172721862793,26.414594650268555,23.296215057373047,18.130226135253906,16.50037956237793,16.1651554107666,13.400362968444824,12.545872688293457,12.454187393188477,11.552268028259277,10.980759620666504,10.66006088256836,9.314486503601074,176.22607421875,22.036718368530273,12.732477188110352
10000,20001,17,3,239,59,0,661.1109619140625,118.7246322631836,78.13562774658203,52.77318572998047,41.601165771484375,31.919315338134766,28.824756622314453,23.93454360961914,21.297435760498047,19.88672637939453,18.08234977722168,16.645776748657227,16.100614547729492,15.269975662231445,14.619016647338867,14.050703048706055,12.719480514526367,281.6758728027344,33.08975601196289,15.089713096618652
10000,20001,17,3,239,59,1,673.6824340820312,121.37174224853516,79.24993133544922,52.957279205322266,42.87076950073242,34.01875686645508,28.371980667114258,24.625932693481445,22.557052612304688,18.289087295532227,17.735088348388672,16.869985580444336,15.800869941711426,15.05078411102295,14.300773620605469,13.839652061462402,13.709450721740723,287.01715087890625,34.93791198730469,15.601846694946289
15000,25001,17,3,233,66,0,675.4217529296875,120.01187133789062,72.6200180053711,45.05170822143555,38.73379135131836,30.365306854248047,23.417356491088867,20.387359619140625,17.54888343811035,16.898855209350586,13.488834381103516,11.336792945861816,10.63817310333252,10.030838966369629,9.636736869812012,9.21302318572998,8.233611106872559,291.8857421875,30.334815979003906,15.060613632202148
15000,25001,17,3,233,66,1,675.130615234375,121.58393859863281,74.2583236694336,45.63723373413086,39.465415954589844,30.484609603881836,23.51128387451172,20.88018798828125,17.22871971130371,16.38685417175293,14.01697826385498,11.967140197753906,11.231790542602539,9.928657531738281,9.821626663208008,9.53963851928711,8.323164939880371,291.8138122558594,31.671192169189453,14.833978652954102
20000,30001,17,3,238,59,0,769.50341796875,124.06962585449219,74.0859146118164,56.5915641784668,37.399906158447266,26.01674461364746,24.22287940979004,19.070960998535156,16.460948944091797,15.48068904876709,14.379536628723145,12.520771980285645,12.35716724395752,10.98129940032959,10.45315170288086,9.715906143188477,8.342206954956055,319.33514404296875,25.100040435791016,13.701871871948242
20000,30001,17,3,238,59,1,767.2581787109375,123.64250946044922,73.54718780517578,56.386924743652344,38.01820373535156,27.34487533569336,23.533447265625,19.670799255371094,15.210549354553223,15.014211654663086,13.6788911819458,11.631383895874023,11.00124740600586,10.629416465759277,10.44555377960205,9.210265159606934,8.905320167541504,318.4821472167969,25.573902130126953,13.12524700164795
25000,35001,17,3,234,71,0,827.6861572265625,117.02588653564453,71.87477111816406,51.41803741455078,38.30377960205078,28.65376853942871,26.190793991088867,20.182283401489258,16.87609100341797,15.546808242797852,13.233146667480469,12.155051231384277,11.906733512878418,11.1067476272583,9.702014923095703,9.422866821289062,8.410199165344238,339.3197326660156,27.638280868530273,13.474693298339844
25000,35001,17,3,234,71,1,830.5189208984375,115.76162719726562,73.61293029785156,51.43357849121094,38.06777572631836,31.230146408081055,26.260921478271484,19.663867950439453,16.51167869567871,15.215912818908691,13.879524230957031,12.621424674987793,11.051956176757812,10.464860916137695,10.285799026489258,8.752205848693848,8.594561576843262,342.20538330078125,27.009746551513672,13.119406700134277
30000,40001,17,3,235,76,0,893.2429809570312,110.07264709472656,61.24644470214844,42.138824462890625,37.482444763183594,24.530567169189453,22.038944244384766,17.074604034423828,14.751740455627441,13.648642539978027,13.453243255615234,11.400257110595703,10.785785675048828,9.606435775756836,9.389079093933105,8.874686241149902,8.419821739196777,380.1417541503906,26.1447811126709,12.443079948425293
30000,40001,17,3,235,76,1,897.6138916015625,110.6210708618164,60.9727783203125,44.51889419555664,37.12803649902344,24.56650733947754,22.44472885131836,18.487232208251953,14.700573921203613,14.32066535949707,12.817383766174316,10.918570518493652,10.635412216186523,9.194050788879395,8.984539985656738,8.887524604797363,8.4827880859375,382.1037292480469,26.484773635864258,12.919876098632812
35000,45001,17,3,235,77,0,992.4012451171875,124.8997802734375,77.8825912475586,50.456703186035156,39.6681022644043,26.004955291748047,24.16815185546875,19.87895393371582,16.22320556640625,16.008926391601562,13.44256591796875,12.386062622070312,11.434481620788574,10.949119567871094,10.298965454101562,9.384953498840332,8.82244873046875,422.4493713378906,31.18520736694336,13.873448371887207
35000,45001,17,3,235,77,1,990.3832397460938,126.61235046386719,80.95447540283203,50.63492965698242,39.161781311035156,26.069211959838867,22.65646743774414,20.624719619750977,16.460811614990234,15.158571243286133,13.108026504516602,11.948844909667969,11.299542427062988,10.676788330078125,10.010228157043457,9.014467239379883,7.896061897277832,422.3935546875,31.055233001708984,13.35125732421875
40000,50001,17,3,231,76,0,1068.7838134765625,113.335693359375,75.63860321044922,44.99473571777344,37.039085388183594,28.24695587158203,22.735206604003906,19.3273983001709,16.23634910583496,15.051671981811523,13.085355758666992,12.84799861907959,11.419681549072266,10.267339706420898,9.675557136535645,9.48148250579834,8.855856895446777,447.4720153808594,23.885284423828125,11.65831470489502
40000,50001,17,3,231,76,1,1068.19873046875,113.971923828125,77.98063659667969,44.46526336669922,36.455684661865234,29.285181045532227,23.040599822998047,19.4859619140625,17.022214889526367,14.870040893554688,12.529178619384766,11.790963172912598,11.166598320007324,10.680436134338379,9.940553665161133,8.975439071655273,8.413347244262695,447.28564453125,24.105905532836914,11.251212120056152
45000,55001,17,3,237,82,0,1265.6727294921875,135.57891845703125,82.74087524414062,48.322418212890625,37.59031295776367,25.44994354248047,21.980571746826172,20.768661499023438,17.82648277282715,15.321369171142578,14.308341026306152,12.402390480041504,11.976263999938965,10.50570297241211,10.26640796661377,9.300442695617676,8.699029922485352,527.0283813476562,26.702667236328125,14.336593627929688
45000,55001,17,3,237,82,1,1269.08447265625,136.36825561523438,83.95491027832031,47.294349670410156,37.92316436767578,25.5332088470459,21.883167266845703,20.498891830444336,16.85318946838379,15.651222229003906,13.963296890258789,12.320792198181152,10.802523612976074,10.794272422790527,9.359424591064453,8.861762046813965,8.373095512390137,527.1871948242188,26.522001266479492,12.972604751586914
50000,60001,17,3,240,85,0,1375.3502197265625,120.65101623535156,78.70509338378906,41.1126708984375,36.781951904296875,28.009000778198242,20.607643127441406,19.455928802490234,16.571998596191406,13.814315795898438,13.621946334838867,11.765829086303711,11.284079551696777,10.493521690368652,9.575495719909668,8.966024398803711,7.535677433013916,581.8707275390625,23.230182647705078,14.355838775634766
50000,60001,17,3,240,85,1,1376.0135498046875,122.15900421142578,78.55191040039062,39.48016357421875,37.14018630981445,27.756147384643555,23.094446182250977,18.515117645263672,16.0577392578125,13.246077537536621,12.807106971740723,11.698018074035645,10.107917785644531,9.956768989562988,9.551313400268555,8.480408668518066,7.372897624969482,582.0337524414062,25.85207176208496,13.458020210266113
55000,65001,17,3,228,87,0,1422.541259765625,115.3438491821289,71.61945343017578,49.54829025268555,34.352752685546875,26.183692932128906,23.381479263305664,19.0855655670166,16.47993278503418,15.822282791137695,13.777191162109375,12.677546501159668,11.274141311645508,10.50505542755127,8.991715431213379,8.165791511535645,8.02924633026123,589.3958129882812,37.515098571777344,14.034194946289062
55000,65001,17,3,228,87,1,1422.86181640625,111.71363830566406,70.06092071533203,48.65377426147461,34.47554016113281,26.10641860961914,22.409482955932617,18.596467971801758,17.036962509155273,15.163707733154297,13.056072235107422,12.75110149383545,10.733955383300781,10.016329765319824,8.803143501281738,8.307798385620117,7.353909015655518,589.9797973632812,34.70946502685547,14.147420883178711
60000,70001,17,3,239,96,0,1509.434814453125,128.7412567138672,72.62689971923828,46.430301666259766,30.696985244750977,28.82888412475586,23.29399299621582,19.13337516784668,16.97567367553711,15.124959945678711,13.639153480529785,12.519058227539062,12.044905662536621,10.967133522033691,10.6782808303833,9.663084030151367,9.54488468170166,629.220947265625,27.371183395385742,13.746756553649902
60000,70001,17,3,239,96,1,1512.9512939453125,128.85426330566406,72.1474609375,45.06928253173828,31.393768310546875,29.44222640991211,23.178415298461914,17.309167861938477,16.39290428161621,15.26634693145752,13.675799369812012,12.891326904296875,11.548284530639648,10.87783432006836,10.517559051513672,9.055961608886719,8.49911880493164,630.7975463867188,26.36894989013672,12.759435653686523
65000,75001,17,3,238,97,0,1586.5908203125,118.62284851074219,69.68099212646484,51.017757415771484,33.69713592529297,27.740888595581055,24.817007064819336,22.99061393737793,17.063657760620117,15.844507217407227,14.386171340942383,13.04306697845459,11.5574951171875,10.599084854125977,9.715868949890137,9.117883682250977,9.040218353271484,667.5592041015625,28.59086036682129,12.454349517822266
65000,75001,17,3,238,97,1,1587.117431640625,117.51654052734375,73.4692611694336,51.74911117553711,32.64909362792969,26.744462966918945,24.405254364013672,21.572349548339844,17.59496307373047,15.570510864257812,13.766839981079102,12.911569595336914,11.630058288574219,10.66679573059082,10.021387100219727,9.248394012451172,7.657694339752197,667.6901245117188,27.30306625366211,13.301289558410645
70000,80001,17,3,242,94,0,1748.4583740234375,123.9780502319336,73.12769317626953,49.762115478515625,36.128875732421875,30.012325286865234,24.887557983398438,18.667484283447266,16.919628143310547,15.681038856506348,15.443526268005371,14.044614791870117,13.198711395263672,12.50004768371582,11.430031776428223,9.268854141235352,9.046233177185059,735.6683959960938,25.689672470092773,11.832192420959473
70000,80001,17,3,242,94,1,1743.58349609375,124.17822265625,72.65467071533203,46.51274490356445,34.24266815185547,28.980188369750977,25.064746856689453,19.286855697631836,17.230676651000977,15.779520034790039,13.710845947265625,13.051504135131836,12.083749771118164,11.297537803649902,10.86557388305664,9.821834564208984,9.238798141479492,733.1568603515625,24.400190353393555,12.255244255065918
75000,85001,17,3,239,95,0,1869.6610107421875,112.1701889038086,67.32648468017578,51.92682647705078,35.609352111816406,25.025733947753906,20.581462860107422,19.138036727905273,18.292884826660156,14.731427192687988,14.047893524169922,11.805187225341797,11.153741836547852,10.550963401794434,9.436617851257324,8.682123184204102,7.633044719696045,789.0612182617188,21.191333770751953,12.114371299743652
75000,85001,17,3,239,95,1,1862.084716796875,111.93622589111328,65.52110290527344,50.68208694458008,35.557491302490234,25.802453994750977,20.408241271972656,18.021106719970703,17.386144638061523,15.138345718383789,14.158777236938477,12.769061088562012,12.155969619750977,10.737679481506348,9.775534629821777,9.119832038879395,8.769559860229492,784.9391479492188,20.650127410888672,12.272133827209473
80000,90001,17,3,237,105,0,1905.2012939453125,129.8898162841797,78.71287536621094,51.08065414428711,43.72606658935547,29.782835006713867,25.232067108154297,21.519634246826172,19.526334762573242,16.07747459411621,15.565747261047363,14.430276870727539,13.842970848083496,12.128288269042969,10.980257987976074,10.426688194274902,9.335844993591309,800.2092895507812,32.8956413269043,14.68043041229248
80000,90001,17,3,237,105,1,1906.3436279296875,128.32228088378906,78.3678207397461,51.31476593017578,43.85877990722656,28.97379493713379,24.402820587158203,22.02718734741211,20.579578399658203,17.39958381652832,15.559332847595215,14.999000549316406,12.756793975830078,12.212998390197754,11.621065139770508,10.304376602172852,9.900747299194336,800.3714599609375,32.7611083984375,14.887194633483887
85000,95001,17,3,240,117,0,1946.4385986328125,157.7426300048828,70.91911315917969,50.434749603271484,37.45655059814453,33.50809860229492,27.199920654296875,22.05083465576172,19.903331756591797,18.09686279296875,16.19964027404785,15.41727352142334,13.990660667419434,12.758737564086914,12.281434059143066,11.317265510559082,10.23134708404541,816.7815551757812,32.760677337646484,13.306157112121582
85000,95001,17,3,240,117,1,1940.9554443359375,156.88967895507812,70.14191436767578,49.597015380859375,36.92501449584961,33.17580795288086,27.167936325073242,22.25187873840332,19.647661209106445,18.2232608795166,16.433887481689453,14.61275863647461,12.676508903503418,12.313445091247559,10.9811429977417,10.785619735717773,9.775211334228516,814.1436767578125,31.178186416625977,14.100139617919922
90000,100001,17,3,230,110,0,2027.4139404296875,124.46190643310547,69.1989517211914,43.39003372192383,31.7119197845459,28.369714736938477,25.441387176513672,19.921262741088867,18.58725929260254,16.10487174987793,13.615071296691895,13.142189979553223,12.7775297164917,11.489638328552246,10.677502632141113,9.154098510742188,8.793020248413086,850.48876953125,27.825815200805664,14.11771011352539
90000,100001,17,3,230,110,1,2030.1439208984375,127.81017303466797,70.92127990722656,43.377647399902344,32.204341888427734,27.522747039794922,22.51067352294922,19.08795738220215,18.372468948364258,16.209945678710938,14.550344467163086,13.133590698242188,11.336487770080566,11.0241060256958,10.511927604675293,8.711898803710938,8.333196640014648,851.137939453125,27.879655838012695,12.915828704833984
95000,105001,17,3,244,110,0,2165.08837890625,135.20843505859375,68.49169921875,47.799922943115234,37.48872756958008,26.577110290527344,21.991573333740234,19.925378799438477,16.263216018676758,14.866585731506348,13.507550239562988,12.897957801818848,12.331031799316406,11.274687767028809,10.944978713989258,9.766125679016113,8.632486343383789,914.6114501953125,25.822904586791992,14.36854362487793
95000,105001,17,3,244,110,1,2163.17333984375,133.78561401367188,68.43550109863281,47.65422058105469,37.48525619506836,28.018978118896484,22.400205612182617,19.638431549072266,16.28366470336914,15.064399719238281,14.129518508911133,12.655688285827637,12.3165922164917,10.86182975769043,10.439545631408691,9.55777645111084,9.36709976196289,913.869140625,26.315208435058594,12.231358528137207
100000,110001,17,3,243,119,0,2174.72119140625,105.43959045410156,73.32133483886719,46.06088638305664,34.192691802978516,27.517818450927734,21.62915802001953,19.385971069335938,16.88614273071289,15.574117660522461,14.6384916305542,12.928064346313477,11.925978660583496,11.415338516235352,10.497821807861328,9.426508903503418,8.12726879119873,910.8078002929688,25.803071975708008,11.690482139587402
100000,110001,17,3,243,119,1,2179.331298828125,104.0278091430664,74.16465759277344,48.82619857788086,34.500404357910156,28.455739974975586,22.5784912109375,20.38741111755371,18.38789939880371,16.091827392578125,14.835893630981445,13.550278663635254,12.49699878692627,11.342559814453125,10.677623748779297,9.981511116027832,9.159830093383789,912.575439453125,25.980119705200195,13.456997871398926
105000,115001,17,3,243,125,0,2214.2685546875,136.5236358642578,74.63270568847656,56.37950897216797,40.54048538208008,28.35434913635254,24.12303352355957,22.247468948364258,19.96177101135254,17.3183536529541,15.006495475769043,13.592597961425781,13.160232543945312,11.640836715698242,11.57496452331543,10.925276756286621,9.148399353027344,926.1634521484375,29.004945755004883,13.894486427307129
105000,115001,17,3,243,125,1,2213.044189453125,137.84779357910156,74.99992370605469,58.6629524230957,38.99593734741211,28.342618942260742,26.53093719482422,21.98731803894043,17.172271728515625,16.81903076171875,15.53699779510498,15.212335586547852,14.017285346984863,12.18628215789795,11.781295776367188,10.863031387329102,10.618619918823242,925.4990844726562,26.335880279541016,14.478568077087402
110000,120001,17,3,232,133,0,2232.362060546875,125.86847686767578,80.94660186767578,48.111083984375,38.50893783569336,30.770570755004883,24.485769271850586,22.852920532226562,20.756135940551758,16.799266815185547,14.607672691345215,13.505796432495117,12.418475151062012,11.996988296508789,11.27610969543457,10.132426261901855,9.393648147583008,944.9024047851562,28.5771541595459,12.918475151062012
110000,120001,17,3,232,133,1,2230.74267578125,125.67765808105469,83.5726547241211,49.80183792114258,38.73576354980469,29.930084228515625,25.40079116821289,23.300989151000977,21.404903411865234,15.726363182067871,14.3856840133667,13.155491828918457,11.36755657196045,10.575284957885742,10.251293182373047,9.605765342712402,7.989709377288818,943.8546142578125,29.292125701904297,11.802117347717285
115000,125001,17,3,241,126,0,2348.619140625,136.11228942871094,84.73128509521484,49.649627685546875,40.612693786621094,31.60835075378418,27.443817138671875,26.28352928161621,20.998228073120117,17.963682174682617,16.005779266357422,15.048405647277832,14.211502075195312,13.330123901367188,12.888304710388184,11.421110153198242,10.064056396484375,993.4488525390625,32.83896255493164,14.122295379638672
115000,125001,17,3,241,126,1,2354.823486328125,135.9534454345703,82.03765869140625,48.737422943115234,41.38875198364258,30.706090927124023,25.544231414794922,25.24595832824707,19.701799392700195,18.463308334350586,15.809456825256348,14.571840286254883,12.921899795532227,12.518223762512207,11.31982421875,10.682738304138184,9.856051445007324,996.4437866210938,31.866771697998047,14.030080795288086
120000,130001,17,3,248,135,0,2355.088134765625,174.1272735595703,74.99205780029297,65.01123046875,44.884117126464844,34.44489669799805,29.461626052856445,27.039369583129883,21.647064208984375,18.598478317260742,17.622621536254883,16.270906448364258,14.95443344116211,13.50576114654541,12.96402645111084,12.691743850708008,11.875306129455566,992.371337890625,33.364906311035156,17.540836334228516
120000,130001,17,3,248,135,1,2348.625244140625,173.68348693847656,76.18217468261719,65.70751953125,45.47031784057617,33.58958053588867,29.214826583862305,27.177013397216797,20.801189422607422,18.18868064880371,17.355039596557617,16.31063461303711,14.661667823791504,13.73425006866455,13.197501182556152,12.060117721557617,11.186392784118652,989.4620361328125,33.13138961791992,15.774497985839844
125000,135001,17,3,247,141,0,2533.438720703125,153.80506896972656,80.90594482421875,57.4517822265625,42.88793182373047,28.01166343688965,25.903715133666992,20.525697708129883,19.08430290222168,15.951422691345215,15.056447982788086,13.797473907470703,12.700621604919434,11.954029083251953,11.055166244506836,10.286969184875488,8.151679992675781,1068.802490234375,32.1867790222168,15.288597106933594
125000,135001,17,3,247,141,1,2536.286865234375,152.21652221679688,81.63902282714844,54.656097412109375,42.61235809326172,27.108654022216797,25.680082321166992,23.148923873901367,18.34173583984375,17.211383819580078,16.369190216064453,14.87766170501709,13.526840209960938,11.726615905761719,11.236700057983398,10.153024673461914,9.217141151428223,1069.944580078125,34.489017486572266,15.848075866699219
130000,140001,17,3,242,140,0,2516.81689453125,142.36671447753906,80.18628692626953,47.80571365356445,41.259864807128906,30.267959594726562,25.77726936340332,21.856828689575195,21.227054595947266,19.057575225830078,17.558805465698242,14.286468505859375,14.109569549560547,12.559057235717773,12.051547050476074,11.478729248046875,10.505470275878906,1056.521484375,29.67791748046875,14.879863739013672
130000,140001,17,3,242,140,1,2518.636962890625,143.36866760253906,80.39743041992188,45.07132339477539,42.37029266357422,29.971694946289062,27.265443801879883,22.93315887451172,20.518978118896484,17.27300453186035,16.29888343811035,14.380935668945312,13.59618854522705,12.810507774353027,11.996581077575684,11.403578758239746,9.531023979187012,1056.98046875,29.96457862854004,15.264947891235352
135000,145001,17,3,238,135,0,2585.16162109375,153.540771484375,81.5432357788086,45.75588607788086,40.339759826660156,32.871280670166016,24.04894256591797,22.209339141845703,18.672409057617188,16.907794952392578,15.909274101257324,14.649054527282715,14.170023918151855,13.441608428955078,12.072210311889648,10.61668586730957,10.179241180419922,1088.3846435546875,27.775819778442383,15.612520217895508
135000,145001,17,3,238,135,1,2584.963134765625,152.59132385253906,80.56185150146484,45.26007843017578,39.57237243652344,33.45768356323242,25.558673858642578,21.017457962036133,18.47414207458496,17.896381378173828,16.337690353393555,15.27161979675293,13.253665924072266,12.790794372558594,11.779595375061035,10.853470802307129,9.19782543182373,1088.3209228515625,28.91777229309082,14.682992935180664
140000,150001,17,3,244,145,0,2610.126953125,137.2921142578125,95.96190643310547,60.60873794555664,38.81810760498047,34.57706069946289,31.55131721496582,23.031352996826172,21.86782455444336,18.504619598388672,16.88201332092285,15.106542587280273,14.41166877746582,13.637564659118652,13.335638046264648,12.503633499145508,11.76036262512207,1102.21533203125,38.40683364868164,17.699783325195312
140000,150001,17,3,244,145,1,2615.180419921875,137.0809326171875,93.78514862060547,62.24958038330078,41.16831588745117,35.498741149902344,34.72825241088867,25.77317237854004,23.209768295288086,18.403656005859375,17.266260147094727,16.8946533203125,15.878740310668945,14.171847343444824,13.496233940124512,12.682394981384277,11.17976188659668,1104.396240234375,37.657901763916016,18.23072052001953
145000,155001,17,3,240,137,0,2698.183837890625,161.39065551757812,85.38545989990234,50.80068588256836,36.09299087524414,28.353078842163086,26.27234649658203,21.86524772644043,20.76180076599121,18.88888931274414,15.981831550598145,15.205156326293945,12.64125919342041,12.410372734069824,11.681160926818848,10.697272300720215,9.753271102905273,1133.6072998046875,33.08647537231445,14.267768859863281
145000,155001,17,3,240,137,1,2698.6748046875,164.2042999267578,84.87359619140625,51.70302963256836,36.82334899902344,28.664628982543945,27.126924514770508,22.02425193786621,19.514568328857422,18.151081085205078,15.595256805419922,14.877212524414062,14.2449312210083,11.841743469238281,10.13747501373291,9.446699142456055,9.152213096618652,1133.9708251953125,33.093605041503906,14.09384536743164
150000,160001,17,3,241,148,0,2713.9345703125,155.4692840576172,75.72351837158203,48.019779205322266,41.99850082397461,33.30498504638672,23.922199249267578,23.026796340942383,21.295793533325195,18.65667152404785,16.947328567504883,14.838690757751465,14.240948677062988,13.397465705871582,11.693650245666504,10.925636291503906,10.587456703186035,1147.5985107421875,25.589067459106445,14.35213565826416
150000,160001,17,3,241,148,1,2703.870361328125,157.0656280517578,77.13682556152344,52.93693161010742,41.03721618652344,33.251468658447266,26.298969268798828,22.918466567993164,21.033166885375977,19.09112548828125,18.28646469116211,14.63790512084961,13.84165096282959,12.12286376953125,11.22121810913086,10.688996315002441,9.979571342468262,1143.517333984375,26.725622177124023,14.225560188293457
155000,165001,17,3,244,144,0,2835.458251953125,130.11257934570312,76.96339416503906,50.55160903930664,41.04925537109375,29.798683166503906,27.10788917541504,22.905397415161133,20.69223976135254,17.99129295349121,17.5968017578125,15.880609512329102,14.272382736206055,13.41589069366455,12.199462890625,10.824761390686035,9.982626914978027,1192.0184326171875,34.114288330078125,13.180460929870605
155000,165001,17,3,244,144,1,2831.41748046875,129.16949462890625,76.34846496582031,52.44919204711914,41.46703338623047,31.39991569519043,26.746417999267578,22.280860900878906,19.731401443481445,18.117258071899414,16.584644317626953,15.388745307922363,14.356731414794922,13.45413589477539,13.129632949829102,9.927907943725586,9.753737449645996,1189.9852294921875,33.959354400634766,15.171628952026367
160000,170001,17,3,244,131,0,2840.426513671875,131.507080078125,68.05268096923828,53.02110290527344,36.83650207519531,29.419010162353516,26.335161209106445,21.56290054321289,20.397581100463867,17.60883331298828,16.81561851501465,14.628381729125977,12.929311752319336,12.216063499450684,11.793027877807617,10.152863502502441,9.401246070861816,1198.2672119140625,30.01572036743164,12.593995094299316
160000,170001,17,3,244,131,1,2842.180419921875,127.4616928100586,70.53157806396484,54.118621826171875,36.47909927368164,29.339065551757812,23.579744338989258,22.00848388671875,19.007787704467773,17.35865020751953,15.703441619873047,15.231267929077148,13.639477729797363,12.795551300048828,12.20840072631836,10.257877349853516,9.743840217590332,1199.0614013671875,27.19826316833496,14.62426471710205
165000,175001,17,3,239,135,0,2866.8740234375,115.28861999511719,78.41959381103516,52.038578033447266,39.69462585449219,28.12529945373535,24.279680252075195,22.865760803222656,18.93673324584961,17.913806915283203,14.853055000305176,12.9291410446167,12.357175827026367,10.970769882202148,10.56641960144043,9.854280471801758,7.961616039276123,1204.7833251953125,30.91693687438965,18.937942504882812
165000,175001,17,3,239,135,1,2863.25439453125,114.05941009521484,77.55802917480469,49.97822570800781,40.7181396484375,30.327796936035156,25.400461196899414,22.59441375732422,18.573009490966797,18.15447235107422,14.648900985717773,13.121743202209473,12.02783203125,11.581143379211426,10.093629837036133,9.21843147277832,8.534936904907227,1203.0982666015625,30.734363555908203,16.396194458007812
170000,180001,17,3,247,154,0,2846.361328125,139.1743621826172,77.6828842163086,45.57562255859375,39.87655258178711,34.999183654785156,31.01533317565918,24.072364807128906,23.724075317382812,19.76807403564453,17.782451629638672,16.94491958618164,15.409274101257324,13.418623924255371,12.297687530517578,11.563068389892578,10.454627990722656,1195.9227294921875,29.80240249633789,17.040138244628906
170000,180001,17,3,247,154,1,2847.074462890625,139.9353485107422,79.88821411132812,46.35601043701172,40.35725402832031,34.24251937866211,31.7439022064209,24.58607292175293,22.742101669311523,22.074337005615234,18.485254287719727,16.899459838867188,14.885124206542969,12.956573486328125,12.62476921081543,11.382149696350098,9.688482284545898,1196.004638671875,28.4967041015625,17.293106079101562
175000,185001,17,3,243,155,0,2823.24658203125,161.5523223876953,87.66018676757812,56.66126251220703,38.263919830322266,34.79347229003906,31.922325134277344,27.027141571044922,21.126773834228516,18.93385887145996,17.787593841552734,17.365957260131836,15.451969146728516,14.78154468536377,14.286767959594727,11.867558479309082,10.744989395141602,1192.0091552734375,30.476938247680664,16.584197998046875
175000,185001,17,3,243,155,1,2818.693603515625,163.49098205566406,88.69791412353516,55.17255401611328,36.925559997558594,35.28036880493164,32.004329681396484,24.931533813476562,20.58782196044922,19.792909622192383,17.93618392944336,16.742694854736328,15.080081939697266,14.706337928771973,14.1663818359375,12.617475509643555,10.849600791931152,1190.7598876953125,30.164186477661133,17.266300201416016
180000,190001,17,3,242,149,0,2838.304931640625,146.29884338378906,77.86261749267578,60.39986038208008,37.258514404296875,32.83269500732422,27.021039962768555,26.638761520385742,22.841419219970703,18.919179916381836,18.281410217285156,17.22772979736328,16.02471923828125,14.603625297546387,14.105034828186035,12.173367500305176,11.16828441619873,1197.907958984375,29.383209228515625,18.709901809692383
180000,190001,17,3,242,149,1,2837.135986328125,144.4689483642578,78.59915924072266,57.648170471191406,36.945396423339844,33.49687957763672,26.672542572021484,25.82036018371582,24.33020782470703,19.267147064208984,17.481800079345703,15.808780670166016,15.221324920654297,13.950223922729492,12.887530326843262,11.959770202636719,10.817157745361328,1198.76171875,30.68787956237793,19.139135360717773
185000,195001,17,3,246,153,0,2833.2255859375,147.03634643554688,78.16665649414062,49.2595100402832,40.47377395629883,33.79164505004883,28.628740310668945,26.5063419342041,22.443580627441406,20.290691375732422,18.181930541992188,17.486806869506836,16.271684646606445,15.934761047363281,13.964378356933594,12.277567863464355,11.590261459350586,1196.4241943359375,27.679733276367188,17.087106704711914
185000,195001,17,3,246,153,1,2832.263916015625,147.4766082763672,80.65039825439453,50.447837829589844,41.150325775146484,33.91426086425781,28.45987892150879,26.21602439880371,22.88235855102539,20.472946166992188,18.03514289855957,16.918872833251953,15.774569511413574,14.371527671813965,13.665725708007812,13.280502319335938,11.1193265914917,1196.2247314453125,28.162057876586914,15.833089828491211
190000,200001,17,3,246,153,0,2918.07666015625,151.86463928222656,81.33091735839844,52.23710632324219,38.98320388793945,26.816143035888672,25.185745239257812,22.332956314086914,18.333656311035156,17.23855972290039,16.68313217163086,14.305439949035645,13.802899360656738,13.18960189819336,11.265531539916992,10.385649681091309,9.363235473632812,1232.6336669921875,26.988039016723633,15.258570671081543
190000,200001,17,3,246,153,1,2911.365478515625,150.05706787109375,81.68729400634766,53.47693634033203,40.35227966308594,27.775056838989258,24.835918426513672,24.053163528442383,19.080245971679688,17.157764434814453,15.360139846801758,14.67962646484375,13.12770938873291,13.104291915893555,11.595575332641602,10.73888874053955,9.918732643127441,1229.8255615234375,25.804841995239258,15.029325485229492
195000,205001,17,3,245,160,0,2931.996826171875,155.8652801513672,87.46749114990234,54.28660202026367,42.27556228637695,31.740196228027344,25.23373794555664,24.334060668945312,22.8885555267334,18.262956619262695,17.299713134765625,16.536474227905273,15.566265106201172,14.600400924682617,12.037213325500488,11.619022369384766,9.632994651794434,1228.2060546875,30.461223602294922,15.514307022094727
195000,205001,17,3,245,160,1,2931.110595703125,154.65005493164062,87.16854095458984,55.308563232421875,42.857452392578125,32.2851448059082,26.82168960571289,24.15365219116211,22.856130599975586,20.351511001586914,18.42493438720703,16.407329559326172,15.408713340759277,14.296456336975098,12.85694694519043,11.501211166381836,9.20855712890625,1227.84130859375,31.203227996826172,17.156648635864258
200000,210001,17,3,241,157,0,2852.6279296875,154.06626892089844,81.86170196533203,55.020355224609375,39.892303466796875,32.84407424926758,28.52501678466797,25.339096069335938,21.72336769104004,19.169815063476562,17.434993743896484,16.78643226623535,15.017295837402344,14.396743774414062,13.782361030578613,12.739855766296387,12.13909912109375,1207.982421875,28.127958297729492,16.66067123413086
200000,210001,17,3,241,157,1,2849.37548828125,151.5941925048828,84.64028930664062,57.68418884277344,44.99341583251953,34.557125091552734,29.433944702148438,24.94133186340332,23.95635223388672,19.427597045898438,18.443376541137695,17.40920066833496,16.078311920166016,15.497328758239746,13.1383638381958,12.542608261108398,12.036784172058105,1207.1688232421875,30.145376205444336,16.685758590698242
205000,215001,17,3,250,155,0,2970.22265625,129.20245361328125,67.162353515625,48.235599517822266,41.5864372253418,35.037757873535156,28.528135299682617,23.313419342041016,19.153181076049805,18.05747413635254,17.067960739135742,15.935823440551758,14.668453216552734,14.54681396484375,13.236671447753906,10.282976150512695,9.734774589538574,1249.3685302734375,33.32257843017578,17.252288818359375
205000,215001,17,3,250,155,1,2974.079833984375,130.40725708007812,67.36717987060547,47.9652214050293,42.97549819946289,36.604183197021484,29.844348907470703,22.298364639282227,20.004016876220703,17.844335556030273,16.656749725341797,14.760892868041992,14.34887981414795,13.830557823181152,13.144104957580566,10.246635437011719,9.57129192352295,1251.959716796875,33.40978240966797,16.843048095703125
210000,220001,17,3,242,162,0,2940.016845703125,153.40943908691406,85.43516540527344,55.120670318603516,39.65953826904297,33.51592254638672,28.713293075561523,22.006895065307617,18.36503028869629,18.008935928344727,16.989362716674805,15.447549819946289,13.905657768249512,13.181885719299316,12.350488662719727,10.90289306640625,8.894038200378418,1241.01513671875,40.74221420288086,16.57491683959961
210000,220001,17,3,242,162,1,2935.404052734375,155.7272491455078,86.5572280883789,55.5330810546875,39.332576751708984,31.273929595947266,28.244895935058594,20.39789390563965,18.18430519104004,17.612430572509766,17.37603187561035,14.659927368164062,12.95510196685791,12.477766990661621,11.014664649963379,10.55141544342041,9.251542091369629,1238.2568359375,38.90415954589844,16.955305099487305
215000,225001,17,3,238,150,0,2908.751953125,130.23883056640625,73.44852447509766,53.9204216003418,37.627197265625,31.172338485717773,30.12779426574707,21.221542358398438,19.728029251098633,18.43339729309082,16.605520248413086,14.886691093444824,14.528937339782715,13.709182739257812,11.683982849121094,10.30181884765625,8.357499122619629,1226.5382080078125,33.514892578125,16.61202621459961
215000,225001,17,3,238,150,1,2904.08642578125,128.32273864746094,72.62852478027344,51.552650451660156,36.76626205444336,30.424030303955078,25.173477172851562,21.81337547302246,20.050460815429688,18.178428649902344,17.762962341308594,16.869112014770508,15.1191987991333,12.91884708404541,12.197110176086426,11.187134742736816,9.225253105163574,1224.2919921875,33.70750427246094,18.64898681640625
220000,230001,17,3,244,162,0,2922.2314453125,150.4545440673828,67.5660171508789,41.83151626586914,38.74758529663086,28.687984466552734,24.363367080688477,22.8681697845459,20.25114631652832,17.949935913085938,16.34575843811035,15.94233512878418,13.826652526855469,12.616809844970703,11.368210792541504,10.989156723022461,10.70106315612793,1226.868408203125,29.99279022216797,19.039880752563477
220000,230001,17,3,244,162,1,2921.351318359375,152.1461181640625,68.4842300415039,43.8993034362793,38.5170783996582,30.08849334716797,25.282228469848633,22.575450897216797,20.179840087890625,18.072214126586914,17.22190284729004,16.172794342041016,12.85123062133789,12.546525955200195,12.333745956420898,11.042705535888672,10.029319763183594,1225.03271484375,30.35329246520996,16.743282318115234
225000,235001,17,3,245,164,0,2873.556884765625,162.75564575195312,85.64445495605469,48.735111236572266,38.07292175292969,30.648019790649414,26.451980590820312,25.422700881958008,24.00986099243164,19.8280086517334,17.666501998901367,16.14126968383789,14.447903633117676,13.933211326599121,13.269588470458984,11.294807434082031,10.785099029541016,1208.6302490234375,32.7745361328125,19.266490936279297
225000,235001,17,3,245,164,1,2880.26611328125,162.06570434570312,86.5892562866211,49.83740234375,41.33936309814453,30.175691604614258,25.23690414428711,21.339500427246094,20.230079650878906,19.188480377197266,18.945846557617188,15.553362846374512,15.131766319274902,13.450892448425293,12.133271217346191,11.163994789123535,10.446069717407227,1210.4769287109375,31.412166595458984,19.142173767089844
230000,240001,17,3,244,154,0,2967.799560546875,151.22166442871094,77.23775482177734,53.03158950805664,37.395965576171875,31.603246688842773,24.34162139892578,19.816007614135742,18.963029861450195,16.781890869140625,15.885735511779785,14.512123107910156,13.966668128967285,13.351794242858887,12.225972175598145,10.834213256835938,10.318619728088379,1253.669189453125,29.137670516967773,13.931333541870117
230000,240001,17,3,244,154,1,2971.681396484375,157.52069091796875,77.48389434814453,53.63418197631836,37.379032135009766,29.470720291137695,23.996641159057617,21.266992568969727,18.371902465820312,16.528852462768555,14.663302421569824,13.568419456481934,12.93891429901123,12.182400703430176,10.599957466125488,9.698394775390625,8.954959869384766,1255.3046875,29.96634864807129,11.667597770690918
235000,245001,17,3,242,153,0,2991.723876953125,143.52882385253906,78.49897766113281,48.72999954223633,36.57719802856445,28.9515380859375,23.35574722290039,22.89743995666504,21.601898193359375,17.67551040649414,15.829285621643066,14.631147384643555,13.423131942749023,11.939857482910156,10.673686027526855,9.854849815368652,9.284005165100098,1262.8682861328125,23.92350196838379,12.935434341430664
235000,245001,17,3,242,153,1,2986.062255859375,142.90390014648438,79.46672821044922,46.99181365966797,37.57247543334961,28.24433135986328,22.686180114746094,22.238962173461914,18.819292068481445,17.03171730041504,16.212182998657227,15.882730484008789,14.170296669006348,13.718960762023926,10.723710060119629,10.102741241455078,8.633682250976562,1260.68701171875,26.020845413208008,15.036847114562988
240000,250001,17,3,240,166,0,3068.571533203125,143.28916931152344,58.202091217041016,37.29793930053711,33.97652053833008,25.955596923828125,23.006567001342773,19.457164764404297,17.917953491210938,14.230732917785645,13.265327453613281,13.138733863830566,11.835511207580566,10.924602508544922,9.823636054992676,8.2775239944458,7.882384777069092,1293.2440185546875,26.32236099243164,11.95287799835205
240000,250001,17,3,240,166,1,3069.01123046875,141.95350646972656,56.5659294128418,38.611976623535156,35.22940444946289,25.70637321472168,24.010175704956055,21.135622024536133,18.882875442504883,16.19074058532715,14.067667961120605,13.005492210388184,11.772845268249512,11.13371467590332,10.321242332458496,9.236590385437012,8.707610130310059,1292.6466064453125,25.967876434326172,13.858091354370117
245000,255001,17,3,242,164,0,2966.078857421875,153.8662567138672,97.59532928466797,54.57545852661133,40.1096076965332,38.22091293334961,26.452653884887695,22.99738311767578,21.664936065673828,19.57006072998047,16.5855770111084,16.537635803222656,15.409199714660645,13.86307430267334,12.431695938110352,10.77357292175293,10.745991706848145,1244.045166015625,34.07802963256836,17.68560791015625
245000,255001,17,3,242,164,1,2965.29638671875,155.7519989013672,97.96818542480469,51.12315368652344,43.4374885559082,34.05154037475586,25.939678192138672,23.555429458618164,21.610475540161133,18.435440063476562,15.804197311401367,15.500293731689453,14.785619735717773,13.456122398376465,12.07097053527832,10.368863105773926,9.546004295349121,1242.2213134765625,30.97447967529297,16.38629722595215
250000,260001,17,3,242,168,0,3013.46240234375,151.71282958984375,83.0375747680664,52.8041877746582,39.777626037597656,31.3339900970459,25.767080307006836,20.381397247314453,17.979639053344727,16.69008445739746,16.341609954833984,14.443792343139648,14.375158309936523,14.25248908996582,12.406344413757324,11.426130294799805,9.783059120178223,1271.3157958984375,29.906869888305664,14.827611923217773
250000,260001,17,3,242,168,1,3007.087646484375,152.7264404296875,82.66435241699219,52.739105224609375,38.9235725402832,30.272390365600586,27.260021209716797,20.847909927368164,19.380332946777344,16.977893829345703,15.458459854125977,13.58941650390625,12.935619354248047,12.14300537109375,11.238774299621582,10.52264404296875,9.927572250366211,1268.235595703125,28.874780654907227,13.842968940734863
255000,265001,17,3,244,166,0,3189.908935546875,127.31610107421875,62.44736099243164,41.16776657104492,34.17802429199219,25.96820831298828,21.02817153930664,19.5716495513916,17.682388305664062,13.504988670349121,13.054805755615234,12.507905960083008,11.859070777893066,10.591484069824219,9.596010208129883,8.988061904907227,8.343826293945312,1342.5474853515625,24.321876525878906,12.914040565490723
255000,265001,17,3,244,166,1,3184.973388671875,127.1830825805664,61.891265869140625,44.26035690307617,34.28591537475586,27.829408645629883,21.17418670654297,18.611751556396484,16.880393981933594,14.429788589477539,13.546656608581543,12.239330291748047,11.033381462097168,10.238691329956055,9.077327728271484,8.124910354614258,7.529495716094971,1340.347412109375,24.851716995239258,13.54065227508545
260000,270001,17,3,247,172,0,3015.47607421875,137.94468688964844,82.71211242675781,55.0330696105957,42.94914245605469,29.828142166137695,27.110536575317383,23.42503547668457,19.62159538269043,19.336641311645508,17.947528839111328,17.136524200439453,14.470853805541992,13.498138427734375,12.501005172729492,12.35654067993164,10.953818321228027,1269.303466796875,28.065166473388672,17.576030731201172
260000,270001,17,3,247,172,1,3013.987060546875,141.4674072265625,82.27725982666016,59.758243560791016,40.39015579223633,28.7485294342041,26.414630889892578,23.10096549987793,21.171615600585938,19.05895233154297,17.136674880981445,15.989363670349121,14.708613395690918,13.939982414245605,11.821517944335938,10.621160507202148,9.46804428100586,1268.94482421875,29.11551856994629,15.444960594177246
265000,275001,17,3,243,177,0,2967.404296875,149.77003479003906,91.01679992675781,62.331966400146484,47.47270202636719,36.35704040527344,30.022878646850586,24.631006240844727,22.794157028198242,20.31299591064453,19.540325164794922,17.424470901489258,15.668167114257812,15.194490432739258,14.088683128356934,12.381780624389648,11.735722541809082,1255.46533203125,31.160411834716797,19.609399795532227
265000,275001,17,3,243,177,1,2966.989501953125,151.62794494628906,89.63493347167969,59.903724670410156,44.672218322753906,34.75787353515625,30.70567512512207,24.52158546447754,22.47428321838379,20.640260696411133,18.783191680908203,17.32425880432129,16.452884674072266,13.983233451843262,13.432126998901367,12.704668045043945,11.402303695678711,1256.005126953125,31.321495056152344,18.292518615722656
270000,280001,17,3,245,183,0,3144.491943359375,148.21737670898438,83.394287109375,53.96073913574219,36.630252838134766,28.44244384765625,27.36283302307129,25.079814910888672,21.677478790283203,19.669382095336914,17.196298599243164,15.526667594909668,14.173441886901855,13.158353805541992,12.411321640014648,11.344383239746094,10.579174995422363,1324.250732421875,29.56752586364746,14.91585922241211
270000,280001,17,3,245,183,1,3138.505126953125,147.84165954589844,81.58146667480469,54.68417739868164,36.27678680419922,29.056379318237305,27.324905395507812,24.342845916748047,21.529640197753906,18.063358306884766,17.47767448425293,15.758609771728516,14.71771240234375,14.04759407043457,12.389900207519531,10.80419635772705,10.114797592163086,1321.8494873046875,26.384746551513672,15.8915433883667
275000,285001,17,3,242,183,0,3139.229736328125,143.85899353027344,94.1205825805664,52.17414855957031,38.57676315307617,27.671672821044922,26.514650344848633,23.24196434020996,20.039051055908203,17.206247329711914,16.170753479003906,14.841792106628418,13.106013298034668,12.39846420288086,11.9690580368042,10.303874969482422,9.224227905273438,1320.8135986328125,34.896949768066406,15.801823616027832
275000,285001,17,3,242,183,1,3137.59521484375,143.2875213623047,95.81968688964844,50.75167465209961,39.9987907409668,31.369281768798828,26.52547264099121,20.538686752319336,19.648714065551758,17.996627807617188,17.367380142211914,15.439085960388184,14.764389991760254,12.543947219848633,11.758383750915527,10.289310455322266,9.787086486816406,1319.677734375,34.0301628112793,16.903493881225586
280000,290001,17,3,242,177,0,3155.569580078125,140.93643188476562,81.29148864746094,57.57102584838867,40.218997955322266,31.06420135498047,26.048805236816406,23.478715896606445,17.22062873840332,16.27483367919922,14.84256649017334,13.451284408569336,12.946280479431152,12.557568550109863,10.88001823425293,10.461240768432617,9.373475074768066,1327.014404296875,23.43880271911621,14.248902320861816
280000,290001,17,3,242,177,1,3156.031005859375,138.4763641357422,82.31774139404297,51.88279724121094,39.3963737487793,29.796588897705078,24.122943878173828,23.273569107055664,19.795236587524414,16.178470611572266,15.563047409057617,13.556370735168457,12.443140983581543,12.111165046691895,11.594216346740723,10.304054260253906,8.529107093811035,1326.99755859375,22.037616729736328,15.302608489990234
285000,295001,17,3,246,163,0,3167.05126953125,142.9347686767578,75.33480072021484,57.218807220458984,32.838558197021484,32.37442398071289,23.90517807006836,21.55281639099121,18.804269790649414,17.96588134765625,16.415679931640625,15.906379699707031,12.936838150024414,12.733416557312012,11.48111343383789,10.565887451171875,8.898683547973633,1333.697509765625,29.40364646911621,15.465209007263184
285000,295001,17,3,246,163,1,3168.878173828125,144.74496459960938,80.33379364013672,54.49692153930664,34.92890548706055,30.618627548217773,24.237611770629883,21.63979721069336,18.66900634765625,17.963830947875977,16.139617919921875,14.418539047241211,13.8106689453125,12.012601852416992,11.65472412109375,10.687596321105957,9.33741283416748,1333.904296875,27.863555908203125,14.436429977416992
290000,300001,17,3,242,166,0,3163.029296875,121.57056427001953,75.69612884521484,54.610816955566406,36.13076400756836,30.005910873413086,23.609041213989258,22.759750366210938,21.250333786010742,17.91982078552246,15.733513832092285,15.017420768737793,14.175284385681152,11.625886917114258,10.070616722106934,9.733489990234375,9.158106803894043,1328.9571533203125,26.493776321411133,15.278165817260742
290000,300001,17,3,242,166,1,3161.447509765625,125.17223358154297,71.1810302734375,51.25297546386719,35.39885330200195,29.879438400268555,24.582111358642578,20.293214797973633,18.11598777770996,17.33842658996582,15.503572463989258,14.190201759338379,13.099781036376953,10.968562126159668,10.562418937683105,9.396629333496094,8.456363677978516,1328.10546875,25.925525665283203,14.724719047546387
295000,305001,17,3,238,167,0,3105.416015625,131.57968139648438,80.1373062133789,59.94610595703125,40.69083786010742,33.06161117553711,24.682418823242188,22.35807228088379,17.61131477355957,17.195255279541016,15.899520874023438,14.169059753417969,13.4686279296875,12.276360511779785,11.83099365234375,10.77048397064209,10.001218795776367,1302.95556640625,33.109275817871094,14.637751579284668
295000,305001,17,3,238,167,1,3097.50048828125,132.6607208251953,80.5901870727539,58.093658447265625,45.46206283569336,31.892492294311523,27.412607192993164,21.505491256713867,19.736854553222656,17.691286087036133,15.60265064239502,14.609987258911133,13.407668113708496,12.597500801086426,11.08938217163086,9.776869773864746,8.611119270324707,1299.51123046875,33.31964874267578,14.557811737060547
300000,310001,17,3,249,171,0,3259.52001953125,156.7859649658203,70.74562072753906,46.7553596496582,39.31657791137695,35.16210174560547,22.04537010192871,19.907846450805664,19.363887786865234,17.41997528076172,15.69964599609375,13.771698951721191,12.917854309082031,11.750861167907715,11.509504318237305,10.310062408447266,9.71335220336914,1376.47021484375,25.98894500732422,16.57589340209961
300000,310001,17,3,249,171,1,3253.949462890625,153.14492797851562,73.54660034179688,44.8331184387207,38.59627914428711,33.58376693725586,22.504819869995117,20.418758392333984,18.371675491333008,17.235719680786133,14.190896034240723,13.080771446228027,12.614124298095703,11.617209434509277,11.22565746307373,9.864013671875,9.494349479675293,1374.2520751953125,24.52305793762207,15.89033031463623
305000,315001,17,3,240,172,0,3228.66455078125,136.83099365234375,70.95375061035156,47.38880920410156,35.10225296020508,27.113998413085938,22.49332618713379,19.908849716186523,17.269947052001953,16.197725296020508,14.7296781539917,13.997406005859375,13.354418754577637,11.777022361755371,10.432502746582031,9.758243560791016,8.025348663330078,1360.7464599609375,24.107654571533203,15.22085189819336
305000,315001,17,3,240,172,1,3231.557373046875,139.70114135742188,70.10675811767578,46.40664291381836,37.07379913330078,25.133464813232422,22.876758575439453,20.409597396850586,19.787551879882812,15.600546836853027,13.84874153137207,12.652996063232422,11.049723625183105,10.387399673461914,10.002373695373535,8.83594799041748,8.169075965881348,1362.35107421875,25.784448623657227,13.107431411743164
310000,320001,17,3,250,179,0,3259.037353515625,147.0319366455078,76.97476196289062,54.042842864990234,34.52320861816406,29.913108825683594,25.40233612060547,22.933795928955078,21.25275230407715,16.619388580322266,15.126260757446289,13.461982727050781,13.276512145996094,12.426488876342773,11.214668273925781,10.91098403930664,9.461130142211914,1371.3895263671875,27.747304916381836,11.76909065246582
310000,320001,17,3,250,179,1,3247.142822265625,149.26303100585938,78.8797378540039,54.96476364135742,32.529605865478516,30.832630157470703,23.015731811523438,21.456785202026367,20.11735725402832,16.635074615478516,15.567280769348145,14.263879776000977,14.094672203063965,13.502847671508789,11.75052261352539,10.965989112854004,8.619009017944336,1365.9874267578125,27.1136417388916,12.70748519897461
315000,325001,17,3,245,176,0,3242.84130859375,124.27043151855469,76.72220611572266,51.687408447265625,40.554874420166016,24.620361328125,23.093168258666992,20.541120529174805,18.13969612121582,17.858850479125977,15.766971588134766,13.167905807495117,12.859058380126953,12.087346076965332,11.003392219543457,10.222981452941895,8.818163871765137,1364.9801025390625,28.25935173034668,13.727463722229004
315000,325001,17,3,245,176,1,3244.8271484375,121.19261169433594,78.52642822265625,51.30857467651367,39.573326110839844,27.30173110961914,25.12979507446289,20.90308952331543,19.170839309692383,17.800214767456055,15.640392303466797,15.258378028869629,13.652610778808594,12.1579008102417,10.828932762145996,9.918538093566895,9.68508243560791,1366.3787841796875,25.271480560302734,14.894363403320312
320000,330001,17,3,247,186,0,3178.263671875,146.41734313964844,87.55196380615234,60.307472229003906,35.91621398925781,28.692777633666992,26.95441436767578,23.87480354309082,20.479204177856445,18.89931297302246,17.288619995117188,15.937579154968262,14.725696563720703,14.376642227172852,12.879034042358398,11.642951965332031,10.908406257629395,1338.3951416015625,27.54204750061035,15.827134132385254
320000,330001,17,3,247,186,1,3183.9072265625,148.13067626953125,86.34020233154297,61.7463493347168,35.928653717041016,30.709135055541992,25.368022918701172,22.16196060180664,20.398014068603516,17.81296157836914,16.428482055664062,15.832748413085938,15.564494132995605,12.976208686828613,11.4410400390625,10.09620475769043,9.812976837158203,1340.7098388671875,31.232498168945312,17.367046356201172
325000,335001,17,3,242,183,0,3147.667724609375,157.7868194580078,83.91019439697266,54.4698486328125,35.8791618347168,31.044370651245117,26.4285888671875,23.605348587036133,21.431549072265625,19.12013053894043,17.585769653320312,16.543853759765625,14.601211547851562,13.859630584716797,13.651373863220215,11.016192436218262,10.75515079498291,1324.9378662109375,33.533695220947266,16.41854476928711
325000,335001,17,3,242,183,1,3151.12890625,161.23233032226562,86.43247985839844,54.26091766357422,37.04664611816406,31.719646453857422,24.57121467590332,22.37803840637207,21.889284133911133,18.456275939941406,16.92437744140625,15.941442489624023,14.6624174118042,13.751652717590332,12.777886390686035,10.398509979248047,8.288738250732422,1325.898681640625,33.11088943481445,14.439835548400879
330000,340001,17,3,252,195,0,3260.2158203125,156.8160400390625,96.63980102539062,48.35165786743164,44.751678466796875,29.937631607055664,29.659671783447266,24.74110984802246,20.974870681762695,19.99650001525879,17.84303092956543,17.23006248474121,16.3573055267334,13.993096351623535,13.094893455505371,11.920990943908691,11.116644859313965,1375.8616943359375,32.24758529663086,17.909473419189453
330000,340001,17,3,252,195,1,3257.0068359375,153.0814666748047,94.77388763427734,46.141292572021484,41.07124710083008,28.82862663269043,27.14263343811035,25.964372634887695,18.757808685302734,18.158599853515625,17.32691192626953,16.438199996948242,15.345559120178223,14.437071800231934,13.588773727416992,11.931732177734375,9.516145706176758,1374.7237548828125,33.93036651611328,17.04452133178711
335000,345001,17,3,246,187,0,3285.018310546875,150.34120178222656,89.33528137207031,44.67156982421875,34.771018981933594,28.141441345214844,22.89216423034668,19.758520126342773,18.98062515258789,17.785715103149414,16.16765594482422,14.336106300354004,13.849322319030762,12.665806770324707,11.186434745788574,10.598668098449707,8.274728775024414,1384.0491943359375,21.26104736328125,14.849419593811035
335000,345001,17,3,246,187,1,3288.41943359375,148.0022430419922,86.25421142578125,43.970821380615234,34.45448684692383,26.93466567993164,24.40363121032715,21.767379760742188,20.318374633789062,17.11896514892578,15.002866744995117,14.812641143798828,13.47546672821045,12.421948432922363,10.554737091064453,9.708799362182617,9.417435646057129,1385.999755859375,20.810535430908203,15.08495044708252
340000,350001,17,3,245,181,0,3290.77734375,148.7795867919922,77.4751205444336,49.54829788208008,40.974571228027344,30.052383422851562,27.79074478149414,23.294048309326172,22.198516845703125,20.180179595947266,16.981233596801758,16.522945404052734,14.89371109008789,14.36780071258545,13.94386100769043,11.318052291870117,8.981738090515137,1390.0924072265625,33.520748138427734,14.985549926757812
340000,350001,17,3,245,181,1,3296.2509765625,152.91207885742188,74.27770233154297,49.500125885009766,39.869449615478516,32.110198974609375,26.832429885864258,24.46295928955078,22.27668571472168,19.851049423217773,17.093852996826172,16.065296173095703,15.883231163024902,14.141883850097656,12.623013496398926,11.139339447021484,10.051154136657715,1392.86376953125,31.65768051147461,14.693208694458008
345000,355001,17,3,239,185,0,3223.591064453125,194.79014587402344,70.59757232666016,59.43770980834961,39.86354446411133,28.888076782226562,27.53782844543457,22.433752059936523,21.348539352416992,18.341611862182617,16.872339248657227,15.489155769348145,14.162809371948242,13.848191261291504,11.575636863708496,10.683868408203125,8.794820785522461,1362.8502197265625,27.942386627197266,18.700353622436523
345000,355001,17,3,239,185,1,3221.098876953125,192.69020080566406,69.2819595336914,57.405677795410156,38.50724792480469,27.629749298095703,26.695894241333008,23.402851104736328,19.163393020629883,18.19402313232422,16.690353393554688,16.102622985839844,14.258941650390625,12.542752265930176,12.141255378723145,11.597733497619629,10.021021842956543,1362.3048095703125,25.099803924560547,17.35270881652832
350000,360001,17,3,247,179,0,3223.412841796875,167.75076293945312,80.7961196899414,55.25206756591797,41.0290412902832,29.238306045532227,26.091758728027344,24.019243240356445,21.705297470092773,18.717378616333008,18.306289672851562,15.991195678710938,15.116697311401367,13.9541597366333,13.06098747253418,11.849876403808594,10.96109676361084,1356.0535888671875,30.982559204101562,17.707700729370117
350000,360001,17,3,247,179,1,3225.128662109375,169.11270141601562,80.27025604248047,59.248043060302734,42.124332427978516,32.51640701293945,28.99224281311035,22.702106475830078,22.25307846069336,20.48247528076172,18.271936416625977,17.65791893005371,15.430437088012695,14.442744255065918,12.20022201538086,11.375540733337402,10.176368713378906,1357.4888916015625,33.98297882080078,17.897912979125977
355000,365001,17,3,248,186,0,3414.5,143.55152893066406,72.56278228759766,51.88249206542969,34.25764465332031,28.180814743041992,23.68654441833496,22.31560707092285,18.929393768310547,18.416614532470703,16.58706283569336,14.479516983032227,13.428141593933105,12.835112571716309,11.954628944396973,10.196511268615723,9.31965160369873,1437.007080078125,29.061349868774414,15.783381462097168
355000,365001,17,3,248,186,1,3405.863037109375,146.01107788085938,75.75540161132812,54.038692474365234,36.80577087402344,27.891002655029297,25.654611587524414,23.22250747680664,18.947105407714844,15.792525291442871,15.092085838317871,14.454471588134766,12.80712604522705,12.451884269714355,10.208487510681152,9.663678169250488,8.245000839233398,1433.66796875,31.181032180786133,13.9442138671875
360000,370001,17,3,242,196,0,3317.274658203125,153.7371063232422,80.67437744140625,48.1751594543457,42.473018646240234,31.48455238342285,28.463274002075195,24.33843421936035,22.553205490112305,19.10329246520996,17.683801651000977,16.253089904785156,15.112107276916504,14.62539005279541,12.286911010742188,10.539740562438965,9.749924659729004,1398.3533935546875,35.32693099975586,19.99762535095215
360000,370001,17,3,242,196,1,3315.84326171875,152.95729064941406,79.4800033569336,51.20218276977539,44.26443862915039,32.2281494140625,26.882253646850586,26.64358901977539,19.49890899658203,18.864398956298828,16.450647354125977,15.296388626098633,14.935715675354004,12.861204147338867,11.753013610839844,10.551865577697754,9.755623817443848,1397.177490234375,34.33399963378906,19.65627670288086
365000,375001,17,3,248,188,0,3278.722412109375,200.50930786132812,87.29962158203125,55.95905685424805,41.66810607910156,31.67256736755371,30.222736358642578,23.011253356933594,21.92017936706543,20.192934036254883,19.091323852539062,16.993101119995117,16.082006454467773,14.061863899230957,12.778426170349121,12.08217716217041,9.486091613769531,1384.3240966796875,29.510059356689453,18.623409271240234
365000,375001,17,3,248,188,1,3277.560791015625,202.78591918945312,88.6571273803711,55.16667175292969,44.53326416015625,34.951229095458984,26.92365264892578,23.143922805786133,20.84823989868164,18.974018096923828,18.351228713989258,17.109872817993164,15.603501319885254,14.455102920532227,12.95311450958252,10.683544158935547,10.116576194763184,1384.8919677734375,30.51156997680664,17.25815773010254
370000,380001,17,3,247,183,0,3269.4169921875,168.0135040283203,93.84851837158203,61.80392837524414,43.31394958496094,30.456130981445312,28.361007690429688,24.510108947753906,21.825002670288086,19.431013107299805,17.741424560546875,16.494098663330078,15.181509971618652,14.015316009521484,13.18078327178955,12.436928749084473,8.816017150878906,1378.2181396484375,40.67523193359375,18.31513786315918
370000,380001,17,3,247,183,1,3273.966796875,171.00457763671875,89.89879608154297,61.71296310424805,45.36797332763672,32.348426818847656,27.754579544067383,23.523117065429688,22.850278854370117,21.825307846069336,17.920475006103516,15.668126106262207,14.889939308166504,13.854350090026855,12.517544746398926,12.02136516571045,10.999898910522461,1380.8311767578125,37.22278594970703,15.296876907348633
375000,385001,17,3,245,192,0,3376.921875,136.5885772705078,76.35246276855469,45.81056213378906,34.019527435302734,26.355937957763672,25.475994110107422,22.017335891723633,17.080005645751953,14.82861614227295,14.4603271484375,14.004859924316406,13.212517738342285,11.084207534790039,9.92676830291748,9.547907829284668,8.860041618347168,1424.4744873046875,24.048179626464844,11.069838523864746
375000,385001,17,3,245,192,1,3375.175537109375,136.0769500732422,75.25155639648438,43.99135208129883,30.642894744873047,26.464487075805664,25.286596298217773,21.184974670410156,18.146686553955078,16.49453353881836,16.046125411987305,13.310774803161621,11.426432609558105,10.83043098449707,10.461446762084961,8.799332618713379,8.089431762695312,1423.961181640625,23.89996910095215,13.789021492004395
380000,390001,17,3,244,184,0,3198.311279296875,195.5343780517578,78.07847595214844,62.44769287109375,45.73109436035156,41.28947830200195,32.735679626464844,26.120994567871094,24.30308723449707,21.92418670654297,18.934289932250977,18.195613861083984,15.976303100585938,15.061222076416016,14.132304191589355,12.062191009521484,10.892866134643555,1346.64111328125,47.24842071533203,20.80545425415039
380000,390001,17,3,244,184,1,3202.53662109375,197.9753875732422,77.34799194335938,62.269229888916016,41.61738204956055,37.83832931518555,31.40146827697754,26.126506805419922,23.881847381591797,19.61402130126953,17.385372161865234,16.96562385559082,16.46796989440918,14.379374504089355,13.826187133789062,12.142901420593262,10.51855754852295,1349.3790283203125,46.468406677246094,20.036148071289062
385000,395001,17,3,245,178,0,3283.6484375,140.47247314453125,83.29507446289062,52.62620162963867,38.46060562133789,30.466463088989258,26.27464485168457,25.19977378845215,22.733308792114258,18.144716262817383,17.2947998046875,15.396000862121582,13.414152145385742,12.181857109069824,10.541472434997559,9.901457786560059,9.267400741577148,1386.7630615234375,25.902482986450195,17.525623321533203
385000,395001,17,3,245,178,1,3286.513916015625,140.64125061035156,83.53592681884766,52.291099548339844,39.57124328613281,29.667133331298828,26.683372497558594,23.002859115600586,21.3273983001709,19.445526123046875,18.627634048461914,15.717611312866211,14.974353790283203,13.650250434875488,12.379449844360352,10.924224853515625,10.323861122131348,1388.2462158203125,27.648422241210938,15.540470123291016
390000,400001,17,3,237,191,0,3246.7373046875,130.3294219970703,83.88391876220703,43.780609130859375,38.418495178222656,34.43107604980469,24.54645538330078,23.430418014526367,21.609966278076172,18.694944381713867,17.288135528564453,15.779841423034668,13.785715103149414,13.473063468933105,11.809014320373535,11.036640167236328,10.561882019042969,1363.8079833984375,30.184370040893555,14.36887264251709
390000,400001,17,3,237,191,1,3245.54736328125,127.97431182861328,86.26188659667969,46.93851852416992,42.205726623535156,32.54812240600586,24.15727424621582,21.819868087768555,19.56796646118164,18.501476287841797,16.580106735229492,14.084348678588867,12.272719383239746,11.70986557006836,11.183345794677734,9.500106811523438,9.273168563842773,1362.6468505859375,30.279645919799805,15.338274955749512
395000,405001,17,3,241,176,0,3285.93359375,136.65139770507812,89.1056137084961,46.999576568603516,38.88896179199219,35.66159439086914,23.930503845214844,20.97209930419922,19.754220962524414,18.626243591308594,15.814276695251465,14.02636432647705,12.923044204711914,11.609950065612793,9.73871898651123,8.738565444946289,8.734146118164062,1379.0374755859375,31.489269256591797,14.964344024658203
395000,405001,17,3,241,176,1,3288.588134765625,138.68865966796875,87.15557098388672,46.8701171875,37.745418548583984,33.014312744140625,23.445453643798828,21.351213455200195,17.922813415527344,17.451801300048828,15.744973182678223,13.690581321716309,13.375,11.657403945922852,11.247868537902832,9.516817092895508,8.1834716796875,1380.9117431640625,29.695432662963867,12.520727157592773
400000,410001,17,3,245,183,0,3262.66650390625,173.42343139648438,89.78844451904297,57.823326110839844,45.246646881103516,33.77272033691406,28.660808563232422,24.426538467407227,22.201858520507812,21.017520904541016,18.43946075439453,16.317272186279297,15.654762268066406,14.220242500305176,13.190342903137207,12.032347679138184,11.89778995513916,1374.2677001953125,34.059505462646484,16.5809383392334
400000,410001,17,3,245,183,1,3260.85791015625,176.6234130859375,93.11654663085938,57.32657241821289,44.487369537353516,32.9938850402832,26.030508041381836,23.04164695739746,20.181699752807617,18.70994758605957,17.084163665771484,15.758127212524414,13.828004837036133,13.366929054260254,12.314177513122559,11.201839447021484,9.22917652130127,1373.7138671875,33.65590286254883,14.043099403381348
405000,415001,17,3,249,186,0,3278.431884765625,154.6136932373047,91.13314056396484,61.586402893066406,40.47165298461914,30.4012451171875,24.988750457763672,21.4354305267334,19.322803497314453,18.38839340209961,17.95734214782715,16.127195358276367,15.8532133102417,13.822534561157227,12.685012817382812,12.659130096435547,10.810382843017578,1383.821533203125,31.061290740966797,16.66843032836914
405000,415001,17,3,249,186,1,3278.3583984375,156.22732543945312,90.3384017944336,58.88031768798828,39.62328338623047,31.145973205566406,24.73122787475586,22.270307540893555,21.170997619628906,19.335704803466797,17.625988006591797,16.153215408325195,15.291328430175781,14.859715461730957,13.34925365447998,13.065021514892578,11.030375480651855,1382.7198486328125,33.75228500366211,14.698945999145508
410000,420001,17,3,250,191,0,3368.390869140625,139.37620544433594,78.88723754882812,51.4859619140625,38.8358039855957,30.50558853149414,25.451204299926758,22.711441040039062,21.81366729736328,17.810531616210938,17.101341247558594,15.594725608825684,14.505095481872559,13.089510917663574,11.960439682006836,11.12700080871582,9.572940826416016,1413.0421142578125,27.46303939819336,16.77467155456543
410000,420001,17,3,250,191,1,3371.176025390625,136.66934204101562,81.74736785888672,50.79526901245117,36.135494232177734,30.703439712524414,28.55873680114746,22.93000602722168,20.616252899169922,18.74875259399414,16.440793991088867,15.486834526062012,14.695395469665527,13.537201881408691,11.504114151000977,10.226648330688477,7.978576183319092,1413.5535888671875,28.554424285888672,13.42878246307373
415000,425001,17,3,249,188,0,3300.942138671875,149.4583740234375,91.45945739746094,55.065635681152344,41.25563049316406,31.157258987426758,26.57895851135254,24.252246856689453,23.030139923095703,20.64232063293457,18.603687286376953,17.269262313842773,15.555350303649902,14.41374683380127,13.380714416503906,11.965487480163574,11.093308448791504,1390.733154296875,29.727294921875,17.975629806518555
415000,425001,17,3,249,188,1,3301.574462890625,152.5068359375,96.55745697021484,54.73040771484375,41.205997467041016,30.537704467773438,28.687667846679688,25.25094223022461,22.123573303222656,19.23162841796875,18.041378021240234,16.826766967773438,13.951805114746094,13.602009773254395,12.662592887878418,12.279655456542969,10.905709266662598,1391.77685546875,31.17904281616211,17.67383575439453
420000,430001,17,3,245,187,0,3340.33935546875,186.4410858154297,97.28680419921875,57.37689208984375,42.196903228759766,35.543663024902344,28.23102378845215,26.3217830657959,24.928142547607422,22.482620239257812,21.993486404418945,18.804912567138672,17.426605224609375,15.649826049804688,13.758724212646484,13.33551025390625,11.189164161682129,1401.6256103515625,35.11841583251953,16.58037567138672
420000,430001,17,3,245,187,1,3335.14111328125,183.3609619140625,99.26286315917969,57.07786560058594,43.121726989746094,36.200225830078125,29.80429458618164,27.004329681396484,23.26271629333496,20.60093116760254,18.890819549560547,16.794845581054688,15.568402290344238,14.122255325317383,13.789127349853516,11.813912391662598,11.359517097473145,1399.97021484375,31.844524383544922,19.41139030456543
425000,435001,17,3,247,188,0,3209.880859375,206.77407836914062,72.07463836669922,59.249942779541016,43.409366607666016,33.039306640625,29.178470611572266,24.92181968688965,22.32710075378418,20.210559844970703,19.089218139648438,16.662919998168945,14.898207664489746,14.333321571350098,13.916394233703613,13.051151275634766,11.701848030090332,1349.2237548828125,28.669239044189453,19.595191955566406
425000,435001,17,3,247,188,1,3208.195556640625,203.24220275878906,73.37860870361328,59.1806640625,44.793006896972656,30.7967586517334,28.569141387939453,22.620920181274414,21.60042381286621,21.051109313964844,17.27778434753418,16.575475692749023,15.729235649108887,14.561083793640137,13.9810152053833,11.886563301086426,11.368496894836426,1347.809326171875,29.828792572021484,20.022663116455078
430000,440001,17,3,244,185,0,3309.30029296875,152.6963348388672,89.04167938232422,52.16874313354492,39.67561340332031,30.97310447692871,28.202682495117188,22.021543502807617,20.68967628479004,18.471534729003906,17.333282470703125,15.283048629760742,14.126557350158691,12.843809127807617,11.84738540649414,10.796324729919434,8.38194751739502,1391.8101806640625,27.392189025878906,15.506038665771484
430000,440001,17,3,244,185,1,3317.128173828125,153.18849182128906,93.79069519042969,54.246761322021484,45.45454025268555,29.69487190246582,26.149124145507812,21.344898223876953,20.136642456054688,18.624462127685547,16.52606201171875,15.62507438659668,14.667872428894043,12.85234546661377,11.871428489685059,11.165618896484375,11.052485466003418,1395.1114501953125,27.24435043334961,14.857305526733398
435000,445001,17,3,243,192,0,3159.773681640625,156.41064453125,87.78376007080078,63.3129997253418,48.623207092285156,36.73749542236328,30.204313278198242,27.739002227783203,23.14379119873047,21.453367233276367,18.859607696533203,15.735321998596191,15.397391319274902,13.380383491516113,12.74743366241455,11.736821174621582,9.772482872009277,1326.6046142578125,32.124813079833984,15.76025390625
435000,445001,17,3,243,192,1,3155.429443359375,157.3227081298828,86.08478546142578,62.91603088378906,45.0203857421875,40.813655853271484,30.58892822265625,28.05844497680664,23.55852699279785,18.894411087036133,18.04712677001953,17.34642219543457,15.20310115814209,14.609089851379395,13.584372520446777,10.832347869873047,10.478340148925781,1325.5621337890625,29.834131240844727,15.679712295532227
440000,450001,17,3,236,187,0,3075.5576171875,148.19505310058594,70.01991271972656,50.51045227050781,40.67509460449219,31.6336727142334,26.900285720825195,25.105344772338867,20.750076293945312,18.767187118530273,17.732070922851562,15.351777076721191,14.982019424438477,14.249961853027344,12.658880233764648,12.014140129089355,10.454733848571777,1297.62060546875,25.92120933532715,15.503969192504883
440000,450001,17,3,236,187,1,3076.432861328125,143.97056579589844,71.48146057128906,52.32078170776367,40.431156158447266,28.293855667114258,26.493785858154297,24.6696834564209,20.493391036987305,19.439655303955078,16.607990264892578,15.748751640319824,14.411126136779785,12.841048240661621,12.198360443115234,10.536490440368652,10.260163307189941,1298.4178466796875,23.767044067382812,13.972859382629395
445000,455001,17,3,245,191,0,3210.78271484375,140.85479736328125,65.27690124511719,50.20162582397461,37.06178665161133,28.96401023864746,25.048311233520508,22.783309936523438,21.00241470336914,19.013887405395508,17.512767791748047,14.824284553527832,13.070610046386719,12.257009506225586,11.030030250549316,9.72819709777832,9.194531440734863,1350.5517578125,26.99864959716797,14.466226577758789
445000,455001,17,3,245,191,1,3210.558837890625,138.6771240234375,65.36978149414062,46.78255844116211,37.669010162353516,29.689613342285156,24.302078247070312,21.722064971923828,21.040843963623047,17.795425415039062,16.295488357543945,15.086935997009277,12.793006896972656,12.549515724182129,11.543891906738281,10.378681182861328,8.766236305236816,1351.050048828125,24.025650024414062,14.326262474060059
450000,460001,17,3,241,193,0,3113.71337890625,202.19931030273438,87.1972885131836,58.13291549682617,40.78424072265625,32.552879333496094,29.09700584411621,27.098285675048828,23.96220588684082,22.27996826171875,21.18077278137207,18.365293502807617,17.235942840576172,15.273404121398926,13.23834228515625,12.143881797790527,11.337005615234375,1311.5242919921875,35.640262603759766,16.357816696166992
450000,460001,17,3,241,193,1,3112.766845703125,204.13763427734375,87.35355377197266,59.10294723510742,38.76438903808594,32.387054443359375,30.719961166381836,26.911108016967773,21.686141967773438,20.244037628173828,18.099159240722656,15.557043075561523,15.038056373596191,14.278346061706543,13.091524124145508,12.262980461120605,10.13376522064209,1312.39306640625,34.92049789428711,14.317405700683594
455000,465001,17,3,249,201,0,3258.22265625,171.0808868408203,78.37274169921875,59.10288619995117,42.89547348022461,33.422481536865234,27.854799270629883,24.882732391357422,20.955419540405273,20.339418411254883,17.498455047607422,16.60826873779297,14.505438804626465,13.81043529510498,11.867822647094727,11.790910720825195,11.110978126525879,1370.6705322265625,32.045745849609375,20.383953094482422
455000,465001,17,3,249,201,1,3258.130859375,172.67193603515625,78.28610229492188,60.895816802978516,41.00539016723633,31.745586395263672,27.622623443603516,25.52141571044922,22.504112243652344,20.48188018798828,15.722282409667969,15.227119445800781,14.702141761779785,14.422388076782227,11.750977516174316,11.311373710632324,9.743566513061523,1369.743896484375,36.317317962646484,18.479808807373047
460000,470001,17,3,249,203,0,3157.552978515625,180.33120727539062,91.93428802490234,62.441123962402344,47.01765823364258,33.069244384765625,28.000856399536133,23.281843185424805,21.02582550048828,19.48810386657715,19.32584571838379,17.319726943969727,15.957910537719727,14.66315746307373,14.00553035736084,11.789647102355957,10.891409873962402,1333.5216064453125,35.75682830810547,17.947309494018555
460000,470001,17,3,249,203,1,3156.954833984375,183.92437744140625,94.11177062988281,60.60974884033203,46.716670989990234,33.999847412109375,27.215471267700195,25.455162048339844,21.240217208862305,20.694650650024414,20.111248016357422,16.8035831451416,15.064387321472168,14.03858470916748,12.951436996459961,11.697115898132324,11.269349098205566,1333.16650390625,34.23948287963867,16.024032592773438
465000,475001,17,3,249,193,0,3188.3359375,185.377197265625,93.11811065673828,74.23410034179688,49.106468200683594,39.58662414550781,34.43886947631836,29.839181900024414,27.190536499023438,22.610565185546875,20.276973724365234,18.984413146972656,18.67333984375,16.01999855041504,15.195199012756348,13.604113578796387,12.953275680541992,1340.57763671875,40.805450439453125,17.329023361206055
465000,475001,17,3,249,193,1,3184.7529296875,186.92611694335938,94.53231811523438,79.45013427734375,50.103084564208984,40.06270980834961,34.235328674316406,28.311491012573242,25.94797134399414,24.575075149536133,23.463491439819336,21.257333755493164,19.833459854125977,19.355802536010742,16.54974365234375,15.606017112731934,13.725226402282715,1338.41552734375,44.50837707519531,24.482946395874023
470000,480001,17,3,249,202,0,3220.96533203125,155.4232940673828,102.82237243652344,66.64445495605469,46.97212219238281,36.97359848022461,29.305864334106445,25.203842163085938,23.467533111572266,21.678617477416992,18.508935928344727,18.012723922729492,15.783682823181152,15.743820190429688,14.406779289245605,14.08049488067627,11.895357131958008,1343.3092041015625,50.30891799926758,19.112714767456055
470000,480001,17,3,249,202,1,3220.95703125,153.2617645263672,104.19241333007812,58.590721130371094,41.75875473022461,36.493614196777344,28.697059631347656,24.291765213012695,22.35478401184082,20.77394676208496,19.6033878326416,17.83189582824707,16.771329879760742,15.59209156036377,13.727374076843262,12.674236297607422,10.482917785644531,1344.548095703125,44.852294921875,18.021652221679688
475000,485001,17,3,247,202,0,3208.625,170.05148315429688,91.59861755371094,71.85215759277344,41.14080810546875,34.165164947509766,29.339519500732422,26.834257125854492,23.29987335205078,19.54104232788086,18.952159881591797,17.953243255615234,16.044328689575195,14.044746398925781,13.422769546508789,11.553003311157227,10.600897789001465,1351.9024658203125,31.995620727539062,18.585824966430664
475000,485001,17,3,247,202,1,3203.02587890625,173.95985412597656,94.828125,69.79554748535156,42.4638671875,35.09237289428711,28.07292938232422,25.617795944213867,20.969884872436523,20.728090286254883,19.643924713134766,18.541446685791016,16.601350784301758,14.665658950805664,13.952752113342285,11.96615219116211,10.811150550842285,1348.5361328125,34.798988342285156,15.935290336608887
480000,490001,17,3,246,188,0,3130.1513671875,148.68057250976562,89.09334564208984,62.51630783081055,38.20320129394531,33.750179290771484,26.591453552246094,24.622821807861328,22.869726181030273,21.24869728088379,20.097728729248047,17.714101791381836,16.469135284423828,15.953880310058594,15.269877433776855,14.307426452636719,12.71738052368164,1321.0621337890625,30.363265991210938,20.806127548217773
480000,490001,17,3,246,188,1,3132.186767578125,147.1033935546875,90.54131317138672,59.6634635925293,36.60614776611328,36.362892150878906,28.55939292907715,26.589326858520508,22.54206085205078,21.57581329345703,19.497358322143555,18.18659210205078,15.391125679016113,14.830080032348633,13.330341339111328,12.384410858154297,9.981850624084473,1323.7213134765625,29.5428466796875,20.100534439086914
485000,495001,17,3,246,194,0,3231.789306640625,161.88436889648438,88.07780456542969,55.18480682373047,43.38164520263672,34.331138610839844,29.76238441467285,25.069355010986328,23.99220085144043,22.098772048950195,20.947195053100586,19.498329162597656,17.999731063842773,16.12647247314453,15.565359115600586,12.41668701171875,11.416561126708984,1355.6944580078125,32.9414176940918,17.656993865966797
485000,495001,17,3,246,194,1,3237.89208984375,167.84466552734375,88.80889892578125,62.47804641723633,50.80332565307617,37.064178466796875,33.629173278808594,26.53217124938965,24.01589012145996,23.33416748046875,21.917280197143555,17.635028839111328,16.50901222229004,14.655678749084473,13.997536659240723,13.447012901306152,10.469826698303223,1357.679443359375,37.332725524902344,20.135143280029297
490000,500001,17,3,246,191,0,3093.9755859375,248.90626525878906,107.27730560302734,72.58557891845703,47.099822998046875,40.07820510864258,37.062808990478516,30.632282257080078,28.363088607788086,27.227149963378906,23.66222381591797,21.752479553222656,21.109878540039062,18.806507110595703,16.340999603271484,15.285968780517578,12.728763580322266,1299.8353271484375,39.67870330810547,22.023574829101562
490000,500001,17,3,246,191,1,3091.29345703125,250.0571746826172,108.30747985839844,81.56858825683594,50.22182083129883,42.11928939819336,36.64506912231445,33.367244720458984,29.326923370361328,26.25886344909668,23.074792861938477,21.82298469543457,19.98914909362793,18.2473201751709,16.78241539001465,15.121745109558105,13.357004165649414,1298.126953125,44.95054244995117,20.650667190551758
495000,505001,17,3,250,200,0,3265.618408203125,228.78465270996094,124.18770599365234,73.76680755615234,50.42666244506836,43.31425476074219,39.212955474853516,29.117395401000977,24.77721405029297,23.492473602294922,22.036500930786133,19.873455047607422,18.16114044189453,17.087770462036133,16.43465805053711,15.177886009216309,14.313689231872559,1364.234130859375,42.131954193115234,21.505451202392578
495000,505001,17,3,250,200,1,3265.30126953125,230.7999267578125,126.99214935302734,78.34162139892578,51.971134185791016,45.388023376464844,38.24665832519531,31.379459381103516,27.213430404663086,24.568544387817383,23.6818790435791,22.368478775024414,19.964853286743164,18.979984283447266,17.152124404907227,16.247570037841797,12.782877922058105,1363.1383056640625,45.81010818481445,25.164867401123047
500000,510001,17,3,245,187,0,3299.44921875,166.24310302734375,106.90697479248047,70.36946105957031,55.00680160522461,37.17747116088867,28.057458877563477,26.012720108032227,23.743871688842773,22.37810516357422,21.40764617919922,18.421489715576172,16.453523635864258,15.953158378601074,14.115386962890625,13.736367225646973,10.0735445022583,1389.284912109375,53.25828552246094,20.137027740478516
500000,510001,17,3,245,187,1,3305.13525390625,170.2222900390625,107.93339538574219,68.71578979492188,61.37883758544922,34.625579833984375,28.086200714111328,26.18877601623535,24.039613723754883,22.308626174926758,20.559619903564453,17.090864181518555,16.556848526000977,15.646026611328125,14.380744934082031,12.315372467041016,10.637210845947266,1393.1650390625,55.22018051147461,20.980451583862305
505000,515001,17,3,243,193,0,3173.67626953125,191.4794921875,92.91136932373047,66.15860748291016,52.63423538208008,41.79311752319336,32.71683120727539,31.863910675048828,25.947866439819336,25.2210693359375,21.694730758666992,19.902517318725586,18.86310386657715,17.555160522460938,17.020753860473633,14.70443344116211,12.939850807189941,1333.1522216796875,34.223472595214844,20.25734519958496
505000,515001,17,3,243,193,1,3175.59228515625,190.46665954589844,94.92933654785156,64.13516998291016,52.04933547973633,40.76755905151367,33.46669006347656,30.924213409423828,26.11284828186035,24.376956939697266,21.672971725463867,20.092885971069336,18.908069610595703,17.839618682861328,16.043241500854492,15.254303932189941,12.128012657165527,1333.7962646484375,33.63166809082031,21.45724868774414
510000,520001,17,3,247,210,0,3299.393310546875,208.80601501464844,110.65978240966797,68.61914825439453,49.20344161987305,40.0787353515625,35.37578201293945,32.643646240234375,28.302043914794922,26.426843643188477,22.714994430541992,21.270715713500977,20.62084197998047,18.86417007446289,17.63994598388672,15.240992546081543,11.00967025756836,1399.2308349609375,38.78787612915039,15.334933280944824
510000,520001,17,3,247,210,1,3304.013671875,201.93699645996094,107.90791320800781,70.86605834960938,47.38136291503906,42.561981201171875,35.727256774902344,33.03095245361328,27.902950286865234,25.425247192382812,23.459943771362305,21.819156646728516,20.458019256591797,18.854249954223633,17.092191696166992,15.480303764343262,13.514205932617188,1400.967041015625,39.46470260620117,20.518779754638672
515000,525001,17,3,248,198,0,3309.221435546875,217.0677032470703,103.17170715332031,61.75041580200195,46.827823638916016,42.01395034790039,39.45487976074219,34.41223907470703,26.979930877685547,26.006305694580078,24.005525588989258,21.150691986083984,19.34335708618164,17.727487564086914,15.218191146850586,14.884916305541992,13.414453506469727,1393.3900146484375,43.934722900390625,27.31361961364746
515000,525001,17,3,248,198,1,3301.64404296875,209.89633178710938,102.02156066894531,61.7252197265625,50.08549118041992,42.18854904174805,37.86802673339844,35.07798385620117,25.838571548461914,25.396427154541016,23.813507080078125,21.28187370300293,19.494218826293945,18.749553680419922,15.17594051361084,14.820859909057617,12.652873039245605,1389.6934814453125,45.6323127746582,25.73893165588379
520000,530001,17,3,250,195,0,3315.27197265625,208.04067993164062,109.96831512451172,64.49896240234375,54.740386962890625,42.48466491699219,34.839725494384766,30.240503311157227,26.399524688720703,25.161771774291992,21.944494247436523,21.556472778320312,18.48525047302246,16.717525482177734,15.780637741088867,15.04262638092041,13.753215789794922,1401.324951171875,41.10346603393555,22.303863525390625
520000,530001,17,3,250,195,1,3309.18994140625,201.60147094726562,105.34453582763672,63.3447151184082,57.14054489135742,42.03964614868164,33.64717102050781,28.735095977783203,27.524818420410156,24.735551834106445,23.266185760498047,21.423139572143555,20.224374771118164,18.91950798034668,16.601472854614258,15.65537166595459,13.359996795654297,1397.710205078125,41.26637649536133,22.425039291381836
525000,535001,17,3,250,204,0,3375.208984375,248.39645385742188,95.78486633300781,64.58418273925781,55.46973419189453,42.59372329711914,29.952356338500977,29.413869857788086,26.618253707885742,24.062776565551758,23.37483787536621,19.973825454711914,18.963726043701172,17.79277801513672,15.500404357910156,14.526603698730469,13.455286026000977,1414.1849365234375,36.794490814208984,23.38544273376465
525000,535001,17,3,250,204,1,3378.123291015625,245.1011199951172,100.11972045898438,65.67069244384766,54.828941345214844,42.03833770751953,39.37281036376953,30.393266677856445,23.367538452148438,22.517314910888672,21.917186737060547,18.73546600341797,17.97795867919922,17.269153594970703,15.448159217834473,14.594564437866211,13.100372314453125,1416.88037109375,35.99175262451172,20.720523834228516
530000,540001,17,3,246,202,0,3305.240478515625,203.9387969970703,93.66232299804688,59.078163146972656,48.77777862548828,41.14847183227539,30.13272476196289,25.92306137084961,24.983169555664062,23.329317092895508,20.58100128173828,20.445646286010742,18.905344009399414,17.084636688232422,14.70081615447998,13.842897415161133,11.712076187133789,1397.5662841796875,35.1281852722168,20.131866455078125
530000,540001,17,3,246,202,1,3302.776123046875,204.5135955810547,91.5780258178711,59.25122833251953,45.508888244628906,39.07865524291992,29.457782745361328,26.259868621826172,23.549406051635742,22.299535751342773,20.9122314453125,20.125904083251953,18.160621643066406,16.3638916015625,15.400983810424805,13.518092155456543,12.596386909484863,1398.2467041015625,32.68402099609375,22.130964279174805
535000,545001,17,3,244,208,0,3179.78125,229.2130126953125,96.9421157836914,55.04983901977539,47.0172233581543,39.848793029785156,33.74247741699219,30.92405891418457,28.61063003540039,26.340547561645508,23.442913055419922,21.19086265563965,19.58653450012207,18.291234970092773,16.32882308959961,15.343925476074219,13.386152267456055,1338.3612060546875,36.23507308959961,19.394620895385742
535000,545001,17,3,244,208,1,3179.26171875,226.20578002929688,96.86186981201172,59.61951446533203,51.33823013305664,40.040077209472656,33.523746490478516,30.674888610839844,28.47899055480957,24.828388214111328,23.114898681640625,21.57884979248047,19.565717697143555,19.387784957885742,17.38778305053711,16.35953712463379,15.936141014099121,1337.7032470703125,38.461326599121094,20.70146369934082
540000,550001,17,3,249,203,0,3293.06982421875,173.08270263671875,98.9381332397461,60.66148376464844,47.696590423583984,45.02643966674805,40.37651824951172,31.778596878051758,26.793725967407227,25.80670166015625,24.115886688232422,20.750484466552734,19.740222930908203,18.773408889770508,16.79007911682129,14.231851577758789,12.66609001159668,1396.0546875,39.09804916381836,24.530908584594727
540000,550001,17,3,249,203,1,3305.997802734375,175.25497436523438,101.22722625732422,59.984397888183594,48.90188980102539,42.44911193847656,35.94762420654297,31.49271011352539,28.118680953979492,27.528472900390625,24.00630760192871,21.513792037963867,18.541522979736328,18.3065185546875,16.979448318481445,15.213915824890137,13.662880897521973,1399.499267578125,33.21280288696289,20.939184188842773
545000,555001,17,3,243,201,0,3192.3203125,235.23211669921875,106.44562530517578,79.6002197265625,56.927894592285156,47.672889709472656,37.56849670410156,31.0996150970459,27.62847900390625,24.74530029296875,21.603517532348633,20.661245346069336,18.225738525390625,18.02542495727539,17.13949966430664,15.979119300842285,13.733959197998047,1331.1431884765625,47.867149353027344,19.863386154174805
545000,555001,17,3,243,201,1,3191.31982421875,233.7220916748047,107.3852767944336,78.32755279541016,59.43537139892578,50.10005569458008,35.016117095947266,31.837554931640625,27.983789443969727,25.754636764526367,23.923925399780273,21.89924430847168,21.642166137695312,18.728731155395508,16.775070190429688,16.095245361328125,14.287751197814941,1326.46875,50.7502326965332,22.413206100463867
550000,560001,17,3,247,196,0,3313.521240234375,177.281005859375,95.3970947265625,53.22187805175781,45.0843505859375,41.47563171386719,37.59646224975586,32.71922302246094,25.850645065307617,20.177993774414062,19.888139724731445,18.472286224365234,17.499326705932617,15.777283668518066,15.419032096862793,13.634995460510254,11.756020545959473,1388.1685791015625,44.92951202392578,19.677534103393555
550000,560001,17,3,247,196,1,3307.6650390625,182.80799865722656,97.7328872680664,61.55580139160156,49.29459762573242,42.09537124633789,36.89765930175781,28.612163543701172,25.1702880859375,24.74236297607422,22.16619300842285,20.118539810180664,18.02570343017578,16.46286964416504,15.593108177185059,12.600138664245605,11.128324508666992,1383.87744140625,52.934967041015625,24.239463806152344
555000,565001,17,3,248,208,0,3173.420166015625,201.2962188720703,120.55424499511719,59.439029693603516,48.71091079711914,42.019004821777344,35.43054962158203,29.826780319213867,28.58229637145996,26.488170623779297,21.656278610229492,20.16508674621582,18.175731658935547,17.86213493347168,16.862789154052734,15.058807373046875,14.187965393066406,1326.7900390625,33.31381607055664,17.93956756591797
555000,565001,17,3,248,208,1,3178.724853515625,207.5963897705078,118.32908630371094,62.191776275634766,48.15641784667969,40.03634262084961,38.72511672973633,31.433086395263672,27.219783782958984,26.03399658203125,24.52480125427246,22.709882736206055,19.367887496948242,17.30079460144043,16.8386173248291,13.947897911071777,12.257262229919434,1329.87109375,33.518760681152344,19.84588050842285
560000,570001,17,3,249,202,0,3231.17138671875,217.0968475341797,111.16883850097656,69.11793518066406,52.52960968017578,44.62126922607422,37.819664001464844,30.584827423095703,29.059776306152344,24.452449798583984,24.186487197875977,23.087244033813477,21.56011199951172,19.84609031677246,18.959524154663086,16.52556037902832,15.602770805358887,1365.4305419921875,38.11293411254883,23.097156524658203
560000,570001,17,3,249,202,1,3231.35009765625,222.53016662597656,107.20694732666016,69.8561019897461,55.58412170410156,43.16887664794922,37.5579833984375,34.44416427612305,28.52550506591797,25.81714630126953,24.418682098388672,22.709054946899414,21.0145320892334,17.710229873657227,16.83832359313965,15.952698707580566,14.414918899536133,1363.9501953125,36.781982421875,24.427444458007812
565000,575001,17,3,244,204,0,3353.33251953125,218.0572967529297,119.13040161132812,75.02276611328125,53.602176666259766,41.137332916259766,35.040767669677734,32.93571853637695,30.265565872192383,27.196516036987305,25.132221221923828,21.128570556640625,20.84049415588379,17.955753326416016,17.257572174072266,16.105026245117188,14.21057415008545,1401.2763671875,36.697662353515625,23.226198196411133
565000,575001,17,3,244,204,1,3345.427978515625,218.10829162597656,113.95523071289062,81.42817687988281,54.429630279541016,43.003238677978516,37.946495056152344,34.984012603759766,30.266284942626953,27.748071670532227,23.74800682067871,22.73651885986328,20.997085571289062,18.30599021911621,17.68021011352539,17.07123374938965,14.533204078674316,1396.4744873046875,42.68599319458008,23.133455276489258
570000,580001,17,3,248,207,0,3215.1123046875,295.63330078125,132.24530029296875,77.7951889038086,69.24327087402344,53.29463577270508,50.993080139160156,42.14683532714844,35.16317367553711,33.503719329833984,31.884281158447266,27.606475830078125,23.927927017211914,23.313365936279297,21.62562370300293,19.449922561645508,17.611616134643555,1347.6500244140625,56.664825439453125,30.349687576293945
570000,580001,17,3,248,207,1,3212.431396484375,298.1564025878906,132.53855895996094,82.8587646484375,65.64586639404297,58.261962890625,46.44441223144531,43.260986328125,38.92744445800781,32.92235565185547,31.927026748657227,29.16868782043457,28.212757110595703,26.44249725341797,21.6136417388916,20.569129943847656,17.6109676361084,1347.5074462890625,55.6600456237793,32.10835647583008
575000,585001,17,3,249,208,0,3471.55712890625,199.54629516601562,113.45985412597656,75.81446838378906,62.563392639160156,45.37356948852539,41.88302993774414,38.30204391479492,31.50543212890625,24.985334396362305,23.16181755065918,22.19221305847168,20.09067726135254,18.883371353149414,18.82495880126953,15.35685920715332,12.896771430969238,1469.95361328125,49.59660339355469,19.815385818481445
575000,585001,17,3,249,208,1,3466.081787109375,203.13824462890625,112.27794647216797,79.8607177734375,65.31732177734375,45.1429443359375,37.646785736083984,35.15270233154297,30.425811767578125,24.283706665039062,23.499271392822266,22.65992546081543,20.811405181884766,18.521934509277344,18.23841667175293,16.206703186035156,13.609618186950684,1464.35986328125,49.73393630981445,20.52883529663086
580000,590001,17,3,241,197,0,3267.330810546875,244.3607177734375,124.60181427001953,81.71515655517578,58.1506462097168,42.6865348815918,38.744293212890625,32.69948959350586,30.61574363708496,28.39810562133789,26.173954010009766,24.750070571899414,21.427349090576172,19.825401306152344,18.446882247924805,16.04631805419922,14.714397430419922,1357.2974853515625,43.281314849853516,23.277889251708984
580000,590001,17,3,241,197,1,3273.866943359375,249.11392211914062,129.5120391845703,75.44168853759766,64.74120330810547,46.371246337890625,35.49423599243164,34.76102828979492,31.129087448120117,29.761823654174805,27.06545639038086,24.13454818725586,22.12350082397461,20.10129737854004,18.737850189208984,17.011064529418945,15.375173568725586,1357.693603515625,45.03651428222656,26.63276481628418
585000,595001,17,3,248,205,0,3478.835693359375,238.76947021484375,121.83536529541016,84.8051528930664,58.25650405883789,52.186683654785156,42.90513229370117,35.54874801635742,32.382972717285156,30.220321655273438,28.551443099975586,25.29521942138672,24.750946044921875,23.7177791595459,19.238710403442383,17.63339614868164,17.11075782775879,1464.64501953125,38.06195831298828,26.758058547973633
585000,595001,17,3,248,205,1,3482.40478515625,239.50941467285156,123.58622741699219,83.34127807617188,61.80970001220703,56.78041076660156,44.189247131347656,36.80356216430664,32.465614318847656,31.53059959411621,29.151569366455078,26.45779037475586,25.670869827270508,23.915775299072266,20.84736442565918,19.780481338500977,14.521665573120117,1465.2347412109375,38.694637298583984,26.791034698486328
590000,600001,17,3,245,220,0,3544.340087890625,279.4231872558594,146.59266662597656,88.92066192626953,62.5494384765625,56.60670471191406,49.62638854980469,40.09669494628906,39.9643669128418,34.84306716918945,29.72491455078125,24.978504180908203,23.932649612426758,21.319416046142578,20.02330780029297,18.303512573242188,15.767012596130371,1481.8485107421875,56.28422164916992,30.825361251831055
590000,600001,17,3,245,220,1,3537.203125,274.3302307128906,145.84255981445312,93.82012176513672,68.87409210205078,57.470176696777344,53.06802749633789,39.84272384643555,36.56218719482422,33.178321838378906,30.270090103149414,29.50654411315918,24.152395248413086,23.521284103393555,22.33101463317871,19.605073928833008,18.975261688232422,1481.0113525390625,58.79348373413086,32.51572036743164
595000,605001,17,3,245,209,0,3546.865478515625,206.30206298828125,130.75405883789062,83.07754516601562,56.441219329833984,49.060028076171875,42.83727264404297,38.673187255859375,34.870262145996094,31.50150489807129,28.885997772216797,27.12562370300293,25.187915802001953,23.29488182067871,21.493961334228516,18.9527587890625,17.86295509338379,1483.6099853515625,40.14902114868164,28.7362003326416
595000,605001,17,3,245,209,1,3559.071533203125,206.95457458496094,140.04920959472656,82.07681274414062,56.538814544677734,48.68889236450195,42.25349807739258,36.39800262451172,32.568660736083984,31.347911834716797,29.858074188232422,27.66514778137207,23.919448852539062,22.130538940429688,21.376113891601562,19.10227394104004,17.49444580078125,1489.701171875,37.858734130859375,24.928800582885742
600000,610001,17,3,252,217,0,3504.98486328125,358.4533386230469,157.32643127441406,108.75959014892578,64.86976623535156,50.60759735107422,48.694454193115234,43.16111755371094,38.939964294433594,37.26494598388672,33.1931037902832,30.29787254333496,29.486440658569336,23.661115646362305,22.022863388061523,21.14672088623047,19.79802131652832,1458.0775146484375,48.502323150634766,28.707847595214844
600000,610001,17,3,252,217,1,3515.97265625,357.8464660644531,165.5830078125,104.94896697998047,67.61990356445312,52.4394645690918,49.00320816040039,41.187049865722656,38.173194885253906,35.88056182861328,33.99702835083008,31.03652572631836,27.1590518951416,25.090633392333984,23.249290466308594,21.211021423339844,20.13282585144043,1463.952392578125,54.251338958740234,29.92159080505371
605000,615001,17,3,246,199,0,3657.30126953125,291.5262756347656,137.19676208496094,88.69998931884766,65.71920776367188,54.89879608154297,47.55064392089844,39.863006591796875,33.130279541015625,32.728065490722656,30.916223526000977,29.486434936523438,26.239580154418945,24.611860275268555,24.015779495239258,21.43130874633789,17.136295318603516,1524.90673828125,48.29589080810547,28.000370025634766
605000,615001,17,3,246,199,1,3650.864013671875,290.626220703125,135.63084411621094,92.516845703125,62.69153594970703,51.00303268432617,47.6619758605957,44.09844207763672,35.51572036743164,30.815153121948242,28.68312644958496,26.93814468383789,25.90618896484375,22.35547637939453,21.14549446105957,18.248321533203125,16.93808364868164,1528.70947265625,46.268638610839844,26.924148559570312
610000,620001,17,3,243,204,0,3627.9677734375,251.11622619628906,140.47128295898438,86.81147766113281,67.33012390136719,56.63691329956055,49.32422637939453,40.88338088989258,36.553138732910156,34.58750534057617,32.175392150878906,29.133405685424805,26.551403045654297,23.72415542602539,23.426137924194336,21.02419090270996,19.962955474853516,1503.638671875,47.27309799194336,26.773683547973633
610000,620001,17,3,243,204,1,3652.927001953125,251.43984985351562,143.56138610839844,84.0193862915039,69.45977783203125,60.322845458984375,51.61402130126953,43.041011810302734,37.40253829956055,32.76679992675781,29.897146224975586,29.171499252319336,26.604867935180664,24.892417907714844,23.14564323425293,20.132675170898438,19.16334342956543,1515.1304931640625,47.69725036621094,30.585067749023438
615000,625001,17,3,253,212,0,3713.1689453125,387.6736145019531,163.02476501464844,105.8171615600586,82.89543914794922,60.73511505126953,50.495731353759766,49.56092071533203,40.15841293334961,39.13698959350586,35.40129089355469,32.63434600830078,31.725961685180664,26.605655670166016,24.902376174926758,24.48046875,21.37525177001953,1539.6451416015625,80.25436401367188,33.64656066894531
615000,625001,17,3,253,212,1,3697.262939453125,392.68548583984375,166.512939453125,105.7245864868164,75.51385498046875,58.99726867675781,54.971099853515625,48.17168045043945,44.700679779052734,38.2618293762207,36.0596809387207,35.01270294189453,31.92074966430664,28.618057250976562,27.349931716918945,23.86805534362793,22.82876968383789,1537.1112060546875,72.99761962890625,38.786006927490234
620000,630001,17,3,245,196,0,3696.547607421875,272.15576171875,156.34457397460938,101.62213897705078,61.44008255004883,53.02821731567383,42.1755485534668,39.26647186279297,38.20750427246094,34.52539825439453,31.348440170288086,29.412303924560547,26.789640426635742,25.14923095703125,23.146947860717773,21.346860885620117,16.507152557373047,1564.28515625,42.9556884765625,30.968868255615234
620000,630001,17,3,245,196,1,3697.745849609375,270.7867126464844,153.59796142578125,102.76094818115234,71.17730712890625,47.341278076171875,38.763275146484375,37.31813049316406,36.03009796142578,32.802467346191406,31.71778106689453,29.260404586791992,25.48111915588379,22.720050811767578,21.2054500579834,17.94975471496582,16.798053741455078,1564.7470703125,43.30680465698242,28.67609214782715
625000,635001,17,3,253,204,0,3631.7197265625,334.4273376464844,175.3927764892578,102.88445281982422,76.84852600097656,64.00244903564453,56.50114440917969,49.18138122558594,43.065853118896484,39.751644134521484,38.26869583129883,34.487815856933594,32.02639389038086,29.406631469726562,28.041160583496094,27.336910247802734,23.098913192749023,1516.588134765625,75.28721618652344,32.01018524169922
625000,635001,17,3,253,204,1,3630.099853515625,337.73095703125,187.93948364257812,112.17797088623047,84.60948181152344,58.54191970825195,52.15949249267578,47.86509323120117,43.864105224609375,38.264957427978516,34.35212326049805,33.02494812011719,31.161630630493164,27.95156478881836,26.93056297302246,25.589662551879883,22.716943740844727,1515.5885009765625,78.21118927001953,34.06024169921875
630000,640001,17,3,248,203,0,3771.23681640625,313.20025634765625,168.35589599609375,96.5328369140625,59.15579605102539,58.890438079833984,46.52760696411133,43.018341064453125,39.51667022705078,37.287296295166016,35.59788513183594,32.75810623168945,30.998550415039062,28.791698455810547,27.67549705505371,23.87729835510254,22.317543029785156,1593.193115234375,47.712364196777344,36.45878601074219
630000,640001,17,3,248,203,1,3765.124755859375,315.34326171875,174.90948486328125,101.00463104248047,58.40998840332031,55.34834289550781,49.88412857055664,42.46556854248047,39.09503936767578,38.63465881347656,36.008140563964844,30.438037872314453,28.873262405395508,27.696060180664062,26.979196548461914,22.466106414794922,21.118371963500977,1593.4678955078125,47.58284378051758,34.29043960571289
635000,645001,17,3,248,210,0,3793.296142578125,351.1805114746094,170.7414093017578,103.56108856201172,100.39012145996094,68.02923583984375,57.325523376464844,50.9289436340332,47.72703552246094,39.80950927734375,38.287437438964844,36.935791015625,35.380008697509766,34.82183074951172,34.34422302246094,25.82415008544922,23.457712173461914,1592.7835693359375,71.90601348876953,36.97238540649414
635000,645001,17,3,248,210,1,3797.73583984375,356.54022216796875,177.97959899902344,113.71577453613281,94.47383117675781,63.412147521972656,52.4896354675293,49.86210250854492,47.15244674682617,43.38020706176758,40.381919860839844,39.65107727050781,34.78142547607422,31.073040008544922,29.10234260559082,27.973438262939453,26.325979232788086,1592.1875,73.56216430664062,38.470802307128906
640000,650001,17,3,249,209,0,3632.47509765625,469.51446533203125,188.18467712402344,104.54524993896484,101.16985321044922,73.1716079711914,66.85441589355469,56.90966796875,48.4476318359375,42.54156494140625,41.17786407470703,38.585487365722656,35.53435516357422,34.89796447753906,30.47537612915039,29.6646728515625,28.84380340576172,1555.438720703125,58.24053955078125,37.831153869628906
640000,650001,17,3,249,209,1,3647.666748046875,466.5304870605469,199.23779296875,107.52639770507812,97.81327056884766,74.72877502441406,65.25721740722656,54.31540298461914,49.621665954589844,46.484432220458984,43.08606719970703,39.215232849121094,34.20186996459961,31.796791076660156,28.217052459716797,26.111309051513672,25.23866081237793,1558.62939453125,57.4261360168457,30.660911560058594
645000,655001,17,3,248,205,0,3606.0498046875,416.3382873535156,180.97579956054688,98.70533752441406,80.92183685302734,62.014225006103516,61.103126525878906,49.278663635253906,41.96353530883789,37.42770004272461,35.21146011352539,33.35978698730469,31.005287170410156,30.711362838745117,26.752981185913086,24.009376525878906,22.452733993530273,1519.60986328125,65.1781005859375,34.02846908569336
645000,655001,17,3,248,205,1,3583.234130859375,420.5735168457031,180.5673828125,92.26555633544922,80.87186431884766,69.77642059326172,58.10332489013672,48.96372985839844,45.40106964111328,41.33928680419922,40.29862976074219,36.36231994628906,34.21762466430664,31.579116821289062,27.63867950439453,26.149473190307617,22.595598220825195,1510.4654541015625,61.092098236083984,35.896610260009766
650000,660001,17,3,243,207,0,3389.506591796875,311.7700500488281,206.8848876953125,105.39391326904297,73.83468627929688,65.18504333496094,56.930023193359375,47.49779510498047,40.614933013916016,38.847198486328125,37.91548538208008,34.57932662963867,33.74052810668945,28.88173484802246,25.255802154541016,24.703014373779297,22.28885841369629,1407.5516357421875,69.26744842529297,33.6836051940918
650000,660001,17,3,243,207,1,3410.82470703125,309.9847106933594,194.29180908203125,108.2317123413086,81.53218078613281,68.51993560791016,53.905052185058594,51.9126091003418,41.4249267578125,41.09376525878906,36.043853759765625,34.72637939453125,30.885141372680664,29.31325340270996,27.532045364379883,25.593603134155273,20.459272384643555,1421.45703125,62.893733978271484,35.5338020324707
655000,665001,17,3,251,204,0,3555.3310546875,343.4707336425781,142.39073181152344,114.9371566772461,86.53762817382812,75.46927642822266,56.41330337524414,52.54500961303711,48.69676208496094,46.53929901123047,42.46541213989258,37.97589111328125,34.44697189331055,32.74164962768555,30.886648178100586,29.072784423828125,21.355051040649414,1476.6427001953125,63.669898986816406,36.490455627441406
655000,665001,17,3,251,204,1,3556.941162109375,334.98443603515625,149.17730712890625,112.63062286376953,87.14820098876953,72.06769561767578,53.11492919921875,51.45527267456055,47.006771087646484,43.36647415161133,38.62525177001953,38.241661071777344,35.48423767089844,31.703685760498047,29.5884952545166,26.78953742980957,23.456375122070312,1476.8382568359375,69.39411926269531,37.71955490112305
660000,670001,17,3,247,211,0,3596.591064453125,347.8892517089844,183.64137268066406,96.54078674316406,89.866455078125,69.86766815185547,65.92205810546875,52.30762481689453,47.22185134887695,42.073585510253906,39.715911865234375,36.31562042236328,34.92609786987305,31.18922233581543,30.143152236938477,27.322866439819336,22.043373107910156,1504.7430419921875,78.25570678710938,36.03752136230469
660000,670001,17,3,247,211,1,3604.899169921875,341.35833740234375,178.76345825195312,100.28331756591797,94.76097869873047,73.36011505126953,62.81525802612305,52.74355697631836,42.913421630859375,40.78684997558594,37.20784378051758,34.76902389526367,31.40567398071289,30.1164608001709,26.59050178527832,25.395797729492188,23.31871795654297,1507.759765625,77.28514099121094,35.43425369262695
665000,675001,17,3,250,215,0,3903.2265625,422.17816162109375,209.30349731445312,128.80459594726562,84.86786651611328,77.22915649414062,56.71202087402344,53.23802947998047,50.768531799316406,42.9006462097168,39.72644805908203,37.442527770996094,36.57323455810547,34.21239471435547,27.64241600036621,25.44643211364746,24.11664390563965,1645.007568359375,58.3795166015625,36.81853485107422
665000,675001,17,3,250,215,1,3870.95751953125,413.3931884765625,203.27545166015625,125.09561920166016,89.82588195800781,84.3199691772461,57.20361328125,50.499454498291016,47.42401885986328,46.157474517822266,39.70941162109375,37.195648193359375,33.644195556640625,31.445466995239258,29.663589477539062,28.75139617919922,26.29662322998047,1634.23095703125,57.86228942871094,33.75136947631836
670000,680001,17,3,248,211,0,3774.56787109375,457.77587890625,227.2440948486328,153.97389221191406,93.18013000488281,81.3478012084961,70.85244750976562,58.493892669677734,55.51900100708008,51.14497756958008,46.2205810546875,40.95311737060547,39.00872039794922,36.45383071899414,29.990985870361328,25.623594284057617,24.357208251953125,1586.4619140625,85.01593017578125,42.02891159057617
670000,680001,17,3,248,211,1,3778.686279296875,460.91070556640625,221.99327087402344,151.6537628173828,90.69165802001953,83.30875396728516,71.74763488769531,61.8029899597168,52.33926010131836,47.2106819152832,43.573577880859375,37.72713088989258,35.042659759521484,31.48379135131836,28.875030517578125,28.257465362548828,22.306100845336914,1591.81298828125,89.5909423828125,39.7082405090332
675000,685001,17,3,249,218,0,4083.106201171875,405.4722900390625,194.2219696044922,142.98684692382812,96.65072631835938,76.10704040527344,72.79361724853516,54.11739730834961,46.503021240234375,43.71797561645508,42.79348373413086,40.25522232055664,34.52035903930664,30.327852249145508,29.78546714782715,29.07943344116211,23.59683609008789,1710.2025146484375,75.96513366699219,40.83772659301758
675000,685001,17,3,249,218,1,4082.14013671875,404.1513977050781,191.15008544921875,136.46267700195312,102.66249084472656,78.24407196044922,66.28213500976562,57.795074462890625,54.703006744384766,51.91173553466797,48.29899978637695,41.998985290527344,38.44772720336914,34.83861541748047,31.689970016479492,30.511432647705078,24.58397102355957,1707.3563232421875,66.6174087524414,42.050392150878906
680000,690001,17,3,243,208,0,4193.97265625,485.3031005859375,190.53892517089844,146.1377716064453,101.05773162841797,77.57998657226562,73.59770202636719,62.22818374633789,49.83203887939453,46.92571258544922,42.2890739440918,41.46417236328125,40.37436294555664,35.75442123413086,33.82771682739258,28.75503921508789,27.682750701904297,1762.341552734375,64.47102355957031,43.278282165527344
680000,690001,17,3,243,208,1,4197.6005859375,484.0276794433594,188.07876586914062,146.10244750976562,103.75569915771484,64.05043029785156,57.801143646240234,56.81049728393555,50.8836784362793,46.57454299926758,43.2187614440918,39.24740982055664,35.862361907958984,32.820465087890625,30.064998626708984,28.522136688232422,24.420021057128906,1763.74072265625,55.715999603271484,35.74746322631836
685000,695001,17,3,251,206,0,4501.06396484375,528.7752685546875,237.92051696777344,136.07144165039062,111.68077850341797,74.66682434082031,64.54715728759766,56.8376579284668,54.70172119140625,53.42825698852539,48.105323791503906,43.91856002807617,39.509117126464844,36.953880310058594,34.441890716552734,32.47492599487305,29.718955993652344,1889.6966552734375,77.73526000976562,44.25320816040039
685000,695001,17,3,251,206,1,4509.48828125,523.7987670898438,241.84097290039062,129.45338439941406,112.34709930419922,77.8402328491211,70.46670532226562,58.11332702636719,53.10002136230469,51.216651916503906,49.23252868652344,40.113075256347656,38.00370407104492,34.8120002746582,34.21712112426758,28.93688201904297,27.544790267944336,1889.251708984375,78.9868392944336,43.375648498535156
690000,700001,17,3,246,215,0,4603.08740234375,423.8185729980469,232.3865203857422,130.9364471435547,110.70780181884766,79.65318298339844,74.03848266601562,66.70372009277344,57.99951934814453,53.904869079589844,45.4021110534668,41.254425048828125,39.667579650878906,37.139888763427734,32.94093322753906,31.70663070678711,28.773761749267578,1918.6202392578125,107.7921371459961,46.114036560058594
690000,700001,17,3,246,215,1,4598.9736328125,423.7283630371094,227.47373962402344,134.55731201171875,112.10476684570312,79.1268310546875,76.71687316894531,62.0101432800293,53.760746002197266,52.45314407348633,48.55818557739258,43.78415298461914,39.404022216796875,36.5537223815918,33.183197021484375,30.795913696289062,26.73289680480957,1917.2567138671875,93.04631042480469,50.349002838134766
695000,705001,17,3,246,212,0,4908.2333984375,460.4758605957031,183.5854034423828,131.00743103027344,98.995849609375,92.4686279296875,63.70878219604492,58.13695526123047,53.8515739440918,51.343231201171875,46.8930549621582,44.84345626831055,40.3409309387207,38.80472183227539,31.86860466003418,29.02792739868164,26.700172424316406,2048.475830078125,90.02182006835938,43.15447998046875
695000,705001,17,3,246,212,1,4921.52880859375,451.81036376953125,190.06887817382812,137.82614135742188,100.72946166992188,89.86863708496094,62.03029251098633,60.214569091796875,52.712162017822266,49.78343200683594,45.73714065551758,40.14788818359375,39.12749099731445,38.044246673583984,31.387340545654297,30.629413604736328,28.828548431396484,2054.447509765625,80.77870178222656,49.88504409790039
700000,710001,17,3,250,216,0,5266.67041015625,497.4945373535156,233.9969482421875,133.36375427246094,97.60002899169922,78.0754623413086,75.24101257324219,63.330787658691406,54.167442321777344,50.328025817871094,47.78533172607422,45.36668014526367,38.69712829589844,36.558773040771484,35.07128143310547,32.093833923339844,30.71030044555664,2217.293212890625,81.52207946777344,41.477577209472656
700000,710001,17,3,250,216,1,5266.3076171875,511.2873840332031,229.099609375,136.70677185058594,95.42430114746094,81.4664306640625,66.40225982666016,63.12244415283203,59.03411102294922,52.95819854736328,47.94837188720703,42.23229217529297,37.905555725097656,37.06299591064453,33.4429817199707,30.374704360961914,27.102262496948242,2221.841552734375,83.76836395263672,51.41603088378906
705000,715001,17,3,250,207,0,5595.0576171875,567.23486328125,206.3438720703125,113.01123046875,88.9499282836914,76.46614074707031,72.11788177490234,60.287742614746094,54.82579040527344,49.50870132446289,43.93545150756836,43.17564392089844,39.27959060668945,35.77033233642578,33.93605422973633,31.14981460571289,27.375045776367188,2378.926513671875,65.27056884765625,43.80979537963867
705000,715001,17,3,250,207,1,5601.029296875,564.0903930664062,209.7930450439453,118.59980773925781,90.36434936523438,85.05105590820312,72.54605102539062,60.39738082885742,50.44661331176758,44.19803237915039,43.299339294433594,41.76994705200195,37.832679748535156,35.14784622192383,32.6026611328125,29.34868812561035,28.811038970947266,2383.6142578125,67.08245086669922,36.79500961303711
710000,720001,17,3,249,223,0,6007.8740234375,421.6916809082031,208.57359313964844,148.5786590576172,109.48516845703125,84.04862976074219,70.33802795410156,64.80354309082031,55.44429397583008,53.799957275390625,49.28031539916992,47.101993560791016,44.85739517211914,42.21449279785156,37.52833557128906,34.04367446899414,27.750356674194336,2518.559814453125,79.119140625,50.3337287902832
710000,720001,17,3,249,223,1,5968.13720703125,425.9335021972656,209.57794189453125,139.25987243652344,91.30323791503906,88.77125549316406,72.65144348144531,61.25299072265625,51.8932991027832,51.28822326660156,47.87610626220703,44.074214935302734,39.994686126708984,36.999446868896484,36.461631774902344,30.172080993652344,27.95429039001465,2506.910400390625,83.75900268554688,53.72981262207031
715000,725001,17,3,249,218,0,6141.11083984375,443.59619140625,219.2786407470703,125.50640106201172,99.21308898925781,80.10609436035156,76.3751449584961,66.81649780273438,62.932762145996094,57.13624954223633,49.39375686645508,44.869510650634766,42.04267120361328,41.34247589111328,35.19816970825195,33.22599792480469,29.246625900268555,2564.388671875,78.3363265991211,44.9410400390625
715000,725001,17,3,249,218,1,6149.1552734375,445.5841979980469,210.06610107421875,141.03211975097656,106.9002456665039,84.31463623046875,77.22814178466797,65.70388793945312,55.27363204956055,53.04871368408203,49.130271911621094,45.37733459472656,41.83156204223633,40.40164566040039,36.79692077636719,33.87642288208008,31.72089385986328,2568.824951171875,88.42062377929688,40.50826644897461
720000,730001,17,3,251,219,0,6909.01123046875,523.736572265625,203.31591796875,127.45299530029297,100.8030776977539,88.22527313232422,69.58885192871094,62.37453842163086,54.73907470703125,49.46353530883789,43.803443908691406,42.02152633666992,38.2293701171875,36.27611541748047,33.882080078125,31.71767234802246,29.25940704345703,2924.169677734375,84.36468505859375,46.86928176879883
720000,730001,17,3,251,219,1,6896.87939453125,525.9605102539062,206.4178924560547,129.7975616455078,97.57320404052734,90.0443344116211,69.2322998046875,66.72689056396484,63.045841217041016,54.871490478515625,47.08808517456055,42.09406661987305,38.85717010498047,36.60486602783203,35.96346664428711,31.67401885986328,29.36191177368164,2920.480224609375,90.03905487060547,45.39013671875
725000,735001,17,3,245,208,0,6822.97998046875,406.5152587890625,248.06680297851562,205.6663055419922,115.77312469482422,91.83231353759766,84.4412841796875,66.06312561035156,61.38457107543945,55.34394836425781,53.4460334777832,46.17806625366211,44.2988395690918,43.31892013549805,37.579593658447266,31.833599090576172,30.778284072875977,2857.991455078125,110.07667541503906,57.02072525024414
725000,735001,17,3,245,208,1,6827.34228515625,400.43548583984375,241.66586303710938,197.09512329101562,118.96932220458984,90.83688354492188,74.9476089477539,67.91765594482422,62.28097915649414,56.145877838134766,50.326332092285156,47.278255462646484,46.1982421875,40.57188034057617,37.76107406616211,33.816226959228516,32.21067810058594,2864.73291015625,110.99252319335938,66.17706298828125
730000,740001,17,3,246,209,0,7264.2548828125,504.82672119140625,230.6994171142578,143.90213012695312,118.03314971923828,85.91385650634766,73.33219909667969,61.36453628540039,56.7870979309082,54.688201904296875,51.21343994140625,44.227027893066406,42.01628494262695,36.723323822021484,36.424659729003906,34.69610595703125,32.322486877441406,3030.718994140625,103.26276397705078,45.805015563964844
730000,740001,17,3,246,209,1,7286.0947265625,489.336181640625,231.61129760742188,143.5834197998047,118.1472396850586,80.61402893066406,69.34709930419922,63.5217399597168,59.56975555419922,53.128787994384766,51.21965026855469,47.36764907836914,43.34712600708008,43.021400451660156,37.220951080322266,33.73177719116211,31.95711898803711,3041.397705078125,91.77605438232422,53.2777099609375
735000,745001,17,3,246,212,0,7093.818359375,604.1243286132812,182.12083435058594,157.26483154296875,95.3720932006836,88.13001251220703,73.41976165771484,66.55885314941406,65.3053207397461,58.44371795654297,53.42729949951172,51.354331970214844,48.52349853515625,41.20737838745117,39.2078971862793,35.91616439819336,29.89512825012207,2980.4052734375,100.25404357910156,49.57499694824219
735000,745001,17,3,246,212,1,7108.1279296875,607.4425048828125,187.9901580810547,160.1515350341797,94.205078125,88.23822021484375,78.7230453491211,71.54792785644531,57.390838623046875,56.10978698730469,51.52750015258789,46.83871841430664,42.463111877441406,39.65448760986328,37.87455749511719,32.38378143310547,28.8769474029541,2990.418212890625,115.15172576904297,49.74645233154297
740000,750001,17,3,247,224,0,7148.9482421875,445.34808349609375,286.12457275390625,188.13453674316406,116.00569152832031,90.52525329589844,80.3848876953125,70.94322204589844,65.31372833251953,61.27656936645508,57.11198806762695,53.13333511352539,47.954505920410156,46.17210006713867,41.75998306274414,39.817626953125,36.269081115722656,3000.485595703125,89.02482604980469,58.40462875366211
740000,750001,17,3,247,224,1,7144.37841796875,450.5398254394531,295.4034729003906,204.97691345214844,123.96641540527344,97.1737289428711,85.80422973632812,79.0665512084961,74.6482162475586,59.65110397338867,56.19694137573242,54.34568786621094,51.69021224975586,50.921199798583984,41.838077545166016,35.943031311035156,32.50388717651367,3002.251708984375,98.51234436035156,53.925376892089844
745000,755001,17,3,248,212,0,7192.53955078125,656.518798828125,233.27352905273438,171.4937744140625,124.27359771728516,94.80115509033203,81.42166900634766,69.97123718261719,65.18238830566406,61.6495475769043,57.60909652709961,51.78446578979492,48.99473190307617,45.98191452026367,42.380271911621094,40.188499450683594,35.973243713378906,3063.780517578125,101.88533782958984,62.68384552001953
745000,755001,17,3,248,212,1,7207.791015625,633.08349609375,242.2674560546875,164.12559509277344,126.50784301757812,102.37677764892578,94.33123779296875,76.14326477050781,73.46965026855469,64.2989501953125,58.502620697021484,55.19569778442383,51.19169998168945,44.716217041015625,40.92352294921875,39.94706344604492,37.01094436645508,3066.040771484375,102.01982116699219,62.46627426147461
750000,760001,17,3,238,215,0,7346.50439453125,492.74560546875,243.73184204101562,139.87416076660156,120.1304702758789,88.98503875732422,81.9896469116211,76.60922241210938,62.512062072753906,54.59177780151367,50.36174011230469,48.37998580932617,43.24977111816406,40.86753845214844,37.959346771240234,35.648014068603516,31.233537673950195,3109.171630859375,127.93309020996094,47.61132049560547
750000,760001,17,3,238,215,1,7354.58984375,512.211669921875,253.72598266601562,154.73385620117188,120.53357696533203,96.10962677001953,87.47467803955078,74.1403579711914,64.51889038085938,53.27082061767578,48.466766357421875,46.5772590637207,44.222938537597656,41.88615417480469,40.98485565185547,36.574771881103516,29.460418701171875,3116.774169921875,119.43876647949219,50.20966339111328
755000,765001,17,3,252,215,0,7734.72998046875,508.8854675292969,244.7787628173828,164.52098083496094,105.8183822631836,89.09866333007812,78.68841552734375,65.66354370117188,57.16999435424805,56.45200729370117,53.4893798828125,48.774627685546875,45.71180725097656,42.311946868896484,39.662757873535156,37.37371826171875,34.15729904174805,3260.883056640625,98.2986068725586,50.06778335571289
755000,765001,17,3,252,215,1,7752.5439453125,524.6542358398438,236.49143981933594,156.73231506347656,98.77973175048828,94.95191192626953,76.98139190673828,68.04582214355469,62.37547302246094,59.68267059326172,52.26765441894531,49.641475677490234,46.736289978027344,45.63277053833008,44.289188385009766,38.01338577270508,35.94571304321289,3263.764892578125,85.47160339355469,55.54840087890625
760000,770001,17,3,246,213,0,7501.31689453125,664.793701171875,307.67169189453125,175.67323303222656,127.63436889648438,115.11730194091797,102.50739288330078,77.24835205078125,74.8197021484375,65.4219741821289,64.95906066894531,56.530574798583984,47.005001068115234,44.644203186035156,44.34440994262695,38.73944091796875,34.530975341796875,3145.353759765625,92.65746307373047,63.681522369384766
760000,770001,17,3,246,213,1,7498.9619140625,650.87060546875,289.8235778808594,164.90945434570312,126.61865234375,120.08451080322266,98.37825775146484,73.4398422241211,72.4886245727539,67.16818237304688,58.98155212402344,54.929500579833984,49.35445785522461,48.190608978271484,46.9318962097168,42.84489440917969,33.020992279052734,3141.6728515625,94.60967254638672,62.066898345947266
765000,775001,17,3,252,227,0,7418.52880859375,608.6372680664062,275.5710754394531,155.3097381591797,126.6192626953125,95.92361450195312,83.18956756591797,75.38917541503906,61.84941101074219,58.596595764160156,53.60919952392578,50.17808151245117,42.263092041015625,40.97402572631836,37.63328552246094,32.48991394042969,28.3905086517334,3129.393310546875,88.25944519042969,59.2263069152832
765000,775001,17,3,252,227,1,7402.61083984375,616.4517211914062,278.1263427734375,160.31591796875,130.44932556152344,100.6279525756836,82.78646087646484,76.23006439208984,68.47359466552734,60.2215690612793,56.52135467529297,53.68748092651367,48.78854751586914,45.75872802734375,41.62672424316406,39.1377067565918,31.585710525512695,3120.535400390625,89.36430358886719,59.818111419677734
770000,780001,17,3,248,214,0,7698.271484375,447.8670349121094,275.1204833984375,149.4371337890625,115.63004302978516,96.64620971679688,83.7198257446289,75.88167572021484,62.26289749145508,59.027339935302734,54.728458404541016,53.25629425048828,50.18498992919922,46.65536880493164,42.048282623291016,39.087039947509766,30.952463150024414,3243.93798828125,111.35224151611328,50.16924285888672
770000,780001,17,3,248,214,1,7685.96435546875,456.2718200683594,288.11578369140625,153.0033721923828,115.3642349243164,92.71409606933594,82.71306610107422,71.46460723876953,63.27610397338867,58.80119705200195,52.80430221557617,49.3067741394043,47.09618377685547,41.616539001464844,38.8289794921875,34.95680618286133,34.88023376464844,3237.7177734375,101.92343139648438,44.58277130126953
775000,785001,17,3,248,220,0,7403.728515625,477.3553771972656,244.76617431640625,148.2005615234375,116.14112091064453,94.78841400146484,83.73383331298828,70.15229797363281,65.86831665039062,58.58699417114258,56.71015930175781,52.22418212890625,45.22780990600586,43.70289993286133,39.76991653442383,37.276763916015625,29.212339401245117,3126.5908203125,87.94534301757812,44.75119400024414
775000,785001,17,3,248,220,1,7427.5234375,483.0960388183594,250.9407958984375,152.4370880126953,108.02511596679688,106.98487091064453,90.0282211303711,68.27082061767578,62.05427932739258,58.35438919067383,51.265506744384766,48.206783294677734,46.4232177734375,42.536781311035156,40.77299499511719,35.00553512573242,30.708072662353516,3142.171142578125,78.04261779785156,58.550331115722656
780000,790001,17,3,252,223,0,7745.82958984375,755.4091186523438,284.1460266113281,187.31578063964844,159.82034301757812,111.69766998291016,94.73658752441406,89.08051300048828,78.28656768798828,69.88933563232422,65.31314086914062,56.20458221435547,50.74617385864258,49.21174621582031,45.16600036621094,40.79763412475586,40.151729583740234,3271.855712890625,140.35678100585938,66.58516693115234
780000,790001,17,3,252,223,1,7758.50390625,757.3450927734375,293.501220703125,201.46702575683594,153.7393341064453,107.7079849243164,90.74339294433594,82.32698822021484,77.82447052001953,69.59685516357422,63.276100158691406,59.84709548950195,55.54850769042969,45.412567138671875,44.096946716308594,40.259033203125,34.573368072509766,3275.732421875,146.94276428222656,85.55940246582031
785000,795001,17,3,250,220,0,8132.009765625,607.9638061523438,313.80609130859375,173.1964569091797,144.21987915039062,133.67745971679688,96.55047607421875,91.98410034179688,76.47400665283203,68.7538833618164,60.02421188354492,59.107208251953125,52.56471252441406,47.59286117553711,43.514339447021484,40.080074310302734,37.15461730957031,3426.670654296875,99.70130920410156,61.45063018798828
785000,795001,17,3,250,220,1,8139.6240234375,628.2844848632812,312.8989562988281,188.493408203125,131.1546630859375,119.98809051513672,90.46536254882812,87.10798645019531,74.0696029663086,67.63090515136719,62.85314178466797,56.330692291259766,51.44799041748047,50.01218032836914,42.15900421142578,38.64580535888672,36.125553131103516,3428.027099609375,98.9732894897461,52.20647430419922
790000,800001,17,3,247,223,0,8183.71923828125,626.8107299804688,259.3999328613281,175.763916015625,156.8731689453125,110.0997314453125,90.61238098144531,82.18244171142578,74.0893325805664,66.40056610107422,58.02398681640625,56.032196044921875,52.36024475097656,48.17249298095703,44.84566116333008,41.253517150878906,38.16316223144531,3462.229736328125,115.72750854492188,53.272769927978516
790000,800001,17,3,247,223,1,8157.2421875,627.9918823242188,270.0407409667969,170.16673278808594,153.0717010498047,107.76250457763672,93.91007232666016,89.69479370117188,84.625244140625,67.79579162597656,65.0676498413086,61.29500961303711,57.6329345703125,50.80216979980469,46.05172348022461,45.58579635620117,39.615745544433594,3450.111328125,117.45894622802734,53.70952606201172
795000,805001,17,3,251,216,0,8679.6552734375,538.379638671875,271.69354248046875,159.7229766845703,113.79267883300781,94.09150695800781,74.72843933105469,69.83769226074219,65.06346130371094,63.58173751831055,56.07871627807617,52.33346176147461,46.81173324584961,46.33771514892578,42.19022750854492,37.62177276611328,33.314292907714844,3667.537353515625,80.42871856689453,47.75018310546875
795000,805001,17,3,251,216,1,8684.76171875,522.5311279296875,253.87954711914062,157.65243530273438,124.25740814208984,92.27892303466797,84.7806167602539,77.96466064453125,65.91059875488281,60.967567443847656,56.952205657958984,53.056907653808594,48.84737777709961,44.58677673339844,40.7279052734375,38.14713668823242,34.953311920166016,3670.46142578125,85.12576293945312,53.85606002807617
800000,810001,17,3,243,214,0,8728.27734375,604.203369140625,230.21505737304688,148.6302490234375,116.26353454589844,99.33226776123047,87.25834655761719,79.8158187866211,77.02082061767578,61.274070739746094,56.30055236816406,49.27643585205078,48.771881103515625,45.9615364074707,42.315086364746094,38.701751708984375,35.48381805419922,3669.734130859375,81.88801574707031,53.05646514892578
800000,810001,17,3,243,214,1,8726.89453125,598.1742553710938,241.54568481445312,152.4503173828125,121.83460235595703,92.93106079101562,87.16587829589844,74.32984161376953,72.15068054199219,67.57064819335938,56.680015563964844,51.14462661743164,49.50432586669922,43.042320251464844,41.667362213134766,38.73013687133789,32.66566467285156,3660.739501953125,79.70235443115234,55.31827163696289
805000,815001,17,3,248,215,0,8576.83203125,929.6785278320312,434.2771301269531,239.790771484375,140.76060485839844,112.4830551147461,95.794189453125,91.52747344970703,77.4657211303711,62.0994873046875,56.79095458984375,53.91645050048828,51.384521484375,45.42070007324219,39.58157730102539,38.45289611816406,33.31444549560547,3622.603271484375,136.87876892089844,58.449981689453125
805000,815001,17,3,248,215,1,8577.0732421875,940.1797485351562,444.4344177246094,247.97238159179688,147.14773559570312,115.4021987915039,96.5370101928711,82.00022888183594,73.3750228881836,67.50946044921875,65.22203063964844,55.69222640991211,49.32578659057617,45.3549690246582,41.75638198852539,40.09609603881836,37.33028030395508,3625.269775390625,165.02667236328125,53.73626708984375
810000,820001,17,3,248,223,0,8908.685546875,633.2269287109375,291.0302429199219,179.48486328125,137.259033203125,99.51535034179688,91.94437408447266,80.47465515136719,77.92922973632812,68.70538330078125,62.407039642333984,56.67878341674805,51.04537582397461,49.505001068115234,47.050994873046875,43.859012603759766,39.423648834228516,3734.80322265625,117.68232727050781,75.00798034667969
810000,820001,17,3,248,223,1,8909.7119140625,641.7518920898438,285.2049255371094,192.4188232421875,141.6924591064453,114.53012084960938,79.82210540771484,79.35189056396484,71.46710205078125,63.13319396972656,56.412681579589844,53.57603073120117,50.18989181518555,46.85892868041992,44.975772857666016,41.16316223144531,37.58198165893555,3733.469482421875,123.41494750976562,67.54255676269531
815000,825001,17,3,244,213,0,9199.0654296875,847.4168701171875,306.71124267578125,183.3727569580078,142.2021026611328,120.02465057373047,92.51365661621094,89.63567352294922,88.64981079101562,69.63221740722656,68.96466064453125,63.83506393432617,55.00773239135742,53.02799606323242,48.849517822265625,44.27196502685547,41.51165008544922,3882.6904296875,97.40718841552734,58.81929397583008
815000,825001,17,3,244,213,1,9187.5673828125,861.481689453125,318.8208923339844,178.62049865722656,153.43478393554688,129.07070922851562,106.00647735595703,102.59998321533203,86.09053039550781,81.41191864013672,71.1996078491211,66.98303985595703,56.61307907104492,52.435211181640625,50.83625793457031,41.313018798828125,40.1931266784668,3881.393798828125,122.76725006103516,57.07707977294922
820000,830001,17,3,246,210,0,9411.2822265625,637.8388671875,200.30731201171875,141.8785400390625,126.32524108886719,99.1973648071289,85.50922393798828,76.45276641845703,71.18985748291016,62.691673278808594,55.888519287109375,47.6153678894043,46.802371978759766,44.21047592163086,39.951416015625,34.776947021484375,32.786319732666016,3990.034912109375,85.53996276855469,47.89118957519531
820000,830001,17,3,246,210,1,9395.083984375,644.99609375,202.13232421875,141.8406982421875,123.11993408203125,101.17481231689453,88.97911071777344,76.10648345947266,64.47840118408203,59.43560028076172,55.050559997558594,51.10152053833008,47.89437484741211,41.225685119628906,38.60016632080078,37.6147346496582,33.50392150878906,3983.214599609375,76.88191986083984,42.253089904785156
825000,835001,17,3,250,210,0,9257.671875,766.556884765625,257.5941162109375,181.8974609375,134.19448852539062,113.60147094726562,85.59122467041016,76.76602935791016,68.50640869140625,64.4094009399414,62.287986755371094,58.92518997192383,53.82331466674805,47.35280990600586,42.76676559448242,42.09685134887695,37.282283782958984,3927.23046875,85.91098022460938,50.85457229614258
825000,835001,17,3,250,210,1,9242.634765625,768.6524658203125,258.8783874511719,181.18496704101562,133.6470184326172,114.24958801269531,89.99344635009766,84.70117950439453,78.37860107421875,71.58731842041016,63.82166290283203,57.61155319213867,55.19317626953125,48.814300537109375,43.3746452331543,39.37168884277344,32.598304748535156,3918.02587890625,88.76872253417969,47.38581848144531
830000,840001,17,3,249,223,0,9534.7373046875,605.6356811523438,276.0672912597656,201.69125366210938,140.3004913330078,106.75981140136719,97.10973358154297,78.66085052490234,72.79073333740234,63.8975944519043,54.484622955322266,52.85724639892578,48.395450592041016,43.61258316040039,43.117454528808594,40.55638885498047,37.92045593261719,4018.0703125,134.5684051513672,65.64393615722656
830000,840001,17,3,249,223,1,9537.4150390625,604.2297973632812,281.722412109375,191.9217071533203,132.69769287109375,112.9981460571289,94.83890533447266,85.44261169433594,73.4509048461914,68.30355072021484,60.64750671386719,56.39373779296875,54.15315628051758,46.28956985473633,42.946327209472656,42.053367614746094,37.815860748291016,4021.370361328125,120.38077545166016,78.59749603271484
835000,845001,17,3,248,215,0,9867.4951171875,690.8125610351562,363.5147399902344,200.66542053222656,123.67608642578125,98.87225341796875,96.921875,86.06925964355469,79.09774780273438,67.38819885253906,65.43798828125,60.036102294921875,52.76580810546875,50.989410400390625,47.92155075073242,45.6101188659668,40.90782165527344,4147.63720703125,101.42595672607422,66.27207946777344
835000,845001,17,3,248,215,1,9871.0283203125,681.6414184570312,372.3307800292969,211.21246337890625,124.70138549804688,90.89613342285156,87.9020767211914,83.04100799560547,75.16082000732422,69.27179718017578,64.4343490600586,57.9665641784668,51.1038932800293,49.87914276123047,44.07126998901367,41.45978546142578,40.63842010498047,4147.26708984375,103.7279281616211,57.56670379638672
840000,850001,17,3,253,219,0,9911.13671875,677.7255859375,315.5284118652344,210.83074951171875,142.05191040039062,113.23413848876953,99.00433349609375,90.42902374267578,84.69635772705078,73.25057983398438,65.81864166259766,58.995479583740234,56.042572021484375,49.53367233276367,45.984561920166016,44.79263687133789,39.167335510253906,4185.27392578125,107.3638687133789,63.92689514160156
840000,850001,17,3,253,219,1,9908.9580078125,658.5134887695312,306.6284484863281,205.78390502929688,147.17527770996094,113.8355712890625,96.29215240478516,95.21952819824219,79.55668640136719,76.47693634033203,65.34960174560547,59.249656677246094,56.45105743408203,52.50054931640625,46.42000198364258,45.280517578125,39.78137969970703,4185.09521484375,110.28362274169922,62.63493728637695
845000,855001,17,3,251,220,0,10215.904296875,453.9066162109375,262.4231262207031,183.9315948486328,130.7463836669922,96.35203552246094,95.79036712646484,85.93634033203125,80.15696716308594,63.00607681274414,56.3432502746582,53.20137023925781,49.663291931152344,45.92563247680664,41.55954360961914,39.32914733886719,37.31009292602539,4274.076171875,112.29439544677734,63.23280334472656
845000,855001,17,3,251,220,1,10206.5048828125,461.4493713378906,266.13677978515625,170.85739135742188,133.7343292236328,98.4154052734375,87.54151916503906,80.71297454833984,73.7777328491211,64.1353530883789,62.21917724609375,56.35331726074219,53.299259185791016,49.986263275146484,46.02684020996094,44.48031234741211,34.67103958129883,4273.93408203125,114.2432861328125,52.991119384765625
850000,860001,17,3,249,216,0,10422.6650390625,699.1017456054688,304.9813232421875,187.26071166992188,146.1392059326172,100.55497741699219,91.0887680053711,80.578369140625,72.53276062011719,71.41492462158203,63.43790054321289,57.98619079589844,54.69114303588867,50.00880432128906,43.43928527832031,42.712127685546875,36.361454010009766,4426.73876953125,91.83748626708984,61.5760498046875
850000,860001,17,3,249,216,1,10375.0234375,702.4127807617188,304.77557373046875,180.0448455810547,150.46510314941406,109.63602447509766,99.75286865234375,82.95205688476562,76.59184265136719,70.35140991210938,60.93815231323242,59.42628860473633,51.043853759765625,46.35828399658203,43.47236251831055,40.75404739379883,36.34003829956055,4408.38525390625,89.57290649414062,52.4402961730957
855000,865001,17,3,242,213,0,10447.013671875,759.34423828125,349.0199890136719,204.99241638183594,140.3611297607422,111.72891235351562,90.51679992675781,81.58740234375,70.72029113769531,62.814361572265625,59.92149353027344,56.55937194824219,53.26203918457031,47.22678756713867,45.371002197265625,42.915279388427734,39.77633285522461,4419.89306640625,117.6217041015625,61.5579948425293
855000,865001,17,3,242,213,1,10391.169921875,767.6454467773438,356.50250244140625,221.6537322998047,148.08148193359375,113.88739013671875,97.11056518554688,89.94898223876953,70.7937240600586,68.88944244384766,56.65321350097656,54.434608459472656,52.78624725341797,50.453636169433594,47.566959381103516,41.16363525390625,36.44005584716797,4399.94287109375,126.38269805908203,60.410430908203125
860000,870001,17,3,248,221,0,10572.01953125,513.9130249023438,310.77032470703125,232.2771453857422,154.84422302246094,120.55095672607422,108.37904357910156,85.0926742553711,74.12630462646484,68.60164642333984,65.82130432128906,58.999454498291016,53.38113784790039,48.56413269042969,45.12943649291992,44.29328155517578,38.18802261352539,4421.52783203125,217.03648376464844,91.8935775756836
860000,870001,17,3,248,221,1,10574.0234375,505.75885009765625,302.9223937988281,205.72933959960938,162.79525756835938,128.33338928222656,102.38492584228516,95.2098388671875,81.3960189819336,77.94377136230469,67.86624145507812,59.51041793823242,53.94987869262695,51.42172622680664,49.10293197631836,43.309898376464844,37.07678985595703,4422.4970703125,200.80369567871094,80.295654296875
865000,875001,17,3,245,212,0,10719.390625,776.3123168945312,251.80592346191406,154.23883056640625,130.09226989746094,101.94115447998047,101.09751892089844,81.57909393310547,71.92868041992188,65.2118911743164,60.65943908691406,58.481807708740234,54.38705062866211,52.07969284057617,45.42955780029297,41.34061813354492,38.43111801147461,4526.8916015625,99.46318817138672,66.36553192138672
865000,875001,17,3,245,212,1,10684.5400390625,781.4038696289062,285.77362060546875,141.30836486816406,137.47427368164062,106.08378601074219,98.68821716308594,85.212158203125,82.61066436767578,69.23404693603516,65.0290756225586,58.552738189697266,57.30422592163086,48.4927978515625,47.93028259277344,45.58525466918945,41.54298400878906,4513.24462890625,96.74986267089844,72.5596923828125
870000,880001,17,3,250,216,0,10917.01953125,691.1492919921875,378.458251953125,215.22210693359375,160.41683959960938,116.2897720336914,111.3575210571289,89.0655517578125,76.88604736328125,71.0145034790039,60.70960235595703,56.857425689697266,52.619041442871094,50.817691802978516,48.08515930175781,43.31759262084961,40.67546081542969,4598.96875,106.09456634521484,69.22076416015625
870000,880001,17,3,250,216,1,10925.7314453125,689.7725219726562,365.8411560058594,215.4931182861328,172.62303161621094,113.74563598632812,110.40696716308594,91.61003112792969,86.5811538696289,77.65406799316406,68.15071105957031,65.65547943115234,59.17342758178711,51.241905212402344,49.12269592285156,43.635284423828125,38.157623291015625,4599.88232421875,116.32894897460938,69.2249526977539
875000,885001,17,3,253,225,0,10550.6259765625,967.7225341796875,531.1075439453125,227.98623657226562,166.4720458984375,156.30056762695312,130.00880432128906,110.32525634765625,103.12571716308594,91.90742492675781,78.836181640625,72.7976303100586,69.25385284423828,66.38774871826172,63.28067398071289,55.61054992675781,51.47121810913086,4450.67578125,127.14600372314453,73.53146362304688
875000,885001,17,3,253,225,1,10561.76953125,973.1261596679688,546.5640258789062,248.0928955078125,150.78521728515625,139.65850830078125,126.34962463378906,104.41064453125,99.60647583007812,95.70165252685547,80.7015380859375,71.47210693359375,68.85308837890625,63.45610427856445,60.57463836669922,53.3055419921875,48.03795623779297,4460.60791015625,144.36135864257812,74.00823974609375
880000,890001,17,3,247,214,0,10778.5458984375,758.3637084960938,342.8243713378906,216.38006591796875,152.01658630371094,127.65369415283203,111.68753814697266,97.43378448486328,87.3519058227539,82.11795806884766,70.91242980957031,62.81589889526367,60.063663482666016,52.11287307739258,50.441646575927734,45.256980895996094,42.80730438232422,4540.83837890625,139.5314483642578,66.40787506103516
880000,890001,17,3,247,214,1,10770.400390625,748.4295043945312,364.3296813964844,220.798828125,152.734130859375,134.94493103027344,115.14502716064453,86.450927734375,84.94943237304688,72.67495727539062,62.9397087097168,60.56118392944336,58.20705795288086,53.139183044433594,46.47858428955078,45.46216583251953,35.6368293762207,4540.40966796875,130.78431701660156,57.6008415222168
885000,895001,17,3,247,221,0,10762.0390625,567.811279296875,284.8155212402344,179.4440460205078,119.08895111083984,114.76207733154297,96.5389633178711,90.55377960205078,79.86962890625,74.35684204101562,64.51351928710938,61.431846618652344,59.342227935791016,52.318294525146484,50.24106979370117,45.64039993286133,42.601768493652344,4566.0029296875,116.22981262207031,58.03581619262695
885000,895001,17,3,247,221,1,10741.1689453125,567.47705078125,287.7242431640625,190.15399169921875,122.1294174194336,118.36058044433594,106.50013732910156,88.06338500976562,83.65648651123047,75.15637969970703,62.71998596191406,61.427494049072266,54.56081008911133,54.10778045654297,51.87462615966797,46.27794647216797,40.726749420166016,4553.78369140625,129.34645080566406,59.257354736328125
890000,900001,17,3,249,214,0,10965.8115234375,750.6146240234375,308.7428283691406,190.7487030029297,142.3571319580078,115.2280502319336,100.508056640625,86.3458251953125,80.6888198852539,75.60669708251953,63.78714370727539,59.55226516723633,58.87561798095703,54.11274719238281,47.2795295715332,46.675636291503906,41.232398986816406,4630.3310546875,111.93109893798828,63.19179153442383
890000,900001,17,3,249,214,1,10990.25,776.6019897460938,336.1452331542969,196.37347412109375,151.30517578125,115.00569152832031,101.24495697021484,93.43448638916016,76.12393188476562,69.58078002929688,66.0466537475586,57.809688568115234,56.29780960083008,53.36408233642578,49.70275115966797,49.21580123901367,42.795074462890625,4644.26416015625,105.00079345703125,60.41580581665039
895000,905001,17,3,249,222,0,10680.998046875,693.4024658203125,409.3877258300781,214.85731506347656,147.607177734375,132.7811737060547,116.08319091796875,105.3646240234375,93.37474822998047,78.0835189819336,74.37155151367188,65.88176727294922,58.34977722167969,50.919315338134766,48.33018112182617,43.674224853515625,42.35734939575195,4465.09375,148.71853637695312,89.46345520019531
895000,905001,17,3,249,222,1,10691.4423828125,706.0343017578125,444.3822326660156,215.42286682128906,152.8658447265625,134.33145141601562,105.20530700683594,90.24271392822266,81.18126678466797,76.3669662475586,74.8853530883789,72.6989974975586,68.85723114013672,59.32252502441406,54.04076385498047,51.65276336669922,44.801353454589844,4477.86669921875,156.99191284179688,78.43732452392578
900000,910001,17,3,251,229,0,10786.53515625,942.82568359375,413.3511962890625,246.12391662597656,184.9201202392578,126.09679412841797,113.4256362915039,102.01152801513672,88.8206787109375,81.08955383300781,76.56489562988281,72.03668975830078,69.6279525756836,62.53034591674805,58.95875930786133,52.00034713745117,49.248226165771484,4568.55517578125,123.62713623046875,84.07691955566406
900000,910001,17,3,251,229,1,10787.962890625,914.1865234375,394.6787414550781,240.88877868652344,179.0735321044922,134.46824645996094,117.38148498535156,100.36116027832031,90.97818756103516,81.99090576171875,77.59323120117188,68.97708129882812,61.650821685791016,60.2570915222168,53.66065216064453,50.41984558105469,47.315834045410156,4561.86083984375,125.27995300292969,88.29818725585938
905000,915001,17,3,245,218,0,10797.142578125,886.0502319335938,304.0696716308594,224.7345428466797,169.5709991455078,115.63154602050781,104.90745544433594,94.90882110595703,90.0256576538086,79.78211212158203,78.01435852050781,72.20361328125,61.46891403198242,57.14447021484375,54.18714904785156,53.181095123291016,49.97331237792969,4534.2021484375,165.7777099609375,72.19075012207031
905000,915001,17,3,245,218,1,10842.388671875,894.5747680664062,293.9271545410156,219.87962341308594,164.8201141357422,119.30857849121094,102.2223129272461,92.85930633544922,91.23333740234375,79.91986083984375,63.09918212890625,60.093807220458984,56.68672561645508,50.85797882080078,49.05048751831055,46.03034591674805,38.165260314941406,4547.7392578125,165.48519897460938,69.97071075439453
910000,920001,17,3,245,221,0,10751.470703125,926.49560546875,407.7867736816406,281.43316650390625,219.87635803222656,152.63670349121094,146.7186737060547,113.41386413574219,106.80831146240234,95.1464614868164,84.05805969238281,76.14532470703125,72.45939636230469,70.49047088623047,63.79353713989258,56.16085433959961,49.24671173095703,4557.908203125,149.65579223632812,91.53862762451172
910000,920001,17,3,245,221,1,10774.73828125,898.4937744140625,441.4792175292969,285.2563781738281,226.76133728027344,155.78366088867188,143.5805206298828,122.96961212158203,112.47054290771484,100.79637145996094,94.36629486083984,81.9137954711914,76.4678726196289,67.63388061523438,62.625919342041016,61.04923629760742,51.31076431274414,4558.2294921875,159.507080078125,95.81281280517578
915000,925001,17,3,246,218,0,10873.921875,936.9124145507812,362.372314453125,226.26779174804688,190.5144500732422,140.80117797851562,121.22216796875,107.24302673339844,97.83724975585938,85.74766540527344,73.16803741455078,70.75067138671875,66.6275634765625,59.38901138305664,51.89503479003906,50.772987365722656,46.76753616333008,4560.056640625,136.775634765625,64.6485824584961
915000,925001,17,3,246,218,1,10892.9248046875,953.204833984375,382.62371826171875,240.94317626953125,175.05020141601562,154.0921630859375,113.62300109863281,105.40730285644531,95.22743225097656,77.95281219482422,73.42935943603516,68.06903839111328,62.59510803222656,60.57461166381836,53.42071533203125,49.355655670166016,45.457942962646484,4570.11962890625,131.37448120117188,82.07254791259766
920000,930001,17,3,250,226,0,11345.7578125,817.7297973632812,331.5074157714844,206.23007202148438,139.5623016357422,121.97480010986328,101.31116485595703,85.43202209472656,77.24667358398438,75.15081024169922,67.39653778076172,60.619991302490234,57.262786865234375,51.097991943359375,44.15488815307617,41.798187255859375,37.41789245605469,4782.5361328125,114.03359985351562,58.04765319824219
920000,930001,17,3,250,226,1,11340.984375,823.2061157226562,321.719482421875,204.0488739013672,137.92184448242188,125.5321273803711,98.9156723022461,90.52552795410156,74.15296936035156,72.26371765136719,67.3505630493164,60.483497619628906,57.235511779785156,52.174747467041016,49.04133605957031,43.952091217041016,43.637489318847656,4777.55810546875,119.45236206054688,51.8338508605957
925000,935001,17,3,248,219,0,11107.40625,800.2911376953125,335.2970275878906,157.15020751953125,136.8435516357422,117.5118408203125,102.98395538330078,98.64762115478516,82.6888427734375,77.45340728759766,71.9891128540039,61.37983703613281,60.26890182495117,54.26688766479492,53.423465728759766,49.793479919433594,37.643348693847656,4684.3154296875,122.20346069335938,88.04721069335938
925000,935001,17,3,248,219,1,11082.4736328125,805.81103515625,336.2425842285156,179.93846130371094,146.86830139160156,114.45225524902344,103.06951141357422,89.63273620605469,83.30159759521484,75.79918670654297,72.97566223144531,64.52974700927734,60.116790771484375,54.1999626159668,50.547454833984375,47.8494987487793,43.44151306152344,4673.14599609375,136.20614624023438,85.13613891601562
930000,940001,17,3,250,222,0,11472.9140625,536.2738647460938,272.97686767578125,172.86302185058594,142.23870849609375,108.6000747680664,95.58527374267578,87.72872924804688,77.74884796142578,70.16519927978516,65.46563720703125,55.71928024291992,52.076141357421875,51.34752655029297,45.47210693359375,43.19757843017578,38.24480056762695,4827.32861328125,98.21491241455078,57.86848068237305
930000,940001,17,3,250,222,1,11482.9775390625,555.8876342773438,286.5642395019531,173.2068328857422,136.74229431152344,103.41313934326172,93.2886734008789,84.55535888671875,72.75184631347656,69.65518951416016,63.60659408569336,55.30073165893555,53.66615676879883,49.743736267089844,45.93838119506836,38.40872573852539,36.427215576171875,4834.26611328125,105.0357894897461,48.36833190917969
935000,945001,17,3,248,216,0,11414.236328125,547.614501953125,306.2099304199219,180.97752380371094,151.2815399169922,127.11022186279297,101.34700775146484,79.06300354003906,75.67479705810547,67.25035858154297,61.295082092285156,59.54533004760742,57.816688537597656,49.70453643798828,43.5773811340332,42.57312774658203,39.45220184326172,4802.5712890625,95.18305969238281,57.86323165893555
935000,945001,17,3,248,216,1,11401.8369140625,552.6630859375,296.71038818359375,184.72779846191406,152.4674835205078,124.60072326660156,96.4712905883789,81.52246856689453,74.33221435546875,73.0509262084961,67.45410919189453,61.029930114746094,56.02443313598633,53.51033020019531,51.942142486572266,44.15885543823242,41.97059631347656,4799.29345703125,88.49925231933594,60.8245964050293
940000,950001,17,3,246,224,0,11395.1728515625,398.19805908203125,245.7688751220703,196.60548400878906,138.71148681640625,111.98902893066406,82.66896057128906,77.93305969238281,72.43929290771484,64.7419662475586,60.509185791015625,56.0485954284668,50.27789306640625,45.86172866821289,42.240779876708984,40.36490249633789,35.864376068115234,4813.048828125,119.87822723388672,50.27299118041992
940000,950001,17,3,246,224,1,11392.212890625,393.3879699707031,237.20675659179688,203.97653198242188,130.71536254882812,116.44560241699219,76.84650421142578,73.96026611328125,70.67363739013672,62.73921585083008,59.848594665527344,54.20097351074219,50.79225540161133,49.3516845703125,43.6274299621582,40.84410858154297,34.429420471191406,4810.6650390625,125.75173950195312,51.171302795410156
945000,955001,17,3,247,221,0,11572.169921875,821.035888671875,327.12860107421875,205.52798461914062,144.17613220214844,119.2295150756836,111.08796691894531,103.0685806274414,89.8439712524414,82.89655303955078,71.75509643554688,62.717262268066406,61.10047912597656,56.81128692626953,55.02510452270508,50.717079162597656,49.507076263427734,4909.384765625,137.74398803710938,76.24321746826172
945000,955001,17,3,247,221,1,11554.34765625,811.0880737304688,328.5506591796875,190.7086944580078,171.8389892578125,113.88253784179688,107.670654296875,94.8658676147461,85.7754898071289,79.1659164428711,71.14678192138672,66.48745727539062,62.06339645385742,54.58285140991211,51.10939407348633,47.3349494934082,42.57575988769531,4898.24853515625,135.75289916992188,72.11420440673828
950000,960001,17,3,248,227,0,11510.65234375,853.1802978515625,306.2879638671875,238.8662567138672,135.7688751220703,134.4495849609375,94.23103332519531,87.57231140136719,80.59402465820312,76.99411010742188,72.36935424804688,65.05525207519531,59.5217170715332,55.29280090332031,51.38459014892578,45.552574157714844,42.39646911621094,4817.109375,167.61727905273438,84.34647369384766
950000,960001,17,3,248,227,1,11509.9111328125,852.8238525390625,300.1317138671875,241.54037475585938,139.23741149902344,126.02495574951172,101.64400482177734,94.73931121826172,81.1030044555664,77.57089233398438,64.167236328125,62.27208709716797,60.10527420043945,56.97761917114258,48.86194610595703,47.6243782043457,41.15775680541992,4823.90087890625,143.2665557861328,73.92704010009766
955000,965001,17,3,248,216,0,11556.9169921875,918.0491333007812,352.4809265136719,260.3002624511719,155.18795776367188,136.09645080566406,123.98600006103516,96.77039337158203,88.19939422607422,73.42190551757812,64.79007720947266,59.87831497192383,57.6647834777832,54.12714385986328,51.82111358642578,44.063026428222656,39.90205001831055,4857.26953125,122.9161376953125,69.06163787841797
955000,965001,17,3,248,216,1,11568.5146484375,937.3030395507812,360.80963134765625,250.5641632080078,159.039794921875,125.24056243896484,113.9336166381836,103.06453704833984,99.61776733398438,73.57798767089844,69.6708984375,67.86624145507812,58.14578628540039,51.74911117553711,49.18520736694336,47.77118682861328,44.01699447631836,4858.34423828125,158.76300048828125,68.42123413085938
960000,970001,17,3,246,214,0,11199.5185546875,1009.4219970703125,379.9488220214844,281.3542175292969,188.41415405273438,152.1124267578125,126.99768829345703,114.43778228759766,93.07488250732422,83.77910614013672,79.23979949951172,71.69988250732422,64.45716094970703,60.945858001708984,53.58491516113281,51.9205207824707,45.80126190185547,4697.0322265625,205.70272827148438,91.68004608154297
960000,970001,17,3,246,214,1,11197.9482421875,1028.771240234375,397.938232421875,245.6768035888672,176.57765197753906,148.23951721191406,126.47575378417969,97.51406860351562,88.44329071044922,84.54771423339844,75.55657196044922,65.89681243896484,61.18779373168945,56.440284729003906,50.31980895996094,45.39882278442383,37.51576232910156,4701.705078125,171.208984375,87.61634063720703
965000,975001,17,3,249,223,0,11514.263671875,861.79638671875,363.86669921875,302.5475769042969,228.2182159423828,160.1304931640625,143.7616729736328,109.71614837646484,107.53168487548828,91.388671875,78.76667785644531,73.33252716064453,64.9889144897461,61.291316986083984,58.47130584716797,54.523014068603516,50.790348052978516,4809.20556640625,152.05807495117188,93.58727264404297
965000,975001,17,3,249,223,1,11520.435546875,869.682373046875,373.8831787109375,283.3777160644531,187.66368103027344,160.3739013671875,118.4377670288086,114.35169219970703,101.3028564453125,95.34127807617188,85.6686019897461,75.73331451416016,69.42604064941406,63.91764831542969,62.18785095214844,53.56172180175781,52.17266082763672,4809.86669921875,159.09707641601562,86.78817749023438
970000,980001,17,3,246,224,0,11366.0537109375,973.8562622070312,361.86065673828125,229.50428771972656,173.54640197753906,138.95347595214844,118.7166519165039,102.4900131225586,86.20856475830078,82.81060028076172,75.84456634521484,72.78532409667969,62.09955978393555,60.03785705566406,55.80017852783203,48.68700408935547,42.03999710083008,4791.94970703125,140.48379516601562,82.66791534423828
970000,980001,17,3,246,224,1,11395.9619140625,968.9833374023438,343.2852783203125,234.09877014160156,184.3308563232422,152.1209259033203,129.51495361328125,122.36805725097656,96.25232696533203,90.21050262451172,84.4130630493164,75.8230209350586,63.923255920410156,58.000762939453125,56.277488708496094,48.80624771118164,47.92403030395508,4809.6787109375,150.79074096679688,113.19514465332031
975000,985001,17,3,252,215,0,11685.8515625,789.3740844726562,341.1172180175781,243.1393280029297,172.52227783203125,133.35011291503906,101.42575073242188,94.63214874267578,81.81417083740234,78.16521453857422,73.15142059326172,63.83970642089844,57.022621154785156,55.00580596923828,50.322566986083984,48.2027473449707,42.768917083740234,4901.83642578125,153.90672302246094,88.28661346435547
975000,985001,17,3,252,215,1,11642.615234375,794.3692626953125,333.3179931640625,280.0936584472656,169.06845092773438,139.78346252441406,121.66395568847656,99.1368179321289,89.35718536376953,76.58944702148438,72.0490493774414,63.326881408691406,56.9954719543457,54.66927719116211,51.59757614135742,45.859012603759766,40.222232818603516,4888.3037109375,136.57469177246094,103.90924835205078
980000,990001,17,3,252,222,0,11270.6416015625,869.2186889648438,394.2982482910156,209.46139526367188,160.28004455566406,136.38172912597656,124.53472137451172,109.6369400024414,88.14181518554688,87.4228286743164,82.7562255859375,71.50753784179688,68.0477294921875,62.02064895629883,57.05758285522461,52.68565368652344,44.52800369262695,4742.87744140625,147.8328857421875,75.9936294555664
980000,990001,17,3,252,222,1,11278.044921875,860.784912109375,396.66119384765625,196.05731201171875,172.53118896484375,130.77978515625,125.880615234375,112.90697479248047,91.7286376953125,82.34733581542969,76.45350646972656,68.63972473144531,64.69683074951172,61.68391036987305,56.267974853515625,53.40253829956055,51.17140579223633,4750.5009765625,122.44820404052734,78.5434799194336
985000,995001,17,3,248,226,0,11257.736328125,809.9788208007812,374.1225280761719,263.2408752441406,200.2895965576172,173.21185302734375,141.83534240722656,118.06935119628906,102.05207061767578,97.4803466796875,85.26713562011719,80.63192749023438,78.56897735595703,71.9493179321289,65.70708465576172,62.602073669433594,57.08729934692383,4717.48681640625,148.21109008789062,107.16067504882812
985000,995001,17,3,248,226,1,11224.8095703125,807.0861206054688,382.08697509765625,263.80462646484375,194.46376037597656,181.01988220214844,139.39561462402344,128.4456024169922,103.05519104003906,99.43627166748047,89.35066223144531,74.91465759277344,72.38536071777344,70.67426300048828,63.013214111328125,57.30303192138672,45.35891342163086,4713.44287109375,146.04164123535156,82.45301055908203
