grad_step,env_steps,window_len,penalty_len,n_windows,unique_eps,critic,sv_01,sv_02,sv_03,sv_04,sv_05,sv_06,sv_07,sv_08,sv_09,sv_10,sv_11,sv_12,sv_13,sv_14,sv_15,sv_16,sv_17,pen_sv_01,pen_sv_02,pen_sv_03,pen_sv_04,pen_sv_05,pen_sv_06,pen_sv_07,pen_sv_08,pen_sv_09
0,10001,17,9,251,10,0,8.514538764953613,4.509583950042725,4.38642692565918,4.275768280029297,4.046211242675781,3.956099510192871,3.9188549518585205,3.8404552936553955,3.700396776199341,3.533254623413086,3.448671579360962,3.4070472717285156,3.2422046661376953,3.103423833847046,2.966888427734375,2.542130708694458,2.33335280418396,6.459447383880615,4.349643230438232,3.985933542251587,3.8730812072753906,3.659214735031128,3.537083864212036,3.445528984069824,3.189432144165039,2.507869005203247
0,10001,17,9,251,10,1,12.224997520446777,4.137818336486816,4.0747575759887695,3.748991012573242,3.649998188018799,3.4905998706817627,3.417133331298828,3.4016780853271484,3.336118459701538,3.1902623176574707,3.1296660900115967,3.003678560256958,2.828233242034912,2.7480268478393555,2.671863555908203,2.547605514526367,2.361015558242798,9.101987838745117,3.9811758995056152,3.666534662246704,3.400269031524658,3.216320514678955,3.1394786834716797,3.075277805328369,2.878654956817627,2.7340619564056396
5000,15001,17,9,248,15,0,2143.94921875,66.39325714111328,39.79206848144531,32.22414779663086,26.27643394470215,22.659940719604492,21.907869338989258,17.598718643188477,14.451061248779297,14.05863094329834,12.641335487365723,12.52500057220459,11.408966064453125,10.558636665344238,9.836980819702148,9.322537422180176,8.666662216186523,1560.2557373046875,42.57312774658203,26.68836784362793,21.749540328979492,15.138006210327148,13.955057144165039,11.033182144165039,10.20733642578125,9.79715347290039
5000,15001,17,9,248,15,1,2150.13818359375,65.69551849365234,39.244083404541016,31.596466064453125,26.46251678466797,22.679147720336914,20.94127082824707,17.67983627319336,15.698451042175293,14.862865447998047,13.228292465209961,12.085810661315918,11.436652183532715,10.711910247802734,10.045727729797363,9.494762420654297,9.116772651672363,1564.1162109375,42.51057815551758,26.69292640686035,21.552589416503906,15.1621675491333,14.665599822998047,12.115989685058594,9.976555824279785,9.731093406677246
10000,20001,17,9,250,20,0,1943.6290283203125,64.90502166748047,45.55616760253906,31.283123016357422,25.608139038085938,23.520729064941406,20.941713333129883,17.798463821411133,14.352663040161133,14.044828414916992,12.086329460144043,10.93809700012207,10.567180633544922,9.399471282958984,9.165251731872559,8.778338432312012,8.323755264282227,1412.74462890625,42.13716125488281,26.052902221679688,22.208946228027344,16.181787490844727,13.009781837463379,10.630520820617676,10.283942222595215,8.736907958984375
10000,20001,17,9,250,20,1,1942.5994873046875,64.79447174072266,44.93791961669922,30.729232788085938,26.97101593017578,22.84248924255371,20.3176326751709,17.080074310302734,14.6117525100708,14.43328857421875,12.532803535461426,10.964971542358398,10.334405899047852,9.935676574707031,9.452190399169922,9.025788307189941,8.17831039428711,1411.896240234375,42.3273811340332,25.94223976135254,21.58995819091797,15.89181900024414,13.58193588256836,10.736878395080566,10.05565071105957,8.723461151123047
15000,25001,17,9,252,25,0,1451.103759765625,77.42064666748047,36.60514450073242,27.961904525756836,23.545394897460938,18.213966369628906,15.98180103302002,15.090620040893555,12.620505332946777,11.09061050415039,9.239982604980469,8.986221313476562,7.697701930999756,7.422664642333984,6.9764838218688965,6.386366844177246,5.8932695388793945,1060.0069580078125,38.86149215698242,24.162412643432617,16.282115936279297,13.94056224822998,9.578792572021484,8.335777282714844,7.630471706390381,6.717498779296875
15000,25001,17,9,252,25,1,1454.4300537109375,77.08638763427734,38.06486511230469,27.11004066467285,22.97624969482422,19.161380767822266,18.293790817260742,14.930855751037598,12.288220405578613,10.97676944732666,9.612387657165527,8.38733959197998,7.6858110427856445,7.112347602844238,6.804405212402344,6.27613639831543,5.990878582000732,1062.4027099609375,38.60107421875,23.714393615722656,16.981191635131836,13.747699737548828,9.530878067016602,8.3492431640625,7.133956432342529,6.27132511138916
20000,30001,17,9,252,30,0,1251.0887451171875,98.57426452636719,43.284629821777344,32.33937072753906,25.036495208740234,19.89040756225586,16.37116813659668,15.338740348815918,13.651824951171875,11.37275505065918,10.12360668182373,8.60301685333252,8.542988777160645,7.964165687561035,7.275864601135254,6.830984115600586,6.013957977294922,913.3599853515625,49.301456451416016,27.510223388671875,16.777111053466797,13.551390647888184,10.239656448364258,8.541092872619629,7.5292158126831055,6.395317554473877
20000,30001,17,9,252,30,1,1251.62451171875,98.19983673095703,44.502994537353516,32.452186584472656,23.55591583251953,20.31731605529785,15.971331596374512,14.286860466003418,13.082474708557129,11.718059539794922,10.513078689575195,9.374861717224121,8.800745010375977,8.145052909851074,7.509540557861328,7.003304958343506,6.093239784240723,913.5994262695312,49.05561828613281,26.994915008544922,16.004844665527344,13.68679141998291,10.562971115112305,8.951430320739746,7.500824928283691,7.068935871124268
25000,35001,17,9,254,35,0,1659.6021728515625,171.2615203857422,74.09302520751953,44.76762390136719,35.7132682800293,28.02472686767578,23.730239868164062,18.994274139404297,16.17329978942871,14.582240104675293,12.991687774658203,11.045867919921875,10.56544017791748,10.129640579223633,9.871219635009766,9.533273696899414,8.08871078491211,1209.6964111328125,75.63036346435547,38.206947326660156,23.9771785736084,16.071056365966797,12.294487953186035,11.84610652923584,10.221273422241211,9.83201789855957
25000,35001,17,9,254,35,1,1666.5479736328125,172.35403442382812,75.69518280029297,43.8040885925293,34.84144973754883,27.607954025268555,24.038366317749023,19.66194725036621,16.42502784729004,14.873594284057617,13.007436752319336,12.063419342041016,11.11660099029541,10.163887977600098,9.311058044433594,8.77955436706543,8.066828727722168,1215.0489501953125,77.34922790527344,37.15310287475586,24.86420440673828,16.34818458557129,13.19985294342041,10.666462898254395,10.14074420928955,9.14707088470459
30000,40001,17,9,254,40,0,2634.079345703125,191.4740753173828,97.10107421875,57.654903411865234,46.004600524902344,38.948814392089844,31.624961853027344,29.493940353393555,24.496013641357422,19.954774856567383,17.295820236206055,16.309900283813477,16.176074981689453,14.047551155090332,13.190211296081543,12.393760681152344,11.957512855529785,1929.615966796875,108.76691436767578,45.68657684326172,32.82218551635742,26.544092178344727,19.04020881652832,15.148015975952148,13.863295555114746,13.627127647399902
30000,40001,17,9,254,40,1,2645.2822265625,193.359619140625,96.52996063232422,59.24842834472656,45.64170455932617,38.62202835083008,30.20327377319336,24.705013275146484,22.159181594848633,18.850873947143555,17.999849319458008,16.407772064208984,15.065423965454102,14.115787506103516,13.097946166992188,12.546611785888672,11.314044952392578,1937.91796875,108.83074188232422,44.76200866699219,31.386009216308594,22.959245681762695,18.353506088256836,15.936941146850586,14.180587768554688,13.34421443939209
35000,45001,17,9,249,45,0,3914.806884765625,203.36837768554688,96.57647705078125,75.41107177734375,51.720279693603516,36.87010955810547,33.57374954223633,30.34204864501953,27.683399200439453,20.26923179626465,19.404327392578125,16.797027587890625,16.0593318939209,15.379305839538574,14.431818008422852,13.801705360412598,12.891119956970215,2858.613525390625,111.67935943603516,53.065528869628906,34.27968978881836,26.608911514282227,20.480018615722656,16.718839645385742,15.141083717346191,14.3480863571167
35000,45001,17,9,249,45,1,3911.55322265625,205.38392639160156,95.65641784667969,75.2578353881836,50.944679260253906,36.47026443481445,32.82080841064453,31.144115447998047,29.005247116088867,22.32794189453125,19.407798767089844,18.71851348876953,16.231300354003906,15.298731803894043,14.26894760131836,13.691768646240234,12.91948413848877,2855.54443359375,112.41963958740234,53.39069366455078,33.60342025756836,29.379579544067383,20.17730712890625,17.388526916503906,15.261286735534668,13.755901336669922
40000,50001,17,9,253,50,0,5100.3330078125,209.40756225585938,108.15003204345703,75.08424377441406,47.61232376098633,39.43648910522461,31.55549430847168,29.74419593811035,28.386592864990234,23.447893142700195,20.159910202026367,19.096866607666016,18.188138961791992,17.570669174194336,16.43987464904785,15.129323959350586,14.411812782287598,3723.988525390625,110.72610473632812,50.23618698120117,36.42355728149414,28.892772674560547,22.340072631835938,19.469755172729492,18.097537994384766,15.84725570678711
40000,50001,17,9,253,50,1,5104.51708984375,211.02957153320312,106.5848617553711,77.0888900756836,48.15632629394531,41.90126419067383,35.03410339355469,33.604835510253906,30.74008560180664,24.335872650146484,22.73688507080078,20.188844680786133,19.105749130249023,17.790082931518555,17.445791244506836,16.248552322387695,14.578346252441406,3726.371337890625,108.13919067382812,51.88315963745117,37.33191680908203,32.44398880004883,23.340864181518555,22.370746612548828,18.216609954833984,16.238935470581055
45000,55001,17,9,251,55,0,6707.3759765625,257.91400146484375,130.6674041748047,98.87442779541016,59.374305725097656,48.576759338378906,46.95132064819336,40.51582717895508,35.95197677612305,29.214757919311523,26.14842414855957,23.533233642578125,22.340089797973633,21.384775161743164,21.143680572509766,20.260778427124023,17.69899559020996,4869.85205078125,139.98924255371094,58.679534912109375,44.497676849365234,37.843990325927734,28.293119430541992,22.552053451538086,21.4936580657959,18.965219497680664
45000,55001,17,9,251,55,1,6686.296875,254.9241485595703,130.16015625,101.12286376953125,55.823081970214844,48.06097412109375,43.61922836303711,41.222816467285156,35.75497817993164,27.579914093017578,24.328824996948242,23.037715911865234,22.732891082763672,20.861249923706055,19.335784912109375,18.100360870361328,16.69536590576172,4855.29248046875,138.91476440429688,57.78684616088867,45.846187591552734,34.710636138916016,26.588333129882812,23.185070037841797,20.77267074584961,18.054500579833984
50000,60001,17,9,252,59,0,8475.40234375,256.1826171875,129.2450408935547,84.76718139648438,67.23775482177734,51.85007095336914,44.422237396240234,41.34687423706055,37.46918487548828,28.654664993286133,25.30254554748535,24.651166915893555,24.207260131835938,22.239364624023438,21.5078125,18.6865234375,17.544536590576172,6162.0859375,140.6033477783203,73.04895782470703,43.748504638671875,34.56474304199219,28.428592681884766,24.192241668701172,22.21259307861328,21.762815475463867
50000,60001,17,9,252,59,1,8480.5,258.62213134765625,128.7549285888672,84.85374450683594,64.31194305419922,50.761924743652344,43.01799392700195,40.64876174926758,37.58731460571289,27.65591049194336,25.3034725189209,23.482328414916992,22.960039138793945,22.67876625061035,20.732463836669922,19.13907241821289,17.7996768951416,6166.04833984375,139.29905700683594,71.57199096679688,42.47993469238281,35.567527770996094,29.016090393066406,23.746742248535156,22.773849487304688,18.959882736206055
55000,65001,17,9,251,64,0,9329.9580078125,268.403076171875,145.88400268554688,88.67398834228516,69.45660400390625,50.933921813964844,46.283729553222656,42.343448638916016,37.323219299316406,29.631860733032227,26.97498321533203,25.649906158447266,22.589744567871094,21.986848831176758,20.864608764648438,19.855545043945312,19.197263717651367,6780.72509765625,154.07823181152344,70.10624694824219,45.68169021606445,39.226558685302734,30.365705490112305,25.052831649780273,22.343225479125977,20.816120147705078
55000,65001,17,9,251,64,1,9313.8759765625,266.06341552734375,141.32994079589844,85.47814178466797,71.43190002441406,50.43882751464844,44.3841667175293,43.08866500854492,37.452667236328125,29.5211238861084,27.138368606567383,26.09233856201172,21.86500358581543,20.964033126831055,19.441970825195312,18.870595932006836,18.57485580444336,6768.876953125,151.3220977783203,69.85736846923828,44.06807327270508,38.75436782836914,29.82347869873047,23.142757415771484,21.883291244506836,19.522396087646484
60000,70001,17,9,252,69,0,10507.36328125,287.5676574707031,137.94139099121094,84.26750183105469,64.75392150878906,49.21677017211914,47.55424880981445,42.29148864746094,38.94939041137695,31.54134178161621,27.930923461914062,26.02998924255371,24.702396392822266,23.34435272216797,23.010944366455078,21.716655731201172,21.044984817504883,7646.09033203125,140.97093200683594,64.02052307128906,49.20812225341797,41.5915641784668,30.55963897705078,24.995441436767578,23.865135192871094,23.172447204589844
60000,70001,17,9,252,69,1,10532.494140625,286.97802734375,138.51576232910156,83.62724304199219,65.91820526123047,48.03495788574219,45.60648727416992,41.395355224609375,35.095272064208984,29.940244674682617,27.63852310180664,25.935789108276367,24.55008316040039,23.44243621826172,23.10927391052246,20.790525436401367,18.849079132080078,7663.720703125,141.02899169921875,62.99222183227539,47.83763122558594,39.403316497802734,29.699283599853516,24.664331436157227,24.201045989990234,22.26971435546875
65000,75001,17,9,252,70,0,11735.8828125,289.3395080566406,146.89468383789062,84.54987335205078,63.32289123535156,50.86980056762695,47.52496337890625,41.828433990478516,36.35321044921875,28.9993839263916,27.45036506652832,26.102201461791992,24.50125503540039,23.96271514892578,23.049911499023438,22.05145835876465,19.718807220458984,8556.017578125,143.87623596191406,69.62073516845703,51.140586853027344,35.690895080566406,27.55344581604004,26.064247131347656,23.577796936035156,23.46004867553711
65000,75001,17,9,252,70,1,11752.6005859375,290.7296447753906,143.98121643066406,84.87672424316406,63.13334274291992,51.739871978759766,45.639488220214844,41.93065643310547,37.741939544677734,28.598787307739258,27.684480667114258,25.65508270263672,24.412817001342773,23.5462646484375,22.285980224609375,20.532390594482422,18.413768768310547,8568.1748046875,142.12025451660156,68.2919692993164,48.097171783447266,37.104087829589844,28.635591506958008,25.90546989440918,21.748132705688477,20.32810401916504
70000,80001,17,9,252,78,0,13015.8076171875,328.9549560546875,148.06832885742188,92.40667724609375,73.75858306884766,52.64235305786133,50.15165328979492,45.419830322265625,40.69057846069336,33.536441802978516,30.783906936645508,29.93593978881836,29.046009063720703,27.360422134399414,25.93197250366211,24.43975257873535,21.512483596801758,9476.4072265625,160.04188537597656,75.38005828857422,50.477088928222656,47.26811981201172,31.439411163330078,30.188007354736328,28.395246505737305,24.9090633392334
70000,80001,17,9,252,78,1,13046.97265625,324.5650329589844,148.17843627929688,88.71747589111328,72.0973892211914,53.42957305908203,47.949928283691406,44.69908142089844,43.181922912597656,31.790983200073242,30.338706970214844,29.647192001342773,27.728479385375977,25.93280029296875,25.24466323852539,22.69512939453125,20.57600975036621,9496.0634765625,159.86181640625,71.91826629638672,50.63050079345703,44.47636795043945,31.576509475708008,30.118432998657227,26.687870025634766,24.861032485961914
75000,85001,17,9,253,81,0,14143.35546875,318.91943359375,148.650390625,106.67764282226562,85.5168228149414,54.869022369384766,48.061553955078125,47.24103927612305,40.152164459228516,31.77043914794922,27.6981258392334,27.17905044555664,26.12457847595215,24.242332458496094,23.500268936157227,21.60036277770996,20.035213470458984,10290.3154296875,155.74269104003906,88.99565124511719,52.554805755615234,41.335689544677734,32.174198150634766,26.699277877807617,25.37127685546875,23.662033081054688
75000,85001,17,9,253,81,1,14164.4814453125,318.3249206542969,151.24490356445312,110.93995666503906,86.62792205810547,55.10718536376953,48.25975036621094,43.58631896972656,37.40414810180664,31.197072982788086,28.92582130432129,25.782865524291992,24.81559944152832,24.147409439086914,23.13459014892578,22.5395450592041,20.084270477294922,10308.1298828125,155.81744384765625,86.69436645507812,52.8895263671875,41.590091705322266,30.031902313232422,26.206266403198242,23.99356460571289,21.851701736450195
80000,90001,17,9,251,86,0,14537.529296875,338.27313232421875,161.40423583984375,103.17724609375,72.37059020996094,59.65236282348633,52.25035095214844,49.073238372802734,44.38668441772461,37.61541748046875,32.696617126464844,30.868480682373047,29.888490676879883,28.288494110107422,27.13379669189453,24.22271728515625,23.370656967163086,10586.1552734375,184.43307495117188,76.38374328613281,52.696022033691406,43.477928161621094,35.18381118774414,30.612579345703125,25.717905044555664,25.4788875579834
80000,90001,17,9,251,86,1,14532.8798828125,341.1759338378906,158.98712158203125,104.60182189941406,74.24845886230469,58.24656295776367,49.003944396972656,44.89031219482422,43.07145690917969,33.74584197998047,33.00872802734375,29.240812301635742,27.813358306884766,26.6571044921875,24.477230072021484,23.173294067382812,20.16653060913086,10582.5556640625,186.53013610839844,81.4516830444336,48.81889343261719,42.01783752441406,33.15674591064453,29.069202423095703,25.35655403137207,21.10681915283203
85000,95001,17,9,254,90,0,15207.193359375,348.8590393066406,161.64971923828125,99.84992980957031,80.92112731933594,55.8762321472168,49.33809280395508,47.423770904541016,44.63277053833008,34.15409469604492,30.976743698120117,28.723350524902344,27.22360610961914,26.42337417602539,24.185258865356445,22.38799476623535,21.130626678466797,11075.5810546875,170.0363006591797,76.07337951660156,52.031402587890625,43.375736236572266,31.378490447998047,28.876327514648438,24.72810173034668,22.53573989868164
85000,95001,17,9,254,90,1,15194.033203125,347.547607421875,158.43704223632812,96.1112060546875,78.15604400634766,60.97854995727539,49.205528259277344,46.616573333740234,42.3697624206543,34.79407501220703,28.910003662109375,28.3673095703125,25.73323631286621,24.5561580657959,23.75897979736328,22.663028717041016,21.42948341369629,11064.90625,168.63485717773438,74.73992919921875,51.976593017578125,43.75798797607422,31.08873748779297,26.34783172607422,24.702159881591797,22.604400634765625
90000,100001,17,9,247,92,0,15871.970703125,306.1477355957031,151.98292541503906,97.12889862060547,74.36054992675781,54.648372650146484,52.68068313598633,46.37174987792969,41.44452667236328,33.69194793701172,30.05458641052246,29.38161277770996,26.862106323242188,24.672700881958008,23.866518020629883,22.06138801574707,19.045820236206055,11577.7294921875,167.19564819335938,76.02667236328125,51.52851867675781,43.736637115478516,34.32045364379883,28.288036346435547,26.058095932006836,22.90287971496582
90000,100001,17,9,247,92,1,15844.681640625,308.23468017578125,152.2039031982422,97.72138977050781,75.14823913574219,60.127197265625,54.11687088012695,46.962032318115234,39.757484436035156,31.35650634765625,29.259437561035156,27.494497299194336,25.115102767944336,23.566795349121094,21.882089614868164,20.465059280395508,19.193559646606445,11557.7998046875,170.96746826171875,75.7423324584961,52.07221603393555,42.77344512939453,31.83047866821289,27.382139205932617,24.26679229736328,20.21054458618164
95000,105001,17,9,254,97,0,16068.8974609375,253.46324157714844,142.3778839111328,100.94952392578125,67.12574768066406,57.1162223815918,51.71678924560547,46.63312530517578,39.16319274902344,30.80973243713379,28.18916130065918,28.04348373413086,25.412240982055664,23.180797576904297,22.467330932617188,21.850542068481445,20.652252197265625,11718.1435546875,163.9124755859375,74.75495910644531,54.159271240234375,39.542240142822266,32.92655563354492,27.682167053222656,23.983640670776367,22.75995635986328
95000,105001,17,9,254,97,1,16059.02734375,254.426513671875,140.8009033203125,98.67422485351562,66.96043395996094,54.67153549194336,44.92319107055664,42.63092041015625,37.78782272338867,31.392066955566406,29.228261947631836,27.239055633544922,26.485111236572266,25.048250198364258,22.806337356567383,22.35349464416504,21.651575088500977,11710.7705078125,161.0482177734375,71.83662414550781,49.575252532958984,36.61799621582031,32.36225128173828,26.59758758544922,24.64220428466797,22.852148056030273
100000,110001,17,9,255,95,0,16971.5,336.833251953125,139.5937042236328,95.65799713134766,81.09561157226562,55.21535873413086,46.530914306640625,43.08607864379883,42.02980041503906,31.8532657623291,31.079492568969727,26.867948532104492,26.24860382080078,25.172962188720703,23.246070861816406,21.476720809936523,20.855138778686523,12345.75390625,157.940673828125,80.80374908447266,49.574378967285156,42.200069427490234,30.6197509765625,26.151159286499023,25.229976654052734,23.16652488708496
100000,110001,17,9,255,95,1,16945.400390625,334.7721252441406,140.32081604003906,98.17076110839844,81.5047836303711,56.978492736816406,51.32999801635742,45.557762145996094,43.34799575805664,33.26198196411133,30.24895477294922,28.993371963500977,27.042831420898438,24.553081512451172,24.28489875793457,22.686046600341797,19.760032653808594,12326.2939453125,158.34002685546875,82.63841247558594,54.77608871459961,44.033836364746094,31.924131393432617,30.126253128051758,26.235660552978516,24.712831497192383
105000,115001,17,9,252,98,0,17450.072265625,289.08404541015625,137.12646484375,81.83966064453125,61.09743118286133,55.90652847290039,50.319183349609375,45.90140914916992,41.2370491027832,30.371288299560547,26.326889038085938,25.95062828063965,25.52456283569336,23.438993453979492,22.43560218811035,21.513145446777344,20.2092227935791,12714.6748046875,160.00950622558594,63.409263610839844,52.47728729248047,42.440006256103516,29.41829490661621,26.255653381347656,23.979183197021484,21.854154586791992
105000,115001,17,9,252,98,1,17477.53515625,288.6033020019531,136.40261840820312,81.53598022460938,61.88827896118164,52.66331100463867,47.302608489990234,43.36766815185547,39.32853317260742,30.980485916137695,29.033639907836914,26.04050636291504,25.00971031188965,22.66858673095703,22.23998260498047,20.780439376831055,19.466785430908203,12737.419921875,158.74070739746094,64.89710235595703,48.74396514892578,40.103607177734375,29.269365310668945,26.463123321533203,21.569520950317383,20.279682159423828
110000,120001,17,9,250,106,0,17847.421875,295.6041259765625,148.14434814453125,101.0004653930664,66.81199645996094,50.426612854003906,48.832088470458984,41.65361404418945,37.51474380493164,30.672861099243164,30.11893653869629,28.047927856445312,26.129684448242188,24.534088134765625,23.326210021972656,22.59695053100586,19.008100509643555,12992.5810546875,148.8651123046875,75.0076675415039,45.548702239990234,42.813560485839844,31.206777572631836,28.646724700927734,24.54941177368164,23.231443405151367
110000,120001,17,9,250,106,1,17849.146484375,293.6053771972656,148.5732421875,101.62925720214844,64.63214874267578,50.508358001708984,48.72028732299805,41.159095764160156,38.326446533203125,31.634597778320312,29.60828971862793,27.035978317260742,25.28477668762207,24.140954971313477,23.280839920043945,20.724000930786133,20.579092025756836,12992.54296875,148.22080993652344,74.83876037597656,46.50382995605469,41.358741760253906,30.43448829650879,27.35401725769043,23.843425750732422,21.60967254638672
115000,125001,17,9,251,108,0,17964.45703125,335.3327331542969,146.00833129882812,89.92090606689453,65.24552154541016,54.68498611450195,49.36470031738281,47.490966796875,41.59747314453125,30.629663467407227,30.341943740844727,28.755643844604492,25.969621658325195,25.64640998840332,24.28436851501465,20.41486167907715,19.94175148010254,13067.9521484375,152.0048370361328,73.79853057861328,50.91357421875,44.38214874267578,31.589548110961914,27.589183807373047,24.47597885131836,21.960763931274414
115000,125001,17,9,251,108,1,17929.267578125,333.0235595703125,142.8291015625,89.46794891357422,64.74333953857422,51.48310089111328,48.161861419677734,44.37163162231445,42.35880661010742,30.865880966186523,28.519489288330078,27.365922927856445,24.45224380493164,23.643556594848633,22.868398666381836,20.958078384399414,20.070743560791016,13040.1767578125,148.51742553710938,72.5111312866211,48.178653717041016,43.067874908447266,29.892688751220703,25.073490142822266,24.620906829833984,22.117042541503906
120000,130001,17,9,253,108,0,19089.47265625,264.7315368652344,145.41842651367188,93.08442687988281,66.34233856201172,51.41889953613281,45.45555877685547,38.473243713378906,35.831382751464844,30.846670150756836,27.499662399291992,25.746746063232422,25.49191665649414,24.012569427490234,22.562084197998047,20.85841941833496,19.280221939086914,13913.35546875,144.29150390625,67.4353256225586,46.34651184082031,36.25682067871094,30.308353424072266,25.148727416992188,23.067705154418945,21.438325881958008
120000,130001,17,9,253,108,1,19083.65625,264.99871826171875,144.02308654785156,91.45370483398438,65.80154418945312,49.46464920043945,44.55026626586914,38.67396545410156,36.81943893432617,28.488065719604492,25.769542694091797,25.210338592529297,22.528764724731445,20.919784545898438,20.513324737548828,19.821077346801758,17.815553665161133,13907.595703125,143.12281799316406,67.0152359008789,45.00510787963867,35.616844177246094,28.486127853393555,25.400686264038086,21.181509017944336,20.150833129882812
125000,135001,17,9,251,114,0,18674.599609375,312.21380615234375,149.50411987304688,100.85389709472656,67.41657257080078,51.1025390625,42.632080078125,36.29206466674805,34.09938430786133,28.71103858947754,26.56875991821289,25.66558074951172,23.282930374145508,21.780691146850586,21.111902236938477,20.504335403442383,19.670793533325195,13577.9775390625,165.6749725341797,69.46870422363281,43.69462966918945,35.320045471191406,26.67622184753418,26.17015266418457,23.978010177612305,21.683786392211914
125000,135001,17,9,251,114,1,18683.83203125,314.697509765625,148.18064880371094,97.94184112548828,66.72722625732422,49.37354278564453,43.872074127197266,40.935646057128906,36.77552795410156,29.974817276000977,29.166160583496094,28.549362182617188,25.532718658447266,24.080541610717773,23.451717376708984,21.115081787109375,19.777944564819336,13585.3544921875,164.55746459960938,69.96813201904297,43.84504699707031,37.868865966796875,29.79368782043457,28.540056228637695,26.565196990966797,22.886219024658203
130000,140001,17,9,251,117,0,18733.1484375,312.73516845703125,146.30101013183594,100.3978042602539,71.71537017822266,52.821170806884766,44.917415618896484,42.7320671081543,39.045623779296875,29.92816734313965,29.21571159362793,27.62450408935547,25.214651107788086,23.702787399291992,22.759078979492188,21.83786964416504,19.429462432861328,13624.595703125,153.83384704589844,73.77409362792969,49.936649322509766,39.33769607543945,32.97745895385742,28.57394027709961,24.2730712890625,20.907325744628906
130000,140001,17,9,251,117,1,18745.501953125,315.886474609375,147.931640625,103.98519134521484,71.83675384521484,53.011634826660156,50.55201721191406,44.37754440307617,40.82612609863281,32.11774826049805,30.079328536987305,27.84067726135254,26.621564865112305,24.92104721069336,23.118690490722656,22.753393173217773,18.59361457824707,13633.1025390625,155.22412109375,74.48857116699219,52.0206184387207,40.134727478027344,35.01302719116211,29.161338806152344,24.279268264770508,22.75835418701172
135000,145001,17,9,255,121,0,19467.091796875,292.7345886230469,153.59506225585938,100.31405639648438,65.0379638671875,54.312435150146484,46.46367645263672,40.471256256103516,39.466461181640625,30.117530822753906,25.556385040283203,25.036855697631836,23.43413543701172,22.356243133544922,20.990318298339844,19.168428421020508,17.535358428955078,14195.724609375,175.6693572998047,74.26104736328125,48.80797576904297,37.2894172668457,29.758962631225586,24.122995376586914,21.006868362426758,19.513050079345703
135000,145001,17,9,255,121,1,19472.99609375,294.4284362792969,152.3975830078125,99.60356140136719,64.70594024658203,52.4178581237793,41.128719329833984,38.470333099365234,35.6021614074707,29.908315658569336,27.029998779296875,26.020854949951172,24.71120262145996,23.255958557128906,21.464616775512695,20.39061737060547,18.858985900878906,14199.9833984375,176.9523468017578,72.53071594238281,47.076080322265625,34.7489013671875,28.21222496032715,24.8835391998291,23.545976638793945,21.26852798461914
140000,150001,17,9,253,124,0,20462.15625,287.0389709472656,135.8819580078125,93.50403594970703,62.965538024902344,52.14398956298828,44.705169677734375,40.257530212402344,35.459712982177734,28.422670364379883,25.995718002319336,24.53031349182129,23.51995277404785,21.95585060119629,20.388261795043945,19.224895477294922,18.013368606567383,14914.828125,150.0295867919922,67.72762298583984,48.18165969848633,38.54618835449219,29.380151748657227,26.945987701416016,22.13487434387207,19.051166534423828
140000,150001,17,9,253,124,1,20451.919921875,285.17718505859375,133.8575439453125,96.45407104492188,67.36634826660156,52.41245651245117,43.37464904785156,39.21238708496094,34.05693817138672,30.394258499145508,26.918031692504883,24.831825256347656,23.09567642211914,21.996822357177734,20.822031021118164,19.301538467407227,18.243349075317383,14907.994140625,147.9704132080078,71.44140625,46.87315368652344,38.38481521606445,30.375892639160156,25.259660720825195,21.30622673034668,19.209087371826172
145000,155001,17,9,252,127,0,20106.15234375,388.25439453125,147.19064331054688,94.571533203125,76.55030822753906,68.6633071899414,58.66109848022461,53.289615631103516,44.0244255065918,34.372196197509766,29.909008026123047,29.531414031982422,27.037683486938477,25.1923770904541,23.69911766052246,22.62108039855957,20.442054748535156,14642.373046875,160.74978637695312,81.86750793457031,66.21833038330078,53.17771911621094,34.258296966552734,24.894145965576172,23.802410125732422,22.556297302246094
145000,155001,17,9,252,127,1,20109.11328125,394.616455078125,148.30406188964844,94.63232421875,77.12340545654297,72.81444549560547,59.167213439941406,56.25006866455078,48.72337341308594,35.51237487792969,32.23076629638672,29.033607482910156,27.199581146240234,26.02345085144043,25.18437385559082,24.072711944580078,18.937597274780273,14643.916015625,162.56190490722656,82.2628173828125,70.1570816040039,55.582008361816406,35.687679290771484,29.086233139038086,25.868642807006836,23.68449592590332
150000,160001,17,9,253,124,0,21032.09375,331.83673095703125,157.9668731689453,88.68956756591797,68.12555694580078,57.48606491088867,48.706459045410156,42.85366439819336,40.31708526611328,32.908451080322266,28.960111618041992,26.861543655395508,25.80983543395996,23.495534896850586,22.884981155395508,21.436243057250977,20.89940071105957,15298.046875,177.19619750976562,77.56061553955078,52.660037994384766,41.25596237182617,32.47270965576172,27.70238494873047,25.447864532470703,21.893686294555664
150000,160001,17,9,253,124,1,21042.568359375,337.1997375488281,157.57794189453125,85.04447174072266,68.85733795166016,55.51736068725586,48.96695327758789,46.77757263183594,40.40803527832031,32.475704193115234,28.517578125,26.739633560180664,26.09449005126953,24.26729393005371,23.107921600341797,20.759119033813477,19.4138240814209,15305.7490234375,180.4161376953125,74.45511627197266,55.20908737182617,45.4753303527832,30.563753128051758,28.382568359375,26.476375579833984,20.86440658569336
155000,165001,17,9,253,129,0,21344.845703125,272.757080078125,139.46627807617188,80.25767517089844,64.38170623779297,55.41297149658203,50.3004035949707,45.370941162109375,41.50859832763672,31.098358154296875,27.887205123901367,26.816560745239258,26.196155548095703,24.211769104003906,23.19451332092285,21.492753982543945,20.83893585205078,15561.08984375,136.8264617919922,63.74372863769531,50.76189041137695,46.883934020996094,32.39965057373047,27.21236228942871,23.76285171508789,22.28038215637207
155000,165001,17,9,253,129,1,21343.6015625,270.6330261230469,140.67393493652344,80.98229217529297,65.19922637939453,55.188873291015625,45.56532669067383,44.215660095214844,38.86540603637695,31.193300247192383,27.962406158447266,26.33807373046875,24.72154998779297,24.14908218383789,21.349231719970703,20.40923309326172,18.337570190429688,15559.705078125,136.85902404785156,65.16826629638672,47.578704833984375,45.17916488647461,30.05274200439453,25.539648056030273,23.952356338500977,20.22212028503418
160000,170001,17,9,251,131,0,21755.958984375,328.37420654296875,154.9867401123047,116.47164916992188,79.49358367919922,56.64291000366211,52.63208770751953,47.81640625,47.300899505615234,32.243499755859375,31.644275665283203,28.493366241455078,27.933979034423828,26.864269256591797,23.904579162597656,23.14305305480957,21.79961585998535,15844.23828125,164.0870819091797,86.20096588134766,56.55812072753906,47.363704681396484,34.04597473144531,29.140201568603516,26.83755111694336,25.7269344329834
160000,170001,17,9,251,131,1,21777.84375,329.0434875488281,157.02630615234375,119.01221466064453,84.67728424072266,58.864891052246094,53.783687591552734,48.84079360961914,45.08607864379883,33.13821029663086,29.907251358032227,29.366453170776367,27.706283569335938,25.987186431884766,23.64483070373535,22.29570960998535,21.536314010620117,15858.216796875,167.33628845214844,88.34381103515625,56.829132080078125,45.99016189575195,35.739009857177734,28.550981521606445,27.90801239013672,24.985401153564453
165000,175001,17,9,252,128,0,21743.841796875,307.9122619628906,135.16152954101562,91.14427947998047,67.00190734863281,52.83598327636719,41.27527618408203,39.16101837158203,35.28281021118164,31.27855682373047,29.53926658630371,26.81868553161621,24.599828720092773,24.101564407348633,22.422639846801758,21.260618209838867,19.144346237182617,15852.97265625,165.97215270996094,71.54376983642578,48.476463317871094,39.07194900512695,31.35553550720215,25.296485900878906,23.15854263305664,20.193029403686523
165000,175001,17,9,252,128,1,21741.708984375,302.86138916015625,135.2158203125,90.75591278076172,60.210166931152344,52.10634994506836,41.937591552734375,38.38494873046875,37.66132736206055,32.237361907958984,29.869457244873047,27.837133407592773,24.204971313476562,23.010190963745117,22.235719680786133,20.126188278198242,19.138870239257812,15851.396484375,162.13873291015625,68.75669860839844,49.38125991821289,36.08715057373047,32.21404266357422,27.081300735473633,24.411317825317383,20.789417266845703
170000,180001,17,9,252,130,0,22488.037109375,345.1123352050781,165.98968505859375,114.71490478515625,73.73672485351562,61.30247116088867,46.74786376953125,43.56707000732422,39.49368667602539,35.53776931762695,33.27127456665039,32.236793518066406,30.95681381225586,28.288005828857422,25.810056686401367,24.07618522644043,23.056360244750977,16365.3095703125,202.80445861816406,79.43863677978516,54.00458526611328,41.70537185668945,34.59663009643555,29.573091506958008,27.132625579833984,25.389102935791016
170000,180001,17,9,252,130,1,22457.740234375,343.5833740234375,165.71038818359375,110.77213287353516,73.49351501464844,62.09270095825195,50.88905334472656,42.7252311706543,39.906150817871094,30.551645278930664,29.134580612182617,26.371368408203125,24.614267349243164,23.601192474365234,21.516902923583984,20.31269073486328,19.614553451538086,16343.2470703125,204.25755310058594,78.43563842773438,55.16758728027344,44.0456428527832,34.69633483886719,26.10437774658203,23.869308471679688,19.91852378845215
175000,185001,17,9,246,139,0,22426.451171875,265.14422607421875,125.02068328857422,87.21318054199219,65.69422149658203,44.78858184814453,37.587501525878906,36.04619216918945,32.52882385253906,26.593400955200195,24.95036506652832,23.896413803100586,23.190900802612305,21.612747192382812,21.24721908569336,20.58904457092285,19.087648391723633,16336.654296875,139.19613647460938,74.6395263671875,41.81026077270508,34.015289306640625,27.14418601989746,23.598464965820312,22.351449966430664,21.562347412109375
175000,185001,17,9,246,139,1,22428.6875,265.1932067871094,127.46884155273438,91.14155578613281,65.88020324707031,46.58306884765625,41.543331146240234,40.1168212890625,33.70180892944336,26.788497924804688,25.178239822387695,23.924955368041992,22.34307861328125,21.034263610839844,20.18117904663086,20.009838104248047,18.713834762573242,16336.98046875,139.29808044433594,73.2177505493164,43.89677047729492,39.14043426513672,28.73206329345703,24.326799392700195,23.712291717529297,20.870176315307617
180000,190001,17,9,252,143,0,22827.435546875,354.007568359375,149.59295654296875,92.54570007324219,71.43392944335938,56.79676055908203,51.592323303222656,48.50492477416992,44.20706558227539,38.33250045776367,34.56303787231445,31.961469650268555,31.048736572265625,29.006572723388672,25.778141021728516,25.103315353393555,23.481346130371094,16631.943359375,174.46298217773438,77.89628601074219,52.804019927978516,46.29288864135742,35.550514221191406,32.58633041381836,28.907154083251953,26.45032501220703
180000,190001,17,9,252,143,1,22839.02734375,354.6213684082031,152.86578369140625,94.25396728515625,70.74956512451172,57.544883728027344,52.70773696899414,50.54591369628906,44.58763885498047,35.304298400878906,32.73390579223633,31.317380905151367,28.468812942504883,27.35685920715332,25.736074447631836,25.053260803222656,22.38775062561035,16641.064453125,177.21238708496094,76.06138610839844,51.74116897583008,50.28542709350586,34.83769989013672,32.48650360107422,28.370210647583008,26.435245513916016
185000,195001,17,9,252,137,0,23029.576171875,273.942138671875,139.43304443359375,103.83523559570312,75.83169555664062,57.66164016723633,46.240360260009766,42.963165283203125,34.755027770996094,32.03078079223633,30.04777717590332,28.911558151245117,27.484825134277344,25.379011154174805,24.37105369567871,23.497194290161133,21.068220138549805,16765.0234375,142.96804809570312,86.1585464477539,51.31771469116211,42.179832458496094,32.4954833984375,28.516155242919922,26.748308181762695,25.03876304626465
185000,195001,17,9,252,137,1,23035.15625,272.01727294921875,138.1374969482422,99.98858642578125,76.39391326904297,57.799713134765625,48.73042297363281,46.09275436401367,42.512935638427734,31.74532699584961,28.59142303466797,28.115583419799805,26.74744987487793,24.259048461914062,21.86635398864746,20.98564338684082,19.51921844482422,16770.70703125,142.55014038085938,79.70800018310547,53.76481246948242,45.06882858276367,31.15967559814453,28.417964935302734,23.266971588134766,21.43301773071289
190000,200001,17,9,253,143,0,23100.62109375,272.7421875,157.67420959472656,102.27913665771484,73.15967559814453,55.9873161315918,43.64190673828125,40.55400466918945,38.64523696899414,30.58247947692871,29.253671646118164,28.8276309967041,26.02151107788086,24.77621078491211,22.259292602539062,20.80367088317871,19.426057815551758,16833.728515625,163.77377319335938,73.07856750488281,48.298614501953125,38.624847412109375,29.47818374633789,27.13310432434082,26.264799118041992,21.427453994750977
190000,200001,17,9,253,143,1,23117.89453125,270.5430603027344,157.2111053466797,98.68310546875,70.05664825439453,56.212257385253906,44.63125991821289,41.76995086669922,39.921730041503906,31.330310821533203,29.072372436523438,27.230714797973633,25.72325325012207,24.744478225708008,23.52766227722168,21.88172721862793,21.163564682006836,16846.166015625,160.84304809570312,70.06136322021484,49.03066635131836,38.61851501464844,31.907249450683594,28.587364196777344,25.65378761291504,22.540550231933594
195000,205001,17,9,254,147,0,24335.56640625,288.1429138183594,156.28627014160156,105.35027313232422,72.9492416381836,58.21550750732422,53.776771545410156,46.3945198059082,43.18896484375,36.68312072753906,33.64804458618164,30.810075759887695,28.83136749267578,27.422061920166016,25.050811767578125,22.706689834594727,21.352203369140625,17717.625,158.33815002441406,82.5340576171875,55.061676025390625,47.947540283203125,36.08970260620117,29.767230987548828,28.172855377197266,25.917545318603516
195000,205001,17,9,254,147,1,24344.66015625,285.3588562011719,154.60643005371094,106.1308364868164,70.12260437011719,55.094425201416016,51.580101013183594,45.175209045410156,40.710899353027344,35.40576934814453,27.990495681762695,26.742599487304688,26.341697692871094,24.792329788208008,23.663278579711914,23.051361083984375,20.527557373046875,17724.490234375,157.61099243164062,80.07533264160156,53.63877868652344,44.92881774902344,34.679290771484375,27.384634017944336,25.375967025756836,23.533035278320312
200000,210001,17,9,250,151,0,23950.146484375,326.0513610839844,148.3559112548828,106.83724975585938,84.24512481689453,63.34513473510742,52.29916763305664,43.31958770751953,40.00971984863281,32.58134078979492,30.266040802001953,27.439943313598633,26.653276443481445,25.981021881103516,25.30701446533203,24.38608169555664,21.853912353515625,17427.48828125,168.46771240234375,90.26760864257812,55.80445098876953,38.462196350097656,32.66967010498047,28.460329055786133,25.625389099121094,24.34319305419922
200000,210001,17,9,250,151,1,23942.296875,328.9268798828125,143.69862365722656,107.06987762451172,82.27592468261719,63.70563888549805,52.50225067138672,45.80499267578125,41.15895080566406,32.518489837646484,30.320405960083008,27.563873291015625,26.249963760375977,24.35236930847168,22.75592803955078,21.379140853881836,19.70100212097168,17423.478515625,168.0968780517578,87.62698364257812,56.3712043762207,42.424156188964844,31.67491340637207,27.887252807617188,26.647315979003906,21.07833480834961
205000,215001,17,9,251,141,0,24330.74609375,306.7328796386719,130.92657470703125,100.4065170288086,75.3377685546875,56.400604248046875,47.23685836791992,39.178768157958984,34.08479690551758,31.18820571899414,27.786832809448242,25.704639434814453,24.30994987487793,24.000553131103516,22.8109188079834,21.885875701904297,18.935134887695312,17723.095703125,153.1168670654297,80.67709350585938,50.99824905395508,37.250640869140625,31.319190979003906,24.36392593383789,23.545408248901367,22.49618148803711
205000,215001,17,9,251,141,1,24326.2578125,309.86260986328125,133.32518005371094,100.55342864990234,72.7134780883789,53.32804870605469,47.58240509033203,41.41327667236328,35.70640182495117,31.120481491088867,30.258886337280273,27.946561813354492,24.076908111572266,22.638267517089844,21.856924057006836,20.670490264892578,18.510421752929688,17719.8671875,155.86880493164062,81.10175323486328,50.24325180053711,38.67747116088867,30.684803009033203,26.09635353088379,22.822708129882812,21.238393783569336
210000,220001,17,9,253,155,0,24466.615234375,306.8088684082031,164.58668518066406,109.0732421875,80.66341400146484,54.0856819152832,47.92443084716797,42.91584777832031,37.5523567199707,34.06589126586914,30.620737075805664,27.84527587890625,25.97759246826172,25.054689407348633,24.61741065979004,21.53987693786621,21.03353500366211,17832.755859375,178.58204650878906,92.50161743164062,52.19621276855469,36.74116516113281,33.867340087890625,28.529327392578125,27.30431365966797,23.91851043701172
210000,220001,17,9,253,155,1,24449.083984375,308.38043212890625,162.56655883789062,108.71315002441406,80.94975280761719,56.06074523925781,47.41263198852539,45.26607894897461,38.798866271972656,31.42134666442871,28.718454360961914,25.564058303833008,24.92228889465332,23.128053665161133,21.278676986694336,20.3676700592041,18.75232696533203,17820.767578125,180.32522583007812,92.22659301757812,52.13348388671875,37.20616912841797,33.3120002746582,25.02618408203125,23.038593292236328,21.423709869384766
215000,225001,17,9,252,152,0,24540.169921875,280.69012451171875,151.5083465576172,98.34969329833984,75.55973052978516,55.865257263183594,51.75288009643555,44.004852294921875,38.389320373535156,34.646484375,30.48004722595215,28.83548355102539,27.003345489501953,25.79887580871582,24.93922996520996,22.88747787475586,21.830860137939453,17871.779296875,146.7575225830078,77.0294189453125,50.97466278076172,38.07677459716797,30.481311798095703,29.997859954833984,26.531280517578125,24.951675415039062
215000,225001,17,9,252,152,1,24551.904296875,276.2000732421875,150.66526794433594,101.60283660888672,75.38996887207031,58.28642654418945,49.975502014160156,44.57725524902344,36.92927169799805,31.529951095581055,29.624818801879883,28.028104782104492,26.91480827331543,24.689613342285156,23.223058700561523,21.92486572265625,20.880937576293945,17878.26953125,149.10842895507812,78.11820220947266,50.77619934082031,38.184383392333984,31.086894989013672,27.14790153503418,26.229129791259766,22.352556228637695
220000,230001,17,9,254,148,0,24553.619140625,505.8582763671875,152.15988159179688,94.53692626953125,76.46414184570312,54.679813385009766,48.87815856933594,43.23257827758789,42.68014144897461,32.43574523925781,30.539766311645508,28.438817977905273,27.697887420654297,24.010318756103516,23.272825241088867,20.84095001220703,19.344867706298828,17888.009765625,187.38165283203125,74.86046600341797,54.04072952270508,41.13282012939453,29.95333480834961,26.004762649536133,22.684951782226562,21.838897705078125
220000,230001,17,9,254,148,1,24565.978515625,501.261962890625,155.1702117919922,95.64146423339844,73.17450714111328,52.297515869140625,49.403114318847656,43.11387634277344,39.32592010498047,30.5169677734375,29.61650848388672,29.108129501342773,26.194541931152344,25.905672073364258,23.64348030090332,22.59492301940918,20.57992935180664,17896.421875,188.04782104492188,75.1412582397461,51.28554916381836,39.4659423828125,30.206451416015625,26.364992141723633,25.713247299194336,23.163114547729492
225000,235001,17,9,251,152,0,25549.404296875,269.7879943847656,142.9274444580078,92.26801300048828,72.4891357421875,49.41946029663086,45.613426208496094,44.0543098449707,38.39347457885742,29.857683181762695,27.15650177001953,26.68069076538086,25.749740600585938,23.74675941467285,21.73479461669922,20.195919036865234,18.005237579345703,18631.48046875,148.15455627441406,73.3719253540039,45.86901092529297,41.11152648925781,31.386362075805664,25.457189559936523,24.382108688354492,21.422090530395508
225000,235001,17,9,251,152,1,25552.1796875,270.8461608886719,139.71072387695312,95.9192886352539,74.44900512695312,48.033103942871094,44.55238342285156,40.924476623535156,37.74068069458008,30.365697860717773,26.868900299072266,24.01702117919922,23.443151473999023,22.324989318847656,19.65818214416504,19.118324279785156,16.934946060180664,18634.1953125,147.05416870117188,74.1422348022461,46.5291862487793,39.1416130065918,31.07880401611328,23.769760131835938,22.906118392944336,20.465967178344727
230000,240001,17,9,254,153,0,26133.6953125,386.7282409667969,141.7576141357422,103.0392837524414,90.03870391845703,68.69933319091797,59.303802490234375,52.595062255859375,42.36129379272461,36.658138275146484,34.49098587036133,32.71712875366211,30.253437042236328,28.73986053466797,26.972545623779297,23.29030418395996,22.657512664794922,19026.392578125,199.2532501220703,89.35258483886719,59.35557174682617,52.75986862182617,37.11428451538086,32.18253707885742,30.76236915588379,27.052654266357422
230000,240001,17,9,254,153,1,26124.21875,386.1748352050781,140.09771728515625,102.10372924804688,86.46443176269531,61.00526809692383,54.06453323364258,51.728580474853516,41.23098373413086,34.2711296081543,33.758060455322266,32.01070785522461,30.514015197753906,27.590442657470703,24.617340087890625,22.70122718811035,21.810104370117188,19021.59375,198.32333374023438,83.67374420166016,54.18968963623047,50.18978500366211,37.55185317993164,30.712387084960938,27.1888370513916,26.592700958251953
235000,245001,17,9,249,150,0,26240.416015625,280.0423889160156,157.37020874023438,96.07884979248047,78.33932495117188,53.939971923828125,46.473670959472656,44.836341857910156,37.94712829589844,31.83148956298828,29.92949676513672,28.263797760009766,25.199623107910156,23.962156295776367,23.08316993713379,22.29862403869629,20.880035400390625,19103.3671875,152.1141357421875,77.41796112060547,46.06739807128906,41.5216064453125,33.17535400390625,26.909610748291016,24.7860107421875,22.281259536743164
235000,245001,17,9,249,150,1,26213.5546875,282.6943054199219,156.91407775878906,93.2889175415039,75.12001037597656,51.12142562866211,43.48745346069336,40.636192321777344,36.773780822753906,29.05274772644043,28.319042205810547,26.186420440673828,25.320207595825195,23.349184036254883,23.01722526550293,21.480026245117188,19.98659896850586,19081.220703125,150.1160125732422,73.92142486572266,45.07988739013672,38.6724967956543,29.674007415771484,25.28788185119629,23.8046817779541,21.854734420776367
240000,250001,17,9,254,162,0,26297.005859375,336.8100891113281,142.94485473632812,97.30756378173828,82.91327667236328,57.75189971923828,47.24269104003906,40.9046516418457,39.905906677246094,32.01445388793945,29.198442459106445,27.939279556274414,25.63751792907715,25.47551155090332,22.91075897216797,22.327289581298828,20.62264633178711,19150.015625,172.554931640625,82.15086364746094,48.811302185058594,39.064300537109375,30.73261260986328,29.61817169189453,24.677921295166016,23.607879638671875
240000,250001,17,9,254,162,1,26274.162109375,337.7953796386719,139.96726989746094,97.92337036132812,84.66947174072266,58.00364685058594,49.51516342163086,41.7518310546875,39.09457778930664,34.377052307128906,30.637849807739258,27.611906051635742,26.999364852905273,25.84134864807129,23.888078689575195,22.444231033325195,21.48904037475586,19133.162109375,170.22857666015625,82.32936096191406,50.6656379699707,37.94228744506836,30.7705020904541,28.717798233032227,24.504457473754883,23.854984283447266
245000,255001,17,9,248,171,0,25817.830078125,402.3709716796875,178.997802734375,105.16546630859375,72.83595275878906,56.86659622192383,46.10044860839844,43.01893615722656,39.54701614379883,34.46445083618164,30.85304069519043,27.762022018432617,27.1920108795166,25.282690048217773,23.343935012817383,22.59593391418457,20.727447509765625,18792.359375,185.07232666015625,76.76349639892578,52.797393798828125,39.56569290161133,32.866153717041016,28.994699478149414,25.95220947265625,24.99820327758789
245000,255001,17,9,248,171,1,25823.2265625,404.0326232910156,180.17214965820312,104.40127563476562,76.28595733642578,53.875,48.3735237121582,45.18093490600586,39.66136169433594,31.987525939941406,30.680156707763672,28.465078353881836,25.657066345214844,25.463335037231445,23.237747192382812,22.471092224121094,21.715221405029297,18795.578125,185.38717651367188,77.14398193359375,52.013492584228516,38.50890350341797,33.484867095947266,28.558855056762695,24.353199005126953,22.982662200927734
250000,260001,17,9,252,163,0,26116.150390625,289.3886413574219,133.03648376464844,107.04857635498047,74.94828796386719,58.162635803222656,48.42794418334961,44.821044921875,38.5881233215332,35.1188850402832,33.56028366088867,32.00554656982422,28.677759170532227,27.11017417907715,24.50452423095703,21.941118240356445,20.002239227294922,19029.791015625,147.1950225830078,80.33224487304688,52.47394943237305,37.08122634887695,34.201351165771484,29.76305389404297,28.35987091064453,28.179704666137695
250000,260001,17,9,252,163,1,26114.970703125,289.18743896484375,133.236328125,114.80758666992188,81.14244842529297,62.435306549072266,48.881004333496094,47.09882354736328,40.01056671142578,34.40761947631836,31.227468490600586,30.458906173706055,26.645038604736328,25.529870986938477,25.048368453979492,21.856672286987305,20.214523315429688,19032.248046875,150.15597534179688,86.0666275024414,56.24784469604492,39.23826217651367,34.3260498046875,26.670269012451172,25.4107608795166,23.990129470825195
255000,265001,17,9,251,157,0,26607.71484375,319.0091247558594,132.1241912841797,94.53849029541016,68.18949127197266,55.04644775390625,50.78471374511719,46.82712936401367,43.9206657409668,32.44984436035156,30.565975189208984,28.31912612915039,26.681503295898438,25.557737350463867,22.891984939575195,22.022432327270508,19.94080924987793,19378.751953125,154.07325744628906,70.34849548339844,50.720191955566406,46.0395622253418,33.78976058959961,27.38329315185547,25.144027709960938,23.321741104125977
255000,265001,17,9,251,157,1,26567.953125,317.91766357421875,131.42355346679688,91.59481811523438,70.37920379638672,55.77909469604492,54.84249496459961,48.41862487792969,42.5361328125,35.70365905761719,29.768972396850586,28.065370559692383,27.13182830810547,25.51239585876465,23.581668853759766,22.996328353881836,22.3865909576416,19350.337890625,152.2881317138672,68.53010559082031,53.14203643798828,46.58209228515625,31.26030158996582,28.03978157043457,26.559032440185547,24.91844940185547
260000,270001,17,9,252,170,0,26807.79296875,333.4908142089844,149.03892517089844,104.59371948242188,75.27810668945312,60.189517974853516,53.22236633300781,45.66080856323242,44.56290817260742,34.01943588256836,31.416065216064453,29.15630340576172,28.23528289794922,26.113584518432617,25.911968231201172,23.79070281982422,19.426231384277344,19531.1171875,157.1017303466797,80.01959991455078,58.96121597290039,46.847415924072266,33.43613815307617,26.79546546936035,25.633638381958008,25.366809844970703
260000,270001,17,9,252,170,1,26783.708984375,333.39508056640625,149.03404235839844,105.53559112548828,71.6090087890625,59.725738525390625,55.93970489501953,45.052093505859375,41.42371368408203,35.11464309692383,34.32170486450195,30.2543888092041,26.58023452758789,25.579360961914062,23.615493774414062,23.34911346435547,20.884214401245117,19514.783203125,154.52745056152344,79.18978881835938,57.38629913330078,43.04390335083008,34.09260177612305,30.27471923828125,24.8758487701416,23.34991455078125
265000,275001,17,9,251,161,0,27271.900390625,307.47308349609375,134.58651733398438,100.19580841064453,78.62448120117188,53.97749328613281,46.0254020690918,40.925079345703125,37.91073989868164,32.360198974609375,30.201709747314453,27.263769149780273,25.26825523376465,23.67841148376465,22.458087921142578,21.094512939453125,17.880090713500977,19860.7265625,144.5433807373047,81.78929138183594,46.50522994995117,38.44818115234375,32.32271957397461,27.041786193847656,23.69713020324707,23.307958602905273
265000,275001,17,9,251,161,1,27292.4296875,306.83251953125,135.04507446289062,103.3663330078125,81.51344299316406,52.51059341430664,46.22239303588867,38.82146453857422,34.359867095947266,32.55711364746094,29.124536514282227,26.735097885131836,24.1468563079834,23.2216854095459,21.68678855895996,20.7792911529541,18.35338020324707,19875.96484375,144.185546875,86.36802673339844,46.2752685546875,34.82840347290039,33.957645416259766,26.684179306030273,23.67574119567871,21.95167350769043
270000,280001,17,9,250,167,0,27605.80859375,295.7742004394531,148.17904663085938,97.87703704833984,73.21472930908203,58.663455963134766,52.721981048583984,48.16714096069336,42.948062896728516,31.877424240112305,30.398162841796875,29.46806526184082,27.427955627441406,26.771440505981445,25.04620933532715,23.148788452148438,20.923023223876953,20105.15234375,157.3575439453125,71.80416870117188,56.37483596801758,47.983863830566406,33.05409622192383,28.4523868560791,26.912057876586914,26.185853958129883
270000,280001,17,9,250,167,1,27611.95703125,294.2966613769531,148.57723999023438,96.84278106689453,74.22343444824219,56.15571975708008,53.48562240600586,46.316707611083984,39.98477554321289,29.956716537475586,29.09140396118164,27.070606231689453,26.245933532714844,25.022903442382812,22.416902542114258,21.37080192565918,19.768537521362305,20109.703125,158.9104461669922,72.5887222290039,54.54887771606445,45.74566650390625,32.16925048828125,26.463558197021484,25.124502182006836,23.65142059326172
275000,285001,17,9,252,167,0,28145.234375,290.9151611328125,146.4794158935547,92.34068298339844,75.47718811035156,51.00495910644531,44.744102478027344,39.16109085083008,38.226226806640625,30.837034225463867,29.839488983154297,27.879220962524414,26.70062828063965,23.4578914642334,21.736812591552734,21.663774490356445,20.290882110595703,20504.98046875,159.45289611816406,71.48191833496094,46.997501373291016,38.11932373046875,29.720985412597656,26.173933029174805,25.00823974609375,24.2075252532959
275000,285001,17,9,252,167,1,28122.693359375,287.2496337890625,146.63031005859375,90.51006317138672,74.78714752197266,53.9199104309082,48.64072799682617,41.041866302490234,37.27074432373047,29.556072235107422,27.664936065673828,26.731294631958008,25.201452255249023,23.58920669555664,21.73285675048828,19.555009841918945,18.918142318725586,20487.755859375,161.65896606445312,71.67892456054688,48.37213897705078,39.89158248901367,31.17873191833496,25.836502075195312,23.637958526611328,20.55817413330078
280000,290001,17,9,254,167,0,27755.169921875,300.8143005371094,150.51356506347656,109.80232238769531,71.20541381835938,50.84760284423828,46.073490142822266,42.64164733886719,35.953189849853516,29.557167053222656,28.237548828125,26.88559341430664,25.312448501586914,24.067989349365234,22.4381103515625,20.783679962158203,19.74630355834961,20201.345703125,173.8570098876953,83.18671417236328,49.84812927246094,39.172454833984375,30.219388961791992,25.533893585205078,23.02381134033203,21.53810691833496
280000,290001,17,9,254,167,1,27737.310546875,302.0936279296875,154.2130889892578,113.24453735351562,73.0247802734375,52.86667251586914,42.84463882446289,37.69593048095703,33.226783752441406,27.45771026611328,26.643606185913086,24.221927642822266,22.27389907836914,21.043567657470703,20.248065948486328,19.235424041748047,17.035741806030273,20188.29296875,176.70416259765625,85.95630645751953,47.60567855834961,37.12340545654297,27.21306037902832,23.174585342407227,20.876909255981445,20.06315803527832
285000,295001,17,9,251,169,0,27983.978515625,319.8265686035156,139.40188598632812,96.45703125,74.8727035522461,55.2476806640625,50.55196762084961,46.478370666503906,40.51871871948242,30.953353881835938,28.248580932617188,25.832822799682617,24.136016845703125,22.87881851196289,22.38783073425293,21.106321334838867,19.82326316833496,20382.541015625,159.68756103515625,79.60883331298828,53.6609992980957,40.74492645263672,30.12506675720215,26.051916122436523,23.825742721557617,20.82328224182129
285000,295001,17,9,251,169,1,27967.279296875,319.2106628417969,140.80926513671875,93.98851776123047,73.76519775390625,54.56142807006836,45.43921661376953,42.11784362792969,39.10302734375,32.210079193115234,29.808929443359375,27.240449905395508,26.008453369140625,23.897531509399414,22.892541885375977,21.120691299438477,19.947721481323242,20371.427734375,162.79776000976562,78.38378143310547,52.770103454589844,39.349456787109375,32.02494430541992,26.951194763183594,24.97771453857422,23.813396453857422
290000,300001,17,9,254,176,0,28617.408203125,430.86126708984375,148.2169952392578,103.01056671142578,74.97907257080078,67.67219543457031,47.30799102783203,43.029518127441406,38.04954528808594,32.387977600097656,30.969924926757812,29.12273406982422,27.973682403564453,26.31211280822754,25.508689880371094,23.292043685913086,21.868940353393555,20840.28515625,160.8968505859375,78.31209564208984,58.92359161376953,39.783103942871094,33.284934997558594,27.806716918945312,26.301380157470703,24.309476852416992
290000,300001,17,9,254,176,1,28598.455078125,430.090576171875,147.77557373046875,102.22631072998047,75.48841094970703,66.6291732788086,45.7172966003418,42.225830078125,36.62665557861328,34.38018798828125,30.694637298583984,27.7642822265625,26.930465698242188,26.12982177734375,23.86976432800293,22.771806716918945,21.35120964050293,20828.056640625,161.044189453125,78.56222534179688,59.29710388183594,38.777008056640625,32.75051498413086,28.268220901489258,26.056467056274414,24.018360137939453
295000,305001,17,9,253,164,0,28781.65625,320.7040100097656,126.10408782958984,95.84152221679688,71.66321563720703,53.02273178100586,41.73887252807617,39.69809341430664,35.68872833251953,31.05251693725586,30.33705711364746,28.54884147644043,28.198291778564453,24.02552032470703,22.686614990234375,20.88103485107422,19.63896369934082,20957.15234375,136.0869140625,76.89399719238281,45.086368560791016,37.48683547973633,30.53746795654297,27.97288703918457,24.786590576171875,22.9808406829834
295000,305001,17,9,253,164,1,28773.751953125,322.8211975097656,127.21894836425781,95.88668823242188,75.43754577636719,53.71658706665039,44.96232604980469,39.951725006103516,36.72251510620117,32.940189361572266,28.342424392700195,27.489042282104492,25.561128616333008,24.152729034423828,22.325477600097656,21.443994522094727,19.983766555786133,20950.974609375,136.8387451171875,77.60940551757812,48.658809661865234,35.578800201416016,28.82253074645996,27.320581436157227,25.91866111755371,22.855419158935547
300000,310001,17,9,256,186,0,29049.38671875,290.205078125,145.054931640625,99.3907241821289,69.68724060058594,58.310096740722656,45.43135070800781,41.38887405395508,40.600955963134766,36.37084197998047,33.687705993652344,31.946861267089844,29.017431259155273,26.98077964782715,25.934207916259766,24.321889877319336,22.151376724243164,21148.015625,147.86114501953125,72.74248504638672,48.31352615356445,43.549747467041016,36.28300476074219,29.071121215820312,27.720781326293945,26.22675895690918
300000,310001,17,9,256,186,1,29019.83984375,286.18719482421875,143.35989379882812,97.53435516357422,68.03667449951172,61.81113815307617,55.44136047363281,51.37351989746094,41.351619720458984,35.501468658447266,34.456939697265625,33.31205749511719,29.477720260620117,27.600492477416992,26.63129425048828,22.848264694213867,21.81998062133789,21126.17578125,146.3580780029297,70.88116455078125,55.057273864746094,48.5694694519043,37.083866119384766,30.533403396606445,27.688478469848633,25.47030258178711
305000,315001,17,9,248,176,0,28789.841796875,310.6347351074219,143.39378356933594,96.86151123046875,72.55140686035156,54.38699722290039,44.31641387939453,38.81040573120117,34.936302185058594,30.297685623168945,28.548145294189453,27.952173233032227,24.01818084716797,23.46547508239746,22.550642013549805,21.862287521362305,18.695253372192383,20950.6796875,175.19668579101562,75.33601379394531,53.18447494506836,37.29792022705078,32.47062301635742,28.84271812438965,25.045503616333008,23.001249313354492
305000,315001,17,9,248,176,1,28776.53515625,308.6298828125,143.14215087890625,95.11378479003906,69.68668365478516,57.708866119384766,46.8364372253418,46.6961555480957,39.40345001220703,31.044429779052734,30.415945053100586,28.6218204498291,26.58876609802246,23.591636657714844,21.685617446899414,20.95844268798828,18.843992233276367,20939.58203125,170.43161010742188,79.43157958984375,55.26491928100586,43.4625129699707,36.12910461425781,28.903886795043945,25.23533058166504,22.38437843322754
310000,320001,17,9,250,176,0,28828.341796875,320.54052734375,131.04913330078125,82.2356185913086,64.44264221191406,49.65447235107422,45.3821907043457,42.87065887451172,36.19392395019531,31.75503158569336,29.219249725341797,27.699119567871094,25.641183853149414,24.609834671020508,24.070695877075195,23.13330078125,20.408544540405273,20994.2421875,141.8686981201172,62.41239929199219,45.50933837890625,38.2130012512207,29.862035751342773,27.45185661315918,26.11669158935547,21.912643432617188
310000,320001,17,9,250,176,1,28822.689453125,320.58941650390625,130.2057342529297,80.4767837524414,64.9977035522461,53.84876251220703,47.08644104003906,43.629119873046875,40.35892868041992,31.36646842956543,28.159154891967773,27.724321365356445,25.33798599243164,23.80906105041504,22.909961700439453,22.123451232910156,20.65561866760254,20989.66015625,142.23338317871094,63.918643951416016,46.69011306762695,41.221134185791016,31.364351272583008,25.177255630493164,24.951805114746094,22.402982711791992
315000,325001,17,9,253,175,0,29837.595703125,260.4580383300781,130.51181030273438,93.9127426147461,63.821773529052734,52.67840576171875,48.65700149536133,42.95415115356445,39.507347106933594,29.606115341186523,28.85582733154297,28.341251373291016,23.935787200927734,23.23037338256836,21.47051429748535,21.101137161254883,20.055686950683594,21724.08984375,135.49588012695312,64.36139678955078,48.68242645263672,44.53322219848633,31.84044075012207,24.611480712890625,23.129079818725586,21.97136116027832
315000,325001,17,9,253,175,1,29870.99609375,263.5509033203125,135.5426788330078,98.49706268310547,67.15852355957031,52.01841354370117,45.66421127319336,43.46846008300781,36.12501525878906,30.113840103149414,26.5350341796875,24.991506576538086,24.24030303955078,22.274471282958984,21.30938720703125,19.99289894104004,19.330413818359375,21749.607421875,140.01025390625,67.28143310546875,48.10064697265625,41.29939270019531,31.51993751525879,23.885696411132812,22.39043617248535,20.524578094482422
320000,330001,17,9,251,172,0,28779.326171875,381.36907958984375,129.97113037109375,96.07752990722656,71.55130004882812,60.12372589111328,54.32047653198242,52.54606628417969,39.033321380615234,33.340885162353516,32.585609436035156,27.971290588378906,26.604955673217773,25.85226058959961,25.072513580322266,21.78083038330078,21.37113380432129,20967.96484375,173.28732299804688,78.26902770996094,55.29082107543945,46.86925506591797,31.795551300048828,28.776880264282227,27.975696563720703,24.172990798950195
320000,330001,17,9,251,172,1,28774.177734375,384.2297668457031,132.64425659179688,96.97105407714844,71.56378936767578,60.49995803833008,49.00814437866211,46.27680206298828,38.098758697509766,32.1407585144043,29.094860076904297,28.358633041381836,25.5590763092041,24.36293601989746,22.891691207885742,20.245309829711914,19.58698844909668,20962.291015625,172.25514221191406,79.62972259521484,51.49997329711914,41.967384338378906,31.137434005737305,25.630695343017578,24.333070755004883,23.3048152923584
325000,335001,17,9,251,177,0,29831.66796875,322.5557556152344,142.6483917236328,94.56726837158203,76.14006805419922,53.59870147705078,51.911216735839844,46.56354522705078,40.58152770996094,37.801902770996094,31.279178619384766,28.767738342285156,24.881105422973633,23.891847610473633,22.79564094543457,21.74561882019043,20.72616958618164,21720.771484375,167.3723602294922,80.82424926757812,50.67927169799805,42.137027740478516,35.905845642089844,25.660627365112305,24.292049407958984,22.463659286499023
325000,335001,17,9,251,177,1,29824.466796875,325.3726501464844,145.26116943359375,95.30458068847656,75.94973754882812,53.188507080078125,49.048614501953125,46.88570022583008,38.60160446166992,33.07468795776367,29.92606544494629,27.479650497436523,26.161272048950195,24.553163528442383,23.23882293701172,21.56478500366211,19.953998565673828,21714.08203125,167.1452178955078,80.6230697631836,51.77145767211914,41.343685150146484,31.194232940673828,26.578784942626953,23.85547637939453,22.89906120300293
330000,340001,17,9,253,173,0,29630.07421875,272.8564147949219,137.51084899902344,94.46671295166016,71.51818084716797,61.2740478515625,41.77468490600586,37.76586151123047,35.2371711730957,32.63139343261719,29.877655029296875,29.077392578125,26.799583435058594,25.53609848022461,24.137161254882812,23.214153289794922,18.008106231689453,21561.357421875,142.64678955078125,74.38093566894531,44.48442077636719,40.14784240722656,31.318925857543945,27.45200538635254,26.357667922973633,24.820362091064453
330000,340001,17,9,253,173,1,29633.423828125,271.3694152832031,141.56625366210938,97.22757720947266,75.35157012939453,63.865631103515625,39.08417510986328,38.453269958496094,33.356048583984375,29.555234909057617,29.107938766479492,25.651752471923828,23.659936904907227,22.38731575012207,21.623804092407227,20.97348403930664,17.93056297302246,21564.080078125,145.8210906982422,79.27229309082031,44.883975982666016,37.402164459228516,30.224430084228516,25.828947067260742,23.6583309173584,19.412065505981445
335000,345001,17,9,253,180,0,30305.548828125,290.21826171875,130.54832458496094,80.81477355957031,66.01243591308594,50.9766845703125,42.792579650878906,40.3033447265625,35.28815841674805,28.003225326538086,25.982545852661133,24.937349319458008,24.344087600708008,23.303598403930664,20.96711540222168,19.537065505981445,16.987903594970703,22057.857421875,140.1168212890625,65.03837585449219,46.58341598510742,35.973350524902344,27.257274627685547,25.152565002441406,24.627674102783203,21.660430908203125
335000,345001,17,9,253,180,1,30289.328125,290.64984130859375,131.66708374023438,84.50430297851562,69.06803894042969,51.23963928222656,45.56357955932617,42.92082214355469,37.59950637817383,29.22602081298828,27.329788208007812,25.308610916137695,25.02957534790039,23.51535415649414,21.278156280517578,20.112951278686523,19.58512306213379,22044.814453125,140.68014526367188,69.97705078125,46.75823211669922,37.920997619628906,27.849288940429688,25.397706985473633,25.014625549316406,21.98493003845215
340000,350001,17,9,254,182,0,29973.83984375,294.2645568847656,141.64089965820312,97.39360809326172,76.89669799804688,56.543251037597656,47.560028076171875,43.541412353515625,34.40749740600586,32.964664459228516,30.238943099975586,27.982337951660156,25.940752029418945,24.25801658630371,23.08220672607422,22.73186492919922,20.85569953918457,21846.3125,151.98336791992188,78.95894622802734,51.31061935424805,34.54449462890625,34.130680084228516,25.866365432739258,25.507884979248047,22.439111709594727
340000,350001,17,9,254,182,1,29978.466796875,295.7045593261719,141.03353881835938,96.80389404296875,73.93368530273438,52.66060256958008,49.293739318847656,44.130943298339844,36.665645599365234,32.674293518066406,31.534271240234375,30.6715145111084,25.41025733947754,24.004743576049805,22.794538497924805,21.906341552734375,20.81808090209961,21850.875,150.8404998779297,77.14677429199219,49.575927734375,37.576332092285156,36.946311950683594,29.611034393310547,24.469221115112305,22.66197395324707
345000,355001,17,9,254,186,0,30144.923828125,276.154052734375,131.78919982910156,103.68012237548828,72.96163940429688,51.94270706176758,46.60912322998047,44.14249038696289,40.100162506103516,33.064048767089844,30.335176467895508,27.989967346191406,27.520666122436523,26.488388061523438,24.392417907714844,23.301280975341797,20.430021286010742,21966.181640625,136.5963134765625,75.92404174804688,47.60531234741211,42.13919448852539,30.217145919799805,26.466327667236328,26.302000045776367,21.792434692382812
345000,355001,17,9,254,186,1,30143.009765625,274.3388366699219,131.14340209960938,101.82599639892578,70.2077407836914,54.70758056640625,46.79473876953125,43.75065994262695,41.45674514770508,34.16108322143555,28.971059799194336,26.43191909790039,25.05978775024414,24.56812858581543,22.47869110107422,19.984315872192383,17.855743408203125,21964.283203125,135.5218963623047,74.21900177001953,46.961570739746094,38.90644454956055,32.14167785644531,27.957338333129883,25.085182189941406,20.180891036987305
350000,360001,17,9,252,180,0,29685.71484375,287.779296875,164.83348083496094,94.33877563476562,88.02787780761719,63.78013610839844,55.795005798339844,51.5029411315918,47.220367431640625,35.22434616088867,31.379648208618164,31.283329010009766,28.907085418701172,25.638370513916016,24.56818199157715,22.524797439575195,21.33277702331543,21611.357421875,167.2195587158203,78.91328430175781,52.979434967041016,49.83683776855469,38.33113479614258,28.746341705322266,28.086156845092773,22.525114059448242
350000,360001,17,9,252,180,1,29695.71484375,284.62152099609375,166.4078369140625,90.3548583984375,77.59931182861328,60.15349197387695,50.52210235595703,50.018497467041016,45.68539047241211,30.598434448242188,29.945430755615234,28.7795352935791,26.482641220092773,24.52587890625,22.489551544189453,20.85468101501465,18.6226806640625,21618.09375,166.30636596679688,72.90099334716797,51.57074737548828,44.64695739746094,32.18552780151367,29.486108779907227,26.377025604248047,23.771629333496094
355000,365001,17,9,253,176,0,30095.810546875,339.9952087402344,164.5436553955078,91.8921890258789,77.81912231445312,60.02272415161133,55.25289535522461,51.23713684082031,42.395713806152344,34.99845886230469,31.45531463623047,29.938339233398438,28.21734619140625,25.81545639038086,23.656957626342773,23.199270248413086,21.916318893432617,21912.31640625,196.61337280273438,78.62089538574219,53.0406608581543,48.4609260559082,35.51300811767578,27.703641891479492,24.207599639892578,23.374422073364258
355000,365001,17,9,253,176,1,30100.23046875,341.38720703125,166.43515014648438,86.9876708984375,82.14532470703125,62.146968841552734,49.96131896972656,45.060001373291016,41.952762603759766,32.50046920776367,30.94740867614746,28.00366973876953,26.729629516601562,26.071163177490234,22.883766174316406,21.957380294799805,20.9631290435791,21914.173828125,197.6547088623047,80.79092407226562,53.442481994628906,46.85961151123047,32.773189544677734,26.990034103393555,25.108522415161133,21.907543182373047
360000,370001,17,9,249,180,0,30250.767578125,475.6876525878906,144.2398223876953,91.01358032226562,58.7979850769043,52.129085540771484,51.24388122558594,46.147438049316406,40.84480667114258,29.54494285583496,28.075998306274414,27.481395721435547,26.50701904296875,24.78480339050293,23.599672317504883,22.967519760131836,21.474672317504883,22020.490234375,245.97305297851562,73.67548370361328,50.206111907958984,44.168853759765625,34.30013656616211,26.695629119873047,26.156721115112305,24.67231559753418
360000,370001,17,9,249,180,1,30250.9296875,480.5446472167969,146.6729278564453,96.7420883178711,60.06971740722656,51.4068717956543,50.48404312133789,44.69770431518555,39.44670104980469,30.422054290771484,27.99102020263672,26.10311508178711,24.93692398071289,24.69976043701172,23.2498779296875,22.145479202270508,20.873586654663086,22019.810546875,251.4398193359375,76.38481140136719,50.696598052978516,42.46290969848633,33.28923797607422,28.59992027282715,25.317106246948242,23.801002502441406
365000,375001,17,9,252,195,0,30794.0234375,442.07415771484375,135.8623046875,106.730712890625,74.89924621582031,54.58366775512695,47.62273025512695,44.438934326171875,40.449546813964844,32.483787536621094,30.664154052734375,28.05460548400879,26.16526985168457,25.340499877929688,24.544261932373047,22.882062911987305,19.720197677612305,22442.29296875,176.7512664794922,83.64104461669922,50.70020294189453,41.143768310546875,33.43253707885742,28.05146598815918,26.28919792175293,24.221385955810547
365000,375001,17,9,252,195,1,30785.16015625,444.4093017578125,135.98895263671875,106.01206970214844,72.72494506835938,56.761924743652344,44.05928421020508,38.849754333496094,34.65472412109375,31.456077575683594,30.44045066833496,29.2884578704834,27.38652801513672,26.056983947753906,24.063495635986328,22.854524612426758,20.51352882385254,22433.669921875,175.8498992919922,81.07532501220703,50.015350341796875,36.75627899169922,32.43034362792969,28.596548080444336,27.96756935119629,25.10869026184082
370000,380001,17,9,248,187,0,30454.171875,327.9353942871094,175.51522827148438,94.97840881347656,66.44541931152344,55.59160232543945,48.158260345458984,44.722251892089844,39.77940368652344,35.07304382324219,30.835132598876953,29.903488159179688,26.88434600830078,25.078283309936523,24.870214462280273,22.612869262695312,20.43048667907715,22182.998046875,150.614501953125,69.91009521484375,49.08273696899414,39.81186294555664,32.5643310546875,31.066070556640625,26.148813247680664,23.193918228149414
370000,380001,17,9,248,187,1,30445.189453125,326.4254150390625,176.07305908203125,97.14814758300781,67.57528686523438,58.234683990478516,53.02058029174805,46.06820297241211,42.65336608886719,36.05830764770508,32.42475509643555,30.26087760925293,28.991361618041992,24.381534576416016,22.781307220458984,20.45427703857422,19.38471794128418,22176.41015625,157.4143524169922,71.46148681640625,54.34947204589844,45.31003189086914,36.73686218261719,31.852231979370117,25.908214569091797,22.975616455078125
375000,385001,17,9,252,180,0,30754.541015625,356.5154724121094,139.35508728027344,90.41436767578125,63.754150390625,57.22555160522461,49.324363708496094,47.52278137207031,43.39557647705078,30.11212158203125,28.43846893310547,27.518964767456055,24.854982376098633,24.05698013305664,23.353744506835938,21.587886810302734,19.88250160217285,22417.33984375,170.93231201171875,68.20841979980469,53.04176330566406,44.08222198486328,30.217195510864258,26.357810974121094,24.319698333740234,21.545164108276367
375000,385001,17,9,252,180,1,30762.080078125,357.51300048828125,141.5457763671875,90.98046112060547,63.98401641845703,53.976985931396484,47.90612030029297,46.489261627197266,40.80403518676758,30.335073471069336,27.749238967895508,25.32097053527832,23.522844314575195,23.320993423461914,21.74135971069336,21.065532684326172,20.352561950683594,22422.509765625,174.01837158203125,66.71564483642578,50.57524108886719,44.27882385253906,31.545413970947266,23.928852081298828,22.035293579101562,21.750930786132812
380000,390001,17,9,253,188,0,30776.125,388.97869873046875,170.60983276367188,102.97650146484375,81.56007385253906,59.734683990478516,50.79863739013672,47.98563003540039,44.72853088378906,33.830387115478516,30.550859451293945,27.755064010620117,25.525117874145508,25.02718734741211,24.323415756225586,22.5155086517334,21.14383888244629,22395.107421875,160.24581909179688,81.75870513916016,58.12699890136719,45.13787078857422,34.064247131347656,27.218948364257812,25.883169174194336,23.025941848754883
380000,390001,17,9,253,188,1,30780.984375,390.9656982421875,170.87640380859375,100.8648452758789,81.105712890625,63.70547866821289,53.580101013183594,51.024532318115234,43.66250991821289,35.08679962158203,33.538814544677734,28.232351303100586,27.316768646240234,25.833593368530273,25.500513076782227,23.164072036743164,20.396696090698242,22398.205078125,158.4526824951172,80.49466705322266,57.221553802490234,49.15605545043945,36.33060836791992,28.966890335083008,26.635774612426758,24.020578384399414
385000,395001,17,9,250,187,0,31158.40625,284.5097351074219,139.17591857910156,81.22911834716797,64.23529052734375,62.30405807495117,53.07182693481445,50.55741882324219,38.36647415161133,34.636993408203125,32.848838806152344,31.005464553833008,29.327871322631836,27.934186935424805,27.35445213317871,23.586973190307617,22.417341232299805,22694.919921875,140.3758087158203,65.85616302490234,54.16987609863281,45.4166374206543,32.98161697387695,31.13465690612793,29.49580192565918,27.160249710083008
385000,395001,17,9,250,187,1,31155.03125,281.8780517578125,136.51904296875,80.71675109863281,65.1499252319336,52.21062088012695,51.53346252441406,46.943687438964844,36.15410614013672,33.091060638427734,32.666934967041016,29.611299514770508,28.42573356628418,27.903867721557617,24.848295211791992,23.381317138671875,21.863771438598633,22692.01171875,142.2496795654297,67.08613586425781,47.973995208740234,45.250457763671875,30.45033836364746,28.268529891967773,27.197843551635742,25.888687133789062
390000,400001,17,9,255,200,0,31860.876953125,313.6925048828125,125.18001556396484,92.94962310791016,67.68350219726562,59.71553039550781,40.511131286621094,38.24900817871094,35.63629150390625,34.24061584472656,29.86281967163086,29.186187744140625,28.03447914123535,26.38768196105957,25.74030113220215,21.9744930267334,20.244274139404297,23204.904296875,153.0755157470703,73.4706039428711,46.341819763183594,35.34918212890625,30.10453224182129,28.006961822509766,26.943275451660156,23.771465301513672
390000,400001,17,9,255,200,1,31830.5859375,309.9346923828125,124.36650085449219,96.03356170654297,63.480770111083984,59.02829360961914,46.53834915161133,41.8830451965332,37.98321533203125,31.892093658447266,30.07950210571289,27.91072654724121,26.40107536315918,25.48932456970215,21.179349899291992,20.27152442932129,18.647249221801758,23183.052734375,153.774169921875,70.3221435546875,50.7196044921875,38.954463958740234,30.066452026367188,26.027240753173828,25.057117462158203,21.666397094726562
395000,405001,17,9,252,180,0,31574.0703125,343.17816162109375,159.97039794921875,99.59912109375,71.52727508544922,57.41630935668945,48.754940032958984,45.90303421020508,40.59593963623047,29.97556495666504,27.928791046142578,25.455238342285156,24.645282745361328,23.94314193725586,22.379905700683594,20.44077491760254,18.781147003173828,22995.859375,207.1290283203125,84.01725006103516,49.484336853027344,42.21598434448242,33.74957275390625,25.16684913635254,23.167510986328125,21.197444915771484
395000,405001,17,9,252,180,1,31559.45703125,339.6588439941406,159.71043395996094,100.71868896484375,70.79480743408203,60.3631591796875,46.4945068359375,45.61772155761719,41.36104965209961,34.88203811645508,30.594083786010742,29.209178924560547,28.255840301513672,23.31806755065918,22.6298828125,21.54815101623535,19.916337966918945,22985.236328125,206.02915954589844,87.24446868896484,44.85143280029297,44.34990692138672,36.203609466552734,28.735191345214844,23.720230102539062,21.442089080810547
400000,410001,17,9,250,191,0,31762.99609375,282.6053466796875,143.21170043945312,107.26184844970703,77.00664520263672,60.65229797363281,47.74713897705078,41.01821517944336,34.96860885620117,33.745323181152344,29.60454750061035,26.740907669067383,26.2056827545166,23.700923919677734,23.468740463256836,22.469573974609375,20.716432571411133,23110.001953125,157.55865478515625,82.14596557617188,51.1556510925293,39.317935943603516,30.296688079833984,24.898242950439453,23.9141845703125,22.95749282836914
400000,410001,17,9,250,191,1,31778.7421875,281.57928466796875,138.1847686767578,103.22590637207031,73.69353485107422,59.681949615478516,47.2845573425293,40.56767654418945,37.91059875488281,31.710323333740234,28.92133331298828,28.552364349365234,25.688846588134766,24.112751007080078,23.208192825317383,22.374357223510742,20.399213790893555,23121.578125,154.4134979248047,80.7025146484375,49.21731948852539,37.07585144042969,31.11662483215332,26.353307723999023,24.846019744873047,22.900535583496094
405000,415001,17,9,254,184,0,31859.888671875,299.57049560546875,131.68270874023438,98.48189544677734,66.77479553222656,50.83390808105469,46.95878982543945,40.327674865722656,39.40324401855469,28.281543731689453,26.751848220825195,25.256315231323242,23.603715896606445,22.80684471130371,22.13123321533203,20.878145217895508,19.9046573638916,23204.037109375,151.0691680908203,74.0931396484375,47.838287353515625,44.029518127441406,28.648513793945312,23.813861846923828,22.98516845703125,22.3920841217041
405000,415001,17,9,254,184,1,31869.966796875,299.7517395019531,134.7201385498047,98.61652374267578,68.85003662109375,48.21625518798828,42.64860916137695,40.612056732177734,36.6984748840332,30.0054931640625,27.917299270629883,27.604673385620117,24.009998321533203,23.208524703979492,21.160165786743164,20.031700134277344,19.005491256713867,23212.603515625,152.86634826660156,72.83418273925781,44.657875061035156,39.66585922241211,31.836652755737305,25.332609176635742,23.146886825561523,20.341928482055664
410000,420001,17,9,248,193,0,31627.908203125,322.8650817871094,144.75941467285156,84.97686767578125,66.25829315185547,51.39188003540039,41.56958770751953,40.651092529296875,34.68017578125,31.25126075744629,29.600419998168945,28.8076114654541,26.002504348754883,25.280168533325195,24.467754364013672,23.982351303100586,20.514888763427734,23042.939453125,162.46432495117188,70.6349868774414,46.059593200683594,36.493019104003906,31.027624130249023,30.05863380432129,24.906688690185547,23.08131217956543
410000,420001,17,9,248,193,1,31621.515625,324.8434753417969,144.63479614257812,86.48350524902344,67.16438293457031,51.04450607299805,45.3330192565918,42.163631439208984,34.363243103027344,31.74917221069336,26.222492218017578,25.253923416137695,24.045902252197266,22.601865768432617,22.276399612426758,20.333330154418945,19.467540740966797,23036.875,162.0517120361328,74.41191864013672,45.65156555175781,38.23611831665039,32.90575408935547,26.083627700805664,24.244827270507812,24.0187931060791
415000,425001,17,9,254,198,0,32341.22265625,372.953125,169.743896484375,98.63582611083984,86.14250946044922,61.253021240234375,50.996849060058594,47.695552825927734,46.11766815185547,34.85666275024414,30.124652862548828,28.965538024902344,27.66489601135254,24.392459869384766,23.621837615966797,22.0492000579834,21.889196395874023,23561.3359375,167.97830200195312,86.27539825439453,52.88233184814453,46.1985969543457,29.068784713745117,28.387435913085938,24.362272262573242,23.539770126342773
415000,425001,17,9,254,198,1,32357.529296875,375.2759704589844,167.27452087402344,100.6592788696289,83.75092315673828,60.65332794189453,48.161563873291016,45.779273986816406,42.06309127807617,33.33064651489258,31.71000099182129,29.267480850219727,27.255502700805664,25.367748260498047,24.832265853881836,23.078065872192383,21.101348876953125,23572.45703125,166.7186737060547,69.92500305175781,54.43058395385742,44.14719009399414,31.38319969177246,27.326221466064453,25.286012649536133,22.8953857421875
420000,430001,17,9,251,190,0,32338.984375,319.1199645996094,139.54092407226562,95.85699462890625,77.75472259521484,62.16588592529297,42.83303451538086,42.397216796875,38.74422836303711,33.74321365356445,31.848548889160156,31.125507354736328,25.836366653442383,23.454444885253906,22.279502868652344,20.860469818115234,19.708417892456055,23559.71484375,156.77342224121094,70.7010269165039,50.3086051940918,34.983768463134766,33.141876220703125,24.617019653320312,21.920087814331055,21.091602325439453
420000,430001,17,9,251,190,1,32327.78125,315.91259765625,139.09852600097656,95.13579559326172,75.84243774414062,61.465911865234375,45.520267486572266,40.50724411010742,36.93376541137695,33.272979736328125,32.217105865478516,30.31476593017578,25.720478057861328,24.510684967041016,23.188989639282227,22.212862014770508,20.007431030273438,23550.435546875,155.23951721191406,67.63672637939453,50.373470306396484,37.17074203491211,33.12183380126953,26.562305450439453,24.549745559692383,21.487154006958008
425000,435001,17,9,252,197,0,32884.0859375,376.8651123046875,131.50624084472656,91.59378051757812,77.61257934570312,58.86003875732422,54.26539993286133,52.24789047241211,40.05059051513672,31.670835494995117,30.95983123779297,30.198144912719727,26.767934799194336,23.813718795776367,22.123729705810547,19.97956085205078,17.756267547607422,23955.51953125,180.43516540527344,78.20092010498047,51.15389633178711,46.27281951904297,32.700984954833984,29.81502342224121,23.895065307617188,21.72442054748535
425000,435001,17,9,252,197,1,32888.1015625,377.9949645996094,130.6472625732422,90.90898132324219,77.04275512695312,52.74907302856445,47.625186920166016,45.03154754638672,39.59855270385742,29.25389862060547,27.239179611206055,25.86224937438965,24.98505210876465,22.391923904418945,21.497617721557617,20.246654510498047,19.557411193847656,23958.193359375,185.22445678710938,76.20174407958984,45.0018424987793,41.484527587890625,28.049592971801758,25.644886016845703,23.033273696899414,21.48883628845215
430000,440001,17,9,254,190,0,32622.498046875,372.2740783691406,153.71873474121094,147.65696716308594,80.69517517089844,63.02519607543945,53.427398681640625,45.682735443115234,42.8448486328125,33.79854965209961,32.266239166259766,31.31009292602539,28.404949188232422,27.59076499938965,25.86668586730957,23.32817268371582,22.15726089477539,23743.71484375,156.2999725341797,125.24996948242188,62.19269943237305,48.17165756225586,36.389625549316406,30.709692001342773,30.560251235961914,26.008451461791992
430000,440001,17,9,254,190,1,32593.69140625,377.41436767578125,157.8131561279297,150.59945678710938,80.96871948242188,66.03837585449219,52.936771392822266,47.748661041259766,40.231807708740234,30.736772537231445,28.2965087890625,27.92629623413086,25.563594818115234,23.85280418395996,22.327945709228516,22.09486961364746,20.373903274536133,23723.357421875,157.26751708984375,142.25375366210938,62.88568115234375,47.21200942993164,33.8121452331543,27.120080947875977,26.243947982788086,22.817169189453125
435000,445001,17,9,251,191,0,32480.611328125,285.3130798339844,132.5625,90.95553588867188,81.8573226928711,53.349281311035156,44.04823684692383,42.8438606262207,37.99917221069336,33.67780685424805,29.10029411315918,26.670129776000977,26.032514572143555,24.03096580505371,22.35127067565918,21.22365951538086,18.154678344726562,23642.638671875,157.05055236816406,78.13843536376953,48.889827728271484,40.33713150024414,33.577877044677734,26.395668029785156,24.490819931030273,22.79808235168457
435000,445001,17,9,251,191,1,32486.46484375,284.3949890136719,127.59654235839844,88.39212799072266,76.57991027832031,54.545082092285156,44.693904876708984,40.27579116821289,38.15469741821289,32.84947204589844,25.925426483154297,25.561594009399414,24.14723014831543,23.138994216918945,21.791648864746094,19.27213478088379,18.642183303833008,23648.060546875,152.18185424804688,75.17593383789062,49.83150100708008,39.7017822265625,31.2357234954834,24.218294143676758,23.955039978027344,21.47365379333496
440000,450001,17,9,255,200,0,33075.90234375,291.9302673339844,134.63844299316406,107.09552764892578,69.16255950927734,61.920806884765625,55.41974639892578,53.371002197265625,42.784446716308594,33.73579025268555,28.02609634399414,26.49346351623535,25.705360412597656,23.988006591796875,22.758581161499023,22.296001434326172,19.277252197265625,24079.486328125,143.09461975097656,64.27875518798828,61.273277282714844,46.603912353515625,27.76563835144043,25.274682998657227,23.63715362548828,21.10563087463379
440000,450001,17,9,255,200,1,33076.6953125,284.8254089355469,132.16038513183594,100.63356018066406,72.05496215820312,71.20433044433594,63.118228912353516,56.56948471069336,45.46612548828125,36.89713668823242,34.059452056884766,30.33466339111328,28.71206283569336,25.875274658203125,21.636445999145508,21.505741119384766,19.454910278320312,24079.974609375,145.5550994873047,65.46588134765625,61.37309646606445,55.44497299194336,33.391117095947266,29.994524002075195,23.69065284729004,20.774372100830078
445000,455001,17,9,251,192,0,32799.26171875,296.2430419921875,149.15602111816406,91.43679809570312,79.07646942138672,63.398380279541016,58.49204635620117,55.08549499511719,44.953678131103516,36.24924850463867,31.421113967895508,29.282114028930664,28.213455200195312,24.747196197509766,24.45627784729004,23.219097137451172,19.375499725341797,23898.001953125,158.43734741210938,69.53036499023438,56.026123046875,49.699424743652344,34.916259765625,29.04067611694336,26.563203811645508,24.32425880432129
445000,455001,17,9,251,192,1,32775.390625,296.1064758300781,145.9563446044922,93.922607421875,79.61839294433594,68.55115509033203,63.26351547241211,56.08258056640625,47.0579833984375,35.52772903442383,33.71144104003906,32.62071990966797,28.593788146972656,27.40797233581543,24.715341567993164,24.14683723449707,22.196870803833008,23880.357421875,155.841552734375,73.82352447509766,59.61042404174805,53.97920227050781,37.194942474365234,30.853776931762695,29.208606719970703,24.230731964111328
450000,460001,17,9,250,192,0,33162.4375,391.4573669433594,118.07238006591797,83.03845977783203,62.06866455078125,51.01508331298828,43.904170989990234,42.995296478271484,36.19440460205078,31.475614547729492,28.312301635742188,25.065471649169922,24.42217445373535,23.850549697875977,21.797061920166016,19.685522079467773,18.042070388793945,24154.00390625,173.55348205566406,64.74813842773438,46.219547271728516,38.55521011352539,28.253942489624023,24.192142486572266,24.138887405395508,19.25236701965332
450000,460001,17,9,250,192,1,33167.203125,386.0107727050781,121.42610168457031,84.96575164794922,60.29482650756836,49.626094818115234,42.821006774902344,40.08909606933594,35.5422248840332,28.817781448364258,27.417280197143555,24.71221923828125,23.629051208496094,23.183109283447266,20.65757942199707,19.726865768432617,17.523622512817383,24157.3828125,182.31759643554688,62.724029541015625,45.98371505737305,37.84959411621094,28.480318069458008,26.174713134765625,23.96491050720215,20.354520797729492
455000,465001,17,9,246,190,0,32602.462890625,340.0673828125,157.13990783691406,88.57599639892578,64.84933471679688,54.78446960449219,41.56858444213867,38.123313903808594,34.959590911865234,30.277538299560547,27.692546844482422,25.667457580566406,23.790441513061523,23.043563842773438,20.628719329833984,19.722936630249023,18.789403915405273,23753.298828125,160.62216186523438,69.3236083984375,42.42544174194336,36.1348876953125,30.00250816345215,26.004724502563477,23.277816772460938,21.210424423217773
455000,465001,17,9,246,190,1,32578.978515625,342.3644104003906,159.72647094726562,88.20486450195312,67.15950012207031,51.424747467041016,39.269954681396484,37.26757049560547,34.89986038208008,31.02533531188965,29.522708892822266,27.119234085083008,26.13477897644043,22.737045288085938,22.108362197875977,20.003726959228516,18.186429977416992,23734.974609375,163.12738037109375,69.14493560791016,43.09227752685547,35.0034294128418,30.376741409301758,27.52162742614746,25.122819900512695,19.789907455444336
460000,470001,17,9,254,196,0,33181.48828125,356.6453552246094,179.11898803710938,120.69392395019531,70.996337890625,58.56363296508789,53.234161376953125,48.776153564453125,40.14414978027344,37.992794036865234,34.60109329223633,30.048463821411133,27.84122085571289,25.91385269165039,22.43360137939453,21.166507720947266,19.512557983398438,24143.74609375,195.7643280029297,78.3201675415039,56.60786056518555,44.54220962524414,33.9289436340332,30.595680236816406,26.11505699157715,21.05489730834961
460000,470001,17,9,254,196,1,33189.390625,356.49114990234375,177.17869567871094,120.30725860595703,70.2081069946289,54.98109436035156,51.76239013671875,48.75110626220703,38.746273040771484,36.21697235107422,32.344398498535156,30.028921127319336,29.303922653198242,25.780080795288086,24.881196975708008,22.586116790771484,22.055212020874023,24149.560546875,195.7205352783203,76.67098999023438,53.98480224609375,45.28232955932617,32.278099060058594,29.406591415405273,25.814434051513672,24.450950622558594
465000,475001,17,9,252,199,0,33402.6328125,310.1903381347656,133.73458862304688,98.32577514648438,73.20342254638672,60.1754264831543,55.86965560913086,52.86128234863281,39.40550231933594,35.00857162475586,31.03801918029785,29.918380737304688,26.604700088500977,23.047399520874023,21.933462142944336,20.871849060058594,19.36667251586914,24335.98828125,163.5947265625,84.34532165527344,53.49699020385742,51.781620025634766,37.29261016845703,29.3256893157959,23.854167938232422,22.9980525970459
465000,475001,17,9,252,199,1,33406.93359375,307.156005859375,134.83172607421875,100.5067367553711,74.06018829345703,60.77471160888672,55.9493522644043,52.67909622192383,40.98826217651367,34.80010986328125,31.294212341308594,30.947887420654297,26.300004959106445,26.042781829833984,24.257644653320312,22.491840362548828,18.923566818237305,24338.548828125,163.9083251953125,81.22652435302734,54.910797119140625,51.90083312988281,37.5344123840332,27.49560546875,25.87430191040039,25.620038986206055
470000,480001,17,9,253,190,0,33703.046875,316.124267578125,129.4392852783203,98.4298324584961,71.2409896850586,59.66148376464844,51.53642272949219,47.745914459228516,38.51036834716797,33.32926559448242,29.865737915039062,27.34282875061035,25.701251983642578,23.2840633392334,22.029197692871094,21.061092376708984,20.349002838134766,24524.64453125,155.49905395507812,73.69052124023438,52.50243377685547,40.76875305175781,35.23441696166992,28.242759704589844,24.574748992919922,22.230525970458984
470000,480001,17,9,253,190,1,33709.51171875,313.2499084472656,130.62939453125,99.13880157470703,78.19364166259766,62.69011306762695,51.87734603881836,49.76028823852539,43.306365966796875,33.906593322753906,32.59819793701172,30.28362274169922,27.5331974029541,23.386173248291016,21.891624450683594,21.50189971923828,19.347896575927734,24530.595703125,154.5060272216797,74.36190032958984,55.410423278808594,42.66853332519531,37.78847122192383,31.596195220947266,23.76416778564453,21.60762596130371
475000,485001,17,9,255,205,0,33402.234375,308.5557556152344,146.16156005859375,92.49626159667969,71.62008666992188,66.05056762695312,54.4749641418457,51.05847930908203,45.552677154541016,35.05601119995117,32.734004974365234,29.296140670776367,27.372440338134766,26.53608512878418,24.17749786376953,21.267452239990234,19.93375587463379,24321.51953125,168.83200073242188,67.04898834228516,57.82763671875,44.80781936645508,36.354331970214844,30.887332916259766,24.099538803100586,22.206832885742188
475000,485001,17,9,255,205,1,33388.59765625,310.3668212890625,147.10003662109375,94.19851684570312,71.75528717041016,64.69689178466797,57.255943298339844,53.89564895629883,50.365257263183594,34.86136245727539,32.89003372192383,31.26436424255371,29.73147964477539,27.063369750976562,25.822412490844727,22.502527236938477,21.651073455810547,24312.033203125,169.10928344726562,66.29889678955078,60.971290588378906,47.73762130737305,35.2174186706543,32.697425842285156,26.070545196533203,24.075973510742188
480000,490001,17,9,250,203,0,33572.390625,271.9849548339844,159.7292022705078,85.75315856933594,66.3258285522461,53.49160385131836,50.09368133544922,47.41025161743164,39.13637161254883,31.93278694152832,27.894447326660156,25.810504913330078,24.93720245361328,23.561264038085938,21.460201263427734,19.420970916748047,19.221248626708984,24433.662109375,159.2431182861328,65.64544677734375,53.672698974609375,38.058406829833984,30.109895706176758,24.859277725219727,23.030780792236328,21.97821617126465
480000,490001,17,9,250,203,1,33587.125,272.09796142578125,161.77325439453125,87.520751953125,66.80546569824219,51.4884033203125,46.61791229248047,42.8572883605957,37.041839599609375,32.86625671386719,27.062170028686523,26.682954788208008,24.91963005065918,24.260194778442383,22.050846099853516,21.526124954223633,19.400344848632812,24445.361328125,158.99557495117188,65.39891815185547,52.55226516723633,37.5806884765625,28.697307586669922,26.331029891967773,24.505977630615234,22.517427444458008
485000,495001,17,9,252,199,0,33723.7109375,295.3880310058594,120.58129119873047,78.0560073852539,63.269569396972656,51.323028564453125,44.99408721923828,41.868263244628906,37.13526916503906,31.032241821289062,29.596487045288086,26.90441131591797,25.87592887878418,24.663780212402344,23.509920120239258,19.99728012084961,18.571937561035156,24566.0,135.8136749267578,66.80526733398438,48.840999603271484,39.038299560546875,31.31583023071289,25.479455947875977,22.04446029663086,21.120365142822266
485000,495001,17,9,252,199,1,33733.0703125,294.8349609375,116.57256317138672,80.56578063964844,62.847896575927734,53.104347229003906,46.78273010253906,43.32670593261719,39.950782775878906,31.00517463684082,29.956621170043945,27.163249969482422,24.81406593322754,23.739192962646484,23.489423751831055,21.15234375,19.42047882080078,24574.0703125,133.0797882080078,66.77889251708984,49.627830505371094,40.29513168334961,29.155298233032227,26.09649085998535,24.285024642944336,21.501617431640625
490000,500001,17,9,253,199,0,33965.16015625,456.12640380859375,159.06497192382812,101.26216125488281,81.9129638671875,57.1744270324707,50.47153091430664,43.62919616699219,40.92262649536133,35.33877182006836,33.5882453918457,31.771690368652344,28.820486068725586,27.250024795532227,25.091938018798828,23.06989860534668,20.620464324951172,24710.6796875,167.14285278320312,75.4301528930664,50.32832717895508,43.97458267211914,35.20879364013672,32.39303970336914,28.172197341918945,22.5224609375
490000,500001,17,9,253,199,1,33951.98046875,460.01788330078125,156.81809997558594,106.08182525634766,77.42990112304688,54.668521881103516,49.95851135253906,45.87778091430664,44.10871887207031,35.445045471191406,34.670955657958984,29.554468154907227,29.137710571289062,26.819486618041992,23.878002166748047,23.6049747467041,22.29252815246582,24700.208984375,155.75665283203125,73.352783203125,53.26136779785156,43.37249755859375,37.25018310546875,31.464937210083008,26.331396102905273,24.32721519470215
495000,505001,17,9,252,198,0,34006.8515625,363.8292236328125,163.54307556152344,96.09436798095703,72.85303497314453,57.541378021240234,47.78921890258789,42.13283920288086,37.748756408691406,34.25408935546875,31.534011840820312,30.558311462402344,28.593271255493164,25.67409896850586,23.303871154785156,22.617177963256836,21.68361473083496,24737.87109375,155.73440551757812,81.85572814941406,49.36806106567383,40.72338104248047,32.16194152832031,28.076534271240234,27.08140754699707,23.43743133544922
495000,505001,17,9,252,198,1,34003.98828125,367.23779296875,157.8213653564453,95.02005767822266,75.7406005859375,56.2286376953125,42.096195220947266,41.415611267089844,34.37664031982422,33.458473205566406,31.753768920898438,29.70332908630371,28.004838943481445,26.916351318359375,24.52317237854004,23.91109848022461,21.79686737060547,24736.21484375,156.31024169921875,83.07577514648438,45.07086181640625,40.79620361328125,31.145992279052734,28.627683639526367,27.585002899169922,25.23410415649414
500000,510001,17,9,252,197,0,34062.68359375,347.9064025878906,138.40023803710938,94.86650848388672,67.55240631103516,58.83523941040039,46.40531539916992,45.507545471191406,37.11908721923828,32.12076950073242,29.702150344848633,29.013046264648438,26.366064071655273,25.43836212158203,24.614234924316406,22.113798141479492,19.780954360961914,24803.828125,157.8352813720703,74.27262878417969,53.42216873168945,43.80250549316406,33.459774017333984,27.239463806152344,26.560123443603516,24.03036880493164
500000,510001,17,9,252,197,1,34053.19140625,346.97802734375,140.97900390625,97.9510498046875,65.5396499633789,59.04585266113281,49.53459930419922,46.811431884765625,38.535194396972656,30.879446029663086,30.01517105102539,27.597936630249023,26.23027229309082,25.251604080200195,23.518056869506836,21.548908233642578,19.893156051635742,24798.517578125,160.31703186035156,76.9681167602539,53.14167404174805,45.457862854003906,31.542980194091797,27.549951553344727,25.060842514038086,23.5408935546875
505000,515001,17,9,247,195,0,33589.69921875,314.3115234375,141.86044311523438,97.5692367553711,72.5863265991211,56.96791076660156,48.07789993286133,44.84356689453125,41.728271484375,30.447195053100586,28.810630798339844,27.341693878173828,26.687211990356445,25.54498291015625,23.792356491088867,22.094890594482422,20.76076316833496,24450.806640625,142.37112426757812,79.54796600341797,51.028282165527344,45.85835647583008,32.431129455566406,27.140989303588867,24.607152938842773,23.925682067871094
505000,515001,17,9,247,195,1,33589.30859375,311.9972229003906,139.96531677246094,94.42420196533203,70.49981689453125,57.02121353149414,51.427284240722656,42.87731170654297,41.34870529174805,30.819032669067383,28.57427406311035,26.85516929626465,24.484355926513672,23.81110382080078,23.11800193786621,21.714942932128906,20.185958862304688,24450.98046875,140.0418701171875,76.93729400634766,50.8372802734375,42.40657043457031,32.63085174560547,25.176530838012695,23.230628967285156,22.91042137145996
510000,520001,17,9,251,199,0,33827.7421875,386.0801086425781,150.39454650878906,111.7275161743164,73.87812042236328,62.682334899902344,48.36842346191406,44.1424674987793,41.52959442138672,35.294715881347656,32.27052307128906,30.677743911743164,28.132797241210938,27.324661254882812,25.527345657348633,23.983545303344727,21.28823471069336,24644.3828125,212.28297424316406,92.73583221435547,62.097679138183594,42.93467330932617,37.16254425048828,30.412031173706055,27.679529190063477,25.080577850341797
510000,520001,17,9,251,199,1,33846.60546875,385.0430908203125,147.7589874267578,118.08345794677734,72.77365112304688,63.00273132324219,50.56801223754883,47.389060974121094,38.87129211425781,34.4450798034668,29.179330825805664,28.472713470458984,27.2329158782959,24.738794326782227,23.023773193359375,22.27890968322754,20.88726234436035,24656.9765625,210.32908630371094,98.16706085205078,59.64706039428711,42.26643371582031,34.66051483154297,27.308700561523438,26.572553634643555,23.431289672851562
515000,525001,17,9,254,200,0,34222.86328125,356.2806091308594,179.50765991210938,108.95272064208984,77.73047637939453,54.03152847290039,49.435394287109375,44.962013244628906,41.09423065185547,36.83304214477539,29.280492782592773,27.176090240478516,25.970094680786133,24.893268585205078,22.2858829498291,20.702381134033203,20.117782592773438,24945.626953125,246.475830078125,92.31449127197266,49.63682174682617,39.954734802246094,30.403221130371094,26.17807960510254,23.374523162841797,22.17642593383789
515000,525001,17,9,254,200,1,34208.79296875,355.59173583984375,180.9224090576172,113.32666778564453,79.27748107910156,56.86825180053711,51.796539306640625,47.18326187133789,43.897438049316406,30.5050106048584,29.567899703979492,27.41010093688965,25.93375587463379,24.423845291137695,23.253725051879883,21.75579071044922,19.157936096191406,24934.5078125,248.14065551757812,95.16339111328125,52.407859802246094,42.16423797607422,31.898178100585938,26.542804718017578,23.832679748535156,21.910959243774414
520000,530001,17,9,251,190,0,34701.6640625,284.192138671875,118.78787994384766,87.68058776855469,58.35060119628906,56.65034484863281,48.18120574951172,45.98416519165039,38.200042724609375,32.210140228271484,30.44374656677246,27.68755531311035,25.904708862304688,24.932111740112305,22.756290435791016,21.522790908813477,19.568195343017578,25266.39453125,130.62864685058594,65.8630599975586,53.049041748046875,42.8629035949707,34.21197509765625,27.417919158935547,23.805627822875977,21.631074905395508
520000,530001,17,9,251,190,1,34706.046875,282.44476318359375,119.93153381347656,92.23603057861328,53.72126388549805,51.89473342895508,50.835750579833984,44.18687438964844,38.0423583984375,30.311906814575195,28.087995529174805,27.225980758666992,24.56876564025879,23.294540405273438,22.22641372680664,21.775590896606445,18.18295669555664,25270.26171875,129.10086059570312,67.349609375,51.24407196044922,43.05695724487305,30.58479118347168,28.748056411743164,23.302465438842773,22.63629722595215
525000,535001,17,9,252,205,0,34626.02734375,301.4300842285156,133.84034729003906,86.53429412841797,66.96980285644531,65.93932342529297,51.25446701049805,48.10932159423828,43.34510040283203,33.812339782714844,30.53754997253418,29.27730369567871,28.521944046020508,26.69204330444336,24.55001449584961,23.334918975830078,20.513423919677734,25202.33984375,143.82530212402344,77.20404815673828,52.92210388183594,48.24155807495117,34.04288864135742,30.04374885559082,25.478328704833984,24.372495651245117
525000,535001,17,9,252,205,1,34648.1953125,300.798095703125,133.5433349609375,89.29086303710938,70.92994689941406,62.25507354736328,47.879940032958984,44.678653717041016,43.218231201171875,31.84611701965332,29.25475311279297,27.595945358276367,26.595497131347656,24.983049392700195,22.689085006713867,22.421186447143555,19.9608097076416,25219.892578125,142.51480102539062,78.07415771484375,52.56675720214844,43.618492126464844,32.2345085144043,28.054241180419922,26.41415023803711,22.617435455322266
530000,540001,17,9,254,199,0,34722.125,327.0329895019531,133.26895141601562,76.90897369384766,66.05061340332031,55.82513427734375,44.634952545166016,38.85359191894531,37.498870849609375,32.98643112182617,28.347749710083008,27.02042007446289,26.48651123046875,25.643415451049805,23.289920806884766,20.07213020324707,18.51409149169922,25274.2734375,188.595703125,68.08850860595703,55.653316497802734,37.86157989501953,31.815147399902344,27.6805477142334,26.616432189941406,22.89014434814453
530000,540001,17,9,254,199,1,34706.51953125,326.8179626464844,138.48953247070312,77.81474304199219,73.08627319335938,56.615352630615234,44.23710632324219,38.926353454589844,37.460384368896484,33.417236328125,27.892061233520508,26.16046714782715,25.616355895996094,23.88343620300293,22.344818115234375,20.691482543945312,19.43790054321289,25262.759765625,189.82472229003906,73.55506134033203,58.66209411621094,37.59305191040039,32.66426467895508,28.070030212402344,23.754323959350586,22.19275665283203
535000,545001,17,9,249,197,0,34187.51171875,302.1596374511719,135.89019775390625,95.17671203613281,74.41680145263672,57.80458450317383,46.50431823730469,42.7467041015625,36.634910583496094,27.10589599609375,26.088552474975586,24.94654083251953,23.04241943359375,22.061264038085938,21.100934982299805,20.270689010620117,18.422225952148438,24899.12890625,162.81065368652344,69.31873321533203,48.30474853515625,41.37458419799805,28.90387725830078,25.148059844970703,23.053186416625977,21.352745056152344
535000,545001,17,9,249,197,1,34197.26171875,300.9975891113281,132.5220947265625,92.58807373046875,70.88302612304688,57.92387390136719,48.32610321044922,44.118614196777344,36.095848083496094,28.881608963012695,27.134536743164062,26.48158073425293,24.895931243896484,24.605093002319336,22.54949951171875,20.5024356842041,19.50132179260254,24905.54296875,159.37112426757812,66.891357421875,47.1552734375,43.69069290161133,32.75276184082031,25.326797485351562,23.39216423034668,21.180696487426758
540000,550001,17,9,252,207,0,34223.6484375,285.5730285644531,142.2156219482422,92.04073333740234,61.96745681762695,58.253196716308594,49.714229583740234,47.416080474853516,42.47472381591797,32.35894012451172,31.687801361083984,29.66522979736328,27.535324096679688,27.320730209350586,26.150712966918945,24.371232986450195,21.452322006225586,24914.623046875,148.18357849121094,72.6035385131836,50.96212387084961,44.77532958984375,31.649492263793945,30.449016571044922,28.214509963989258,24.27187156677246
540000,550001,17,9,252,207,1,34230.9609375,289.8824157714844,144.22509765625,90.00953674316406,66.89381408691406,63.07066345214844,58.08792495727539,49.04946517944336,44.443294525146484,34.04289627075195,33.03752136230469,29.305034637451172,28.80859375,26.392501831054688,26.033437728881836,24.584577560424805,20.9720401763916,24920.5546875,147.93734741210938,70.07649230957031,56.58914566040039,50.68728256225586,35.141544342041016,31.968828201293945,28.205259323120117,24.2958927154541
545000,555001,17,9,254,209,0,34811.3359375,353.3344421386719,161.51319885253906,96.18257904052734,65.29045104980469,58.16572189331055,50.26025390625,47.91300582885742,37.758182525634766,32.334564208984375,28.297597885131836,27.209535598754883,25.284610748291016,23.695112228393555,22.876482009887695,21.146873474121094,21.081226348876953,25364.833984375,166.02587890625,71.17174530029297,50.260902404785156,42.585052490234375,34.81413650512695,26.601709365844727,25.193714141845703,24.18769645690918
545000,555001,17,9,254,209,1,34821.578125,358.67889404296875,160.8498077392578,98.21958923339844,65.72913360595703,57.46122360229492,48.04294967651367,46.66594696044922,41.329803466796875,33.927398681640625,29.244306564331055,27.29265022277832,25.709213256835938,22.986021041870117,21.813955307006836,20.40337371826172,18.5394344329834,25370.59375,170.23602294921875,73.90174865722656,49.41615295410156,41.22513961791992,36.258121490478516,26.108518600463867,22.945491790771484,19.258638381958008
550000,560001,17,9,254,208,0,35278.62890625,273.4849548339844,128.49949645996094,81.944091796875,63.53669357299805,57.265472412109375,47.55012130737305,43.7791748046875,39.781944274902344,30.409921646118164,28.824565887451172,28.054630279541016,26.0247802734375,23.671340942382812,22.0491943359375,19.590410232543945,19.32468032836914,25685.806640625,144.91424560546875,74.77842712402344,52.380985260009766,38.242069244384766,27.909399032592773,25.849437713623047,24.846416473388672,22.798656463623047
550000,560001,17,9,254,208,1,35306.6015625,274.7281494140625,126.7834243774414,81.69210052490234,59.887996673583984,53.34018325805664,44.79249572753906,42.02226257324219,37.09972381591797,29.098072052001953,27.854780197143555,25.86691665649414,24.494461059570312,22.34783172607422,21.49325942993164,19.958072662353516,18.4892635345459,25707.470703125,141.345458984375,72.2589111328125,47.95549011230469,36.51581954956055,28.864395141601562,25.631019592285156,24.398033142089844,22.240365982055664
555000,565001,17,9,252,208,0,34282.29296875,623.915771484375,136.92884826660156,102.59264373779297,64.207275390625,53.58219528198242,47.92319869995117,46.05867004394531,41.89203643798828,36.150394439697266,27.28809928894043,23.51451301574707,23.194549560546875,22.803443908691406,20.482988357543945,19.14992904663086,19.05649185180664,24977.869140625,186.47900390625,77.13013458251953,53.66413879394531,41.112632751464844,31.858613967895508,24.558862686157227,21.807743072509766,19.847272872924805
555000,565001,17,9,252,208,1,34291.86328125,617.4661865234375,143.0753631591797,105.41629028320312,65.0282974243164,54.830509185791016,45.13179016113281,43.20636749267578,41.84397888183594,30.040807723999023,26.37058448791504,25.15765953063965,23.680601119995117,22.468666076660156,21.46687889099121,20.574674606323242,19.551332473754883,24984.623046875,184.1489715576172,73.57870483398438,51.134422302246094,39.42261505126953,31.741579055786133,24.02481460571289,21.52278709411621,21.437700271606445
560000,570001,17,9,252,198,0,34985.08984375,346.5464782714844,146.97451782226562,84.18315124511719,61.857337951660156,54.27791976928711,45.370872497558594,41.83911895751953,39.652549743652344,33.56889343261719,29.26565933227539,27.44407844543457,25.821880340576172,25.079345703125,22.570255279541016,21.531352996826172,19.151744842529297,25497.140625,182.95770263671875,62.3410530090332,47.56654739379883,42.67899703979492,31.263519287109375,29.938688278198242,23.739450454711914,20.927438735961914
560000,570001,17,9,252,198,1,34989.33984375,350.5767517089844,146.2957763671875,83.20649719238281,61.39568328857422,52.302879333496094,47.12073516845703,45.5312385559082,38.05861282348633,30.63186264038086,29.1944637298584,25.89133644104004,24.240028381347656,22.799386978149414,20.72037124633789,20.219072341918945,18.783607482910156,25499.591796875,184.92481994628906,62.37955856323242,45.35199737548828,40.6976318359375,31.52664566040039,25.195802688598633,22.059001922607422,20.590604782104492
565000,575001,17,9,251,201,0,35001.3671875,291.8232421875,133.7887725830078,92.45795440673828,70.1163558959961,51.94621276855469,45.901710510253906,43.03492736816406,37.03599548339844,31.77366065979004,29.581480026245117,28.206573486328125,27.05228614807129,25.964784622192383,25.19449806213379,22.810583114624023,20.425153732299805,25497.982421875,151.92605590820312,70.32050323486328,49.376197814941406,35.45240783691406,32.40160369873047,27.328140258789062,24.637393951416016,24.380252838134766
565000,575001,17,9,251,201,1,34996.7734375,292.57391357421875,130.5651397705078,88.20496368408203,63.46014404296875,50.5621452331543,45.6376838684082,41.84886169433594,37.69655227661133,32.33219909667969,30.808115005493164,29.003189086914062,27.11235809326172,26.93633460998535,25.824188232421875,24.239044189453125,22.83018684387207,25493.8046875,149.66668701171875,65.86048889160156,48.625694274902344,36.14909362792969,30.750320434570312,28.87833023071289,27.682344436645508,26.531463623046875
570000,580001,17,9,251,208,0,35054.19921875,338.42413330078125,130.44960021972656,93.5965347290039,78.74888610839844,51.289031982421875,46.05965805053711,40.253517150878906,37.35502624511719,31.648263931274414,30.0782470703125,27.325115203857422,26.746501922607422,26.489011764526367,23.761747360229492,22.35146141052246,20.19855499267578,25530.642578125,151.3824920654297,76.03628540039062,48.70968246459961,38.518619537353516,29.716915130615234,27.0195369720459,24.648956298828125,23.576669692993164
570000,580001,17,9,251,208,1,35039.609375,339.6876525878906,129.87857055664062,93.28662109375,76.33305358886719,57.05807876586914,47.624324798583984,44.926177978515625,42.177608489990234,32.75636672973633,28.662200927734375,27.489574432373047,26.646272659301758,24.818330764770508,23.478023529052734,21.265771865844727,19.5479736328125,25519.97265625,152.05787658691406,74.79788208007812,55.64728546142578,42.82405471801758,32.655277252197266,27.074922561645508,24.99474334716797,21.962722778320312
575000,585001,17,9,251,207,0,35149.640625,299.2113952636719,137.23751831054688,99.85826110839844,72.86018371582031,51.67820358276367,45.004661560058594,44.34056854248047,40.038326263427734,35.43913269042969,31.78433609008789,26.485246658325195,25.35573387145996,25.24237632751465,23.950258255004883,22.710224151611328,20.890605926513672,25586.779296875,139.8964080810547,76.66069793701172,52.47310256958008,41.503814697265625,34.18619918823242,26.136611938476562,25.282506942749023,23.098705291748047
575000,585001,17,9,251,207,1,35160.95703125,300.4988708496094,141.91697692871094,99.36243438720703,73.96253204345703,52.30634689331055,44.2095947265625,42.67587661743164,36.08382797241211,35.027042388916016,33.434688568115234,26.794614791870117,25.502466201782227,24.334218978881836,22.986581802368164,21.71079444885254,18.12228775024414,25595.1875,142.61856079101562,76.47697448730469,50.80080032348633,44.33192825317383,34.107608795166016,25.85936164855957,23.78104591369629,19.667142868041992
580000,590001,17,9,253,203,0,35334.79296875,285.95379638671875,124.6456527709961,87.82816314697266,67.21863555908203,56.131813049316406,50.30449295043945,45.8942756652832,40.73545837402344,30.352684020996094,28.222021102905273,26.910871505737305,25.816635131835938,24.727947235107422,23.24812126159668,21.197315216064453,20.446943283081055,25731.916015625,142.88941955566406,68.089599609375,52.41084289550781,47.186466217041016,31.39781379699707,29.792211532592773,24.39327621459961,22.636655807495117
580000,590001,17,9,253,203,1,35321.04296875,285.282470703125,126.6406021118164,88.14525604248047,67.35693359375,59.80667495727539,52.42784881591797,48.333229064941406,39.154911041259766,31.475465774536133,29.593116760253906,27.852703094482422,25.303020477294922,24.44512367248535,23.200891494750977,21.85788917541504,21.173809051513672,25722.009765625,144.30516052246094,68.08226776123047,56.648983001708984,47.153717041015625,31.64566993713379,30.71409797668457,24.65746307373047,24.059274673461914
585000,595001,17,9,250,206,0,35366.234375,397.8318176269531,140.08775329589844,81.99886322021484,70.9936752319336,51.580814361572266,44.233402252197266,43.07667541503906,38.80361557006836,32.11023712158203,28.237886428833008,26.261632919311523,25.915437698364258,24.4018497467041,21.163545608520508,20.71871566772461,18.940839767456055,25748.123046875,136.88523864746094,71.09192657470703,46.401466369628906,40.1117057800293,28.644052505493164,25.097383499145508,23.732816696166992,19.51508903503418
585000,595001,17,9,250,206,1,35356.1875,399.52685546875,137.162841796875,80.55835723876953,68.30103302001953,48.15913009643555,46.24504852294922,44.57880783081055,37.125831604003906,33.94288635253906,31.483715057373047,26.824594497680664,25.705869674682617,25.327871322631836,24.881067276000977,21.99932861328125,21.271223068237305,25741.376953125,138.6363067626953,69.0563735961914,48.488590240478516,41.87247848510742,32.20813751220703,27.704607009887695,25.375930786132812,23.08110237121582
590000,600001,17,9,251,208,0,35198.203125,348.79449462890625,133.3963165283203,89.87606048583984,76.60737609863281,69.48397827148438,63.6465950012207,56.162803649902344,42.16013717651367,36.85108184814453,34.095733642578125,32.229454040527344,30.785886764526367,29.719221115112305,24.753082275390625,23.35480308532715,21.39948844909668,25650.271484375,153.2903289794922,70.66738891601562,59.400901794433594,57.00204086303711,37.599830627441406,33.73876190185547,28.303537368774414,25.53017807006836
590000,600001,17,9,251,208,1,35195.15234375,350.81402587890625,125.3265151977539,87.11752319335938,70.23076629638672,66.17914581298828,60.04563522338867,53.65619659423828,42.931427001953125,36.48258972167969,32.489356994628906,31.423242568969727,28.511056900024414,27.95576286315918,26.969669342041016,23.11927032470703,21.189882278442383,25647.5703125,154.59600830078125,69.49393463134766,55.45332717895508,50.33298110961914,34.3562126159668,30.393299102783203,27.286367416381836,24.567474365234375
595000,605001,17,9,248,203,0,34887.9921875,323.8871154785156,149.252685546875,98.90131378173828,74.35713958740234,58.052303314208984,48.78375244140625,45.5760498046875,42.812625885009766,35.41111755371094,32.725189208984375,27.17131805419922,26.227767944335938,23.74690055847168,22.104990005493164,21.035472869873047,20.087249755859375,25406.84765625,190.98275756835938,83.9862289428711,56.657501220703125,44.7866325378418,34.39178466796875,30.629650115966797,28.442598342895508,23.772686004638672
595000,605001,17,9,248,203,1,34893.296875,331.8172302246094,159.0826873779297,100.7931137084961,71.71728515625,64.58448028564453,50.89788818359375,43.75479507446289,40.269039154052734,31.37826919555664,30.217126846313477,29.336179733276367,26.683053970336914,25.860597610473633,22.88119125366211,21.806976318359375,19.929176330566406,25410.58984375,205.7554168701172,88.3131332397461,65.99067687988281,45.97178649902344,34.649871826171875,30.2617244720459,27.867136001586914,23.67392921447754
600000,610001,17,9,253,203,0,35382.8828125,319.8325500488281,145.48428344726562,97.36239624023438,66.11063385009766,59.577579498291016,47.47036361694336,43.16863250732422,40.073123931884766,33.12046432495117,31.856826782226562,29.328489303588867,27.459426879882812,25.569358825683594,24.637676239013672,23.252952575683594,21.278594970703125,25770.748046875,164.879638671875,75.86747741699219,51.870384216308594,43.653804779052734,34.7372932434082,31.1072998046875,25.744592666625977,22.725126266479492
600000,610001,17,9,253,203,1,35396.75,322.94854736328125,151.71131896972656,100.99528503417969,65.98690032958984,59.962459564208984,46.94050979614258,43.01177215576172,41.10683059692383,34.50823974609375,31.800243377685547,29.359766006469727,28.666316986083984,26.912851333618164,24.264057159423828,21.50609588623047,18.30994415283203,25779.505859375,174.656005859375,78.46835327148438,48.264591217041016,42.473670959472656,33.831233978271484,31.446990966796875,24.312013626098633,19.898344039916992
605000,615001,17,9,253,204,0,35834.17578125,268.1492004394531,114.90962219238281,86.79537200927734,62.327510833740234,55.06793975830078,45.791229248046875,41.13428497314453,36.313289642333984,27.219226837158203,25.403465270996094,25.008914947509766,23.365427017211914,21.6398868560791,19.610374450683594,18.417280197143555,16.50627899169922,26095.505859375,123.7496337890625,64.53792572021484,44.99101257324219,40.638694763183594,29.675477981567383,24.032337188720703,23.050439834594727,20.790882110595703
605000,615001,17,9,253,204,1,35872.375,268.4367980957031,114.62228393554688,89.28456115722656,62.18864822387695,53.57652282714844,40.560787200927734,36.60419845581055,34.96832275390625,27.338953018188477,26.786231994628906,24.863832473754883,23.126859664916992,22.046388626098633,20.396240234375,19.786510467529297,19.42533302307129,26124.4375,122.96953582763672,68.69264221191406,41.37877655029297,34.9799919128418,26.005754470825195,24.324739456176758,22.078981399536133,21.162778854370117
610000,620001,17,9,254,208,0,35861.91796875,365.4881286621094,131.8818817138672,92.42884063720703,61.039363861083984,56.32940673828125,51.52457046508789,45.56901550292969,41.25046920776367,34.85844039916992,32.097267150878906,29.6502685546875,27.680150985717773,24.757497787475586,23.44779396057129,22.316770553588867,21.69417953491211,26123.029296875,172.74777221679688,73.47257995605469,50.41698455810547,44.79599380493164,33.18849182128906,31.111099243164062,24.529170989990234,22.671306610107422
610000,620001,17,9,254,208,1,35881.29296875,363.60760498046875,132.341552734375,94.0531997680664,63.71971130371094,59.046356201171875,57.1252326965332,46.678627014160156,42.33489227294922,36.69624710083008,30.102783203125,29.266643524169922,27.330862045288086,23.914854049682617,23.300922393798828,22.649513244628906,21.919010162353516,26137.25390625,173.9175262451172,75.74722290039062,52.61003112792969,46.125186920166016,33.503692626953125,30.63332748413086,24.69161033630371,23.1812744140625
615000,625001,17,9,252,208,0,35627.3984375,525.2431030273438,128.82418823242188,91.73196411132812,77.4730453491211,48.283050537109375,46.527713775634766,40.96857833862305,39.10264205932617,33.2388801574707,28.936342239379883,28.39054298400879,24.84251594543457,23.491308212280273,22.109834671020508,21.22165870666504,19.71170425415039,25928.609375,179.989990234375,82.3682861328125,45.195316314697266,38.35027313232422,37.447486877441406,29.807857513427734,25.520751953125,21.560274124145508
615000,625001,17,9,252,208,1,35645.9609375,515.8744506835938,125.3142318725586,88.21148681640625,75.76986694335938,49.74470520019531,45.39434814453125,43.449317932128906,38.95159149169922,30.015705108642578,27.832820892333984,26.802833557128906,25.23983383178711,24.252870559692383,21.838186264038086,19.930124282836914,19.469745635986328,25942.515625,173.02455139160156,79.78820037841797,47.1082878112793,43.24981689453125,31.421878814697266,26.04241943359375,23.88736343383789,22.935253143310547
620000,630001,17,9,252,209,0,35532.58984375,323.42620849609375,150.26763916015625,94.58168029785156,68.99781799316406,60.43923568725586,44.098915100097656,39.835899353027344,38.10065460205078,30.60275650024414,30.052209854125977,29.416427612304688,26.233247756958008,25.071121215820312,23.11431121826172,21.77907371520996,19.12824821472168,25858.302734375,168.8992919921875,70.66304779052734,55.38181686401367,41.1525764465332,31.932931900024414,26.58523941040039,24.313453674316406,22.57275390625
620000,630001,17,9,252,209,1,35562.96484375,326.82666015625,149.476806640625,93.99481201171875,67.90149688720703,60.739261627197266,43.695220947265625,38.770591735839844,36.34441375732422,32.86924362182617,28.552989959716797,26.310266494750977,24.737096786499023,21.875919342041016,21.31071662902832,20.217294692993164,19.505250930786133,25879.86328125,168.58438110351562,70.80044555664062,55.27613830566406,38.0017204284668,32.60277557373047,24.94856834411621,23.388036727905273,21.899545669555664
625000,635001,17,9,252,217,0,35582.77734375,300.6361999511719,128.09120178222656,109.15643310546875,77.09244537353516,57.35383224487305,49.19868850708008,43.876224517822266,35.64350891113281,32.292205810546875,28.85321617126465,27.70884895324707,26.932025909423828,25.919662475585938,24.058012008666992,23.486560821533203,20.77651023864746,25903.373046875,151.8754119873047,82.27611541748047,50.03948211669922,35.76343536376953,33.275169372558594,29.82985496520996,26.15923309326172,25.087543487548828
625000,635001,17,9,252,217,1,35574.0,301.83074951171875,125.37882995605469,110.094970703125,79.31494140625,59.27435302734375,49.736995697021484,42.85140609741211,38.95469665527344,35.02747344970703,29.478164672851562,28.173612594604492,26.63140869140625,25.499122619628906,24.42411231994629,21.28758430480957,20.59566879272461,25896.900390625,154.88421630859375,84.45508575439453,52.256134033203125,40.78281021118164,30.13567352294922,29.625757217407227,27.355056762695312,22.089500427246094
630000,640001,17,9,253,213,0,36204.625,330.5611877441406,127.47315216064453,84.5407943725586,65.23894500732422,49.33433151245117,42.66583251953125,37.87700271606445,34.151695251464844,29.373245239257812,28.687397003173828,26.603191375732422,24.61288833618164,22.659509658813477,21.396289825439453,19.087406158447266,18.07027816772461,26370.103515625,157.0958251953125,67.3802490234375,49.78959655761719,35.82390594482422,29.308990478515625,26.112817764282227,21.38892364501953,19.915250778198242
630000,640001,17,9,253,213,1,36214.93359375,329.67388916015625,124.11387634277344,83.32467651367188,67.05738067626953,50.983070373535156,43.4365234375,38.11663818359375,34.47418975830078,29.915241241455078,27.596811294555664,23.997661590576172,23.426721572875977,22.27895736694336,20.913557052612305,18.517261505126953,17.101354598999023,26378.736328125,156.78749084472656,68.47652435302734,49.92752456665039,36.12311553955078,30.143251419067383,23.859294891357422,21.2329158782959,19.131715774536133
635000,645001,17,9,250,212,0,35721.984375,344.3121337890625,143.95179748535156,97.19278717041016,68.10245513916016,56.665626525878906,55.2067985534668,49.467105865478516,42.806907653808594,34.954856872558594,31.435569763183594,30.820171356201172,28.83281135559082,26.277029037475586,25.368602752685547,22.568584442138672,19.82964324951172,26007.728515625,136.0947265625,72.40460968017578,52.39530944824219,45.84038543701172,36.74220275878906,31.457719802856445,26.171554565429688,23.400238037109375
635000,645001,17,9,250,212,1,35725.7109375,329.5507507324219,142.84130859375,96.94550323486328,66.66860961914062,57.113826751708984,52.63063049316406,47.368595123291016,42.640655517578125,33.729827880859375,31.893796920776367,30.676103591918945,29.026439666748047,28.605920791625977,24.914703369140625,22.1400146484375,21.32549285888672,26010.96484375,137.12100219726562,72.2899398803711,50.432979583740234,42.30704116821289,35.81344985961914,30.113407135009766,27.38624382019043,25.565284729003906
640000,650001,17,9,253,205,0,35559.30078125,306.0965881347656,129.6357879638672,83.00453186035156,67.2784194946289,51.25556564331055,44.341609954833984,41.9738655090332,35.673500061035156,32.15864562988281,29.430644989013672,27.394380569458008,25.252159118652344,23.116247177124023,21.84881019592285,21.034257888793945,19.720279693603516,25921.521484375,143.11788940429688,64.51121520996094,46.21787643432617,37.89912414550781,30.634082794189453,26.036378860473633,22.3165225982666,20.95281982421875
640000,650001,17,9,253,205,1,35562.86328125,302.5078430175781,129.80970764160156,84.24165344238281,61.67168426513672,51.37668991088867,45.786460876464844,43.22288131713867,36.98282241821289,31.956016540527344,28.66131591796875,26.947328567504883,25.188243865966797,23.83524513244629,22.578033447265625,19.606739044189453,18.462350845336914,25924.27734375,144.25987243652344,61.677398681640625,46.49751281738281,39.56002426147461,29.021240234375,23.840770721435547,20.787961959838867,19.91181755065918
645000,655001,17,9,255,214,0,35889.08984375,311.8313903808594,139.3388671875,79.74971771240234,60.490657806396484,55.14771270751953,49.49201202392578,44.04601287841797,40.21134948730469,29.54940414428711,27.730384826660156,25.851179122924805,25.02669906616211,23.916820526123047,22.186386108398438,21.112415313720703,19.42156410217285,26138.931640625,149.9815216064453,62.79585266113281,47.4310417175293,42.36946105957031,32.02665328979492,25.743112564086914,23.06562614440918,21.972003936767578
645000,655001,17,9,255,214,1,35890.859375,312.5647888183594,139.21026611328125,80.2777328491211,65.75074005126953,61.643829345703125,53.44952392578125,50.206817626953125,42.28989791870117,33.48824691772461,31.234216690063477,28.599090576171875,26.432817459106445,24.231534957885742,23.48042106628418,21.206579208374023,20.67690658569336,26141.255859375,151.44281005859375,61.25537109375,55.06040573120117,50.3983154296875,33.985809326171875,26.58713722229004,25.036638259887695,22.321046829223633
650000,660001,17,9,251,207,0,35817.69140625,291.6468811035156,133.29417419433594,91.57994079589844,64.22799682617188,58.832496643066406,46.579532623291016,44.80436706542969,42.95549774169922,34.46156311035156,29.700328826904297,28.51725959777832,25.611194610595703,24.775012969970703,21.604412078857422,19.826677322387695,18.944482803344727,26093.177734375,146.19178771972656,66.1485824584961,49.561866760253906,38.35283660888672,32.67943572998047,29.27996826171875,24.636560440063477,21.09749984741211
650000,660001,17,9,251,207,1,35810.3203125,292.1481628417969,132.6898651123047,87.28490447998047,63.69274139404297,57.28428268432617,47.18024826049805,45.67084884643555,39.98831558227539,33.49679946899414,27.84351921081543,26.527240753173828,25.29794692993164,24.82786750793457,22.797758102416992,21.241588592529297,20.065610885620117,26088.568359375,146.5562744140625,65.513427734375,48.07291793823242,37.114471435546875,32.060848236083984,26.673315048217773,25.6636962890625,22.04056167602539
655000,665001,17,9,253,201,0,36266.1328125,330.2926025390625,126.8148193359375,92.87604522705078,64.8646240234375,51.454917907714844,45.45686340332031,41.94942092895508,40.220611572265625,33.49773406982422,32.224037170410156,30.67555809020996,25.696565628051758,24.807432174682617,23.322649002075195,20.889774322509766,19.32869529724121,26404.716796875,144.1847686767578,81.5402603149414,48.55728530883789,41.8076057434082,35.81943893432617,32.98676681518555,23.496225357055664,20.71928596496582
655000,665001,17,9,253,201,1,36245.4140625,333.676025390625,127.4446029663086,92.64335632324219,62.331146240234375,49.058631896972656,45.371192932128906,43.81752014160156,38.69462585449219,30.425048828125,29.02019691467285,27.524789810180664,24.326904296875,23.39021110534668,22.80689239501953,20.241926193237305,19.368385314941406,26389.515625,142.45054626464844,83.2746353149414,47.39467239379883,38.84825897216797,33.89723587036133,28.342771530151367,22.581514358520508,20.057884216308594
660000,670001,17,9,249,206,0,35393.19921875,341.1346435546875,143.8292694091797,91.70284271240234,70.66805267333984,63.375247955322266,58.08264923095703,49.09109115600586,45.61016845703125,34.882904052734375,33.23226547241211,32.90880584716797,28.546335220336914,27.950557708740234,26.891782760620117,22.838228225708008,21.886138916015625,25772.173828125,162.2911376953125,71.8820571899414,57.124210357666016,50.01702880859375,34.84272003173828,31.69385528564453,27.153779983520508,23.553863525390625
660000,670001,17,9,249,206,1,35393.9765625,334.3302001953125,144.42678833007812,89.33635711669922,65.0721435546875,61.7703971862793,60.03292465209961,51.3964729309082,46.37472152709961,34.38234329223633,33.307716369628906,31.985517501831055,29.71750831604004,25.544076919555664,24.508577346801758,22.864887237548828,22.41341781616211,25772.826171875,160.62814331054688,71.3917465209961,57.70790100097656,52.26731491088867,36.98310852050781,32.025569915771484,28.4180965423584,23.830068588256836
665000,675001,17,9,252,207,0,36154.73828125,277.5375671386719,143.4490509033203,91.44022369384766,67.06169128417969,57.499671936035156,47.49229049682617,44.94976043701172,40.56345748901367,32.09918975830078,28.50272560119629,26.56514549255371,24.74977684020996,24.10169219970703,22.74013328552246,21.53588104248047,18.532012939453125,26337.19140625,134.9812774658203,75.46993255615234,53.0813102722168,41.10429763793945,30.330232620239258,29.173906326293945,23.68413543701172,19.350542068481445
665000,675001,17,9,252,207,1,36164.24609375,277.7678527832031,141.5277557373047,87.94496154785156,68.64668273925781,59.57318115234375,46.750614166259766,40.82069396972656,39.92407989501953,31.51520538330078,29.287628173828125,26.850008010864258,26.084287643432617,23.16248321533203,22.44465446472168,21.300111770629883,20.349899291992188,26344.58984375,132.04205322265625,74.76863098144531,51.9200553894043,38.76757049560547,33.443519592285156,26.45455551147461,24.96933937072754,22.0164852142334
670000,680001,17,9,251,210,0,35919.203125,296.40814208984375,135.8307647705078,82.9533462524414,68.00978088378906,53.91775131225586,45.291385650634766,41.74818420410156,38.52299118041992,31.566091537475586,29.38210678100586,27.628530502319336,25.976200103759766,24.733325958251953,22.374732971191406,20.941360473632812,20.28044319152832,26166.01171875,142.5580291748047,72.0410385131836,46.52659225463867,39.671470642089844,32.72733688354492,28.12567901611328,23.17029571533203,21.082048416137695
670000,680001,17,9,251,210,1,35913.62109375,295.8355407714844,136.19967651367188,85.25508117675781,67.66352081298828,50.67816162109375,45.89265060424805,44.395118713378906,38.281394958496094,30.946685791015625,29.915346145629883,27.967548370361328,25.73189353942871,23.211515426635742,22.86833953857422,19.518266677856445,18.658313751220703,26162.54296875,145.04881286621094,74.52831268310547,44.77626037597656,42.63230895996094,34.806373596191406,28.431623458862305,23.099611282348633,20.72859001159668
675000,685001,17,9,251,210,0,35975.90625,438.4228210449219,172.47824096679688,120.31026458740234,79.52117919921875,60.39405822753906,51.74178695678711,48.288028717041016,42.21393966674805,35.32040023803711,29.825328826904297,28.484262466430664,26.518192291259766,25.97344398498535,25.127262115478516,21.917673110961914,20.821683883666992,26192.123046875,240.0097198486328,78.51121520996094,48.39402389526367,44.91123580932617,33.66086959838867,29.955656051635742,26.91633415222168,23.967309951782227
675000,685001,17,9,251,210,1,35980.421875,425.0101013183594,170.67295837402344,120.11492156982422,85.10377502441406,60.898197174072266,48.92829132080078,44.11558532714844,41.918975830078125,32.4916877746582,28.68572998046875,26.842517852783203,26.440326690673828,23.91403579711914,21.872299194335938,20.860107421875,19.43819236755371,26194.904296875,235.01564025878906,76.1783218383789,48.830509185791016,41.192142486572266,31.886613845825195,27.124786376953125,23.915815353393555,20.77996253967285
680000,690001,17,9,247,206,0,35819.06640625,256.46246337890625,134.53829956054688,105.02833557128906,66.7896957397461,56.224124908447266,47.196083068847656,46.31825637817383,40.167076110839844,33.5070915222168,30.197818756103516,28.039613723754883,25.8011474609375,24.35584259033203,23.655376434326172,22.28070831298828,21.437009811401367,26075.712890625,136.85057067871094,64.54387664794922,59.673431396484375,42.14256286621094,33.24050521850586,28.832128524780273,25.419754028320312,23.486570358276367
680000,690001,17,9,247,206,1,35833.515625,255.0325164794922,133.79742431640625,100.89559936523438,70.06709289550781,50.47235107421875,48.76121520996094,40.15020751953125,36.939208984375,30.959455490112305,28.87244987487793,27.70612907409668,26.516996383666992,23.435569763183594,23.382755279541016,22.569969177246094,18.48440170288086,26087.068359375,137.80528259277344,66.02723693847656,55.686119079589844,37.66437911987305,34.57145309448242,28.410446166992188,23.7113094329834,22.778430938720703
685000,695001,17,9,251,217,0,36406.01171875,306.823974609375,135.84133911132812,73.94718170166016,59.64924240112305,53.89740753173828,43.735836029052734,36.84002685546875,33.5535888671875,29.46880531311035,27.96888542175293,25.71685028076172,24.693815231323242,23.750896453857422,23.18105697631836,19.614233016967773,18.800418853759766,26518.98046875,140.89352416992188,58.46027755737305,41.40509796142578,35.8828239440918,26.902603149414062,26.18747901916504,23.504837036132812,21.8457088470459
685000,695001,17,9,251,217,1,36409.8203125,304.583251953125,132.83309936523438,76.76481628417969,61.72653579711914,55.48287582397461,42.28529739379883,40.087440490722656,32.37133026123047,29.103042602539062,28.0709171295166,25.683536529541016,25.188901901245117,24.152305603027344,21.522884368896484,20.17799186706543,18.6086483001709,26522.0078125,139.98345947265625,60.074989318847656,43.915958404541016,35.35370635986328,26.715009689331055,25.366140365600586,23.544755935668945,20.82285499572754
690000,700001,17,9,251,210,0,36142.71875,362.88763427734375,136.05545043945312,103.99531555175781,71.27625274658203,55.19537353515625,48.810420989990234,46.48930358886719,43.575626373291016,38.98780822753906,33.67182540893555,28.435619354248047,26.914710998535156,23.725156784057617,22.495431900024414,21.570030212402344,20.685914993286133,26316.109375,168.34161376953125,89.08768463134766,53.68606948852539,43.127567291259766,38.54934310913086,33.029510498046875,25.218358993530273,21.711519241333008
690000,700001,17,9,251,210,1,36145.21484375,363.0160217285156,140.7672119140625,107.1676254272461,70.96476745605469,51.69003677368164,48.884727478027344,44.341819763183594,43.302947998046875,38.857147216796875,33.92083740234375,28.900672912597656,27.348569869995117,26.48277473449707,24.12974739074707,23.780860900878906,21.24988555908203,26318.12109375,172.80880737304688,89.1529541015625,51.031646728515625,42.22563552856445,39.932613372802734,33.950531005859375,24.691679000854492,24.043622970581055
695000,705001,17,9,251,211,0,36205.953125,298.61956787109375,135.12110900878906,98.91597747802734,67.16175079345703,59.0249137878418,42.68933868408203,41.99117660522461,37.1345329284668,29.47579574584961,28.49006462097168,27.353567123413086,24.158931732177734,23.731304168701172,23.03096580505371,19.21979331970215,18.286603927612305,26375.83203125,148.09095764160156,69.40522766113281,43.736305236816406,40.04120635986328,27.691240310668945,27.620155334472656,23.895973205566406,21.55088996887207
695000,705001,17,9,251,211,1,36196.4453125,299.1455383300781,132.1175079345703,100.28385925292969,65.60831451416016,55.44064712524414,41.540409088134766,39.38524627685547,36.84049987792969,28.93919563293457,26.96759796142578,24.62535858154297,23.690628051757812,20.55973243713379,20.00136375427246,18.84866714477539,18.378280639648438,26368.208984375,147.5570068359375,67.18052673339844,42.94300842285156,37.083194732666016,28.895566940307617,23.611303329467773,22.610639572143555,20.83406639099121
700000,710001,17,9,253,209,0,36540.91015625,320.7179870605469,148.15255737304688,84.82012939453125,78.02983856201172,54.31233215332031,48.254554748535156,46.39656448364258,40.32817459106445,35.487701416015625,30.038131713867188,28.17827033996582,26.786659240722656,25.454858779907227,22.36465072631836,21.35175132751465,19.445091247558594,26602.103515625,170.481201171875,77.37184143066406,47.76201629638672,44.27943801879883,32.943241119384766,28.516159057617188,24.76154136657715,24.408185958862305
700000,710001,17,9,253,209,1,36534.36328125,319.8592529296875,148.55506896972656,81.5396728515625,77.10770416259766,54.962318420410156,46.042076110839844,42.81946563720703,39.30260467529297,35.372352600097656,32.913883209228516,27.87581443786621,27.046504974365234,25.5773868560791,22.57543182373047,21.849699020385742,20.532590866088867,26597.1640625,168.5269317626953,75.09840393066406,45.541629791259766,41.576416015625,33.407737731933594,30.81194496154785,26.340768814086914,23.76700210571289
705000,715001,17,9,253,215,0,36753.9140625,444.5767517089844,134.11114501953125,84.88080596923828,62.1694221496582,54.11439895629883,41.08892822265625,38.450958251953125,33.75711441040039,29.150554656982422,28.614309310913086,24.802711486816406,23.930465698242188,22.211708068847656,21.630958557128906,20.119531631469727,19.40913200378418,26757.337890625,130.490234375,71.58282470703125,44.69236373901367,34.677921295166016,30.062482833862305,26.136428833007812,22.965295791625977,21.467082977294922
705000,715001,17,9,253,215,1,36719.98046875,448.05419921875,130.96290588378906,82.41023254394531,64.1894760131836,55.09961700439453,44.25740051269531,38.55266571044922,38.423240661621094,31.509775161743164,28.285764694213867,26.862836837768555,24.305570602416992,22.937114715576172,20.867374420166016,18.600116729736328,18.237913131713867,26731.9453125,135.68397521972656,76.0354232788086,50.38572692871094,39.81470489501953,33.53020095825195,24.280925750732422,23.270532608032227,19.707490921020508
710000,720001,17,9,253,214,0,36726.08984375,305.417724609375,123.51392364501953,91.0237045288086,71.2780532836914,59.740386962890625,55.476078033447266,50.13923263549805,41.79692459106445,34.37863540649414,31.855854034423828,29.426494598388672,27.886215209960938,27.36770248413086,24.01485252380371,20.434341430664062,18.57554054260254,26742.599609375,132.10667419433594,71.40485382080078,55.46977996826172,48.377479553222656,32.037837982177734,27.126340866088867,26.42546844482422,24.12034034729004
710000,720001,17,9,253,214,1,36746.31640625,306.6098937988281,122.64753723144531,88.65695190429688,67.96160888671875,61.164756774902344,53.923667907714844,47.08555221557617,41.58040237426758,33.02698516845703,30.25149917602539,29.25888442993164,28.31835174560547,27.087900161743164,22.577167510986328,19.95398712158203,19.18068504333496,26757.46484375,133.3070831298828,67.92362213134766,55.42180252075195,47.37919616699219,31.666460037231445,29.625585556030273,25.980079650878906,23.725114822387695
715000,725001,17,9,252,212,0,36640.72265625,290.0929870605469,148.0672149658203,94.15239715576172,67.98145294189453,54.53847885131836,46.02805709838867,42.59266662597656,41.30919647216797,30.074453353881836,28.21886444091797,26.99418067932129,24.91384506225586,23.471752166748047,22.259098052978516,21.246442794799805,19.807464599609375,26673.63671875,139.54022216796875,71.77957916259766,46.60479736328125,39.699851989746094,31.08102035522461,26.549184799194336,24.105199813842773,21.789047241210938
715000,725001,17,9,252,212,1,36656.1875,294.6934814453125,144.83738708496094,94.56629943847656,71.17606353759766,53.666690826416016,44.652374267578125,39.99519729614258,38.60892868041992,32.40732192993164,30.14404296875,27.64580535888672,24.749740600585938,23.747346878051758,22.895261764526367,20.494279861450195,19.607851028442383,26684.8515625,139.89694213867188,74.48827362060547,44.372337341308594,40.62312316894531,31.185880661010742,30.10899543762207,26.94751739501953,21.814592361450195
720000,730001,17,9,252,208,0,36383.30859375,329.7046203613281,132.25514221191406,91.47159576416016,68.76705932617188,60.18989944458008,52.71240234375,49.39904022216797,41.687625885009766,33.130306243896484,31.08897590637207,29.02445411682129,27.634506225585938,25.794837951660156,24.069366455078125,22.571163177490234,18.585433959960938,26493.642578125,149.82861328125,77.28150939941406,55.61944580078125,46.88520812988281,34.543121337890625,30.263843536376953,27.363527297973633,20.434568405151367
720000,730001,17,9,252,208,1,36381.06640625,326.3972473144531,131.5228271484375,90.96710205078125,72.65118408203125,60.19966506958008,51.73652267456055,48.557010650634766,39.215816497802734,32.61701965332031,31.550861358642578,27.297685623168945,27.042760848999023,25.60013198852539,23.256460189819336,21.806062698364258,19.934368133544922,26491.837890625,149.7159423828125,77.60887908935547,54.94798278808594,47.90705871582031,35.73040771484375,31.35124969482422,26.19940185546875,23.716585159301758
725000,735001,17,9,250,210,0,36633.00390625,302.9278869628906,130.19091796875,83.30575561523438,66.3417739868164,58.57309341430664,51.777549743652344,42.872093200683594,42.626564025878906,33.099124908447266,31.227506637573242,28.80986213684082,25.606294631958008,23.90102195739746,22.734182357788086,20.933195114135742,20.228559494018555,26677.05859375,152.04232788085938,65.88732147216797,56.400604248046875,44.778343200683594,32.672271728515625,28.528331756591797,25.42753028869629,24.759801864624023
725000,735001,17,9,250,210,1,36625.6796875,309.96929931640625,136.8644256591797,82.52080535888672,69.57783508300781,63.30340576171875,54.492733001708984,45.675865173339844,40.795284271240234,32.39085388183594,30.14275360107422,28.767351150512695,26.7642879486084,25.9518985748291,24.3028507232666,22.27463150024414,18.808082580566406,26671.5859375,160.9185028076172,67.18885040283203,60.57207489013672,45.90787124633789,32.03401565551758,27.51822853088379,26.01051902770996,23.464195251464844
730000,740001,17,9,249,219,0,36383.54296875,314.6892395019531,128.99649047851562,90.28108215332031,71.55172729492188,58.05557632446289,51.35362243652344,48.26004409790039,43.446598052978516,36.78813171386719,32.77002716064453,29.804048538208008,28.47032928466797,25.19991111755371,23.87128257751465,23.054502487182617,22.1806583404541,26490.66796875,172.2842559814453,76.5556411743164,48.29988479614258,45.49004364013672,38.462196350097656,33.0498046875,25.60719871520996,24.124881744384766
730000,740001,17,9,249,219,1,36381.359375,323.3448486328125,128.44752502441406,92.02302551269531,74.84365844726562,61.76227951049805,54.31282424926758,51.904136657714844,44.47984313964844,41.93817901611328,32.3961181640625,26.958242416381836,25.803207397460938,24.4494571685791,22.12251853942871,20.713354110717773,18.91255760192871,26488.37109375,176.2466278076172,75.56053924560547,55.26940155029297,49.82470703125,40.46394348144531,36.39522171020508,24.622486114501953,23.48807716369629
735000,745001,17,9,255,217,0,36902.39453125,529.34375,136.49655151367188,77.40544128417969,66.58638763427734,65.39212036132812,54.960906982421875,43.87229919433594,39.93986892700195,33.76047897338867,31.734506607055664,31.221027374267578,27.23943519592285,24.264596939086914,23.931562423706055,21.097793579101562,19.46539878845215,26882.47265625,186.77462768554688,62.10076904296875,55.93960189819336,51.681400299072266,36.82099914550781,29.432933807373047,24.62122917175293,22.072311401367188
735000,745001,17,9,255,217,1,36883.98828125,545.9552001953125,137.53213500976562,77.40067291259766,63.3626708984375,59.50709915161133,53.991363525390625,42.45503234863281,40.685523986816406,32.98359298706055,31.228178024291992,29.326473236083984,27.467041015625,26.56220245361328,23.532894134521484,20.683382034301758,18.809255599975586,26868.830078125,187.66293334960938,62.65193557739258,52.12956619262695,48.392581939697266,38.254615783691406,28.761594772338867,25.55257797241211,23.38551139831543
740000,750001,17,9,253,206,0,36588.4453125,303.6051025390625,121.00892639160156,83.68436431884766,63.39152526855469,56.29373550415039,44.594093322753906,43.701534271240234,38.72898483276367,32.5409049987793,29.0478572845459,26.73916244506836,26.37163734436035,22.374786376953125,21.028499603271484,20.058860778808594,18.71978759765625,26665.373046875,131.91700744628906,67.54078674316406,47.97146224975586,41.286865234375,32.42822265625,27.660030364990234,22.484384536743164,21.35623550415039
740000,750001,17,9,253,206,1,36602.4765625,303.56610107421875,121.62493133544922,85.06491088867188,61.215904235839844,54.584747314453125,49.5698356628418,47.129295349121094,40.34088897705078,32.37958908081055,29.199674606323242,26.600631713867188,25.556350708007812,23.964675903320312,22.08553695678711,21.66083335876465,19.454736709594727,26675.2578125,132.78582763671875,68.93574523925781,50.853248596191406,41.87175750732422,32.55485534667969,27.295034408569336,23.0067138671875,22.01018714904785
745000,755001,17,9,249,218,0,36842.71875,261.853271484375,135.8909912109375,85.57582092285156,65.20244598388672,55.20337677001953,50.107547760009766,43.52410888671875,39.16353225708008,31.182920455932617,28.79343032836914,27.678510665893555,25.273361206054688,24.530475616455078,21.888046264648438,20.354007720947266,19.28736114501953,26814.458984375,152.45941162109375,66.926025390625,54.43719482421875,46.999168395996094,29.207565307617188,27.959089279174805,26.28542137145996,23.566083908081055
745000,755001,17,9,249,218,1,36836.83203125,261.22161865234375,138.63784790039062,87.21894073486328,64.99910736083984,56.97990036010742,50.6055793762207,45.048851013183594,38.9415397644043,31.22645378112793,28.7349796295166,27.01218032836914,25.759511947631836,24.333486557006836,23.8542537689209,21.464458465576172,19.876529693603516,26809.197265625,152.41725158691406,67.62883758544922,53.67536926269531,49.346275329589844,30.620624542236328,29.090471267700195,25.526805877685547,23.96724510192871
750000,760001,17,9,252,214,0,36965.65234375,270.98272705078125,132.57672119140625,89.80448150634766,68.81978607177734,53.04511260986328,46.438804626464844,38.42336654663086,37.49546432495117,32.82075119018555,28.746166229248047,28.033926010131836,26.13673210144043,24.303224563598633,22.39344024658203,21.11977195739746,19.33909034729004,26928.271484375,139.97698974609375,68.35507202148438,48.15270233154297,34.87661361694336,31.42267608642578,26.312339782714844,24.407581329345703,21.834001541137695
750000,760001,17,9,252,214,1,36969.125,270.9839782714844,133.00900268554688,87.87622833251953,66.9603500366211,54.339900970458984,46.10031509399414,40.55595016479492,38.8603401184082,32.83168411254883,28.59646224975586,27.098636627197266,25.885496139526367,24.892393112182617,22.10610580444336,21.1890811920166,19.784746170043945,26930.2578125,141.70736694335938,68.4459457397461,49.06955337524414,36.17609405517578,32.04291534423828,26.580568313598633,24.74772071838379,20.77329444885254
755000,765001,17,9,250,214,0,37001.4296875,298.6871337890625,132.70321655273438,82.66728973388672,68.06531524658203,56.65018081665039,50.631370544433594,46.93186950683594,41.67213821411133,32.57282257080078,30.925617218017578,28.7211971282959,27.26505470275879,24.47689437866211,23.22019386291504,22.19243812561035,19.630474090576172,26939.6015625,135.88365173339844,67.89936828613281,49.30497741699219,47.334476470947266,29.619388580322266,26.44377899169922,23.97243309020996,21.130149841308594
755000,765001,17,9,250,214,1,37016.5078125,301.03216552734375,132.92135620117188,85.63640594482422,67.18717193603516,56.68387222290039,46.770545959472656,45.28458786010742,40.998878479003906,33.1230354309082,28.509185791015625,26.200145721435547,25.353073120117188,23.745338439941406,22.659013748168945,20.219135284423828,19.060190200805664,26949.794921875,137.9650421142578,70.97284698486328,48.937313079833984,46.44590377807617,29.356651306152344,24.249069213867188,24.123939514160156,20.053791046142578
760000,770001,17,9,253,216,0,36602.0703125,331.5322570800781,131.84808349609375,87.90068054199219,69.43229675292969,59.533267974853516,53.1905517578125,49.28140640258789,42.76598358154297,30.896682739257812,29.847135543823242,29.11113929748535,25.01557159423828,24.497806549072266,23.2838077545166,22.141681671142578,19.184194564819336,26667.27734375,158.1348876953125,71.4218521118164,52.7811279296875,41.60857391357422,33.443992614746094,29.00131607055664,25.983322143554688,23.36865234375
760000,770001,17,9,253,216,1,36610.5546875,332.6582946777344,130.7644500732422,90.42919921875,73.13024139404297,58.1683464050293,52.440399169921875,47.71296691894531,40.7042236328125,30.526037216186523,27.791353225708008,26.84783935546875,24.580167770385742,22.86087989807129,20.56698226928711,20.017826080322266,18.13934326171875,26673.009765625,157.70367431640625,77.71612548828125,54.26304244995117,39.07440185546875,28.957494735717773,27.236921310424805,23.48488998413086,20.50492286682129
765000,775001,17,9,255,223,0,37150.37890625,286.4028015136719,133.73533630371094,92.16873931884766,62.72428512573242,53.46422576904297,49.474979400634766,47.17416763305664,41.11783218383789,32.03813552856445,31.157968521118164,29.970809936523438,26.96647071838379,24.543685913085938,20.699798583984375,20.41298484802246,19.204425811767578,27044.67578125,154.74363708496094,66.01775360107422,49.654720306396484,48.89909744262695,32.44648361206055,28.70700454711914,24.199581146240234,21.1987361907959
765000,775001,17,9,255,223,1,37174.859375,288.3700866699219,128.88766479492188,93.81607818603516,61.95408630371094,53.30324172973633,48.37143325805664,44.1430778503418,39.42921829223633,32.62869644165039,28.994083404541016,28.008535385131836,26.59006690979004,25.4100399017334,21.94352149963379,21.395788192749023,19.371047973632812,27062.681640625,155.67098999023438,63.5417594909668,47.6812858581543,45.86062240600586,31.22837257385254,26.602191925048828,25.358930587768555,21.237503051757812
770000,780001,17,9,253,216,0,37197.421875,334.4185485839844,138.04074096679688,88.03240966796875,69.2699966430664,50.725765228271484,48.45608139038086,46.29220962524414,42.289588928222656,34.936702728271484,29.717710494995117,28.097423553466797,27.035104751586914,25.21910858154297,23.612646102905273,20.478271484375,18.836570739746094,27105.583984375,152.8990936279297,67.15079498291016,50.0068244934082,41.01118469238281,32.236148834228516,28.602794647216797,24.269941329956055,22.962448120117188
770000,780001,17,9,253,216,1,37210.70703125,333.2083740234375,140.1908721923828,83.67717742919922,68.15364837646484,50.6089973449707,47.92630386352539,42.65349578857422,38.56182861328125,33.331233978271484,28.791662216186523,25.98238182067871,25.38254165649414,24.016521453857422,19.914575576782227,18.183683395385742,17.320804595947266,27116.603515625,151.03012084960938,63.87942886352539,48.08719253540039,37.125213623046875,30.111148834228516,24.934633255004883,23.65778160095215,19.530794143676758
775000,785001,17,9,252,211,0,36933.453125,300.236083984375,158.70021057128906,101.58243560791016,78.21111297607422,60.70094680786133,56.28790283203125,51.359256744384766,44.77710723876953,35.75502014160156,31.36391830444336,29.169437408447266,27.210559844970703,25.904542922973633,23.884157180786133,22.1976375579834,20.998830795288086,26877.390625,149.72254943847656,67.14986419677734,53.036712646484375,47.170684814453125,32.35356521606445,29.09571075439453,26.77115821838379,23.137060165405273
775000,785001,17,9,252,211,1,36944.59765625,296.48486328125,156.9844207763672,105.43024444580078,77.22396087646484,59.278785705566406,49.384647369384766,46.16543197631836,43.92345428466797,33.24584197998047,32.22893524169922,29.833101272583008,27.978973388671875,24.73691177368164,23.326698303222656,22.334659576416016,21.700183868408203,26885.8046875,151.75460815429688,65.1175765991211,50.806026458740234,42.71647644042969,30.816818237304688,27.96525764465332,25.056995391845703,24.49368667602539
780000,790001,17,9,251,215,0,37014.8125,309.79156494140625,124.69437408447266,119.51620483398438,82.06098937988281,55.40970993041992,49.60389709472656,43.59217834472656,42.843910217285156,34.38015365600586,27.516267776489258,26.362873077392578,25.80189323425293,24.455768585205078,22.868690490722656,21.571535110473633,19.09961700439453,26955.359375,143.26612854003906,78.99984741210938,47.9045295715332,43.12110137939453,31.699932098388672,25.463836669921875,24.20097541809082,20.3447208404541
780000,790001,17,9,251,215,1,37015.421875,309.8253173828125,131.71424865722656,107.87906646728516,71.67536163330078,57.61414337158203,47.36478805541992,41.398075103759766,38.32715606689453,32.96614456176758,29.694297790527344,27.53450584411621,25.732919692993164,24.077573776245117,21.907804489135742,18.917842864990234,18.140661239624023,26955.78515625,154.29872131347656,75.61199951171875,44.62367248535156,42.098506927490234,29.903371810913086,24.954971313476562,22.613319396972656,19.852340698242188
785000,795001,17,9,252,213,0,37185.83203125,309.58282470703125,119.63227844238281,77.36556243896484,61.87743377685547,54.55375289916992,44.64630126953125,41.45116424560547,37.44685363769531,29.140090942382812,25.987167358398438,25.46124267578125,24.64965057373047,22.515525817871094,21.800521850585938,20.012367248535156,18.134794235229492,27091.751953125,155.99842834472656,67.5516357421875,44.17866897583008,37.92886734008789,28.585020065307617,25.18808937072754,24.000574111938477,21.11739730834961
785000,795001,17,9,252,213,1,37174.40234375,311.86993408203125,118.06322479248047,82.26165771484375,64.4214096069336,56.099552154541016,47.226810455322266,43.40092468261719,37.620731353759766,31.072242736816406,27.141706466674805,26.343019485473633,23.980398178100586,23.609107971191406,21.314891815185547,20.645946502685547,19.290361404418945,27084.271484375,153.3040771484375,67.45008087158203,47.57366180419922,38.353797912597656,29.840044021606445,26.534221649169922,24.96451759338379,21.068603515625
790000,800001,17,9,251,210,0,36838.26171875,313.23089599609375,114.46699523925781,86.45301818847656,64.92941284179688,53.32270050048828,50.82817459106445,43.35182189941406,37.77312088012695,33.73707962036133,30.079883575439453,26.467151641845703,25.68958282470703,24.208538055419922,23.285755157470703,21.806705474853516,20.5488224029541,26827.830078125,141.44960021972656,69.89746856689453,49.99837875366211,40.43027877807617,31.704397201538086,26.94639015197754,25.641054153442383,22.527862548828125
790000,800001,17,9,251,210,1,36830.94921875,310.56207275390625,115.00682830810547,86.7487564086914,64.39332580566406,50.67538833618164,48.902408599853516,46.7786865234375,39.57817840576172,34.72867965698242,30.44579315185547,26.46216583251953,25.407146453857422,23.070653915405273,22.568384170532227,20.890348434448242,18.339801788330078,26824.5390625,144.17459106445312,68.5470962524414,48.81275177001953,41.04128646850586,31.900545120239258,26.726125717163086,26.339218139648438,20.211315155029297
795000,805001,17,9,254,215,0,37090.37890625,367.2748107910156,140.62289428710938,84.76150512695312,69.12802124023438,55.57636260986328,48.8939094543457,45.50326156616211,39.966819763183594,32.873661041259766,27.880054473876953,26.912750244140625,23.313447952270508,22.55318832397461,21.448991775512695,18.57762336730957,18.059541702270508,27004.59375,194.34706115722656,69.79398345947266,57.087703704833984,44.614036560058594,34.12343978881836,25.823394775390625,23.88453483581543,22.774362564086914
795000,805001,17,9,254,215,1,37115.0078125,362.356689453125,138.36883544921875,82.64217376708984,73.0116195678711,50.772071838378906,49.278160095214844,44.45030212402344,39.73954391479492,30.777387619018555,29.784351348876953,27.70914077758789,24.58642578125,23.260255813598633,20.47096061706543,19.679367065429688,17.376766204833984,27023.982421875,188.23126220703125,73.4653091430664,51.152400970458984,48.38552474975586,31.791507720947266,28.373144149780273,24.90818977355957,21.3306884765625
800000,810001,17,9,248,207,0,36786.0625,337.66815185546875,112.37743377685547,86.34146118164062,70.02376556396484,52.648033142089844,52.13246154785156,43.80257034301758,38.660091400146484,34.140811920166016,30.736801147460938,27.982675552368164,26.34246253967285,23.896560668945312,22.665536880493164,20.676931381225586,18.577796936035156,26799.599609375,131.4440460205078,69.96880340576172,47.22013473510742,37.249759674072266,36.535430908203125,26.377199172973633,24.58517837524414,22.567974090576172
800000,810001,17,9,248,207,1,36776.8828125,337.40203857421875,112.06866455078125,86.81309509277344,65.66187286376953,50.27031326293945,49.25006866455078,44.03849411010742,37.92927551269531,33.94853210449219,30.30234146118164,26.079803466796875,25.267547607421875,23.611827850341797,21.751693725585938,20.707141876220703,18.658533096313477,26794.134765625,129.6490020751953,69.36003112792969,44.89948272705078,39.79826736450195,34.81615447998047,26.122413635253906,24.407068252563477,20.666311264038086
805000,815001,17,9,253,214,0,37022.46875,298.16473388671875,118.12751007080078,83.66911315917969,69.44768524169922,56.146053314208984,49.265869140625,46.58839416503906,43.83844757080078,33.356170654296875,29.251359939575195,27.50228500366211,26.64527130126953,24.864845275878906,24.487197875976562,22.744348526000977,21.78778839111328,26977.513671875,140.23519897460938,64.23689270019531,49.83858108520508,43.87733840942383,29.87371253967285,26.842546463012695,25.28936004638672,23.155967712402344
805000,815001,17,9,253,214,1,36990.38671875,296.47857666015625,118.18168640136719,81.07099914550781,69.55132293701172,55.65909957885742,50.5443229675293,47.27126693725586,45.81882858276367,35.4166259765625,29.80689239501953,27.620725631713867,27.16779899597168,25.950119018554688,24.068851470947266,22.396263122558594,21.193313598632812,26953.123046875,138.85792541503906,64.64779663085938,51.47203826904297,41.89388656616211,31.229148864746094,28.37649917602539,24.446788787841797,23.349653244018555
810000,820001,17,9,245,210,0,36514.0234375,303.5422058105469,139.1021270751953,97.9802474975586,79.02879333496094,54.078514099121094,53.39372253417969,46.31198501586914,41.03864669799805,34.7554931640625,33.941444396972656,32.238555908203125,29.21529769897461,27.46723175048828,25.10830307006836,22.651508331298828,21.63094711303711,26595.0546875,151.00315856933594,73.4861831665039,55.13383102416992,42.04398727416992,33.48906707763672,30.614974975585938,27.83222007751465,25.424612045288086
810000,820001,17,9,245,210,1,36482.16796875,302.1917419433594,137.39732360839844,96.13887023925781,78.88507080078125,53.97427749633789,45.0775032043457,41.49007797241211,37.25642013549805,31.351940155029297,29.626176834106445,28.222043991088867,26.60529327392578,25.302370071411133,23.94705581665039,22.614910125732422,20.905120849609375,26572.365234375,149.5756378173828,73.0501708984375,48.39879608154297,36.822383880615234,31.763179779052734,27.212730407714844,24.610515594482422,22.881996154785156
815000,825001,17,9,249,208,0,37451.5703125,254.85459899902344,128.97457885742188,89.64060974121094,73.1657943725586,64.71287536621094,57.877113342285156,51.61111831665039,40.461387634277344,31.393972396850586,30.93671989440918,26.87020492553711,25.748619079589844,24.90423011779785,22.806720733642578,21.582273483276367,18.900358200073242,27272.646484375,133.00502014160156,70.68077087402344,54.60274887084961,51.592185974121094,36.33527755737305,25.75981330871582,24.33528709411621,21.402246475219727
815000,825001,17,9,249,208,1,37471.74609375,253.1174774169922,128.69223022460938,88.66210174560547,72.2890396118164,57.84977722167969,52.755088806152344,49.92206573486328,35.98051452636719,30.358190536499023,28.284862518310547,26.523555755615234,23.99941062927246,21.889171600341797,20.927644729614258,19.29762077331543,18.25398826599121,27288.796875,131.35694885253906,68.51065063476562,48.596702575683594,44.49271774291992,32.148712158203125,24.523883819580078,21.530424118041992,20.905284881591797
820000,830001,17,9,252,223,0,37442.06640625,286.30902099609375,103.7016830444336,83.45845031738281,60.94475173950195,53.670963287353516,42.744136810302734,38.98028564453125,34.1620979309082,30.496013641357422,27.104841232299805,26.16385269165039,25.37523651123047,23.284873962402344,22.334468841552734,21.52037811279297,18.186342239379883,27276.88671875,134.5783233642578,66.074951171875,45.96369934082031,33.33781051635742,28.5457820892334,24.569103240966797,23.584692001342773,20.429580688476562
820000,830001,17,9,252,223,1,37406.7734375,285.2350769042969,103.31873321533203,77.99231719970703,62.85987091064453,49.68689727783203,46.36652755737305,37.83454513549805,34.5123176574707,30.305198669433594,25.539539337158203,24.249784469604492,23.37403678894043,22.505701065063477,20.32656478881836,18.412023544311523,16.414213180541992,27251.052734375,133.40724182128906,63.81993865966797,46.13507843017578,34.255393981933594,28.698486328125,23.51443099975586,20.831899642944336,18.72899627685547
825000,835001,17,9,251,213,0,37644.72265625,274.52667236328125,109.02816009521484,82.47377014160156,57.95187759399414,50.482383728027344,42.50446319580078,40.16168212890625,34.84368133544922,30.743043899536133,26.391117095947266,25.84635353088379,25.253183364868164,23.867799758911133,22.272974014282227,20.792448043823242,19.54105567932129,27427.0546875,132.1600341796875,63.91365051269531,43.79741668701172,36.898075103759766,28.671586990356445,25.28284454345703,23.806678771972656,23.045360565185547
825000,835001,17,9,251,213,1,37650.3203125,269.884521484375,110.74830627441406,81.35474395751953,58.38389205932617,52.33717346191406,46.98052978515625,40.91047286987305,35.88747024536133,29.89720344543457,29.080793380737305,25.59071922302246,25.158967971801758,23.27334976196289,22.694316864013672,20.377887725830078,20.053251266479492,27431.658203125,132.3558349609375,64.63540649414062,46.281185150146484,39.37940979003906,27.762792587280273,26.09297752380371,24.90646743774414,23.311527252197266
830000,840001,17,9,252,207,0,37494.29296875,271.2215270996094,119.6639633178711,81.81355285644531,60.289669036865234,53.53750228881836,43.328433990478516,40.58155822753906,36.54225158691406,30.22895622253418,27.218252182006836,26.309772491455078,25.666522979736328,22.295984268188477,21.416406631469727,19.889368057250977,19.553815841674805,27308.353515625,136.38673400878906,64.11519622802734,50.011741638183594,38.0179443359375,30.718109130859375,26.256502151489258,21.850696563720703,20.792373657226562
830000,840001,17,9,252,207,1,37490.37890625,270.8299255371094,121.0822525024414,79.91285705566406,61.12289047241211,55.9439582824707,46.73353958129883,42.619571685791016,39.10033416748047,32.12031555175781,28.519437789916992,25.854473114013672,24.300926208496094,23.88174819946289,23.274932861328125,21.280668258666992,20.482177734375,27305.888671875,137.9119110107422,65.80825805664062,52.10771560668945,39.764991760253906,32.628807067871094,26.32607078552246,24.152952194213867,22.470678329467773
835000,845001,17,9,250,216,0,37127.90234375,352.8638610839844,136.3148956298828,98.2436294555664,68.0138931274414,57.67139434814453,45.81190490722656,41.65522384643555,39.56374740600586,31.418346405029297,29.050180435180664,27.972604751586914,26.279342651367188,26.25065803527832,23.918498992919922,23.72845458984375,20.13112449645996,27055.46484375,159.71670532226562,81.64466857910156,52.944637298583984,43.88438415527344,30.817920684814453,28.037309646606445,26.150371551513672,24.461374282836914
835000,845001,17,9,250,216,1,37133.1484375,353.6988220214844,134.67596435546875,100.91190338134766,70.2922134399414,58.60009002685547,48.925724029541016,47.33732986450195,37.38982391357422,31.25840187072754,28.674095153808594,26.67835807800293,24.471492767333984,23.799222946166992,22.890098571777344,20.55683708190918,19.207134246826172,27060.705078125,159.3850555419922,82.47393035888672,53.21440887451172,47.16597366333008,31.483543395996094,25.441858291625977,24.15908432006836,22.09505844116211
840000,850001,17,9,254,211,0,37788.73046875,340.7630615234375,114.66626739501953,83.42001342773438,66.13321685791016,55.94367980957031,51.25267028808594,47.97371292114258,37.153785705566406,29.77064323425293,27.519807815551758,25.912567138671875,25.24616813659668,23.441741943359375,21.321365356445312,20.377307891845703,20.015174865722656,27512.4765625,147.44895935058594,68.25678253173828,50.6280632019043,46.070045471191406,32.155723571777344,26.1317138671875,22.07975959777832,20.835111618041992
840000,850001,17,9,254,211,1,37801.85546875,340.5281982421875,112.37086486816406,83.21388244628906,64.37962341308594,52.994197845458984,47.17073059082031,45.819034576416016,37.70062255859375,28.36539649963379,27.388038635253906,26.790632247924805,24.562976837158203,23.38768196105957,21.479427337646484,21.294301986694336,19.59381675720215,27519.46484375,148.31678771972656,69.53278350830078,48.50179672241211,42.116119384765625,32.860069274902344,27.83828353881836,24.15013885498047,21.1751651763916
845000,855001,17,9,253,218,0,37437.15625,326.107421875,141.82179260253906,96.46135711669922,72.6524429321289,55.95338439941406,44.16739273071289,39.05664825439453,36.0760383605957,33.296485900878906,31.261186599731445,29.710338592529297,26.633060455322266,25.463272094726562,24.760786056518555,22.52473258972168,20.691579818725586,27257.115234375,166.76278686523438,74.9206314086914,44.858978271484375,35.375553131103516,32.00189971923828,29.471757888793945,24.98099136352539,22.274194717407227
845000,855001,17,9,253,218,1,37414.5703125,327.37066650390625,143.02769470214844,99.495849609375,69.87545013427734,61.557533264160156,44.91401672363281,43.63408279418945,36.93244171142578,32.6728401184082,29.840116500854492,29.090511322021484,28.977588653564453,26.535175323486328,25.660015106201172,22.71360969543457,22.205867767333984,27241.77734375,168.14138793945312,73.52084350585938,45.872215270996094,37.77825927734375,31.438419342041016,29.10479164123535,24.63935661315918,22.638668060302734
850000,860001,17,9,252,213,0,37268.30078125,338.05401611328125,152.47625732421875,94.33671569824219,78.2520980834961,60.643863677978516,48.57722091674805,45.76551818847656,42.66029739379883,33.18470001220703,30.88056182861328,27.891149520874023,26.744081497192383,23.80249786376953,23.225879669189453,21.876174926757812,18.876083374023438,27148.2265625,159.7628173828125,74.85551452636719,57.14030075073242,43.89681625366211,30.56029510498047,27.545421600341797,23.50834083557129,22.923965454101562
850000,860001,17,9,252,213,1,37272.3046875,337.5014953613281,150.35824584960938,95.8612289428711,80.1490707397461,60.41312789916992,48.740230560302734,45.23866271972656,41.174827575683594,34.27679443359375,30.210973739624023,27.95692253112793,25.610902786254883,23.46574592590332,22.46097183227539,20.804351806640625,18.884906768798828,27151.240234375,155.9391326904297,75.8785171508789,57.69163131713867,40.475555419921875,33.10919189453125,26.167959213256836,22.90332794189453,21.648059844970703
855000,865001,17,9,252,218,0,37939.78125,269.74566650390625,115.94425201416016,75.04515838623047,66.86385345458984,49.310325622558594,44.50019836425781,39.01188659667969,34.89078903198242,27.553354263305664,27.040122985839844,24.470962524414062,22.32525062561035,21.349872589111328,20.032487869262695,18.2354736328125,16.700138092041016,27642.611328125,128.30731201171875,62.73680877685547,43.5841178894043,40.458274841308594,29.3336181640625,24.62186050415039,23.248233795166016,21.44696044921875
855000,865001,17,9,252,218,1,37951.53515625,272.5088806152344,120.83443450927734,78.42623901367188,65.87036895751953,52.061187744140625,47.47459030151367,42.38828659057617,36.65971755981445,28.991363525390625,28.07851791381836,27.622724533081055,25.391345977783203,24.47316551208496,20.415157318115234,20.26868438720703,18.877206802368164,27650.732421875,131.15980529785156,63.43534469604492,46.72904586791992,40.379966735839844,29.905681610107422,26.86656379699707,24.786178588867188,21.09576988220215
860000,870001,17,9,253,222,0,37767.24609375,372.1445617675781,157.93646240234375,113.2630615234375,64.09159088134766,55.388057708740234,51.76105880737305,43.94979476928711,40.079097747802734,31.852371215820312,30.754165649414062,28.098281860351562,26.699228286743164,24.515798568725586,23.440336227416992,21.502904891967773,19.65924072265625,27501.12109375,215.61903381347656,89.74166870117188,57.949928283691406,50.54281997680664,36.507686614990234,30.7121639251709,24.10344696044922,23.74757194519043
860000,870001,17,9,253,222,1,37744.15625,371.2561950683594,157.98309326171875,108.8648452758789,66.29621124267578,55.4472770690918,48.600337982177734,44.65317916870117,42.11384963989258,30.89942741394043,30.45406150817871,28.051288604736328,25.952848434448242,25.189403533935547,22.503219604492188,20.040491104125977,18.756099700927734,27485.30859375,214.87631225585938,84.33844757080078,56.08403778076172,45.68210220336914,38.06257247924805,28.415233612060547,23.50296974182129,21.623376846313477
865000,875001,17,9,253,208,0,38028.48046875,574.6553955078125,116.43109893798828,80.77022552490234,72.17888641357422,53.76857376098633,48.25591278076172,43.61747360229492,38.68421936035156,36.386295318603516,26.6335506439209,25.351024627685547,23.9727783203125,22.31288719177246,21.695384979248047,18.471906661987305,18.017593383789062,27692.658203125,221.79100036621094,70.3829574584961,51.00140380859375,42.213314056396484,38.65148162841797,26.352951049804688,24.06704330444336,21.60854721069336
865000,875001,17,9,253,208,1,38041.05078125,574.4925537109375,113.77400207519531,82.51168060302734,72.64256286621094,57.84322738647461,50.921234130859375,47.85676956176758,37.08012390136719,34.1948127746582,29.163427352905273,26.54909896850586,24.625450134277344,23.441177368164062,21.835514068603516,20.80019187927246,19.862445831298828,27702.240234375,216.80996704101562,68.31659698486328,51.93684387207031,47.557762145996094,42.45100784301758,25.441415786743164,24.249269485473633,23.07575035095215
870000,880001,17,9,250,210,0,37697.90625,293.14202880859375,113.18778228759766,70.4090347290039,64.15813446044922,48.928165435791016,47.065216064453125,43.887882232666016,36.336334228515625,31.254741668701172,27.31786346435547,26.921228408813477,25.293256759643555,24.122005462646484,22.5732364654541,21.109785079956055,20.088314056396484,27450.25390625,126.3210220336914,59.81830596923828,46.02012634277344,40.15891647338867,31.1124210357666,25.640419006347656,24.576053619384766,22.717220306396484
870000,880001,17,9,250,210,1,37698.5234375,297.3359680175781,112.78923034667969,72.03358459472656,63.744651794433594,49.7894287109375,43.81968307495117,40.030391693115234,34.88630676269531,28.49208641052246,26.993000030517578,26.056331634521484,24.25712013244629,22.544370651245117,20.453454971313477,19.864885330200195,18.88422393798828,27451.654296875,129.2118377685547,57.106327056884766,40.56325149536133,38.39413070678711,29.422439575195312,24.37799835205078,22.005027770996094,21.40675926208496
875000,885001,17,9,251,215,0,37625.765625,326.3560485839844,124.74588012695312,100.58007049560547,70.16593170166016,53.25162124633789,51.08018493652344,46.40731430053711,42.37974166870117,31.504697799682617,29.409448623657227,27.000120162963867,25.998947143554688,24.893108367919922,23.368207931518555,22.088720321655273,20.559192657470703,27420.591796875,146.5432586669922,77.287353515625,52.651649475097656,44.67078399658203,30.892637252807617,27.955320358276367,25.640737533569336,23.33746337890625
875000,885001,17,9,251,215,1,37656.953125,328.0325927734375,119.8342056274414,98.58562469482422,71.71998596191406,54.080997467041016,53.5501708984375,52.03924560546875,50.320396423339844,31.62387466430664,30.42835807800293,28.266963958740234,26.229753494262695,24.005992889404297,23.542203903198242,22.374025344848633,19.35125732421875,27445.642578125,144.11659240722656,75.13480377197266,53.15217208862305,49.615577697753906,36.880943298339844,26.50240707397461,24.363176345825195,23.54524040222168
880000,890001,17,9,255,225,0,37782.078125,321.7966003417969,122.98870086669922,85.7242431640625,73.84099578857422,52.818050384521484,48.69620895385742,45.3669548034668,41.31620407104492,31.621185302734375,29.449440002441406,26.549301147460938,24.64287567138672,22.714473724365234,20.517742156982422,19.92440414428711,19.180519104003906,27513.96484375,151.1566162109375,73.80225372314453,52.46871566772461,42.001808166503906,32.77439880371094,24.867225646972656,21.684473037719727,21.384305953979492
880000,890001,17,9,255,225,1,37772.1484375,323.14599609375,126.17662811279297,87.76277160644531,74.20445251464844,52.93613815307617,46.601749420166016,44.009239196777344,36.044368743896484,31.482141494750977,29.295448303222656,27.283939361572266,23.961036682128906,23.52284812927246,21.311420440673828,20.289525985717773,19.671213150024414,27507.236328125,151.71719360351562,76.98101806640625,50.23087692260742,37.50697708129883,31.18764305114746,26.59482765197754,23.3987979888916,20.798442840576172
885000,895001,17,9,252,221,0,38340.6796875,292.7789001464844,134.76747131347656,91.71636199951172,66.72178649902344,50.45426559448242,44.76045608520508,43.847328186035156,34.73771667480469,31.302631378173828,30.25171661376953,29.189586639404297,26.918752670288086,23.711502075195312,23.28119468688965,20.869951248168945,19.02427101135254,27914.3046875,163.8470916748047,68.75759887695312,52.84785842895508,38.86837387084961,32.40400695800781,27.998281478881836,25.18053436279297,21.515100479125977
885000,895001,17,9,252,221,1,38336.6328125,296.3133544921875,134.28652954101562,93.13168334960938,69.87020874023438,50.5541877746582,45.82037353515625,40.518821716308594,36.53339385986328,32.361061096191406,29.801406860351562,27.650413513183594,24.67184829711914,23.6943416595459,22.537033081054688,21.136058807373047,19.084394454956055,27910.953125,162.03709411621094,71.34001159667969,52.0112419128418,39.1308479309082,32.31828308105469,25.41490364074707,23.44579315185547,22.549501419067383
890000,900001,17,9,252,215,0,38128.33984375,330.27935791015625,216.61996459960938,102.01432800292969,67.69892883300781,51.83494186401367,47.616397857666016,38.5318603515625,34.67575454711914,33.36884689331055,27.6057071685791,25.861968994140625,24.96617889404297,24.445850372314453,22.949567794799805,22.36187171936035,19.120576858520508,27762.546875,159.14385986328125,70.2896499633789,45.32449722290039,36.09953689575195,32.456687927246094,25.49741554260254,24.145601272583008,22.275646209716797
890000,900001,17,9,252,215,1,38138.81640625,328.6435241699219,205.906005859375,100.35397338867188,69.82466888427734,53.99491882324219,44.09599685668945,40.80311584472656,36.644432067871094,32.23736572265625,30.05462646484375,27.921710968017578,25.574382781982422,24.425100326538086,23.7608699798584,22.47858428955078,21.376304626464844,27769.88671875,158.9889373779297,69.76105499267578,44.60343933105469,39.834503173828125,32.38105773925781,28.191980361938477,25.437761306762695,24.047908782958984
895000,905001,17,9,253,217,0,37778.1484375,307.6321716308594,141.922607421875,90.65203094482422,73.33685302734375,54.90765380859375,45.004005432128906,41.06004333496094,36.12506103515625,30.732406616210938,28.164583206176758,27.40104103088379,26.3359375,24.348108291625977,22.92011833190918,21.730167388916016,20.25980567932129,27501.640625,169.79029846191406,81.36598205566406,51.848472595214844,36.100711822509766,29.91279411315918,27.20589256286621,25.63381576538086,23.558391571044922
895000,905001,17,9,253,217,1,37753.95703125,313.0942077636719,145.35275268554688,92.69791412353516,74.041015625,58.47210693359375,46.672996520996094,42.55306625366211,39.14633560180664,33.118141174316406,30.46110725402832,28.515792846679688,27.610708236694336,26.354694366455078,23.63014030456543,23.205829620361328,21.079607009887695,27484.28515625,175.50094604492188,85.83750915527344,57.29450988769531,38.13704299926758,34.174259185791016,29.278532028198242,25.821481704711914,24.493331909179688
900000,910001,17,9,252,217,0,37796.8671875,357.8004455566406,133.6407012939453,88.2483901977539,62.33548355102539,55.78768539428711,50.61781692504883,41.364952087402344,38.8962287902832,34.2929573059082,27.8161678314209,25.204580307006836,24.23052978515625,23.26300621032715,21.895721435546875,21.511438369750977,20.08662986755371,27539.671875,168.00537109375,62.782203674316406,45.67377471923828,40.18810272216797,30.11126136779785,25.37856674194336,24.359867095947266,21.611373901367188
900000,910001,17,9,252,217,1,37787.09765625,349.59442138671875,135.74085998535156,84.1449966430664,62.61260986328125,51.588897705078125,46.96875762939453,41.790523529052734,36.812191009521484,34.252471923828125,31.430572509765625,29.370481491088867,27.552217483520508,25.83382225036621,24.711565017700195,24.29082489013672,20.205127716064453,27533.435546875,161.07577514648438,63.02759552001953,47.45265579223633,36.09878158569336,32.50607681274414,28.883953094482422,26.0390682220459,23.62689208984375
905000,915001,17,9,251,220,0,37873.95703125,259.5293273925781,129.6807098388672,79.5773696899414,69.120361328125,53.422447204589844,47.18130111694336,43.21745300292969,38.709373474121094,30.143821716308594,27.753297805786133,27.384206771850586,25.600942611694336,24.31618309020996,22.327037811279297,19.779743194580078,17.73122215270996,27577.845703125,143.28851318359375,66.41822814941406,47.58979415893555,42.73550033569336,32.082279205322266,26.313365936279297,25.653966903686523,21.530763626098633
905000,915001,17,9,251,220,1,37862.83203125,259.4937744140625,132.02960205078125,79.39849853515625,68.92186737060547,55.47281265258789,50.251766204833984,48.64097595214844,40.151729583740234,28.24582290649414,26.524433135986328,25.501073837280273,23.699356079101562,22.702404022216797,20.777341842651367,19.99626922607422,18.115201950073242,27570.55078125,143.54638671875,66.92955017089844,50.211273193359375,43.67842102050781,30.281696319580078,26.50763702392578,24.106040954589844,21.940481185913086
910000,920001,17,9,252,226,0,37716.5,305.8829345703125,123.45867919921875,80.88578796386719,69.05418395996094,53.97411346435547,49.176631927490234,46.392704010009766,41.51384735107422,35.93425369262695,30.98447608947754,30.074995040893555,28.396448135375977,24.42346954345703,22.44637680053711,21.611013412475586,20.719932556152344,27467.001953125,138.3988800048828,68.1292953491211,48.519371032714844,43.43330764770508,35.905399322509766,30.402690887451172,24.216554641723633,23.108211517333984
910000,920001,17,9,252,226,1,37738.19140625,304.97271728515625,124.75018310546875,83.28771209716797,71.3247299194336,56.6258544921875,51.4095573425293,48.56934356689453,39.34455108642578,32.988834381103516,32.602935791015625,29.081111907958984,26.885738372802734,25.988744735717773,25.84728240966797,21.573505401611328,19.669401168823242,27482.4140625,139.40692138671875,71.60297393798828,50.6409912109375,47.615455627441406,35.3006591796875,29.770618438720703,26.570327758789062,22.738847732543945
915000,925001,17,9,252,224,0,38182.15234375,282.56268310546875,129.95965576171875,85.35247039794922,64.44003295898438,63.32524108886719,54.77192306518555,51.28324890136719,40.520442962646484,31.188331604003906,28.56682777404785,26.356002807617188,25.62000274658203,22.940160751342773,21.27535057067871,20.50750732421875,19.581619262695312,27806.89453125,167.23641967773438,62.96241760253906,51.000518798828125,48.910465240478516,32.89065933227539,26.182498931884766,23.39874267578125,20.248146057128906
915000,925001,17,9,252,224,1,38160.75,285.6195068359375,127.53766632080078,85.81302642822266,63.312374114990234,54.34292221069336,50.682830810546875,48.34885025024414,38.41978454589844,32.48347091674805,27.107574462890625,25.346403121948242,24.564016342163086,22.852405548095703,22.152061462402344,21.21833038330078,18.832101821899414,27790.54296875,164.7411651611328,61.48984146118164,46.02025604248047,40.10376739501953,31.603118896484375,25.100543975830078,23.55657196044922,19.84638786315918
920000,930001,17,9,253,229,0,38045.50390625,283.3128662109375,121.58697509765625,86.0678939819336,60.69538497924805,55.40486526489258,46.18836975097656,44.82433319091797,38.45841598510742,31.835264205932617,28.372814178466797,24.963199615478516,23.23537254333496,22.638824462890625,22.467052459716797,20.492128372192383,19.91620635986328,27705.458984375,141.53009033203125,62.0983772277832,50.184871673583984,42.38942337036133,32.41997528076172,24.033742904663086,22.822654724121094,20.958053588867188
920000,930001,17,9,253,229,1,38040.24609375,283.391357421875,122.06356048583984,86.1404037475586,63.37559127807617,56.979679107666016,47.4109001159668,44.74116897583008,39.85628890991211,29.561248779296875,28.671371459960938,25.942363739013672,23.32510757446289,22.747926712036133,22.365840911865234,21.129722595214844,20.09355926513672,27701.560546875,144.45628356933594,61.648658752441406,51.784481048583984,40.948795318603516,30.87281608581543,24.906787872314453,23.47000503540039,21.498703002929688
925000,935001,17,9,252,224,0,37477.75390625,328.17767333984375,150.7063751220703,88.05673217773438,66.56708526611328,56.7060661315918,42.759674072265625,36.690250396728516,35.8254280090332,29.085817337036133,27.698957443237305,26.385839462280273,24.8583927154541,23.80874252319336,23.15247917175293,21.039045333862305,18.14059829711914,27306.8046875,177.9676513671875,63.29379653930664,43.5339241027832,35.259891510009766,27.620084762573242,25.676950454711914,22.68791389465332,19.076946258544922
925000,935001,17,9,252,224,1,37490.12109375,334.43798828125,149.96011352539062,89.77609252929688,69.0755844116211,60.37543869018555,45.57088851928711,37.10308837890625,34.63763427734375,29.315593719482422,27.03546142578125,25.757633209228516,24.964040756225586,22.436649322509766,21.28762435913086,20.715417861938477,18.983610153198242,27315.99609375,180.41714477539062,66.19159698486328,41.614959716796875,36.88948440551758,27.497770309448242,24.023488998413086,22.367889404296875,21.26163101196289
930000,940001,17,9,250,222,0,37980.76953125,329.7553405761719,140.82119750976562,87.04385375976562,67.42906188964844,50.51869583129883,41.67377471923828,38.29764938354492,37.69839096069336,31.155853271484375,28.197969436645508,25.82522964477539,24.13218879699707,22.843229293823242,21.43730354309082,19.9442138671875,18.031085968017578,27655.962890625,127.3957290649414,73.92196655273438,44.17353820800781,38.54743576049805,28.44658851623535,25.08889389038086,22.362180709838867,21.15310287475586
930000,940001,17,9,250,222,1,37987.28515625,334.1278076171875,141.08901977539062,86.77709197998047,68.87073516845703,52.68047332763672,43.458038330078125,40.89683532714844,38.928321838378906,30.077190399169922,28.21273422241211,25.53813934326172,23.9296875,22.289718627929688,20.9195556640625,19.38549041748047,18.153249740600586,27661.185546875,126.33496856689453,70.14735412597656,46.655418395996094,38.49528503417969,26.72529411315918,25.45988655090332,23.036008834838867,19.303701400756836
935000,945001,17,9,253,223,0,38297.42578125,292.4061584472656,125.7779769897461,83.95578002929688,63.701416015625,55.465972900390625,49.168701171875,47.39177703857422,40.23148727416992,29.125316619873047,28.296541213989258,25.280380249023438,24.68140411376953,23.325645446777344,22.194265365600586,20.90227699279785,19.01190757751465,27890.97265625,150.2491912841797,64.63724517822266,52.219947814941406,42.060203552246094,30.515552520751953,26.469850540161133,23.391355514526367,22.64013671875
935000,945001,17,9,253,223,1,38320.6640625,293.3404235839844,125.8989028930664,85.1915283203125,67.2024154663086,65.31954193115234,57.79777908325195,48.532981872558594,39.13148880004883,32.64848709106445,30.56753921508789,27.316469192504883,25.96137809753418,23.412860870361328,22.169662475585938,20.09099578857422,18.719816207885742,27908.048828125,151.28102111816406,65.13310241699219,56.338050842285156,49.85597610473633,33.7625732421875,26.462730407714844,22.889705657958984,21.734203338623047
940000,950001,17,9,251,228,0,38052.796875,319.3348693847656,109.63276672363281,80.32330322265625,57.94139862060547,53.33723068237305,48.56617736816406,42.97434616088867,36.96365737915039,28.86162757873535,28.471641540527344,26.612489700317383,24.859132766723633,23.401620864868164,21.483232498168945,19.912517547607422,19.275390625,27734.240234375,144.18673706054688,60.446834564208984,52.354225158691406,42.79864501953125,29.374897003173828,26.040647506713867,24.77039909362793,21.99960708618164
940000,950001,17,9,251,228,1,38046.734375,318.5079650878906,105.42896270751953,80.83031463623047,59.6449089050293,53.43162155151367,46.162715911865234,42.470947265625,34.727752685546875,31.4515323638916,26.856014251708984,24.35401725769043,22.79102897644043,22.127161026000977,20.459943771362305,19.116985321044922,17.915815353393555,27730.365234375,142.587890625,61.437191009521484,50.567955017089844,39.32985305786133,28.09324836730957,23.77268409729004,21.940471649169922,20.470672607421875
945000,955001,17,9,255,225,0,38747.296875,291.95452880859375,137.3775634765625,94.84174346923828,62.415855407714844,55.46482467651367,53.154510498046875,46.18450164794922,40.05607986450195,31.489112854003906,27.54890251159668,25.151554107666016,24.642873764038086,22.6842041015625,21.054506301879883,20.1214542388916,18.173999786376953,28204.490234375,146.66249084472656,70.25318908691406,52.62474060058594,44.49297332763672,30.74451446533203,27.21092987060547,23.049144744873047,18.71176528930664
945000,955001,17,9,255,225,1,38745.22265625,289.5126037597656,129.168212890625,91.40343475341797,61.043540954589844,51.414390563964844,45.904258728027344,42.33295440673828,38.47856140136719,29.57453155517578,28.895843505859375,26.108922958374023,25.057971954345703,24.21335792541504,22.190216064453125,21.807464599609375,18.664386749267578,28201.75390625,142.5786895751953,69.95369720458984,47.934661865234375,41.355308532714844,30.914382934570312,27.144268035888672,24.136449813842773,20.784955978393555
950000,960001,17,9,255,234,0,38830.41015625,230.49404907226562,114.60419464111328,83.30760955810547,66.13453674316406,53.46516418457031,49.73014831542969,42.188697814941406,40.92479705810547,31.16758155822754,28.459829330444336,26.35121726989746,24.670507431030273,22.88079071044922,21.816036224365234,21.344087600708008,18.617055892944336,28266.3203125,126.2684097290039,70.4061279296875,50.59092712402344,40.04908752441406,31.84772491455078,25.222124099731445,22.552955627441406,20.3953857421875
950000,960001,17,9,255,234,1,38842.1796875,231.52333068847656,116.91175079345703,83.15048217773438,64.02226257324219,50.810123443603516,48.41655349731445,41.777015686035156,37.44143295288086,29.326936721801758,27.857627868652344,27.242809295654297,24.891061782836914,22.54385757446289,22.350500106811523,20.405424118041992,17.96465492248535,28274.1328125,129.23719787597656,68.85350799560547,47.435302734375,38.60871124267578,31.4996395111084,26.76955223083496,24.780963897705078,20.743188858032227
955000,965001,17,9,254,227,0,38995.734375,310.9015197753906,122.3937759399414,84.88093566894531,58.72710418701172,52.94477081298828,39.71062088012695,38.6664924621582,31.630779266357422,28.26184844970703,26.892642974853516,24.265792846679688,23.405763626098633,22.319196701049805,21.794843673706055,20.054107666015625,16.939369201660156,28401.984375,145.09036254882812,68.01245880126953,43.62102127075195,35.01280975341797,28.094003677368164,25.12683868408203,22.642311096191406,19.368408203125
955000,965001,17,9,254,227,1,39003.57421875,310.839599609375,123.04176330566406,87.87201690673828,60.47603988647461,52.30083084106445,40.763336181640625,35.804195404052734,33.01424789428711,27.7318058013916,26.80384063720703,24.78333282470703,23.1577091217041,22.230548858642578,21.32046890258789,18.67132568359375,17.9177303314209,28407.421875,145.50489807128906,71.68373107910156,41.600311279296875,34.21416091918945,26.398426055908203,25.967845916748047,23.56818962097168,20.330528259277344
960000,970001,17,9,253,220,0,38555.51171875,290.23065185546875,135.48326110839844,81.68314361572266,71.47237396240234,57.12427520751953,53.880455017089844,49.67826843261719,42.46424865722656,31.140460968017578,28.959169387817383,27.47196388244629,25.354511260986328,23.954174041748047,23.2940731048584,21.944610595703125,19.31026840209961,28069.0234375,139.9973907470703,64.74840545654297,48.888126373291016,44.16746139526367,32.149112701416016,25.027067184448242,23.99066734313965,23.212326049804688
960000,970001,17,9,253,220,1,38551.0703125,290.3621826171875,130.80398559570312,82.7105941772461,73.29283142089844,58.729026794433594,54.914852142333984,52.784019470214844,42.57049560546875,31.704193115234375,27.874467849731445,27.566997528076172,24.823692321777344,22.887168884277344,21.376340866088867,20.903703689575195,18.13814926147461,28065.57421875,139.09878540039062,64.89369201660156,49.706058502197266,47.853424072265625,33.73638153076172,23.92815399169922,23.440242767333984,21.106714248657227
965000,975001,17,9,248,220,0,38240.50390625,406.9397888183594,129.94021606445312,122.34552764892578,72.70399475097656,55.2938117980957,49.07177734375,45.370750427246094,38.449676513671875,32.23750686645508,29.586742401123047,27.777681350708008,26.23349952697754,24.897741317749023,23.478240966796875,21.51333236694336,21.249387741088867,27835.533203125,136.59918212890625,86.54242706298828,55.490478515625,39.276065826416016,33.985595703125,31.451763153076172,25.642791748046875,23.173969268798828
965000,975001,17,9,248,220,1,38250.5546875,404.7342224121094,127.18428039550781,116.85810852050781,67.14392852783203,58.06001663208008,53.61682891845703,49.3742561340332,39.641231536865234,32.219947814941406,29.428211212158203,28.33812713623047,24.933496475219727,23.596132278442383,21.47469139099121,20.729598999023438,20.483800888061523,27841.56640625,134.74118041992188,79.54081726074219,56.90037155151367,41.68780517578125,32.97625732421875,28.14044761657715,22.420320510864258,21.265880584716797
970000,980001,17,9,254,213,0,38699.234375,299.294677734375,127.0772933959961,81.27155303955078,72.07095336914062,53.5662727355957,52.1889762878418,43.93653869628906,41.822261810302734,32.207801818847656,29.1585693359375,27.466205596923828,26.07949447631836,25.44844627380371,23.44559097290039,21.82361602783203,19.260408401489258,28175.7890625,123.10509490966797,74.56314849853516,50.15055465698242,45.74042892456055,31.82907485961914,25.124401092529297,24.39702796936035,21.307756423950195
970000,980001,17,9,254,213,1,38709.66015625,297.4239196777344,127.8662109375,83.0029296875,71.35896301269531,56.22615432739258,54.481895446777344,47.356788635253906,42.84318542480469,32.459739685058594,30.392030715942383,29.08146858215332,25.06940269470215,24.485124588012695,23.322559356689453,20.725467681884766,20.010295867919922,28185.033203125,123.98001098632812,71.48101806640625,52.284263610839844,49.03859329223633,33.31237030029297,26.791728973388672,25.017908096313477,21.492109298706055
975000,985001,17,9,253,220,0,38521.9921875,283.6647644042969,135.12448120117188,89.7786636352539,63.263851165771484,55.17966842651367,48.91322326660156,45.13787078857422,40.70295715332031,32.34770584106445,30.435209274291992,28.917943954467773,27.640453338623047,24.635662078857422,23.762123107910156,21.45402717590332,19.549592971801758,28050.560546875,156.10350036621094,76.75437927246094,51.559959411621094,42.92280197143555,33.51903533935547,30.33817481994629,27.278156280517578,22.28993034362793
975000,985001,17,9,253,220,1,38537.7109375,283.3569030761719,132.9973907470703,89.7608871459961,60.84000778198242,60.525856018066406,56.755279541015625,48.822940826416016,41.34298324584961,31.22489356994629,30.06450080871582,29.185964584350586,27.20173454284668,24.424243927001953,23.381973266601562,22.30047035217285,19.670669555664062,28062.28515625,153.09616088867188,74.29698944091797,55.60728454589844,47.432334899902344,34.209556579589844,29.65240478515625,26.558683395385742,23.01957893371582
980000,990001,17,9,256,224,0,38319.578125,285.02520751953125,147.40943908691406,89.16297149658203,65.79273223876953,55.045467376708984,49.59659194946289,46.95920944213867,44.28042221069336,36.969425201416016,33.45073318481445,31.576417922973633,28.634872436523438,26.983814239501953,24.348087310791016,22.013818740844727,20.869028091430664,27911.74609375,153.0902862548828,71.37641143798828,50.94104766845703,45.48756790161133,34.2628059387207,27.358768463134766,26.27780532836914,23.38104248046875
980000,990001,17,9,256,224,1,38355.29296875,286.44940185546875,150.0652618408203,91.38534545898438,64.14799499511719,52.08351516723633,46.83985137939453,46.661216735839844,42.239498138427734,37.042972564697266,34.30097579956055,31.414459228515625,28.053884506225586,27.179670333862305,24.575603485107422,24.360305786132812,22.162992477416992,27937.537109375,153.86859130859375,70.36360168457031,48.25016403198242,41.5335693359375,32.394126892089844,29.762107849121094,26.006450653076172,24.910980224609375
985000,995001,17,9,253,229,0,38832.7421875,344.90399169921875,129.03082275390625,100.67066192626953,74.42981719970703,55.37274932861328,49.297061920166016,45.03886032104492,42.978797912597656,32.53550338745117,28.078641891479492,27.200929641723633,24.442428588867188,24.120878219604492,23.4890079498291,22.52484893798828,20.97027587890625,28255.1484375,155.9915771484375,81.49602508544922,56.234046936035156,45.974464416503906,34.8630256652832,26.66179084777832,24.607860565185547,22.630674362182617
985000,995001,17,9,253,229,1,38840.15625,339.95135498046875,130.1369171142578,97.81356048583984,72.04991149902344,55.66306686401367,51.501708984375,45.65963363647461,44.714210510253906,32.28488540649414,31.123870849609375,29.367568969726562,26.840076446533203,24.377899169921875,22.58179473876953,21.800525665283203,21.54804039001465,28260.865234375,153.5453643798828,80.00364685058594,54.79157638549805,47.965518951416016,34.59917068481445,28.42764663696289,25.783586502075195,22.83489227294922
