grad_step,env_steps,window_len,penalty_len,n_windows,unique_eps,critic,sv_01,sv_02,sv_03,sv_04,sv_05,sv_06,sv_07,sv_08,sv_09,sv_10,sv_11,sv_12,sv_13,sv_14,sv_15,sv_16,sv_17,pen_sv_01,pen_sv_02,pen_sv_03
0,10001,17,3,253,10,0,36.12126922607422,5.574399471282959,4.991394519805908,4.71519660949707,4.483518123626709,4.331974029541016,4.315414905548096,4.019745349884033,3.9498517513275146,3.7960517406463623,3.7656264305114746,3.6104815006256104,3.5410373210906982,3.4038991928100586,3.3455402851104736,3.1662349700927734,2.975487470626831,15.830046653747559,4.052093982696533,3.694135904312134
0,10001,17,3,253,10,1,22.007020950317383,4.4890265464782715,4.324207782745361,4.136691570281982,3.970261335372925,3.9059231281280518,3.780562400817871,3.752065420150757,3.5045230388641357,3.42417049407959,3.3758249282836914,3.2243683338165283,3.2028791904449463,3.048139810562134,2.991940498352051,2.6716673374176025,2.533435106277466,10.10007381439209,3.8369946479797363,3.4670612812042236
5000,15001,17,3,250,15,0,273.965087890625,73.97650909423828,42.32437515258789,31.039962768554688,22.33761215209961,21.46470832824707,19.443349838256836,16.489599227905273,14.494278907775879,13.09229564666748,11.390375137329102,10.32953929901123,9.586226463317871,9.054823875427246,8.06525707244873,7.885318279266357,7.691107749938965,124.56983184814453,18.323923110961914,10.887958526611328
5000,15001,17,3,250,15,1,269.7464904785156,73.52295684814453,41.77617263793945,30.31206703186035,22.352581024169922,20.911720275878906,18.6917724609375,16.557531356811523,13.291543006896973,12.738418579101562,10.96228313446045,10.270418167114258,9.475218772888184,8.840407371520996,8.608351707458496,8.141855239868164,7.521646022796631,121.7441177368164,17.283994674682617,10.254159927368164
10000,20001,17,3,253,20,0,538.2079467773438,88.24006652832031,56.81235122680664,36.559791564941406,31.347183227539062,24.898317337036133,22.968141555786133,20.93035888671875,19.510927200317383,16.964561462402344,13.676490783691406,12.685592651367188,12.354606628417969,11.37798023223877,11.092864990234375,10.497735023498535,9.390798568725586,223.67791748046875,21.283349990844727,12.704798698425293
10000,20001,17,3,253,20,1,535.1615600585938,87.23554229736328,56.4337272644043,36.059932708740234,30.21477699279785,24.295324325561523,21.93121337890625,19.833839416503906,19.664533615112305,16.813627243041992,13.501578330993652,12.324187278747559,11.573257446289062,11.384258270263672,10.112953186035156,10.037748336791992,9.602965354919434,222.47792053222656,20.513883590698242,12.711912155151367
15000,25001,17,3,248,25,0,821.9563598632812,108.2922592163086,56.825557708740234,38.513099670410156,29.239242553710938,24.190872192382812,19.30537223815918,16.613422393798828,14.74522876739502,11.984025001525879,8.03950309753418,6.876576900482178,6.152322292327881,5.793656826019287,5.587869644165039,5.270718574523926,4.783479690551758,357.1390686035156,21.828645706176758,8.550949096679688
15000,25001,17,3,248,25,1,814.3645629882812,107.65424346923828,56.315093994140625,38.32890701293945,28.065719604492188,23.85870361328125,19.357831954956055,18.46842384338379,15.362359046936035,12.633316993713379,8.80883502960205,7.129424571990967,6.737125873565674,6.111965656280518,5.422300338745117,5.1874799728393555,4.948137283325195,353.8304748535156,21.692829132080078,8.73532485961914
20000,30001,17,3,249,30,0,1205.0225830078125,118.0683822631836,64.40025329589844,34.1637077331543,31.24020767211914,26.050779342651367,20.971601486206055,19.793413162231445,17.40000343322754,14.125251770019531,9.357598304748535,8.150589942932129,7.449532508850098,6.8389739990234375,6.455953598022461,6.064171314239502,5.554086208343506,512.3053588867188,21.9486141204834,9.010351181030273
20000,30001,17,3,249,30,1,1205.594482421875,118.6750717163086,64.6701431274414,33.97039794921875,30.699811935424805,25.65483856201172,21.337331771850586,20.29254150390625,16.850255966186523,14.128804206848145,10.235414505004883,8.345830917358398,7.591018199920654,7.196975231170654,6.852585792541504,5.9766845703125,5.707284450531006,513.5322875976562,22.181344985961914,9.308390617370605
25000,35001,17,3,251,35,0,1568.6173095703125,140.86160278320312,75.54045867919922,38.4686164855957,30.8658504486084,25.071369171142578,20.105989456176758,19.077590942382812,17.319982528686523,14.984787940979004,10.419961929321289,8.103153228759766,7.781156539916992,7.543051719665527,6.82897424697876,6.5450825691223145,5.245799541473389,657.7611694335938,21.254972457885742,9.021361351013184
25000,35001,17,3,251,35,1,1561.2781982421875,141.19937133789062,75.49568176269531,39.81016540527344,31.809001922607422,24.815000534057617,22.0457706451416,19.40323257446289,18.75787353515625,16.144271850585938,10.315055847167969,9.43773365020752,8.773930549621582,7.639344215393066,7.177683353424072,6.725582122802734,6.164359092712402,654.9267578125,22.10170555114746,9.733372688293457
30000,40001,17,3,250,40,0,1870.9244384765625,130.28382873535156,62.8239631652832,41.41635513305664,30.40738868713379,25.288249969482422,20.087526321411133,18.258394241333008,17.288766860961914,14.622428894042969,11.42857551574707,9.904685974121094,8.711302757263184,8.253584861755371,7.444638252258301,7.178791046142578,6.7401814460754395,793.2095336914062,20.85276985168457,9.824530601501465
30000,40001,17,3,250,40,1,1872.3802490234375,129.5038299560547,63.290382385253906,40.152584075927734,31.818740844726562,26.478368759155273,21.79465675354004,18.695730209350586,17.224529266357422,14.854177474975586,11.873078346252441,10.774515151977539,8.812803268432617,8.601499557495117,8.369695663452148,8.138346672058105,7.3206305503845215,793.45556640625,22.52941131591797,10.749865531921387
35000,45001,17,3,252,44,0,2155.38525390625,139.7396697998047,62.96873092651367,43.4779167175293,35.582401275634766,28.293781280517578,23.43023681640625,20.522642135620117,19.692476272583008,17.67398452758789,12.435200691223145,11.598081588745117,10.359227180480957,8.88021183013916,8.735970497131348,7.819190979003906,6.884130477905273,897.6798095703125,22.9488582611084,10.897921562194824
35000,45001,17,3,252,44,1,2139.410400390625,139.03456115722656,63.69741439819336,43.5899543762207,36.5316276550293,28.927257537841797,23.49857521057129,21.33109474182129,18.785797119140625,16.352476119995117,12.607007026672363,11.7024564743042,10.297965049743652,9.748454093933105,7.998521327972412,7.743257999420166,6.862826824188232,890.1573486328125,23.1621150970459,11.986056327819824
40000,50001,17,3,255,50,0,2674.988525390625,183.3944091796875,75.0618896484375,54.871971130371094,41.25564193725586,32.22502517700195,25.853336334228516,23.888399124145508,22.422224044799805,17.174121856689453,14.841723442077637,12.998823165893555,12.608906745910645,11.46053695678711,10.846177101135254,10.296457290649414,10.249466896057129,1120.08349609375,29.486644744873047,12.60124397277832
40000,50001,17,3,255,50,1,2665.080322265625,182.4372100830078,75.53438568115234,54.365447998046875,39.67321014404297,32.19294357299805,26.88756561279297,23.467443466186523,21.505537033081055,16.86530113220215,14.22327709197998,13.543460845947266,11.426213264465332,10.766620635986328,10.245162963867188,9.960272789001465,8.01711654663086,1115.1143798828125,26.60869026184082,13.210585594177246
45000,55001,17,3,250,54,0,2936.8955078125,152.08657836914062,69.99634552001953,53.55496597290039,39.70539474487305,30.555727005004883,27.41242218017578,24.27375602722168,21.49220085144043,19.066679000854492,14.44985580444336,13.825791358947754,11.940801620483398,11.322555541992188,10.923789024353027,9.856889724731445,9.774317741394043,1234.1954345703125,27.30714988708496,14.066434860229492
45000,55001,17,3,250,54,1,2928.84326171875,153.88442993164062,71.32624053955078,56.99714660644531,37.71549606323242,31.4480037689209,25.787044525146484,22.165863037109375,20.87580680847168,18.838891983032227,15.018502235412598,13.488045692443848,11.962865829467773,11.516900062561035,11.235095977783203,10.459424018859863,10.230143547058105,1230.9886474609375,26.693994522094727,13.394097328186035
50000,60001,17,3,254,58,0,3358.258544921875,155.1403045654297,88.52969360351562,59.759033203125,40.739768981933594,33.472190856933594,31.20246696472168,29.2744197845459,27.1043643951416,21.943735122680664,17.36429786682129,15.566622734069824,14.865547180175781,13.102279663085938,12.612147331237793,11.792587280273438,11.208296775817871,1412.2177734375,29.742000579833984,16.32480239868164
50000,60001,17,3,254,58,1,3349.621337890625,153.7480010986328,89.12570190429688,59.571781158447266,40.968990325927734,32.80625915527344,28.24958038330078,26.88525390625,25.192920684814453,20.620405197143555,16.316360473632812,14.991107940673828,14.597743034362793,13.767541885375977,11.535584449768066,11.088150978088379,10.036055564880371,1409.9559326171875,30.270410537719727,15.535484313964844
55000,65001,17,3,249,64,0,3546.052734375,173.4404296875,92.37271881103516,60.122840881347656,41.6027946472168,34.64375305175781,30.67300796508789,28.118513107299805,22.982421875,21.92031478881836,16.99785614013672,15.296031951904297,13.923322677612305,12.978349685668945,11.662410736083984,10.90038776397705,10.472973823547363,1487.900634765625,31.709333419799805,14.32187271118164
55000,65001,17,3,249,64,1,3551.1103515625,172.93350219726562,93.44010925292969,58.64482498168945,41.91043472290039,35.24967956542969,31.149431228637695,29.47825050354004,24.884815216064453,23.411521911621094,16.917816162109375,16.0831298828125,14.979426383972168,13.594038963317871,12.481196403503418,12.058296203613281,11.515435218811035,1490.3143310546875,31.154502868652344,16.938875198364258
60000,70001,17,3,251,68,0,4379.919921875,249.53565979003906,117.75865936279297,69.70661163330078,46.775856018066406,46.04356002807617,34.48737335205078,32.37268829345703,28.796995162963867,27.965953826904297,21.97201919555664,20.107236862182617,19.458650588989258,17.931257247924805,17.26275634765625,14.874649047851562,13.891801834106445,1818.9609375,35.973838806152344,21.810680389404297
60000,70001,17,3,251,68,1,4367.33837890625,251.8529510498047,122.60887908935547,69.7977066040039,46.77919006347656,44.36595916748047,33.80418395996094,32.926395416259766,27.213451385498047,26.372203826904297,21.19390869140625,20.21072769165039,19.214933395385742,18.092771530151367,17.230321884155273,15.92172908782959,14.347737312316895,1812.7259521484375,35.24860763549805,19.687681198120117
65000,75001,17,3,252,71,0,4544.0048828125,216.63681030273438,105.71269226074219,80.75215911865234,65.65861511230469,46.05006790161133,38.546180725097656,34.219017028808594,31.49755859375,30.005855560302734,28.12865447998047,24.643653869628906,23.319211959838867,19.83404541015625,16.8526668548584,15.971933364868164,15.840112686157227,1919.3995361328125,38.08162307739258,22.68363380432129
65000,75001,17,3,252,71,1,4544.24658203125,218.33889770507812,107.81908416748047,78.13640594482422,65.17868041992188,46.38814926147461,37.71691131591797,33.45296859741211,31.72874641418457,30.290401458740234,26.5247802734375,25.4724063873291,19.963232040405273,18.645828247070312,17.88878631591797,17.316085815429688,16.05166244506836,1919.5242919921875,41.273094177246094,21.443307876586914
70000,80001,17,3,253,76,0,5527.26953125,292.6336364746094,125.41508483886719,88.21415710449219,69.47301483154297,46.95027160644531,40.854759216308594,34.238685607910156,32.60145950317383,29.086137771606445,25.495832443237305,24.544189453125,20.862394332885742,19.471921920776367,18.489599227905273,16.992595672607422,15.167584419250488,2331.79052734375,46.62847137451172,24.745088577270508
70000,80001,17,3,253,76,1,5514.0869140625,288.9385070800781,127.41667175292969,90.25767517089844,67.6889877319336,50.1219596862793,44.55060958862305,35.03775405883789,34.138206481933594,28.200183868408203,25.677017211914062,24.39142608642578,22.139680862426758,21.0555419921875,20.22223472595215,18.23409080505371,16.30802345275879,2329.186279296875,51.54509353637695,25.016742706298828
75000,85001,17,3,252,83,0,6217.18310546875,251.07147216796875,132.88827514648438,80.7403564453125,63.464969635009766,59.512290954589844,42.91792297363281,39.68385314941406,37.113853454589844,31.342267990112305,26.097946166992188,25.257123947143555,24.199575424194336,22.88050079345703,21.23178482055664,18.426984786987305,16.63017463684082,2625.05322265625,41.531436920166016,26.666378021240234
75000,85001,17,3,252,83,1,6214.87060546875,253.1232147216797,134.8148651123047,87.11775970458984,65.3515625,55.11301803588867,47.89533233642578,39.98756790161133,35.8647346496582,32.5356559753418,25.887117385864258,24.073604583740234,22.506559371948242,20.860769271850586,19.239465713500977,17.271934509277344,15.91650390625,2624.0546875,44.0099983215332,24.498794555664062
80000,90001,17,3,251,82,0,6904.9697265625,329.3338317871094,154.65884399414062,102.6841812133789,74.04029083251953,61.31935501098633,48.180450439453125,42.804813385009766,40.34584426879883,35.925907135009766,33.428707122802734,32.291175842285156,28.179601669311523,26.423572540283203,25.003856658935547,21.97617530822754,19.6571102142334,2927.34375,49.15155029296875,29.597034454345703
80000,90001,17,3,251,82,1,6887.80078125,330.7364807128906,154.02403259277344,103.02802276611328,74.59642028808594,59.65940475463867,48.775115966796875,42.19268035888672,40.33004379272461,36.99788284301758,36.07411193847656,33.61415100097656,29.232711791992188,26.263776779174805,24.583805084228516,24.026777267456055,21.625123977661133,2920.719970703125,48.29134750366211,30.322952270507812
85000,95001,17,3,252,89,0,8306.361328125,408.4842529296875,198.0170440673828,109.42670440673828,84.48460388183594,71.59207916259766,55.51107406616211,45.33470916748047,42.028221130371094,40.604087829589844,39.89346694946289,34.38869857788086,31.264251708984375,29.692548751831055,27.359355926513672,25.958633422851562,23.443078994750977,3474.412109375,60.18584060668945,33.61703109741211
85000,95001,17,3,252,89,1,8268.70703125,408.4350891113281,194.83482360839844,104.85636901855469,84.1595687866211,68.38485717773438,57.47782897949219,46.56758117675781,44.36594772338867,42.69984817504883,38.039730072021484,33.1535758972168,31.659812927246094,28.314558029174805,27.43470573425293,25.913753509521484,22.10321044921875,3458.281494140625,54.40083312988281,30.90852928161621
90000,100001,17,3,255,91,0,9278.140625,459.41754150390625,218.60977172851562,133.4717559814453,96.82279968261719,87.5837173461914,67.24913024902344,52.09024429321289,44.89109420776367,40.56570816040039,39.186302185058594,34.027557373046875,30.36928367614746,29.47580909729004,27.745765686035156,24.89472770690918,24.21215057373047,3885.954345703125,65.06932830810547,38.119056701660156
90000,100001,17,3,255,91,1,9308.39453125,459.45977783203125,223.41685485839844,141.75767517089844,93.46430969238281,77.2947998046875,58.77408981323242,56.614261627197266,48.713844299316406,45.265018463134766,40.48358154296875,35.32456588745117,34.134559631347656,32.019039154052734,29.283329010009766,27.129215240478516,24.885555267333984,3894.855224609375,64.47076416015625,36.08074188232422
95000,105001,17,3,250,94,0,9416.376953125,623.9696655273438,188.0167236328125,127.63997650146484,94.24807739257812,69.89374542236328,63.697505950927734,50.293521881103516,49.142826080322266,45.501686096191406,36.0622673034668,34.708587646484375,33.665367126464844,30.444015502929688,28.864887237548828,26.78908348083496,24.93075180053711,3940.891845703125,56.023624420166016,37.159610748291016
95000,105001,17,3,250,94,1,9388.3466796875,629.3145751953125,190.19891357421875,126.50373077392578,95.89396667480469,70.95990753173828,61.63835144042969,52.136348724365234,47.059078216552734,44.85785675048828,41.91082000732422,35.90256118774414,35.32851028442383,33.31865692138672,29.570280075073242,28.396106719970703,27.178831100463867,3927.640869140625,56.00320816040039,38.759071350097656
100000,110001,17,3,250,98,0,10481.5390625,562.021728515625,249.46775817871094,132.726318359375,102.14244079589844,83.08649444580078,63.326454162597656,53.876625061035156,50.162132263183594,46.712467193603516,42.85356140136719,40.70368194580078,35.87358093261719,34.84852600097656,30.291536331176758,29.771589279174805,25.488861083984375,4421.03759765625,77.81507873535156,43.743751525878906
100000,110001,17,3,250,98,1,10469.75,554.5906982421875,256.13592529296875,124.98943328857422,101.46100616455078,80.23462677001953,64.73297882080078,53.90203094482422,49.40172576904297,43.60745620727539,42.02785873413086,37.62395477294922,37.10055160522461,33.46369171142578,31.3718204498291,29.601566314697266,28.145151138305664,4415.02978515625,71.77389526367188,39.640472412109375
105000,115001,17,3,253,98,0,11296.3583984375,426.94427490234375,174.73422241210938,119.10235595703125,98.21314239501953,74.0542984008789,65.77787017822266,57.21000289916992,57.059932708740234,51.71967315673828,42.05417251586914,35.857444763183594,33.832847595214844,33.117156982421875,31.852237701416016,28.289796829223633,26.39223861694336,4767.2705078125,64.86943054199219,34.13877487182617
105000,115001,17,3,253,98,1,11306.8896484375,427.01873779296875,177.48709106445312,118.3438720703125,98.01594543457031,78.87229919433594,70.53228759765625,58.21003723144531,51.95958709716797,51.76768493652344,43.23493957519531,36.99690246582031,36.08570861816406,34.62514114379883,30.538467407226562,29.024524688720703,26.96518325805664,4774.65283203125,72.76126098632812,34.02329635620117
110000,120001,17,3,252,109,0,11496.4130859375,530.970458984375,247.33258056640625,154.07443237304688,105.73300170898438,83.97457885742188,73.21753692626953,62.63754653930664,61.13241195678711,53.640621185302734,48.61869430541992,45.845542907714844,43.487709045410156,37.723751068115234,34.781917572021484,31.713022232055664,30.873592376708984,4819.7021484375,106.88612365722656,45.802494049072266
110000,120001,17,3,252,109,1,11524.50390625,534.7857666015625,250.41143798828125,157.94955444335938,106.98844146728516,85.8531494140625,78.87847900390625,59.33758544921875,57.31241989135742,54.442161560058594,50.91364288330078,46.62802505493164,40.93952560424805,38.46829605102539,36.955345153808594,33.8812255859375,28.289932250976562,4828.05322265625,111.77325439453125,40.14362335205078
115000,125001,17,3,254,108,0,13023.1552734375,643.5370483398438,228.32083129882812,135.795166015625,111.82398223876953,92.38900756835938,79.61869049072266,70.3641586303711,57.08330154418945,53.23170471191406,49.86760330200195,48.20360565185547,42.81150436401367,39.68035125732422,37.605926513671875,34.9243278503418,33.068546295166016,5464.52587890625,93.88141632080078,39.873924255371094
115000,125001,17,3,254,108,1,13013.453125,643.5296630859375,231.4245147705078,139.39759826660156,116.82910919189453,94.51716613769531,81.43438720703125,72.56504821777344,60.540130615234375,55.241363525390625,49.8349609375,43.5362434387207,41.26399612426758,39.67047882080078,36.505149841308594,35.56450653076172,30.666330337524414,5460.75439453125,97.85077667236328,41.40281677246094
120000,130001,17,3,250,111,0,13989.6240234375,558.3136596679688,253.14622497558594,153.95916748046875,107.30567932128906,96.78915405273438,76.76459503173828,75.43115234375,65.64677429199219,53.068603515625,49.6064453125,44.6069450378418,42.84872055053711,40.54840850830078,38.62358093261719,37.47120666503906,33.35285568237305,5890.771484375,84.0987548828125,44.86162567138672
120000,130001,17,3,250,111,1,13972.994140625,558.9055786132812,245.698486328125,152.48907470703125,106.6908187866211,101.10968017578125,79.7045669555664,74.55814361572266,68.90397644042969,59.89331817626953,51.18359375,46.572731018066406,42.160831451416016,39.914493560791016,36.89030838012695,34.145599365234375,32.160972595214844,5877.86767578125,89.87421417236328,44.67228698730469
125000,135001,17,3,250,114,0,14094.2314453125,672.7677001953125,284.2018127441406,141.00343322753906,126.16117858886719,97.97834014892578,86.64496612548828,77.10067749023438,66.29781341552734,59.949825286865234,50.83258819580078,50.669921875,49.45054244995117,44.715946197509766,44.04689025878906,41.117919921875,39.513423919677734,5892.41259765625,98.65959167480469,52.610538482666016
125000,135001,17,3,250,114,1,14145.501953125,665.4019775390625,281.3961486816406,138.96005249023438,122.24241638183594,99.48574829101562,77.63043975830078,76.7802734375,66.9733657836914,56.32536315917969,51.975914001464844,50.719688415527344,46.86563491821289,41.21226119995117,38.637733459472656,35.988101959228516,31.6463680267334,5914.82568359375,96.59894561767578,55.81156539916992
130000,140001,17,3,248,117,0,14814.466796875,479.2254943847656,224.49502563476562,146.06146240234375,104.0896224975586,97.05484008789062,81.63766479492188,67.04911804199219,63.0982666015625,55.14655303955078,49.62025833129883,43.56779479980469,41.613895416259766,39.82254409790039,37.297706604003906,35.26103973388672,31.312280654907227,6250.72900390625,80.88011169433594,49.609737396240234
130000,140001,17,3,248,117,1,14799.85546875,484.7424011230469,228.1979217529297,151.08895874023438,100.58379364013672,97.4618911743164,77.15084838867188,69.81510162353516,63.706485748291016,56.970462799072266,52.7332878112793,45.51410675048828,45.15458297729492,40.06787872314453,38.395320892333984,35.005313873291016,30.43961524963379,6245.8828125,79.3803482055664,48.6947135925293
135000,145001,17,3,250,119,0,15634.9658203125,508.1256103515625,289.4193420410156,147.5393524169922,110.4950180053711,91.78507232666016,86.95915985107422,73.02783203125,64.97264099121094,62.323299407958984,56.0670051574707,51.96879577636719,47.766902923583984,46.38885498046875,41.95625686645508,39.09062576293945,36.549137115478516,6542.80712890625,98.11283874511719,53.850894927978516
135000,145001,17,3,250,119,1,15652.4775390625,519.915283203125,289.0527038574219,147.55697631835938,124.17080688476562,97.97183227539062,84.88631439208984,73.09553527832031,65.37659454345703,58.999473571777344,55.790950775146484,48.296775817871094,45.12839889526367,41.64802169799805,38.43770217895508,35.15398406982422,32.02238845825195,6549.724609375,96.16893768310547,50.30410385131836
140000,150001,17,3,252,118,0,16548.63671875,529.2068481445312,268.4009704589844,142.576171875,110.12765502929688,94.51803588867188,79.99285125732422,70.98944091796875,62.3040885925293,60.08322525024414,48.10492706298828,43.9091682434082,43.342750549316406,41.09438705444336,40.123268127441406,35.044673919677734,33.994361877441406,6946.97705078125,102.67058563232422,52.8661003112793
140000,150001,17,3,252,118,1,16585.923828125,529.035888671875,264.1385803222656,149.39060974121094,112.73157501220703,91.8931884765625,83.35077667236328,66.33560180664062,59.17552185058594,53.17648696899414,46.64035415649414,45.370025634765625,43.833343505859375,42.3093376159668,38.28097915649414,35.922855377197266,33.63102722167969,6967.7998046875,97.14810180664062,46.23762893676758
145000,155001,17,3,250,124,0,17060.048828125,589.24072265625,230.46383666992188,144.35714721679688,107.45492553710938,84.14556884765625,79.49102020263672,68.1552734375,62.36553192138672,60.27760314941406,58.843135833740234,50.85956573486328,47.77071762084961,43.55561447143555,38.4183464050293,38.221031188964844,34.09151077270508,7164.21533203125,87.87855529785156,50.12702560424805
145000,155001,17,3,250,124,1,17047.052734375,590.1185302734375,227.23190307617188,136.88131713867188,105.60905456542969,87.21277618408203,74.1935043334961,67.09866333007812,60.782798767089844,59.14484405517578,52.8795166015625,51.40764617919922,47.245994567871094,44.77357864379883,40.59054946899414,36.996212005615234,36.11164093017578,7158.18310546875,86.16426849365234,44.98794174194336
150000,160001,17,3,249,119,0,18231.49609375,788.2454223632812,271.5928649902344,172.98072814941406,119.36725616455078,115.2615966796875,83.68135833740234,77.01717376708984,63.82046127319336,62.329383850097656,54.04547882080078,50.37018585205078,49.2158317565918,45.21054458618164,44.09305191040039,40.4120979309082,37.681339263916016,7667.7265625,99.31736755371094,48.347286224365234
150000,160001,17,3,249,119,1,18198.396484375,783.6055908203125,285.916259765625,175.65817260742188,125.88702392578125,116.6143569946289,86.38557434082031,79.50052642822266,73.11431121826172,64.30951690673828,59.44565963745117,56.06703186035156,52.9993896484375,47.00794982910156,44.659610748291016,41.23600387573242,36.0731315612793,7652.17919921875,94.40023803710938,45.82757568359375
155000,165001,17,3,252,134,0,18489.193359375,754.9386596679688,272.3821716308594,171.34500122070312,143.58981323242188,122.32675170898438,95.19546508789062,80.80388641357422,75.71981811523438,67.29496765136719,59.405704498291016,56.368408203125,55.3597297668457,48.94015121459961,45.81148910522461,42.594722747802734,40.68789291381836,7769.7041015625,99.45235443115234,49.64125061035156
155000,165001,17,3,252,134,1,18553.509765625,743.4554443359375,277.08984375,175.9800262451172,140.92160034179688,117.67257690429688,86.71125030517578,75.39854431152344,68.14750671386719,60.28324890136719,59.290008544921875,57.79779052734375,50.8720588684082,47.249080657958984,45.22626495361328,44.35262680053711,38.3347053527832,7800.638671875,97.9245834350586,52.64451599121094
160000,170001,17,3,252,130,0,19483.880859375,719.0186157226562,293.60394287109375,195.70274353027344,149.85592651367188,147.7377471923828,95.77615356445312,82.18541717529297,80.21723937988281,73.30333709716797,62.598175048828125,57.66609573364258,55.229183197021484,51.78725051879883,46.339149475097656,45.640438079833984,39.607784271240234,8156.01318359375,151.10333251953125,57.54189682006836
160000,170001,17,3,252,130,1,19501.908203125,731.1965942382812,289.8470764160156,210.74212646484375,161.67015075683594,146.8428955078125,88.5370101928711,85.7597427368164,82.15896606445312,67.79793548583984,66.0367202758789,52.88533020019531,48.63866424560547,46.62177658081055,45.80080795288086,41.034584045410156,38.51097106933594,8154.79345703125,144.94789123535156,61.39258575439453
165000,175001,17,3,249,128,0,19203.44140625,660.500732421875,388.35107421875,216.23828125,145.64523315429688,119.10167694091797,97.77935028076172,78.0612564086914,76.487060546875,74.71717071533203,63.64252471923828,59.67833709716797,54.69793701171875,49.7874755859375,48.875152587890625,43.37892532348633,39.58684158325195,8026.47265625,148.517578125,59.83590316772461
165000,175001,17,3,249,128,1,19168.150390625,636.57958984375,385.0577392578125,218.96092224121094,141.9644012451172,117.79193115234375,88.2340316772461,80.80158996582031,68.52172088623047,61.401519775390625,58.393280029296875,56.13161849975586,48.77058792114258,46.37838363647461,46.20654296875,42.19955062866211,35.05851745605469,8018.720703125,126.88508605957031,52.73870849609375
170000,180001,17,3,252,136,0,20346.4375,922.8416748046875,361.2848815917969,206.66700744628906,153.10267639160156,134.95181274414062,117.4523696899414,95.2614517211914,80.1304702758789,77.62892150878906,74.17608642578125,62.64689636230469,59.664608001708984,56.82058334350586,53.267940521240234,48.08353805541992,45.574859619140625,8512.06640625,145.6151580810547,77.62512969970703
170000,180001,17,3,252,136,1,20376.138671875,914.58935546875,371.5391845703125,200.27586364746094,158.4613800048828,136.6499786376953,112.901123046875,89.95784759521484,82.83648681640625,74.71827697753906,71.3011703491211,61.64273452758789,54.13008499145508,52.480926513671875,50.93891906738281,48.53342056274414,47.56331253051758,8520.841796875,134.89910888671875,70.95237731933594
175000,185001,17,3,251,141,0,21164.580078125,650.1961059570312,305.0908203125,180.4156036376953,153.81439208984375,126.91132354736328,109.85163116455078,89.64197540283203,78.39002227783203,75.99497985839844,70.6050033569336,64.6227798461914,63.34947204589844,56.09528350830078,54.094120025634766,49.20979690551758,48.11909866333008,8896.4404296875,126.53509521484375,63.40769958496094
175000,185001,17,3,251,141,1,21113.134765625,643.006591796875,295.9965515136719,179.81605529785156,149.17166137695312,116.75856018066406,102.53644561767578,87.84313201904297,78.39138793945312,72.87615203857422,65.83729553222656,62.872440338134766,58.61153793334961,54.02680587768555,52.651851654052734,51.28467559814453,43.38880157470703,8876.9365234375,112.53373718261719,68.1968994140625
180000,190001,17,3,250,140,0,21697.708984375,794.97216796875,339.8707580566406,243.62327575683594,151.05874633789062,145.2143096923828,104.73509216308594,83.57093811035156,74.7471694946289,72.91952514648438,65.11251068115234,58.53663635253906,56.74775695800781,49.587196350097656,47.35918045043945,45.13405990600586,44.85274124145508,9096.169921875,130.79345703125,59.05679702758789
180000,190001,17,3,250,140,1,21669.564453125,773.9904174804688,341.59942626953125,231.186279296875,141.7636260986328,133.2784423828125,98.37651062011719,83.33174896240234,80.6821060180664,70.24311065673828,63.532249450683594,57.863956451416016,54.19839096069336,53.724266052246094,45.343666076660156,39.99379348754883,38.687252044677734,9087.5771484375,131.55381774902344,56.37508773803711
185000,195001,17,3,253,138,0,21079.373046875,813.948974609375,292.0658874511719,197.57406616210938,154.9713592529297,134.2939453125,113.37808990478516,98.53189086914062,85.55130767822266,74.2369613647461,68.03297424316406,62.150550842285156,54.554988861083984,52.49592208862305,50.71106719970703,46.82508087158203,43.211090087890625,8859.865234375,117.6405258178711,70.98303985595703
185000,195001,17,3,253,138,1,21056.166015625,828.9715576171875,297.3957214355469,195.93841552734375,150.95887756347656,126.56671142578125,110.19996643066406,99.05775451660156,85.78294372558594,71.28523254394531,69.43212127685547,64.12621307373047,56.81441116333008,54.55133819580078,50.90187454223633,47.805809020996094,43.966678619384766,8847.34765625,117.17420196533203,72.09406280517578
190000,200001,17,3,251,148,0,22436.767578125,745.2468872070312,278.97052001953125,183.1837921142578,134.5819854736328,115.32024383544922,99.47318267822266,75.503173828125,72.38050842285156,65.2360610961914,63.583805084228516,59.57173538208008,56.32094955444336,54.749900817871094,48.3800163269043,45.246856689453125,41.99543762207031,9436.6240234375,99.17206573486328,58.300331115722656
190000,200001,17,3,251,148,1,22421.580078125,739.8805541992188,277.3670959472656,180.68801879882812,136.53890991210938,110.87220764160156,102.32093811035156,76.47584533691406,70.22159576416016,66.55728149414062,61.316184997558594,60.376461029052734,55.78618240356445,50.04300308227539,46.08414077758789,44.933712005615234,43.107383728027344,9435.1240234375,104.0983657836914,53.25584411621094
195000,205001,17,3,250,145,0,22819.935546875,670.0721435546875,312.4365234375,181.76080322265625,132.13088989257812,104.53630065917969,87.31739044189453,74.42410278320312,70.95352935791016,63.09243392944336,61.16978454589844,57.19072723388672,56.20060348510742,54.151641845703125,46.86513137817383,43.955841064453125,38.66449737548828,9622.08203125,91.67179870605469,48.664283752441406
195000,205001,17,3,250,145,1,22762.685546875,669.2996826171875,316.0506286621094,183.07769775390625,138.5854034423828,104.3621597290039,92.61251831054688,79.62185668945312,68.22705841064453,62.80564880371094,60.70111083984375,58.443599700927734,49.330692291259766,49.06590270996094,47.8638801574707,43.898826599121094,42.2257080078125,9600.5546875,105.78309631347656,55.51544189453125
200000,210001,17,3,251,152,0,23244.76171875,924.9315185546875,402.5502624511719,195.8142547607422,144.61093139648438,117.42796325683594,102.36078643798828,81.32181549072266,77.69564056396484,73.24382781982422,70.60261535644531,65.07816314697266,61.046207427978516,56.29599380493164,51.549015045166016,45.82626724243164,43.23965072631836,9754.63671875,143.2994842529297,71.34181213378906
200000,210001,17,3,251,152,1,23269.525390625,918.6879272460938,396.33660888671875,193.8528594970703,142.54576110839844,114.4014663696289,105.73407745361328,84.84452056884766,80.17097473144531,74.20967102050781,68.80814361572266,64.02234649658203,59.81962203979492,55.15670394897461,49.923988342285156,49.77739715576172,48.237831115722656,9767.6484375,150.12432861328125,67.88549041748047
205000,215001,17,3,251,152,0,24073.919921875,879.0186157226562,371.8668518066406,203.0874481201172,145.46673583984375,129.00341796875,96.79093170166016,84.67214965820312,78.76172637939453,75.84385681152344,71.41036224365234,67.36969757080078,59.6150016784668,57.897926330566406,54.073883056640625,51.95595932006836,42.82844924926758,10096.083984375,124.80951690673828,63.08664321899414
205000,215001,17,3,251,152,1,24048.197265625,876.288330078125,374.7396545410156,199.71490478515625,144.31285095214844,111.96728515625,94.04644012451172,90.16627502441406,81.50542449951172,80.06222534179688,69.38288879394531,64.67738342285156,59.165122985839844,57.16696548461914,50.45077133178711,46.649635314941406,45.08650207519531,10088.18359375,121.17008209228516,69.6529312133789
210000,220001,17,3,252,142,0,24575.880859375,795.797119140625,352.044677734375,238.42774963378906,143.57952880859375,135.4015655517578,111.53113555908203,97.21665954589844,89.92939758300781,72.73824310302734,68.6695785522461,66.55362701416016,59.11692810058594,52.37150192260742,49.87718200683594,48.46910095214844,42.37155532836914,10319.2001953125,119.64373779296875,59.775203704833984
210000,220001,17,3,252,142,1,24651.60546875,801.3446044921875,354.83172607421875,235.53135681152344,153.75404357910156,133.5965118408203,106.86124420166016,94.40079498291016,88.6344985961914,76.86402893066406,70.59817504882812,67.85369873046875,57.45738983154297,56.20696258544922,49.96953582763672,47.04561233520508,41.57227325439453,10347.2138671875,118.54674530029297,61.33272171020508
215000,225001,17,3,251,151,0,24578.529296875,736.414794921875,402.9046936035156,194.2198944091797,168.40794372558594,141.9245147705078,114.04344177246094,103.36968231201172,94.9075927734375,73.65946960449219,70.73454284667969,67.9737777709961,65.27781677246094,59.55323791503906,57.146080017089844,56.10899353027344,51.562923431396484,10305.505859375,117.62510681152344,60.748497009277344
215000,225001,17,3,251,151,1,24553.705078125,729.5861206054688,394.3853454589844,199.5548553466797,158.1337127685547,127.17572784423828,116.43525695800781,105.3897476196289,96.58738708496094,80.12629699707031,79.35200500488281,70.24964904785156,68.39352416992188,63.514652252197266,61.66513442993164,56.29526901245117,50.13480758666992,10295.56640625,107.61953735351562,72.7425308227539
220000,230001,17,3,254,156,0,25936.673828125,811.4911499023438,379.2662658691406,199.753662109375,144.1431884765625,130.8366241455078,109.48400115966797,90.00184631347656,85.66204071044922,80.77095031738281,72.34972381591797,67.88153076171875,65.20429992675781,61.038551330566406,55.954795837402344,53.36737823486328,48.39714431762695,10870.3857421875,164.9029083251953,72.72367858886719
220000,230001,17,3,254,156,1,25884.2578125,815.0474243164062,380.70440673828125,212.0443572998047,152.98587036132812,127.20230865478516,100.07356262207031,92.59648895263672,82.1147232055664,74.69466400146484,72.0721435546875,68.26387023925781,65.12821197509766,57.880741119384766,52.22947692871094,46.906124114990234,45.94312286376953,10849.01171875,167.4875946044922,67.87506103515625
225000,235001,17,3,254,154,0,25538.291015625,606.7808837890625,296.5826110839844,202.75637817382812,152.38021850585938,114.49931335449219,95.87165069580078,85.3828353881836,78.28838348388672,72.3619155883789,63.855838775634766,59.00313186645508,53.91279602050781,53.23495101928711,46.9865608215332,44.1876335144043,37.556278228759766,10785.4267578125,109.76229858398438,58.862972259521484
225000,235001,17,3,254,154,1,25558.4921875,601.2882690429688,293.35028076171875,206.3505401611328,140.1119384765625,109.13811492919922,92.07048797607422,86.67819213867188,73.70707702636719,66.8480453491211,63.39824676513672,60.9310302734375,56.63394546508789,48.91756820678711,47.14935302734375,43.27266311645508,41.369972229003906,10786.8447265625,104.07100677490234,54.156551361083984
230000,240001,17,3,251,149,0,26591.388671875,739.6239624023438,384.6274719238281,229.50193786621094,162.4140625,131.2364959716797,116.04325103759766,92.87718200683594,83.63593292236328,74.718017578125,70.64362335205078,61.21415710449219,57.591026306152344,55.605628967285156,52.446868896484375,51.90106201171875,47.362606048583984,11150.7099609375,114.39067840576172,63.31338882446289
230000,240001,17,3,251,149,1,26549.4453125,716.3080444335938,388.3706970214844,237.22190856933594,175.17840576171875,117.58726501464844,106.17742919921875,98.30758666992188,89.30113220214844,78.47908782958984,68.75196075439453,63.41591262817383,60.838768005371094,57.090538024902344,54.49110412597656,50.89480972290039,50.50910186767578,11135.3564453125,119.46223449707031,74.7586669921875
235000,245001,17,3,254,164,0,27978.72265625,834.640380859375,249.63795471191406,222.82630920410156,160.93663024902344,130.74354553222656,102.33103942871094,97.58631134033203,85.43136596679688,84.12554931640625,80.81654357910156,68.74835968017578,63.55156707763672,57.77872848510742,54.592411041259766,45.55039596557617,41.5267448425293,11787.7587890625,117.90901184082031,60.56245422363281
235000,245001,17,3,254,164,1,27938.322265625,854.8327026367188,253.89085388183594,212.4124755859375,151.18341064453125,116.55963134765625,108.49658203125,104.35269165039062,88.85990905761719,80.03038024902344,77.78045654296875,68.61348724365234,64.13723754882812,57.91170883178711,55.710330963134766,52.07594680786133,48.67808532714844,11768.841796875,118.69685363769531,60.889488220214844
240000,250001,17,3,253,155,0,26990.197265625,1012.475341796875,296.8609619140625,191.5318145751953,141.03536987304688,129.1354522705078,105.39900970458984,91.0722885131836,85.1220703125,77.45796203613281,73.10202026367188,72.21855926513672,63.475120544433594,61.49575424194336,58.493370056152344,52.59221267700195,46.70549774169922,11377.5361328125,111.40058898925781,80.00768280029297
240000,250001,17,3,253,155,1,27007.185546875,1055.478271484375,318.8180847167969,197.89646911621094,131.92431640625,116.99771881103516,101.22258758544922,89.94713592529297,80.78970336914062,73.4512710571289,67.52200317382812,66.81938171386719,59.704612731933594,56.84748077392578,54.96865463256836,51.734256744384766,44.03313064575195,11381.91796875,106.02508544921875,64.41677856445312
245000,255001,17,3,252,161,0,27121.943359375,881.9796142578125,347.9063415527344,223.2891082763672,145.77598571777344,121.21991729736328,112.06739807128906,97.06026458740234,83.2479476928711,79.24455261230469,76.55720520019531,69.1313705444336,61.8854866027832,56.24448776245117,51.95381546020508,47.69413375854492,41.119850158691406,11383.6171875,134.9839324951172,78.36746978759766
245000,255001,17,3,252,161,1,27128.119140625,882.388427734375,335.4358215332031,215.34913635253906,141.73675537109375,125.66956329345703,104.42891693115234,84.49456024169922,82.77568817138672,79.6806640625,69.48271179199219,66.9592056274414,60.24345397949219,48.89600372314453,44.95572280883789,42.0662956237793,37.219688415527344,11389.9521484375,120.07376098632812,72.1640625
250000,260001,17,3,253,161,0,27470.80078125,669.699951171875,387.2811584472656,202.8105010986328,168.59771728515625,120.54346466064453,110.79720306396484,87.59423828125,83.67337799072266,77.47840881347656,69.19026184082031,64.73248291015625,63.59256362915039,58.60536575317383,56.71683883666992,54.767059326171875,49.120052337646484,11533.48828125,119.93927001953125,61.50917434692383
250000,260001,17,3,253,161,1,27420.3671875,673.9544677734375,378.3041687011719,211.612060546875,166.6103057861328,121.02692413330078,114.16260528564453,89.74752807617188,82.0849838256836,74.7946548461914,72.40812683105469,64.7443618774414,60.345985412597656,54.1539306640625,50.263023376464844,48.84366226196289,46.975738525390625,11510.8720703125,127.00205993652344,67.27134704589844
255000,265001,17,3,254,164,0,27980.611328125,811.379150390625,357.9964904785156,207.14308166503906,161.636474609375,137.55023193359375,113.78461456298828,99.680908203125,86.13211822509766,79.94937896728516,71.47087097167969,66.0701675415039,61.5765266418457,58.42323303222656,56.07725143432617,51.29788589477539,47.15260314941406,11777.95703125,132.6221923828125,56.257205963134766
255000,265001,17,3,254,164,1,27976.416015625,792.5298461914062,356.10711669921875,216.97157287597656,163.61904907226562,143.57705688476562,115.23003387451172,90.40515899658203,83.71299743652344,78.31478118896484,75.53438568115234,63.3160514831543,59.403076171875,55.79489517211914,52.190250396728516,50.098514556884766,46.10680389404297,11776.9287109375,119.52949523925781,55.1903190612793
260000,270001,17,3,254,173,0,29488.1015625,779.8690185546875,311.2651672363281,215.68218994140625,169.48716735839844,154.06883239746094,118.93756103515625,107.83607482910156,94.1699447631836,82.7592544555664,72.17118072509766,69.73631286621094,68.84098052978516,64.08143615722656,62.77191925048828,53.844383239746094,50.723880767822266,12387.455078125,127.5082015991211,73.3816146850586
260000,270001,17,3,254,173,1,29503.078125,786.42578125,327.7288513183594,219.43997192382812,164.49781799316406,142.82823181152344,126.56082153320312,106.04203033447266,86.58439636230469,75.78021240234375,70.96424865722656,69.44103240966797,62.26325225830078,57.48897171020508,55.791648864746094,54.925724029541016,49.62727355957031,12401.119140625,123.83744812011719,69.6856689453125
265000,275001,17,3,251,167,0,29323.470703125,802.8721923828125,303.7991638183594,192.0953826904297,170.45994567871094,137.56903076171875,115.56256866455078,96.59713745117188,86.67586517333984,75.75672912597656,68.06774139404297,65.15399932861328,58.77022933959961,54.22669982910156,51.232669830322266,47.88340759277344,45.914249420166016,12358.271484375,107.87236022949219,64.90325164794922
265000,275001,17,3,251,167,1,29309.0390625,797.350830078125,294.7863464355469,204.7591552734375,170.7826690673828,133.85157775878906,116.03843688964844,95.46280670166016,85.78141784667969,78.55009460449219,68.39060974121094,65.70745849609375,63.99732208251953,58.26125717163086,50.01715087890625,49.29741287231445,44.00836944580078,12352.951171875,107.49203491210938,63.08665466308594
270000,280001,17,3,255,176,0,28834.41015625,698.8936157226562,383.286376953125,225.9049530029297,173.40281677246094,128.19581604003906,105.23542785644531,98.74825286865234,90.83670043945312,73.34132385253906,70.87320709228516,67.93128204345703,58.94862747192383,57.21044921875,53.65900421142578,52.04705810546875,50.49108123779297,12172.291015625,138.2065887451172,63.08988952636719
270000,280001,17,3,255,176,1,28823.05859375,676.1245727539062,392.68670654296875,217.54306030273438,166.39732360839844,121.77299499511719,107.33613586425781,96.34703826904297,85.60989379882812,74.22254180908203,68.03326416015625,63.63697052001953,56.02301788330078,54.50800704956055,51.99116516113281,51.391544342041016,49.14008712768555,12168.162109375,130.87750244140625,62.43571853637695
275000,285001,17,3,254,170,0,28986.677734375,653.6433715820312,366.6859436035156,193.92864990234375,151.1990509033203,133.9466094970703,106.12841033935547,90.29036712646484,77.84723663330078,70.799072265625,69.02995300292969,65.07949829101562,60.621280670166016,56.70253372192383,55.72334671020508,50.53677749633789,46.082096099853516,12229.28125,110.58976745605469,63.45589828491211
275000,285001,17,3,254,170,1,29037.52734375,651.4089965820312,356.1556091308594,194.905517578125,152.97373962402344,128.27322387695312,105.2891845703125,91.72325897216797,75.77143096923828,72.08036041259766,66.36679077148438,62.84560775756836,61.48866271972656,56.27346420288086,52.5421142578125,51.49018859863281,48.557411193847656,12247.5478515625,123.07860565185547,58.71487045288086
280000,290001,17,3,252,172,0,30152.103515625,669.8811645507812,327.5312805175781,230.5990447998047,170.93629455566406,131.68690490722656,112.34126281738281,105.32091522216797,89.33512878417969,88.73857116699219,77.37973022460938,72.37813568115234,68.73429107666016,63.02070999145508,62.62331771850586,59.26101303100586,53.39881896972656,12687.1083984375,132.7660675048828,75.8336410522461
280000,290001,17,3,252,172,1,30178.59375,665.504150390625,334.4657897949219,227.44247436523438,165.69435119628906,135.2955322265625,105.61361694335938,97.1305923461914,92.59839630126953,86.08507537841797,80.56019592285156,74.76604461669922,67.07826232910156,65.33965301513672,59.55364990234375,54.988426208496094,51.61014938354492,12696.943359375,138.08665466308594,70.29387664794922
285000,295001,17,3,250,171,0,30234.521484375,963.6226806640625,326.7638244628906,219.09474182128906,152.18211364746094,142.04856872558594,119.87808990478516,114.45439910888672,97.7811279296875,86.68124389648438,79.23095703125,76.80790710449219,69.13878631591797,64.05960845947266,56.42717361450195,55.025753021240234,49.461463928222656,12742.736328125,121.00139617919922,68.41703033447266
285000,295001,17,3,250,171,1,30206.96484375,954.8508911132812,327.9768981933594,233.09429931640625,151.1376190185547,141.3926239013672,114.22905731201172,110.95399475097656,95.9842758178711,81.91709899902344,77.8185806274414,76.33970642089844,68.27825164794922,62.49142074584961,60.75467300415039,54.025657653808594,47.805240631103516,12729.7763671875,124.97386169433594,70.0259017944336
290000,300001,17,3,249,176,0,29215.787109375,766.5287475585938,363.42083740234375,254.67066955566406,172.0763397216797,160.5946807861328,108.27192687988281,98.94532775878906,80.9183120727539,75.39518737792969,68.2742691040039,66.80702209472656,60.6289176940918,57.31024932861328,54.68651580810547,49.775489807128906,43.818336486816406,12282.05078125,121.78641510009766,55.09147262573242
290000,300001,17,3,249,176,1,29177.3046875,760.4598388671875,357.9634704589844,246.2122344970703,174.63587951660156,147.79281616210938,102.42133331298828,86.646484375,76.22484588623047,74.78012084960938,69.59706115722656,63.546600341796875,61.02189636230469,56.66078567504883,52.30316162109375,49.52114486694336,46.85940933227539,12271.0205078125,137.77304077148438,60.764156341552734
295000,305001,17,3,252,174,0,31614.271484375,873.6321411132812,409.0631408691406,230.6717529296875,171.33807373046875,144.9805450439453,131.14051818847656,107.11648559570312,85.6495361328125,76.42623138427734,68.8052978515625,66.79771423339844,62.64161682128906,57.685333251953125,56.915016174316406,56.075035095214844,52.1210823059082,13328.2138671875,111.3974380493164,62.81999969482422
295000,305001,17,3,252,174,1,31611.955078125,892.0316772460938,414.7813720703125,225.7021942138672,168.94996643066406,136.2689208984375,123.72663879394531,99.8094482421875,88.23760986328125,77.0641098022461,70.74472045898438,63.858524322509766,62.10144805908203,58.450531005859375,57.186431884765625,52.048072814941406,50.33774185180664,13333.5361328125,123.89313507080078,60.09886932373047
300000,310001,17,3,256,166,0,31419.134765625,1044.0091552734375,341.3729248046875,208.9073944091797,166.3753662109375,133.1173553466797,121.57905578613281,110.19091033935547,87.28721618652344,86.71522521972656,78.51319885253906,73.64420318603516,68.26681518554688,64.63497924804688,60.91869354248047,55.17283630371094,48.943241119384766,13210.09765625,135.79513549804688,65.8882064819336
300000,310001,17,3,256,166,1,31445.73046875,1050.9515380859375,337.9331359863281,208.6356201171875,156.8031005859375,126.01402282714844,113.50126647949219,94.36880493164062,84.80194091796875,82.51201629638672,75.07645416259766,71.90792846679688,64.44751739501953,63.728668212890625,56.7681770324707,54.627235412597656,52.24267578125,13217.5361328125,142.3378448486328,58.640403747558594
305000,315001,17,3,254,174,0,32028.6640625,569.5591430664062,361.3013610839844,220.8614959716797,155.7406005859375,121.64796447753906,105.38249969482422,83.1288070678711,81.26039123535156,70.80337524414062,68.69273376464844,62.3665885925293,56.98157501220703,54.91813278198242,52.480159759521484,45.1486701965332,45.13096237182617,13475.1279296875,145.76966857910156,56.44509506225586
305000,315001,17,3,254,174,1,32050.921875,566.802490234375,351.31756591796875,215.6558074951172,154.62808227539062,122.73687744140625,116.52947235107422,93.34782409667969,89.62672424316406,69.72711181640625,66.02986145019531,62.09547424316406,56.61540222167969,54.328548431396484,49.75455093383789,46.8408088684082,42.7193717956543,13483.10546875,143.87554931640625,59.4277229309082
310000,320001,17,3,254,176,0,31627.037109375,626.269287109375,374.9298095703125,234.23907470703125,184.46348571777344,133.36624145507812,101.52120971679688,90.68946838378906,82.85429382324219,79.19635772705078,74.44991302490234,70.21880340576172,61.74598693847656,59.0991096496582,56.10541534423828,55.18950653076172,52.32667922973633,13310.92578125,113.7153091430664,67.88034057617188
310000,320001,17,3,254,176,1,31640.5390625,628.9288330078125,380.5077209472656,237.729248046875,171.65220642089844,132.65379333496094,109.81712341308594,83.54341888427734,78.79650115966797,72.71246337890625,71.33531951904297,68.84172058105469,60.31622314453125,56.9898681640625,55.348388671875,52.122642517089844,47.1613655090332,13309.875,124.35686492919922,58.05611038208008
315000,325001,17,3,254,181,0,33383.9609375,1111.2225341796875,324.3576354980469,227.12957763671875,193.80479431152344,160.84275817871094,134.6163787841797,106.08647155761719,104.02959442138672,84.80467987060547,79.51934814453125,77.8035659790039,70.12123107910156,68.34571838378906,63.25788497924805,59.92519760131836,57.55872344970703,14001.529296875,144.2511749267578,73.48823547363281
315000,325001,17,3,254,181,1,33413.80859375,1135.0389404296875,318.8218078613281,215.22119140625,201.15536499023438,162.65554809570312,142.78701782226562,111.89495086669922,95.1775131225586,80.361083984375,78.36492156982422,73.70997619628906,68.53822326660156,64.39820098876953,61.10322570800781,55.41166687011719,52.937103271484375,14014.052734375,150.683349609375,80.90794372558594
320000,330001,17,3,252,182,0,32648.728515625,825.7874755859375,523.4141235351562,274.389892578125,196.62350463867188,157.71658325195312,154.3763427734375,132.78045654296875,99.03250122070312,85.9775390625,81.62667083740234,75.68881225585938,72.65406036376953,66.78888702392578,59.21474838256836,57.94514083862305,52.103759765625,13800.59765625,136.47975158691406,70.18844604492188
320000,330001,17,3,252,182,1,32651.716796875,828.1145629882812,510.17120361328125,275.6186828613281,185.9638214111328,159.6099395751953,150.2488555908203,125.37403869628906,93.92124938964844,84.46822357177734,78.91741943359375,74.54218292236328,67.8251724243164,60.89995574951172,55.73030090332031,52.94041061401367,50.299400329589844,13795.1123046875,138.07054138183594,69.9693603515625
325000,335001,17,3,252,178,0,33366.2421875,723.9591674804688,402.1288146972656,247.9529266357422,179.54966735839844,155.59555053710938,117.19459533691406,100.2549819946289,96.2358627319336,83.9828109741211,80.41316986083984,75.10808563232422,65.70771026611328,63.09758758544922,57.99834442138672,55.128387451171875,50.7160758972168,14029.1923828125,94.78443145751953,67.2176513671875
325000,335001,17,3,252,178,1,33360.11328125,763.0169677734375,392.5899963378906,239.98435974121094,168.9571990966797,142.83612060546875,121.6038818359375,94.31759643554688,86.49805450439453,79.24119567871094,72.12953186035156,68.47640228271484,63.51659393310547,57.743507385253906,56.527259826660156,55.29655075073242,49.003353118896484,14027.3037109375,103.28701782226562,58.76308059692383
330000,340001,17,3,252,187,0,33744.1953125,874.6527099609375,423.05035400390625,272.3958740234375,206.55453491210938,199.26318359375,157.40777587890625,113.7127685546875,107.1046371459961,103.72553253173828,91.19560241699219,85.34742736816406,82.96734619140625,66.9980239868164,63.227638244628906,60.89512252807617,52.95284652709961,14120.2978515625,205.76895141601562,93.96117401123047
330000,340001,17,3,252,187,1,33734.171875,869.2555541992188,407.36639404296875,268.3638000488281,195.29641723632812,182.5215301513672,140.37197875976562,106.18480682373047,104.38330841064453,94.17440795898438,87.81329345703125,77.34727478027344,73.93867492675781,69.25096893310547,59.55681610107422,55.90127944946289,50.56870651245117,14119.669921875,172.7270050048828,88.5955810546875
335000,345001,17,3,250,176,0,31708.267578125,662.0969848632812,321.7865295410156,216.6118927001953,163.26760864257812,119.92390441894531,93.31522369384766,86.0655746459961,84.19135284423828,77.67606353759766,68.14594268798828,67.23397064208984,62.60084915161133,57.73895263671875,56.488929748535156,55.30000305175781,46.64604949951172,13345.01171875,125.7833480834961,64.55116271972656
335000,345001,17,3,250,176,1,31698.591796875,644.2464599609375,319.0938720703125,226.3075714111328,155.9747772216797,138.47491455078125,112.11397552490234,88.78337860107422,86.69830322265625,76.51285552978516,73.2280044555664,66.94681549072266,61.423038482666016,57.982303619384766,56.020713806152344,52.07807540893555,48.515846252441406,13344.8837890625,115.00629425048828,65.94114685058594
340000,350001,17,3,250,181,0,32892.4921875,985.5017700195312,384.3923034667969,252.61471557617188,186.74717712402344,135.03414916992188,115.77236938476562,104.76810455322266,84.82063293457031,82.14102935791016,75.27054595947266,71.75762176513672,66.91375732421875,64.65559387207031,57.22175979614258,54.22538757324219,51.007015228271484,13855.46484375,112.07306671142578,66.09918975830078
340000,350001,17,3,250,181,1,32873.8984375,997.5045166015625,409.71343994140625,250.55917358398438,188.484375,151.6096649169922,139.91502380371094,104.05389404296875,96.6634521484375,82.01593780517578,78.55039978027344,72.07917022705078,65.04405975341797,61.5458984375,58.99471664428711,57.66890335083008,49.7119026184082,13850.1865234375,116.54560089111328,70.64154052734375
345000,355001,17,3,250,178,0,33482.83984375,874.2810668945312,409.3696594238281,230.511474609375,190.8484649658203,166.33180236816406,114.552734375,104.57785034179688,91.67793273925781,88.69778442382812,79.28327178955078,73.60946655273438,71.06133270263672,63.84523391723633,59.53712463378906,54.950138092041016,48.33360290527344,14101.3720703125,138.781982421875,77.28536224365234
345000,355001,17,3,250,178,1,33479.41015625,875.8283081054688,401.49261474609375,228.3626708984375,180.98399353027344,159.53326416015625,107.3680419921875,105.12474060058594,92.56017303466797,87.1853256225586,76.26455688476562,67.0611343383789,63.51728439331055,60.60859298706055,57.790740966796875,55.69019317626953,50.12895584106445,14101.1494140625,133.23265075683594,88.49880981445312
350000,360001,17,3,252,180,0,33391.43359375,930.7609252929688,385.37841796875,248.0158233642578,209.63414001464844,165.5039825439453,127.21724700927734,117.96453094482422,102.6519775390625,89.3883056640625,85.40270233154297,79.67250061035156,76.24226379394531,68.42585754394531,63.37904357910156,61.23516082763672,48.99504470825195,14071.4462890625,153.53067016601562,78.26830291748047
350000,360001,17,3,252,180,1,33379.67578125,909.56787109375,383.89898681640625,240.6291961669922,184.85504150390625,155.57754516601562,117.3019027709961,105.30913543701172,96.84432983398438,91.18120574951172,87.999755859375,73.21135711669922,70.870849609375,66.70234680175781,62.291160583496094,55.928375244140625,52.80799865722656,14066.3671875,142.1750030517578,77.03942108154297
355000,365001,17,3,251,179,0,34082.3359375,972.23828125,389.0712890625,297.4958190917969,207.98776245117188,135.78640747070312,117.89220428466797,110.39126586914062,97.6761703491211,90.67035675048828,88.21215057373047,78.30379486083984,73.89598846435547,67.7328109741211,59.52207565307617,55.8264045715332,49.298500061035156,14344.06640625,107.82457733154297,81.3504638671875
355000,365001,17,3,251,179,1,34062.80078125,969.7564697265625,388.5559997558594,305.9354553222656,198.22634887695312,141.1481170654297,115.56123352050781,108.3886489868164,101.10582733154297,95.29521179199219,85.70133209228516,80.18467712402344,76.45071411132812,68.07072448730469,62.779422760009766,58.50873565673828,55.12090301513672,14336.900390625,107.05528259277344,67.21701049804688
360000,370001,17,3,251,186,0,35663.53515625,919.9978637695312,383.4589538574219,240.23011779785156,173.47520446777344,137.29522705078125,112.69397735595703,108.52330017089844,98.02450561523438,81.65792083740234,72.25312805175781,67.45094299316406,64.1721420288086,60.31919479370117,56.246864318847656,54.55220413208008,50.3237419128418,14944.744140625,128.5387725830078,63.483436584472656
360000,370001,17,3,251,186,1,35636.8515625,928.6435546875,378.8962707519531,238.1072235107422,167.4017333984375,130.5403289794922,107.18769836425781,99.92086791992188,84.96820068359375,81.33517456054688,80.00301361083984,75.82711791992188,70.11221313476562,65.2012710571289,63.378196716308594,57.38213348388672,54.835025787353516,14941.5009765625,121.60995483398438,67.39742279052734
365000,375001,17,3,253,188,0,35287.74609375,919.52197265625,485.9497985839844,257.63775634765625,215.9622344970703,174.4047088623047,156.66317749023438,112.14830780029297,95.52327728271484,88.53231048583984,81.71517944335938,80.59760284423828,76.78663635253906,70.74785614013672,65.67572021484375,55.46390914916992,50.30256271362305,14841.201171875,144.30184936523438,81.84339904785156
365000,375001,17,3,253,188,1,35252.734375,932.8973388671875,502.0484313964844,272.83233642578125,216.83041381835938,176.98614501953125,157.51893615722656,124.09945678710938,99.68678283691406,91.88933563232422,88.10871887207031,79.03707885742188,77.41574096679688,65.01553344726562,64.45812225341797,61.413204193115234,57.82651138305664,14819.4384765625,152.3086395263672,81.82028198242188
370000,380001,17,3,253,186,0,34607.7421875,996.0316772460938,426.9417724609375,251.9557647705078,199.1526641845703,154.09091186523438,144.56370544433594,117.16240692138672,96.77061462402344,94.96272277832031,92.57563781738281,88.80255889892578,76.44586181640625,73.80786895751953,65.9419174194336,63.98173141479492,59.558048248291016,14558.826171875,148.20028686523438,80.12443542480469
370000,380001,17,3,253,186,1,34612.73046875,996.233154296875,430.35821533203125,271.4894714355469,207.7716827392578,163.52598571777344,142.36659240722656,113.8751220703125,100.58883666992188,95.14295959472656,85.73109436035156,81.83338165283203,76.68111419677734,69.31572723388672,62.83393859863281,61.81226348876953,58.544151306152344,14566.2529296875,160.04457092285156,85.14283752441406
375000,385001,17,3,253,174,0,36062.7890625,878.9310913085938,400.50604248046875,258.9683532714844,178.16436767578125,148.21731567382812,136.93064880371094,115.93525695800781,107.99626159667969,97.53612518310547,81.85946655273438,79.05751037597656,74.01422882080078,67.73247528076172,66.75871276855469,56.944454193115234,53.195953369140625,15132.0849609375,119.651611328125,74.42021942138672
375000,385001,17,3,253,174,1,36054.33203125,893.9901733398438,410.0556335449219,263.9797058105469,171.1678924560547,154.69949340820312,124.30313873291016,108.91661071777344,105.4774169921875,98.30632019042969,86.38211059570312,81.8747329711914,78.312255859375,71.42173767089844,65.20687866210938,59.13869857788086,52.772056579589844,15128.4794921875,113.05952453613281,71.12290954589844
380000,390001,17,3,254,183,0,36578.15625,816.6018676757812,389.1175842285156,204.9922332763672,190.98866271972656,169.9743194580078,130.66001892089844,102.5284423828125,95.08381652832031,92.918212890625,78.65766906738281,74.9378433227539,69.4604263305664,62.83174514770508,59.67516326904297,59.170616149902344,49.98107147216797,15438.0986328125,135.7892608642578,80.55128479003906
380000,390001,17,3,254,183,1,36543.6875,819.6173706054688,394.9279479980469,202.68350219726562,195.11080932617188,162.98155212402344,128.58567810058594,109.42271423339844,105.24482727050781,84.39704895019531,78.85086822509766,76.18910217285156,68.7421875,66.30286407470703,58.982093811035156,56.0827522277832,50.760414123535156,15419.224609375,143.09500122070312,78.1504898071289
385000,395001,17,3,252,190,0,37314.0,792.5444946289062,363.01251220703125,234.00567626953125,185.51516723632812,146.95176696777344,138.587646484375,103.10916137695312,97.67002868652344,91.54389190673828,83.45609283447266,74.6483383178711,67.09723663330078,64.10802459716797,62.699119567871094,60.5377082824707,56.21379470825195,15691.7275390625,162.83999633789062,78.24524688720703
385000,395001,17,3,252,190,1,37283.19921875,784.5888061523438,369.8730163574219,228.40328979492188,189.97433471679688,154.10140991210938,143.98036193847656,109.78514099121094,94.730712890625,90.02993774414062,85.68733978271484,73.77687072753906,69.62858581542969,67.86039733886719,62.84577941894531,60.34147262573242,54.46520233154297,15682.9140625,150.4749298095703,89.79981231689453
390000,400001,17,3,249,187,0,36981.46875,913.616455078125,367.9004211425781,235.86138916015625,185.46588134765625,146.85850524902344,115.40697479248047,104.46981048583984,97.09819030761719,86.07865142822266,77.62693786621094,74.02526092529297,68.66424560546875,67.13776397705078,58.96407699584961,57.40147399902344,49.11621856689453,15538.1123046875,124.26611328125,76.40411376953125
390000,400001,17,3,249,187,1,36944.9921875,904.656982421875,371.2434997558594,232.54751586914062,199.6755828857422,156.5830535888672,121.8514175415039,103.67696380615234,94.69804382324219,85.27658081054688,79.68345642089844,76.50773620605469,70.6135025024414,63.78124237060547,61.34566116333008,57.91365051269531,52.968013763427734,15528.8623046875,127.26564025878906,78.01753234863281
395000,405001,17,3,252,196,0,35843.3125,888.5195922851562,455.4653015136719,204.85284423828125,188.09762573242188,154.94338989257812,122.57257080078125,103.8397216796875,100.21136474609375,91.8630599975586,84.55250549316406,77.70685577392578,75.5267333984375,72.22773742675781,65.84825134277344,62.03571701049805,49.78897476196289,15108.32421875,155.76805114746094,77.85650634765625
395000,405001,17,3,252,196,1,35888.64453125,890.9881591796875,453.9833068847656,210.9495391845703,189.1935272216797,146.559326171875,121.95806121826172,108.92972564697266,101.66387939453125,100.25322723388672,95.48211669921875,90.09474182128906,83.03058624267578,78.87163543701172,74.90983581542969,69.64783477783203,60.613399505615234,15119.2685546875,159.4886474609375,80.40045928955078
400000,410001,17,3,246,183,0,37642.86328125,686.3344116210938,368.54656982421875,242.83526611328125,196.26014709472656,130.97669982910156,112.1231689453125,98.29103088378906,84.18067169189453,81.8072738647461,76.34701538085938,72.34508514404297,66.83882904052734,61.63825607299805,60.550113677978516,57.242984771728516,46.548221588134766,15829.349609375,162.30889892578125,74.67761993408203
400000,410001,17,3,246,183,1,37701.02734375,679.1976318359375,372.4757385253906,237.30715942382812,197.1162872314453,130.77084350585938,114.75821685791016,109.28824615478516,91.86238861083984,85.46693420410156,78.38288879394531,74.79530334472656,70.38031005859375,69.27748107910156,61.79156494140625,56.868656158447266,52.3691520690918,15852.486328125,164.2094268798828,77.28367614746094
405000,415001,17,3,253,193,0,36927.44921875,814.978759765625,407.56671142578125,253.4613494873047,176.14401245117188,152.8740997314453,134.55316162109375,128.17849731445312,109.80010223388672,94.04166412353516,84.45317077636719,77.33834075927734,70.18386840820312,67.842041015625,64.95443725585938,57.59303283691406,52.925899505615234,15527.26171875,135.87002563476562,77.28507232666016
405000,415001,17,3,253,193,1,36945.38671875,826.0469360351562,413.2300109863281,245.84861755371094,183.7538604736328,146.4426727294922,136.72850036621094,130.0901641845703,109.67909240722656,88.23162841796875,81.72254180908203,76.63719940185547,67.39578247070312,59.1909065246582,58.49869918823242,57.27482986450195,49.51996994018555,15538.2763671875,139.22021484375,66.8707046508789
410000,420001,17,3,253,199,0,38065.99609375,693.322998046875,388.4607849121094,210.7670440673828,182.4796600341797,136.81260681152344,127.02340698242188,112.24601745605469,97.24139404296875,95.08101654052734,82.71412658691406,79.12691497802734,73.61053466796875,68.72750854492188,62.453857421875,55.6620979309082,50.27771759033203,16031.5986328125,156.7072296142578,80.3448486328125
410000,420001,17,3,253,199,1,38001.64453125,691.0086059570312,378.5389404296875,215.26202392578125,174.65919494628906,126.11737060546875,116.7168960571289,104.29759979248047,92.69747161865234,82.29377746582031,75.3306884765625,71.68135833740234,65.80323028564453,61.02244186401367,56.16107940673828,53.484619140625,50.82582092285156,15996.6259765625,135.0849609375,73.7902603149414
415000,425001,17,3,255,199,0,37258.80078125,801.2626953125,410.2281188964844,263.7301330566406,197.62889099121094,189.03616333007812,137.73428344726562,116.0774917602539,96.34030151367188,91.33393859863281,87.90198516845703,86.04061126708984,80.58132934570312,66.07209014892578,61.98768615722656,58.769569396972656,57.24904251098633,15696.6142578125,221.7379913330078,89.20174407958984
415000,425001,17,3,255,199,1,37238.88671875,797.1804809570312,425.5945739746094,287.116943359375,215.8754425048828,185.05674743652344,139.34017944335938,116.88070678710938,97.79150390625,94.07162475585938,88.46177673339844,77.24964141845703,74.18189239501953,68.00076293945312,65.0488052368164,62.65563201904297,55.081092834472656,15685.7451171875,271.35272216796875,105.76240539550781
420000,430001,17,3,250,185,0,38644.265625,993.1201782226562,369.9200439453125,260.8131103515625,204.8359832763672,174.8134002685547,146.89381408691406,116.8759994506836,98.70418548583984,92.63990020751953,88.95704650878906,84.69374084472656,79.04084777832031,71.49820709228516,68.73374938964844,59.10354995727539,57.740989685058594,16214.259765625,181.74534606933594,89.65458679199219
420000,430001,17,3,250,185,1,38698.38671875,1012.5894775390625,376.25494384765625,264.57110595703125,191.24456787109375,176.3421173095703,128.2553253173828,110.65471649169922,94.6574478149414,90.22252655029297,83.69752502441406,79.57933807373047,75.60472106933594,68.20990753173828,63.894676208496094,58.4786262512207,52.588157653808594,16232.939453125,169.18051147460938,97.53931427001953
425000,435001,17,3,249,178,0,38030.859375,1036.025634765625,449.82659912109375,292.6763000488281,176.7050018310547,162.04269409179688,126.18708801269531,122.39042663574219,98.8246841430664,94.90805053710938,88.96329498291016,82.11485290527344,80.09856414794922,75.26219177246094,69.92314147949219,64.46309661865234,57.61663055419922,15935.6884765625,169.245849609375,94.09744262695312
425000,435001,17,3,249,178,1,38029.7109375,1052.327880859375,450.4070739746094,306.6417236328125,201.78053283691406,192.8303985595703,143.4237060546875,135.9882049560547,119.15180969238281,109.49650573730469,96.00535583496094,88.00082397460938,75.57701873779297,71.56775665283203,64.05580139160156,59.556121826171875,54.523983001708984,15933.8427734375,195.22540283203125,72.47599792480469
430000,440001,17,3,253,195,0,36604.890625,817.1031494140625,420.9793395996094,232.57899475097656,192.4565887451172,153.9436492919922,130.54788208007812,108.31766510009766,91.32768249511719,88.40918731689453,83.8389892578125,82.14662170410156,79.3591079711914,70.42142486572266,63.81132507324219,58.267555236816406,57.28008270263672,15432.5302734375,136.0940704345703,74.1034927368164
430000,440001,17,3,253,195,1,36689.7734375,823.7379150390625,415.1070861816406,255.2852783203125,193.52581787109375,155.13485717773438,143.59100341796875,117.57550048828125,98.7911148071289,94.84239196777344,84.60613250732422,83.75406646728516,79.39057922363281,71.75801086425781,63.514957427978516,62.36027145385742,56.66868591308594,15461.64453125,141.2350311279297,75.99105834960938
435000,445001,17,3,251,193,0,39140.203125,1169.4141845703125,379.3269348144531,284.7781066894531,169.88531494140625,164.252197265625,144.07760620117188,109.23339080810547,99.2724838256836,93.98973846435547,86.3131332397461,79.11235046386719,75.15616607666016,70.4096450805664,69.11634063720703,62.951969146728516,61.306236267089844,16485.9375,141.34268188476562,82.96185302734375
435000,445001,17,3,251,193,1,39114.8671875,1187.0791015625,378.9264831542969,266.3332824707031,183.75985717773438,166.05157470703125,138.83047485351562,108.59284973144531,105.96415710449219,99.189453125,86.84280395507812,80.23016357421875,78.8310546875,74.96223449707031,68.43291473388672,66.29448699951172,58.65394973754883,16472.61328125,152.0455322265625,78.78450012207031
440000,450001,17,3,250,201,0,38523.4375,1125.466064453125,463.66180419921875,300.40850830078125,196.85891723632812,182.4040069580078,157.13648986816406,124.41375732421875,113.55033874511719,100.07410430908203,91.4249038696289,87.72757720947266,84.28645324707031,75.55349731445312,71.92008972167969,67.42417907714844,61.9205322265625,16183.2822265625,131.33262634277344,85.57731628417969
440000,450001,17,3,250,201,1,38498.96484375,1113.2720947265625,470.193359375,296.89422607421875,191.83059692382812,186.87265014648438,165.39039611816406,137.81640625,115.46997833251953,108.01530456542969,97.97844696044922,92.99378204345703,87.02787780761719,84.03791046142578,71.21928405761719,66.8153076171875,58.10139846801758,16177.7578125,150.1802520751953,89.15509033203125
445000,455001,17,3,252,186,0,38724.4453125,1198.6680908203125,465.0597229003906,259.81085205078125,215.72926330566406,158.82225036621094,131.3896026611328,105.93990325927734,93.81908416748047,87.6884994506836,79.41477966308594,76.98231506347656,75.02200317382812,63.95418167114258,61.92695617675781,60.237300872802734,55.15441131591797,16305.6337890625,148.97740173339844,79.07911682128906
445000,455001,17,3,252,186,1,38784.671875,1199.4051513671875,476.7945861816406,260.4207763671875,235.62913513183594,185.14498901367188,150.78146362304688,111.4113998413086,102.00562286376953,91.12439727783203,81.7336654663086,79.55178833007812,73.32713317871094,67.8715591430664,64.45195770263672,57.53123474121094,54.06806945800781,16326.392578125,166.22921752929688,73.53596496582031
450000,460001,17,3,251,196,0,38601.13671875,827.9586791992188,446.6471862792969,240.03143310546875,186.53790283203125,156.62261962890625,124.29463195800781,119.4659194946289,110.37712097167969,93.78028106689453,83.58243560791016,77.65965270996094,71.36294555664062,69.23277282714844,61.1378288269043,60.34476852416992,57.401893615722656,16260.3134765625,126.71340942382812,72.95378875732422
450000,460001,17,3,251,196,1,38589.24609375,812.8007202148438,448.8345642089844,231.6857452392578,205.4602508544922,166.57550048828125,147.3426971435547,119.24858093261719,116.03701782226562,99.12415313720703,87.93995666503906,78.17098236083984,70.9067153930664,66.743408203125,61.88705825805664,59.97272491455078,55.24256134033203,16260.1953125,128.95913696289062,85.98675537109375
455000,465001,17,3,246,184,0,39471.26171875,779.9141235351562,497.74005126953125,230.48806762695312,184.96543884277344,145.18673706054688,129.86842346191406,114.55299377441406,97.27893829345703,87.18875885009766,84.62451171875,80.17552947998047,75.5503158569336,68.16140747070312,66.49471282958984,59.18724060058594,54.547420501708984,16581.3671875,144.97872924804688,87.64924621582031
455000,465001,17,3,246,184,1,39447.16015625,801.533935546875,498.7291564941406,218.7309112548828,170.4694366455078,145.29598999023438,127.78887939453125,109.55026245117188,100.22887420654297,82.91617584228516,79.01144409179688,77.76203155517578,72.52435302734375,64.26229095458984,63.2563362121582,57.95716094970703,53.66414260864258,16571.357421875,134.5022735595703,82.12883758544922
460000,470001,17,3,253,195,0,40145.53125,1581.8355712890625,495.3514404296875,340.4942932128906,218.3836669921875,204.12429809570312,174.3245391845703,122.80113220214844,110.27014923095703,105.8344497680664,95.39888763427734,91.63140869140625,89.4279556274414,80.0196304321289,76.9700927734375,64.02130889892578,62.393821716308594,16899.568359375,180.855712890625,95.8713607788086
460000,470001,17,3,253,195,1,40166.94921875,1531.24951171875,485.3930969238281,328.8805236816406,235.98521423339844,190.60153198242188,176.9320068359375,142.63294982910156,108.11138153076172,100.4266128540039,94.14384460449219,90.96852111816406,84.252685546875,74.01893615722656,69.6432113647461,65.65543365478516,58.284507751464844,16908.359375,183.99725341796875,82.87259674072266
465000,475001,17,3,248,192,0,40241.359375,711.3049926757812,357.41705322265625,233.03140258789062,185.42034912109375,137.7403564453125,134.14430236816406,105.11803436279297,97.2814712524414,93.40504455566406,86.45426177978516,81.68608856201172,76.39863586425781,70.2146987915039,68.78811645507812,65.14227294921875,59.509613037109375,16942.404296875,127.50566864013672,79.13854217529297
465000,475001,17,3,248,192,1,40240.484375,711.4144897460938,352.2124938964844,226.2783660888672,183.35040283203125,133.45333862304688,116.638671875,101.96893310546875,97.8401107788086,93.83470153808594,83.74113464355469,78.39746856689453,70.00447082519531,68.51397705078125,65.26200103759766,58.04767990112305,53.82746124267578,16943.904296875,127.50176239013672,72.95339965820312
470000,480001,17,3,253,199,0,39621.57421875,930.076416015625,391.79388427734375,265.4553527832031,175.8544921875,172.93614196777344,130.51243591308594,117.34534454345703,108.04873657226562,97.79627990722656,87.49646759033203,81.34416198730469,78.54092407226562,72.7264404296875,68.0892333984375,62.79792785644531,53.10870361328125,16639.453125,173.4892578125,87.07695770263672
470000,480001,17,3,253,199,1,39624.53125,928.068603515625,399.8144836425781,267.24090576171875,181.39981079101562,166.64382934570312,132.1667022705078,117.39954376220703,113.30626678466797,107.06178283691406,92.73882293701172,80.62654113769531,75.4486083984375,71.48785400390625,69.0096664428711,61.45258331298828,53.106971740722656,16638.98046875,171.49197387695312,92.98074340820312
475000,485001,17,3,251,198,0,40630.9765625,850.084716796875,387.80401611328125,246.31884765625,214.6986846923828,144.48379516601562,135.3561248779297,129.05316162109375,109.8637924194336,90.90003204345703,83.6670913696289,76.62008666992188,72.67741394042969,71.41958618164062,65.85093688964844,61.209808349609375,57.545799255371094,17126.908203125,180.6676025390625,90.53009796142578
475000,485001,17,3,251,198,1,40717.34765625,845.1026611328125,387.5583801269531,259.164306640625,237.7082977294922,167.3588104248047,142.958251953125,116.7325668334961,101.6410903930664,93.53166198730469,86.30840301513672,79.28507995605469,76.22649383544922,68.02603149414062,65.40794372558594,59.92190933227539,55.08179473876953,17163.96484375,184.49246215820312,80.9322738647461
480000,490001,17,3,252,193,0,39378.546875,809.369873046875,441.6626892089844,296.9814758300781,210.5623016357422,149.27719116210938,132.19464111328125,111.52214813232422,102.74681091308594,95.73854064941406,93.78706359863281,87.22583770751953,82.15631866455078,70.3306655883789,69.19210052490234,65.09734344482422,61.58575439453125,16532.2890625,129.30455017089844,80.62963104248047
480000,490001,17,3,252,193,1,39366.84765625,808.788330078125,454.4512939453125,301.57989501953125,198.62269592285156,143.95863342285156,121.25817108154297,105.66000366210938,103.04788970947266,94.62378692626953,86.82502746582031,82.29715728759766,80.48133850097656,73.45226287841797,65.75279235839844,64.05999755859375,55.924434661865234,16534.08984375,120.51178741455078,87.04045867919922
485000,495001,17,3,250,197,0,39300.203125,824.1751708984375,469.9289245605469,298.91259765625,238.8638458251953,189.3488006591797,152.45545959472656,136.840576171875,106.4691390991211,103.0119400024414,87.82083892822266,83.67430877685547,77.47289276123047,74.89588928222656,73.48504638671875,71.98738861083984,61.7342643737793,16556.091796875,179.824951171875,86.74203491210938
485000,495001,17,3,250,197,1,39293.58984375,821.5265502929688,474.35009765625,299.22137451171875,227.5396728515625,182.40765380859375,146.853515625,134.56121826171875,105.64744567871094,97.58473205566406,91.33631896972656,83.48960876464844,81.08216094970703,78.39350891113281,76.86620330810547,73.38471984863281,59.965030670166016,16556.916015625,169.8442840576172,87.16622161865234
490000,500001,17,3,254,194,0,39909.21484375,1432.87548828125,511.55255126953125,322.6557312011719,231.73023986816406,180.32586669921875,144.26548767089844,125.62155151367188,114.99211120605469,99.96525573730469,95.7479248046875,89.8776626586914,77.19259643554688,74.16751861572266,68.17347717285156,61.158504486083984,58.16081237792969,16810.611328125,169.63328552246094,84.404296875
490000,500001,17,3,254,194,1,39859.16015625,1437.81884765625,498.05120849609375,344.3475646972656,240.81907653808594,185.91233825683594,148.7445831298828,123.87188720703125,106.1427001953125,98.84441375732422,95.0049819946289,86.69685363769531,77.84454345703125,75.41478729248047,67.06678009033203,64.24842834472656,58.64616012573242,16785.91015625,152.94020080566406,76.55339050292969
495000,505001,17,3,255,192,0,40087.55859375,1132.2767333984375,411.6197509765625,214.25106811523438,148.02305603027344,140.8388671875,119.3337631225586,103.68272399902344,91.34712982177734,88.41532135009766,84.0124740600586,79.40872955322266,76.31221008300781,69.36343383789062,63.75181579589844,59.1191520690918,52.53910446166992,16931.064453125,132.34121704101562,75.764892578125
495000,505001,17,3,255,192,1,40055.44921875,1110.9053955078125,407.93951416015625,216.65992736816406,166.99795532226562,143.45068359375,127.57344055175781,110.78575134277344,95.08173370361328,93.04969787597656,83.96916198730469,80.60798645019531,75.29532623291016,70.94743347167969,67.00627899169922,60.84293746948242,57.25300216674805,16920.24609375,122.86637115478516,88.1334457397461
500000,510001,17,3,251,191,0,40992.01171875,1079.1470947265625,432.4329833984375,236.76547241210938,194.50498962402344,176.4540557861328,166.96946716308594,122.4271011352539,112.42144012451172,95.9671401977539,90.09070587158203,88.52671813964844,87.20407104492188,74.9578857421875,70.22166442871094,66.1421890258789,64.0255126953125,17230.53125,118.9979019165039,88.8271484375
500000,510001,17,3,251,191,1,41049.90234375,1093.99951171875,436.2724304199219,247.981689453125,205.1236114501953,161.90939331054688,140.98159790039062,124.15477752685547,102.98846435546875,99.9981460571289,91.86225128173828,85.28994750976562,76.27388000488281,74.08967590332031,69.61347198486328,66.89241027832031,60.86465072631836,17255.728515625,124.74447631835938,86.75044250488281
505000,515001,17,3,256,202,0,42561.09765625,1057.3837890625,411.98187255859375,274.7119140625,191.66871643066406,159.32098388671875,144.4469451904297,119.91372680664062,114.98287200927734,99.50738525390625,85.84830474853516,81.90824127197266,79.65563201904297,74.81475830078125,72.28067016601562,64.19693756103516,60.878082275390625,17872.595703125,158.8052978515625,93.37378692626953
505000,515001,17,3,256,202,1,42492.7890625,1035.1903076171875,419.6285400390625,277.90606689453125,180.76600646972656,171.48805236816406,149.2359161376953,116.64676666259766,112.25595092773438,105.22163391113281,92.98338317871094,90.86518859863281,79.08602142333984,74.98750305175781,73.24431610107422,68.72246551513672,67.75723266601562,17840.498046875,172.29995727539062,82.56523132324219
510000,520001,17,3,255,199,0,42348.44921875,1120.11181640625,427.8674621582031,247.79168701171875,208.0132598876953,163.29779052734375,141.39088439941406,121.82686614990234,108.86297607421875,105.40234375,95.07565307617188,86.81680297851562,80.81636810302734,74.50775909423828,65.35326385498047,61.71397399902344,60.372066497802734,17799.658203125,126.38780212402344,94.1964111328125
510000,520001,17,3,255,199,1,42420.7578125,1124.3232421875,416.4364013671875,259.0198974609375,196.36639404296875,178.38116455078125,147.38111877441406,118.89668273925781,106.92359161376953,95.46212005615234,85.49825286865234,81.32464599609375,75.7580337524414,73.10255432128906,70.44596099853516,63.145721435546875,62.91123962402344,17832.4296875,124.73133850097656,82.5954818725586
515000,525001,17,3,251,201,0,41020.35546875,768.922607421875,365.3225402832031,234.565185546875,175.37303161621094,157.26756286621094,124.80752563476562,114.76282501220703,105.2065658569336,87.4001693725586,83.4823989868164,75.49393463134766,70.90110778808594,64.79100799560547,60.31835174560547,51.993019104003906,49.52195739746094,17298.759765625,135.06361389160156,79.89796447753906
515000,525001,17,3,251,201,1,41117.484375,765.610107421875,364.2344055175781,233.1971893310547,168.8411865234375,156.2284698486328,123.16498565673828,107.71487426757812,98.36140441894531,91.63145446777344,84.14686584472656,83.17901611328125,71.78583526611328,70.45182800292969,67.60421752929688,60.77817916870117,55.59165954589844,17334.88671875,137.0980224609375,78.55062866210938
520000,530001,17,3,252,203,0,41541.48828125,1505.322265625,486.8703918457031,322.9244689941406,206.2179718017578,159.46852111816406,144.08985900878906,134.71546936035156,116.15837860107422,109.5724105834961,104.7203140258789,91.38506317138672,80.97967529296875,79.80207061767578,76.0602798461914,72.90521240234375,62.20071792602539,17447.783203125,178.4935302734375,112.5059814453125
520000,530001,17,3,252,203,1,41616.98046875,1520.713623046875,482.3223876953125,331.3460693359375,210.87554931640625,148.0577392578125,139.38565063476562,128.92274475097656,123.17459869384766,107.29065704345703,95.9781723022461,93.73590087890625,85.51342010498047,81.71821594238281,76.73078155517578,66.48519897460938,65.53849792480469,17482.921875,180.46151733398438,115.64595794677734
525000,535001,17,3,254,202,0,41855.9765625,778.5721435546875,423.6742858886719,282.4481506347656,191.46693420410156,153.9866180419922,135.55206298828125,109.45018005371094,103.7772445678711,95.84523010253906,88.23477935791016,79.37132263183594,77.47607421875,72.07704162597656,70.50028991699219,67.68179321289062,59.78987121582031,17638.146484375,183.2053985595703,89.05951690673828
525000,535001,17,3,254,202,1,41910.49609375,760.3695068359375,423.5174865722656,278.04107666015625,190.69627380371094,158.87176513671875,140.62364196777344,118.93881225585938,107.80908203125,94.50733947753906,93.5986099243164,86.46773529052734,82.8998031616211,79.96087646484375,76.81780242919922,69.23041534423828,58.12186050415039,17664.21484375,166.64305114746094,87.7999038696289
530000,540001,17,3,252,203,0,42134.69140625,1233.2373046875,596.16552734375,334.08197021484375,225.4013671875,200.43748474121094,155.9274444580078,126.79100799560547,119.31224060058594,103.2552719116211,98.0537109375,91.95063781738281,89.64069366455078,79.87030792236328,73.01799774169922,71.53408813476562,66.485107421875,17658.345703125,154.29649353027344,95.8243408203125
530000,540001,17,3,252,203,1,42115.76953125,1252.9830322265625,615.4835205078125,355.4910888671875,246.7863311767578,211.58963012695312,147.4860076904297,138.7513427734375,118.2865219116211,113.56414794921875,91.12605285644531,90.62894439697266,84.58734130859375,80.20501708984375,76.98295593261719,69.7243881225586,63.79658508300781,17655.00390625,180.95083618164062,107.09391021728516
535000,545001,17,3,250,194,0,40795.1796875,1329.074951171875,511.952880859375,270.4771728515625,205.1462860107422,155.6084747314453,141.70819091796875,124.2339096069336,115.52708435058594,97.11871337890625,91.7639389038086,88.88870239257812,78.73725891113281,71.02470397949219,66.78829193115234,59.87030029296875,57.00014114379883,17109.6875,179.51548767089844,91.31989288330078
535000,545001,17,3,250,194,1,40788.90234375,1337.68310546875,523.6665649414062,284.97650146484375,212.45401000976562,185.22889709472656,140.62498474121094,123.03630828857422,109.90039825439453,104.75139617919922,99.31819915771484,89.62413787841797,85.45447540283203,76.42389678955078,69.77749633789062,69.0792465209961,61.5338020324707,17100.2109375,197.863525390625,105.49705505371094
540000,550001,17,3,252,209,0,42247.40625,963.740966796875,416.3556823730469,336.0523376464844,220.7625274658203,188.59059143066406,127.14268493652344,114.25067901611328,109.16292572021484,101.48808288574219,88.80574035644531,85.15094757080078,82.72542572021484,73.94847106933594,67.58380889892578,67.11949920654297,62.220489501953125,17785.00390625,265.6961364746094,100.62879943847656
540000,550001,17,3,252,209,1,42239.74609375,987.5316162109375,410.427490234375,345.2243347167969,232.4197235107422,176.2087860107422,142.5234832763672,117.14173126220703,106.17914581298828,93.94659423828125,86.61602020263672,82.310302734375,79.1466293334961,74.6601791381836,71.00633239746094,67.20500183105469,62.94449996948242,17777.900390625,268.5048828125,123.96305084228516
545000,555001,17,3,250,203,0,41849.9921875,833.8165893554688,471.8445739746094,327.1021423339844,227.1769561767578,187.26116943359375,170.94422912597656,144.3250732421875,125.98053741455078,112.87814331054688,110.9117202758789,99.73900604248047,94.90225982666016,82.11206817626953,75.0150146484375,72.91783142089844,69.42547607421875,17605.025390625,183.01699829101562,106.02268981933594
545000,555001,17,3,250,203,1,41791.81640625,819.4845581054688,475.4762268066406,339.7179260253906,248.6398468017578,169.99803161621094,148.5093536376953,137.54075622558594,124.48055267333984,112.26264190673828,105.11970520019531,94.79734802246094,91.6255874633789,85.67233276367188,81.12574005126953,75.84607696533203,65.57717895507812,17586.189453125,169.75193786621094,96.62621307373047
550000,560001,17,3,250,205,0,41099.79296875,1653.591552734375,518.4107666015625,287.88043212890625,210.10325622558594,174.90274047851562,128.56993103027344,112.11133575439453,105.45022583007812,100.37004089355469,89.88398742675781,82.70787811279297,75.0454330444336,71.35137939453125,66.4452133178711,58.48147201538086,55.64259338378906,17345.5703125,154.0417022705078,85.5538558959961
550000,560001,17,3,250,205,1,41104.78515625,1624.7103271484375,486.7166442871094,275.2497863769531,209.15638732910156,177.44381713867188,141.67784118652344,120.25304412841797,106.32247924804688,95.15747833251953,83.53107452392578,80.72880554199219,75.10803985595703,71.30960845947266,70.44692993164062,65.0098876953125,56.6114387512207,17352.57421875,149.0354766845703,86.43680572509766
555000,565001,17,3,253,201,0,41652.6796875,1108.1038818359375,502.6091613769531,310.69891357421875,235.6151580810547,174.447509765625,140.956787109375,129.46243286132812,117.01284790039062,99.46570587158203,94.57025146484375,87.44559478759766,77.37744140625,76.6463851928711,66.0606460571289,57.980743408203125,57.295597076416016,17531.568359375,167.7812042236328,81.94466400146484
555000,565001,17,3,253,201,1,41692.59765625,1135.483154296875,490.0639343261719,304.7013854980469,236.6565399169922,176.40516662597656,154.4259490966797,125.48792266845703,110.04093933105469,104.87944793701172,97.97804260253906,89.13573455810547,82.7425765991211,77.34215545654297,75.1727294921875,70.0809097290039,64.49150848388672,17559.267578125,165.67333984375,79.19462585449219
560000,570001,17,3,254,206,0,43134.6328125,831.8030395507812,383.6809387207031,268.8665771484375,204.39950561523438,174.02073669433594,128.99644470214844,119.77008056640625,106.83768463134766,100.96405792236328,98.98566436767578,92.97731018066406,84.9018783569336,80.2800064086914,77.31611633300781,70.83444213867188,64.53994750976562,18164.939453125,147.656005859375,75.97393035888672
560000,570001,17,3,254,206,1,43109.671875,797.4841918945312,396.3489990234375,267.2696228027344,220.24647521972656,173.90818786621094,130.2861785888672,125.29240417480469,113.24999237060547,107.4815673828125,102.8047866821289,89.40301513671875,83.72630310058594,82.81037139892578,77.4442138671875,74.33012390136719,65.2705078125,18161.248046875,142.47259521484375,79.29385375976562
565000,575001,17,3,251,204,0,42086.1796875,743.6301879882812,505.1850891113281,296.32305908203125,223.3163299560547,173.0371856689453,132.91134643554688,110.37715911865234,98.92034149169922,90.66830444335938,89.70642852783203,85.92675018310547,80.64068603515625,74.81515502929688,65.61981201171875,64.18629455566406,54.772705078125,17722.283203125,135.68946838378906,61.22521209716797
565000,575001,17,3,251,204,1,42081.81640625,740.4871215820312,514.6907958984375,283.74774169921875,217.76565551757812,176.01661682128906,131.9258270263672,109.54529571533203,103.4871597290039,93.13825988769531,91.13558959960938,77.67888641357422,73.73837280273438,69.43704223632812,65.91339111328125,59.04545974731445,52.46658706665039,17725.50390625,142.04954528808594,66.82755279541016
570000,580001,17,3,250,216,0,42534.2421875,758.1316528320312,370.7215576171875,236.46409606933594,196.96421813964844,157.7599334716797,122.92566680908203,107.92069244384766,93.75122833251953,90.93953704833984,84.97333526611328,80.86957550048828,76.94475555419922,71.59040832519531,70.0387954711914,66.3659896850586,61.373294830322266,17879.408203125,121.21058654785156,74.41362762451172
570000,580001,17,3,250,216,1,42546.97265625,753.1942749023438,366.9338073730469,239.7838897705078,193.91612243652344,171.25515747070312,125.66617584228516,113.55921173095703,99.9761734008789,88.31222534179688,83.0755386352539,76.79607391357422,75.009765625,72.9343032836914,70.48976135253906,64.367919921875,60.75746536254883,17891.3828125,128.65359497070312,73.39005279541016
575000,585001,17,3,249,208,0,42728.38671875,862.8616943359375,461.80584716796875,269.11138916015625,208.41650390625,151.6570587158203,128.73486328125,113.63151550292969,110.79856872558594,93.9802017211914,89.34773254394531,80.13202667236328,74.9723129272461,71.94772338867188,65.27745819091797,62.0206413269043,60.840736389160156,18012.62890625,130.49652099609375,85.63355255126953
575000,585001,17,3,249,208,1,42706.4296875,868.1409912109375,470.2505187988281,283.3402099609375,215.1471405029297,142.28294372558594,125.78175354003906,113.59228515625,102.3516616821289,100.72379302978516,86.3078384399414,80.85428619384766,77.21061706542969,68.45441436767578,63.56344985961914,58.952308654785156,55.22251510620117,17999.650390625,129.8692169189453,87.90223693847656
580000,590001,17,3,251,200,0,44160.08984375,828.638671875,502.4601135253906,277.9056091308594,212.64840698242188,203.6772918701172,142.5704803466797,133.7241973876953,127.40789031982422,106.06217193603516,97.76448059082031,94.98601531982422,79.77643585205078,75.79270935058594,69.9263916015625,65.2123794555664,58.36314010620117,18621.67578125,161.6890869140625,85.48571014404297
580000,590001,17,3,251,200,1,44164.66015625,830.8766479492188,498.2000427246094,297.3953552246094,217.83187866210938,186.88983154296875,127.42547607421875,121.21265411376953,110.57820129394531,104.32128143310547,93.84918975830078,86.24340057373047,77.20732116699219,75.73470306396484,72.5376205444336,70.20176696777344,65.16153717041016,18630.322265625,172.78018188476562,87.78053283691406
585000,595001,17,3,252,207,0,42575.32421875,939.2354736328125,472.0350036621094,282.72662353515625,212.4084930419922,173.73558044433594,147.65866088867188,133.55477905273438,120.33723449707031,97.82369232177734,94.62419891357422,87.13103485107422,83.41570281982422,77.81857299804688,72.76358032226562,69.9690933227539,63.969783782958984,17963.20703125,157.92379760742188,86.98956298828125
585000,595001,17,3,252,207,1,42510.35546875,930.5283813476562,468.31939697265625,282.29669189453125,208.10244750976562,172.3785858154297,149.1211395263672,134.14187622070312,110.1312255859375,104.53746032714844,94.53783416748047,90.74282836914062,81.4476089477539,78.45185089111328,73.07776641845703,66.20244598388672,62.93144226074219,17934.130859375,150.1922607421875,83.41265869140625
590000,600001,17,3,254,212,0,44641.8125,910.5460205078125,396.6013488769531,247.2543487548828,188.84007263183594,159.68109130859375,125.2618408203125,114.08272552490234,112.35218811035156,100.22682189941406,89.900146484375,88.4197006225586,81.060546875,78.44309997558594,74.50469207763672,62.48495101928711,59.127166748046875,18798.470703125,148.1691131591797,80.51410675048828
590000,600001,17,3,254,212,1,44705.66015625,891.7635498046875,387.62969970703125,240.70542907714844,184.01036071777344,150.2495574951172,126.49525451660156,124.58344268798828,109.52540588378906,99.34796142578125,97.31590270996094,92.3462142944336,85.86387634277344,79.86328125,71.94400024414062,71.1510238647461,60.26961898803711,18815.48046875,135.04006958007812,81.98381805419922
595000,605001,17,3,250,205,0,42926.23046875,906.8792114257812,483.3890380859375,307.1570739746094,198.02484130859375,160.67019653320312,120.51297760009766,115.48310089111328,111.07312774658203,104.40982818603516,97.1126937866211,91.77426147460938,88.08753204345703,83.45938873291016,78.55062103271484,69.1629867553711,67.8760757446289,18075.884765625,238.7423858642578,98.54288482666016
595000,605001,17,3,250,205,1,42924.3046875,895.78857421875,473.6401672363281,301.3111267089844,209.54006958007812,165.3225860595703,144.4900665283203,131.33526611328125,103.80311584472656,91.54768371582031,90.01795959472656,80.6293716430664,80.18956756591797,72.9671401977539,71.29212951660156,62.838802337646484,59.015785217285156,18073.892578125,301.18402099609375,88.00310516357422
600000,610001,17,3,255,199,0,44573.5703125,1122.5201416015625,526.2073364257812,333.58319091796875,210.34361267089844,185.3054656982422,166.96530151367188,134.264404296875,108.73467254638672,99.51546478271484,97.53178405761719,91.48731231689453,79.50291442871094,75.55867767333984,69.649658203125,67.98942565917969,58.88924026489258,18708.64453125,155.2921142578125,94.16020202636719
600000,610001,17,3,255,199,1,44625.40234375,1134.283935546875,525.7501831054688,327.5477600097656,202.21441650390625,167.48997497558594,158.05972290039062,133.1458282470703,107.841552734375,103.86233520507812,94.10037231445312,90.68218231201172,77.69367218017578,75.75121307373047,72.67887878417969,66.60939025878906,56.46659851074219,18726.328125,151.1530303955078,89.46900177001953
605000,615001,17,3,253,197,0,45339.82421875,1068.250732421875,399.56927490234375,246.95315551757812,201.82797241210938,155.46128845214844,127.9266128540039,120.36318969726562,102.89633178710938,99.18243408203125,88.67279815673828,82.186279296875,80.935546875,71.45487976074219,69.92774963378906,61.99235916137695,60.42101287841797,19090.306640625,137.79171752929688,67.46406555175781
605000,615001,17,3,253,197,1,45359.69921875,1073.105224609375,403.9801940917969,254.97311401367188,186.67364501953125,137.75912475585938,122.6826171875,119.9521255493164,102.81002044677734,93.39705657958984,88.8399887084961,86.50908660888672,80.53363037109375,74.66809844970703,73.08074188232422,68.9415054321289,61.601951599121094,19095.15625,130.40943908691406,82.30783081054688
610000,620001,17,3,250,207,0,44474.84375,965.3124389648438,363.7351989746094,246.6561279296875,205.4186248779297,147.99862670898438,128.01287841796875,115.15811920166016,102.81539916992188,97.2087173461914,86.67494201660156,80.20348358154297,77.84355163574219,73.85323333740234,68.10811614990234,63.350013732910156,57.63983154296875,18711.759765625,139.97149658203125,93.80144500732422
610000,620001,17,3,250,207,1,44516.4296875,942.4573974609375,363.84698486328125,249.45750427246094,208.09341430664062,144.4258575439453,136.59182739257812,112.11486053466797,107.96330261230469,89.49291229248047,85.57438659667969,82.16997528076172,70.51616668701172,67.81172180175781,66.0019302368164,59.578948974609375,57.45578384399414,18736.64453125,138.9301300048828,87.8694839477539
615000,625001,17,3,252,217,0,44530.515625,857.35107421875,418.376953125,293.44305419921875,197.422607421875,178.17572021484375,135.94598388671875,112.07567596435547,102.18197631835938,94.99683380126953,91.16487121582031,86.43025970458984,78.83078002929688,74.43543243408203,72.24336242675781,63.575984954833984,58.569000244140625,18722.9921875,132.406005859375,82.40690612792969
615000,625001,17,3,252,217,1,44631.02734375,870.7448120117188,406.1800842285156,282.9848327636719,186.58619689941406,167.87936401367188,133.93544006347656,117.49238586425781,112.79093170166016,97.8097152709961,85.30699920654297,79.23297882080078,76.11862182617188,71.2580795288086,66.54108428955078,62.088191986083984,60.50291442871094,18763.419921875,138.55841064453125,81.42423248291016
620000,630001,17,3,255,219,0,45160.6171875,1297.8516845703125,478.3461608886719,304.2171325683594,269.542724609375,203.92874145507812,152.07015991210938,141.08180236816406,126.00291442871094,111.48259735107422,104.52926635742188,94.05014038085938,88.96272277832031,81.1309585571289,73.95535278320312,67.11876678466797,63.86882781982422,18956.880859375,178.72889709472656,97.75566101074219
620000,630001,17,3,255,219,1,45172.515625,1313.8143310546875,483.9689025878906,295.7784729003906,272.4072570800781,209.00265502929688,155.54339599609375,135.70791625976562,127.94314575195312,101.7502212524414,98.84334564208984,91.31392669677734,87.58049774169922,80.62928771972656,72.44085693359375,67.72438049316406,65.96664428710938,18958.90234375,173.44944763183594,92.00023651123047
625000,635001,17,3,253,207,0,45432.11328125,926.0975952148438,428.4098205566406,213.11561584472656,188.34327697753906,144.53919982910156,118.4552001953125,107.8765869140625,96.8985595703125,94.1148910522461,86.05773162841797,79.72765350341797,74.37007141113281,72.84888458251953,67.36300659179688,57.241050720214844,54.21651077270508,19172.12109375,139.43063354492188,83.68235778808594
625000,635001,17,3,253,207,1,45521.796875,934.3987426757812,461.37890625,221.77178955078125,207.33914184570312,163.06884765625,129.4102783203125,114.99530029296875,98.78373718261719,92.64179229736328,89.67691040039062,78.17414093017578,75.62965393066406,70.42132568359375,62.98017883300781,60.257022857666016,57.386871337890625,19202.384765625,151.2049102783203,74.62692260742188
630000,640001,17,3,251,208,0,45650.24609375,804.7283935546875,385.8946838378906,318.316162109375,228.6087646484375,207.61334228515625,161.52386474609375,126.27985382080078,115.15251922607422,104.53469848632812,90.13886260986328,80.83012390136719,78.18727111816406,73.56462097167969,70.77893829345703,65.27505493164062,59.54378128051758,19203.6875,222.5857391357422,90.68421173095703
630000,640001,17,3,251,208,1,45633.52734375,813.8414916992188,399.8003845214844,313.3619689941406,227.79879760742188,197.50546264648438,143.47193908691406,110.69245910644531,98.6142349243164,94.1688003540039,89.56715393066406,85.82687377929688,79.94915771484375,75.00192260742188,73.83490753173828,67.55724334716797,60.94147491455078,19199.447265625,234.8466033935547,87.9157485961914
635000,645001,17,3,251,209,0,44819.53515625,867.2180786132812,403.9292297363281,236.47750854492188,189.21084594726562,164.56155395507812,121.46110534667969,117.35967254638672,106.8104019165039,104.66567993164062,95.72563934326172,84.59899139404297,79.44200897216797,74.08101654052734,71.02963256835938,63.780242919921875,60.93967819213867,18848.482421875,144.32461547851562,89.27481842041016
635000,645001,17,3,251,209,1,44839.1640625,873.0513916015625,426.2810974121094,237.9185791015625,195.1395721435547,171.22023010253906,132.1578369140625,119.45867156982422,106.51953125,103.76612091064453,89.47897338867188,85.52201080322266,75.24837493896484,69.17375183105469,66.78246307373047,62.22291564941406,56.91632843017578,18857.0234375,143.91358947753906,74.84422302246094
640000,650001,17,3,253,203,0,45142.12890625,1084.9112548828125,466.861328125,235.28221130371094,191.51577758789062,174.36373901367188,123.02143096923828,118.58702087402344,98.57411193847656,95.97482299804688,91.00527954101562,83.47308349609375,73.46688842773438,68.747314453125,64.41417694091797,61.61423110961914,59.8509407043457,18947.16796875,123.19491577148438,87.05499267578125
640000,650001,17,3,253,203,1,45111.70703125,1088.5076904296875,458.5376892089844,237.066162109375,175.80462646484375,161.13751220703125,121.9090347290039,107.16502380371094,104.99879455566406,92.48169708251953,84.01265716552734,80.78700256347656,73.29603576660156,68.44061279296875,64.0229721069336,59.52745819091797,56.825374603271484,18940.779296875,120.31401062011719,96.20909118652344
645000,655001,17,3,252,210,0,45707.31640625,837.0660400390625,410.41534423828125,265.865478515625,216.11082458496094,174.18458557128906,144.05921936035156,115.67655181884766,106.7726058959961,96.8431396484375,94.30516052246094,91.42350006103516,81.75587463378906,74.53276824951172,66.10440063476562,63.58287048339844,56.71639633178711,19268.169921875,146.0984344482422,101.24761962890625
645000,655001,17,3,252,210,1,45734.203125,838.2257080078125,409.2673034667969,266.9422607421875,219.8868865966797,168.46804809570312,139.98513793945312,116.5584716796875,97.794921875,92.54564666748047,90.45046997070312,87.56710815429688,76.011474609375,75.46426391601562,73.69963073730469,70.59851837158203,62.88541030883789,19280.908203125,143.5446319580078,86.33856964111328
650000,660001,17,3,255,207,0,45555.9375,842.0894165039062,400.7183837890625,248.03451538085938,177.86842346191406,163.78115844726562,140.63339233398438,131.56472778320312,122.67878723144531,111.122314453125,99.4111557006836,93.10962677001953,91.2380599975586,83.00836181640625,78.17353820800781,72.62882232666016,69.26899719238281,19157.6015625,180.80813598632812,96.9261245727539
650000,660001,17,3,255,207,1,45483.828125,815.280517578125,397.7897033691406,245.0691375732422,185.0560760498047,163.0786895751953,128.16818237304688,119.28406524658203,111.05967712402344,101.85352325439453,90.83855438232422,89.27803802490234,82.93824768066406,77.70801544189453,70.80750274658203,70.42056274414062,62.19350814819336,19126.720703125,184.41693115234375,107.34228515625
655000,665001,17,3,252,209,0,45278.734375,990.109619140625,376.5677185058594,284.5081787109375,213.65028381347656,173.0808868408203,161.5312957763672,126.26768493652344,112.37281799316406,104.08021545410156,93.0102310180664,89.8602523803711,81.64044952392578,75.6241455078125,69.99996185302734,67.649658203125,63.00355529785156,19039.76171875,168.98226928710938,93.9823226928711
655000,665001,17,3,252,209,1,45155.0390625,995.3245849609375,385.3192443847656,291.7217712402344,200.5598907470703,177.42941284179688,151.08863830566406,123.66069030761719,101.03009796142578,96.10334777832031,93.08158111572266,88.072265625,78.61034393310547,76.84574127197266,69.36457824707031,67.95037078857422,61.842376708984375,18984.91015625,151.0191650390625,95.06559753417969
660000,670001,17,3,252,217,0,45117.37890625,1142.8695068359375,390.9327392578125,314.5399475097656,201.21975708007812,168.5989532470703,152.2182159423828,132.16354370117188,123.39491271972656,110.94501495361328,94.16581726074219,91.82330322265625,87.55699157714844,84.97087860107422,68.13766479492188,64.51596069335938,61.49618911743164,18989.111328125,172.9915313720703,90.89044952392578
660000,670001,17,3,252,217,1,45144.84375,1127.4991455078125,401.1913146972656,312.0447998046875,196.848388671875,188.01768493652344,147.6563720703125,138.22520446777344,111.59683990478516,101.73915100097656,95.02555847167969,93.98432922363281,86.24883270263672,82.96160125732422,77.39190673828125,72.71723175048828,64.90824890136719,18999.654296875,175.1818084716797,84.41344451904297
665000,675001,17,3,253,214,0,46199.21484375,983.680908203125,436.2058410644531,263.5794372558594,203.5191192626953,181.34671020507812,131.5823211669922,111.09477233886719,94.66097259521484,93.21044921875,83.73046875,81.03821563720703,74.75584411621094,68.37105560302734,63.89754104614258,60.627655029296875,53.282958984375,19443.30078125,109.55438995361328,79.09527587890625
665000,675001,17,3,253,214,1,46222.84765625,972.7737426757812,437.520263671875,280.4435729980469,223.46095275878906,180.4429931640625,136.03604125976562,123.4427490234375,110.92803192138672,105.51412963867188,92.45682525634766,89.77752685546875,84.1597900390625,77.65190124511719,73.6465072631836,67.84207153320312,56.97888946533203,19460.830078125,134.5187225341797,72.04267120361328
670000,680001,17,3,253,216,0,46323.3671875,1253.177490234375,535.3943481445312,287.5933837890625,237.90899658203125,192.2584686279297,169.68948364257812,166.99986267089844,124.47469329833984,108.63496398925781,96.4262924194336,94.395263671875,89.02262115478516,76.36028289794922,70.75048828125,65.95336151123047,62.54459762573242,19495.015625,178.99195861816406,99.75628662109375
670000,680001,17,3,253,216,1,46341.30078125,1269.787353515625,527.4301147460938,288.5556640625,260.8733825683594,170.35565185546875,162.69183349609375,154.34637451171875,122.99280548095703,103.0632095336914,96.6247329711914,83.8844223022461,77.03450775146484,74.38040161132812,70.51307678222656,65.57195281982422,58.329620361328125,19501.228515625,174.45127868652344,81.87158203125
675000,685001,17,3,253,211,0,46830.10546875,810.5555419921875,396.1776123046875,242.9541015625,181.27540588378906,154.98960876464844,143.38259887695312,123.10377502441406,95.86424255371094,94.37832641601562,85.23395538330078,80.07598114013672,71.29183959960938,69.88953399658203,64.61100769042969,63.63923263549805,55.38007736206055,19725.849609375,160.4892120361328,80.40873718261719
675000,685001,17,3,253,211,1,46796.09375,806.172119140625,388.4817199707031,239.84381103515625,168.34727478027344,146.55303955078125,136.34669494628906,121.83770751953125,101.95079803466797,95.46546173095703,83.32209777832031,80.98359680175781,76.8735580444336,75.49703216552734,68.62115478515625,66.50106811523438,62.874881744384766,19709.572265625,153.10989379882812,86.1641616821289
680000,690001,17,3,252,212,0,46387.7578125,1482.1934814453125,474.45831298828125,315.75830078125,235.2761688232422,194.8859405517578,161.88719177246094,133.22119140625,128.50103759765625,108.31124877929688,102.00247955322266,94.74137115478516,88.433837890625,80.06594848632812,75.43524932861328,73.60536193847656,65.09675598144531,19477.74609375,171.39089965820312,94.03055572509766
680000,690001,17,3,252,212,1,46314.21484375,1535.0882568359375,471.0174865722656,295.88323974609375,234.72286987304688,195.53834533691406,153.6089630126953,128.8388214111328,119.79658508300781,109.87970733642578,97.22047424316406,87.83171081542969,85.96124267578125,81.06649780273438,76.44004821777344,72.10594940185547,65.51896667480469,19451.08984375,150.1111602783203,79.7750015258789
685000,695001,17,3,254,213,0,46368.74609375,1256.3167724609375,498.0650939941406,308.5513916015625,272.17816162109375,192.40716552734375,163.13223266601562,145.8623504638672,128.9805908203125,115.7835464477539,101.45403289794922,94.73274230957031,88.3498306274414,81.02123260498047,78.13542175292969,70.98899841308594,67.58008575439453,19476.013671875,174.3046875,118.71964263916016
685000,695001,17,3,254,213,1,46378.98046875,1278.7158203125,503.06396484375,308.377685546875,278.7388000488281,177.77574157714844,155.21087646484375,143.01510620117188,138.36090087890625,118.37068939208984,98.69880676269531,90.50894165039062,87.25637817382812,78.7109375,72.8948974609375,70.3355484008789,65.99066925048828,19470.71875,144.87252807617188,94.93852996826172
690000,700001,17,3,256,219,0,46727.74609375,1100.0308837890625,327.5758972167969,263.1083679199219,243.1277313232422,158.21156311035156,140.4322967529297,123.23961639404297,105.14370727539062,97.84232330322266,81.16259765625,77.27094268798828,74.36573028564453,69.58740234375,65.51117706298828,62.20867919921875,56.83979797363281,19710.88671875,125.83341217041016,75.83721923828125
690000,700001,17,3,256,219,1,46702.57421875,1145.2469482421875,311.7856750488281,253.95359802246094,219.33197021484375,155.308349609375,134.86871337890625,122.4468765258789,104.4813232421875,92.51194763183594,86.35252380371094,80.94611358642578,75.92147827148438,67.17574310302734,65.41679382324219,62.3058967590332,61.42428207397461,19691.880859375,137.5409698486328,80.06258392333984
695000,705001,17,3,256,223,0,46989.73046875,1651.171142578125,538.2853393554688,333.1569519042969,231.57998657226562,173.52859497070312,170.33621215820312,155.9347381591797,129.9669647216797,115.51522064208984,111.04660034179688,101.11421203613281,97.11613464355469,91.76908874511719,86.34831237792969,81.91175842285156,79.20255279541016,19755.732421875,168.60797119140625,122.9565200805664
695000,705001,17,3,256,223,1,46989.42578125,1615.885009765625,543.9446411132812,341.2409973144531,251.0593719482422,168.6140594482422,162.59384155273438,142.80177307128906,134.4191436767578,110.91119384765625,107.93610382080078,100.65958404541016,95.66693115234375,90.1302261352539,83.59883880615234,79.14009857177734,68.34767150878906,19758.748046875,159.09353637695312,95.32537078857422
700000,710001,17,3,250,211,0,46479.9375,1293.2127685546875,444.0096130371094,346.4586181640625,282.4210510253906,197.5019073486328,173.68028259277344,153.0257110595703,133.65164184570312,105.64476776123047,101.06278991699219,94.56098937988281,91.07695770263672,86.90778350830078,83.55892181396484,79.74003601074219,67.68303680419922,19517.130859375,140.6128387451172,89.78741455078125
700000,710001,17,3,250,211,1,46491.01171875,1291.0582275390625,445.70343017578125,327.8118591308594,278.8346252441406,185.68734741210938,165.6368408203125,143.3621063232422,131.802001953125,111.03401184082031,102.91988372802734,98.40760803222656,95.99646759033203,94.73126983642578,88.48380279541016,83.12494659423828,74.60291290283203,19518.369140625,144.59449768066406,97.36138916015625
705000,715001,17,3,250,221,0,46707.9609375,1016.489013671875,468.5958251953125,316.4175109863281,223.75885009765625,185.7096710205078,147.99209594726562,127.79703521728516,117.0029525756836,105.24592590332031,95.26245880126953,92.99891662597656,89.68595886230469,77.74663543701172,74.29349517822266,73.30786895751953,59.14068603515625,19666.888671875,139.25621032714844,74.56100463867188
705000,715001,17,3,250,221,1,46792.10546875,992.1634521484375,472.3371887207031,309.6625671386719,230.319580078125,170.85647583007812,131.5959930419922,121.78770446777344,112.47704315185547,102.37033081054688,91.53692626953125,88.5218505859375,79.33159637451172,74.87940979003906,69.63642883300781,64.4920425415039,58.48081588745117,19707.052734375,127.60806274414062,70.26265716552734
710000,720001,17,3,255,215,0,48318.921875,911.12255859375,514.40087890625,235.77662658691406,219.37648010253906,155.40673828125,146.00723266601562,122.15794372558594,111.01287841796875,92.5183334350586,87.435302734375,86.59159851074219,78.6601333618164,73.79435729980469,71.63157653808594,63.74177932739258,58.77259063720703,20374.005859375,159.0757598876953,85.99932861328125
710000,720001,17,3,255,215,1,48320.7421875,923.0444946289062,502.9399108886719,246.15682983398438,210.70388793945312,160.06495666503906,142.20208740234375,119.98291778564453,105.31262969970703,100.96501922607422,89.92924499511719,83.64188385009766,80.02872467041016,72.05561828613281,69.78692626953125,63.1495361328125,58.971824645996094,20373.87109375,162.96710205078125,79.91674041748047
715000,725001,17,3,251,210,0,46564.21484375,1033.6436767578125,535.9892578125,289.0933532714844,231.47677612304688,184.59922790527344,153.8028106689453,123.64056396484375,113.59812927246094,101.5478744506836,95.7691421508789,92.80085754394531,88.83004760742188,77.09315490722656,72.0772933959961,71.60174560546875,57.62443923950195,19589.595703125,155.96511840820312,101.10260772705078
715000,725001,17,3,251,210,1,46535.703125,1047.0283203125,517.5177612304688,296.21392822265625,267.6176452636719,183.77838134765625,171.948486328125,149.8751983642578,115.05952453613281,102.91734313964844,92.01783752441406,90.4233627319336,80.78160858154297,78.85957336425781,73.89825439453125,71.80879974365234,65.6649169921875,19575.03125,152.83848571777344,74.88626098632812
720000,730001,17,3,253,213,0,47633.23828125,1108.4229736328125,425.72894287109375,244.54812622070312,194.1199493408203,171.1816864013672,140.51600646972656,125.27230072021484,111.40794372558594,98.21920776367188,91.54788970947266,88.33576202392578,80.98236846923828,77.89808654785156,68.70616149902344,64.34129333496094,61.02012252807617,20040.12890625,135.48362731933594,79.56073760986328
720000,730001,17,3,253,213,1,47609.7265625,1117.095947265625,414.96343994140625,256.75567626953125,208.72293090820312,186.88294982910156,148.12254333496094,119.93779754638672,108.57469177246094,106.85018920898438,100.54364013671875,92.40977478027344,81.3562240600586,77.40836334228516,71.61227416992188,67.8447265625,62.82267761230469,20032.19921875,160.90017700195312,96.9726333618164
725000,735001,17,3,253,211,0,48528.2890625,929.0052490234375,505.333740234375,294.47308349609375,216.63414001464844,180.81297302246094,145.1255645751953,125.68756866455078,109.11316680908203,108.33584594726562,96.84515380859375,85.7552719116211,81.76227569580078,71.61458587646484,71.13665008544922,69.37247467041016,62.30513381958008,20377.869140625,178.81439208984375,86.80416870117188
725000,735001,17,3,253,211,1,48498.80859375,920.0865478515625,525.84228515625,294.5978698730469,237.44793701171875,190.8440704345703,140.2040557861328,124.30318450927734,115.0255355834961,102.73925018310547,101.5005111694336,94.3449935913086,89.58489227294922,86.36796569824219,80.69071197509766,71.92025756835938,64.31874084472656,20368.560546875,171.0094757080078,103.59375
730000,740001,17,3,250,210,0,46459.37890625,1119.2801513671875,405.9842529296875,305.6576232910156,183.34811401367188,166.0137176513672,146.1096954345703,130.46505737304688,121.73931884765625,109.18463897705078,104.02226257324219,93.92945098876953,92.00303649902344,83.48169708251953,77.73551177978516,76.702880859375,62.879112243652344,19556.53515625,132.2106170654297,117.86864471435547
730000,740001,17,3,250,210,1,46475.1875,1085.29345703125,409.4634094238281,289.6053466796875,180.20848083496094,165.61328125,157.99623107910156,133.43646240234375,111.22212219238281,96.65989685058594,95.28572845458984,89.77694702148438,87.11153411865234,79.5019302368164,72.07429504394531,70.82477569580078,67.80817413330078,19559.197265625,138.5494842529297,92.64556121826172
735000,745001,17,3,248,205,0,47934.78515625,1682.4705810546875,564.6744995117188,399.6510009765625,262.1315002441406,236.34881591796875,166.48062133789062,149.41439819335938,129.6499481201172,114.45201873779297,104.98809051513672,103.63037872314453,100.32571411132812,92.95513916015625,83.74962615966797,79.30278015136719,74.41268157958984,20150.853515625,156.02896118164062,90.61253356933594
735000,745001,17,3,248,205,1,47895.0,1707.1224365234375,539.0177612304688,385.4755554199219,267.91766357421875,228.1129913330078,162.35874938964844,145.58013916015625,129.942138671875,120.44315338134766,112.02439880371094,99.65047454833984,92.70259857177734,87.61689758300781,85.58370208740234,76.45352935791016,67.9438705444336,20131.60546875,150.82537841796875,93.95218658447266
740000,750001,17,3,254,211,0,48308.4453125,957.1368408203125,406.370849609375,264.0304870605469,207.33518981933594,197.53668212890625,137.98989868164062,134.6864013671875,120.15789031982422,99.3975830078125,96.4156723022461,88.58731079101562,85.61231231689453,79.35383605957031,75.46676635742188,64.15128326416016,60.069671630859375,20296.57421875,151.779052734375,91.8868637084961
740000,750001,17,3,254,211,1,48258.3515625,971.7677612304688,383.9388732910156,263.8988037109375,222.50648498535156,194.888916015625,151.45835876464844,131.44464111328125,112.43585205078125,107.00264739990234,95.74577331542969,90.249755859375,75.0438461303711,72.98973083496094,71.47261810302734,69.17497253417969,60.75889587402344,20273.736328125,152.38192749023438,84.13006591796875
745000,755001,17,3,253,220,0,47887.80859375,1491.1446533203125,667.62109375,384.0920715332031,259.8275451660156,226.56658935546875,190.7932891845703,164.14080810546875,147.12094116210938,140.7289276123047,128.72357177734375,125.08670043945312,116.08393096923828,107.34868621826172,101.75949096679688,84.07231903076172,76.62773895263672,20062.384765625,209.64749145507812,107.59381103515625
745000,755001,17,3,253,220,1,47930.0546875,1479.20166015625,667.9216918945312,364.83404541015625,259.7758483886719,230.95619201660156,180.2373809814453,166.2147674560547,140.218017578125,125.979736328125,114.74129486083984,108.5869140625,100.48236846923828,98.4358901977539,85.92832946777344,85.02021789550781,75.83894348144531,20084.935546875,212.38400268554688,103.66260528564453
750000,760001,17,3,255,215,0,49888.03515625,1184.5736083984375,501.90826416015625,309.90777587890625,245.56443786621094,175.92141723632812,149.7937469482422,145.2723846435547,126.46063995361328,111.81460571289062,101.55643463134766,98.76268005371094,91.57276916503906,89.59819030761719,89.06029510498047,74.49357604980469,67.49097442626953,20985.251953125,154.73036193847656,108.67745208740234
750000,760001,17,3,255,215,1,49923.953125,1196.7415771484375,490.1963806152344,288.8195495605469,228.62571716308594,171.96446228027344,137.98194885253906,117.21942138671875,115.7069091796875,102.30479431152344,90.67479705810547,89.56520080566406,82.16768646240234,78.40886688232422,77.12083435058594,66.07347106933594,61.46518325805664,21003.126953125,141.86807250976562,96.63607788085938
755000,765001,17,3,252,216,0,47692.96484375,915.2220458984375,458.5299072265625,277.3294677734375,176.338134765625,173.64039611816406,163.8194580078125,129.14952087402344,114.10322570800781,110.57728576660156,101.07588958740234,90.7917709350586,86.8170166015625,83.99779510498047,75.71817016601562,75.02545928955078,66.31842041015625,20115.751953125,131.3401336669922,92.45671844482422
755000,765001,17,3,252,216,1,47704.5859375,917.9757690429688,441.03717041015625,284.0771789550781,180.53878784179688,172.68316650390625,147.9386749267578,121.09111022949219,117.73917388916016,108.70708465576172,103.99132537841797,89.39881134033203,79.83390045166016,75.42460632324219,74.90779876708984,71.57343292236328,65.75199127197266,20120.638671875,139.123046875,79.71420288085938
760000,770001,17,3,254,208,0,50009.72265625,861.7997436523438,393.6477355957031,274.302001953125,206.95077514648438,166.6536102294922,144.49522399902344,125.31027221679688,107.248779296875,99.88482666015625,91.55555725097656,85.64962768554688,83.50337219238281,77.1435775756836,73.15362548828125,69.53748321533203,63.23476791381836,21072.353515625,137.9109649658203,83.63512420654297
760000,770001,17,3,254,208,1,49999.94921875,877.7738037109375,410.8936462402344,276.6746826171875,194.0193634033203,153.58106994628906,146.91880798339844,120.24993896484375,105.92704772949219,99.72925567626953,92.55913543701172,88.91877746582031,83.34648132324219,79.5068588256836,71.29750061035156,70.17105865478516,66.93665313720703,21069.31640625,138.25299072265625,78.2597885131836
765000,775001,17,3,252,203,0,48970.40625,928.1011352539062,404.239013671875,270.200927734375,210.97410583496094,165.0068359375,135.71307373046875,127.94961547851562,107.73709106445312,97.69819641113281,87.42557525634766,83.77468872070312,80.50757598876953,76.3253173828125,70.16029357910156,64.86174774169922,56.97904586791992,20583.8984375,186.75631713867188,97.25978088378906
765000,775001,17,3,252,203,1,48971.5,907.9253540039062,401.978515625,284.53643798828125,217.7158203125,177.2574462890625,140.42068481445312,129.227294921875,106.18914794921875,102.61257934570312,93.57464599609375,88.24234008789062,75.8137435913086,73.69551086425781,72.54425048828125,69.68486022949219,59.83773422241211,20586.201171875,210.80062866210938,99.45854949951172
770000,780001,17,3,251,213,0,48333.5859375,1340.20458984375,507.91265869140625,371.2633056640625,251.3761749267578,218.72265625,156.36741638183594,148.1243133544922,137.3487091064453,120.40200805664062,106.04923248291016,97.29727935791016,88.76788330078125,82.56330108642578,76.25175476074219,75.16204071044922,65.3296127319336,20298.109375,235.24819946289062,133.7821044921875
770000,780001,17,3,251,213,1,48354.15234375,1364.72412109375,536.0631103515625,394.8467712402344,312.10675048828125,234.72463989257812,167.0831756591797,137.18328857421875,128.40480041503906,107.87915802001953,103.56693267822266,94.78382110595703,86.96150970458984,78.54299926757812,73.55258178710938,71.55522918701172,65.91299438476562,20312.568359375,266.0009765625,130.22586059570312
775000,785001,17,3,253,209,0,48776.2421875,1480.479248046875,509.20147705078125,320.95892333984375,256.4192810058594,216.3217315673828,195.30996704101562,131.9634246826172,123.08515930175781,103.61442565917969,102.06155395507812,91.95256042480469,87.80300903320312,83.47708892822266,79.33356475830078,72.10755920410156,66.38998413085938,20525.958984375,200.3639373779297,77.12989044189453
775000,785001,17,3,253,209,1,48818.578125,1532.3365478515625,525.7335205078125,344.16748046875,273.84063720703125,204.3933563232422,180.80259704589844,137.22117614746094,119.02196502685547,109.74935913085938,99.95867919921875,93.07857513427734,86.93561553955078,82.3460922241211,74.209228515625,69.77510070800781,64.05644989013672,20543.25,189.66958618164062,92.20536041259766
780000,790001,17,3,246,205,0,48430.984375,1014.1029663085938,430.0352783203125,309.8878173828125,208.28903198242188,169.153564453125,155.05038452148438,131.1653594970703,110.19805145263672,102.60702514648438,88.18535614013672,85.44880676269531,81.32110595703125,80.93898010253906,71.7618637084961,62.19881057739258,58.64971160888672,20372.4765625,154.70286560058594,89.00558471679688
780000,790001,17,3,246,205,1,48422.14453125,1024.6961669921875,433.3978271484375,313.99383544921875,203.30828857421875,160.82273864746094,146.49435424804688,135.03773498535156,118.3074951171875,99.93126678466797,92.79273223876953,90.09012603759766,83.14741516113281,72.05602264404297,71.65644836425781,66.67879486083984,59.78770065307617,20364.625,145.9684600830078,83.93692016601562
785000,795001,17,3,249,219,0,49275.22265625,928.93603515625,510.0314636230469,289.6296691894531,233.1446990966797,175.92828369140625,147.97958374023438,111.89008331298828,101.47960662841797,99.5242691040039,91.73450469970703,84.1325454711914,77.75528717041016,70.27523040771484,67.91512298583984,65.08538818359375,59.48764419555664,20732.88671875,134.80503845214844,81.765625
785000,795001,17,3,249,219,1,49259.9296875,925.6383056640625,513.0677490234375,282.49835205078125,225.57472229003906,181.60243225097656,162.95553588867188,121.2750473022461,109.01768493652344,100.11189270019531,88.16190338134766,82.72212982177734,79.25347900390625,73.64323425292969,72.13601684570312,65.5676040649414,54.175270080566406,20721.892578125,144.79135131835938,85.9651870727539
790000,800001,17,3,252,218,0,49528.1484375,911.4957275390625,349.1739807128906,285.4808044433594,211.55926513671875,160.83718872070312,132.80203247070312,107.51293182373047,101.87840270996094,97.03522491455078,86.66075134277344,82.27297973632812,73.068603515625,70.20381927490234,64.50252532958984,60.02017593383789,55.826900482177734,20858.134765625,134.88381958007812,80.25216674804688
790000,800001,17,3,252,218,1,49523.6796875,911.7180786132812,358.3052978515625,294.287841796875,219.6144256591797,168.4969024658203,135.39889526367188,114.5043716430664,108.54207611083984,99.85709381103516,91.85165405273438,83.62801361083984,82.52812957763672,78.67424011230469,72.11848449707031,70.38430786132812,59.80181884765625,20848.53125,137.5092315673828,87.99996948242188
795000,805001,17,3,252,211,0,48839.0703125,1558.840576171875,594.30517578125,415.81463623046875,260.8657531738281,229.6317901611328,163.81802368164062,143.60963439941406,131.9077606201172,109.79054260253906,103.48218536376953,93.23784637451172,89.64002990722656,81.91277313232422,76.22949981689453,68.03166198730469,65.24359130859375,20537.513671875,226.44761657714844,97.74195098876953
795000,805001,17,3,252,211,1,48770.8984375,1533.9796142578125,585.716796875,415.3660888671875,240.18838500976562,213.29185485839844,155.83541870117188,130.35504150390625,122.41483306884766,112.50318908691406,100.57962036132812,97.98918151855469,85.25582885742188,83.87366485595703,73.99820709228516,68.55970001220703,65.57367706298828,20514.908203125,205.909423828125,96.64069366455078
800000,810001,17,3,251,220,0,50045.98046875,1001.8565673828125,443.415771484375,314.46112060546875,212.46749877929688,183.45025634765625,176.21791076660156,150.8190460205078,136.8267822265625,114.38185119628906,110.65447235107422,100.37698364257812,93.314697265625,80.8705825805664,72.16851043701172,70.60173797607422,69.41365814208984,21039.361328125,184.6270751953125,94.45252227783203
800000,810001,17,3,251,220,1,50125.84765625,1002.6448974609375,437.6663513183594,316.01544189453125,205.69610595703125,186.10191345214844,173.21768188476562,158.53468322753906,129.53477478027344,117.74691772460938,110.09999084472656,102.73851013183594,98.53243255615234,81.05668640136719,78.1914291381836,72.37284851074219,69.18672943115234,21071.59765625,163.06011962890625,80.3244857788086
805000,815001,17,3,252,213,0,49846.19921875,799.2833251953125,373.6107482910156,254.7261199951172,197.73947143554688,160.45103454589844,133.47988891601562,118.65918731689453,108.57296752929688,97.5822982788086,90.74351501464844,89.23008728027344,81.28982543945312,75.2665023803711,71.8184814453125,63.229122161865234,55.995975494384766,21042.5859375,125.26492309570312,80.98201751708984
805000,815001,17,3,252,213,1,49856.01953125,774.7271118164062,361.5491943359375,271.65179443359375,197.12557983398438,171.22911071777344,144.5438995361328,122.51708221435547,112.90703582763672,101.20551300048828,97.25411224365234,87.7479476928711,76.9931640625,73.74343872070312,71.73076629638672,65.48884582519531,55.81300354003906,21050.380859375,135.6452178955078,76.66826629638672
810000,820001,17,3,251,220,0,49694.875,802.3592529296875,444.16424560546875,354.5058288574219,211.79617309570312,169.88214111328125,150.33030700683594,123.35580444335938,109.83534240722656,104.16990661621094,97.03723907470703,89.0925521850586,78.51390075683594,75.89210510253906,68.23583221435547,64.24056243896484,63.07685089111328,20926.15625,184.6412353515625,93.2227554321289
810000,820001,17,3,251,220,1,49643.8359375,796.0064086914062,431.7385559082031,340.46142578125,223.28573608398438,170.00927734375,146.82452392578125,128.12327575683594,110.32085418701172,102.64604187011719,98.97277069091797,86.4477767944336,82.32075500488281,73.24774169921875,70.82044219970703,65.6764144897461,63.7114143371582,20912.505859375,180.443359375,87.30715942382812
815000,825001,17,3,251,214,0,49198.140625,1045.1302490234375,411.7705078125,272.623046875,222.68128967285156,195.29661560058594,163.8271026611328,153.85409545898438,122.0014877319336,111.29065704345703,96.38851928710938,89.0096664428711,84.40330505371094,80.728271484375,76.65970611572266,74.8124008178711,71.234130859375,20714.9609375,145.93634033203125,88.17483520507812
815000,825001,17,3,251,214,1,49157.94921875,1044.342041015625,429.0743103027344,264.58856201171875,221.4115447998047,195.47830200195312,159.4747314453125,155.4573211669922,123.12142181396484,109.94305419921875,103.84809112548828,100.90502166748047,84.5461196899414,80.20494079589844,76.30445861816406,68.972900390625,62.45573806762695,20697.55078125,131.5101776123047,76.81670379638672
820000,830001,17,3,247,214,0,49393.60546875,1579.204345703125,413.1272888183594,290.64349365234375,197.61354064941406,170.72317504882812,137.70578002929688,115.78861999511719,106.94672393798828,99.64938354492188,92.966064453125,87.74655151367188,84.69328308105469,79.02906036376953,70.56576538085938,64.6652603149414,57.41383361816406,20770.7109375,154.26101684570312,88.60162353515625
820000,830001,17,3,247,214,1,49499.9140625,1540.154052734375,425.0606384277344,290.81866455078125,202.154052734375,171.14288330078125,152.17311096191406,123.3116683959961,99.40656280517578,96.5949478149414,88.87770080566406,81.1917724609375,77.70549774169922,74.11024475097656,70.3055419921875,65.44835662841797,59.93708419799805,20818.330078125,152.694580078125,93.16356658935547
825000,835001,17,3,250,209,0,50031.0546875,1232.16064453125,462.274658203125,330.5570068359375,215.6107177734375,186.92205810546875,157.1081085205078,125.44473266601562,104.71976470947266,99.37242889404297,91.74169921875,86.86443328857422,81.42632293701172,79.09696197509766,72.2159652709961,71.23423767089844,64.91205596923828,21005.11328125,169.77880859375,85.34932708740234
825000,835001,17,3,250,209,1,50108.59765625,1209.392822265625,465.1949157714844,317.0581359863281,218.10850524902344,193.14857482910156,163.29795837402344,127.1951675415039,109.33985137939453,103.14738464355469,102.35171508789062,87.09036254882812,78.92498016357422,74.30570983886719,73.0073471069336,68.10391998291016,60.8754768371582,21039.009765625,167.62594604492188,79.5772705078125
830000,840001,17,3,254,223,0,50713.46484375,945.400634765625,434.2947082519531,259.0299987792969,195.7491912841797,164.886474609375,157.3406219482422,124.87882232666016,115.06546020507812,111.9759292602539,100.2885971069336,91.0180892944336,82.26329803466797,79.11543273925781,78.74078369140625,71.92804718017578,65.55191040039062,21387.564453125,181.34783935546875,91.25543975830078
830000,840001,17,3,254,223,1,50696.56640625,937.407958984375,416.0843811035156,265.8768005371094,192.2095489501953,168.68299865722656,149.10243225097656,131.28341674804688,119.97232818603516,111.76253509521484,102.25672149658203,93.20411682128906,85.56927490234375,79.64586639404297,73.38957977294922,65.03938293457031,60.35200500488281,21377.96875,179.23419189453125,100.46420288085938
835000,845001,17,3,255,224,0,50331.484375,1168.80078125,478.65765380859375,297.40032958984375,233.1546630859375,181.28811645507812,157.71591186523438,140.44786071777344,116.45911407470703,108.07592010498047,100.38050079345703,96.23308563232422,91.443359375,84.02640533447266,80.24931335449219,69.16443634033203,66.30638885498047,21180.06640625,158.43885803222656,111.63871002197266
835000,845001,17,3,255,224,1,50320.0390625,1152.59765625,474.6711120605469,315.97076416015625,234.37249755859375,188.68106079101562,141.10617065429688,132.64028930664062,119.45085144042969,103.7487564086914,93.99319458007812,92.29570007324219,87.2490234375,84.0723876953125,76.96155548095703,72.88792419433594,67.0144271850586,21177.8359375,170.59376525878906,89.15070343017578
840000,850001,17,3,248,212,0,48927.9765625,1173.0406494140625,473.6536865234375,341.82196044921875,280.66253662109375,174.85406494140625,166.4900665283203,153.03170776367188,124.98548889160156,115.53260803222656,109.5858154296875,99.04009246826172,88.98499298095703,83.28971862792969,80.00952911376953,72.83232116699219,72.41106414794922,20606.265625,149.73121643066406,110.59693908691406
840000,850001,17,3,248,212,1,48968.56640625,1172.713134765625,467.2868957519531,323.9588317871094,264.109375,183.80789184570312,177.4630889892578,133.043212890625,115.68749237060547,111.7064208984375,102.28937530517578,96.65843963623047,86.40442657470703,86.30558013916016,76.70867919921875,72.8010025024414,69.97725677490234,20618.56640625,144.99110412597656,100.18606567382812
845000,855001,17,3,252,216,0,51024.60546875,848.9102172851562,400.47723388671875,254.93667602539062,207.91123962402344,191.34988403320312,157.6864776611328,130.19949340820312,128.1943817138672,114.99561309814453,104.45430755615234,94.32926177978516,89.8098373413086,88.36873626708984,79.8714828491211,74.84259796142578,63.974365234375,21464.6875,196.3384246826172,103.24979400634766
845000,855001,17,3,252,216,1,50989.01953125,846.2251586914062,389.7837219238281,264.5548095703125,193.42385864257812,179.88851928710938,160.83592224121094,148.7723388671875,130.08547973632812,107.63827514648438,103.52190399169922,90.54403686523438,88.35153198242188,84.83320617675781,75.7296371459961,74.21842956542969,64.68754577636719,21447.671875,173.4595184326172,90.58680725097656
850000,860001,17,3,255,217,0,49736.0703125,1267.1513671875,431.4955139160156,341.4427795410156,277.30615234375,188.57720947265625,171.19281005859375,123.99324035644531,110.67306518554688,106.96171569824219,98.34326934814453,86.12327575683594,80.5147476196289,78.01922607421875,75.37709045410156,72.97124481201172,69.70075988769531,20918.552734375,158.74693298339844,82.38223266601562
850000,860001,17,3,255,217,1,49789.37890625,1292.762939453125,437.8312683105469,340.9246520996094,290.08648681640625,190.16041564941406,149.98977661132812,125.99971008300781,117.0101318359375,103.52486419677734,94.91462707519531,90.52484130859375,84.7989730834961,80.5960464477539,74.47604370117188,74.21482849121094,66.53723907470703,20941.69140625,134.22750854492188,91.83181762695312
855000,865001,17,3,252,220,0,50279.54296875,1065.0162353515625,475.4346008300781,299.68182373046875,252.9469757080078,215.74630737304688,156.5088653564453,124.03755950927734,112.64025115966797,111.59029388427734,100.8824234008789,92.50016784667969,87.57856750488281,77.3934555053711,73.04138946533203,69.23976135253906,59.32255172729492,21136.9609375,164.3883514404297,111.44529724121094
855000,865001,17,3,252,220,1,50201.44921875,1067.0924072265625,501.275634765625,299.86474609375,253.1400146484375,244.17454528808594,161.7909698486328,124.90480041503906,112.69202423095703,100.00688934326172,92.87957000732422,86.09195709228516,82.69113159179688,77.88024139404297,71.3307876586914,69.1877212524414,61.830230712890625,21101.546875,174.65126037597656,97.43579864501953
860000,870001,17,3,250,216,0,50126.5,878.1082763671875,430.2325134277344,270.3067626953125,212.05116271972656,186.01904296875,180.8873748779297,126.9901123046875,110.81732177734375,106.3678970336914,102.41539764404297,92.58929443359375,85.39815521240234,84.99877166748047,79.4786376953125,72.36811828613281,64.79232788085938,21087.720703125,156.20884704589844,91.59215545654297
860000,870001,17,3,250,216,1,50149.828125,873.04296875,428.4725341796875,281.19378662109375,222.70132446289062,188.81419372558594,169.05801391601562,135.17343139648438,110.67008209228516,109.17688751220703,93.74266052246094,86.00548553466797,83.7557144165039,78.63482666015625,76.75413513183594,72.50596618652344,63.66950607299805,21104.587890625,147.41346740722656,82.55327606201172
865000,875001,17,3,255,226,0,51729.84765625,761.5387573242188,420.2610778808594,271.6801452636719,206.1468963623047,162.46298217773438,148.7399139404297,119.76670837402344,104.43304443359375,99.83422088623047,95.87105560302734,88.72419738769531,80.02090454101562,76.51544189453125,73.3061752319336,68.76551055908203,61.17524337768555,21783.01953125,151.20004272460938,98.54863739013672
865000,875001,17,3,255,226,1,51590.6875,758.46240234375,415.2450866699219,266.7783508300781,204.48162841796875,158.9456024169922,138.76461791992188,123.08711242675781,103.2224349975586,96.7226333618164,94.10074615478516,86.79552459716797,77.4151840209961,72.97763061523438,71.31560516357422,63.930076599121094,63.07929992675781,21720.533203125,144.3579864501953,91.74221801757812
870000,880001,17,3,254,226,0,50303.94140625,1986.3184814453125,495.7469177246094,337.7337341308594,251.7664794921875,200.7821044921875,158.4506378173828,127.51262664794922,120.66072082519531,120.2419662475586,111.28962707519531,103.86876678466797,93.46820831298828,90.02088928222656,87.8938980102539,78.14810943603516,71.66167449951172,21148.2265625,145.6969757080078,89.66004180908203
870000,880001,17,3,254,226,1,50319.6953125,2060.662353515625,506.4576721191406,322.0150146484375,245.57655334472656,191.6604766845703,164.20382690429688,137.7144775390625,119.1893539428711,112.53459167480469,106.61930847167969,87.05020904541016,83.27890014648438,79.88575744628906,77.340576171875,69.92554473876953,66.62553405761719,21153.6015625,175.76316833496094,104.19274139404297
875000,885001,17,3,253,214,0,50574.9296875,970.9539794921875,557.8998413085938,349.70947265625,226.7637939453125,155.78445434570312,145.92262268066406,136.14251708984375,118.5345687866211,112.29702758789062,106.9720230102539,97.27652740478516,86.73096466064453,76.49211120605469,75.43921661376953,71.34129333496094,64.16761016845703,21318.3203125,235.0934295654297,128.40904235839844
875000,885001,17,3,253,214,1,50590.66015625,1012.085693359375,553.9180297851562,336.3794250488281,208.7254638671875,155.4539337158203,140.21531677246094,130.428955078125,122.98566436767578,112.71269226074219,90.87631225585938,85.71733856201172,75.04945373535156,71.88748931884766,68.17159271240234,62.790157318115234,61.54398727416992,21316.53125,234.9168243408203,136.9456787109375
880000,890001,17,3,253,225,0,51093.92578125,1271.3486328125,706.4730224609375,326.9125671386719,282.09197998046875,198.0044708251953,165.998046875,139.4591827392578,129.72805786132812,111.48152923583984,107.0417709350586,96.45316314697266,88.6796646118164,86.4393539428711,79.64672088623047,78.67108917236328,70.26263427734375,21450.966796875,169.0874786376953,111.57515716552734
880000,890001,17,3,253,225,1,51142.0546875,1286.8262939453125,700.7430419921875,327.0037536621094,271.16864013671875,205.67803955078125,157.14651489257812,146.61184692382812,129.01419067382812,110.12237548828125,102.42303466796875,95.49227905273438,93.0965576171875,84.99014282226562,81.77140808105469,73.7652587890625,71.38626098632812,21466.98046875,200.17190551757812,99.7315673828125
885000,895001,17,3,254,220,0,50918.83203125,1440.7210693359375,607.3115234375,338.1119689941406,219.45191955566406,192.8468780517578,168.3347930908203,133.43539428710938,120.16360473632812,114.18368530273438,105.70303344726562,88.83837890625,79.73128509521484,73.0105972290039,70.96910858154297,64.81148529052734,60.8568000793457,21425.275390625,203.98843383789062,105.12239074707031
885000,895001,17,3,254,220,1,50812.75390625,1404.41943359375,588.6868286132812,314.8944091796875,201.32716369628906,192.4281768798828,147.45362854003906,127.94849395751953,123.5966796875,113.50590515136719,102.04932403564453,89.09966278076172,82.77264404296875,76.02342987060547,73.81485748291016,72.68214416503906,67.13043975830078,21382.904296875,170.28958129882812,94.73535919189453
890000,900001,17,3,250,225,0,52397.81640625,855.8065185546875,511.7940979003906,273.19024658203125,216.88711547851562,196.0614471435547,139.50975036621094,120.94745635986328,110.93216705322266,98.39654541015625,92.76528930664062,84.10851287841797,80.48208618164062,77.27667236328125,69.80262756347656,64.44791412353516,61.19160842895508,22016.935546875,237.3415985107422,93.54353332519531
890000,900001,17,3,250,225,1,52374.9296875,854.5248413085938,512.6813354492188,282.58966064453125,236.94142150878906,215.96766662597656,144.7792205810547,130.28121948242188,109.2796630859375,104.11299133300781,93.60536193847656,92.30799102783203,79.80237579345703,73.6785888671875,67.63330078125,65.50768280029297,62.5374755859375,22011.61328125,245.31837463378906,74.96353912353516
895000,905001,17,3,252,222,0,50834.01953125,907.2677001953125,422.7400817871094,288.8903503417969,242.1127471923828,185.6058807373047,141.90188598632812,127.14973449707031,116.03485870361328,102.1994857788086,101.65538787841797,88.83596801757812,83.28531646728516,78.95567321777344,76.52528381347656,69.14606475830078,65.9281997680664,21423.4765625,125.30311584472656,84.03801727294922
895000,905001,17,3,252,222,1,50880.90625,906.9273681640625,432.6352844238281,291.64202880859375,244.33421325683594,203.47108459472656,147.970458984375,136.11962890625,126.5512466430664,112.35722351074219,102.19255828857422,101.44552612304688,89.98514556884766,87.24607849121094,81.73116302490234,73.36967468261719,68.15655517578125,21429.1484375,151.63681030273438,89.87001037597656
900000,910001,17,3,253,218,0,51373.21484375,999.7041625976562,438.2041015625,287.0280456542969,205.2026824951172,179.8517303466797,134.13319396972656,116.51522827148438,113.36685943603516,101.14325714111328,94.62301635742188,89.16826629638672,82.51754760742188,76.51205444335938,72.54268646240234,65.26410675048828,57.190185546875,21636.423828125,170.3137664794922,113.306884765625
900000,910001,17,3,253,218,1,51400.20703125,1007.6759033203125,436.73858642578125,285.268798828125,202.67901611328125,181.0341339111328,130.92886352539062,123.59221649169922,115.1779556274414,107.72638702392578,95.5527114868164,91.13005828857422,82.27689361572266,78.11974334716797,76.21558380126953,71.82868957519531,66.29259490966797,21645.255859375,158.17794799804688,99.4286117553711
905000,915001,17,3,251,221,0,51338.7109375,828.4024047851562,380.9416198730469,268.0837707519531,205.4612579345703,167.2952117919922,146.68031311035156,118.13986206054688,104.77827453613281,89.76249694824219,86.96531677246094,82.03009796142578,76.3631820678711,72.16676330566406,70.61090850830078,65.21897888183594,56.96019744873047,21582.060546875,153.32969665527344,85.84088897705078
905000,915001,17,3,251,221,1,51314.11328125,815.4939575195312,371.7638854980469,269.98919677734375,199.20970153808594,160.123291015625,140.90322875976562,126.643798828125,102.65016174316406,94.80388641357422,83.69009399414062,79.8352279663086,74.48873138427734,70.01630401611328,68.72341918945312,60.30720901489258,58.57213592529297,21578.34375,164.5238494873047,78.5154800415039
910000,920001,17,3,250,221,0,51354.76171875,1195.984619140625,506.9049072265625,334.2667541503906,234.88333129882812,201.451171875,177.9451904296875,149.01876831054688,135.36769104003906,117.61795806884766,108.03636169433594,98.38977813720703,90.83464050292969,89.00946044921875,76.82616424560547,71.92381286621094,62.83540344238281,21573.974609375,165.4355010986328,140.35736083984375
910000,920001,17,3,250,221,1,51373.9609375,1206.414306640625,502.5429382324219,331.0231628417969,235.60202026367188,190.84657287597656,160.30386352539062,146.91082763671875,119.21015167236328,106.09104919433594,103.4720687866211,99.33805084228516,91.86723327636719,89.34225463867188,82.84697723388672,73.77847290039062,65.12255859375,21579.029296875,159.63082885742188,111.55941772460938
915000,925001,17,3,253,221,0,51478.1875,840.6527099609375,551.509765625,245.9302215576172,180.56866455078125,136.98361206054688,113.80162811279297,107.59990692138672,94.74017333984375,88.33580780029297,83.43560028076172,79.59207916259766,75.2213134765625,69.9769058227539,64.32598876953125,61.755062103271484,58.54812240600586,21709.0859375,128.81796264648438,72.92193603515625
915000,925001,17,3,253,221,1,51489.29296875,860.9249877929688,569.4337768554688,252.9047393798828,193.119873046875,132.2279052734375,116.87078094482422,103.11311340332031,96.13719940185547,90.62208557128906,81.64523315429688,78.47532653808594,74.0657958984375,68.84709167480469,65.9616470336914,60.984615325927734,54.95645523071289,21713.08984375,136.436767578125,71.0092544555664
920000,930001,17,3,252,223,0,52552.7578125,930.6024169921875,458.9586181640625,313.0416259765625,231.12884521484375,181.47984313964844,172.31297302246094,141.59214782714844,108.6247329711914,95.94963836669922,93.66233825683594,85.46261596679688,81.6253662109375,76.54814147949219,70.83798217773438,67.91258239746094,64.33463287353516,22099.58203125,166.1484832763672,73.60970306396484
920000,930001,17,3,252,223,1,52502.88671875,930.5568237304688,441.9490661621094,293.1393127441406,218.69459533691406,176.5095977783203,160.43052673339844,135.19296264648438,108.02906036376953,101.53301239013672,91.53167724609375,82.95674896240234,76.00884246826172,72.29544067382812,69.37760925292969,62.298336029052734,60.012168884277344,22076.162109375,152.98040771484375,70.1692123413086
925000,935001,17,3,252,218,0,51176.69921875,1216.6507568359375,423.5149841308594,280.0719909667969,208.6109619140625,185.47018432617188,154.16932678222656,129.81663513183594,116.59026336669922,114.17046356201172,108.21415710449219,96.81016540527344,91.61067962646484,85.49992370605469,75.56376647949219,72.76360321044922,68.52659606933594,21555.884765625,152.92393493652344,112.3248291015625
925000,935001,17,3,252,218,1,51134.09375,1222.7393798828125,427.2434997558594,274.70013427734375,221.6131134033203,189.35171508789062,145.19924926757812,132.8508758544922,119.40657806396484,104.23654174804688,94.77688598632812,90.3349609375,88.1850357055664,83.41776275634766,78.19692993164062,74.04168701171875,64.80269622802734,21540.66015625,144.13356018066406,98.23673248291016
930000,940001,17,3,254,227,0,51511.58984375,955.7738037109375,394.28167724609375,265.2215576171875,204.51438903808594,164.3777618408203,144.90631103515625,131.83497619628906,108.9863510131836,91.29679107666016,89.79200744628906,84.92206573486328,72.35401916503906,71.73822784423828,67.1949462890625,63.39173126220703,60.975425720214844,21700.1796875,160.70501708984375,75.85460662841797
930000,940001,17,3,254,227,1,51578.1640625,967.125732421875,408.45538330078125,261.8070068359375,206.69737243652344,191.0004119873047,153.11093139648438,131.35133361816406,107.78180694580078,101.15101623535156,84.32862091064453,79.98171997070312,73.58832550048828,69.38893127441406,66.50464630126953,65.70501708984375,55.98775863647461,21725.876953125,196.90989685058594,85.55522155761719
935000,945001,17,3,254,227,0,52216.01953125,1084.286865234375,416.55419921875,286.851318359375,251.41452026367188,172.76634216308594,153.97731018066406,132.42042541503906,119.48419189453125,107.20857238769531,102.1949691772461,95.51779174804688,90.06111145019531,85.84498596191406,79.56462097167969,72.2668228149414,67.60450744628906,21994.841796875,162.85557556152344,97.78935241699219
935000,945001,17,3,254,227,1,52151.203125,1105.7760009765625,413.1839599609375,299.12255859375,250.14883422851562,173.20599365234375,170.21519470214844,135.6115264892578,112.03715515136719,96.7231216430664,93.07467651367188,90.2826156616211,84.57429504394531,79.78813171386719,73.47201538085938,69.03622436523438,61.069000244140625,21955.57421875,199.3708953857422,91.73495483398438
940000,950001,17,3,252,225,0,52350.77734375,841.3033447265625,373.60284423828125,256.9580993652344,174.3709259033203,144.54144287109375,137.30177307128906,118.26061248779297,110.98151397705078,102.37736511230469,93.00088500976562,82.84333038330078,79.2812271118164,75.1690902709961,68.75175476074219,65.09365844726562,63.83280563354492,22041.1796875,134.8422393798828,88.69454193115234
940000,950001,17,3,252,225,1,52343.21484375,845.5266723632812,373.0027770996094,258.9600830078125,175.72708129882812,143.28103637695312,130.95286560058594,110.51397705078125,102.57527160644531,100.15717315673828,91.02613067626953,84.01395416259766,81.45841217041016,75.51338195800781,62.902713775634766,61.255035400390625,56.40330505371094,22040.728515625,142.16917419433594,99.92595672607422
945000,955001,17,3,253,227,0,50652.44140625,1165.35595703125,539.8983764648438,265.9620361328125,187.08108520507812,144.40628051757812,124.58467864990234,117.67681884765625,109.38157653808594,101.65597534179688,90.41124725341797,87.99127960205078,86.65716552734375,74.07313537597656,70.6034164428711,66.0044174194336,63.78178405761719,21353.17578125,128.5694122314453,81.5452651977539
945000,955001,17,3,253,227,1,50603.9765625,1185.881103515625,521.6911010742188,258.44256591796875,178.26014709472656,135.3469696044922,124.56702423095703,116.4500961303711,105.77584838867188,97.37947082519531,91.331787109375,89.05436706542969,83.11346435546875,77.0813980102539,74.7161636352539,66.19034576416016,58.103981018066406,21330.755859375,138.6083221435547,87.76370239257812
950000,960001,17,3,253,217,0,52686.98828125,816.55615234375,406.8316650390625,275.55792236328125,191.0401153564453,164.6568603515625,139.3297119140625,125.97012329101562,91.09859466552734,88.88896179199219,83.75080108642578,77.2125244140625,72.48191833496094,65.31103515625,59.260135650634766,55.25733947753906,53.85037612915039,22201.109375,125.59105682373047,62.099491119384766
950000,960001,17,3,253,217,1,52692.4140625,813.169189453125,397.26104736328125,257.2641296386719,201.80441284179688,181.08029174804688,140.87611389160156,116.47880554199219,110.0642318725586,92.49795532226562,86.38081359863281,78.82246398925781,74.29778289794922,67.47834014892578,66.1174545288086,62.640445709228516,58.24085235595703,22207.376953125,124.14967346191406,73.04966735839844
955000,965001,17,3,252,225,0,51660.5625,998.669677734375,453.31573486328125,293.8232421875,241.72802734375,211.1862335205078,160.13331604003906,134.12864685058594,130.2669219970703,114.34783935546875,107.49597930908203,94.94013214111328,85.00051879882812,77.79669952392578,74.1705551147461,67.6705551147461,64.67416381835938,21795.8203125,129.9547882080078,77.46157836914062
955000,965001,17,3,252,225,1,51639.5625,972.33642578125,479.001953125,300.18463134765625,244.92706298828125,216.30349731445312,155.0989532470703,139.74754333496094,122.0018539428711,112.22026824951172,98.3131103515625,96.29930114746094,92.25706481933594,83.92478942871094,79.37783813476562,75.80841827392578,71.83060455322266,21789.65625,134.69766235351562,83.98379516601562
960000,970001,17,3,253,226,0,52056.84765625,982.9288330078125,408.7928771972656,262.9449157714844,202.57579040527344,179.2898712158203,140.21377563476562,130.83470153808594,112.06523132324219,107.62345886230469,97.00019836425781,90.07319641113281,82.67790222167969,80.17587280273438,74.72007751464844,64.90689849853516,63.52281188964844,21848.60546875,154.0919647216797,108.87863159179688
960000,970001,17,3,253,226,1,52035.19140625,966.5297241210938,389.1339111328125,259.23956298828125,210.6117401123047,189.99440002441406,141.12254333496094,134.14508056640625,132.45391845703125,104.97724151611328,100.90874481201172,94.75874328613281,81.37298583984375,79.44342803955078,70.72296142578125,68.58075714111328,65.49207305908203,21842.541015625,161.54563903808594,114.77918243408203
965000,975001,17,3,252,227,0,51982.31640625,873.5184326171875,448.8463439941406,303.81866455078125,208.12518310546875,169.7452392578125,140.19325256347656,124.07775115966797,115.977294921875,100.97602081298828,89.2348861694336,76.39920043945312,74.70472717285156,72.9979019165039,66.65909576416016,65.90625,60.90081024169922,21936.3984375,149.60330200195312,73.80294036865234
965000,975001,17,3,252,227,1,51924.63671875,874.8594970703125,451.5936279296875,311.993896484375,191.17059326171875,167.82611083984375,132.83763122558594,125.6943359375,114.53157043457031,98.89781951904297,90.83047485351562,83.41358947753906,77.52720642089844,74.9508056640625,71.331787109375,66.60758209228516,63.15415954589844,21912.171875,137.0472412109375,78.3887939453125
970000,980001,17,3,251,223,0,52748.83984375,1157.362548828125,635.2318725585938,294.82244873046875,236.672119140625,187.16224670410156,167.5768280029297,142.8313446044922,134.87303161621094,113.53829956054688,110.3949966430664,96.80687713623047,84.2218246459961,77.27496337890625,71.70274353027344,68.11469268798828,63.887237548828125,22117.671875,204.0703887939453,94.1873779296875
970000,980001,17,3,251,223,1,52701.24609375,1163.5089111328125,644.0665283203125,317.38616943359375,255.91195678710938,197.26051330566406,167.4314422607422,131.00201416015625,124.25118255615234,113.49735260009766,100.74669647216797,99.91263580322266,92.77182006835938,83.88532257080078,81.49724578857422,71.82192993164062,64.01818084716797,22091.642578125,227.54995727539062,85.04336547851562
975000,985001,17,3,247,216,0,51861.7421875,960.8134765625,385.91510009765625,249.60150146484375,198.60385131835938,152.8188934326172,135.46530151367188,116.46156311035156,105.79998779296875,95.68495178222656,80.1659927368164,74.84626770019531,72.59747314453125,69.73241424560547,60.89094161987305,59.37599563598633,51.838829040527344,21846.26171875,125.31228637695312,77.72891998291016
975000,985001,17,3,247,216,1,51834.90234375,975.2939453125,386.8781433105469,263.2409362792969,194.83677673339844,155.82815551757812,129.7037353515625,109.70317077636719,102.65122985839844,94.05270385742188,85.20668029785156,78.44692993164062,72.70590209960938,69.08621978759766,58.882137298583984,56.373233795166016,50.71416473388672,21840.802734375,132.90721130371094,74.14083099365234
980000,990001,17,3,251,222,0,52398.43359375,825.6907348632812,384.99395751953125,294.5991516113281,208.2580108642578,176.62481689453125,131.2765655517578,110.78262329101562,107.50738525390625,91.88944244384766,85.22114562988281,79.8546371459961,79.21861267089844,71.59034729003906,69.19682312011719,65.22299194335938,52.818294525146484,22058.48046875,141.16171264648438,77.03083801269531
980000,990001,17,3,251,222,1,52467.2890625,834.8609008789062,389.22296142578125,297.9231872558594,200.960205078125,185.0919189453125,146.526123046875,111.72815704345703,106.53129577636719,98.5901107788086,91.07077026367188,82.12361907958984,77.66303253173828,71.94535827636719,69.07560729980469,61.622711181640625,54.35118103027344,22080.875,129.16412353515625,74.26944732666016
985000,995001,17,3,248,217,0,52742.1015625,857.3318481445312,447.622314453125,234.03282165527344,184.45387268066406,169.00155639648438,125.50735473632812,104.1789779663086,100.48224639892578,94.78582000732422,90.3545150756836,88.16342163085938,80.0135269165039,69.80909729003906,65.75271606445312,63.764713287353516,60.758277893066406,22209.982421875,134.10629272460938,85.43169403076172
985000,995001,17,3,248,217,1,52731.078125,861.3031616210938,474.1584167480469,242.37939453125,190.7640380859375,163.8338623046875,122.4550552368164,110.76803588867188,103.27107238769531,90.12822723388672,83.40083312988281,79.58360290527344,75.66382598876953,71.67369842529297,64.1059341430664,57.93230438232422,54.468536376953125,22202.107421875,144.37808227539062,77.12725830078125
