grad_step,env_steps,window_len,penalty_len,n_windows,unique_eps,critic,sv_01,sv_02,sv_03,sv_04,sv_05,sv_06,sv_07,sv_08,sv_09,sv_10,sv_11,sv_12,sv_13,sv_14,sv_15,sv_16,sv_17,pen_sv_01,pen_sv_02,pen_sv_03
0,10001,17,3,239,33,0,3.7208564281463623,1.9358763694763184,1.7900742292404175,1.6901707649230957,1.6211698055267334,1.392095923423767,1.3102171421051025,1.2722761631011963,1.1611242294311523,1.1325633525848389,1.0730054378509521,1.0552163124084473,0.9422426223754883,0.9089871048927307,0.875166118144989,0.8563797473907471,0.7897312641143799,2.040034294128418,1.2808510065078735,0.9683243036270142
0,10001,17,3,239,33,1,1.400259256362915,1.3844162225723267,1.3140259981155396,1.2542129755020142,1.171416163444519,1.1200162172317505,1.0680207014083862,1.0417732000350952,1.0036708116531372,0.9413895606994629,0.9294626712799072,0.8828083872795105,0.825053870677948,0.8061395883560181,0.7643353939056396,0.7532394528388977,0.6597792506217957,1.1402149200439453,1.0552613735198975,0.8577936887741089
5000,15001,17,3,242,35,0,391.7351379394531,83.35957336425781,57.782920837402344,36.457801818847656,28.063720703125,22.126480102539062,18.095346450805664,16.161405563354492,13.867505073547363,12.047266006469727,11.508584022521973,11.278550148010254,10.633138656616211,9.979277610778809,9.769166946411133,8.933311462402344,8.147051811218262,170.5126495361328,18.964996337890625,10.656844139099121
5000,15001,17,3,242,35,1,393.4325866699219,82.92781066894531,58.400787353515625,36.35319900512695,27.9344482421875,22.952783584594727,17.68873405456543,15.937276840209961,13.790142059326172,12.629315376281738,11.347368240356445,10.78299617767334,10.652374267578125,9.549137115478516,9.344123840332031,8.953798294067383,8.828845977783203,170.69903564453125,19.157512664794922,9.998137474060059
10000,20001,17,3,244,48,0,599.4710083007812,108.11664581298828,70.0483169555664,46.7587776184082,38.256282806396484,28.91153335571289,25.1158390045166,21.12181854248047,19.739608764648438,17.227712631225586,16.511369705200195,16.00429916381836,15.087810516357422,14.195110321044922,13.445545196533203,13.06860065460205,12.408008575439453,253.6243896484375,27.364988327026367,15.084851264953613
10000,20001,17,3,244,48,1,598.857177734375,107.75543975830078,71.459228515625,47.43183135986328,38.36232376098633,28.427480697631836,25.026809692382812,20.947343826293945,20.250364303588867,17.76343536376953,15.882158279418945,15.02424430847168,14.286689758300781,13.308935165405273,12.925036430358887,12.556385040283203,11.508389472961426,254.44932556152344,27.538076400756836,15.362675666809082
15000,25001,17,3,240,55,0,638.377197265625,112.37806701660156,63.0045166015625,45.222618103027344,29.71902084350586,25.93867301940918,18.889741897583008,17.70787239074707,13.881233215332031,11.086091041564941,10.637764930725098,9.75792121887207,9.236918449401855,8.22512149810791,7.964553356170654,7.532096862792969,7.072494029998779,270.36492919921875,21.95167350769043,9.59068775177002
15000,25001,17,3,240,55,1,644.3653564453125,113.763427734375,63.462364196777344,46.152076721191406,30.6119441986084,25.37148094177246,18.737817764282227,18.407390594482422,13.908004760742188,11.06078815460205,10.916539192199707,9.162711143493652,8.888650894165039,8.439351081848145,7.771748065948486,6.885726451873779,6.544436931610107,272.6553039550781,22.87288475036621,10.340079307556152
20000,30001,17,3,245,63,0,731.7398681640625,127.01045227050781,79.43172454833984,52.7123908996582,38.2038688659668,26.4879207611084,23.59284782409668,18.438840866088867,16.393909454345703,14.527935981750488,13.930876731872559,12.228044509887695,11.002059936523438,10.588174819946289,10.54405403137207,9.256208419799805,9.110527038574219,302.6133117675781,26.101070404052734,14.199620246887207
20000,30001,17,3,245,63,1,740.277587890625,125.83662414550781,79.2920913696289,52.5509033203125,38.840518951416016,27.038251876831055,23.677080154418945,18.993534088134766,16.74287223815918,15.497912406921387,12.394272804260254,12.037843704223633,11.304503440856934,10.551156044006348,9.729818344116211,8.53266716003418,7.97055196762085,305.870849609375,27.63410758972168,12.127737998962402
25000,35001,17,3,241,70,0,808.8724975585938,132.31153869628906,77.53642272949219,48.49797439575195,33.16588592529297,27.816144943237305,24.172094345092773,17.329622268676758,15.231640815734863,14.807578086853027,14.106879234313965,13.363205909729004,11.286742210388184,10.130860328674316,9.219100952148438,8.986884117126465,8.583176612854004,342.0267639160156,21.825389862060547,11.806118965148926
25000,35001,17,3,241,70,1,803.65771484375,132.2261505126953,76.75930786132812,47.41014099121094,33.656280517578125,27.814767837524414,24.36180877685547,17.058704376220703,16.314863204956055,15.39472770690918,13.61349105834961,13.23944091796875,10.795270919799805,10.00445556640625,9.510217666625977,9.474632263183594,8.623370170593262,338.82220458984375,21.93270492553711,11.430817604064941
30000,40001,17,3,237,74,0,882.0645751953125,117.4229507446289,69.3034439086914,44.74320602416992,35.75873947143555,26.814651489257812,22.54271697998047,19.83503532409668,16.999767303466797,15.346444129943848,13.32584285736084,12.743387222290039,11.791756629943848,11.24400806427002,10.449143409729004,9.244279861450195,8.633179664611816,367.05963134765625,26.700178146362305,12.68596363067627
30000,40001,17,3,237,74,1,886.4935302734375,116.07786560058594,70.47682189941406,45.32741165161133,36.939449310302734,24.83620262145996,21.927139282226562,19.748611450195312,16.261873245239258,15.119089126586914,12.667075157165527,11.797357559204102,11.324407577514648,10.543267250061035,9.853114128112793,8.60633373260498,8.079042434692383,368.39227294921875,25.88544464111328,11.285370826721191
35000,45001,17,3,239,80,0,975.617919921875,141.34197998046875,72.70747375488281,49.53428268432617,37.232444763183594,32.05078887939453,24.92547607421875,20.273115158081055,17.06273078918457,15.890262603759766,14.308759689331055,13.65929889678955,12.409521102905273,11.528643608093262,10.774479866027832,10.139596939086914,9.176713943481445,412.87432861328125,27.068113327026367,13.143219947814941
35000,45001,17,3,239,80,1,977.74462890625,142.55755615234375,72.52562713623047,50.23701858520508,36.624027252197266,32.08600997924805,24.563337326049805,19.54302978515625,16.319807052612305,15.904043197631836,15.166352272033691,12.83439826965332,12.240487098693848,10.844341278076172,10.68420696258545,10.159777641296387,8.95495319366455,414.05755615234375,26.50071907043457,13.24793815612793
40000,50001,17,3,241,85,0,1124.91796875,112.94509887695312,74.5122299194336,46.93963623046875,38.40353775024414,27.64017677307129,24.661420822143555,18.509693145751953,16.935495376586914,16.672557830810547,13.337727546691895,12.548860549926758,11.805618286132812,10.94094467163086,10.577766418457031,9.981444358825684,8.864341735839844,476.045166015625,26.17687225341797,12.917768478393555
40000,50001,17,3,241,85,1,1129.269287109375,114.97067260742188,74.05607604980469,48.62887954711914,36.469905853271484,27.966341018676758,22.79576873779297,19.274084091186523,16.510412216186523,16.107112884521484,14.364789962768555,13.82314682006836,11.494043350219727,10.92442512512207,10.635138511657715,9.953747749328613,8.939599990844727,477.1005859375,26.220521926879883,13.0015230178833
45000,55001,17,3,236,94,0,1144.6551513671875,131.03968811035156,75.60383605957031,52.447139739990234,35.34461212158203,30.53032684326172,24.504545211791992,21.50374984741211,18.56936264038086,15.264238357543945,13.87790584564209,13.247178077697754,12.690428733825684,11.903854370117188,11.26793098449707,10.475126266479492,9.694205284118652,481.2042236328125,27.35886001586914,12.781197547912598
45000,55001,17,3,236,94,1,1141.34765625,129.42514038085938,76.43326568603516,51.86552047729492,37.292938232421875,29.112871170043945,25.657207489013672,20.51108169555664,18.74518585205078,16.179887771606445,13.420058250427246,12.953213691711426,12.420866966247559,11.964391708374023,11.07024097442627,10.41823673248291,9.481478691101074,479.6248779296875,28.349803924560547,12.962980270385742
50000,60001,17,3,240,96,0,1284.4964599609375,132.068359375,83.77790069580078,50.159915924072266,38.274383544921875,29.159358978271484,22.759185791015625,21.890514373779297,17.501018524169922,15.638174057006836,14.27344799041748,13.63808822631836,13.183655738830566,12.117966651916504,11.275935173034668,10.173798561096191,9.728663444519043,539.74658203125,29.351213455200195,14.854683876037598
50000,60001,17,3,240,96,1,1280.0616455078125,132.32212829589844,83.92115783691406,49.02371597290039,36.13904571533203,30.410446166992188,22.76072883605957,21.291757583618164,18.027379989624023,16.0162410736084,13.663925170898438,12.794122695922852,11.74085807800293,11.213971138000488,10.556536674499512,9.180601119995117,9.054534912109375,537.6702880859375,27.33332633972168,13.32766342163086
55000,65001,17,3,239,89,0,1424.4541015625,136.48178100585938,86.80208587646484,53.270362854003906,35.4348258972168,30.618532180786133,24.448474884033203,20.91266632080078,18.875328063964844,16.2076358795166,15.455103874206543,13.677346229553223,12.644063949584961,11.727999687194824,11.281941413879395,11.188852310180664,8.964655876159668,599.508544921875,25.039512634277344,13.90549373626709
55000,65001,17,3,239,89,1,1431.86279296875,137.6519317626953,89.32083129882812,53.84225845336914,36.14855194091797,31.16069221496582,25.22941017150879,20.919132232666016,19.811107635498047,17.869056701660156,16.041227340698242,13.562105178833008,12.839683532714844,11.261056900024414,10.580842971801758,10.257404327392578,9.58366584777832,603.8021850585938,25.36000633239746,14.206944465637207
60000,70001,17,3,241,99,0,1467.875732421875,147.28619384765625,78.94082641601562,52.451419830322266,37.59469985961914,30.37938690185547,24.755094528198242,20.333738327026367,17.321138381958008,17.034801483154297,15.673820495605469,14.08045768737793,13.145302772521973,11.633512496948242,11.205522537231445,10.391816139221191,9.640531539916992,621.3577880859375,24.113805770874023,13.92429256439209
60000,70001,17,3,241,99,1,1471.57958984375,147.53848266601562,79.73336791992188,50.89591598510742,38.242095947265625,31.820148468017578,24.154905319213867,20.34554672241211,16.804489135742188,16.609210968017578,15.76458740234375,13.206079483032227,11.929656982421875,11.421838760375977,11.215531349182129,10.311640739440918,9.184917449951172,622.0264282226562,23.442834854125977,13.769368171691895
65000,75001,17,3,243,107,0,1545.8709716796875,147.98007202148438,76.37796020507812,51.596195220947266,41.051612854003906,31.805166244506836,24.527498245239258,21.824138641357422,19.543039321899414,17.480716705322266,16.601348876953125,15.075439453125,13.587979316711426,12.587140083312988,12.164061546325684,11.520380973815918,10.346174240112305,648.03857421875,26.15576171875,14.482098579406738
65000,75001,17,3,243,107,1,1548.2359619140625,146.0140380859375,75.89167785644531,52.978729248046875,42.31432342529297,32.8760871887207,26.80828285217285,22.529560089111328,20.929269790649414,18.400291442871094,16.11101531982422,15.477330207824707,14.069778442382812,13.253297805786133,12.30888557434082,10.87868595123291,10.204916000366211,648.7646484375,26.251110076904297,15.831829071044922
70000,80001,17,3,244,105,0,1651.23046875,149.8351593017578,88.54036712646484,53.78020477294922,32.69426345825195,32.05281066894531,26.23047637939453,22.112340927124023,19.004478454589844,17.54498291015625,15.839301109313965,15.151931762695312,13.829748153686523,12.988007545471191,12.263314247131348,10.970006942749023,9.776391983032227,693.2176513671875,25.989931106567383,14.802075386047363
70000,80001,17,3,244,105,1,1639.6800537109375,148.20199584960938,87.51873016357422,54.06602478027344,32.332130432128906,31.459510803222656,26.820844650268555,23.216445922851562,18.826871871948242,16.8656063079834,15.507417678833008,14.924585342407227,14.120715141296387,12.80677604675293,11.393037796020508,10.159095764160156,9.24174976348877,686.8400268554688,26.24626350402832,13.87185287475586
75000,85001,17,3,237,111,0,1743.0484619140625,132.0648193359375,73.5855484008789,55.009979248046875,39.83748245239258,31.62110137939453,22.403438568115234,21.14339828491211,18.86166000366211,16.26192283630371,15.085932731628418,13.489744186401367,13.369405746459961,12.940505981445312,11.062884330749512,10.780505180358887,9.322507858276367,736.86865234375,24.642669677734375,14.01684856414795
75000,85001,17,3,237,111,1,1743.6806640625,133.0198211669922,71.9969711303711,53.81363296508789,41.48663330078125,32.945579528808594,23.039201736450195,20.456527709960938,18.136966705322266,17.054218292236328,15.265480041503906,13.973172187805176,13.05963134765625,11.88754653930664,11.6139497756958,10.534602165222168,9.388968467712402,737.0297241210938,24.475364685058594,12.657587051391602
80000,90001,17,3,239,109,0,1834.265869140625,142.96336364746094,77.14889526367188,55.931480407714844,41.24934387207031,30.827255249023438,23.074703216552734,21.78459930419922,20.386476516723633,18.838764190673828,17.326374053955078,15.401530265808105,13.980300903320312,13.363255500793457,11.544672012329102,11.166312217712402,9.21774673461914,773.72119140625,31.353239059448242,17.52013397216797
80000,90001,17,3,239,109,1,1834.9385986328125,145.41162109375,75.2894058227539,53.645103454589844,41.12361145019531,31.62637710571289,25.28486442565918,21.23065757751465,20.611539840698242,18.640600204467773,16.9664306640625,14.412553787231445,13.768487930297852,12.203737258911133,11.434687614440918,10.681660652160645,10.140344619750977,773.76025390625,31.717132568359375,18.732852935791016
85000,95001,17,3,242,118,0,1826.5238037109375,149.95164489746094,84.99331665039062,54.79845428466797,41.176612854003906,32.80619430541992,24.64275550842285,21.847742080688477,18.819988250732422,18.413223266601562,17.572694778442383,16.39119529724121,14.944807052612305,13.271734237670898,12.599637985229492,12.283651351928711,10.57079029083252,768.3174438476562,28.577909469604492,14.853575706481934
85000,95001,17,3,242,118,1,1826.4832763671875,148.59873962402344,83.02801513671875,53.05735778808594,40.11784362792969,29.5400390625,23.84193992614746,21.802383422851562,18.527870178222656,17.426284790039062,16.490360260009766,15.043745040893555,14.545276641845703,13.614577293395996,12.42313003540039,10.978219032287598,10.231613159179688,768.0345458984375,28.753517150878906,15.868362426757812
90000,100001,17,3,246,127,0,1928.09619140625,150.8241424560547,76.526611328125,52.039756774902344,36.89064407348633,33.18970489501953,26.644920349121094,25.42695426940918,21.487279891967773,18.059123992919922,16.508115768432617,15.081257820129395,14.419841766357422,13.043194770812988,11.97866439819336,11.031205177307129,10.55199909210205,809.0050659179688,28.275386810302734,14.777654647827148
90000,100001,17,3,246,127,1,1928.937744140625,151.0492706298828,76.99307250976562,54.28517532348633,36.83852005004883,33.19346618652344,26.441465377807617,23.613670349121094,21.213422775268555,16.81622886657715,16.103878021240234,15.489295959472656,13.97169017791748,12.57837200164795,11.656492233276367,11.381719589233398,10.687517166137695,808.8521118164062,26.663856506347656,14.033106803894043
95000,105001,17,3,242,122,0,1905.943603515625,152.50045776367188,89.43356323242188,61.925315856933594,41.05738067626953,31.055416107177734,27.362751007080078,23.00568962097168,21.19981575012207,18.999046325683594,17.212453842163086,16.119932174682617,15.114432334899902,14.043925285339355,13.127570152282715,12.779845237731934,11.862313270568848,800.7311401367188,30.299087524414062,17.058622360229492
95000,105001,17,3,242,122,1,1909.3604736328125,150.0828857421875,86.77860260009766,60.25325012207031,40.85048294067383,30.389881134033203,27.02813720703125,21.419771194458008,20.290733337402344,18.883155822753906,16.925586700439453,15.250286102294922,14.393000602722168,13.481534957885742,12.478930473327637,11.893155097961426,11.055458068847656,801.4939575195312,32.36369323730469,17.55217933654785
100000,110001,17,3,241,123,0,1999.0450439453125,143.60333251953125,85.63446044921875,53.01354217529297,39.631839752197266,32.653324127197266,31.12190818786621,22.809022903442383,20.643659591674805,19.306529998779297,17.755014419555664,14.819869041442871,13.644811630249023,13.006097793579102,12.592904090881348,11.537544250488281,11.240938186645508,846.427001953125,35.20122528076172,16.111793518066406
100000,110001,17,3,241,123,1,2006.4989013671875,143.5786895751953,85.13550567626953,53.6550407409668,40.16166687011719,34.22085189819336,29.772659301757812,24.205759048461914,20.365751266479492,19.803560256958008,18.075254440307617,15.859320640563965,14.118066787719727,13.470328330993652,12.87660026550293,11.502717971801758,11.22623062133789,848.8773803710938,33.91178894042969,15.624114036560059
105000,115001,17,3,247,125,0,2111.26416015625,149.08050537109375,89.80715942382812,55.786563873291016,38.29286575317383,33.09500503540039,30.012004852294922,23.60959243774414,22.110620498657227,18.200159072875977,17.421327590942383,15.683998107910156,14.21065902709961,13.431528091430664,12.885387420654297,12.364184379577637,10.151853561401367,893.654541015625,33.86701202392578,15.116307258605957
105000,115001,17,3,247,125,1,2108.68994140625,151.02487182617188,91.81766510009766,58.10593795776367,38.386474609375,31.379854202270508,29.99959945678711,23.617916107177734,21.749597549438477,19.053691864013672,16.304990768432617,15.7514009475708,15.017434120178223,14.228598594665527,13.604852676391602,12.9970703125,11.172496795654297,892.3514404296875,31.951904296875,15.756885528564453
110000,120001,17,3,244,131,0,2079.472900390625,156.86766052246094,80.4438705444336,49.507041931152344,45.18301773071289,32.56686019897461,26.970645904541016,24.67609405517578,20.523677825927734,19.040111541748047,18.28925132751465,16.71432876586914,14.987333297729492,14.576315879821777,13.037994384765625,12.264150619506836,10.979823112487793,871.7590942382812,36.750518798828125,16.937143325805664
110000,120001,17,3,244,131,1,2079.353515625,156.69471740722656,79.15703582763672,49.87651824951172,46.68610382080078,32.94254684448242,27.76105308532715,24.600971221923828,22.13843536376953,20.955379486083984,19.351318359375,16.083457946777344,15.457280158996582,14.751309394836426,14.18116283416748,13.113423347473145,12.192747116088867,871.8792724609375,38.06051254272461,19.1195068359375
115000,125001,17,3,244,127,0,2164.289794921875,150.59495544433594,83.15406036376953,50.30022430419922,40.374698638916016,28.635099411010742,28.131826400756836,27.078367233276367,20.94286346435547,17.485530853271484,16.933130264282227,14.627386093139648,14.496529579162598,13.455585479736328,12.538567543029785,12.280545234680176,11.249670028686523,908.0682983398438,28.40884017944336,14.880695343017578
115000,125001,17,3,244,127,1,2172.005615234375,153.60284423828125,81.44097900390625,51.20706558227539,43.20384979248047,28.042177200317383,27.317323684692383,25.558074951171875,20.741329193115234,18.422204971313477,15.777762413024902,15.139508247375488,14.048653602600098,13.234328269958496,11.848560333251953,11.760534286499023,10.477205276489258,911.6245727539062,29.434009552001953,16.52293586730957
120000,130001,17,3,246,141,0,2222.807373046875,148.1392822265625,76.51180267333984,57.916717529296875,39.84980392456055,34.686859130859375,29.89346694946289,28.428607940673828,22.741722106933594,20.536706924438477,19.031810760498047,17.254209518432617,16.44145393371582,14.17081069946289,13.387681007385254,12.610644340515137,12.273736000061035,945.317138671875,35.66242980957031,17.15778350830078
120000,130001,17,3,246,141,1,2221.63232421875,150.4441375732422,78.1124496459961,58.05634307861328,38.985679626464844,35.61729431152344,29.62017250061035,24.07583999633789,22.1783504486084,20.424638748168945,18.666473388671875,16.578907012939453,15.614208221435547,14.152414321899414,13.474932670593262,12.465940475463867,11.479713439941406,944.478271484375,33.99409866333008,15.570762634277344
125000,135001,17,3,245,138,0,2347.80078125,156.16705322265625,75.87183380126953,58.18098068237305,42.65895080566406,29.834903717041016,25.404579162597656,23.856760025024414,22.752178192138672,17.621078491210938,16.532442092895508,15.174073219299316,14.542228698730469,13.850052833557129,13.483804702758789,12.063669204711914,10.684305191040039,982.1771850585938,29.79835319519043,19.246479034423828
125000,135001,17,3,245,138,1,2342.036865234375,158.42172241210938,77.78343200683594,59.193153381347656,42.03793716430664,29.97840690612793,25.126113891601562,24.552005767822266,23.128028869628906,18.741140365600586,17.656675338745117,15.366209983825684,14.515901565551758,13.300244331359863,13.11291217803955,11.112017631530762,10.192380905151367,979.3517456054688,31.07539939880371,18.28289222717285
130000,140001,17,3,242,139,0,2400.745849609375,166.830810546875,77.46598815917969,56.364845275878906,44.377227783203125,33.04466247558594,24.37596893310547,21.471923828125,20.3432674407959,18.71775245666504,17.41146469116211,15.48205280303955,15.159368515014648,13.879934310913086,13.126016616821289,12.90922737121582,12.03217887878418,1011.7772827148438,30.58798599243164,18.26057243347168
130000,140001,17,3,242,139,1,2401.83642578125,167.74366760253906,79.16812133789062,57.46205139160156,43.44221115112305,34.91578674316406,25.21664810180664,21.610986709594727,21.472827911376953,19.626270294189453,18.463041305541992,17.18000030517578,14.999191284179688,14.882969856262207,13.228691101074219,12.91745662689209,12.08003044128418,1012.8303833007812,30.219179153442383,18.629297256469727
135000,145001,17,3,246,147,0,2311.35791015625,162.3156280517578,94.86885833740234,56.59941101074219,46.353790283203125,37.572628021240234,27.188072204589844,24.252588272094727,22.844324111938477,20.35660743713379,19.453264236450195,19.102188110351562,16.36864471435547,14.941239356994629,14.363507270812988,13.904322624206543,12.171318054199219,968.5306396484375,37.7118034362793,21.8172607421875
135000,145001,17,3,246,147,1,2310.195068359375,161.27804565429688,95.55811309814453,58.34212112426758,47.09588623046875,38.12953186035156,28.859338760375977,25.15534782409668,21.54757308959961,20.600706100463867,18.391693115234375,17.83116340637207,16.24793815612793,14.693259239196777,14.08639144897461,13.406068801879883,12.302132606506348,967.6414794921875,37.614192962646484,20.18395233154297
140000,150001,17,3,247,152,0,2292.845947265625,184.56858825683594,90.59251403808594,61.67346954345703,44.42426300048828,34.77591323852539,29.891895294189453,28.7327938079834,22.710674285888672,21.045217514038086,20.897619247436523,19.69463348388672,19.01955223083496,16.332597732543945,15.430208206176758,14.403063774108887,13.700531959533691,961.9446411132812,35.345542907714844,19.124555587768555
140000,150001,17,3,247,152,1,2297.193603515625,186.6438751220703,88.9048080444336,59.61064529418945,49.24485397338867,35.69660949707031,29.093107223510742,27.288694381713867,24.27410125732422,20.827667236328125,20.681568145751953,18.23000144958496,16.887149810791016,16.034433364868164,15.133611679077148,14.313040733337402,13.139351844787598,963.1610107421875,32.69330978393555,17.912050247192383
145000,155001,17,3,246,154,0,2377.117431640625,164.6522216796875,102.4018325805664,58.18119812011719,43.97568893432617,37.65757751464844,32.842506408691406,26.96930694580078,23.264440536499023,21.266067504882812,21.053525924682617,17.83185577392578,16.14698028564453,15.853424072265625,15.439536094665527,14.287676811218262,13.656482696533203,1009.7755737304688,34.15095520019531,20.141569137573242
145000,155001,17,3,246,154,1,2378.0537109375,166.4306182861328,104.65676879882812,57.86305618286133,47.39015579223633,38.877044677734375,30.67596435546875,26.518409729003906,24.72553253173828,20.97258949279785,19.507951736450195,18.008460998535156,16.106555938720703,15.687237739562988,15.101130485534668,13.994683265686035,12.72020435333252,1009.2000122070312,34.983924865722656,18.009559631347656
150000,160001,17,3,245,165,0,2546.386474609375,150.35629272460938,92.12163543701172,64.66976165771484,43.354896545410156,37.38839340209961,30.52442169189453,27.431325912475586,23.804983139038086,22.299556732177734,19.803104400634766,19.209354400634766,16.431838989257812,16.052631378173828,15.79599666595459,14.76848030090332,13.626133918762207,1076.6392822265625,33.81195831298828,22.10368537902832
150000,160001,17,3,245,165,1,2537.78271484375,151.56588745117188,89.21353149414062,65.58492279052734,45.10869598388672,37.76751708984375,31.619722366333008,28.979217529296875,23.399669647216797,20.128150939941406,19.078859329223633,18.665021896362305,16.492170333862305,15.227989196777344,14.579564094543457,14.144895553588867,12.930152893066406,1072.6763916015625,40.03197479248047,17.704696655273438
155000,165001,17,3,241,140,0,2488.7265625,168.3107452392578,93.14722442626953,57.73476028442383,44.2360954284668,37.05997848510742,29.797163009643555,24.44368553161621,23.433969497680664,22.05170249938965,19.911802291870117,19.495439529418945,16.92608070373535,15.657069206237793,14.83469295501709,13.474247932434082,11.15419864654541,1045.93359375,32.36991882324219,18.830522537231445
155000,165001,17,3,241,140,1,2490.59130859375,172.41171264648438,93.95059204101562,56.805721282958984,46.53463363647461,36.77008056640625,31.14022445678711,25.091815948486328,23.03293800354004,19.766950607299805,19.72810935974121,18.37498664855957,15.986952781677246,15.309165954589844,14.27009105682373,12.968167304992676,11.704980850219727,1047.14599609375,35.36065673828125,18.562318801879883
160000,170001,17,3,243,146,0,2484.661376953125,195.60543823242188,102.432373046875,69.35223388671875,44.97255325317383,36.988948822021484,33.23760986328125,29.05848503112793,27.359548568725586,22.365787506103516,21.456424713134766,19.280071258544922,18.920095443725586,17.93885612487793,16.724138259887695,15.79334545135498,15.321002960205078,1045.967041015625,35.7950325012207,20.831527709960938
160000,170001,17,3,243,146,1,2480.3974609375,198.74493408203125,102.28543853759766,65.83880615234375,48.298240661621094,40.27756118774414,31.6532039642334,28.744855880737305,26.34268569946289,23.846511840820312,22.70806121826172,20.021883010864258,19.119121551513672,18.165302276611328,16.801698684692383,15.177680015563965,14.825959205627441,1044.55859375,35.608821868896484,21.185468673706055
165000,175001,17,3,246,150,0,2595.97607421875,163.81773376464844,101.80896759033203,68.46233367919922,47.59572219848633,40.93354415893555,34.93199157714844,29.06553840637207,26.98016929626465,21.285802841186523,20.561357498168945,20.25478744506836,18.558088302612305,17.677021026611328,16.37187957763672,15.944497108459473,13.379207611083984,1091.739013671875,40.96044921875,20.330509185791016
165000,175001,17,3,246,150,1,2600.92333984375,163.8871307373047,101.39429473876953,70.30001831054688,49.55224609375,42.90172576904297,31.41141700744629,27.347166061401367,24.737361907958984,21.710962295532227,20.16669273376465,19.40244483947754,17.736370086669922,15.955501556396484,15.802475929260254,15.089494705200195,14.614089965820312,1095.487548828125,41.83146667480469,17.35173988342285
170000,180001,17,3,243,151,0,2569.249267578125,208.4955291748047,100.87902069091797,67.6497573852539,52.93693923950195,43.40040969848633,36.426918029785156,28.54486656188965,26.29511833190918,24.873180389404297,24.000844955444336,21.084688186645508,20.83279037475586,19.86642074584961,18.878154754638672,16.863222122192383,14.614213943481445,1083.0782470703125,48.96720504760742,25.408018112182617
170000,180001,17,3,243,151,1,2559.044189453125,210.35414123535156,99.76470184326172,65.66255187988281,52.397701263427734,42.40165710449219,36.14628219604492,29.84159278869629,28.885290145874023,25.245033264160156,24.03274917602539,22.499744415283203,20.82448959350586,19.149477005004883,17.095495223999023,16.34111976623535,15.20075798034668,1079.8677978515625,48.067970275878906,27.4086856842041
175000,185001,17,3,244,149,0,2580.285888671875,173.61947631835938,86.5066909790039,65.89653778076172,45.512657165527344,37.2687873840332,33.68596267700195,26.136476516723633,24.2729434967041,22.249217987060547,19.78717041015625,19.08713722229004,17.451845169067383,16.768108367919922,15.492179870605469,14.86251449584961,13.622442245483398,1093.6363525390625,31.216167449951172,18.565467834472656
175000,185001,17,3,244,149,1,2590.019287109375,173.2623748779297,88.20634460449219,64.36698913574219,48.05033493041992,35.97686004638672,34.81326675415039,26.32400131225586,22.96271324157715,20.80698585510254,19.500837326049805,18.525270462036133,17.747146606445312,16.795944213867188,15.546088218688965,14.790127754211426,12.99017333984375,1098.4132080078125,32.65945816040039,18.144561767578125
180000,190001,17,3,240,152,0,2541.715087890625,158.93264770507812,99.34739685058594,58.705970764160156,48.76755905151367,40.61453628540039,35.1384162902832,31.12276268005371,24.296524047851562,23.85702133178711,20.700401306152344,19.90752410888672,19.091171264648438,18.13755226135254,16.08460235595703,14.186868667602539,13.954975128173828,1063.152099609375,36.07579803466797,20.24871063232422
180000,190001,17,3,240,152,1,2542.6748046875,160.1161651611328,97.53301239013672,61.003116607666016,46.468570709228516,42.58324432373047,34.45233917236328,31.96407127380371,24.7337646484375,23.199871063232422,20.73625373840332,19.868854522705078,18.339815139770508,17.45458221435547,17.172119140625,14.562067985534668,14.058951377868652,1065.15087890625,36.423675537109375,19.08034896850586
185000,195001,17,3,249,155,0,2525.44677734375,182.3842315673828,99.25458526611328,74.71372985839844,58.439754486083984,41.99995803833008,37.134521484375,30.780794143676758,25.47726821899414,24.707529067993164,23.631107330322266,23.310985565185547,22.159311294555664,19.30326271057129,18.73100471496582,16.315122604370117,15.898510932922363,1051.7509765625,44.53443145751953,24.12584114074707
185000,195001,17,3,249,155,1,2528.649658203125,180.3191680908203,99.94731903076172,74.30934143066406,58.598731994628906,42.28550720214844,38.14151382446289,30.844701766967773,26.425281524658203,25.379924774169922,24.41602325439453,20.706724166870117,20.202068328857422,20.025222778320312,17.88119125366211,16.78952407836914,15.43813419342041,1055.02978515625,42.83176803588867,21.19209098815918
190000,200001,17,3,239,157,0,2454.46142578125,190.20355224609375,112.48686218261719,63.842742919921875,51.46450424194336,38.740726470947266,36.649803161621094,32.69282531738281,29.540510177612305,27.49168586730957,24.042882919311523,21.9224853515625,21.15358543395996,20.716981887817383,17.700185775756836,17.46642303466797,15.491235733032227,1027.7403564453125,41.177734375,20.151147842407227
190000,200001,17,3,239,157,1,2462.84814453125,189.76995849609375,110.31204223632812,64.35682678222656,52.640499114990234,38.45571517944336,34.74073791503906,32.28620147705078,28.06993865966797,24.679100036621094,22.87047004699707,21.32318115234375,20.24097442626953,19.020551681518555,17.95130157470703,17.267498016357422,16.913921356201172,1030.6949462890625,41.10513687133789,20.094356536865234
195000,205001,17,3,247,160,0,2519.642822265625,234.0447998046875,110.92724609375,70.26881408691406,54.10149383544922,47.9798583984375,44.17421340942383,35.280845642089844,29.326152801513672,27.227231979370117,25.717294692993164,23.941402435302734,22.749629974365234,22.045949935913086,20.931310653686523,19.509910583496094,17.180477142333984,1057.846435546875,47.16114807128906,22.48617172241211
195000,205001,17,3,247,160,1,2525.735595703125,231.81143188476562,113.34236907958984,71.87423706054688,51.05563735961914,45.03293991088867,42.3927001953125,34.403297424316406,31.078041076660156,29.051177978515625,27.03968048095703,23.779804229736328,23.48318099975586,20.924985885620117,20.208070755004883,19.629457473754883,18.15655517578125,1059.78076171875,44.46636199951172,24.468231201171875
200000,210001,17,3,244,159,0,2610.588134765625,187.6871795654297,108.58544158935547,76.04727935791016,51.55792236328125,40.54238510131836,38.564964294433594,31.736343383789062,28.08565902709961,24.759923934936523,23.063322067260742,21.991554260253906,20.265058517456055,19.57122802734375,18.815778732299805,16.75848388671875,15.80440902709961,1095.360107421875,43.45619201660156,20.5013370513916
200000,210001,17,3,244,159,1,2623.011962890625,183.6763916015625,110.28362274169922,76.02618408203125,50.81279373168945,39.896453857421875,36.9659309387207,34.03886795043945,30.255523681640625,25.64431381225586,22.888782501220703,21.5223388671875,21.010072708129883,19.323293685913086,17.37337303161621,16.735885620117188,16.34678077697754,1099.668701171875,41.080360412597656,23.69022560119629
205000,215001,17,3,243,153,0,2596.573974609375,189.2214813232422,102.27316284179688,70.32295227050781,51.92659378051758,43.40885925292969,33.72354507446289,32.24296951293945,28.59903335571289,28.0371150970459,24.522706985473633,23.435943603515625,22.813756942749023,20.82339096069336,20.050722122192383,17.29306983947754,16.155263900756836,1099.7733154296875,34.1559944152832,24.976430892944336
205000,215001,17,3,243,153,1,2608.01123046875,184.5210418701172,99.1932144165039,68.93474578857422,52.933937072753906,43.18825912475586,35.4681510925293,31.14678192138672,28.59183120727539,25.820329666137695,23.88532257080078,23.023834228515625,22.203821182250977,21.26422882080078,19.689115524291992,18.847484588623047,14.980812072753906,1104.447509765625,35.63210678100586,23.67012596130371
210000,220001,17,3,242,163,0,2534.220947265625,211.9083251953125,119.68891906738281,73.99116516113281,60.351951599121094,43.52278518676758,41.635223388671875,37.721736907958984,32.411197662353516,28.968828201293945,26.889326095581055,25.058349609375,23.293439865112305,22.721939086914062,22.129257202148438,20.349761962890625,18.01553726196289,1063.038818359375,44.01660919189453,22.43140983581543
210000,220001,17,3,242,163,1,2530.784423828125,211.62216186523438,121.86707305908203,71.35155487060547,60.7822265625,43.308929443359375,41.63627243041992,38.457672119140625,33.38462829589844,27.06932258605957,25.63428497314453,24.32603645324707,23.613483428955078,22.39546012878418,20.50304412841797,19.0842227935791,17.04897689819336,1062.2930908203125,45.65351486206055,20.881258010864258
215000,225001,17,3,242,163,0,2580.297119140625,193.56809997558594,97.29246520996094,72.80767059326172,52.97057342529297,42.037353515625,40.210697174072266,31.939395904541016,29.20168113708496,26.301759719848633,25.05838394165039,23.355815887451172,21.245920181274414,20.254060745239258,19.021995544433594,16.872859954833984,15.771801948547363,1077.8387451171875,40.93251037597656,26.770559310913086
215000,225001,17,3,242,163,1,2596.1572265625,197.4520263671875,100.46475982666016,76.47200775146484,52.01063919067383,39.47645950317383,38.271053314208984,33.84101867675781,28.690446853637695,27.461027145385742,23.02481460571289,22.265920639038086,21.315263748168945,19.77210807800293,19.097017288208008,17.6773681640625,17.412084579467773,1084.394287109375,40.983802795410156,25.087541580200195
220000,230001,17,3,247,170,0,2727.716552734375,212.9600372314453,105.33737182617188,69.56534576416016,52.11143493652344,47.11195755004883,41.529014587402344,36.00185012817383,30.0848331451416,28.42558479309082,26.003324508666992,24.2609920501709,22.285320281982422,21.703840255737305,20.735782623291016,19.271411895751953,15.992392539978027,1144.2843017578125,44.80033874511719,24.475738525390625
220000,230001,17,3,247,170,1,2725.4951171875,214.51730346679688,108.60649871826172,68.64739990234375,56.09920883178711,50.17999267578125,39.190921783447266,34.166412353515625,32.370792388916016,27.54648780822754,25.243328094482422,23.88458251953125,22.58553123474121,21.97505760192871,20.431734085083008,17.662199020385742,16.163240432739258,1142.1302490234375,44.17902755737305,23.370269775390625
225000,235001,17,3,250,171,0,2727.27490234375,208.3158721923828,123.48887634277344,78.37853240966797,55.89872360229492,42.71963882446289,37.880943298339844,35.71335983276367,33.525917053222656,31.248767852783203,27.957422256469727,26.624357223510742,23.506380081176758,22.104652404785156,20.95831871032715,18.752965927124023,17.908361434936523,1136.005615234375,44.927886962890625,28.14556121826172
225000,235001,17,3,250,171,1,2727.9990234375,210.91659545898438,123.78125,80.9881362915039,52.550662994384766,41.97294998168945,39.63353729248047,34.90583419799805,33.16413497924805,32.6375732421875,27.86622428894043,24.16360092163086,23.36529541015625,22.83540916442871,21.061969757080078,19.49393081665039,19.037748336791992,1136.822509765625,44.051944732666016,25.076265335083008
230000,240001,17,3,247,176,0,2732.611328125,240.59597778320312,120.70277404785156,76.8534927368164,61.55110168457031,52.93284606933594,47.92251968383789,36.41856384277344,32.869503021240234,30.70176124572754,29.226577758789062,24.19378089904785,23.85642433166504,22.312564849853516,21.34038734436035,20.047704696655273,18.98212432861328,1146.1082763671875,52.00835418701172,24.640626907348633
230000,240001,17,3,247,176,1,2732.53271484375,240.4052276611328,119.06365203857422,82.32006072998047,62.12256622314453,53.781131744384766,46.66472244262695,36.201541900634766,34.94335174560547,29.467416763305664,28.946561813354492,22.805042266845703,22.500701904296875,21.702199935913086,20.386857986450195,18.741554260253906,17.769990921020508,1145.67431640625,53.60109329223633,23.756258010864258
235000,245001,17,3,243,177,0,2806.660888671875,240.98358154296875,150.2791290283203,96.15647888183594,63.19644546508789,52.469703674316406,45.28022003173828,36.720703125,33.9211311340332,32.04152297973633,31.71077537536621,29.54432487487793,25.542421340942383,24.768156051635742,23.051738739013672,21.214038848876953,19.751001358032227,1170.64013671875,56.302635192871094,29.491153717041016
235000,245001,17,3,243,177,1,2807.480224609375,240.10769653320312,151.92666625976562,92.12944030761719,66.87732696533203,55.3190803527832,44.027347564697266,38.50753402709961,35.18928527832031,30.256380081176758,29.989614486694336,29.03598976135254,26.915069580078125,26.208925247192383,23.575092315673828,22.239233016967773,18.80792999267578,1172.8306884765625,49.40816116333008,27.843952178955078
240000,250001,17,3,240,172,0,2798.168701171875,254.64418029785156,139.5224151611328,79.60530090332031,60.80129623413086,51.96541976928711,46.52033615112305,38.03542709350586,35.73671340942383,33.455970764160156,29.61063003540039,28.876020431518555,25.48544692993164,24.688854217529297,23.004150390625,22.32389259338379,20.1114444732666,1165.1246337890625,53.46506881713867,27.25205421447754
240000,250001,17,3,240,172,1,2799.771728515625,254.21910095214844,139.91551208496094,84.31631469726562,62.439334869384766,51.945762634277344,49.46055603027344,38.2003173828125,35.860992431640625,32.71109390258789,29.470088958740234,29.106782913208008,24.066085815429688,22.964445114135742,20.911903381347656,20.366239547729492,18.723543167114258,1168.35498046875,54.737937927246094,25.25856590270996
245000,255001,17,3,245,159,0,2802.296142578125,212.60675048828125,120.18413543701172,74.88406372070312,62.929996490478516,48.531944274902344,44.1755485534668,39.19076156616211,34.8348274230957,33.69419860839844,31.539194107055664,29.582290649414062,27.04059600830078,25.634546279907227,22.635787963867188,21.628116607666016,19.214675903320312,1192.1434326171875,50.48115158081055,29.72455406188965
245000,255001,17,3,245,159,1,2811.44921875,216.8235626220703,119.46422576904297,77.2906265258789,61.48555374145508,52.004905700683594,41.04877471923828,38.90966796875,36.460201263427734,32.148521423339844,29.848894119262695,27.199491500854492,25.49156379699707,24.087406158447266,23.399017333984375,21.28284454345703,19.70536231994629,1198.2835693359375,48.33209991455078,27.000282287597656
250000,260001,17,3,250,174,0,2887.13623046875,232.322509765625,140.16473388671875,92.38233184814453,63.94225311279297,54.62468719482422,50.23381042480469,39.33269500732422,37.77581024169922,33.45119094848633,31.70471954345703,30.9046630859375,25.80434226989746,25.266407012939453,22.579158782958984,20.870407104492188,20.728315353393555,1202.784912109375,53.909915924072266,31.684404373168945
250000,260001,17,3,250,174,1,2885.6962890625,232.21084594726562,140.69541931152344,90.32850646972656,70.23846435546875,56.096797943115234,50.69679260253906,41.52228546142578,34.91270446777344,33.22871398925781,30.930437088012695,27.83896827697754,26.090198516845703,24.761178970336914,22.44247055053711,21.90001106262207,21.644859313964844,1202.9285888671875,60.08308792114258,32.771488189697266
255000,265001,17,3,249,173,0,3166.290283203125,292.11572265625,135.98666381835938,90.30104064941406,68.6591796875,53.03492736816406,50.32805633544922,43.563316345214844,39.94397735595703,34.05082321166992,32.18830490112305,31.406944274902344,30.049333572387695,26.685224533081055,24.937238693237305,23.855501174926758,21.996681213378906,1320.409912109375,55.04345703125,32.53104782104492
255000,265001,17,3,249,173,1,3170.97802734375,290.19244384765625,134.9199676513672,86.97161865234375,68.85198974609375,57.83036422729492,49.866737365722656,47.181705474853516,39.75550079345703,36.591983795166016,30.968994140625,30.261404037475586,29.219364166259766,27.053508758544922,25.30487632751465,23.040525436401367,21.351781845092773,1327.29833984375,56.583534240722656,32.538204193115234
260000,270001,17,3,246,174,0,3194.8740234375,243.62161254882812,122.87147521972656,89.52460479736328,66.49397277832031,53.16063690185547,50.09312057495117,41.525394439697266,38.530235290527344,34.9124755859375,31.00745391845703,29.394357681274414,28.14694595336914,26.915353775024414,25.6166934967041,24.02985191345215,22.347145080566406,1340.68701171875,55.23685836791992,30.515026092529297
260000,270001,17,3,246,174,1,3182.899658203125,242.5957794189453,124.11103057861328,89.08464050292969,63.98666000366211,55.39936828613281,50.07807159423828,42.217159271240234,37.84788513183594,34.84735107421875,33.059547424316406,29.65199851989746,29.19507598876953,27.63532257080078,26.168529510498047,21.4433536529541,21.2207088470459,1332.9686279296875,55.098262786865234,32.03373336791992
265000,275001,17,3,244,177,0,3359.361328125,240.7032012939453,127.82643127441406,96.10763549804688,68.1304702758789,53.90068817138672,47.39667892456055,42.667850494384766,40.05548095703125,36.68471145629883,32.21564483642578,30.32776641845703,29.187164306640625,27.065065383911133,24.38865852355957,22.855478286743164,21.977235794067383,1416.8316650390625,56.1099739074707,31.465349197387695
265000,275001,17,3,244,177,1,3355.679931640625,241.8495635986328,132.56431579589844,98.84552764892578,70.22322845458984,53.823341369628906,47.01523208618164,43.939720153808594,39.51909637451172,35.76889419555664,33.52644729614258,31.233407974243164,28.29363250732422,27.346269607543945,26.177858352661133,23.20501708984375,22.52387809753418,1414.1029052734375,55.04416275024414,28.925012588500977
270000,280001,17,3,247,174,0,3262.1689453125,271.7596130371094,168.8970947265625,94.2879867553711,78.4627914428711,60.97801971435547,52.9072151184082,44.69556427001953,42.53526306152344,40.61690139770508,35.68406677246094,29.944053649902344,28.657787322998047,27.38167953491211,26.388242721557617,23.65053367614746,22.50753402709961,1373.035400390625,53.41107940673828,35.65482711791992
270000,280001,17,3,247,174,1,3262.850341796875,273.61376953125,168.8007049560547,97.03936004638672,79.02379608154297,66.24417877197266,53.1888542175293,43.581512451171875,41.40907287597656,38.47966766357422,34.12797546386719,32.73314666748047,29.650856018066406,28.482282638549805,27.852996826171875,25.48583221435547,22.350372314453125,1372.980712890625,56.7846794128418,35.43040084838867
275000,285001,17,3,251,187,0,3600.72314453125,324.62396240234375,167.76976013183594,115.71241760253906,70.29866027832031,62.34516143798828,56.63990783691406,49.94180679321289,43.84431076049805,41.75052261352539,38.60847854614258,34.39636993408203,33.41368103027344,31.92081069946289,29.96627426147461,29.033300399780273,25.979320526123047,1523.7335205078125,77.49541473388672,38.70587158203125
275000,285001,17,3,251,187,1,3615.803955078125,326.5431823730469,168.92901611328125,112.4659423828125,75.40982055664062,64.4534912109375,56.953548431396484,48.96383285522461,41.093505859375,39.64529800415039,35.34532165527344,34.76446533203125,30.890092849731445,29.016843795776367,27.909269332885742,27.294389724731445,26.20452117919922,1527.0103759765625,80.55048370361328,35.28083038330078
280000,290001,17,3,249,171,0,3674.6005859375,225.849853515625,112.5118637084961,88.88018035888672,75.80763244628906,53.68057632446289,50.942108154296875,42.03297424316406,38.85641860961914,37.66303634643555,36.22263717651367,31.864402770996094,30.83415412902832,28.300365447998047,26.082120895385742,25.403745651245117,24.874372482299805,1566.01220703125,44.088748931884766,31.775182723999023
280000,290001,17,3,249,171,1,3674.85888671875,229.2691192626953,115.34678649902344,88.84333801269531,76.68458557128906,52.64411544799805,50.24335479736328,45.6960334777832,39.35197067260742,36.927040100097656,34.30369567871094,31.819759368896484,29.071470260620117,27.58917236328125,26.355655670166016,25.909517288208008,24.196502685546875,1565.1571044921875,47.55669021606445,30.328256607055664
285000,295001,17,3,247,182,0,3802.571533203125,301.51959228515625,151.81703186035156,102.50292205810547,80.85731506347656,60.449745178222656,50.90382385253906,49.6400032043457,42.593963623046875,40.945560455322266,38.09965133666992,35.35531234741211,33.88549041748047,31.032691955566406,28.771411895751953,27.803911209106445,26.85692596435547,1616.05126953125,52.715614318847656,38.96470260620117
285000,295001,17,3,247,182,1,3815.621337890625,303.7398376464844,157.9857177734375,99.31000518798828,78.38902282714844,64.4718017578125,50.63629913330078,46.21025466918945,43.42445373535156,40.27690505981445,38.278228759765625,36.346580505371094,33.8138313293457,32.55927658081055,28.76186752319336,27.350690841674805,24.76505470275879,1620.708740234375,51.710609436035156,34.12697982788086
290000,300001,17,3,253,185,0,3745.279296875,331.1955871582031,155.73777770996094,109.34258270263672,86.15045928955078,66.51094818115234,59.4735107421875,53.633522033691406,50.33389663696289,46.474029541015625,41.947364807128906,37.627925872802734,33.20779800415039,31.30040168762207,29.880739212036133,27.479103088378906,25.739675521850586,1572.30078125,55.14396286010742,41.027164459228516
290000,300001,17,3,253,185,1,3742.174072265625,331.1175842285156,158.59051513671875,105.8636245727539,81.56754302978516,64.97697448730469,58.06024169921875,54.02045440673828,47.985687255859375,42.242774963378906,40.6256103515625,37.755821228027344,35.63539505004883,33.78826904296875,29.233768463134766,26.7154483795166,26.47382354736328,1573.031005859375,59.95994567871094,39.69798278808594
295000,305001,17,3,244,183,0,4066.565185546875,405.3672180175781,185.47447204589844,121.61598205566406,95.91793060302734,77.36517333984375,67.05728912353516,50.978302001953125,48.22487258911133,46.83798599243164,42.21822738647461,38.67258834838867,36.60680389404297,35.586978912353516,33.23673629760742,29.637977600097656,24.469444274902344,1708.26123046875,75.00305938720703,38.78274917602539
295000,305001,17,3,244,183,1,4062.333251953125,399.40765380859375,184.96629333496094,124.57001495361328,90.36592102050781,76.29693603515625,66.35631561279297,50.187442779541016,49.390113830566406,46.979122161865234,43.93659210205078,39.38581085205078,38.43257522583008,34.46607208251953,33.017417907714844,28.68709373474121,27.40228271484375,1706.852783203125,76.9039306640625,37.768165588378906
300000,310001,17,3,244,184,0,4073.7177734375,373.5577087402344,170.5487518310547,106.12535095214844,90.20144653320312,69.42719268798828,60.62519836425781,51.29644775390625,47.43020248413086,45.49740219116211,41.87807846069336,39.94123840332031,37.338462829589844,33.978179931640625,30.771169662475586,28.882654190063477,26.823225021362305,1740.02197265625,60.54315948486328,39.95112991333008
300000,310001,17,3,244,184,1,4078.010498046875,368.7633056640625,174.69227600097656,101.66665649414062,88.43861389160156,65.71168518066406,57.712547302246094,49.27024459838867,47.16160583496094,43.63238525390625,41.31779861450195,36.93761444091797,35.91117477416992,32.043033599853516,29.90812110900879,28.644916534423828,25.463539123535156,1738.97509765625,66.0654525756836,38.6777229309082
305000,315001,17,3,245,181,0,4460.87158203125,368.3912353515625,187.45938110351562,117.45539855957031,85.7248764038086,66.28878784179688,63.36252212524414,51.472434997558594,46.45420455932617,42.332340240478516,39.833805084228516,38.015037536621094,37.08927536010742,32.82845687866211,32.314369201660156,30.93807601928711,28.80764389038086,1882.4393310546875,63.26321029663086,38.22312545776367
305000,315001,17,3,245,181,1,4459.0419921875,368.1827392578125,188.47491455078125,116.24730682373047,88.5732192993164,60.01176834106445,58.85731506347656,50.85361862182617,41.188209533691406,38.84976577758789,37.251869201660156,35.51326370239258,33.8784294128418,32.23447036743164,30.693655014038086,29.070880889892578,26.55946159362793,1883.114501953125,63.51030349731445,35.63539505004883
310000,320001,17,3,249,193,0,4444.9375,321.09039306640625,174.37655639648438,108.74714660644531,94.64555358886719,77.66746520996094,66.36701202392578,60.9777946472168,52.75062561035156,50.80366134643555,46.02245330810547,44.25093460083008,40.19359588623047,35.49252700805664,33.828590393066406,30.95260238647461,30.056180953979492,1863.29150390625,74.83998107910156,40.806739807128906
310000,320001,17,3,249,193,1,4453.9736328125,317.80902099609375,176.79312133789062,114.02005004882812,99.68224334716797,71.79003143310547,68.11737823486328,61.92264938354492,52.96061706542969,47.008506774902344,43.93009567260742,39.47157287597656,35.78152084350586,35.2056999206543,33.910648345947266,31.779953002929688,29.516735076904297,1867.697021484375,66.6227035522461,38.573974609375
315000,325001,17,3,244,189,0,4741.826171875,371.901611328125,150.4219207763672,117.86038970947266,103.09252166748047,76.02271270751953,64.16650390625,55.90580368041992,49.30637741088867,43.827178955078125,42.50784683227539,41.11470413208008,37.478057861328125,33.97113037109375,33.29078674316406,29.832618713378906,27.11785316467285,1989.0322265625,60.59739303588867,34.29469680786133
315000,325001,17,3,244,189,1,4754.47900390625,374.2694396972656,150.28953552246094,118.76142120361328,98.04658508300781,75.25411224365234,65.7442626953125,55.67328643798828,54.836631774902344,44.98201370239258,43.796974182128906,40.02375411987305,37.590431213378906,36.12340545654297,34.33635711669922,30.190895080566406,27.386486053466797,1993.6881103515625,68.54637908935547,39.18891906738281
320000,330001,17,3,254,189,0,5086.05810546875,414.758056640625,204.08065795898438,123.03963470458984,104.95683288574219,81.78540802001953,71.10928344726562,57.36335372924805,53.92118835449219,48.01850509643555,45.89413833618164,43.37139129638672,40.17643737792969,38.208290100097656,37.03497314453125,33.31243896484375,29.820133209228516,2124.24658203125,89.3411865234375,41.676334381103516
320000,330001,17,3,254,189,1,5053.080078125,417.341552734375,205.03512573242188,126.52037811279297,104.56321716308594,79.41548919677734,70.96302795410156,58.86332702636719,49.89725875854492,47.01652526855469,42.7485237121582,40.74656295776367,39.371978759765625,36.41693878173828,35.38566207885742,33.60560989379883,30.742170333862305,2116.148681640625,82.92711639404297,39.40464782714844
325000,335001,17,3,250,185,0,5240.98974609375,447.47406005859375,178.1083221435547,126.60530853271484,103.85733795166016,74.15973663330078,69.07647705078125,64.97394561767578,59.89015197753906,45.747161865234375,44.295135498046875,43.69948959350586,40.054019927978516,37.016170501708984,34.76243209838867,33.36954116821289,30.565393447875977,2214.90576171875,76.80073547363281,46.47534942626953
325000,335001,17,3,250,185,1,5251.0224609375,455.6730041503906,179.62059020996094,129.9424285888672,99.24624633789062,78.01634216308594,66.52568817138672,63.37718963623047,54.29096603393555,47.2996711730957,45.85636901855469,42.69295120239258,38.96564483642578,37.673030853271484,36.7796630859375,33.400543212890625,31.943052291870117,2219.069580078125,74.39051055908203,39.9312744140625
330000,340001,17,3,244,180,0,5293.70751953125,362.5004577636719,199.12257385253906,126.20308685302734,87.70881652832031,73.70399475097656,62.350738525390625,58.2305793762207,53.84228515625,48.692317962646484,48.1291618347168,41.89057540893555,40.93547439575195,38.33885192871094,36.4317741394043,35.2720947265625,33.2050666809082,2237.78857421875,75.2755355834961,38.70220947265625
330000,340001,17,3,244,180,1,5283.57861328125,369.5373229980469,200.8060760498047,128.87530517578125,89.51226806640625,81.29631042480469,67.51673126220703,59.17261505126953,53.639591217041016,47.50716018676758,44.464900970458984,42.75450134277344,40.43557357788086,37.115028381347656,35.552001953125,33.84920120239258,32.36711883544922,2236.8798828125,73.13011169433594,39.273033142089844
335000,345001,17,3,242,193,0,5329.5732421875,366.3373107910156,175.7425537109375,130.1471710205078,111.2577133178711,85.10740661621094,71.83914947509766,57.21674728393555,51.590858459472656,49.6573371887207,48.37763214111328,42.051876068115234,41.23938751220703,37.11777877807617,35.7528190612793,31.450584411621094,28.937973022460938,2237.90576171875,88.28441619873047,54.29841995239258
335000,345001,17,3,242,193,1,5335.67138671875,359.2041931152344,174.0761260986328,122.69290924072266,115.2010269165039,82.17476654052734,73.16094207763672,58.24433898925781,55.1689338684082,49.59349060058594,47.26884460449219,44.649497985839844,39.97660446166992,38.97781753540039,36.88272476196289,33.13703155517578,30.728761672973633,2235.47265625,74.68953704833984,49.870155334472656
340000,350001,17,3,249,192,0,5435.154296875,374.6168518066406,214.70408630371094,132.94891357421875,104.39491271972656,80.1467514038086,62.786006927490234,58.661895751953125,56.055274963378906,51.147010803222656,45.7409553527832,39.5062255859375,37.00592803955078,35.08789825439453,33.67812728881836,32.6059455871582,28.488229751586914,2278.72607421875,79.38134765625,38.860599517822266
340000,350001,17,3,249,192,1,5427.02490234375,375.6033935546875,205.65313720703125,139.36329650878906,98.49028015136719,86.5538558959961,65.59976196289062,60.43757629394531,53.574275970458984,46.68178939819336,45.07535171508789,43.4844970703125,40.44919204711914,36.13374328613281,35.584449768066406,30.46548080444336,28.250953674316406,2274.66455078125,72.57738494873047,45.09316635131836
345000,355001,17,3,247,177,0,5652.52783203125,361.1810302734375,205.9068603515625,133.1595458984375,104.06925964355469,83.51335906982422,68.28569793701172,63.71944808959961,57.33345031738281,43.31827163696289,42.74336624145508,40.38957214355469,37.87107849121094,36.91031265258789,34.28642272949219,32.05238723754883,29.67057991027832,2363.271484375,86.69979858398438,40.27302551269531
345000,355001,17,3,247,177,1,5655.12451171875,365.2055969238281,206.24420166015625,135.74217224121094,102.03773498535156,80.39179992675781,66.13302612304688,60.66035079956055,55.439353942871094,46.548343658447266,44.126834869384766,41.55876922607422,38.285552978515625,34.257843017578125,32.42329025268555,28.164993286132812,27.05049705505371,2369.70751953125,87.49409484863281,42.518489837646484
350000,360001,17,3,246,188,0,5658.48046875,585.8921508789062,225.254150390625,139.99313354492188,115.32571411132812,94.57984161376953,70.5824203491211,69.9476318359375,63.54330062866211,58.80183410644531,56.448036193847656,51.36298370361328,49.577476501464844,43.68912887573242,41.94170379638672,35.90313720703125,33.65104675292969,2366.958740234375,86.07901000976562,58.49325942993164
350000,360001,17,3,246,188,1,5641.322265625,587.7080688476562,226.7242889404297,139.07180786132812,119.7856674194336,83.38359069824219,80.05013275146484,73.9605941772461,58.43763732910156,56.1240119934082,53.4456901550293,51.46964645385742,46.385643005371094,42.65608596801758,39.77880096435547,36.65975570678711,33.27955627441406,2361.32470703125,89.6439208984375,53.5928955078125
355000,365001,17,3,249,195,0,5994.26025390625,372.7106018066406,192.8521728515625,141.37759399414062,106.27033996582031,86.45742797851562,75.43636322021484,68.87675476074219,65.16030883789062,60.017616271972656,51.72780227661133,45.80909729003906,44.75400924682617,41.26028823852539,40.35023498535156,35.19127655029297,33.77659225463867,2517.45654296875,74.44967651367188,49.51182556152344
355000,365001,17,3,249,195,1,5999.4658203125,388.2196044921875,192.3527069091797,138.9163360595703,105.33421325683594,84.9785385131836,75.55513763427734,69.050048828125,60.81124496459961,58.92466735839844,51.788818359375,48.023319244384766,45.32110595703125,43.57754135131836,39.98154830932617,35.08348846435547,33.99367904663086,2518.237060546875,74.9775390625,55.359779357910156
360000,370001,17,3,245,197,0,6184.12890625,431.19903564453125,192.28347778320312,159.17283630371094,113.13954162597656,88.13477325439453,76.94879913330078,62.530635833740234,55.10430908203125,54.31344223022461,48.09420394897461,46.292335510253906,42.25571823120117,38.01113510131836,35.43303298950195,34.284183502197266,31.996984481811523,2573.994873046875,102.25962829589844,44.701908111572266
360000,370001,17,3,245,197,1,6215.560546875,430.4439697265625,201.08984375,157.3622283935547,114.99756622314453,90.91596221923828,71.49700164794922,66.13619995117188,58.42298126220703,52.21767044067383,50.08367919921875,45.49878692626953,42.27253723144531,39.37861633300781,38.49409103393555,36.3739128112793,30.624149322509766,2586.99072265625,101.9097900390625,46.06795883178711
365000,375001,17,3,249,195,0,6427.7138671875,418.4117431640625,257.1923522949219,160.52610778808594,115.40049743652344,99.17272186279297,84.4848403930664,68.1235122680664,61.58188247680664,55.141807556152344,49.730010986328125,48.54056167602539,46.66682052612305,44.9302864074707,42.19058609008789,40.7478141784668,36.517574310302734,2687.22509765625,91.38731384277344,53.843772888183594
365000,375001,17,3,249,195,1,6424.87158203125,414.7137756347656,260.4419860839844,160.1746826171875,114.47176361083984,86.44721984863281,83.44686889648438,62.72779846191406,61.69200134277344,56.30940246582031,51.030765533447266,49.609092712402344,46.38298034667969,43.72896957397461,41.0012092590332,37.78438186645508,36.88680648803711,2682.655029296875,86.80753326416016,51.849483489990234
370000,380001,17,3,246,191,0,6645.6953125,570.0742797851562,234.63694763183594,177.1875457763672,128.39027404785156,91.25572204589844,88.19660186767578,84.73991394042969,68.47427368164062,63.44020080566406,60.421783447265625,56.936702728271484,50.52539825439453,49.00075912475586,44.23506164550781,41.45256042480469,38.60120391845703,2760.375732421875,99.67335510253906,61.346351623535156
370000,380001,17,3,246,191,1,6609.71142578125,566.9611206054688,235.58863830566406,177.019775390625,131.28103637695312,95.46343231201172,89.8946304321289,79.03424072265625,69.18132781982422,66.40718078613281,60.692665100097656,55.52024841308594,51.71829605102539,48.45760726928711,42.301124572753906,38.4510612487793,37.68836212158203,2738.4873046875,110.77626037597656,68.26461791992188
375000,385001,17,3,250,197,0,6870.703125,559.44287109375,236.16098022460938,200.62388610839844,129.7852325439453,93.01131439208984,83.39860534667969,75.70268249511719,65.54338073730469,63.88963317871094,60.306663513183594,53.29410171508789,50.32119369506836,47.882965087890625,44.60934829711914,43.364105224609375,38.64764404296875,2865.39599609375,145.82192993164062,66.96668243408203
375000,385001,17,3,250,197,1,6882.9248046875,549.803466796875,229.77560424804688,204.12814331054688,128.4405517578125,96.37299346923828,81.212646484375,69.0149154663086,67.30554962158203,64.39935302734375,57.1193733215332,52.08308410644531,50.34088134765625,47.159400939941406,42.375186920166016,41.70387649536133,37.162906646728516,2868.236328125,135.74740600585938,66.85618591308594
380000,390001,17,3,245,195,0,7114.171875,475.5606384277344,188.5218963623047,142.9422607421875,100.46704864501953,84.88763427734375,73.43331909179688,65.2750015258789,62.55885696411133,56.21738815307617,54.05830383300781,48.27542495727539,46.85838317871094,42.151580810546875,41.15833282470703,37.284854888916016,35.3735466003418,2975.410400390625,68.86921691894531,46.591583251953125
380000,390001,17,3,245,195,1,7069.7138671875,476.2845153808594,191.82662963867188,133.4173583984375,105.55232238769531,87.95220947265625,74.6434555053711,66.19132995605469,57.87631607055664,56.742591857910156,53.84705352783203,49.4831657409668,46.980743408203125,45.00333786010742,41.9278564453125,40.67986297607422,35.21466064453125,2962.3017578125,78.60485076904297,48.713531494140625
385000,395001,17,3,249,197,0,7206.20654296875,555.8035888671875,244.69320678710938,150.93592834472656,116.31983184814453,105.92936706542969,77.87517547607422,77.13624572753906,66.96434020996094,65.4456558227539,61.055973052978516,58.02992630004883,56.02778244018555,50.34723663330078,48.77517318725586,43.088111877441406,38.56584548950195,3021.6455078125,93.59456634521484,52.11661911010742
385000,395001,17,3,249,197,1,7232.45556640625,555.4234008789062,249.46002197265625,152.2935791015625,127.66585540771484,91.10372924804688,85.3964614868164,75.61896514892578,68.64434051513672,66.28215026855469,59.52397537231445,53.39224624633789,50.364898681640625,47.071434020996094,43.625850677490234,42.81136703491211,39.51279830932617,3028.719482421875,95.69144439697266,53.09046173095703
390000,400001,17,3,247,195,0,7352.0556640625,614.8060913085938,228.41102600097656,138.6719207763672,117.11384582519531,93.73953247070312,82.40879821777344,72.83619689941406,64.59918975830078,63.20370864868164,54.77980422973633,51.076778411865234,47.92244338989258,46.98257827758789,44.89244079589844,43.41893768310547,36.67189407348633,3087.58544921875,75.60411834716797,52.01871109008789
390000,400001,17,3,247,195,1,7330.931640625,619.5064086914062,223.2975616455078,143.71812438964844,113.23546600341797,95.48655700683594,77.60023498535156,73.19352722167969,63.76109313964844,62.54329299926758,52.36366271972656,50.966922760009766,48.94446563720703,45.61454772949219,44.42868423461914,41.179840087890625,39.55070114135742,3077.59228515625,93.9522476196289,58.03859329223633
395000,405001,17,3,248,204,0,7393.93115234375,656.2655639648438,266.7353820800781,180.23147583007812,136.4351806640625,106.08206176757812,91.53881072998047,81.49363708496094,74.4494400024414,65.10680389404297,61.25959014892578,55.52320861816406,54.051856994628906,52.5449333190918,49.24789810180664,46.8530158996582,40.13052749633789,3133.785888671875,109.35224151611328,58.8499870300293
395000,405001,17,3,248,204,1,7383.5068359375,657.1236572265625,271.0003356933594,183.1952362060547,138.9392852783203,104.50696563720703,86.72300720214844,82.83855438232422,75.37605285644531,68.81961822509766,57.128684997558594,55.380882263183594,53.63644027709961,50.27873992919922,46.69544219970703,43.302940368652344,42.08311462402344,3135.920654296875,104.92726135253906,58.15657043457031
400000,410001,17,3,250,201,0,7680.033203125,606.674072265625,262.0852966308594,166.3791046142578,147.70150756835938,112.09363555908203,86.20613098144531,77.66999053955078,68.6093978881836,63.816070556640625,56.981407165527344,55.90029525756836,50.25667953491211,48.73768615722656,47.1051139831543,44.030330657958984,43.63294982910156,3235.343017578125,114.25641632080078,66.17070007324219
400000,410001,17,3,250,201,1,7686.89453125,611.6294555664062,264.34112548828125,158.73043823242188,147.4827880859375,113.00489807128906,88.17445373535156,76.38045501708984,72.40593719482422,69.83968353271484,59.36677932739258,58.530113220214844,54.775848388671875,48.14080810546875,46.71854019165039,41.70305633544922,39.93855667114258,3236.23828125,102.34078979492188,58.232032775878906
405000,415001,17,3,249,200,0,8198.42578125,652.2251586914062,291.9972229003906,204.4345703125,167.03614807128906,124.96774291992188,96.62025451660156,80.96088409423828,76.5355224609375,74.54484558105469,69.19497680664062,63.93911361694336,60.46871566772461,55.29510498046875,50.59909439086914,49.5692024230957,45.271480560302734,3465.1259765625,109.97949981689453,68.69956970214844
405000,415001,17,3,249,200,1,8169.37158203125,664.1321411132812,304.56097412109375,202.8265380859375,175.96070861816406,124.87936401367188,121.0215835571289,88.92389678955078,81.37185668945312,74.23648834228516,68.45362091064453,64.9945068359375,59.16016387939453,53.10963821411133,48.27772903442383,47.41142272949219,43.47013473510742,3450.65966796875,123.68804168701172,70.52085876464844
410000,420001,17,3,253,198,0,8306.9375,519.5031127929688,301.3665466308594,186.11770629882812,146.70655822753906,102.8033676147461,98.2929458618164,90.76278686523438,76.52234649658203,67.8799819946289,57.82525634765625,56.94143295288086,54.214576721191406,52.99582290649414,45.854434967041016,43.61574172973633,42.41825866699219,3485.5224609375,112.81148529052734,55.36214828491211
410000,420001,17,3,253,198,1,8328.2802734375,533.4561157226562,308.36676025390625,188.60787963867188,140.73313903808594,100.63752746582031,95.0368881225586,89.87989044189453,76.11695098876953,72.85577392578125,60.532012939453125,58.682838439941406,50.03083038330078,48.70786666870117,44.38407897949219,43.602779388427734,41.11051559448242,3492.59814453125,110.09013366699219,54.18903350830078
415000,425001,17,3,247,198,0,8335.6005859375,731.2184448242188,267.8517761230469,181.3518524169922,143.15675354003906,116.50628662109375,108.46119689941406,94.06871795654297,76.31132507324219,70.9566650390625,66.24554443359375,57.03082275390625,52.799259185791016,49.92438888549805,48.55378341674805,47.17377471923828,41.49442672729492,3518.7646484375,90.71879577636719,66.9505844116211
415000,425001,17,3,247,198,1,8351.203125,738.0070190429688,282.0093994140625,196.04690551757812,146.2993927001953,121.72605895996094,104.72795867919922,85.08036041259766,79.95191192626953,73.1534194946289,63.007850646972656,57.76615905761719,56.52952575683594,53.37635803222656,49.26773452758789,47.11686706542969,45.61054229736328,3529.947509765625,97.771240234375,73.03036499023438
420000,430001,17,3,249,198,0,8715.908203125,535.6790161132812,250.22543334960938,159.46485900878906,112.36518859863281,105.22996520996094,92.83985900878906,78.73097229003906,77.19403839111328,64.44422912597656,59.23788833618164,57.207515716552734,54.61237335205078,49.097843170166016,47.3784065246582,42.10054016113281,36.30888366699219,3698.177978515625,87.08951568603516,60.296390533447266
420000,430001,17,3,249,198,1,8716.748046875,530.0420532226562,249.70960998535156,155.65753173828125,114.91194915771484,104.32925415039062,90.85708618164062,80.03215026855469,72.07050323486328,65.19208526611328,59.23520278930664,57.277374267578125,53.91557693481445,47.996273040771484,44.1052131652832,39.8145751953125,34.6525993347168,3694.39111328125,77.69642639160156,58.716243743896484
425000,435001,17,3,245,199,0,8967.4501953125,530.993896484375,277.98468017578125,182.86074829101562,159.91709899902344,109.78875732421875,99.09219360351562,95.04471588134766,72.19136810302734,70.2205581665039,63.67365646362305,58.4649543762207,56.11137390136719,54.56345748901367,51.931434631347656,48.09688186645508,42.768985748291016,3767.855712890625,107.95030975341797,63.04846954345703
425000,435001,17,3,245,199,1,8955.9453125,520.7962036132812,277.8505554199219,176.13865661621094,161.5844268798828,104.10236358642578,94.05062103271484,80.54595947265625,75.2587890625,68.23290252685547,64.55271911621094,58.274600982666016,57.85315704345703,54.33041763305664,49.944602966308594,45.945716857910156,44.00804138183594,3763.037109375,107.0502700805664,60.11174774169922
430000,440001,17,3,249,198,0,9291.919921875,649.135009765625,292.3158264160156,192.3700408935547,149.82449340820312,120.28604888916016,101.03298950195312,84.42424774169922,76.97654724121094,73.46376037597656,61.8404541015625,55.9339485168457,50.20368576049805,46.84133529663086,46.31077575683594,42.465145111083984,38.6343994140625,3906.52294921875,131.20697021484375,63.864837646484375
430000,440001,17,3,249,198,1,9278.3837890625,639.84228515625,294.16400146484375,204.89962768554688,159.4770050048828,116.65452575683594,98.00833892822266,84.4916763305664,83.24707794189453,72.87261962890625,68.53726196289062,59.03639602661133,54.91006851196289,48.39860153198242,46.00010299682617,41.58461380004883,40.073177337646484,3899.990966796875,133.17144775390625,69.25308227539062
435000,445001,17,3,250,195,0,9817.2158203125,414.76214599609375,258.5322570800781,169.0293731689453,130.4146728515625,95.32177734375,89.49600219726562,80.52434539794922,72.49407958984375,63.92792510986328,62.67919921875,58.316036224365234,55.970787048339844,53.08087921142578,49.6903076171875,45.02530288696289,42.43071365356445,4127.02587890625,99.20460510253906,56.59629440307617
435000,445001,17,3,250,195,1,9845.8076171875,414.13055419921875,259.4064636230469,169.80189514160156,139.6145782470703,98.56300354003906,90.02416229248047,84.96723175048828,69.51249694824219,67.9752197265625,61.80882263183594,60.40222930908203,55.75144958496094,52.09111785888672,50.73103713989258,41.906158447265625,40.47019958496094,4139.8056640625,89.08590698242188,57.52150344848633
440000,450001,17,3,248,193,0,9895.76953125,446.85125732421875,233.6161346435547,171.7410888671875,121.51496124267578,99.23773956298828,94.9028549194336,87.20386505126953,79.089111328125,67.90451049804688,66.17317199707031,58.77690887451172,53.27784729003906,52.091590881347656,48.30463790893555,43.84988784790039,40.81684875488281,4155.53271484375,93.94187927246094,63.830833435058594
440000,450001,17,3,248,193,1,9914.4931640625,440.8162841796875,240.6532745361328,153.1487579345703,125.65538024902344,102.89399719238281,90.26817321777344,88.88459014892578,70.39285278320312,67.6794662475586,64.66002655029297,58.42166519165039,55.581932067871094,49.96358871459961,47.05289077758789,42.556400299072266,40.54618835449219,4165.6748046875,93.48497009277344,67.61958312988281
445000,455001,17,3,248,205,0,9944.7841796875,523.1300048828125,265.67083740234375,194.43679809570312,134.61529541015625,109.03482055664062,92.1775131225586,82.70215606689453,69.22808074951172,67.46759033203125,61.83953857421875,55.71797180175781,53.71589279174805,48.722686767578125,45.927608489990234,45.183753967285156,41.7625617980957,4182.28564453125,108.19962310791016,58.97205352783203
445000,455001,17,3,248,205,1,9950.40625,517.1953125,271.2562561035156,191.92025756835938,136.98919677734375,101.64341735839844,95.48944854736328,82.44637298583984,77.59550476074219,69.69647216796875,65.0225601196289,54.57045364379883,49.458290100097656,45.633018493652344,44.877906799316406,40.10810852050781,38.19743347167969,4183.4658203125,108.16880798339844,61.2629280090332
450000,460001,17,3,247,194,0,10326.697265625,640.2991333007812,240.6287384033203,175.05288696289062,147.4294891357422,115.57860565185547,93.21611785888672,85.86429595947266,83.00386047363281,73.40953826904297,65.99234008789062,61.58422088623047,57.585758209228516,53.17770767211914,48.29829025268555,47.046730041503906,38.9027099609375,4351.0478515625,143.55484008789062,62.67509841918945
450000,460001,17,3,247,194,1,10309.2099609375,643.0796508789062,237.37098693847656,186.93943786621094,140.9992218017578,109.31732177734375,102.76374816894531,88.69791412353516,79.39325714111328,71.76495361328125,65.42640686035156,62.68501663208008,59.548240661621094,53.43227005004883,50.66840744018555,45.82062530517578,44.56536102294922,4350.83837890625,134.987060546875,66.57804870605469
455000,465001,17,3,251,203,0,10396.71484375,629.549560546875,364.6526184082031,173.939208984375,163.82504272460938,121.59347534179688,108.36815643310547,98.66678619384766,82.27883911132812,77.78137969970703,68.12762451171875,64.08734893798828,61.93565368652344,54.641395568847656,51.671077728271484,50.773399353027344,45.1336784362793,4379.39111328125,93.89897155761719,56.95554733276367
455000,465001,17,3,251,203,1,10384.8173828125,612.3447875976562,357.9685363769531,177.10391235351562,158.6958465576172,127.88166809082031,109.21310424804688,100.4748764038086,89.45609283447266,75.76788330078125,70.09532928466797,64.60138702392578,61.071533203125,53.95010757446289,49.2952995300293,46.826663970947266,43.466949462890625,4373.59228515625,97.6924057006836,49.68413162231445
460000,470001,17,3,251,204,0,10246.154296875,554.9061889648438,320.05218505859375,176.27276611328125,144.64495849609375,108.17316436767578,96.21537017822266,84.8196029663086,77.02594757080078,71.29566192626953,66.28076171875,61.66923141479492,59.53200912475586,54.799339294433594,49.5337028503418,44.002986907958984,36.69568634033203,4275.55908203125,126.0504150390625,84.0141372680664
460000,470001,17,3,251,204,1,10237.625,556.3388671875,323.4896545410156,172.9776153564453,151.60977172851562,113.05477142333984,86.89421081542969,83.98431396484375,79.65311431884766,72.02401733398438,63.3413200378418,58.26804733276367,53.42533493041992,47.581565856933594,46.058311462402344,44.4029541015625,40.38325881958008,4276.70458984375,101.40460968017578,66.1291275024414
465000,475001,17,3,250,201,0,10676.3994140625,700.1883544921875,225.6855926513672,195.81639099121094,143.64764404296875,115.28284454345703,92.58317565917969,84.76319885253906,77.54535675048828,66.69511413574219,61.236724853515625,57.89793014526367,53.607460021972656,50.755470275878906,48.894100189208984,47.61604690551758,41.40217590332031,4462.5888671875,117.69864654541016,65.22885131835938
465000,475001,17,3,250,201,1,10684.41015625,717.8958129882812,238.94105529785156,207.17027282714844,133.08087158203125,114.32982635498047,98.56185150146484,86.25209045410156,77.23481750488281,70.6115493774414,63.90986251831055,58.918033599853516,55.97433090209961,51.46101379394531,47.86128234863281,43.983299255371094,40.234100341796875,4461.50341796875,109.6496810913086,67.68872833251953
470000,480001,17,3,252,204,0,11080.861328125,619.4287719726562,325.2547607421875,178.62171936035156,139.15789794921875,105.6495590209961,97.16600036621094,90.89862823486328,83.77304077148438,72.61512756347656,71.75697326660156,66.0595932006836,59.674163818359375,56.87328338623047,52.22434997558594,47.318321228027344,43.58167266845703,4673.20751953125,88.7708511352539,53.00270080566406
470000,480001,17,3,252,204,1,11083.6865234375,621.2020263671875,332.92095947265625,187.7398681640625,143.64610290527344,102.97985076904297,93.56134796142578,90.54442596435547,78.73845672607422,68.31554412841797,65.45384216308594,60.01118087768555,56.8055305480957,51.11311340332031,48.626976013183594,46.4689826965332,45.081443786621094,4670.98583984375,94.53080749511719,57.83967590332031
475000,485001,17,3,249,198,0,11279.2158203125,758.9422607421875,303.67510986328125,194.1643829345703,147.60987854003906,104.30931854248047,89.53205108642578,75.61455535888672,72.52469635009766,67.95745849609375,63.64195251464844,59.48819351196289,57.427799224853516,53.351905822753906,51.68255615234375,48.712589263916016,46.618614196777344,4744.31787109375,140.77130126953125,64.34703826904297
475000,485001,17,3,249,198,1,11273.8935546875,767.5462036132812,303.5043029785156,190.7059326171875,143.23751831054688,104.34815216064453,92.8798828125,90.47773742675781,71.79426574707031,69.70226287841797,65.64044189453125,60.619014739990234,58.26848602294922,50.12134552001953,43.16753387451172,42.136104583740234,40.74785614013672,4739.49951171875,140.97265625,64.1167221069336
480000,490001,17,3,242,200,0,10980.009765625,615.5130615234375,268.4001770019531,211.70193481445312,140.7137451171875,117.390625,96.2731704711914,87.11569213867188,78.46247863769531,70.18247985839844,65.50980377197266,62.00617599487305,57.31382369995117,53.7575569152832,52.861839294433594,48.633636474609375,46.560943603515625,4602.96728515625,104.57228088378906,63.72975158691406
480000,490001,17,3,242,200,1,10985.4580078125,615.2581176757812,262.5745849609375,214.06497192382812,157.7802734375,125.35163116455078,96.1707992553711,78.42750549316406,74.38459777832031,70.74259185791016,68.5867919921875,62.89085388183594,57.112701416015625,54.01077651977539,51.92582702636719,48.285274505615234,45.16830062866211,4600.57763671875,111.67684936523438,67.81462097167969
485000,495001,17,3,251,208,0,11684.5068359375,607.7552490234375,298.8195495605469,224.02529907226562,145.20428466796875,122.63782501220703,111.7364501953125,92.44953918457031,79.51801300048828,75.638916015625,69.66482543945312,66.98939514160156,65.18338012695312,59.47077941894531,54.03176498413086,50.5556526184082,46.77736282348633,4924.02197265625,130.37091064453125,71.5066909790039
485000,495001,17,3,251,208,1,11671.3564453125,614.1168212890625,296.85296630859375,225.76388549804688,144.65692138671875,112.73214721679688,108.17218017578125,96.81556701660156,80.42379760742188,71.27265167236328,67.44336700439453,63.25971603393555,57.738006591796875,56.63081741333008,46.15660858154297,44.19746398925781,40.099647521972656,4918.8818359375,140.60215759277344,78.28214263916016
490000,500001,17,3,250,207,0,11843.7392578125,565.56689453125,303.0176086425781,196.7932586669922,143.3239288330078,101.23301696777344,89.5552749633789,86.14940643310547,74.76467895507812,71.00098419189453,64.10547637939453,62.060768127441406,58.154876708984375,52.054962158203125,50.21681594848633,47.31926727294922,37.17292404174805,4977.78955078125,87.00972747802734,57.93324661254883
490000,500001,17,3,250,207,1,11846.08984375,549.0933227539062,292.56219482421875,191.7135009765625,144.16058349609375,105.77295684814453,87.57064819335938,85.82452392578125,75.23890686035156,71.11209869384766,67.90145874023438,60.89310836791992,57.38413619995117,52.79874038696289,49.80133056640625,48.66806411743164,42.16579055786133,4979.7685546875,88.1304931640625,51.21208953857422
495000,505001,17,3,246,202,0,12002.10546875,623.649658203125,275.937744140625,180.32154846191406,144.86541748046875,131.3941192626953,101.87808990478516,100.33617401123047,82.84613037109375,74.91183471679688,68.09132385253906,62.71342086791992,61.44871520996094,52.936485290527344,49.15836715698242,47.01774215698242,43.73249816894531,5056.9384765625,97.54920959472656,57.94617462158203
495000,505001,17,3,246,202,1,12015.8173828125,624.1652221679688,274.0825500488281,173.003173828125,149.01211547851562,128.87757873535156,105.73300170898438,98.59699249267578,78.31094360351562,75.09357452392578,72.23344421386719,63.836063385009766,62.08794021606445,56.7609977722168,51.59720230102539,43.570621490478516,40.137943267822266,5059.9833984375,119.78849792480469,70.02336120605469
500000,510001,17,3,250,211,0,12219.7001953125,514.9500732421875,328.17010498046875,213.72787475585938,138.72799682617188,120.88584899902344,95.96076202392578,90.82179260253906,77.91980743408203,73.29236602783203,70.19389343261719,64.2242431640625,63.128326416015625,57.0788688659668,54.68169403076172,50.51422119140625,43.01262283325195,5117.17431640625,113.91504669189453,73.80203247070312
500000,510001,17,3,250,211,1,12291.1650390625,524.4378051757812,332.7149963378906,222.7064971923828,140.53128051757812,123.99739837646484,100.187255859375,91.57986450195312,88.42391967773438,76.320068359375,73.04672241210938,64.18647766113281,58.389461517333984,55.68486785888672,52.1566047668457,49.940093994140625,43.25184631347656,5140.3759765625,106.8216781616211,61.719947814941406
505000,515001,17,3,252,207,0,12287.431640625,804.6270141601562,323.79205322265625,215.83572387695312,163.08351135253906,123.04075622558594,107.87201690673828,88.30113220214844,74.39517974853516,71.1607894897461,66.41336822509766,62.19284439086914,61.298946380615234,57.97715759277344,53.612857818603516,50.10099411010742,47.05366134643555,5130.58935546875,131.07797241210938,61.54713439941406
505000,515001,17,3,252,207,1,12317.57421875,806.6449584960938,339.9011535644531,219.30259704589844,164.21572875976562,137.14109802246094,104.88391876220703,84.72462463378906,81.38587951660156,72.27313995361328,66.35990905761719,63.83608627319336,60.73002624511719,56.787872314453125,54.69849395751953,51.160179138183594,48.06721496582031,5146.8505859375,137.11630249023438,68.08625030517578
510000,520001,17,3,249,204,0,12338.185546875,563.8005981445312,261.5564270019531,165.92050170898438,148.66455078125,123.80398559570312,100.1048355102539,88.60563659667969,78.91600799560547,71.0471420288086,69.09391021728516,65.27469635009766,58.340171813964844,56.412841796875,52.280487060546875,50.136356353759766,45.775638580322266,5175.22314453125,127.2286148071289,55.05901336669922
510000,520001,17,3,249,204,1,12312.9619140625,559.0012817382812,263.6524353027344,170.0006561279297,131.29684448242188,119.96292877197266,102.62642669677734,87.59334564208984,74.8682861328125,72.12374877929688,68.17621612548828,56.49656677246094,55.599266052246094,51.25856399536133,45.41115951538086,43.427734375,40.506126403808594,5158.4052734375,114.03519439697266,52.55089569091797
515000,525001,17,3,251,194,0,12385.3173828125,516.5867919921875,344.3806457519531,188.50924682617188,128.67642211914062,119.55107879638672,95.7603759765625,79.40869140625,71.0062255859375,65.77445983886719,61.04273986816406,59.94599533081055,53.21745681762695,48.112953186035156,47.70423889160156,44.750221252441406,41.4786376953125,5201.98974609375,98.96339416503906,68.74713897705078
515000,525001,17,3,251,194,1,12384.275390625,514.7793579101562,341.1036071777344,179.11033630371094,145.63841247558594,116.97785949707031,98.95880889892578,76.52067565917969,74.30887603759766,65.60106658935547,62.94112014770508,58.52225112915039,57.84386444091797,50.44352340698242,48.341094970703125,47.53677749633789,44.397769927978516,5198.4443359375,119.31719207763672,59.003562927246094
520000,530001,17,3,251,218,0,12469.376953125,742.6995239257812,355.4667053222656,233.88543701171875,186.29815673828125,138.0357208251953,119.19770050048828,95.4794921875,84.51752471923828,81.72981262207031,72.61859130859375,68.11587524414062,67.52088928222656,60.54475021362305,56.83736801147461,53.48252868652344,50.233036041259766,5206.5439453125,155.6981201171875,87.46234893798828
520000,530001,17,3,251,218,1,12456.533203125,732.951171875,343.38092041015625,240.89854431152344,177.97769165039062,139.8186798095703,109.82438659667969,92.42951965332031,89.33059692382812,77.34869384765625,72.71063232421875,69.2887191772461,68.23069763183594,65.19672393798828,60.841880798339844,55.591548919677734,49.2651481628418,5198.1416015625,147.40972900390625,72.78910827636719
525000,535001,17,3,249,202,0,12274.5244140625,1045.05615234375,377.8678894042969,202.74974060058594,179.06394958496094,139.3549041748047,129.74246215820312,106.21758270263672,96.34200286865234,86.21031951904297,83.12142944335938,76.62565612792969,66.95561218261719,65.55645751953125,61.363216400146484,53.37605667114258,43.9603271484375,5175.376953125,134.539306640625,79.1943359375
525000,535001,17,3,249,202,1,12264.2802734375,1021.3093872070312,372.0125427246094,210.47286987304688,174.12454223632812,132.4136962890625,115.0331039428711,110.61946868896484,91.94798278808594,81.4817123413086,74.55399322509766,72.93012237548828,64.03697967529297,59.2000617980957,58.17983627319336,51.96083450317383,49.508079528808594,5166.830078125,122.5309829711914,70.8980941772461
530000,540001,17,3,249,217,0,12978.1064453125,741.3067016601562,288.7403869628906,197.9897003173828,156.11520385742188,120.74590301513672,98.34159851074219,87.15457916259766,84.79388427734375,77.39564514160156,72.29978942871094,64.63182830810547,60.67612838745117,58.65120315551758,53.51680374145508,49.89124298095703,46.1605110168457,5439.1044921875,98.7971420288086,72.02694702148438
530000,540001,17,3,249,217,1,12977.3935546875,733.7807006835938,288.1353454589844,188.6117706298828,141.59022521972656,107.43379211425781,99.59745788574219,88.27519226074219,82.88038635253906,70.92961120605469,68.4338150024414,62.607887268066406,59.42144012451172,56.50547790527344,53.55575180053711,48.77732467651367,45.614227294921875,5434.97021484375,92.87616729736328,69.15389251708984
535000,545001,17,3,249,215,0,13137.02734375,588.9111938476562,245.1355743408203,187.16029357910156,121.63687133789062,106.88845825195312,101.40618896484375,86.57377624511719,78.47844696044922,66.01483917236328,60.842864990234375,57.84930419921875,51.31150436401367,49.552974700927734,46.95962142944336,44.98678207397461,40.1654052734375,5561.66943359375,101.21163940429688,51.6848030090332
535000,545001,17,3,249,215,1,13178.609375,583.7067260742188,244.99798583984375,197.24159240722656,119.60419464111328,104.69927215576172,99.36106872558594,83.52021026611328,78.40572357177734,76.40628814697266,63.804901123046875,60.02817916870117,55.383426666259766,53.61740493774414,47.63896942138672,42.018531799316406,39.375701904296875,5582.853515625,102.07424926757812,64.68358612060547
540000,550001,17,3,250,214,0,12655.615234375,659.0648193359375,319.4491882324219,224.46974182128906,168.75018310546875,142.74493408203125,124.96250915527344,101.45829010009766,94.42013549804688,90.02051544189453,74.90098571777344,69.97038269042969,65.00324249267578,63.1770133972168,59.58553695678711,54.7292366027832,52.75375747680664,5311.8623046875,177.82211303710938,80.1785888671875
540000,550001,17,3,250,214,1,12679.748046875,681.6930541992188,328.0131530761719,227.04945373535156,168.46876525878906,144.1313934326172,122.56082153320312,110.7746353149414,91.6700210571289,83.1559829711914,78.21334075927734,65.97766876220703,64.65432739257812,60.53057861328125,56.202415466308594,54.98472595214844,44.1248893737793,5320.3232421875,167.54586791992188,88.67861938476562
545000,555001,17,3,250,204,0,13053.9697265625,765.567138671875,331.9322204589844,241.47189331054688,210.28390502929688,147.4898223876953,124.39094543457031,111.8871841430664,94.20758056640625,81.05856323242188,72.62504577636719,68.3077392578125,61.19084167480469,59.510066986083984,56.556209564208984,49.489566802978516,47.372161865234375,5496.55859375,139.52574157714844,65.21527862548828
545000,555001,17,3,250,204,1,13047.146484375,773.3382568359375,322.2115478515625,237.05450439453125,202.26519775390625,144.03555297851562,128.3662872314453,104.45587921142578,85.16344451904297,82.85628509521484,73.01683807373047,67.56259155273438,61.479793548583984,55.44384002685547,54.039154052734375,49.491573333740234,46.65018081665039,5488.32861328125,132.5019989013672,60.83443069458008
550000,560001,17,3,246,200,0,12933.0498046875,572.0812377929688,240.02276611328125,174.9897918701172,127.13145446777344,111.25281524658203,91.35987854003906,82.32986450195312,70.56732940673828,65.38046264648438,61.03630447387695,56.77497863769531,52.397010803222656,49.388919830322266,46.47439193725586,44.2557487487793,39.38776779174805,5464.70947265625,94.0758056640625,54.04734420776367
550000,560001,17,3,246,200,1,12932.5693359375,593.511474609375,239.33065795898438,170.7552032470703,123.7044677734375,105.42747497558594,85.51879119873047,75.69627380371094,72.23841857910156,66.79580688476562,64.85895538330078,58.759151458740234,52.85188293457031,51.585838317871094,49.22463607788086,46.81804656982422,43.09889221191406,5467.5703125,95.28611755371094,62.164371490478516
555000,565001,17,3,250,205,0,13118.015625,944.422607421875,275.4151916503906,197.41250610351562,146.9196014404297,120.55428314208984,110.53474426269531,85.63933563232422,81.37425994873047,72.6568374633789,69.19255065917969,63.1667594909668,59.887516021728516,52.63922119140625,49.55983352661133,47.24362564086914,42.34428024291992,5538.99560546875,124.91436767578125,65.62615966796875
555000,565001,17,3,250,205,1,13095.78515625,947.3177490234375,274.4400634765625,195.75624084472656,145.5540771484375,120.6716079711914,109.77220153808594,93.88031005859375,74.49168395996094,72.93936920166016,66.837158203125,62.570125579833984,55.87992477416992,53.37958908081055,48.58941650390625,45.70350646972656,41.939979553222656,5529.783203125,116.05154418945312,63.232173919677734
560000,570001,17,3,251,219,0,13306.6513671875,568.5392456054688,364.1768493652344,223.60313415527344,157.25355529785156,147.34326171875,117.38780212402344,100.26014709472656,89.86618041992188,81.5214614868164,79.32260131835938,73.40389251708984,66.87041473388672,61.37618637084961,56.152687072753906,53.03603744506836,47.05477523803711,5533.123046875,129.11190795898438,75.7369384765625
560000,570001,17,3,251,219,1,13310.958984375,560.1817016601562,347.5487365722656,209.04556274414062,166.98287963867188,149.75570678710938,132.92666625976562,113.38078308105469,94.37059020996094,81.5171890258789,77.60784912109375,71.37821960449219,65.75170135498047,61.777618408203125,53.214942932128906,50.66252899169922,46.33828353881836,5530.3291015625,135.82614135742188,84.13410949707031
565000,575001,17,3,249,208,0,13359.056640625,689.85009765625,327.91668701171875,219.43785095214844,147.34829711914062,136.96591186523438,116.53559875488281,108.91122436523438,81.09169006347656,78.18346405029297,75.25830841064453,66.89459228515625,64.14453125,55.17176055908203,50.18485641479492,49.304443359375,45.417457580566406,5600.53759765625,165.34068298339844,84.23482513427734
565000,575001,17,3,249,208,1,13309.265625,691.9517822265625,336.25103759765625,212.4681396484375,154.8863983154297,133.062744140625,115.62822723388672,105.06627655029297,87.5419921875,85.50225830078125,78.43085479736328,67.86152648925781,62.05936050415039,59.86482238769531,51.108585357666016,47.20765686035156,45.61322021484375,5582.34326171875,157.32398986816406,80.39472198486328
570000,580001,17,3,245,212,0,13702.3291015625,782.2286376953125,389.3191223144531,271.38714599609375,164.5387725830078,134.41290283203125,107.80998229980469,92.66594696044922,81.08331298828125,78.4687728881836,74.79779815673828,70.89952850341797,63.987247467041016,63.007957458496094,61.05887985229492,54.373260498046875,47.30941390991211,5781.09228515625,228.8335723876953,83.27816009521484
570000,580001,17,3,245,212,1,13705.7578125,786.7579956054688,392.8856506347656,272.5019226074219,160.67221069335938,142.93234252929688,117.14478302001953,93.68293762207031,83.42325592041016,76.4847640991211,75.44265747070312,71.52610778808594,63.32742691040039,59.81564712524414,56.084312438964844,49.0291633605957,44.500213623046875,5787.50732421875,232.94821166992188,80.68391418457031
575000,585001,17,3,251,215,0,13508.4326171875,772.403076171875,376.232666015625,237.3284149169922,176.0982208251953,123.54700469970703,99.7271499633789,94.11066436767578,76.1565933227539,70.68372344970703,65.78612518310547,64.0141830444336,60.127288818359375,56.253108978271484,54.644691467285156,48.25668716430664,42.0897216796875,5683.076171875,141.07554626464844,65.75392150878906
575000,585001,17,3,251,215,1,13507.8818359375,761.067138671875,372.5063781738281,212.83734130859375,175.22958374023438,128.84349060058594,96.9261245727539,94.64570617675781,82.90847778320312,77.3349609375,71.9704818725586,65.73624420166016,58.65634536743164,55.97236633300781,47.34517288208008,46.56640625,41.99931716918945,5677.55517578125,154.63015747070312,63.741455078125
580000,590001,17,3,250,207,0,14039.07421875,647.0745849609375,355.89794921875,222.77639770507812,157.8416748046875,106.99147033691406,100.1416244506836,83.26847839355469,82.09394073486328,71.26252746582031,68.63419342041016,63.17432403564453,57.03411865234375,54.38715362548828,52.35550308227539,49.41001892089844,42.32453918457031,5894.66064453125,185.28448486328125,69.33268737792969
580000,590001,17,3,250,207,1,14032.634765625,625.601318359375,347.9670715332031,216.3663330078125,147.77581787109375,105.57659149169922,93.08415985107422,80.1203842163086,76.77239990234375,69.19428253173828,62.43911361694336,59.49342346191406,58.94093704223633,51.54562759399414,48.728511810302734,46.2318000793457,40.43973159790039,5894.2548828125,199.15292358398438,68.0801010131836
585000,595001,17,3,245,201,0,13675.1640625,704.6083984375,369.94677734375,205.75225830078125,150.6666259765625,119.91664123535156,107.3792495727539,100.59870147705078,96.52015686035156,76.73590087890625,72.2703857421875,69.8765869140625,64.18159484863281,59.45494842529297,56.65911102294922,51.561737060546875,46.548091888427734,5723.1884765625,111.27580261230469,84.55149841308594
585000,595001,17,3,245,201,1,13677.31640625,718.3565673828125,375.4292907714844,210.42884826660156,156.60560607910156,127.2669448852539,112.34028625488281,95.83113861083984,86.85584259033203,75.77308654785156,66.80744171142578,64.67229461669922,60.46154022216797,56.53896713256836,55.370506286621094,51.44670104980469,46.4872932434082,5734.86767578125,114.79627227783203,78.63977813720703
590000,600001,17,3,247,211,0,13633.662109375,827.4965209960938,297.18402099609375,211.9272003173828,144.6673126220703,135.69688415527344,115.46869659423828,106.24201965332031,80.92396545410156,78.05042266845703,72.92111206054688,69.18112182617188,59.612396240234375,57.180442810058594,55.72530746459961,50.72759246826172,47.07917404174805,5762.708984375,135.65733337402344,80.94075775146484
590000,600001,17,3,247,211,1,13623.3154296875,845.1464233398438,304.0052490234375,218.94566345214844,155.0274200439453,140.9650421142578,116.20636749267578,101.22846984863281,87.72338104248047,86.29692840576172,70.88761138916016,68.1993408203125,63.3639030456543,58.59675598144531,57.36451721191406,48.858760833740234,45.23579025268555,5763.3876953125,152.1017608642578,91.12496948242188
595000,605001,17,3,249,216,0,14492.0322265625,595.4717407226562,262.3345642089844,218.68695068359375,139.97312927246094,119.2237548828125,92.03218078613281,90.7097396850586,77.21621704101562,70.84793853759766,68.52641296386719,64.98748779296875,60.960693359375,57.97535705566406,53.25474548339844,49.28744125366211,46.68318557739258,6094.9736328125,121.72039031982422,61.72271728515625
595000,605001,17,3,249,216,1,14480.5185546875,591.5989379882812,261.0487060546875,221.0019989013672,142.75634765625,121.60628509521484,100.08964538574219,82.05622863769531,81.0386962890625,75.403564453125,69.28889465332031,64.76026153564453,55.97453689575195,54.494110107421875,52.42652130126953,46.5459098815918,45.763423919677734,6088.74853515625,117.06639862060547,58.870094299316406
600000,610001,17,3,248,215,0,13885.5361328125,618.0681762695312,340.1040344238281,210.78085327148438,163.18963623046875,113.21004486083984,99.49212646484375,86.84429168701172,78.89531707763672,68.96365356445312,65.86846923828125,64.2029800415039,61.38722229003906,56.69915008544922,46.5157470703125,46.23632049560547,43.33626174926758,5842.74853515625,112.80780029296875,58.95781326293945
600000,610001,17,3,248,215,1,13843.1259765625,600.5327758789062,347.8565979003906,199.16159057617188,173.87802124023438,108.2874984741211,94.21170043945312,84.1137466430664,74.84770202636719,72.42388916015625,64.34586334228516,60.67301559448242,58.525543212890625,52.271080017089844,50.48194122314453,47.627620697021484,42.32822799682617,5829.59033203125,107.73596954345703,53.928287506103516
605000,615001,17,3,248,212,0,14148.7724609375,609.2676391601562,349.1819763183594,248.7257537841797,164.8920440673828,132.5272674560547,110.61231994628906,99.00677490234375,90.45220184326172,81.97313690185547,73.34205627441406,68.36787414550781,62.48931121826172,57.64548110961914,53.26026916503906,49.16837692260742,43.92975997924805,5949.61669921875,118.14702606201172,59.22431564331055
605000,615001,17,3,248,212,1,14165.3232421875,612.8380126953125,356.7656555175781,240.7857666015625,152.74642944335938,141.61358642578125,127.40992736816406,94.73960876464844,89.00841522216797,83.20497131347656,72.91703796386719,66.78498077392578,62.73582077026367,57.482120513916016,55.91557312011719,50.020320892333984,48.1100959777832,5952.87255859375,108.86394500732422,66.63895416259766
610000,620001,17,3,246,210,0,14147.232421875,764.597412109375,417.2003479003906,220.4746551513672,160.40908813476562,128.55740356445312,106.76226043701172,89.77499389648438,83.33406066894531,78.24285888671875,73.12521362304688,64.99995422363281,63.06553268432617,55.850242614746094,53.06561279296875,48.82830047607422,43.300575256347656,5949.23486328125,129.9279022216797,78.74205780029297
610000,620001,17,3,246,210,1,14177.8125,771.7158813476562,411.56439208984375,215.67608642578125,168.42288208007812,144.17922973632812,115.58548736572266,93.84696197509766,91.73171997070312,83.7865219116211,80.57080841064453,71.90675354003906,63.00389862060547,56.384307861328125,54.49765396118164,52.922386169433594,45.52153396606445,5971.0849609375,133.67724609375,73.89674377441406
615000,625001,17,3,250,208,0,14133.8671875,560.1572875976562,322.07476806640625,207.20614624023438,150.5936279296875,132.56817626953125,115.22205352783203,101.34870147705078,88.22472381591797,84.94353485107422,79.97441101074219,74.1964111328125,70.42191314697266,63.78378677368164,62.335174560546875,58.1239013671875,52.64181137084961,5951.46630859375,153.9652099609375,79.31877136230469
615000,625001,17,3,250,208,1,14115.884765625,559.6817626953125,318.6919860839844,210.74169921875,148.8780059814453,129.4861297607422,111.77119445800781,95.3968505859375,90.66069793701172,87.46395874023438,76.78446197509766,75.63644409179688,69.42220306396484,64.13275146484375,59.55500030517578,52.68312454223633,51.03200149536133,5940.294921875,138.96165466308594,84.85004425048828
620000,630001,17,3,252,217,0,14437.392578125,773.6666259765625,339.0154724121094,248.53860473632812,186.64035034179688,144.49807739257812,129.98843383789062,112.95758819580078,95.20155334472656,80.09033966064453,76.51559448242188,75.92820739746094,71.00616455078125,67.3828353881836,62.91520690917969,59.05192184448242,53.6620979309082,6020.853515625,127.01775360107422,87.96339416503906
620000,630001,17,3,252,217,1,14464.203125,762.639404296875,316.57037353515625,231.75735473632812,189.55145263671875,138.2535858154297,123.95105743408203,110.72045135498047,101.74130249023438,87.64846801757812,83.10981750488281,75.07003784179688,68.41021728515625,64.5975570678711,63.25307083129883,56.791648864746094,53.605873107910156,6037.60009765625,120.8897933959961,84.7398452758789
625000,635001,17,3,247,215,0,14476.705078125,878.0569458007812,430.48480224609375,260.6538391113281,185.41709899902344,152.82089233398438,125.96515655517578,102.42265319824219,87.90455627441406,79.30652618408203,70.75035095214844,68.21387481689453,63.174659729003906,59.87343215942383,55.26952362060547,54.01228332519531,45.85901641845703,6061.6982421875,214.04183959960938,87.33708190917969
625000,635001,17,3,247,215,1,14458.86328125,899.4312133789062,444.51983642578125,250.44888305664062,182.93536376953125,145.86007690429688,127.61214447021484,107.1963882446289,91.26412200927734,78.00523376464844,74.46025085449219,71.79949188232422,62.32933044433594,54.88740921020508,53.80515670776367,50.529354095458984,45.92871856689453,6058.8837890625,189.79261779785156,95.42511749267578
630000,640001,17,3,248,212,0,14986.60546875,733.0217895507812,342.6309814453125,216.8569793701172,159.06802368164062,132.1243896484375,116.1115493774414,97.4854507446289,81.11526489257812,77.03385925292969,72.4194107055664,66.08333587646484,61.831268310546875,59.750282287597656,56.21461486816406,52.30178451538086,50.660926818847656,6302.55078125,119.76856231689453,67.19383239746094
630000,640001,17,3,248,212,1,14999.0146484375,719.7110595703125,334.7781982421875,220.86512756347656,175.23590087890625,130.53945922851562,119.70887756347656,104.26365661621094,83.31696319580078,78.8548812866211,74.75379943847656,72.21260833740234,60.46733856201172,59.86349105834961,52.434940338134766,50.34339904785156,46.58667755126953,6304.44091796875,123.74755096435547,79.97280883789062
635000,645001,17,3,248,215,0,15027.0546875,661.411865234375,316.6397705078125,208.76524353027344,163.1355438232422,120.15853118896484,110.3542251586914,95.95621490478516,88.890625,74.24744415283203,72.72108459472656,66.72447967529297,63.2451057434082,59.497440338134766,56.20371627807617,47.60672378540039,43.4329948425293,6319.9423828125,123.66767120361328,72.14214324951172
635000,645001,17,3,248,215,1,15022.8173828125,662.3099365234375,317.04779052734375,213.53233337402344,153.2602081298828,110.91046142578125,99.01712799072266,94.34123992919922,82.02738189697266,72.52434539794922,65.52094268798828,64.18392944335938,58.908363342285156,58.278968811035156,52.215335845947266,48.07791519165039,42.58254623413086,6319.20263671875,111.57359313964844,66.31105041503906
640000,650001,17,3,246,213,0,14967.20703125,1061.6141357421875,448.29779052734375,237.4777374267578,197.6082763671875,162.1058349609375,151.92616271972656,103.7175521850586,90.9999771118164,83.67388153076172,75.63661193847656,71.76847839355469,69.49082946777344,67.10309600830078,59.914119720458984,58.91255569458008,49.416526794433594,6287.62255859375,147.8981170654297,81.47860717773438
640000,650001,17,3,246,213,1,14928.5712890625,1038.165283203125,458.967529296875,265.1805419921875,192.10073852539062,170.96974182128906,153.19590759277344,112.27717590332031,104.36499786376953,90.23533630371094,82.34506225585938,75.9550552368164,72.53421020507812,67.27999114990234,62.9847297668457,57.97027587890625,55.46538162231445,6269.55517578125,153.7778778076172,72.49994659423828
645000,655001,17,3,250,215,0,14936.9345703125,682.1159057617188,320.1718444824219,239.21519470214844,166.93673706054688,133.08143615722656,114.52688598632812,103.85501861572266,98.62206268310547,86.59684753417969,76.92060852050781,69.93843841552734,67.538818359375,63.91642761230469,59.37995529174805,53.14762878417969,51.24995803833008,6312.869140625,125.20714569091797,65.43121337890625
645000,655001,17,3,250,215,1,14944.3916015625,692.7443237304688,318.5092468261719,250.94161987304688,175.14971923828125,130.55638122558594,117.49607849121094,110.1763916015625,97.46531677246094,76.68988800048828,71.04983520507812,66.66911315917969,65.94196319580078,62.81081771850586,58.121177673339844,54.904781341552734,48.11839294433594,6321.2685546875,128.8827667236328,72.88470458984375
650000,660001,17,3,243,208,0,15429.947265625,872.27587890625,398.1047058105469,234.59307861328125,194.65362548828125,139.6920623779297,114.34344482421875,105.65280151367188,98.19012451171875,84.48157501220703,71.67449951171875,69.5112075805664,64.96857452392578,62.66210174560547,60.445220947265625,57.64223861694336,54.85051345825195,6466.1435546875,160.99981689453125,77.7647705078125
650000,660001,17,3,243,208,1,15510.189453125,856.4557495117188,400.96929931640625,243.1399688720703,198.91639709472656,130.55715942382812,108.64959716796875,102.73919677734375,93.65218353271484,82.47766876220703,81.49394226074219,72.08746337890625,70.42948150634766,65.90958404541016,58.25398635864258,53.74557113647461,47.31859588623047,6505.4365234375,147.31651306152344,73.8221206665039
655000,665001,17,3,251,212,0,15480.5859375,570.2462158203125,324.8387451171875,189.98963928222656,144.72409057617188,117.92587280273438,108.9478988647461,93.60419464111328,78.10972595214844,71.14269256591797,66.07099151611328,65.1506576538086,63.3360595703125,58.18409729003906,57.31355667114258,52.689979553222656,47.60514450073242,6546.087890625,113.25897979736328,65.48539733886719
655000,665001,17,3,251,212,1,15503.5517578125,575.327392578125,332.8819274902344,220.01199340820312,130.22964477539062,116.8895263671875,104.92296600341797,85.67516326904297,78.84123992919922,67.22105407714844,64.24767303466797,62.48721694946289,59.76762008666992,54.8118782043457,52.430721282958984,49.990657806396484,45.9805908203125,6557.21337890625,116.86481475830078,60.70627975463867
660000,670001,17,3,254,213,0,15275.650390625,738.20654296875,345.9986267089844,188.42919921875,168.52471923828125,145.5371551513672,123.76838684082031,101.08526611328125,97.17474365234375,85.5439224243164,72.54531860351562,67.21012115478516,64.22193908691406,58.79648208618164,56.04743194580078,51.199928283691406,48.528404235839844,6417.71044921875,126.32185363769531,73.5933609008789
660000,670001,17,3,254,213,1,15282.15625,772.6008911132812,342.33245849609375,204.3473663330078,173.60848999023438,155.71163940429688,138.15223693847656,100.52538299560547,87.10476684570312,81.03375244140625,74.40082550048828,71.30327606201172,63.3381233215332,54.989837646484375,54.38029479980469,51.5723991394043,46.646392822265625,6420.9287109375,133.28009033203125,79.12013244628906
665000,675001,17,3,248,220,0,15229.853515625,580.7754516601562,337.54888916015625,230.4318389892578,167.10826110839844,100.61018371582031,94.76018524169922,84.1956558227539,74.961181640625,72.18254089355469,67.07710266113281,62.4851188659668,56.82719421386719,52.35870361328125,50.321834564208984,46.18843078613281,44.4489631652832,6384.35009765625,119.60649871826172,55.35313415527344
665000,675001,17,3,248,220,1,15262.7939453125,586.91845703125,330.601318359375,217.86712646484375,182.88587951660156,115.01591491699219,109.91159057617188,90.29312896728516,87.53237915039062,75.76408386230469,72.01449584960938,66.71149444580078,56.08746337890625,55.897064208984375,53.10261917114258,47.36428451538086,45.43817901611328,6400.53662109375,125.05354309082031,78.34565734863281
670000,680001,17,3,244,205,0,15587.1015625,713.2344360351562,312.2100830078125,213.59716796875,149.39356994628906,145.13671875,117.8930892944336,100.1532211303711,89.23751831054688,80.83023071289062,73.14048767089844,63.744876861572266,63.2475700378418,55.05057907104492,53.94215774536133,48.88816833496094,45.99615478515625,6564.51904296875,114.47688293457031,53.799522399902344
670000,680001,17,3,244,205,1,15559.9814453125,740.200927734375,309.7208557128906,234.96275329589844,164.04759216308594,139.4781951904297,105.24954986572266,96.89736938476562,88.55062866210938,84.25173950195312,69.3875503540039,64.40475463867188,61.39792251586914,58.12887191772461,54.07968521118164,49.81679916381836,49.57065963745117,6551.986328125,94.35456848144531,66.26393127441406
675000,685001,17,3,246,213,0,15659.052734375,851.8649291992188,398.71636962890625,256.62347412109375,212.65025329589844,150.60340881347656,125.18486022949219,98.3450927734375,96.1507339477539,79.54811096191406,74.87213134765625,71.8436050415039,66.24236297607422,57.590885162353516,52.752403259277344,47.88239669799805,44.53955078125,6541.33154296875,215.7847442626953,86.52255249023438
675000,685001,17,3,246,213,1,15667.8134765625,836.3004150390625,414.63592529296875,240.36843872070312,198.1505584716797,147.6428985595703,126.52323150634766,109.69465637207031,91.08493041992188,83.5477294921875,79.46300506591797,70.28929901123047,67.83930206298828,54.84482955932617,50.035560607910156,49.4488639831543,45.205345153808594,6537.4794921875,209.26795959472656,86.7337646484375
680000,690001,17,3,245,207,0,15626.9267578125,793.0269165039062,328.71856689453125,234.4593048095703,194.72891235351562,142.65179443359375,126.99720764160156,111.33792114257812,98.81022644042969,84.52555084228516,80.89029693603516,73.0037612915039,69.26029205322266,63.8565673828125,59.19504165649414,56.252532958984375,50.57429885864258,6557.212890625,111.19683837890625,80.43751525878906
680000,690001,17,3,245,207,1,15661.28125,801.0636596679688,325.47186279296875,227.92697143554688,198.1957550048828,131.30262756347656,119.91675567626953,108.74520874023438,92.49556732177734,86.11531829833984,73.65968322753906,71.81962585449219,68.58545684814453,65.33427429199219,58.9106559753418,49.73080825805664,43.721435546875,6568.79931640625,118.23589324951172,90.14575958251953
685000,695001,17,3,254,213,0,16373.455078125,1017.9689331054688,403.0082702636719,240.57498168945312,170.60751342773438,139.64825439453125,128.492919921875,98.81201934814453,91.27327728271484,80.75346374511719,77.52549743652344,69.54290771484375,65.00870513916016,64.12464141845703,56.932090759277344,52.91082763671875,48.66773223876953,6887.08349609375,128.71295166015625,90.32162475585938
685000,695001,17,3,254,213,1,16338.9794921875,1006.1614990234375,416.5227966308594,266.5298156738281,186.6248321533203,140.81056213378906,126.95592498779297,106.69917297363281,96.18004608154297,90.04048919677734,69.9549331665039,66.61266326904297,64.3764419555664,61.92976379394531,58.343544006347656,55.35116195678711,51.726295471191406,6869.87060546875,146.09022521972656,86.48709106445312
690000,700001,17,3,249,220,0,15480.6875,1015.222412109375,492.693115234375,313.7176818847656,174.1745147705078,146.5206756591797,136.44952392578125,123.87328338623047,97.24888610839844,88.94859313964844,82.39761352539062,80.32679748535156,70.67151641845703,66.76632690429688,63.79124069213867,57.50856018066406,50.3985710144043,6473.49658203125,201.76473999023438,92.93769836425781
690000,700001,17,3,249,220,1,15474.662109375,1022.6453857421875,498.3486022949219,329.2746887207031,183.1161651611328,159.7732391357422,152.80589294433594,117.52530670166016,92.27093505859375,87.83442687988281,80.03999328613281,75.97256469726562,64.72441101074219,63.368614196777344,56.645381927490234,54.54195022583008,50.04879379272461,6475.9248046875,203.0918426513672,78.70238494873047
695000,705001,17,3,250,224,0,15659.7607421875,848.2588500976562,440.1265563964844,270.5437927246094,160.58152770996094,125.33453369140625,117.60710906982422,100.33200073242188,91.94969940185547,86.28105926513672,76.88739776611328,69.70870971679688,66.80858612060547,65.2015380859375,61.455467224121094,56.66732406616211,50.15922927856445,6601.66845703125,119.37825012207031,75.12654113769531
695000,705001,17,3,250,224,1,15674.61328125,841.6500244140625,450.60955810546875,229.1453094482422,164.21759033203125,121.80599975585938,119.17613220214844,103.58839416503906,98.75039672851562,90.21283721923828,85.73992156982422,76.51483154296875,69.4366226196289,65.04401397705078,59.79558563232422,57.75396728515625,53.68476867675781,6618.2421875,123.15389251708984,75.9058837890625
700000,710001,17,3,246,213,0,16061.4970703125,1007.289794921875,393.8786315917969,267.60003662109375,196.38101196289062,192.86309814453125,126.50495147705078,110.58360290527344,92.6147232055664,81.1447525024414,75.29441833496094,68.01477813720703,66.32244873046875,60.8345947265625,55.51932144165039,53.897396087646484,47.91666793823242,6757.24853515625,157.0614013671875,84.71289825439453
700000,710001,17,3,246,213,1,16091.0302734375,1014.041259765625,402.58685302734375,274.36151123046875,206.54237365722656,198.6734161376953,122.74422454833984,117.03152465820312,99.75993347167969,91.6592025756836,85.70158386230469,76.81783294677734,65.37541198730469,64.28768920898438,58.33149337768555,52.79200744628906,49.241607666015625,6772.5263671875,183.19093322753906,73.497314453125
705000,715001,17,3,250,211,0,15834.9345703125,701.3821411132812,300.1401672363281,212.27781677246094,154.59962463378906,125.0325927734375,113.73660278320312,104.72029113769531,92.01004791259766,80.0477523803711,70.15931701660156,66.5176773071289,58.272701263427734,56.94802474975586,50.63674545288086,48.205413818359375,43.5268669128418,6692.060546875,117.10514068603516,74.55103302001953
705000,715001,17,3,250,211,1,15838.9052734375,700.41650390625,295.8941650390625,196.15650939941406,141.0938262939453,118.16548156738281,101.4968490600586,89.66694641113281,88.00190734863281,83.20158386230469,70.78872680664062,65.01959228515625,62.135616302490234,55.912601470947266,52.89459228515625,49.58732604980469,46.804847717285156,6693.28076171875,98.25617218017578,78.68436431884766
710000,720001,17,3,249,218,0,16107.9873046875,678.4703979492188,375.2862854003906,241.15086364746094,156.9093017578125,141.587646484375,130.57884216308594,121.16292572021484,97.2491455078125,91.00920104980469,78.3847885131836,74.9496841430664,62.40380096435547,60.238868713378906,55.00468063354492,53.04539489746094,45.872840881347656,6785.53662109375,125.53685760498047,65.4774169921875
710000,720001,17,3,249,218,1,16082.9140625,672.77978515625,363.0301513671875,220.2251739501953,165.82977294921875,139.00596618652344,109.4988021850586,98.36792755126953,86.22697448730469,78.4999008178711,74.57740783691406,70.62863159179688,66.6748275756836,59.40633773803711,55.4450798034668,52.32292175292969,45.1559944152832,6780.35107421875,111.33683776855469,68.94384002685547
715000,725001,17,3,247,218,0,16410.974609375,577.4445190429688,324.6185302734375,204.45655822753906,156.50857543945312,130.91070556640625,102.46633911132812,91.79808807373047,80.69689178466797,72.04783630371094,60.741092681884766,57.00556564331055,51.8110466003418,49.84870529174805,48.61716079711914,44.92320251464844,41.755069732666016,6923.611328125,91.16502380371094,49.793514251708984
715000,725001,17,3,247,218,1,16463.537109375,599.7070922851562,328.8670349121094,207.8809051513672,167.33187866210938,129.25450134277344,99.10713958740234,95.8619613647461,75.96554565429688,72.77925109863281,66.18063354492188,62.27070999145508,59.0037956237793,52.034732818603516,48.900550842285156,46.59813690185547,41.09807205200195,6943.14599609375,114.09872436523438,92.38510131835938
720000,730001,17,3,252,210,0,16446.95703125,593.9801635742188,329.2828674316406,220.78128051757812,155.95242309570312,115.36469268798828,109.21123504638672,92.11161804199219,89.2235107421875,87.01309204101562,72.46263885498047,68.87063598632812,63.4312858581543,57.811004638671875,54.31599426269531,48.28271484375,42.830135345458984,6952.85986328125,112.7362289428711,89.67548370361328
720000,730001,17,3,252,210,1,16455.84375,593.0828247070312,321.8975830078125,215.1475830078125,156.33689880371094,131.09014892578125,100.48822784423828,99.99197387695312,78.7054672241211,76.43099975585938,71.68619537353516,68.83987426757812,63.33428955078125,62.34760284423828,53.31167221069336,51.000701904296875,45.07461929321289,6965.10107421875,103.72560119628906,70.7820816040039
725000,735001,17,3,246,213,0,16619.337890625,805.427978515625,362.6037902832031,226.79232788085938,164.03302001953125,153.91648864746094,128.62942504882812,103.0071029663086,96.66995239257812,86.46526336669922,82.96675872802734,76.5759506225586,72.74479675292969,62.26927947998047,59.2025032043457,56.22053527832031,54.467960357666016,7020.80908203125,132.20938110351562,87.26049041748047
725000,735001,17,3,246,213,1,16651.240234375,808.9376831054688,358.5443420410156,224.44607543945312,173.3879852294922,158.12759399414062,125.87969970703125,104.11090087890625,93.51696014404297,87.36627960205078,82.53773498535156,76.31156921386719,71.25189971923828,63.221710205078125,57.528263092041016,56.91408920288086,51.76495361328125,7035.61376953125,127.70520782470703,79.36152648925781
730000,740001,17,3,250,209,0,16723.51953125,618.5316162109375,356.5717468261719,207.28045654296875,170.65625,150.969482421875,110.32891845703125,91.81889343261719,86.67403411865234,76.42960357666016,70.53028869628906,62.66216278076172,56.66447067260742,52.126380920410156,51.41581726074219,48.8526496887207,44.09649658203125,7044.7080078125,126.10913848876953,68.72469329833984
730000,740001,17,3,250,209,1,16736.447265625,626.8838500976562,359.1174621582031,181.91041564941406,172.03038024902344,138.86566162109375,100.74408721923828,94.302490234375,87.66464233398438,75.1273422241211,68.6720962524414,65.09672546386719,64.3917007446289,58.377628326416016,54.92084503173828,49.666141510009766,46.57707214355469,7049.9931640625,137.56390380859375,67.48018646240234
735000,745001,17,3,243,207,0,16802.09375,764.7874145507812,374.8973083496094,227.20655822753906,170.0698699951172,139.01171875,111.09423828125,96.40758514404297,88.57952117919922,78.75216674804688,76.10536193847656,60.19755935668945,55.01156997680664,52.536529541015625,50.1938362121582,45.798126220703125,41.85137176513672,7025.93115234375,165.65499877929688,65.91143798828125
735000,745001,17,3,243,207,1,16776.48828125,764.5015258789062,403.1038513183594,220.22271728515625,165.37586975097656,144.63348388671875,117.49478149414062,102.29981231689453,78.25166320800781,75.44649505615234,68.66925048828125,59.42802429199219,53.59625244140625,51.982303619384766,46.79767608642578,44.74155807495117,41.53061294555664,7020.52734375,163.03123474121094,73.5196533203125
740000,750001,17,3,248,217,0,16816.583984375,874.713134765625,347.4212646484375,252.62718200683594,208.61740112304688,153.5936737060547,140.66514587402344,133.8440399169922,109.48036193847656,94.51852416992188,78.94096374511719,73.11913299560547,69.29090118408203,68.13929748535156,60.815425872802734,56.08892059326172,50.519775390625,7065.51513671875,186.70350646972656,62.337127685546875
740000,750001,17,3,248,217,1,16887.421875,870.2686157226562,350.9344177246094,240.5942840576172,218.02767944335938,162.6412353515625,133.79110717773438,123.85272216796875,102.92179870605469,97.16710662841797,82.94087219238281,78.71223449707031,71.40123748779297,65.09507751464844,59.417144775390625,56.23868179321289,48.676658630371094,7091.4208984375,191.9874267578125,79.3554458618164
745000,755001,17,3,251,214,0,17239.591796875,898.6028442382812,438.9761962890625,262.6905212402344,196.97352600097656,158.81622314453125,140.21092224121094,105.37533569335938,88.28805541992188,80.01387786865234,76.15702819824219,70.95359802246094,69.20585632324219,58.862247467041016,54.75497055053711,48.963592529296875,47.30350112915039,7254.80810546875,163.99339294433594,80.12468719482422
745000,755001,17,3,251,214,1,17242.482421875,912.6754150390625,464.32574462890625,266.0772399902344,196.18338012695312,158.63702392578125,125.20333862304688,111.68720245361328,96.69953155517578,87.86511993408203,74.06754302978516,74.04767608642578,64.10328674316406,62.12887191772461,57.749114990234375,53.12553405761719,49.1451416015625,7256.72119140625,152.7779998779297,82.24406433105469
750000,760001,17,3,251,218,0,17472.609375,801.4395751953125,294.7074279785156,194.44931030273438,150.16481018066406,134.81297302246094,107.46717071533203,103.05218505859375,92.35272979736328,78.057861328125,72.73175048828125,70.46745300292969,58.626949310302734,55.46500015258789,53.00114440917969,52.113441467285156,46.83385467529297,7343.9541015625,115.91717529296875,63.5467414855957
750000,760001,17,3,251,218,1,17496.654296875,807.4570922851562,295.6325988769531,197.2626495361328,158.50619506835938,149.571044921875,105.27962493896484,89.9758529663086,84.18682098388672,76.7158203125,73.0841064453125,72.17784118652344,62.661781311035156,58.66141891479492,54.95199966430664,54.613643646240234,45.539241790771484,7351.8876953125,110.73216247558594,62.63713836669922
755000,765001,17,3,252,219,0,17346.24609375,1054.38427734375,417.4520568847656,277.53875732421875,175.8601531982422,137.2631378173828,128.1440887451172,106.45238494873047,97.55433654785156,81.73888397216797,72.8719711303711,71.33885192871094,66.54039764404297,62.536258697509766,57.135128021240234,48.450984954833984,47.20936584472656,7268.11083984375,118.16242218017578,92.68351745605469
755000,765001,17,3,252,219,1,17368.09375,1056.2655029296875,439.9407653808594,269.29656982421875,191.04205322265625,146.28892517089844,125.35742950439453,120.94630432128906,102.48877716064453,84.30615997314453,70.34427642822266,68.13612365722656,64.41299438476562,59.24720764160156,56.55628204345703,55.927764892578125,53.33911895751953,7276.73974609375,145.91392517089844,102.84866333007812
760000,770001,17,3,249,218,0,17393.853515625,769.5130004882812,316.69012451171875,216.039794921875,199.669677734375,140.87411499023438,103.77876281738281,92.1212158203125,89.99883270263672,89.20359802246094,76.57401275634766,73.89881896972656,67.06159210205078,61.236114501953125,57.4924201965332,55.74489974975586,45.50282669067383,7326.84326171875,98.717529296875,68.63363647460938
760000,770001,17,3,249,218,1,17385.685546875,791.284423828125,313.7389831542969,237.65017700195312,195.82070922851562,136.15850830078125,107.18299865722656,95.62439727783203,90.16413116455078,82.44342041015625,75.68955993652344,71.87577819824219,67.89863586425781,63.91547775268555,60.285518646240234,56.637428283691406,49.4005241394043,7323.3623046875,106.38796997070312,72.26740264892578
765000,775001,17,3,255,224,0,17415.962890625,772.6942749023438,356.1281433105469,301.0003967285156,198.0684814453125,170.79165649414062,122.0329360961914,108.13693237304688,88.2230224609375,84.2522201538086,71.5459213256836,65.55393981933594,63.425994873046875,58.868804931640625,56.13144302368164,47.87399673461914,43.19611740112305,7276.85546875,199.28736877441406,81.26886749267578
765000,775001,17,3,255,224,1,17369.72265625,782.83544921875,357.4183654785156,293.7190856933594,188.23849487304688,153.49993896484375,119.52425384521484,96.57125854492188,87.253173828125,77.10332489013672,70.61698913574219,68.70477294921875,64.17216491699219,62.362754821777344,55.33741760253906,50.05701446533203,47.70966720581055,7260.29931640625,186.8649139404297,66.78239440917969
770000,780001,17,3,247,215,0,17030.19140625,883.8920288085938,317.57025146484375,236.6851806640625,174.03115844726562,134.86936950683594,119.1718521118164,98.48187255859375,94.17425537109375,80.61885833740234,75.73441314697266,67.57608795166016,65.96334075927734,62.48815155029297,59.524776458740234,56.095333099365234,53.29494094848633,7155.52734375,119.35086059570312,73.5956802368164
770000,780001,17,3,247,215,1,17028.416015625,878.9097900390625,327.27740478515625,248.48435974121094,182.3994903564453,134.3584442138672,119.6742935180664,97.95674896240234,82.72872924804688,79.30570983886719,76.71743774414062,74.78791809082031,67.78511047363281,67.0810317993164,62.03770065307617,56.6583251953125,54.21927261352539,7155.78515625,121.16046142578125,89.36324310302734
775000,785001,17,3,253,216,0,17773.166015625,1077.9581298828125,564.965576171875,295.0787048339844,210.8492431640625,188.18711853027344,154.03895568847656,110.31448364257812,103.73394775390625,94.0771484375,85.47897338867188,78.95758056640625,75.1106185913086,68.06315612792969,63.167911529541016,62.01008605957031,55.325992584228516,7437.52099609375,243.32440185546875,90.78563690185547
775000,785001,17,3,253,216,1,17779.21875,1092.8582763671875,517.8399047851562,315.29052734375,184.81451416015625,163.9716033935547,127.51964569091797,121.30879974365234,98.96559143066406,95.3337631225586,91.38475799560547,82.0997543334961,74.05279541015625,67.31029510498047,65.78489685058594,59.85817337036133,50.97090530395508,7434.83349609375,194.5263214111328,90.63058471679688
780000,790001,17,3,251,227,0,17384.298828125,674.9052734375,372.2596740722656,250.46131896972656,161.25550842285156,125.07244110107422,117.71817779541016,97.96253967285156,89.3358383178711,79.74168395996094,70.66204071044922,69.48462677001953,64.71717834472656,57.35020446777344,55.3762321472168,53.04547882080078,44.462432861328125,7284.5703125,143.02178955078125,79.94182586669922
780000,790001,17,3,251,227,1,17366.73828125,696.5737915039062,380.1163330078125,265.39886474609375,170.2836456298828,127.86216735839844,111.1308822631836,106.48827362060547,92.39393615722656,87.73613739013672,80.73173522949219,72.8773422241211,65.62958526611328,62.4655876159668,56.880760192871094,48.590023040771484,45.54213333129883,7280.93896484375,156.720947265625,81.8588638305664
785000,795001,17,3,246,218,0,17251.28125,712.5502319335938,349.30194091796875,250.5465545654297,161.40084838867188,138.6531982421875,115.95149230957031,101.91332244873047,97.83116912841797,91.71310424804688,83.69470977783203,68.34011840820312,66.72113037109375,61.31880187988281,57.79438018798828,55.07001495361328,50.81822204589844,7261.59716796875,128.7479705810547,78.66670989990234
785000,795001,17,3,246,218,1,17229.78125,706.879150390625,334.8424377441406,247.05096435546875,160.37478637695312,142.9769744873047,103.87522888183594,100.12242126464844,90.11467742919922,83.68040466308594,79.82846069335938,70.62702178955078,66.44889831542969,61.90376281738281,54.62452697753906,51.7782096862793,50.4432487487793,7263.380859375,127.90349578857422,79.72716522216797
790000,800001,17,3,251,224,0,17395.296875,715.6466674804688,387.5779113769531,275.5143737792969,197.43307495117188,151.7691192626953,145.1131134033203,127.83167266845703,108.9681396484375,88.45623779296875,81.12305450439453,77.37882232666016,74.09561157226562,68.54834747314453,64.80501556396484,60.9910888671875,52.23126220703125,7309.46875,170.78414916992188,85.00825500488281
790000,800001,17,3,251,224,1,17439.32421875,711.3440551757812,390.9875183105469,294.5623474121094,203.3856201171875,157.49737548828125,124.82749938964844,119.4192123413086,99.29181671142578,89.72283935546875,79.54072570800781,77.06739807128906,68.72982788085938,67.26426696777344,59.38047790527344,58.381980895996094,55.380672454833984,7328.75341796875,171.25,85.45572662353516
795000,805001,17,3,251,227,0,17503.171875,724.623046875,380.0628967285156,277.540283203125,184.10023498535156,131.3008575439453,121.82696533203125,106.75003051757812,89.61579132080078,83.97384643554688,78.89585876464844,67.25006103515625,66.71251678466797,64.54537963867188,60.33073043823242,50.462642669677734,45.924293518066406,7369.40380859375,106.4803695678711,67.92124938964844
795000,805001,17,3,251,227,1,17525.39453125,722.655029296875,358.03076171875,266.2830810546875,193.2826385498047,128.7088165283203,122.3477783203125,102.61334991455078,93.81228637695312,81.66791534423828,78.00740051269531,73.16242980957031,65.71707153320312,64.09516906738281,62.48095703125,58.84038543701172,53.45064926147461,7385.9482421875,105.10559844970703,70.23434448242188
800000,810001,17,3,254,222,0,17276.150390625,1158.477783203125,377.57421875,293.0327453613281,215.8013153076172,149.65553283691406,131.37313842773438,117.46288299560547,108.78156280517578,98.94496154785156,94.63134002685547,75.45148468017578,69.89746856689453,66.7296371459961,62.30388641357422,60.825836181640625,57.35721206665039,7303.6689453125,198.05227661132812,97.6900863647461
800000,810001,17,3,254,222,1,17223.791015625,1139.288330078125,372.33306884765625,256.0113525390625,186.71209716796875,156.3296356201172,129.01939392089844,117.64847564697266,110.78834533691406,91.7637710571289,82.90457916259766,81.29251861572266,69.53746795654297,68.96861267089844,63.2091178894043,57.13948440551758,54.480857849121094,7278.25634765625,188.13156127929688,102.71563720703125
805000,815001,17,3,247,220,0,17271.306640625,727.4661865234375,354.9899597167969,217.05479431152344,161.51058959960938,138.4320068359375,116.97050476074219,107.84500885009766,86.4037094116211,80.29125213623047,74.73480224609375,71.22454071044922,63.538978576660156,57.695335388183594,54.800479888916016,53.96208190917969,47.53120803833008,7237.40478515625,121.64161682128906,70.42536163330078
805000,815001,17,3,247,220,1,17265.205078125,736.1953125,347.47210693359375,212.55458068847656,145.7047576904297,134.1202850341797,107.17868041992188,98.53453826904297,86.78292846679688,75.64569854736328,72.89214324951172,69.46875762939453,66.83832550048828,62.85832977294922,56.85658645629883,52.423255920410156,49.53145217895508,7228.775390625,120.92578125,65.45742797851562
810000,820001,17,3,253,226,0,18047.181640625,712.08447265625,360.07373046875,226.31643676757812,179.7015838623047,137.548828125,107.00006866455078,100.46576690673828,99.1911392211914,89.22183990478516,86.84479522705078,79.29328918457031,74.41336822509766,64.96800994873047,63.52854537963867,60.6358528137207,53.262847900390625,7611.2431640625,149.9382781982422,77.6738510131836
810000,820001,17,3,253,226,1,18011.298828125,717.2830200195312,345.0538330078125,226.3313751220703,215.78826904296875,151.341064453125,127.33674621582031,108.81108856201172,104.53337860107422,95.86531829833984,87.89086151123047,80.47346496582031,77.58332824707031,69.2496109008789,63.043609619140625,58.743961334228516,56.733070373535156,7595.951171875,135.35906982421875,82.58604431152344
815000,825001,17,3,250,223,0,17893.107421875,907.970947265625,442.378173828125,230.04669189453125,146.5178680419922,136.30368041992188,111.19477844238281,93.63717651367188,86.6002197265625,81.4148178100586,75.68450164794922,65.0358657836914,61.77946472167969,59.45214080810547,57.07236099243164,50.984100341796875,42.04548645019531,7505.8544921875,132.70904541015625,63.29380798339844
815000,825001,17,3,250,223,1,17881.947265625,933.4879150390625,459.99444580078125,240.6383819580078,162.49639892578125,140.94822692871094,111.13716125488281,106.4724349975586,89.4222183227539,85.26856994628906,78.92700958251953,74.50474548339844,64.55953979492188,60.815120697021484,53.38289260864258,49.142234802246094,45.91686248779297,7499.23193359375,148.90562438964844,75.27018737792969
820000,830001,17,3,252,217,0,18692.271484375,725.6547241210938,400.1966247558594,284.6718444824219,174.25640869140625,148.8579864501953,129.38671875,104.77758026123047,96.24150848388672,74.52347564697266,71.54591369628906,66.10589599609375,60.9349250793457,57.16093063354492,55.73806381225586,50.957763671875,47.813087463378906,7871.154296875,155.3030548095703,77.62932586669922
820000,830001,17,3,252,217,1,18736.861328125,707.8153686523438,404.9057312011719,253.8018341064453,179.34230041503906,132.1293487548828,129.32470703125,103.29031372070312,92.43335723876953,80.66780090332031,70.2267074584961,68.50532531738281,63.117889404296875,59.185237884521484,55.15068817138672,52.90863037109375,48.358638763427734,7887.052734375,153.53240966796875,85.15762329101562
825000,835001,17,3,243,209,0,17916.208984375,929.4852294921875,349.2954406738281,220.45196533203125,189.23345947265625,172.85079956054688,112.3306655883789,97.0211410522461,83.48448181152344,74.24305725097656,73.33328247070312,63.33170700073242,59.69563293457031,57.926692962646484,52.07557678222656,46.13865280151367,43.29556655883789,7537.53369140625,160.55029296875,69.28713989257812
825000,835001,17,3,243,209,1,17910.6640625,924.0531616210938,370.5621643066406,220.88458251953125,188.0882568359375,164.87806701660156,112.63793182373047,104.8094253540039,86.68955993652344,78.647216796875,70.69905090332031,64.59290313720703,61.14935302734375,57.19861602783203,55.001312255859375,47.71175003051758,47.170738220214844,7534.2978515625,182.54244995117188,75.526123046875
830000,840001,17,3,248,216,0,17768.146484375,944.3373413085938,350.3719787597656,246.48788452148438,167.61366271972656,156.90455627441406,129.4715118408203,105.88581848144531,98.37339782714844,84.21432495117188,75.61976623535156,72.43611145019531,69.60313415527344,64.60667419433594,56.187889099121094,53.277740478515625,48.071712493896484,7490.7607421875,126.02919006347656,70.66487884521484
830000,840001,17,3,248,216,1,17799.794921875,938.9432983398438,361.425537109375,254.57608032226562,174.02134704589844,169.8223114013672,126.59201049804688,118.34571075439453,99.66126251220703,86.73125457763672,78.56600952148438,74.02306365966797,68.21985626220703,63.35523986816406,59.91086196899414,58.345298767089844,45.85275650024414,7510.11279296875,128.116455078125,82.02632904052734
835000,845001,17,3,253,225,0,18287.103515625,808.5642700195312,376.6522216796875,254.23077392578125,171.5380401611328,153.1197052001953,112.62071990966797,98.33148193359375,94.09872436523438,87.4417953491211,81.14042663574219,77.88322448730469,70.6910400390625,59.3629264831543,53.82563018798828,48.93220138549805,42.61067581176758,7691.02783203125,136.4364013671875,63.30744552612305
835000,845001,17,3,253,225,1,18307.427734375,827.18310546875,404.85052490234375,294.4390563964844,168.35919189453125,149.95236206054688,118.50582122802734,109.59709167480469,98.32881164550781,87.9970703125,86.0392837524414,72.20499420166016,68.32371520996094,65.7745361328125,57.50205612182617,51.66544723510742,43.34964370727539,7705.7021484375,140.68386840820312,68.715576171875
840000,850001,17,3,252,225,0,18118.640625,904.2462768554688,424.45916748046875,294.81854248046875,227.42947387695312,164.02676391601562,133.69276428222656,104.7475357055664,96.41376495361328,87.91234588623047,86.64429473876953,78.86627197265625,71.01557159423828,62.22877502441406,59.66654968261719,55.558448791503906,52.36239242553711,7590.98876953125,118.73597717285156,87.3192138671875
840000,850001,17,3,252,225,1,18201.9609375,903.3118896484375,422.1610412597656,284.2794189453125,229.7677764892578,151.03323364257812,133.1920928955078,105.80885314941406,99.75057220458984,85.71041870117188,83.32948303222656,77.77029418945312,69.60979461669922,67.7581787109375,63.02004623413086,56.54067611694336,52.296913146972656,7625.26220703125,118.14794921875,89.21432495117188
845000,855001,17,3,250,214,0,18120.26953125,782.1717529296875,402.4832458496094,228.6585693359375,170.41009521484375,108.56753540039062,102.84302520751953,94.71527099609375,80.73255920410156,75.276123046875,67.6412353515625,62.230865478515625,55.033355712890625,48.547054290771484,46.27342224121094,44.11199951171875,41.375980377197266,7652.2666015625,94.39726257324219,68.01022338867188
845000,855001,17,3,250,214,1,18120.66015625,752.006591796875,383.13824462890625,227.63558959960938,178.38473510742188,114.07539367675781,104.49468994140625,92.52839660644531,83.3270492553711,78.16690063476562,68.802734375,62.67755889892578,61.066017150878906,56.490013122558594,53.49626922607422,51.64614486694336,46.46556091308594,7647.59228515625,105.66743469238281,73.39073944091797
850000,860001,17,3,251,216,0,18180.662109375,823.4166259765625,453.2372131347656,220.3542938232422,172.14784240722656,151.77749633789062,143.5188446044922,135.44659423828125,104.7899398803711,91.12171173095703,80.1097183227539,79.10519409179688,73.1495132446289,72.39665222167969,62.94260025024414,59.72809600830078,56.37459182739258,7658.443359375,147.1917266845703,80.65857696533203
850000,860001,17,3,251,216,1,18182.091796875,808.2843627929688,461.4861755371094,237.26095581054688,184.89068603515625,157.58522033691406,140.7029266357422,125.73285675048828,96.10906219482422,91.10160827636719,81.92021942138672,70.07025909423828,66.5765609741211,58.551212310791016,56.818416595458984,51.1695671081543,44.971195220947266,7655.0048828125,149.46005249023438,87.32140350341797
855000,865001,17,3,252,227,0,18569.19140625,647.7278442382812,412.2554016113281,282.80364990234375,184.4534912109375,156.70509338378906,116.3538818359375,97.16277313232422,92.76835632324219,79.57089233398438,77.06061553955078,68.42798614501953,63.792823791503906,57.668182373046875,54.12076187133789,51.52674102783203,48.98733139038086,7810.50341796875,147.70436096191406,60.41329574584961
855000,865001,17,3,252,227,1,18601.19140625,680.3233642578125,444.02728271484375,278.0911865234375,176.1802215576172,152.0494842529297,109.50662994384766,100.92805480957031,88.3365478515625,80.10523986816406,71.80489349365234,67.6095199584961,63.56045913696289,59.13610076904297,54.33007049560547,53.21525192260742,50.396888732910156,7820.86083984375,120.89086151123047,84.67154693603516
860000,870001,17,3,245,219,0,18245.3671875,614.57275390625,362.8153076171875,217.6840057373047,177.91079711914062,134.12747192382812,114.74175262451172,100.9189224243164,90.94338989257812,76.87584686279297,73.50186920166016,69.06524658203125,68.28038024902344,59.38803482055664,57.33809280395508,53.198944091796875,44.97759246826172,7637.45166015625,141.94361877441406,71.32038879394531
860000,870001,17,3,245,219,1,18286.974609375,617.6002807617188,365.93353271484375,204.17388916015625,178.34454345703125,136.01023864746094,117.10187530517578,93.09878540039062,83.81904602050781,82.11697387695312,70.72933959960938,69.35835266113281,64.5522689819336,62.013938903808594,55.58657455444336,52.23657989501953,47.411006927490234,7648.37353515625,152.48297119140625,68.23269653320312
865000,875001,17,3,252,224,0,18729.9375,823.0098876953125,262.86285400390625,171.5779266357422,133.51522827148438,120.66425323486328,98.7984390258789,91.51385498046875,77.45556640625,74.97088623046875,66.29119873046875,62.91238021850586,56.87175369262695,53.27867126464844,52.12942886352539,49.774234771728516,43.43360900878906,7905.62060546875,91.94023895263672,63.4561882019043
865000,875001,17,3,252,224,1,18696.779296875,817.2855834960938,263.4192810058594,173.02886962890625,136.73666381835938,116.90362548828125,102.3093032836914,96.36274719238281,84.07049560546875,76.97831726074219,67.3691177368164,62.3238410949707,56.67072677612305,54.209136962890625,52.29813003540039,46.77045440673828,45.655242919921875,7889.14990234375,97.74413299560547,64.69530487060547
870000,880001,17,3,251,221,0,18398.0546875,652.044677734375,319.46875,242.91647338867188,170.7873077392578,133.46165466308594,113.71815490722656,95.18054962158203,90.36119079589844,83.9514389038086,82.32725524902344,79.90892791748047,69.72347259521484,65.16082000732422,57.26478958129883,53.79041290283203,49.575172424316406,7689.5244140625,148.16058349609375,68.64591979980469
870000,880001,17,3,251,221,1,18401.8828125,673.2808227539062,337.06121826171875,247.1825408935547,166.06480407714844,139.97557067871094,113.10332489013672,92.20004272460938,91.01148986816406,88.65293884277344,82.21896362304688,75.8685302734375,72.63136291503906,70.86248016357422,61.831783294677734,56.18320083618164,50.8223876953125,7687.5908203125,159.0026397705078,83.7860107421875
875000,885001,17,3,245,214,0,18495.69140625,651.5936889648438,331.5693054199219,228.583251953125,163.685546875,131.627197265625,110.4758529663086,96.02936553955078,89.92415618896484,79.23483276367188,72.8330307006836,70.02411651611328,66.50454711914062,63.16119384765625,57.97888946533203,50.73548889160156,47.20985412597656,7765.51513671875,115.88539123535156,74.01974487304688
875000,885001,17,3,245,214,1,18532.3359375,652.442138671875,329.2963562011719,237.8638153076172,174.92645263671875,130.23345947265625,125.32376861572266,103.86945343017578,93.04762268066406,88.47897338867188,74.97761535644531,69.33934783935547,63.4872932434082,56.740745544433594,55.14421463012695,51.40156173706055,43.500450134277344,7786.04150390625,118.02298736572266,73.16736602783203
880000,890001,17,3,252,230,0,17874.224609375,722.9588012695312,342.76824951171875,271.5601501464844,173.14739990234375,157.1204376220703,136.91622924804688,113.86018371582031,101.86675262451172,96.1495132446289,84.12117004394531,79.4482650756836,73.71417999267578,71.64835357666016,68.19258117675781,62.993865966796875,59.08594512939453,7501.31201171875,122.03268432617188,84.67351531982422
880000,890001,17,3,252,230,1,17965.783203125,723.517333984375,348.4635314941406,264.4980773925781,166.70030212402344,135.21510314941406,117.99390411376953,105.4853286743164,90.51615905761719,85.43130493164062,79.06183624267578,76.90155029296875,67.9708023071289,62.83111572265625,60.234920501708984,56.537620544433594,53.14759063720703,7536.25634765625,106.94474792480469,75.32762145996094
885000,895001,17,3,248,213,0,18906.16796875,691.35546875,317.0843200683594,240.99024963378906,183.9978790283203,148.0891876220703,98.18553924560547,96.74299621582031,82.95446014404297,80.244873046875,72.1952133178711,69.70801544189453,65.57208251953125,60.50489807128906,59.66252517700195,51.9747428894043,48.74247741699219,7967.19970703125,141.84429931640625,75.3390884399414
885000,895001,17,3,248,213,1,18969.294921875,712.4508056640625,316.9710693359375,250.04510498046875,179.75051879882812,133.09030151367188,123.76305389404297,95.5833969116211,86.40856170654297,81.54595184326172,68.34397888183594,65.56868743896484,59.55424118041992,57.10910415649414,55.734886169433594,48.780517578125,46.353092193603516,7996.74267578125,143.3924102783203,92.6505126953125
890000,900001,17,3,245,219,0,18212.4453125,803.8939819335938,454.4480895996094,291.9229736328125,157.42234802246094,156.28463745117188,135.3607177734375,118.75489044189453,110.5594482421875,94.41670227050781,80.7842025756836,76.194580078125,71.33100128173828,65.75830841064453,61.47093200683594,54.0829963684082,50.75526428222656,7623.5859375,203.4743194580078,120.48109436035156
890000,900001,17,3,245,219,1,18221.744140625,791.1588745117188,451.28753662109375,283.9678649902344,172.85629272460938,150.17747497558594,133.1232147216797,119.81367492675781,107.60448455810547,88.84435272216797,80.27464294433594,76.07546997070312,72.31610870361328,64.68637084960938,60.40748977661133,55.32106399536133,52.30913162231445,7631.05908203125,140.48764038085938,70.0575942993164
895000,905001,17,3,252,224,0,19007.396484375,875.343017578125,351.00537109375,265.7022705078125,205.55809020996094,135.41986083984375,127.21751403808594,104.68283081054688,97.65927124023438,91.99488067626953,77.52899932861328,73.64395904541016,69.68003845214844,66.93701171875,56.75137710571289,54.486148834228516,50.991607666015625,7991.78466796875,110.26837158203125,65.93677520751953
895000,905001,17,3,252,224,1,19031.033203125,870.2135620117188,352.7577209472656,265.36529541015625,212.5970916748047,161.66822814941406,140.22702026367188,107.06597137451172,98.37293243408203,97.36444091796875,87.08349609375,76.52072143554688,68.81902313232422,63.92898941040039,60.00038528442383,56.67946243286133,51.38690948486328,7999.798828125,116.04574584960938,82.52979278564453
900000,910001,17,3,253,228,0,19014.494140625,830.3021850585938,406.26715087890625,247.5180206298828,199.07290649414062,133.34483337402344,130.71115112304688,113.85099029541016,103.04597473144531,86.75979614257812,85.27698516845703,74.50627899169922,72.93022918701172,63.35171127319336,60.9782600402832,55.00587463378906,43.40449523925781,7977.17529296875,161.692626953125,96.6396484375
900000,910001,17,3,253,228,1,19006.501953125,816.6644287109375,377.6146545410156,233.17123413085938,180.81101989746094,130.57101440429688,122.7391586303711,106.3159408569336,96.61167907714844,90.78062438964844,75.24396514892578,71.55999755859375,64.87532806396484,60.94181823730469,56.10129928588867,49.44557189941406,45.9740104675293,7969.4521484375,165.33816528320312,84.65274047851562
905000,915001,17,3,249,217,0,19252.09375,779.1401977539062,436.4488830566406,259.1673583984375,185.3616180419922,135.77127075195312,117.46007537841797,114.30585479736328,104.26310729980469,80.32341766357422,75.06037902832031,67.99890899658203,63.18739700317383,61.030887603759766,53.657432556152344,48.45390701293945,46.97567367553711,8102.93798828125,209.04275512695312,60.05154800415039
905000,915001,17,3,249,217,1,19310.23828125,764.1340942382812,418.5645446777344,227.16014099121094,171.37730407714844,153.36199951171875,132.41783142089844,117.49589538574219,108.7738037109375,91.12586212158203,78.29999542236328,66.91152954101562,63.02623748779297,59.49203109741211,53.463829040527344,49.9307861328125,47.60258483886719,8125.693359375,169.21273803710938,64.292236328125
910000,920001,17,3,245,221,0,19290.619140625,845.9929809570312,376.8798522949219,249.51141357421875,169.8013458251953,131.6118927001953,117.52587127685547,114.4476089477539,88.52703094482422,84.58000183105469,75.43699645996094,69.65682983398438,63.51792907714844,58.666439056396484,52.389461517333984,47.92692565917969,46.852108001708984,8099.1943359375,158.41586303710938,79.91951751708984
910000,920001,17,3,245,221,1,19243.34765625,837.8959350585938,389.47186279296875,259.4640197753906,182.17694091796875,139.09344482421875,127.40435028076172,99.70306396484375,94.09915161132812,75.98992919921875,72.90730285644531,69.25711822509766,66.87265014648438,57.10367202758789,55.1981201171875,47.93858337402344,42.8989372253418,8077.87255859375,150.25625610351562,66.49230194091797
915000,925001,17,3,249,225,0,19150.578125,644.1458740234375,280.6372985839844,237.0518035888672,156.41091918945312,142.55479431152344,118.53243255615234,98.23998260498047,87.65103912353516,87.54503631591797,81.04557800292969,74.64620971679688,72.3646469116211,63.682315826416016,58.87894058227539,56.754520416259766,53.912681579589844,8075.6904296875,119.34111022949219,62.40134811401367
915000,925001,17,3,249,225,1,19084.970703125,663.355712890625,273.3372802734375,246.53353881835938,161.6670684814453,143.24853515625,110.48663330078125,102.89469146728516,95.31304168701172,85.06172943115234,82.17709350585938,75.4853286743164,71.9710693359375,65.97021484375,60.94623947143555,58.00544357299805,45.651611328125,8049.22216796875,114.47157287597656,69.35702514648438
920000,930001,17,3,249,223,0,19251.107421875,827.1326293945312,355.55401611328125,229.0980224609375,169.41493225097656,157.6735382080078,149.32008361816406,131.537841796875,109.3908462524414,99.68667602539062,75.81830596923828,71.39301300048828,62.93248748779297,61.73955154418945,53.12583541870117,52.86977005004883,45.89277648925781,8097.09814453125,180.6990203857422,115.95382690429688
920000,930001,17,3,249,223,1,19284.92578125,825.5731811523438,355.6650390625,246.2093048095703,166.23854064941406,151.38284301757812,144.87242126464844,115.9475326538086,110.8471908569336,87.03558349609375,78.7144775390625,68.98619842529297,65.53853607177734,61.349063873291016,54.75254440307617,53.32744216918945,44.495758056640625,8112.181640625,160.60595703125,83.15047454833984
925000,935001,17,3,250,221,0,19401.23046875,546.3118896484375,328.0615234375,220.78842163085938,177.99417114257812,121.59326171875,109.26758575439453,91.30361938476562,83.95499420166016,79.85916137695312,65.90644073486328,62.815792083740234,61.708045959472656,52.854034423828125,48.71421432495117,46.34535598754883,43.86724853515625,8132.97119140625,115.10851287841797,63.50337600708008
925000,935001,17,3,250,221,1,19382.744140625,547.41162109375,345.9928894042969,218.26893615722656,190.28240966796875,124.86182403564453,109.61103820800781,101.72930145263672,85.89842224121094,82.28756713867188,76.00601196289062,68.58516693115234,61.281951904296875,58.9491081237793,55.5112419128418,50.43581008911133,46.35883712768555,8120.2392578125,113.98165130615234,68.46148681640625
930000,940001,17,3,248,217,0,19362.314453125,549.2141723632812,270.76544189453125,194.36029052734375,153.12835693359375,134.0626220703125,106.783447265625,95.42328643798828,84.00284576416016,77.69824981689453,67.19903564453125,63.46733093261719,58.46567916870117,57.559043884277344,51.76152420043945,47.8276481628418,43.806182861328125,8145.58984375,104.26830291748047,60.83079528808594
930000,940001,17,3,248,217,1,19381.32421875,561.8343505859375,273.97235107421875,203.16468811035156,155.6265869140625,138.37771606445312,100.34487915039062,96.40518951416016,86.94574737548828,75.80855560302734,71.95011901855469,64.8250961303711,58.13591003417969,55.253211975097656,52.06307601928711,50.11311721801758,42.17287826538086,8145.14306640625,111.90662384033203,70.17794799804688
935000,945001,17,3,252,228,0,19528.64453125,695.4224243164062,369.48724365234375,233.81182861328125,194.6880340576172,132.8372039794922,123.31341552734375,95.85418701171875,94.6362075805664,82.30541229248047,75.20269012451172,72.1815185546875,65.37328338623047,62.892478942871094,56.73573684692383,54.16531753540039,49.98618698120117,8209.6787109375,114.385009765625,79.80323028564453
935000,945001,17,3,252,228,1,19523.94921875,703.3865356445312,363.900634765625,245.03041076660156,193.58338928222656,142.6444854736328,132.76016235351562,99.56151580810547,89.86914825439453,79.14258575439453,77.38337707519531,73.69518280029297,66.37882995605469,62.09815979003906,55.46453857421875,53.59587097167969,46.75149154663086,8208.662109375,108.37705993652344,68.0262680053711
940000,950001,17,3,255,229,0,19412.03125,599.6082153320312,313.35247802734375,242.2725830078125,167.3914031982422,123.1769790649414,107.17874145507812,91.9000244140625,87.22810363769531,84.53530883789062,80.52041625976562,70.47953796386719,67.86366271972656,62.383262634277344,55.84273147583008,53.86025619506836,48.82930374145508,8187.03125,138.62591552734375,77.4472885131836
940000,950001,17,3,255,229,1,19425.888671875,605.24169921875,319.6361389160156,215.85116577148438,171.50784301757812,138.98606872558594,114.96234130859375,98.06920623779297,92.78585815429688,80.6693115234375,76.73320770263672,69.16191864013672,67.14163970947266,61.86515808105469,57.84666442871094,54.95391082763672,51.12238693237305,8195.09765625,129.9812774658203,65.4430923461914
945000,955001,17,3,249,219,0,19532.142578125,708.1634521484375,378.7745361328125,233.06243896484375,162.3447723388672,146.03265380859375,112.88153839111328,100.9312515258789,98.10296630859375,88.16876983642578,77.68567657470703,73.98408508300781,70.15487670898438,60.923431396484375,58.11100387573242,53.65311813354492,50.54634475708008,8241.42578125,132.75961303710938,89.92640686035156
945000,955001,17,3,249,219,1,19479.068359375,715.92919921875,380.3795166015625,227.451904296875,170.2159423828125,154.23695373535156,134.6636505126953,104.5965576171875,101.5528564453125,86.34284973144531,81.47400665283203,73.77467346191406,67.78092193603516,63.510066986083984,59.27408981323242,52.33763885498047,49.31046676635742,8221.162109375,153.2521209716797,76.86045837402344
950000,960001,17,3,250,217,0,19733.19140625,819.928955078125,329.59124755859375,298.92584228515625,187.2437286376953,157.11940002441406,127.10611724853516,110.18943786621094,93.11302185058594,85.94560241699219,81.94844055175781,70.48272705078125,68.32470703125,66.7437515258789,58.52756881713867,56.10000228881836,52.57008361816406,8261.4443359375,177.16969299316406,88.79759216308594
950000,960001,17,3,250,217,1,19744.4375,812.7326049804688,360.7458801269531,294.9103698730469,180.65090942382812,147.82952880859375,118.50543212890625,102.93920135498047,96.00151062011719,82.83209991455078,77.07530212402344,69.83584594726562,63.769691467285156,58.643463134765625,53.48298263549805,52.06758117675781,49.32920455932617,8258.439453125,184.08628845214844,72.64738464355469
955000,965001,17,3,250,211,0,19898.490234375,678.9596557617188,365.2168273925781,228.6831512451172,179.82164001464844,152.05799865722656,112.22826385498047,90.94853210449219,87.90959167480469,79.70816040039062,70.87361145019531,66.93562316894531,60.3330192565918,56.92393493652344,53.20490264892578,50.18250274658203,48.11074447631836,8352.2314453125,161.94007873535156,69.11279296875
955000,965001,17,3,250,211,1,19934.0546875,684.682861328125,354.3480529785156,249.62222290039062,187.17538452148438,142.8849334716797,113.05218505859375,100.57097625732422,85.85816192626953,78.61723327636719,77.7308349609375,70.6097412109375,68.50214385986328,61.92668914794922,56.83565902709961,51.12773513793945,45.333106994628906,8368.47265625,178.87643432617188,88.05548095703125
960000,970001,17,3,253,222,0,19364.962890625,1216.307861328125,584.8679809570312,264.4060363769531,221.79415893554688,150.9172821044922,134.2867889404297,120.32032775878906,90.29277801513672,82.32622528076172,76.5072021484375,72.49903869628906,70.92050170898438,64.52075958251953,57.118011474609375,53.88652038574219,47.52400207519531,8130.5927734375,198.80462646484375,98.01954650878906
960000,970001,17,3,253,222,1,19382.837890625,1201.657470703125,577.2699584960938,258.3156433105469,223.87420654296875,159.90469360351562,149.57894897460938,118.4955062866211,96.0167007446289,83.16462707519531,77.16255950927734,67.64202880859375,65.39885711669922,56.98507308959961,54.081634521484375,49.57524871826172,41.52235794067383,8133.83154296875,186.17897033691406,96.13700866699219
965000,975001,17,3,249,218,0,19955.095703125,567.5661010742188,327.5549011230469,224.4035186767578,186.93984985351562,117.09657287597656,107.28097534179688,87.85762786865234,83.27666473388672,73.12483215332031,71.05229949951172,65.0351791381836,56.408851623535156,55.54874038696289,53.368839263916016,49.62779998779297,48.603904724121094,8443.3642578125,147.17005920410156,65.38433074951172
965000,975001,17,3,249,218,1,20010.818359375,579.1758422851562,329.0533752441406,214.93141174316406,189.1247100830078,129.0699462890625,102.54317474365234,88.94278717041016,81.25396728515625,72.2403793334961,68.86028289794922,63.80342102050781,60.70384979248047,58.670387268066406,54.350616455078125,50.43792724609375,43.92200469970703,8468.7666015625,131.44699096679688,76.03775787353516
970000,980001,17,3,247,217,0,19624.201171875,822.0781860351562,369.8039855957031,287.20465087890625,150.19683837890625,133.29916381835938,127.58391571044922,99.88290405273438,88.85246276855469,77.41058349609375,70.17434692382812,66.27871704101562,60.27771759033203,56.59349822998047,52.68504333496094,50.57982635498047,45.35342788696289,8280.2470703125,156.8064727783203,70.57205200195312
970000,980001,17,3,247,217,1,19641.63671875,814.1944580078125,371.034423828125,275.6194152832031,168.09066772460938,128.1074981689453,111.41476440429688,91.190673828125,82.57778930664062,78.85245513916016,71.50419616699219,67.07254791259766,64.9834976196289,61.0645637512207,56.01941680908203,47.1208610534668,41.54780197143555,8284.6455078125,136.85060119628906,65.23456573486328
975000,985001,17,3,252,228,0,19949.962890625,715.6435546875,323.2688293457031,245.29115295410156,168.9730224609375,135.22752380371094,123.38919067382812,104.9432373046875,87.92850494384766,82.50118255615234,72.91499328613281,69.70964813232422,67.17430877685547,59.95290756225586,58.04510498046875,56.53029251098633,50.709556579589844,8360.052734375,121.17090606689453,79.23731231689453
975000,985001,17,3,252,228,1,19962.59375,717.4882202148438,327.1099853515625,244.84881591796875,168.60508728027344,143.50827026367188,118.82210540771484,98.37570190429688,90.7488021850586,85.86113739013672,79.1015853881836,73.00115966796875,66.83903503417969,61.07117462158203,58.99319076538086,56.6580924987793,48.492958068847656,8369.3359375,116.72968292236328,76.0816650390625
980000,990001,17,3,248,220,0,19643.23046875,1089.3585205078125,413.9284973144531,277.8563232421875,191.35423278808594,146.24876403808594,130.33035278320312,103.47332000732422,93.77738952636719,78.08430480957031,76.0318832397461,68.71459197998047,64.2548828125,60.60744857788086,56.588279724121094,50.80684280395508,43.7880973815918,8244.283203125,145.30982971191406,79.75497436523438
980000,990001,17,3,248,220,1,19631.865234375,1056.4300537109375,390.034423828125,254.92819213867188,180.2689208984375,151.78024291992188,135.4871063232422,115.80175018310547,101.67948913574219,88.52149200439453,79.49557495117188,75.5546646118164,68.97712707519531,65.84205627441406,55.21170425415039,48.98211669921875,45.49958419799805,8233.974609375,137.38128662109375,95.3381576538086
985000,995001,17,3,249,220,0,19890.39453125,534.0408325195312,290.962646484375,184.4696044921875,141.2821502685547,105.75730895996094,93.9077377319336,91.16397857666016,75.2219009399414,70.25162506103516,66.75151824951172,60.11302185058594,55.74962615966797,52.71464920043945,48.770694732666016,46.364768981933594,44.26252365112305,8361.6728515625,132.3489532470703,54.42097091674805
985000,995001,17,3,249,220,1,19901.021484375,531.8450927734375,294.865234375,187.56280517578125,146.87696838378906,103.08042907714844,97.49754333496094,79.1494369506836,75.27301025390625,69.14823913574219,66.92424011230469,58.97605895996094,55.5826301574707,53.57663345336914,48.9438362121582,48.494483947753906,39.23615646362305,8360.7822265625,125.89820861816406,64.75273132324219
